solid cvwt_tube_solid
facet normal 0.000000e+00 0.000000e+00 -1.000000e+00
 outer loop
  vertex 1.0000000e-02 0.0000000e+00 5.8000000e-02
  vertex 1.1985545e-02 5.8881209e-04 5.8000000e-02
  vertex 1.2000000e-02 0.0000000e+00 5.8000000e-02
 endloop
endfacet
facet normal 0.000000e+00 0.000000e+00 -1.000000e+00
 outer loop
  vertex 1.0000000e-02 0.0000000e+00 5.8000000e-02
  vertex 9.9879546e-03 4.9067674e-04 5.8000000e-02
  vertex 1.1985545e-02 5.8881209e-04 5.8000000e-02
 endloop
endfacet
facet normal 0.000000e+00 0.000000e+00 -1.000000e+00
 outer loop
  vertex 9.9879546e-03 4.9067674e-04 5.8000000e-02
  vertex 1.1942217e-02 1.1762057e-03 5.8000000e-02
  vertex 1.1985545e-02 5.8881209e-04 5.8000000e-02
 endloop
endfacet
facet normal 0.000000e+00 0.000000e+00 -1.000000e+00
 outer loop
  vertex 9.9879546e-03 4.9067674e-04 5.8000000e-02
  vertex 9.9518473e-03 9.8017140e-04 5.8000000e-02
  vertex 1.1942217e-02 1.1762057e-03 5.8000000e-02
 endloop
endfacet
facet normal 0.000000e+00 0.000000e+00 -1.000000e+00
 outer loop
  vertex 9.9518473e-03 9.8017140e-04 5.8000000e-02
  vertex 1.1870118e-02 1.7607657e-03 5.8000000e-02
  vertex 1.1942217e-02 1.1762057e-03 5.8000000e-02
 endloop
endfacet
facet normal 0.000000e+00 0.000000e+00 -1.000000e+00
 outer loop
  vertex 9.9518473e-03 9.8017140e-04 5.8000000e-02
  vertex 9.8917651e-03 1.4673047e-03 5.8000000e-02
  vertex 1.1870118e-02 1.7607657e-03 5.8000000e-02
 endloop
endfacet
facet normal 0.000000e+00 0.000000e+00 -1.000000e+00
 outer loop
  vertex 9.8917651e-03 1.4673047e-03 5.8000000e-02
  vertex 1.1769423e-02 2.3410839e-03 5.8000000e-02
  vertex 1.1870118e-02 1.7607657e-03 5.8000000e-02
 endloop
endfacet
facet normal 0.000000e+00 0.000000e+00 -1.000000e+00
 outer loop
  vertex 9.8917651e-03 1.4673047e-03 5.8000000e-02
  vertex 9.8078528e-03 1.9509032e-03 5.8000000e-02
  vertex 1.1769423e-02 2.3410839e-03 5.8000000e-02
 endloop
endfacet
facet normal 0.000000e+00 0.000000e+00 -1.000000e+00
 outer loop
  vertex 9.8078528e-03 1.9509032e-03 5.8000000e-02
  vertex 1.1640375e-02 2.9157622e-03 5.8000000e-02
  vertex 1.1769423e-02 2.3410839e-03 5.8000000e-02
 endloop
endfacet
facet normal 0.000000e+00 0.000000e+00 -1.000000e+00
 outer loop
  vertex 9.8078528e-03 1.9509032e-03 5.8000000e-02
  vertex 9.7003125e-03 2.4298018e-03 5.8000000e-02
  vertex 1.1640375e-02 2.9157622e-03 5.8000000e-02
 endloop
endfacet
facet normal 0.000000e+00 0.000000e+00 -1.000000e+00
 outer loop
  vertex 9.7003125e-03 2.4298018e-03 5.8000000e-02
  vertex 1.1483284e-02 3.4834161e-03 5.8000000e-02
  vertex 1.1640375e-02 2.9157622e-03 5.8000000e-02
 endloop
endfacet
facet normal 0.000000e+00 0.000000e+00 -1.000000e+00
 outer loop
  vertex 9.7003125e-03 2.4298018e-03 5.8000000e-02
  vertex 9.5694034e-03 2.9028468e-03 5.8000000e-02
  vertex 1.1483284e-02 3.4834161e-03 5.8000000e-02
 endloop
endfacet
facet normal 0.000000e+00 0.000000e+00 -1.000000e+00
 outer loop
  vertex 9.5694034e-03 2.9028468e-03 5.8000000e-02
  vertex 1.1298529e-02 4.0426782e-03 5.8000000e-02
  vertex 1.1483284e-02 3.4834161e-03 5.8000000e-02
 endloop
endfacet
facet normal 0.000000e+00 0.000000e+00 -1.000000e+00
 outer loop
  vertex 9.5694034e-03 2.9028468e-03 5.8000000e-02
  vertex 9.4154407e-03 3.3688985e-03 5.8000000e-02
  vertex 1.1298529e-02 4.0426782e-03 5.8000000e-02
 endloop
endfacet
facet normal 0.000000e+00 0.000000e+00 -1.000000e+00
 outer loop
  vertex 9.4154407e-03 3.3688985e-03 5.8000000e-02
  vertex 1.1086554e-02 4.5922012e-03 5.8000000e-02
  vertex 1.1298529e-02 4.0426782e-03 5.8000000e-02
 endloop
endfacet
facet normal 0.000000e+00 0.000000e+00 -1.000000e+00
 outer loop
  vertex 9.4154407e-03 3.3688985e-03 5.8000000e-02
  vertex 9.2387953e-03 3.8268343e-03 5.8000000e-02
  vertex 1.1086554e-02 4.5922012e-03 5.8000000e-02
 endloop
endfacet
facet normal 0.000000e+00 0.000000e+00 -1.000000e+00
 outer loop
  vertex 9.2387953e-03 3.8268343e-03 5.8000000e-02
  vertex 1.0847872e-02 5.1306611e-03 5.8000000e-02
  vertex 1.1086554e-02 4.5922012e-03 5.8000000e-02
 endloop
endfacet
facet normal 0.000000e+00 0.000000e+00 -1.000000e+00
 outer loop
  vertex 9.2387953e-03 3.8268343e-03 5.8000000e-02
  vertex 9.0398929e-03 4.2755509e-03 5.8000000e-02
  vertex 1.0847872e-02 5.1306611e-03 5.8000000e-02
 endloop
endfacet
facet normal 0.000000e+00 0.000000e+00 -1.000000e+00
 outer loop
  vertex 9.0398929e-03 4.2755509e-03 5.8000000e-02
  vertex 1.0583055e-02 5.6567608e-03 5.8000000e-02
  vertex 1.0847872e-02 5.1306611e-03 5.8000000e-02
 endloop
endfacet
facet normal 0.000000e+00 0.000000e+00 -1.000000e+00
 outer loop
  vertex 9.0398929e-03 4.2755509e-03 5.8000000e-02
  vertex 8.8192126e-03 4.7139674e-03 5.8000000e-02
  vertex 1.0583055e-02 5.6567608e-03 5.8000000e-02
 endloop
endfacet
facet normal 0.000000e+00 0.000000e+00 -1.000000e+00
 outer loop
  vertex 8.8192126e-03 4.7139674e-03 5.8000000e-02
  vertex 1.0292743e-02 6.1692329e-03 5.8000000e-02
  vertex 1.0583055e-02 5.6567608e-03 5.8000000e-02
 endloop
endfacet
facet normal 0.000000e+00 0.000000e+00 -1.000000e+00
 outer loop
  vertex 8.8192126e-03 4.7139674e-03 5.8000000e-02
  vertex 8.5772861e-03 5.1410274e-03 5.8000000e-02
  vertex 1.0292743e-02 6.1692329e-03 5.8000000e-02
 endloop
endfacet
facet normal 0.000000e+00 0.000000e+00 -1.000000e+00
 outer loop
  vertex 8.5772861e-03 5.1410274e-03 5.8000000e-02
  vertex 9.9776353e-03 6.6668428e-03 5.8000000e-02
  vertex 1.0292743e-02 6.1692329e-03 5.8000000e-02
 endloop
endfacet
facet normal 0.000000e+00 0.000000e+00 -1.000000e+00
 outer loop
  vertex 8.5772861e-03 5.1410274e-03 5.8000000e-02
  vertex 8.3146961e-03 5.5557023e-03 5.8000000e-02
  vertex 9.9776353e-03 6.6668428e-03 5.8000000e-02
 endloop
endfacet
facet normal 0.000000e+00 0.000000e+00 -1.000000e+00
 outer loop
  vertex 8.3146961e-03 5.5557023e-03 5.8000000e-02
  vertex 9.6384904e-03 7.1483917e-03 5.8000000e-02
  vertex 9.9776353e-03 6.6668428e-03 5.8000000e-02
 endloop
endfacet
facet normal 0.000000e+00 0.000000e+00 -1.000000e+00
 outer loop
  vertex 8.3146961e-03 5.5557023e-03 5.8000000e-02
  vertex 8.0320753e-03 5.9569930e-03 5.8000000e-02
  vertex 9.6384904e-03 7.1483917e-03 5.8000000e-02
 endloop
endfacet
facet normal 0.000000e+00 0.000000e+00 -1.000000e+00
 outer loop
  vertex 8.0320753e-03 5.9569930e-03 5.8000000e-02
  vertex 9.2761254e-03 7.6127194e-03 5.8000000e-02
  vertex 9.6384904e-03 7.1483917e-03 5.8000000e-02
 endloop
endfacet
facet normal 0.000000e+00 0.000000e+00 -1.000000e+00
 outer loop
  vertex 8.0320753e-03 5.9569930e-03 5.8000000e-02
  vertex 7.7301045e-03 6.3439328e-03 5.8000000e-02
  vertex 9.2761254e-03 7.6127194e-03 5.8000000e-02
 endloop
endfacet
facet normal 0.000000e+00 0.000000e+00 -1.000000e+00
 outer loop
  vertex 7.7301045e-03 6.3439328e-03 5.8000000e-02
  vertex 8.8914135e-03 8.0587075e-03 5.8000000e-02
  vertex 9.2761254e-03 7.6127194e-03 5.8000000e-02
 endloop
endfacet
facet normal 0.000000e+00 0.000000e+00 -1.000000e+00
 outer loop
  vertex 7.7301045e-03 6.3439328e-03 5.8000000e-02
  vertex 7.4095113e-03 6.7155895e-03 5.8000000e-02
  vertex 8.8914135e-03 8.0587075e-03 5.8000000e-02
 endloop
endfacet
facet normal 0.000000e+00 0.000000e+00 -1.000000e+00
 outer loop
  vertex 7.4095113e-03 6.7155895e-03 5.8000000e-02
  vertex 8.4852814e-03 8.4852814e-03 5.8000000e-02
  vertex 8.8914135e-03 8.0587075e-03 5.8000000e-02
 endloop
endfacet
facet normal 0.000000e+00 0.000000e+00 -1.000000e+00
 outer loop
  vertex 7.4095113e-03 6.7155895e-03 5.8000000e-02
  vertex 7.0710678e-03 7.0710678e-03 5.8000000e-02
  vertex 8.4852814e-03 8.4852814e-03 5.8000000e-02
 endloop
endfacet
facet normal 0.000000e+00 0.000000e+00 -1.000000e+00
 outer loop
  vertex 7.0710678e-03 7.0710678e-03 5.8000000e-02
  vertex 8.0587075e-03 8.8914135e-03 5.8000000e-02
  vertex 8.4852814e-03 8.4852814e-03 5.8000000e-02
 endloop
endfacet
facet normal 0.000000e+00 0.000000e+00 -1.000000e+00
 outer loop
  vertex 7.0710678e-03 7.0710678e-03 5.8000000e-02
  vertex 6.7155895e-03 7.4095113e-03 5.8000000e-02
  vertex 8.0587075e-03 8.8914135e-03 5.8000000e-02
 endloop
endfacet
facet normal 0.000000e+00 0.000000e+00 -1.000000e+00
 outer loop
  vertex 6.7155895e-03 7.4095113e-03 5.8000000e-02
  vertex 7.6127194e-03 9.2761254e-03 5.8000000e-02
  vertex 8.0587075e-03 8.8914135e-03 5.8000000e-02
 endloop
endfacet
facet normal 0.000000e+00 0.000000e+00 -1.000000e+00
 outer loop
  vertex 6.7155895e-03 7.4095113e-03 5.8000000e-02
  vertex 6.3439328e-03 7.7301045e-03 5.8000000e-02
  vertex 7.6127194e-03 9.2761254e-03 5.8000000e-02
 endloop
endfacet
facet normal 0.000000e+00 0.000000e+00 -1.000000e+00
 outer loop
  vertex 6.3439328e-03 7.7301045e-03 5.8000000e-02
  vertex 7.1483917e-03 9.6384904e-03 5.8000000e-02
  vertex 7.6127194e-03 9.2761254e-03 5.8000000e-02
 endloop
endfacet
facet normal 0.000000e+00 0.000000e+00 -1.000000e+00
 outer loop
  vertex 6.3439328e-03 7.7301045e-03 5.8000000e-02
  vertex 5.9569930e-03 8.0320753e-03 5.8000000e-02
  vertex 7.1483917e-03 9.6384904e-03 5.8000000e-02
 endloop
endfacet
facet normal 0.000000e+00 0.000000e+00 -1.000000e+00
 outer loop
  vertex 5.9569930e-03 8.0320753e-03 5.8000000e-02
  vertex 6.6668428e-03 9.9776353e-03 5.8000000e-02
  vertex 7.1483917e-03 9.6384904e-03 5.8000000e-02
 endloop
endfacet
facet normal 0.000000e+00 0.000000e+00 -1.000000e+00
 outer loop
  vertex 5.9569930e-03 8.0320753e-03 5.8000000e-02
  vertex 5.5557023e-03 8.3146961e-03 5.8000000e-02
  vertex 6.6668428e-03 9.9776353e-03 5.8000000e-02
 endloop
endfacet
facet normal 0.000000e+00 0.000000e+00 -1.000000e+00
 outer loop
  vertex 5.5557023e-03 8.3146961e-03 5.8000000e-02
  vertex 6.1692329e-03 1.0292743e-02 5.8000000e-02
  vertex 6.6668428e-03 9.9776353e-03 5.8000000e-02
 endloop
endfacet
facet normal 0.000000e+00 0.000000e+00 -1.000000e+00
 outer loop
  vertex 5.5557023e-03 8.3146961e-03 5.8000000e-02
  vertex 5.1410274e-03 8.5772861e-03 5.8000000e-02
  vertex 6.1692329e-03 1.0292743e-02 5.8000000e-02
 endloop
endfacet
facet normal 0.000000e+00 0.000000e+00 -1.000000e+00
 outer loop
  vertex 5.1410274e-03 8.5772861e-03 5.8000000e-02
  vertex 5.6567608e-03 1.0583055e-02 5.8000000e-02
  vertex 6.1692329e-03 1.0292743e-02 5.8000000e-02
 endloop
endfacet
facet normal 0.000000e+00 0.000000e+00 -1.000000e+00
 outer loop
  vertex 5.1410274e-03 8.5772861e-03 5.8000000e-02
  vertex 4.7139674e-03 8.8192126e-03 5.8000000e-02
  vertex 5.6567608e-03 1.0583055e-02 5.8000000e-02
 endloop
endfacet
facet normal 0.000000e+00 0.000000e+00 -1.000000e+00
 outer loop
  vertex 4.7139674e-03 8.8192126e-03 5.8000000e-02
  vertex 5.1306611e-03 1.0847872e-02 5.8000000e-02
  vertex 5.6567608e-03 1.0583055e-02 5.8000000e-02
 endloop
endfacet
facet normal 0.000000e+00 0.000000e+00 -1.000000e+00
 outer loop
  vertex 4.7139674e-03 8.8192126e-03 5.8000000e-02
  vertex 4.2755509e-03 9.0398929e-03 5.8000000e-02
  vertex 5.1306611e-03 1.0847872e-02 5.8000000e-02
 endloop
endfacet
facet normal 0.000000e+00 0.000000e+00 -1.000000e+00
 outer loop
  vertex 4.2755509e-03 9.0398929e-03 5.8000000e-02
  vertex 4.5922012e-03 1.1086554e-02 5.8000000e-02
  vertex 5.1306611e-03 1.0847872e-02 5.8000000e-02
 endloop
endfacet
facet normal 0.000000e+00 0.000000e+00 -1.000000e+00
 outer loop
  vertex 4.2755509e-03 9.0398929e-03 5.8000000e-02
  vertex 3.8268343e-03 9.2387953e-03 5.8000000e-02
  vertex 4.5922012e-03 1.1086554e-02 5.8000000e-02
 endloop
endfacet
facet normal 0.000000e+00 0.000000e+00 -1.000000e+00
 outer loop
  vertex 3.8268343e-03 9.2387953e-03 5.8000000e-02
  vertex 4.0426782e-03 1.1298529e-02 5.8000000e-02
  vertex 4.5922012e-03 1.1086554e-02 5.8000000e-02
 endloop
endfacet
facet normal 0.000000e+00 0.000000e+00 -1.000000e+00
 outer loop
  vertex 3.8268343e-03 9.2387953e-03 5.8000000e-02
  vertex 3.3688985e-03 9.4154407e-03 5.8000000e-02
  vertex 4.0426782e-03 1.1298529e-02 5.8000000e-02
 endloop
endfacet
facet normal 0.000000e+00 0.000000e+00 -1.000000e+00
 outer loop
  vertex 3.3688985e-03 9.4154407e-03 5.8000000e-02
  vertex 3.4834161e-03 1.1483284e-02 5.8000000e-02
  vertex 4.0426782e-03 1.1298529e-02 5.8000000e-02
 endloop
endfacet
facet normal 0.000000e+00 0.000000e+00 -1.000000e+00
 outer loop
  vertex 3.3688985e-03 9.4154407e-03 5.8000000e-02
  vertex 2.9028468e-03 9.5694034e-03 5.8000000e-02
  vertex 3.4834161e-03 1.1483284e-02 5.8000000e-02
 endloop
endfacet
facet normal 0.000000e+00 0.000000e+00 -1.000000e+00
 outer loop
  vertex 2.9028468e-03 9.5694034e-03 5.8000000e-02
  vertex 2.9157622e-03 1.1640375e-02 5.8000000e-02
  vertex 3.4834161e-03 1.1483284e-02 5.8000000e-02
 endloop
endfacet
facet normal 0.000000e+00 0.000000e+00 -1.000000e+00
 outer loop
  vertex 2.9028468e-03 9.5694034e-03 5.8000000e-02
  vertex 2.4298018e-03 9.7003125e-03 5.8000000e-02
  vertex 2.9157622e-03 1.1640375e-02 5.8000000e-02
 endloop
endfacet
facet normal 0.000000e+00 0.000000e+00 -1.000000e+00
 outer loop
  vertex 2.4298018e-03 9.7003125e-03 5.8000000e-02
  vertex 2.3410839e-03 1.1769423e-02 5.8000000e-02
  vertex 2.9157622e-03 1.1640375e-02 5.8000000e-02
 endloop
endfacet
facet normal 0.000000e+00 0.000000e+00 -1.000000e+00
 outer loop
  vertex 2.4298018e-03 9.7003125e-03 5.8000000e-02
  vertex 1.9509032e-03 9.8078528e-03 5.8000000e-02
  vertex 2.3410839e-03 1.1769423e-02 5.8000000e-02
 endloop
endfacet
facet normal 0.000000e+00 0.000000e+00 -1.000000e+00
 outer loop
  vertex 1.9509032e-03 9.8078528e-03 5.8000000e-02
  vertex 1.7607657e-03 1.1870118e-02 5.8000000e-02
  vertex 2.3410839e-03 1.1769423e-02 5.8000000e-02
 endloop
endfacet
facet normal 0.000000e+00 0.000000e+00 -1.000000e+00
 outer loop
  vertex 1.9509032e-03 9.8078528e-03 5.8000000e-02
  vertex 1.4673047e-03 9.8917651e-03 5.8000000e-02
  vertex 1.7607657e-03 1.1870118e-02 5.8000000e-02
 endloop
endfacet
facet normal 0.000000e+00 0.000000e+00 -1.000000e+00
 outer loop
  vertex 1.4673047e-03 9.8917651e-03 5.8000000e-02
  vertex 1.1762057e-03 1.1942217e-02 5.8000000e-02
  vertex 1.7607657e-03 1.1870118e-02 5.8000000e-02
 endloop
endfacet
facet normal 0.000000e+00 0.000000e+00 -1.000000e+00
 outer loop
  vertex 1.4673047e-03 9.8917651e-03 5.8000000e-02
  vertex 9.8017140e-04 9.9518473e-03 5.8000000e-02
  vertex 1.1762057e-03 1.1942217e-02 5.8000000e-02
 endloop
endfacet
facet normal 0.000000e+00 0.000000e+00 -1.000000e+00
 outer loop
  vertex 9.8017140e-04 9.9518473e-03 5.8000000e-02
  vertex 5.8881209e-04 1.1985545e-02 5.8000000e-02
  vertex 1.1762057e-03 1.1942217e-02 5.8000000e-02
 endloop
endfacet
facet normal 0.000000e+00 0.000000e+00 -1.000000e+00
 outer loop
  vertex 9.8017140e-04 9.9518473e-03 5.8000000e-02
  vertex 4.9067674e-04 9.9879546e-03 5.8000000e-02
  vertex 5.8881209e-04 1.1985545e-02 5.8000000e-02
 endloop
endfacet
facet normal 0.000000e+00 0.000000e+00 -1.000000e+00
 outer loop
  vertex 4.9067674e-04 9.9879546e-03 5.8000000e-02
  vertex 7.3478808e-19 1.2000000e-02 5.8000000e-02
  vertex 5.8881209e-04 1.1985545e-02 5.8000000e-02
 endloop
endfacet
facet normal 0.000000e+00 0.000000e+00 -1.000000e+00
 outer loop
  vertex 4.9067674e-04 9.9879546e-03 5.8000000e-02
  vertex 6.1232340e-19 1.0000000e-02 5.8000000e-02
  vertex 7.3478808e-19 1.2000000e-02 5.8000000e-02
 endloop
endfacet
facet normal 0.000000e+00 0.000000e+00 -1.000000e+00
 outer loop
  vertex 6.1232340e-19 1.0000000e-02 5.8000000e-02
  vertex -5.8881209e-04 1.1985545e-02 5.8000000e-02
  vertex 7.3478808e-19 1.2000000e-02 5.8000000e-02
 endloop
endfacet
facet normal -0.000000e+00 0.000000e+00 -1.000000e+00
 outer loop
  vertex 6.1232340e-19 1.0000000e-02 5.8000000e-02
  vertex -4.9067674e-04 9.9879546e-03 5.8000000e-02
  vertex -5.8881209e-04 1.1985545e-02 5.8000000e-02
 endloop
endfacet
facet normal 0.000000e+00 0.000000e+00 -1.000000e+00
 outer loop
  vertex -4.9067674e-04 9.9879546e-03 5.8000000e-02
  vertex -1.1762057e-03 1.1942217e-02 5.8000000e-02
  vertex -5.8881209e-04 1.1985545e-02 5.8000000e-02
 endloop
endfacet
facet normal -0.000000e+00 0.000000e+00 -1.000000e+00
 outer loop
  vertex -4.9067674e-04 9.9879546e-03 5.8000000e-02
  vertex -9.8017140e-04 9.9518473e-03 5.8000000e-02
  vertex -1.1762057e-03 1.1942217e-02 5.8000000e-02
 endloop
endfacet
facet normal 0.000000e+00 0.000000e+00 -1.000000e+00
 outer loop
  vertex -9.8017140e-04 9.9518473e-03 5.8000000e-02
  vertex -1.7607657e-03 1.1870118e-02 5.8000000e-02
  vertex -1.1762057e-03 1.1942217e-02 5.8000000e-02
 endloop
endfacet
facet normal -0.000000e+00 0.000000e+00 -1.000000e+00
 outer loop
  vertex -9.8017140e-04 9.9518473e-03 5.8000000e-02
  vertex -1.4673047e-03 9.8917651e-03 5.8000000e-02
  vertex -1.7607657e-03 1.1870118e-02 5.8000000e-02
 endloop
endfacet
facet normal 0.000000e+00 0.000000e+00 -1.000000e+00
 outer loop
  vertex -1.4673047e-03 9.8917651e-03 5.8000000e-02
  vertex -2.3410839e-03 1.1769423e-02 5.8000000e-02
  vertex -1.7607657e-03 1.1870118e-02 5.8000000e-02
 endloop
endfacet
facet normal -0.000000e+00 0.000000e+00 -1.000000e+00
 outer loop
  vertex -1.4673047e-03 9.8917651e-03 5.8000000e-02
  vertex -1.9509032e-03 9.8078528e-03 5.8000000e-02
  vertex -2.3410839e-03 1.1769423e-02 5.8000000e-02
 endloop
endfacet
facet normal 0.000000e+00 0.000000e+00 -1.000000e+00
 outer loop
  vertex -1.9509032e-03 9.8078528e-03 5.8000000e-02
  vertex -2.9157622e-03 1.1640375e-02 5.8000000e-02
  vertex -2.3410839e-03 1.1769423e-02 5.8000000e-02
 endloop
endfacet
facet normal -0.000000e+00 0.000000e+00 -1.000000e+00
 outer loop
  vertex -1.9509032e-03 9.8078528e-03 5.8000000e-02
  vertex -2.4298018e-03 9.7003125e-03 5.8000000e-02
  vertex -2.9157622e-03 1.1640375e-02 5.8000000e-02
 endloop
endfacet
facet normal 0.000000e+00 0.000000e+00 -1.000000e+00
 outer loop
  vertex -2.4298018e-03 9.7003125e-03 5.8000000e-02
  vertex -3.4834161e-03 1.1483284e-02 5.8000000e-02
  vertex -2.9157622e-03 1.1640375e-02 5.8000000e-02
 endloop
endfacet
facet normal -0.000000e+00 0.000000e+00 -1.000000e+00
 outer loop
  vertex -2.4298018e-03 9.7003125e-03 5.8000000e-02
  vertex -2.9028468e-03 9.5694034e-03 5.8000000e-02
  vertex -3.4834161e-03 1.1483284e-02 5.8000000e-02
 endloop
endfacet
facet normal 0.000000e+00 0.000000e+00 -1.000000e+00
 outer loop
  vertex -2.9028468e-03 9.5694034e-03 5.8000000e-02
  vertex -4.0426782e-03 1.1298529e-02 5.8000000e-02
  vertex -3.4834161e-03 1.1483284e-02 5.8000000e-02
 endloop
endfacet
facet normal -0.000000e+00 0.000000e+00 -1.000000e+00
 outer loop
  vertex -2.9028468e-03 9.5694034e-03 5.8000000e-02
  vertex -3.3688985e-03 9.4154407e-03 5.8000000e-02
  vertex -4.0426782e-03 1.1298529e-02 5.8000000e-02
 endloop
endfacet
facet normal 0.000000e+00 0.000000e+00 -1.000000e+00
 outer loop
  vertex -3.3688985e-03 9.4154407e-03 5.8000000e-02
  vertex -4.5922012e-03 1.1086554e-02 5.8000000e-02
  vertex -4.0426782e-03 1.1298529e-02 5.8000000e-02
 endloop
endfacet
facet normal -0.000000e+00 0.000000e+00 -1.000000e+00
 outer loop
  vertex -3.3688985e-03 9.4154407e-03 5.8000000e-02
  vertex -3.8268343e-03 9.2387953e-03 5.8000000e-02
  vertex -4.5922012e-03 1.1086554e-02 5.8000000e-02
 endloop
endfacet
facet normal 0.000000e+00 0.000000e+00 -1.000000e+00
 outer loop
  vertex -3.8268343e-03 9.2387953e-03 5.8000000e-02
  vertex -5.1306611e-03 1.0847872e-02 5.8000000e-02
  vertex -4.5922012e-03 1.1086554e-02 5.8000000e-02
 endloop
endfacet
facet normal -0.000000e+00 0.000000e+00 -1.000000e+00
 outer loop
  vertex -3.8268343e-03 9.2387953e-03 5.8000000e-02
  vertex -4.2755509e-03 9.0398929e-03 5.8000000e-02
  vertex -5.1306611e-03 1.0847872e-02 5.8000000e-02
 endloop
endfacet
facet normal 0.000000e+00 0.000000e+00 -1.000000e+00
 outer loop
  vertex -4.2755509e-03 9.0398929e-03 5.8000000e-02
  vertex -5.6567608e-03 1.0583055e-02 5.8000000e-02
  vertex -5.1306611e-03 1.0847872e-02 5.8000000e-02
 endloop
endfacet
facet normal -0.000000e+00 0.000000e+00 -1.000000e+00
 outer loop
  vertex -4.2755509e-03 9.0398929e-03 5.8000000e-02
  vertex -4.7139674e-03 8.8192126e-03 5.8000000e-02
  vertex -5.6567608e-03 1.0583055e-02 5.8000000e-02
 endloop
endfacet
facet normal 0.000000e+00 0.000000e+00 -1.000000e+00
 outer loop
  vertex -4.7139674e-03 8.8192126e-03 5.8000000e-02
  vertex -6.1692329e-03 1.0292743e-02 5.8000000e-02
  vertex -5.6567608e-03 1.0583055e-02 5.8000000e-02
 endloop
endfacet
facet normal -0.000000e+00 0.000000e+00 -1.000000e+00
 outer loop
  vertex -4.7139674e-03 8.8192126e-03 5.8000000e-02
  vertex -5.1410274e-03 8.5772861e-03 5.8000000e-02
  vertex -6.1692329e-03 1.0292743e-02 5.8000000e-02
 endloop
endfacet
facet normal 0.000000e+00 0.000000e+00 -1.000000e+00
 outer loop
  vertex -5.1410274e-03 8.5772861e-03 5.8000000e-02
  vertex -6.6668428e-03 9.9776353e-03 5.8000000e-02
  vertex -6.1692329e-03 1.0292743e-02 5.8000000e-02
 endloop
endfacet
facet normal -0.000000e+00 0.000000e+00 -1.000000e+00
 outer loop
  vertex -5.1410274e-03 8.5772861e-03 5.8000000e-02
  vertex -5.5557023e-03 8.3146961e-03 5.8000000e-02
  vertex -6.6668428e-03 9.9776353e-03 5.8000000e-02
 endloop
endfacet
facet normal 0.000000e+00 0.000000e+00 -1.000000e+00
 outer loop
  vertex -5.5557023e-03 8.3146961e-03 5.8000000e-02
  vertex -7.1483917e-03 9.6384904e-03 5.8000000e-02
  vertex -6.6668428e-03 9.9776353e-03 5.8000000e-02
 endloop
endfacet
facet normal -0.000000e+00 0.000000e+00 -1.000000e+00
 outer loop
  vertex -5.5557023e-03 8.3146961e-03 5.8000000e-02
  vertex -5.9569930e-03 8.0320753e-03 5.8000000e-02
  vertex -7.1483917e-03 9.6384904e-03 5.8000000e-02
 endloop
endfacet
facet normal 0.000000e+00 0.000000e+00 -1.000000e+00
 outer loop
  vertex -5.9569930e-03 8.0320753e-03 5.8000000e-02
  vertex -7.6127194e-03 9.2761254e-03 5.8000000e-02
  vertex -7.1483917e-03 9.6384904e-03 5.8000000e-02
 endloop
endfacet
facet normal -0.000000e+00 0.000000e+00 -1.000000e+00
 outer loop
  vertex -5.9569930e-03 8.0320753e-03 5.8000000e-02
  vertex -6.3439328e-03 7.7301045e-03 5.8000000e-02
  vertex -7.6127194e-03 9.2761254e-03 5.8000000e-02
 endloop
endfacet
facet normal 0.000000e+00 0.000000e+00 -1.000000e+00
 outer loop
  vertex -6.3439328e-03 7.7301045e-03 5.8000000e-02
  vertex -8.0587075e-03 8.8914135e-03 5.8000000e-02
  vertex -7.6127194e-03 9.2761254e-03 5.8000000e-02
 endloop
endfacet
facet normal -0.000000e+00 0.000000e+00 -1.000000e+00
 outer loop
  vertex -6.3439328e-03 7.7301045e-03 5.8000000e-02
  vertex -6.7155895e-03 7.4095113e-03 5.8000000e-02
  vertex -8.0587075e-03 8.8914135e-03 5.8000000e-02
 endloop
endfacet
facet normal 0.000000e+00 0.000000e+00 -1.000000e+00
 outer loop
  vertex -6.7155895e-03 7.4095113e-03 5.8000000e-02
  vertex -8.4852814e-03 8.4852814e-03 5.8000000e-02
  vertex -8.0587075e-03 8.8914135e-03 5.8000000e-02
 endloop
endfacet
facet normal -0.000000e+00 0.000000e+00 -1.000000e+00
 outer loop
  vertex -6.7155895e-03 7.4095113e-03 5.8000000e-02
  vertex -7.0710678e-03 7.0710678e-03 5.8000000e-02
  vertex -8.4852814e-03 8.4852814e-03 5.8000000e-02
 endloop
endfacet
facet normal 0.000000e+00 0.000000e+00 -1.000000e+00
 outer loop
  vertex -7.0710678e-03 7.0710678e-03 5.8000000e-02
  vertex -8.8914135e-03 8.0587075e-03 5.8000000e-02
  vertex -8.4852814e-03 8.4852814e-03 5.8000000e-02
 endloop
endfacet
facet normal -0.000000e+00 0.000000e+00 -1.000000e+00
 outer loop
  vertex -7.0710678e-03 7.0710678e-03 5.8000000e-02
  vertex -7.4095113e-03 6.7155895e-03 5.8000000e-02
  vertex -8.8914135e-03 8.0587075e-03 5.8000000e-02
 endloop
endfacet
facet normal 0.000000e+00 0.000000e+00 -1.000000e+00
 outer loop
  vertex -7.4095113e-03 6.7155895e-03 5.8000000e-02
  vertex -9.2761254e-03 7.6127194e-03 5.8000000e-02
  vertex -8.8914135e-03 8.0587075e-03 5.8000000e-02
 endloop
endfacet
facet normal -0.000000e+00 0.000000e+00 -1.000000e+00
 outer loop
  vertex -7.4095113e-03 6.7155895e-03 5.8000000e-02
  vertex -7.7301045e-03 6.3439328e-03 5.8000000e-02
  vertex -9.2761254e-03 7.6127194e-03 5.8000000e-02
 endloop
endfacet
facet normal 0.000000e+00 0.000000e+00 -1.000000e+00
 outer loop
  vertex -7.7301045e-03 6.3439328e-03 5.8000000e-02
  vertex -9.6384904e-03 7.1483917e-03 5.8000000e-02
  vertex -9.2761254e-03 7.6127194e-03 5.8000000e-02
 endloop
endfacet
facet normal -0.000000e+00 0.000000e+00 -1.000000e+00
 outer loop
  vertex -7.7301045e-03 6.3439328e-03 5.8000000e-02
  vertex -8.0320753e-03 5.9569930e-03 5.8000000e-02
  vertex -9.6384904e-03 7.1483917e-03 5.8000000e-02
 endloop
endfacet
facet normal 0.000000e+00 0.000000e+00 -1.000000e+00
 outer loop
  vertex -8.0320753e-03 5.9569930e-03 5.8000000e-02
  vertex -9.9776353e-03 6.6668428e-03 5.8000000e-02
  vertex -9.6384904e-03 7.1483917e-03 5.8000000e-02
 endloop
endfacet
facet normal -0.000000e+00 0.000000e+00 -1.000000e+00
 outer loop
  vertex -8.0320753e-03 5.9569930e-03 5.8000000e-02
  vertex -8.3146961e-03 5.5557023e-03 5.8000000e-02
  vertex -9.9776353e-03 6.6668428e-03 5.8000000e-02
 endloop
endfacet
facet normal 0.000000e+00 0.000000e+00 -1.000000e+00
 outer loop
  vertex -8.3146961e-03 5.5557023e-03 5.8000000e-02
  vertex -1.0292743e-02 6.1692329e-03 5.8000000e-02
  vertex -9.9776353e-03 6.6668428e-03 5.8000000e-02
 endloop
endfacet
facet normal -0.000000e+00 0.000000e+00 -1.000000e+00
 outer loop
  vertex -8.3146961e-03 5.5557023e-03 5.8000000e-02
  vertex -8.5772861e-03 5.1410274e-03 5.8000000e-02
  vertex -1.0292743e-02 6.1692329e-03 5.8000000e-02
 endloop
endfacet
facet normal 0.000000e+00 0.000000e+00 -1.000000e+00
 outer loop
  vertex -8.5772861e-03 5.1410274e-03 5.8000000e-02
  vertex -1.0583055e-02 5.6567608e-03 5.8000000e-02
  vertex -1.0292743e-02 6.1692329e-03 5.8000000e-02
 endloop
endfacet
facet normal -0.000000e+00 0.000000e+00 -1.000000e+00
 outer loop
  vertex -8.5772861e-03 5.1410274e-03 5.8000000e-02
  vertex -8.8192126e-03 4.7139674e-03 5.8000000e-02
  vertex -1.0583055e-02 5.6567608e-03 5.8000000e-02
 endloop
endfacet
facet normal 0.000000e+00 0.000000e+00 -1.000000e+00
 outer loop
  vertex -8.8192126e-03 4.7139674e-03 5.8000000e-02
  vertex -1.0847872e-02 5.1306611e-03 5.8000000e-02
  vertex -1.0583055e-02 5.6567608e-03 5.8000000e-02
 endloop
endfacet
facet normal -0.000000e+00 0.000000e+00 -1.000000e+00
 outer loop
  vertex -8.8192126e-03 4.7139674e-03 5.8000000e-02
  vertex -9.0398929e-03 4.2755509e-03 5.8000000e-02
  vertex -1.0847872e-02 5.1306611e-03 5.8000000e-02
 endloop
endfacet
facet normal 0.000000e+00 0.000000e+00 -1.000000e+00
 outer loop
  vertex -9.0398929e-03 4.2755509e-03 5.8000000e-02
  vertex -1.1086554e-02 4.5922012e-03 5.8000000e-02
  vertex -1.0847872e-02 5.1306611e-03 5.8000000e-02
 endloop
endfacet
facet normal -0.000000e+00 0.000000e+00 -1.000000e+00
 outer loop
  vertex -9.0398929e-03 4.2755509e-03 5.8000000e-02
  vertex -9.2387953e-03 3.8268343e-03 5.8000000e-02
  vertex -1.1086554e-02 4.5922012e-03 5.8000000e-02
 endloop
endfacet
facet normal 0.000000e+00 0.000000e+00 -1.000000e+00
 outer loop
  vertex -9.2387953e-03 3.8268343e-03 5.8000000e-02
  vertex -1.1298529e-02 4.0426782e-03 5.8000000e-02
  vertex -1.1086554e-02 4.5922012e-03 5.8000000e-02
 endloop
endfacet
facet normal -0.000000e+00 0.000000e+00 -1.000000e+00
 outer loop
  vertex -9.2387953e-03 3.8268343e-03 5.8000000e-02
  vertex -9.4154407e-03 3.3688985e-03 5.8000000e-02
  vertex -1.1298529e-02 4.0426782e-03 5.8000000e-02
 endloop
endfacet
facet normal 0.000000e+00 0.000000e+00 -1.000000e+00
 outer loop
  vertex -9.4154407e-03 3.3688985e-03 5.8000000e-02
  vertex -1.1483284e-02 3.4834161e-03 5.8000000e-02
  vertex -1.1298529e-02 4.0426782e-03 5.8000000e-02
 endloop
endfacet
facet normal -0.000000e+00 0.000000e+00 -1.000000e+00
 outer loop
  vertex -9.4154407e-03 3.3688985e-03 5.8000000e-02
  vertex -9.5694034e-03 2.9028468e-03 5.8000000e-02
  vertex -1.1483284e-02 3.4834161e-03 5.8000000e-02
 endloop
endfacet
facet normal 0.000000e+00 0.000000e+00 -1.000000e+00
 outer loop
  vertex -9.5694034e-03 2.9028468e-03 5.8000000e-02
  vertex -1.1640375e-02 2.9157622e-03 5.8000000e-02
  vertex -1.1483284e-02 3.4834161e-03 5.8000000e-02
 endloop
endfacet
facet normal -0.000000e+00 0.000000e+00 -1.000000e+00
 outer loop
  vertex -9.5694034e-03 2.9028468e-03 5.8000000e-02
  vertex -9.7003125e-03 2.4298018e-03 5.8000000e-02
  vertex -1.1640375e-02 2.9157622e-03 5.8000000e-02
 endloop
endfacet
facet normal -0.000000e+00 0.000000e+00 -1.000000e+00
 outer loop
  vertex -9.7003125e-03 2.4298018e-03 5.8000000e-02
  vertex -1.1769423e-02 2.3410839e-03 5.8000000e-02
  vertex -1.1640375e-02 2.9157622e-03 5.8000000e-02
 endloop
endfacet
facet normal 0.000000e+00 0.000000e+00 -1.000000e+00
 outer loop
  vertex -9.7003125e-03 2.4298018e-03 5.8000000e-02
  vertex -9.8078528e-03 1.9509032e-03 5.8000000e-02
  vertex -1.1769423e-02 2.3410839e-03 5.8000000e-02
 endloop
endfacet
facet normal -0.000000e+00 0.000000e+00 -1.000000e+00
 outer loop
  vertex -9.8078528e-03 1.9509032e-03 5.8000000e-02
  vertex -1.1870118e-02 1.7607657e-03 5.8000000e-02
  vertex -1.1769423e-02 2.3410839e-03 5.8000000e-02
 endloop
endfacet
facet normal 0.000000e+00 0.000000e+00 -1.000000e+00
 outer loop
  vertex -9.8078528e-03 1.9509032e-03 5.8000000e-02
  vertex -9.8917651e-03 1.4673047e-03 5.8000000e-02
  vertex -1.1870118e-02 1.7607657e-03 5.8000000e-02
 endloop
endfacet
facet normal -0.000000e+00 0.000000e+00 -1.000000e+00
 outer loop
  vertex -9.8917651e-03 1.4673047e-03 5.8000000e-02
  vertex -1.1942217e-02 1.1762057e-03 5.8000000e-02
  vertex -1.1870118e-02 1.7607657e-03 5.8000000e-02
 endloop
endfacet
facet normal 0.000000e+00 0.000000e+00 -1.000000e+00
 outer loop
  vertex -9.8917651e-03 1.4673047e-03 5.8000000e-02
  vertex -9.9518473e-03 9.8017140e-04 5.8000000e-02
  vertex -1.1942217e-02 1.1762057e-03 5.8000000e-02
 endloop
endfacet
facet normal -0.000000e+00 0.000000e+00 -1.000000e+00
 outer loop
  vertex -9.9518473e-03 9.8017140e-04 5.8000000e-02
  vertex -1.1985545e-02 5.8881209e-04 5.8000000e-02
  vertex -1.1942217e-02 1.1762057e-03 5.8000000e-02
 endloop
endfacet
facet normal 0.000000e+00 0.000000e+00 -1.000000e+00
 outer loop
  vertex -9.9518473e-03 9.8017140e-04 5.8000000e-02
  vertex -9.9879546e-03 4.9067674e-04 5.8000000e-02
  vertex -1.1985545e-02 5.8881209e-04 5.8000000e-02
 endloop
endfacet
facet normal -0.000000e+00 0.000000e+00 -1.000000e+00
 outer loop
  vertex -9.9879546e-03 4.9067674e-04 5.8000000e-02
  vertex -1.2000000e-02 1.4695762e-18 5.8000000e-02
  vertex -1.1985545e-02 5.8881209e-04 5.8000000e-02
 endloop
endfacet
facet normal 0.000000e+00 0.000000e+00 -1.000000e+00
 outer loop
  vertex -9.9879546e-03 4.9067674e-04 5.8000000e-02
  vertex -1.0000000e-02 1.2246468e-18 5.8000000e-02
  vertex -1.2000000e-02 1.4695762e-18 5.8000000e-02
 endloop
endfacet
facet normal -0.000000e+00 0.000000e+00 -1.000000e+00
 outer loop
  vertex -1.0000000e-02 1.2246468e-18 5.8000000e-02
  vertex -1.1985545e-02 -5.8881209e-04 5.8000000e-02
  vertex -1.2000000e-02 1.4695762e-18 5.8000000e-02
 endloop
endfacet
facet normal 0.000000e+00 -0.000000e+00 -1.000000e+00
 outer loop
  vertex -1.0000000e-02 1.2246468e-18 5.8000000e-02
  vertex -9.9879546e-03 -4.9067674e-04 5.8000000e-02
  vertex -1.1985545e-02 -5.8881209e-04 5.8000000e-02
 endloop
endfacet
facet normal 0.000000e+00 0.000000e+00 -1.000000e+00
 outer loop
  vertex -9.9879546e-03 -4.9067674e-04 5.8000000e-02
  vertex -1.1942217e-02 -1.1762057e-03 5.8000000e-02
  vertex -1.1985545e-02 -5.8881209e-04 5.8000000e-02
 endloop
endfacet
facet normal 0.000000e+00 -0.000000e+00 -1.000000e+00
 outer loop
  vertex -9.9879546e-03 -4.9067674e-04 5.8000000e-02
  vertex -9.9518473e-03 -9.8017140e-04 5.8000000e-02
  vertex -1.1942217e-02 -1.1762057e-03 5.8000000e-02
 endloop
endfacet
facet normal 0.000000e+00 0.000000e+00 -1.000000e+00
 outer loop
  vertex -9.9518473e-03 -9.8017140e-04 5.8000000e-02
  vertex -1.1870118e-02 -1.7607657e-03 5.8000000e-02
  vertex -1.1942217e-02 -1.1762057e-03 5.8000000e-02
 endloop
endfacet
facet normal 0.000000e+00 -0.000000e+00 -1.000000e+00
 outer loop
  vertex -9.9518473e-03 -9.8017140e-04 5.8000000e-02
  vertex -9.8917651e-03 -1.4673047e-03 5.8000000e-02
  vertex -1.1870118e-02 -1.7607657e-03 5.8000000e-02
 endloop
endfacet
facet normal 0.000000e+00 0.000000e+00 -1.000000e+00
 outer loop
  vertex -9.8917651e-03 -1.4673047e-03 5.8000000e-02
  vertex -1.1769423e-02 -2.3410839e-03 5.8000000e-02
  vertex -1.1870118e-02 -1.7607657e-03 5.8000000e-02
 endloop
endfacet
facet normal 0.000000e+00 -0.000000e+00 -1.000000e+00
 outer loop
  vertex -9.8917651e-03 -1.4673047e-03 5.8000000e-02
  vertex -9.8078528e-03 -1.9509032e-03 5.8000000e-02
  vertex -1.1769423e-02 -2.3410839e-03 5.8000000e-02
 endloop
endfacet
facet normal 0.000000e+00 0.000000e+00 -1.000000e+00
 outer loop
  vertex -9.8078528e-03 -1.9509032e-03 5.8000000e-02
  vertex -1.1640375e-02 -2.9157622e-03 5.8000000e-02
  vertex -1.1769423e-02 -2.3410839e-03 5.8000000e-02
 endloop
endfacet
facet normal 0.000000e+00 -0.000000e+00 -1.000000e+00
 outer loop
  vertex -9.8078528e-03 -1.9509032e-03 5.8000000e-02
  vertex -9.7003125e-03 -2.4298018e-03 5.8000000e-02
  vertex -1.1640375e-02 -2.9157622e-03 5.8000000e-02
 endloop
endfacet
facet normal 0.000000e+00 0.000000e+00 -1.000000e+00
 outer loop
  vertex -9.7003125e-03 -2.4298018e-03 5.8000000e-02
  vertex -1.1483284e-02 -3.4834161e-03 5.8000000e-02
  vertex -1.1640375e-02 -2.9157622e-03 5.8000000e-02
 endloop
endfacet
facet normal 0.000000e+00 -0.000000e+00 -1.000000e+00
 outer loop
  vertex -9.7003125e-03 -2.4298018e-03 5.8000000e-02
  vertex -9.5694034e-03 -2.9028468e-03 5.8000000e-02
  vertex -1.1483284e-02 -3.4834161e-03 5.8000000e-02
 endloop
endfacet
facet normal 0.000000e+00 0.000000e+00 -1.000000e+00
 outer loop
  vertex -9.5694034e-03 -2.9028468e-03 5.8000000e-02
  vertex -1.1298529e-02 -4.0426782e-03 5.8000000e-02
  vertex -1.1483284e-02 -3.4834161e-03 5.8000000e-02
 endloop
endfacet
facet normal 0.000000e+00 -0.000000e+00 -1.000000e+00
 outer loop
  vertex -9.5694034e-03 -2.9028468e-03 5.8000000e-02
  vertex -9.4154407e-03 -3.3688985e-03 5.8000000e-02
  vertex -1.1298529e-02 -4.0426782e-03 5.8000000e-02
 endloop
endfacet
facet normal 0.000000e+00 0.000000e+00 -1.000000e+00
 outer loop
  vertex -9.4154407e-03 -3.3688985e-03 5.8000000e-02
  vertex -1.1086554e-02 -4.5922012e-03 5.8000000e-02
  vertex -1.1298529e-02 -4.0426782e-03 5.8000000e-02
 endloop
endfacet
facet normal 0.000000e+00 -0.000000e+00 -1.000000e+00
 outer loop
  vertex -9.4154407e-03 -3.3688985e-03 5.8000000e-02
  vertex -9.2387953e-03 -3.8268343e-03 5.8000000e-02
  vertex -1.1086554e-02 -4.5922012e-03 5.8000000e-02
 endloop
endfacet
facet normal 0.000000e+00 0.000000e+00 -1.000000e+00
 outer loop
  vertex -9.2387953e-03 -3.8268343e-03 5.8000000e-02
  vertex -1.0847872e-02 -5.1306611e-03 5.8000000e-02
  vertex -1.1086554e-02 -4.5922012e-03 5.8000000e-02
 endloop
endfacet
facet normal 0.000000e+00 -0.000000e+00 -1.000000e+00
 outer loop
  vertex -9.2387953e-03 -3.8268343e-03 5.8000000e-02
  vertex -9.0398929e-03 -4.2755509e-03 5.8000000e-02
  vertex -1.0847872e-02 -5.1306611e-03 5.8000000e-02
 endloop
endfacet
facet normal 0.000000e+00 0.000000e+00 -1.000000e+00
 outer loop
  vertex -9.0398929e-03 -4.2755509e-03 5.8000000e-02
  vertex -1.0583055e-02 -5.6567608e-03 5.8000000e-02
  vertex -1.0847872e-02 -5.1306611e-03 5.8000000e-02
 endloop
endfacet
facet normal 0.000000e+00 -0.000000e+00 -1.000000e+00
 outer loop
  vertex -9.0398929e-03 -4.2755509e-03 5.8000000e-02
  vertex -8.8192126e-03 -4.7139674e-03 5.8000000e-02
  vertex -1.0583055e-02 -5.6567608e-03 5.8000000e-02
 endloop
endfacet
facet normal 0.000000e+00 0.000000e+00 -1.000000e+00
 outer loop
  vertex -8.8192126e-03 -4.7139674e-03 5.8000000e-02
  vertex -1.0292743e-02 -6.1692329e-03 5.8000000e-02
  vertex -1.0583055e-02 -5.6567608e-03 5.8000000e-02
 endloop
endfacet
facet normal 0.000000e+00 -0.000000e+00 -1.000000e+00
 outer loop
  vertex -8.8192126e-03 -4.7139674e-03 5.8000000e-02
  vertex -8.5772861e-03 -5.1410274e-03 5.8000000e-02
  vertex -1.0292743e-02 -6.1692329e-03 5.8000000e-02
 endloop
endfacet
facet normal 0.000000e+00 0.000000e+00 -1.000000e+00
 outer loop
  vertex -8.5772861e-03 -5.1410274e-03 5.8000000e-02
  vertex -9.9776353e-03 -6.6668428e-03 5.8000000e-02
  vertex -1.0292743e-02 -6.1692329e-03 5.8000000e-02
 endloop
endfacet
facet normal 0.000000e+00 -0.000000e+00 -1.000000e+00
 outer loop
  vertex -8.5772861e-03 -5.1410274e-03 5.8000000e-02
  vertex -8.3146961e-03 -5.5557023e-03 5.8000000e-02
  vertex -9.9776353e-03 -6.6668428e-03 5.8000000e-02
 endloop
endfacet
facet normal 0.000000e+00 0.000000e+00 -1.000000e+00
 outer loop
  vertex -8.3146961e-03 -5.5557023e-03 5.8000000e-02
  vertex -9.6384904e-03 -7.1483917e-03 5.8000000e-02
  vertex -9.9776353e-03 -6.6668428e-03 5.8000000e-02
 endloop
endfacet
facet normal 0.000000e+00 -0.000000e+00 -1.000000e+00
 outer loop
  vertex -8.3146961e-03 -5.5557023e-03 5.8000000e-02
  vertex -8.0320753e-03 -5.9569930e-03 5.8000000e-02
  vertex -9.6384904e-03 -7.1483917e-03 5.8000000e-02
 endloop
endfacet
facet normal 0.000000e+00 0.000000e+00 -1.000000e+00
 outer loop
  vertex -8.0320753e-03 -5.9569930e-03 5.8000000e-02
  vertex -9.2761254e-03 -7.6127194e-03 5.8000000e-02
  vertex -9.6384904e-03 -7.1483917e-03 5.8000000e-02
 endloop
endfacet
facet normal 0.000000e+00 -0.000000e+00 -1.000000e+00
 outer loop
  vertex -8.0320753e-03 -5.9569930e-03 5.8000000e-02
  vertex -7.7301045e-03 -6.3439328e-03 5.8000000e-02
  vertex -9.2761254e-03 -7.6127194e-03 5.8000000e-02
 endloop
endfacet
facet normal 0.000000e+00 0.000000e+00 -1.000000e+00
 outer loop
  vertex -7.7301045e-03 -6.3439328e-03 5.8000000e-02
  vertex -8.8914135e-03 -8.0587075e-03 5.8000000e-02
  vertex -9.2761254e-03 -7.6127194e-03 5.8000000e-02
 endloop
endfacet
facet normal 0.000000e+00 -0.000000e+00 -1.000000e+00
 outer loop
  vertex -7.7301045e-03 -6.3439328e-03 5.8000000e-02
  vertex -7.4095113e-03 -6.7155895e-03 5.8000000e-02
  vertex -8.8914135e-03 -8.0587075e-03 5.8000000e-02
 endloop
endfacet
facet normal 0.000000e+00 0.000000e+00 -1.000000e+00
 outer loop
  vertex -7.4095113e-03 -6.7155895e-03 5.8000000e-02
  vertex -8.4852814e-03 -8.4852814e-03 5.8000000e-02
  vertex -8.8914135e-03 -8.0587075e-03 5.8000000e-02
 endloop
endfacet
facet normal 0.000000e+00 -0.000000e+00 -1.000000e+00
 outer loop
  vertex -7.4095113e-03 -6.7155895e-03 5.8000000e-02
  vertex -7.0710678e-03 -7.0710678e-03 5.8000000e-02
  vertex -8.4852814e-03 -8.4852814e-03 5.8000000e-02
 endloop
endfacet
facet normal 0.000000e+00 0.000000e+00 -1.000000e+00
 outer loop
  vertex -7.0710678e-03 -7.0710678e-03 5.8000000e-02
  vertex -8.0587075e-03 -8.8914135e-03 5.8000000e-02
  vertex -8.4852814e-03 -8.4852814e-03 5.8000000e-02
 endloop
endfacet
facet normal 0.000000e+00 -0.000000e+00 -1.000000e+00
 outer loop
  vertex -7.0710678e-03 -7.0710678e-03 5.8000000e-02
  vertex -6.7155895e-03 -7.4095113e-03 5.8000000e-02
  vertex -8.0587075e-03 -8.8914135e-03 5.8000000e-02
 endloop
endfacet
facet normal 0.000000e+00 0.000000e+00 -1.000000e+00
 outer loop
  vertex -6.7155895e-03 -7.4095113e-03 5.8000000e-02
  vertex -7.6127194e-03 -9.2761254e-03 5.8000000e-02
  vertex -8.0587075e-03 -8.8914135e-03 5.8000000e-02
 endloop
endfacet
facet normal 0.000000e+00 -0.000000e+00 -1.000000e+00
 outer loop
  vertex -6.7155895e-03 -7.4095113e-03 5.8000000e-02
  vertex -6.3439328e-03 -7.7301045e-03 5.8000000e-02
  vertex -7.6127194e-03 -9.2761254e-03 5.8000000e-02
 endloop
endfacet
facet normal 0.000000e+00 0.000000e+00 -1.000000e+00
 outer loop
  vertex -6.3439328e-03 -7.7301045e-03 5.8000000e-02
  vertex -7.1483917e-03 -9.6384904e-03 5.8000000e-02
  vertex -7.6127194e-03 -9.2761254e-03 5.8000000e-02
 endloop
endfacet
facet normal 0.000000e+00 -0.000000e+00 -1.000000e+00
 outer loop
  vertex -6.3439328e-03 -7.7301045e-03 5.8000000e-02
  vertex -5.9569930e-03 -8.0320753e-03 5.8000000e-02
  vertex -7.1483917e-03 -9.6384904e-03 5.8000000e-02
 endloop
endfacet
facet normal 0.000000e+00 0.000000e+00 -1.000000e+00
 outer loop
  vertex -5.9569930e-03 -8.0320753e-03 5.8000000e-02
  vertex -6.6668428e-03 -9.9776353e-03 5.8000000e-02
  vertex -7.1483917e-03 -9.6384904e-03 5.8000000e-02
 endloop
endfacet
facet normal 0.000000e+00 -0.000000e+00 -1.000000e+00
 outer loop
  vertex -5.9569930e-03 -8.0320753e-03 5.8000000e-02
  vertex -5.5557023e-03 -8.3146961e-03 5.8000000e-02
  vertex -6.6668428e-03 -9.9776353e-03 5.8000000e-02
 endloop
endfacet
facet normal 0.000000e+00 0.000000e+00 -1.000000e+00
 outer loop
  vertex -5.5557023e-03 -8.3146961e-03 5.8000000e-02
  vertex -6.1692329e-03 -1.0292743e-02 5.8000000e-02
  vertex -6.6668428e-03 -9.9776353e-03 5.8000000e-02
 endloop
endfacet
facet normal 0.000000e+00 -0.000000e+00 -1.000000e+00
 outer loop
  vertex -5.5557023e-03 -8.3146961e-03 5.8000000e-02
  vertex -5.1410274e-03 -8.5772861e-03 5.8000000e-02
  vertex -6.1692329e-03 -1.0292743e-02 5.8000000e-02
 endloop
endfacet
facet normal 0.000000e+00 0.000000e+00 -1.000000e+00
 outer loop
  vertex -5.1410274e-03 -8.5772861e-03 5.8000000e-02
  vertex -5.6567608e-03 -1.0583055e-02 5.8000000e-02
  vertex -6.1692329e-03 -1.0292743e-02 5.8000000e-02
 endloop
endfacet
facet normal 0.000000e+00 -0.000000e+00 -1.000000e+00
 outer loop
  vertex -5.1410274e-03 -8.5772861e-03 5.8000000e-02
  vertex -4.7139674e-03 -8.8192126e-03 5.8000000e-02
  vertex -5.6567608e-03 -1.0583055e-02 5.8000000e-02
 endloop
endfacet
facet normal 0.000000e+00 0.000000e+00 -1.000000e+00
 outer loop
  vertex -4.7139674e-03 -8.8192126e-03 5.8000000e-02
  vertex -5.1306611e-03 -1.0847872e-02 5.8000000e-02
  vertex -5.6567608e-03 -1.0583055e-02 5.8000000e-02
 endloop
endfacet
facet normal 0.000000e+00 -0.000000e+00 -1.000000e+00
 outer loop
  vertex -4.7139674e-03 -8.8192126e-03 5.8000000e-02
  vertex -4.2755509e-03 -9.0398929e-03 5.8000000e-02
  vertex -5.1306611e-03 -1.0847872e-02 5.8000000e-02
 endloop
endfacet
facet normal 0.000000e+00 0.000000e+00 -1.000000e+00
 outer loop
  vertex -4.2755509e-03 -9.0398929e-03 5.8000000e-02
  vertex -4.5922012e-03 -1.1086554e-02 5.8000000e-02
  vertex -5.1306611e-03 -1.0847872e-02 5.8000000e-02
 endloop
endfacet
facet normal 0.000000e+00 -0.000000e+00 -1.000000e+00
 outer loop
  vertex -4.2755509e-03 -9.0398929e-03 5.8000000e-02
  vertex -3.8268343e-03 -9.2387953e-03 5.8000000e-02
  vertex -4.5922012e-03 -1.1086554e-02 5.8000000e-02
 endloop
endfacet
facet normal 0.000000e+00 0.000000e+00 -1.000000e+00
 outer loop
  vertex -3.8268343e-03 -9.2387953e-03 5.8000000e-02
  vertex -4.0426782e-03 -1.1298529e-02 5.8000000e-02
  vertex -4.5922012e-03 -1.1086554e-02 5.8000000e-02
 endloop
endfacet
facet normal 0.000000e+00 -0.000000e+00 -1.000000e+00
 outer loop
  vertex -3.8268343e-03 -9.2387953e-03 5.8000000e-02
  vertex -3.3688985e-03 -9.4154407e-03 5.8000000e-02
  vertex -4.0426782e-03 -1.1298529e-02 5.8000000e-02
 endloop
endfacet
facet normal 0.000000e+00 0.000000e+00 -1.000000e+00
 outer loop
  vertex -3.3688985e-03 -9.4154407e-03 5.8000000e-02
  vertex -3.4834161e-03 -1.1483284e-02 5.8000000e-02
  vertex -4.0426782e-03 -1.1298529e-02 5.8000000e-02
 endloop
endfacet
facet normal 0.000000e+00 -0.000000e+00 -1.000000e+00
 outer loop
  vertex -3.3688985e-03 -9.4154407e-03 5.8000000e-02
  vertex -2.9028468e-03 -9.5694034e-03 5.8000000e-02
  vertex -3.4834161e-03 -1.1483284e-02 5.8000000e-02
 endloop
endfacet
facet normal 0.000000e+00 0.000000e+00 -1.000000e+00
 outer loop
  vertex -2.9028468e-03 -9.5694034e-03 5.8000000e-02
  vertex -2.9157622e-03 -1.1640375e-02 5.8000000e-02
  vertex -3.4834161e-03 -1.1483284e-02 5.8000000e-02
 endloop
endfacet
facet normal 0.000000e+00 -0.000000e+00 -1.000000e+00
 outer loop
  vertex -2.9028468e-03 -9.5694034e-03 5.8000000e-02
  vertex -2.4298018e-03 -9.7003125e-03 5.8000000e-02
  vertex -2.9157622e-03 -1.1640375e-02 5.8000000e-02
 endloop
endfacet
facet normal 0.000000e+00 -0.000000e+00 -1.000000e+00
 outer loop
  vertex -2.4298018e-03 -9.7003125e-03 5.8000000e-02
  vertex -2.3410839e-03 -1.1769423e-02 5.8000000e-02
  vertex -2.9157622e-03 -1.1640375e-02 5.8000000e-02
 endloop
endfacet
facet normal 0.000000e+00 0.000000e+00 -1.000000e+00
 outer loop
  vertex -2.4298018e-03 -9.7003125e-03 5.8000000e-02
  vertex -1.9509032e-03 -9.8078528e-03 5.8000000e-02
  vertex -2.3410839e-03 -1.1769423e-02 5.8000000e-02
 endloop
endfacet
facet normal 0.000000e+00 -0.000000e+00 -1.000000e+00
 outer loop
  vertex -1.9509032e-03 -9.8078528e-03 5.8000000e-02
  vertex -1.7607657e-03 -1.1870118e-02 5.8000000e-02
  vertex -2.3410839e-03 -1.1769423e-02 5.8000000e-02
 endloop
endfacet
facet normal 0.000000e+00 0.000000e+00 -1.000000e+00
 outer loop
  vertex -1.9509032e-03 -9.8078528e-03 5.8000000e-02
  vertex -1.4673047e-03 -9.8917651e-03 5.8000000e-02
  vertex -1.7607657e-03 -1.1870118e-02 5.8000000e-02
 endloop
endfacet
facet normal 0.000000e+00 -0.000000e+00 -1.000000e+00
 outer loop
  vertex -1.4673047e-03 -9.8917651e-03 5.8000000e-02
  vertex -1.1762057e-03 -1.1942217e-02 5.8000000e-02
  vertex -1.7607657e-03 -1.1870118e-02 5.8000000e-02
 endloop
endfacet
facet normal 0.000000e+00 0.000000e+00 -1.000000e+00
 outer loop
  vertex -1.4673047e-03 -9.8917651e-03 5.8000000e-02
  vertex -9.8017140e-04 -9.9518473e-03 5.8000000e-02
  vertex -1.1762057e-03 -1.1942217e-02 5.8000000e-02
 endloop
endfacet
facet normal 0.000000e+00 -0.000000e+00 -1.000000e+00
 outer loop
  vertex -9.8017140e-04 -9.9518473e-03 5.8000000e-02
  vertex -5.8881209e-04 -1.1985545e-02 5.8000000e-02
  vertex -1.1762057e-03 -1.1942217e-02 5.8000000e-02
 endloop
endfacet
facet normal 0.000000e+00 0.000000e+00 -1.000000e+00
 outer loop
  vertex -9.8017140e-04 -9.9518473e-03 5.8000000e-02
  vertex -4.9067674e-04 -9.9879546e-03 5.8000000e-02
  vertex -5.8881209e-04 -1.1985545e-02 5.8000000e-02
 endloop
endfacet
facet normal 0.000000e+00 -0.000000e+00 -1.000000e+00
 outer loop
  vertex -4.9067674e-04 -9.9879546e-03 5.8000000e-02
  vertex -2.2043642e-18 -1.2000000e-02 5.8000000e-02
  vertex -5.8881209e-04 -1.1985545e-02 5.8000000e-02
 endloop
endfacet
facet normal 0.000000e+00 0.000000e+00 -1.000000e+00
 outer loop
  vertex -4.9067674e-04 -9.9879546e-03 5.8000000e-02
  vertex -1.8369702e-18 -1.0000000e-02 5.8000000e-02
  vertex -2.2043642e-18 -1.2000000e-02 5.8000000e-02
 endloop
endfacet
facet normal 0.000000e+00 -0.000000e+00 -1.000000e+00
 outer loop
  vertex -1.8369702e-18 -1.0000000e-02 5.8000000e-02
  vertex 5.8881209e-04 -1.1985545e-02 5.8000000e-02
  vertex -2.2043642e-18 -1.2000000e-02 5.8000000e-02
 endloop
endfacet
facet normal 0.000000e+00 0.000000e+00 -1.000000e+00
 outer loop
  vertex -1.8369702e-18 -1.0000000e-02 5.8000000e-02
  vertex 4.9067674e-04 -9.9879546e-03 5.8000000e-02
  vertex 5.8881209e-04 -1.1985545e-02 5.8000000e-02
 endloop
endfacet
facet normal 0.000000e+00 0.000000e+00 -1.000000e+00
 outer loop
  vertex 4.9067674e-04 -9.9879546e-03 5.8000000e-02
  vertex 1.1762057e-03 -1.1942217e-02 5.8000000e-02
  vertex 5.8881209e-04 -1.1985545e-02 5.8000000e-02
 endloop
endfacet
facet normal 0.000000e+00 0.000000e+00 -1.000000e+00
 outer loop
  vertex 4.9067674e-04 -9.9879546e-03 5.8000000e-02
  vertex 9.8017140e-04 -9.9518473e-03 5.8000000e-02
  vertex 1.1762057e-03 -1.1942217e-02 5.8000000e-02
 endloop
endfacet
facet normal 0.000000e+00 0.000000e+00 -1.000000e+00
 outer loop
  vertex 9.8017140e-04 -9.9518473e-03 5.8000000e-02
  vertex 1.7607657e-03 -1.1870118e-02 5.8000000e-02
  vertex 1.1762057e-03 -1.1942217e-02 5.8000000e-02
 endloop
endfacet
facet normal 0.000000e+00 0.000000e+00 -1.000000e+00
 outer loop
  vertex 9.8017140e-04 -9.9518473e-03 5.8000000e-02
  vertex 1.4673047e-03 -9.8917651e-03 5.8000000e-02
  vertex 1.7607657e-03 -1.1870118e-02 5.8000000e-02
 endloop
endfacet
facet normal 0.000000e+00 0.000000e+00 -1.000000e+00
 outer loop
  vertex 1.4673047e-03 -9.8917651e-03 5.8000000e-02
  vertex 2.3410839e-03 -1.1769423e-02 5.8000000e-02
  vertex 1.7607657e-03 -1.1870118e-02 5.8000000e-02
 endloop
endfacet
facet normal 0.000000e+00 0.000000e+00 -1.000000e+00
 outer loop
  vertex 1.4673047e-03 -9.8917651e-03 5.8000000e-02
  vertex 1.9509032e-03 -9.8078528e-03 5.8000000e-02
  vertex 2.3410839e-03 -1.1769423e-02 5.8000000e-02
 endloop
endfacet
facet normal 0.000000e+00 0.000000e+00 -1.000000e+00
 outer loop
  vertex 1.9509032e-03 -9.8078528e-03 5.8000000e-02
  vertex 2.9157622e-03 -1.1640375e-02 5.8000000e-02
  vertex 2.3410839e-03 -1.1769423e-02 5.8000000e-02
 endloop
endfacet
facet normal 0.000000e+00 0.000000e+00 -1.000000e+00
 outer loop
  vertex 1.9509032e-03 -9.8078528e-03 5.8000000e-02
  vertex 2.4298018e-03 -9.7003125e-03 5.8000000e-02
  vertex 2.9157622e-03 -1.1640375e-02 5.8000000e-02
 endloop
endfacet
facet normal 0.000000e+00 0.000000e+00 -1.000000e+00
 outer loop
  vertex 2.4298018e-03 -9.7003125e-03 5.8000000e-02
  vertex 3.4834161e-03 -1.1483284e-02 5.8000000e-02
  vertex 2.9157622e-03 -1.1640375e-02 5.8000000e-02
 endloop
endfacet
facet normal 0.000000e+00 0.000000e+00 -1.000000e+00
 outer loop
  vertex 2.4298018e-03 -9.7003125e-03 5.8000000e-02
  vertex 2.9028468e-03 -9.5694034e-03 5.8000000e-02
  vertex 3.4834161e-03 -1.1483284e-02 5.8000000e-02
 endloop
endfacet
facet normal 0.000000e+00 0.000000e+00 -1.000000e+00
 outer loop
  vertex 2.9028468e-03 -9.5694034e-03 5.8000000e-02
  vertex 4.0426782e-03 -1.1298529e-02 5.8000000e-02
  vertex 3.4834161e-03 -1.1483284e-02 5.8000000e-02
 endloop
endfacet
facet normal 0.000000e+00 0.000000e+00 -1.000000e+00
 outer loop
  vertex 2.9028468e-03 -9.5694034e-03 5.8000000e-02
  vertex 3.3688985e-03 -9.4154407e-03 5.8000000e-02
  vertex 4.0426782e-03 -1.1298529e-02 5.8000000e-02
 endloop
endfacet
facet normal 0.000000e+00 0.000000e+00 -1.000000e+00
 outer loop
  vertex 3.3688985e-03 -9.4154407e-03 5.8000000e-02
  vertex 4.5922012e-03 -1.1086554e-02 5.8000000e-02
  vertex 4.0426782e-03 -1.1298529e-02 5.8000000e-02
 endloop
endfacet
facet normal 0.000000e+00 0.000000e+00 -1.000000e+00
 outer loop
  vertex 3.3688985e-03 -9.4154407e-03 5.8000000e-02
  vertex 3.8268343e-03 -9.2387953e-03 5.8000000e-02
  vertex 4.5922012e-03 -1.1086554e-02 5.8000000e-02
 endloop
endfacet
facet normal 0.000000e+00 0.000000e+00 -1.000000e+00
 outer loop
  vertex 3.8268343e-03 -9.2387953e-03 5.8000000e-02
  vertex 5.1306611e-03 -1.0847872e-02 5.8000000e-02
  vertex 4.5922012e-03 -1.1086554e-02 5.8000000e-02
 endloop
endfacet
facet normal 0.000000e+00 0.000000e+00 -1.000000e+00
 outer loop
  vertex 3.8268343e-03 -9.2387953e-03 5.8000000e-02
  vertex 4.2755509e-03 -9.0398929e-03 5.8000000e-02
  vertex 5.1306611e-03 -1.0847872e-02 5.8000000e-02
 endloop
endfacet
facet normal 0.000000e+00 0.000000e+00 -1.000000e+00
 outer loop
  vertex 4.2755509e-03 -9.0398929e-03 5.8000000e-02
  vertex 5.6567608e-03 -1.0583055e-02 5.8000000e-02
  vertex 5.1306611e-03 -1.0847872e-02 5.8000000e-02
 endloop
endfacet
facet normal 0.000000e+00 0.000000e+00 -1.000000e+00
 outer loop
  vertex 4.2755509e-03 -9.0398929e-03 5.8000000e-02
  vertex 4.7139674e-03 -8.8192126e-03 5.8000000e-02
  vertex 5.6567608e-03 -1.0583055e-02 5.8000000e-02
 endloop
endfacet
facet normal 0.000000e+00 0.000000e+00 -1.000000e+00
 outer loop
  vertex 4.7139674e-03 -8.8192126e-03 5.8000000e-02
  vertex 6.1692329e-03 -1.0292743e-02 5.8000000e-02
  vertex 5.6567608e-03 -1.0583055e-02 5.8000000e-02
 endloop
endfacet
facet normal 0.000000e+00 0.000000e+00 -1.000000e+00
 outer loop
  vertex 4.7139674e-03 -8.8192126e-03 5.8000000e-02
  vertex 5.1410274e-03 -8.5772861e-03 5.8000000e-02
  vertex 6.1692329e-03 -1.0292743e-02 5.8000000e-02
 endloop
endfacet
facet normal 0.000000e+00 0.000000e+00 -1.000000e+00
 outer loop
  vertex 5.1410274e-03 -8.5772861e-03 5.8000000e-02
  vertex 6.6668428e-03 -9.9776353e-03 5.8000000e-02
  vertex 6.1692329e-03 -1.0292743e-02 5.8000000e-02
 endloop
endfacet
facet normal 0.000000e+00 0.000000e+00 -1.000000e+00
 outer loop
  vertex 5.1410274e-03 -8.5772861e-03 5.8000000e-02
  vertex 5.5557023e-03 -8.3146961e-03 5.8000000e-02
  vertex 6.6668428e-03 -9.9776353e-03 5.8000000e-02
 endloop
endfacet
facet normal 0.000000e+00 0.000000e+00 -1.000000e+00
 outer loop
  vertex 5.5557023e-03 -8.3146961e-03 5.8000000e-02
  vertex 7.1483917e-03 -9.6384904e-03 5.8000000e-02
  vertex 6.6668428e-03 -9.9776353e-03 5.8000000e-02
 endloop
endfacet
facet normal 0.000000e+00 0.000000e+00 -1.000000e+00
 outer loop
  vertex 5.5557023e-03 -8.3146961e-03 5.8000000e-02
  vertex 5.9569930e-03 -8.0320753e-03 5.8000000e-02
  vertex 7.1483917e-03 -9.6384904e-03 5.8000000e-02
 endloop
endfacet
facet normal 0.000000e+00 0.000000e+00 -1.000000e+00
 outer loop
  vertex 5.9569930e-03 -8.0320753e-03 5.8000000e-02
  vertex 7.6127194e-03 -9.2761254e-03 5.8000000e-02
  vertex 7.1483917e-03 -9.6384904e-03 5.8000000e-02
 endloop
endfacet
facet normal 0.000000e+00 0.000000e+00 -1.000000e+00
 outer loop
  vertex 5.9569930e-03 -8.0320753e-03 5.8000000e-02
  vertex 6.3439328e-03 -7.7301045e-03 5.8000000e-02
  vertex 7.6127194e-03 -9.2761254e-03 5.8000000e-02
 endloop
endfacet
facet normal 0.000000e+00 0.000000e+00 -1.000000e+00
 outer loop
  vertex 6.3439328e-03 -7.7301045e-03 5.8000000e-02
  vertex 8.0587075e-03 -8.8914135e-03 5.8000000e-02
  vertex 7.6127194e-03 -9.2761254e-03 5.8000000e-02
 endloop
endfacet
facet normal 0.000000e+00 0.000000e+00 -1.000000e+00
 outer loop
  vertex 6.3439328e-03 -7.7301045e-03 5.8000000e-02
  vertex 6.7155895e-03 -7.4095113e-03 5.8000000e-02
  vertex 8.0587075e-03 -8.8914135e-03 5.8000000e-02
 endloop
endfacet
facet normal 0.000000e+00 0.000000e+00 -1.000000e+00
 outer loop
  vertex 6.7155895e-03 -7.4095113e-03 5.8000000e-02
  vertex 8.4852814e-03 -8.4852814e-03 5.8000000e-02
  vertex 8.0587075e-03 -8.8914135e-03 5.8000000e-02
 endloop
endfacet
facet normal 0.000000e+00 0.000000e+00 -1.000000e+00
 outer loop
  vertex 6.7155895e-03 -7.4095113e-03 5.8000000e-02
  vertex 7.0710678e-03 -7.0710678e-03 5.8000000e-02
  vertex 8.4852814e-03 -8.4852814e-03 5.8000000e-02
 endloop
endfacet
facet normal 0.000000e+00 0.000000e+00 -1.000000e+00
 outer loop
  vertex 7.0710678e-03 -7.0710678e-03 5.8000000e-02
  vertex 8.8914135e-03 -8.0587075e-03 5.8000000e-02
  vertex 8.4852814e-03 -8.4852814e-03 5.8000000e-02
 endloop
endfacet
facet normal 0.000000e+00 0.000000e+00 -1.000000e+00
 outer loop
  vertex 7.0710678e-03 -7.0710678e-03 5.8000000e-02
  vertex 7.4095113e-03 -6.7155895e-03 5.8000000e-02
  vertex 8.8914135e-03 -8.0587075e-03 5.8000000e-02
 endloop
endfacet
facet normal 0.000000e+00 0.000000e+00 -1.000000e+00
 outer loop
  vertex 7.4095113e-03 -6.7155895e-03 5.8000000e-02
  vertex 9.2761254e-03 -7.6127194e-03 5.8000000e-02
  vertex 8.8914135e-03 -8.0587075e-03 5.8000000e-02
 endloop
endfacet
facet normal 0.000000e+00 0.000000e+00 -1.000000e+00
 outer loop
  vertex 7.4095113e-03 -6.7155895e-03 5.8000000e-02
  vertex 7.7301045e-03 -6.3439328e-03 5.8000000e-02
  vertex 9.2761254e-03 -7.6127194e-03 5.8000000e-02
 endloop
endfacet
facet normal 0.000000e+00 0.000000e+00 -1.000000e+00
 outer loop
  vertex 7.7301045e-03 -6.3439328e-03 5.8000000e-02
  vertex 9.6384904e-03 -7.1483917e-03 5.8000000e-02
  vertex 9.2761254e-03 -7.6127194e-03 5.8000000e-02
 endloop
endfacet
facet normal 0.000000e+00 0.000000e+00 -1.000000e+00
 outer loop
  vertex 7.7301045e-03 -6.3439328e-03 5.8000000e-02
  vertex 8.0320753e-03 -5.9569930e-03 5.8000000e-02
  vertex 9.6384904e-03 -7.1483917e-03 5.8000000e-02
 endloop
endfacet
facet normal 0.000000e+00 0.000000e+00 -1.000000e+00
 outer loop
  vertex 8.0320753e-03 -5.9569930e-03 5.8000000e-02
  vertex 9.9776353e-03 -6.6668428e-03 5.8000000e-02
  vertex 9.6384904e-03 -7.1483917e-03 5.8000000e-02
 endloop
endfacet
facet normal 0.000000e+00 0.000000e+00 -1.000000e+00
 outer loop
  vertex 8.0320753e-03 -5.9569930e-03 5.8000000e-02
  vertex 8.3146961e-03 -5.5557023e-03 5.8000000e-02
  vertex 9.9776353e-03 -6.6668428e-03 5.8000000e-02
 endloop
endfacet
facet normal 0.000000e+00 0.000000e+00 -1.000000e+00
 outer loop
  vertex 8.3146961e-03 -5.5557023e-03 5.8000000e-02
  vertex 1.0292743e-02 -6.1692329e-03 5.8000000e-02
  vertex 9.9776353e-03 -6.6668428e-03 5.8000000e-02
 endloop
endfacet
facet normal 0.000000e+00 0.000000e+00 -1.000000e+00
 outer loop
  vertex 8.3146961e-03 -5.5557023e-03 5.8000000e-02
  vertex 8.5772861e-03 -5.1410274e-03 5.8000000e-02
  vertex 1.0292743e-02 -6.1692329e-03 5.8000000e-02
 endloop
endfacet
facet normal 0.000000e+00 0.000000e+00 -1.000000e+00
 outer loop
  vertex 8.5772861e-03 -5.1410274e-03 5.8000000e-02
  vertex 1.0583055e-02 -5.6567608e-03 5.8000000e-02
  vertex 1.0292743e-02 -6.1692329e-03 5.8000000e-02
 endloop
endfacet
facet normal 0.000000e+00 0.000000e+00 -1.000000e+00
 outer loop
  vertex 8.5772861e-03 -5.1410274e-03 5.8000000e-02
  vertex 8.8192126e-03 -4.7139674e-03 5.8000000e-02
  vertex 1.0583055e-02 -5.6567608e-03 5.8000000e-02
 endloop
endfacet
facet normal 0.000000e+00 0.000000e+00 -1.000000e+00
 outer loop
  vertex 8.8192126e-03 -4.7139674e-03 5.8000000e-02
  vertex 1.0847872e-02 -5.1306611e-03 5.8000000e-02
  vertex 1.0583055e-02 -5.6567608e-03 5.8000000e-02
 endloop
endfacet
facet normal 0.000000e+00 0.000000e+00 -1.000000e+00
 outer loop
  vertex 8.8192126e-03 -4.7139674e-03 5.8000000e-02
  vertex 9.0398929e-03 -4.2755509e-03 5.8000000e-02
  vertex 1.0847872e-02 -5.1306611e-03 5.8000000e-02
 endloop
endfacet
facet normal 0.000000e+00 0.000000e+00 -1.000000e+00
 outer loop
  vertex 9.0398929e-03 -4.2755509e-03 5.8000000e-02
  vertex 1.1086554e-02 -4.5922012e-03 5.8000000e-02
  vertex 1.0847872e-02 -5.1306611e-03 5.8000000e-02
 endloop
endfacet
facet normal 0.000000e+00 0.000000e+00 -1.000000e+00
 outer loop
  vertex 9.0398929e-03 -4.2755509e-03 5.8000000e-02
  vertex 9.2387953e-03 -3.8268343e-03 5.8000000e-02
  vertex 1.1086554e-02 -4.5922012e-03 5.8000000e-02
 endloop
endfacet
facet normal 0.000000e+00 0.000000e+00 -1.000000e+00
 outer loop
  vertex 9.2387953e-03 -3.8268343e-03 5.8000000e-02
  vertex 1.1298529e-02 -4.0426782e-03 5.8000000e-02
  vertex 1.1086554e-02 -4.5922012e-03 5.8000000e-02
 endloop
endfacet
facet normal 0.000000e+00 0.000000e+00 -1.000000e+00
 outer loop
  vertex 9.2387953e-03 -3.8268343e-03 5.8000000e-02
  vertex 9.4154407e-03 -3.3688985e-03 5.8000000e-02
  vertex 1.1298529e-02 -4.0426782e-03 5.8000000e-02
 endloop
endfacet
facet normal 0.000000e+00 0.000000e+00 -1.000000e+00
 outer loop
  vertex 9.4154407e-03 -3.3688985e-03 5.8000000e-02
  vertex 1.1483284e-02 -3.4834161e-03 5.8000000e-02
  vertex 1.1298529e-02 -4.0426782e-03 5.8000000e-02
 endloop
endfacet
facet normal 0.000000e+00 0.000000e+00 -1.000000e+00
 outer loop
  vertex 9.4154407e-03 -3.3688985e-03 5.8000000e-02
  vertex 9.5694034e-03 -2.9028468e-03 5.8000000e-02
  vertex 1.1483284e-02 -3.4834161e-03 5.8000000e-02
 endloop
endfacet
facet normal 0.000000e+00 0.000000e+00 -1.000000e+00
 outer loop
  vertex 9.5694034e-03 -2.9028468e-03 5.8000000e-02
  vertex 1.1640375e-02 -2.9157622e-03 5.8000000e-02
  vertex 1.1483284e-02 -3.4834161e-03 5.8000000e-02
 endloop
endfacet
facet normal 0.000000e+00 0.000000e+00 -1.000000e+00
 outer loop
  vertex 9.5694034e-03 -2.9028468e-03 5.8000000e-02
  vertex 9.7003125e-03 -2.4298018e-03 5.8000000e-02
  vertex 1.1640375e-02 -2.9157622e-03 5.8000000e-02
 endloop
endfacet
facet normal 0.000000e+00 0.000000e+00 -1.000000e+00
 outer loop
  vertex 9.7003125e-03 -2.4298018e-03 5.8000000e-02
  vertex 1.1769423e-02 -2.3410839e-03 5.8000000e-02
  vertex 1.1640375e-02 -2.9157622e-03 5.8000000e-02
 endloop
endfacet
facet normal 0.000000e+00 0.000000e+00 -1.000000e+00
 outer loop
  vertex 9.7003125e-03 -2.4298018e-03 5.8000000e-02
  vertex 9.8078528e-03 -1.9509032e-03 5.8000000e-02
  vertex 1.1769423e-02 -2.3410839e-03 5.8000000e-02
 endloop
endfacet
facet normal 0.000000e+00 0.000000e+00 -1.000000e+00
 outer loop
  vertex 9.8078528e-03 -1.9509032e-03 5.8000000e-02
  vertex 1.1870118e-02 -1.7607657e-03 5.8000000e-02
  vertex 1.1769423e-02 -2.3410839e-03 5.8000000e-02
 endloop
endfacet
facet normal 0.000000e+00 0.000000e+00 -1.000000e+00
 outer loop
  vertex 9.8078528e-03 -1.9509032e-03 5.8000000e-02
  vertex 9.8917651e-03 -1.4673047e-03 5.8000000e-02
  vertex 1.1870118e-02 -1.7607657e-03 5.8000000e-02
 endloop
endfacet
facet normal 0.000000e+00 0.000000e+00 -1.000000e+00
 outer loop
  vertex 9.8917651e-03 -1.4673047e-03 5.8000000e-02
  vertex 1.1942217e-02 -1.1762057e-03 5.8000000e-02
  vertex 1.1870118e-02 -1.7607657e-03 5.8000000e-02
 endloop
endfacet
facet normal 0.000000e+00 0.000000e+00 -1.000000e+00
 outer loop
  vertex 9.8917651e-03 -1.4673047e-03 5.8000000e-02
  vertex 9.9518473e-03 -9.8017140e-04 5.8000000e-02
  vertex 1.1942217e-02 -1.1762057e-03 5.8000000e-02
 endloop
endfacet
facet normal 0.000000e+00 0.000000e+00 -1.000000e+00
 outer loop
  vertex 9.9518473e-03 -9.8017140e-04 5.8000000e-02
  vertex 1.1985545e-02 -5.8881209e-04 5.8000000e-02
  vertex 1.1942217e-02 -1.1762057e-03 5.8000000e-02
 endloop
endfacet
facet normal 0.000000e+00 0.000000e+00 -1.000000e+00
 outer loop
  vertex 9.9518473e-03 -9.8017140e-04 5.8000000e-02
  vertex 9.9879546e-03 -4.9067674e-04 5.8000000e-02
  vertex 1.1985545e-02 -5.8881209e-04 5.8000000e-02
 endloop
endfacet
facet normal 0.000000e+00 0.000000e+00 -1.000000e+00
 outer loop
  vertex 9.9879546e-03 -4.9067674e-04 5.8000000e-02
  vertex 1.2000000e-02 0.0000000e+00 5.8000000e-02
  vertex 1.1985545e-02 -5.8881209e-04 5.8000000e-02
 endloop
endfacet
facet normal 0.000000e+00 0.000000e+00 -1.000000e+00
 outer loop
  vertex 9.9879546e-03 -4.9067674e-04 5.8000000e-02
  vertex 1.0000000e-02 0.0000000e+00 5.8000000e-02
  vertex 1.2000000e-02 0.0000000e+00 5.8000000e-02
 endloop
endfacet
facet normal 9.996988e-01 2.454123e-02 -0.000000e+00
 outer loop
  vertex 1.2000000e-02 0.0000000e+00 5.8000000e-02
  vertex 1.1985545e-02 5.8881209e-04 3.0666700e-01
  vertex 1.2000000e-02 0.0000000e+00 3.0666700e-01
 endloop
endfacet
facet normal 9.996988e-01 2.454123e-02 0.000000e+00
 outer loop
  vertex 1.2000000e-02 0.0000000e+00 5.8000000e-02
  vertex 1.1985545e-02 5.8881209e-04 5.8000000e-02
  vertex 1.1985545e-02 5.8881209e-04 3.0666700e-01
 endloop
endfacet
facet normal 9.972905e-01 7.356456e-02 -0.000000e+00
 outer loop
  vertex 1.1985545e-02 5.8881209e-04 5.8000000e-02
  vertex 1.1942217e-02 1.1762057e-03 3.0666700e-01
  vertex 1.1985545e-02 5.8881209e-04 3.0666700e-01
 endloop
endfacet
facet normal 9.972905e-01 7.356456e-02 0.000000e+00
 outer loop
  vertex 1.1985545e-02 5.8881209e-04 5.8000000e-02
  vertex 1.1942217e-02 1.1762057e-03 5.8000000e-02
  vertex 1.1942217e-02 1.1762057e-03 3.0666700e-01
 endloop
endfacet
facet normal 9.924795e-01 1.224107e-01 -0.000000e+00
 outer loop
  vertex 1.1942217e-02 1.1762057e-03 5.8000000e-02
  vertex 1.1870118e-02 1.7607657e-03 3.0666700e-01
  vertex 1.1942217e-02 1.1762057e-03 3.0666700e-01
 endloop
endfacet
facet normal 9.924795e-01 1.224107e-01 0.000000e+00
 outer loop
  vertex 1.1942217e-02 1.1762057e-03 5.8000000e-02
  vertex 1.1870118e-02 1.7607657e-03 5.8000000e-02
  vertex 1.1870118e-02 1.7607657e-03 3.0666700e-01
 endloop
endfacet
facet normal 9.852776e-01 1.709619e-01 -0.000000e+00
 outer loop
  vertex 1.1870118e-02 1.7607657e-03 5.8000000e-02
  vertex 1.1769423e-02 2.3410839e-03 3.0666700e-01
  vertex 1.1870118e-02 1.7607657e-03 3.0666700e-01
 endloop
endfacet
facet normal 9.852776e-01 1.709619e-01 0.000000e+00
 outer loop
  vertex 1.1870118e-02 1.7607657e-03 5.8000000e-02
  vertex 1.1769423e-02 2.3410839e-03 5.8000000e-02
  vertex 1.1769423e-02 2.3410839e-03 3.0666700e-01
 endloop
endfacet
facet normal 9.757021e-01 2.191012e-01 -0.000000e+00
 outer loop
  vertex 1.1769423e-02 2.3410839e-03 5.8000000e-02
  vertex 1.1640375e-02 2.9157622e-03 3.0666700e-01
  vertex 1.1769423e-02 2.3410839e-03 3.0666700e-01
 endloop
endfacet
facet normal 9.757021e-01 2.191012e-01 0.000000e+00
 outer loop
  vertex 1.1769423e-02 2.3410839e-03 5.8000000e-02
  vertex 1.1640375e-02 2.9157622e-03 5.8000000e-02
  vertex 1.1640375e-02 2.9157622e-03 3.0666700e-01
 endloop
endfacet
facet normal 9.637761e-01 2.667128e-01 -0.000000e+00
 outer loop
  vertex 1.1640375e-02 2.9157622e-03 5.8000000e-02
  vertex 1.1483284e-02 3.4834161e-03 3.0666700e-01
  vertex 1.1640375e-02 2.9157622e-03 3.0666700e-01
 endloop
endfacet
facet normal 9.637761e-01 2.667128e-01 0.000000e+00
 outer loop
  vertex 1.1640375e-02 2.9157622e-03 5.8000000e-02
  vertex 1.1483284e-02 3.4834161e-03 5.8000000e-02
  vertex 1.1483284e-02 3.4834161e-03 3.0666700e-01
 endloop
endfacet
facet normal 9.495282e-01 3.136817e-01 -0.000000e+00
 outer loop
  vertex 1.1483284e-02 3.4834161e-03 5.8000000e-02
  vertex 1.1298529e-02 4.0426782e-03 3.0666700e-01
  vertex 1.1483284e-02 3.4834161e-03 3.0666700e-01
 endloop
endfacet
facet normal 9.495282e-01 3.136817e-01 0.000000e+00
 outer loop
  vertex 1.1483284e-02 3.4834161e-03 5.8000000e-02
  vertex 1.1298529e-02 4.0426782e-03 5.8000000e-02
  vertex 1.1298529e-02 4.0426782e-03 3.0666700e-01
 endloop
endfacet
facet normal 9.329928e-01 3.598950e-01 -0.000000e+00
 outer loop
  vertex 1.1298529e-02 4.0426782e-03 5.8000000e-02
  vertex 1.1086554e-02 4.5922012e-03 3.0666700e-01
  vertex 1.1298529e-02 4.0426782e-03 3.0666700e-01
 endloop
endfacet
facet normal 9.329928e-01 3.598950e-01 0.000000e+00
 outer loop
  vertex 1.1298529e-02 4.0426782e-03 5.8000000e-02
  vertex 1.1086554e-02 4.5922012e-03 5.8000000e-02
  vertex 1.1086554e-02 4.5922012e-03 3.0666700e-01
 endloop
endfacet
facet normal 9.142098e-01 4.052413e-01 -0.000000e+00
 outer loop
  vertex 1.1086554e-02 4.5922012e-03 5.8000000e-02
  vertex 1.0847872e-02 5.1306611e-03 3.0666700e-01
  vertex 1.1086554e-02 4.5922012e-03 3.0666700e-01
 endloop
endfacet
facet normal 9.142098e-01 4.052413e-01 0.000000e+00
 outer loop
  vertex 1.1086554e-02 4.5922012e-03 5.8000000e-02
  vertex 1.0847872e-02 5.1306611e-03 5.8000000e-02
  vertex 1.0847872e-02 5.1306611e-03 3.0666700e-01
 endloop
endfacet
facet normal 8.932243e-01 4.496113e-01 -0.000000e+00
 outer loop
  vertex 1.0847872e-02 5.1306611e-03 5.8000000e-02
  vertex 1.0583055e-02 5.6567608e-03 3.0666700e-01
  vertex 1.0847872e-02 5.1306611e-03 3.0666700e-01
 endloop
endfacet
facet normal 8.932243e-01 4.496113e-01 0.000000e+00
 outer loop
  vertex 1.0847872e-02 5.1306611e-03 5.8000000e-02
  vertex 1.0583055e-02 5.6567608e-03 5.8000000e-02
  vertex 1.0583055e-02 5.6567608e-03 3.0666700e-01
 endloop
endfacet
facet normal 8.700870e-01 4.928982e-01 -0.000000e+00
 outer loop
  vertex 1.0583055e-02 5.6567608e-03 5.8000000e-02
  vertex 1.0292743e-02 6.1692329e-03 3.0666700e-01
  vertex 1.0583055e-02 5.6567608e-03 3.0666700e-01
 endloop
endfacet
facet normal 8.700870e-01 4.928982e-01 0.000000e+00
 outer loop
  vertex 1.0583055e-02 5.6567608e-03 5.8000000e-02
  vertex 1.0292743e-02 6.1692329e-03 5.8000000e-02
  vertex 1.0292743e-02 6.1692329e-03 3.0666700e-01
 endloop
endfacet
facet normal 8.448536e-01 5.349976e-01 -0.000000e+00
 outer loop
  vertex 1.0292743e-02 6.1692329e-03 5.8000000e-02
  vertex 9.9776353e-03 6.6668428e-03 3.0666700e-01
  vertex 1.0292743e-02 6.1692329e-03 3.0666700e-01
 endloop
endfacet
facet normal 8.448536e-01 5.349976e-01 0.000000e+00
 outer loop
  vertex 1.0292743e-02 6.1692329e-03 5.8000000e-02
  vertex 9.9776353e-03 6.6668428e-03 5.8000000e-02
  vertex 9.9776353e-03 6.6668428e-03 3.0666700e-01
 endloop
endfacet
facet normal 8.175848e-01 5.758082e-01 -0.000000e+00
 outer loop
  vertex 9.9776353e-03 6.6668428e-03 5.8000000e-02
  vertex 9.6384904e-03 7.1483917e-03 3.0666700e-01
  vertex 9.9776353e-03 6.6668428e-03 3.0666700e-01
 endloop
endfacet
facet normal 8.175848e-01 5.758082e-01 0.000000e+00
 outer loop
  vertex 9.9776353e-03 6.6668428e-03 5.8000000e-02
  vertex 9.6384904e-03 7.1483917e-03 5.8000000e-02
  vertex 9.6384904e-03 7.1483917e-03 3.0666700e-01
 endloop
endfacet
facet normal 7.883464e-01 6.152316e-01 -0.000000e+00
 outer loop
  vertex 9.6384904e-03 7.1483917e-03 5.8000000e-02
  vertex 9.2761254e-03 7.6127194e-03 3.0666700e-01
  vertex 9.6384904e-03 7.1483917e-03 3.0666700e-01
 endloop
endfacet
facet normal 7.883464e-01 6.152316e-01 0.000000e+00
 outer loop
  vertex 9.6384904e-03 7.1483917e-03 5.8000000e-02
  vertex 9.2761254e-03 7.6127194e-03 5.8000000e-02
  vertex 9.2761254e-03 7.6127194e-03 3.0666700e-01
 endloop
endfacet
facet normal 7.572088e-01 6.531728e-01 -0.000000e+00
 outer loop
  vertex 9.2761254e-03 7.6127194e-03 5.8000000e-02
  vertex 8.8914135e-03 8.0587075e-03 3.0666700e-01
  vertex 9.2761254e-03 7.6127194e-03 3.0666700e-01
 endloop
endfacet
facet normal 7.572088e-01 6.531728e-01 0.000000e+00
 outer loop
  vertex 9.2761254e-03 7.6127194e-03 5.8000000e-02
  vertex 8.8914135e-03 8.0587075e-03 5.8000000e-02
  vertex 8.8914135e-03 8.0587075e-03 3.0666700e-01
 endloop
endfacet
facet normal 7.242471e-01 6.895405e-01 -0.000000e+00
 outer loop
  vertex 8.8914135e-03 8.0587075e-03 5.8000000e-02
  vertex 8.4852814e-03 8.4852814e-03 3.0666700e-01
  vertex 8.8914135e-03 8.0587075e-03 3.0666700e-01
 endloop
endfacet
facet normal 7.242471e-01 6.895405e-01 0.000000e+00
 outer loop
  vertex 8.8914135e-03 8.0587075e-03 5.8000000e-02
  vertex 8.4852814e-03 8.4852814e-03 5.8000000e-02
  vertex 8.4852814e-03 8.4852814e-03 3.0666700e-01
 endloop
endfacet
facet normal 6.895405e-01 7.242471e-01 -0.000000e+00
 outer loop
  vertex 8.4852814e-03 8.4852814e-03 5.8000000e-02
  vertex 8.0587075e-03 8.8914135e-03 3.0666700e-01
  vertex 8.4852814e-03 8.4852814e-03 3.0666700e-01
 endloop
endfacet
facet normal 6.895405e-01 7.242471e-01 0.000000e+00
 outer loop
  vertex 8.4852814e-03 8.4852814e-03 5.8000000e-02
  vertex 8.0587075e-03 8.8914135e-03 5.8000000e-02
  vertex 8.0587075e-03 8.8914135e-03 3.0666700e-01
 endloop
endfacet
facet normal 6.531728e-01 7.572088e-01 -0.000000e+00
 outer loop
  vertex 8.0587075e-03 8.8914135e-03 5.8000000e-02
  vertex 7.6127194e-03 9.2761254e-03 3.0666700e-01
  vertex 8.0587075e-03 8.8914135e-03 3.0666700e-01
 endloop
endfacet
facet normal 6.531728e-01 7.572088e-01 0.000000e+00
 outer loop
  vertex 8.0587075e-03 8.8914135e-03 5.8000000e-02
  vertex 7.6127194e-03 9.2761254e-03 5.8000000e-02
  vertex 7.6127194e-03 9.2761254e-03 3.0666700e-01
 endloop
endfacet
facet normal 6.152316e-01 7.883464e-01 -0.000000e+00
 outer loop
  vertex 7.6127194e-03 9.2761254e-03 5.8000000e-02
  vertex 7.1483917e-03 9.6384904e-03 3.0666700e-01
  vertex 7.6127194e-03 9.2761254e-03 3.0666700e-01
 endloop
endfacet
facet normal 6.152316e-01 7.883464e-01 0.000000e+00
 outer loop
  vertex 7.6127194e-03 9.2761254e-03 5.8000000e-02
  vertex 7.1483917e-03 9.6384904e-03 5.8000000e-02
  vertex 7.1483917e-03 9.6384904e-03 3.0666700e-01
 endloop
endfacet
facet normal 5.758082e-01 8.175848e-01 -0.000000e+00
 outer loop
  vertex 7.1483917e-03 9.6384904e-03 5.8000000e-02
  vertex 6.6668428e-03 9.9776353e-03 3.0666700e-01
  vertex 7.1483917e-03 9.6384904e-03 3.0666700e-01
 endloop
endfacet
facet normal 5.758082e-01 8.175848e-01 0.000000e+00
 outer loop
  vertex 7.1483917e-03 9.6384904e-03 5.8000000e-02
  vertex 6.6668428e-03 9.9776353e-03 5.8000000e-02
  vertex 6.6668428e-03 9.9776353e-03 3.0666700e-01
 endloop
endfacet
facet normal 5.349976e-01 8.448536e-01 -0.000000e+00
 outer loop
  vertex 6.6668428e-03 9.9776353e-03 5.8000000e-02
  vertex 6.1692329e-03 1.0292743e-02 3.0666700e-01
  vertex 6.6668428e-03 9.9776353e-03 3.0666700e-01
 endloop
endfacet
facet normal 5.349976e-01 8.448536e-01 0.000000e+00
 outer loop
  vertex 6.6668428e-03 9.9776353e-03 5.8000000e-02
  vertex 6.1692329e-03 1.0292743e-02 5.8000000e-02
  vertex 6.1692329e-03 1.0292743e-02 3.0666700e-01
 endloop
endfacet
facet normal 4.928982e-01 8.700870e-01 -0.000000e+00
 outer loop
  vertex 6.1692329e-03 1.0292743e-02 5.8000000e-02
  vertex 5.6567608e-03 1.0583055e-02 3.0666700e-01
  vertex 6.1692329e-03 1.0292743e-02 3.0666700e-01
 endloop
endfacet
facet normal 4.928982e-01 8.700870e-01 0.000000e+00
 outer loop
  vertex 6.1692329e-03 1.0292743e-02 5.8000000e-02
  vertex 5.6567608e-03 1.0583055e-02 5.8000000e-02
  vertex 5.6567608e-03 1.0583055e-02 3.0666700e-01
 endloop
endfacet
facet normal 4.496113e-01 8.932243e-01 -0.000000e+00
 outer loop
  vertex 5.6567608e-03 1.0583055e-02 5.8000000e-02
  vertex 5.1306611e-03 1.0847872e-02 3.0666700e-01
  vertex 5.6567608e-03 1.0583055e-02 3.0666700e-01
 endloop
endfacet
facet normal 4.496113e-01 8.932243e-01 0.000000e+00
 outer loop
  vertex 5.6567608e-03 1.0583055e-02 5.8000000e-02
  vertex 5.1306611e-03 1.0847872e-02 5.8000000e-02
  vertex 5.1306611e-03 1.0847872e-02 3.0666700e-01
 endloop
endfacet
facet normal 4.052413e-01 9.142098e-01 -0.000000e+00
 outer loop
  vertex 5.1306611e-03 1.0847872e-02 5.8000000e-02
  vertex 4.5922012e-03 1.1086554e-02 3.0666700e-01
  vertex 5.1306611e-03 1.0847872e-02 3.0666700e-01
 endloop
endfacet
facet normal 4.052413e-01 9.142098e-01 0.000000e+00
 outer loop
  vertex 5.1306611e-03 1.0847872e-02 5.8000000e-02
  vertex 4.5922012e-03 1.1086554e-02 5.8000000e-02
  vertex 4.5922012e-03 1.1086554e-02 3.0666700e-01
 endloop
endfacet
facet normal 3.598950e-01 9.329928e-01 -0.000000e+00
 outer loop
  vertex 4.5922012e-03 1.1086554e-02 5.8000000e-02
  vertex 4.0426782e-03 1.1298529e-02 3.0666700e-01
  vertex 4.5922012e-03 1.1086554e-02 3.0666700e-01
 endloop
endfacet
facet normal 3.598950e-01 9.329928e-01 0.000000e+00
 outer loop
  vertex 4.5922012e-03 1.1086554e-02 5.8000000e-02
  vertex 4.0426782e-03 1.1298529e-02 5.8000000e-02
  vertex 4.0426782e-03 1.1298529e-02 3.0666700e-01
 endloop
endfacet
facet normal 3.136817e-01 9.495282e-01 -0.000000e+00
 outer loop
  vertex 4.0426782e-03 1.1298529e-02 5.8000000e-02
  vertex 3.4834161e-03 1.1483284e-02 3.0666700e-01
  vertex 4.0426782e-03 1.1298529e-02 3.0666700e-01
 endloop
endfacet
facet normal 3.136817e-01 9.495282e-01 0.000000e+00
 outer loop
  vertex 4.0426782e-03 1.1298529e-02 5.8000000e-02
  vertex 3.4834161e-03 1.1483284e-02 5.8000000e-02
  vertex 3.4834161e-03 1.1483284e-02 3.0666700e-01
 endloop
endfacet
facet normal 2.667128e-01 9.637761e-01 -0.000000e+00
 outer loop
  vertex 3.4834161e-03 1.1483284e-02 5.8000000e-02
  vertex 2.9157622e-03 1.1640375e-02 3.0666700e-01
  vertex 3.4834161e-03 1.1483284e-02 3.0666700e-01
 endloop
endfacet
facet normal 2.667128e-01 9.637761e-01 0.000000e+00
 outer loop
  vertex 3.4834161e-03 1.1483284e-02 5.8000000e-02
  vertex 2.9157622e-03 1.1640375e-02 5.8000000e-02
  vertex 2.9157622e-03 1.1640375e-02 3.0666700e-01
 endloop
endfacet
facet normal 2.191012e-01 9.757021e-01 -0.000000e+00
 outer loop
  vertex 2.9157622e-03 1.1640375e-02 5.8000000e-02
  vertex 2.3410839e-03 1.1769423e-02 3.0666700e-01
  vertex 2.9157622e-03 1.1640375e-02 3.0666700e-01
 endloop
endfacet
facet normal 2.191012e-01 9.757021e-01 0.000000e+00
 outer loop
  vertex 2.9157622e-03 1.1640375e-02 5.8000000e-02
  vertex 2.3410839e-03 1.1769423e-02 5.8000000e-02
  vertex 2.3410839e-03 1.1769423e-02 3.0666700e-01
 endloop
endfacet
facet normal 1.709619e-01 9.852776e-01 -0.000000e+00
 outer loop
  vertex 2.3410839e-03 1.1769423e-02 5.8000000e-02
  vertex 1.7607657e-03 1.1870118e-02 3.0666700e-01
  vertex 2.3410839e-03 1.1769423e-02 3.0666700e-01
 endloop
endfacet
facet normal 1.709619e-01 9.852776e-01 0.000000e+00
 outer loop
  vertex 2.3410839e-03 1.1769423e-02 5.8000000e-02
  vertex 1.7607657e-03 1.1870118e-02 5.8000000e-02
  vertex 1.7607657e-03 1.1870118e-02 3.0666700e-01
 endloop
endfacet
facet normal 1.224107e-01 9.924795e-01 -0.000000e+00
 outer loop
  vertex 1.7607657e-03 1.1870118e-02 5.8000000e-02
  vertex 1.1762057e-03 1.1942217e-02 3.0666700e-01
  vertex 1.7607657e-03 1.1870118e-02 3.0666700e-01
 endloop
endfacet
facet normal 1.224107e-01 9.924795e-01 0.000000e+00
 outer loop
  vertex 1.7607657e-03 1.1870118e-02 5.8000000e-02
  vertex 1.1762057e-03 1.1942217e-02 5.8000000e-02
  vertex 1.1762057e-03 1.1942217e-02 3.0666700e-01
 endloop
endfacet
facet normal 7.356456e-02 9.972905e-01 -0.000000e+00
 outer loop
  vertex 1.1762057e-03 1.1942217e-02 5.8000000e-02
  vertex 5.8881209e-04 1.1985545e-02 3.0666700e-01
  vertex 1.1762057e-03 1.1942217e-02 3.0666700e-01
 endloop
endfacet
facet normal 7.356456e-02 9.972905e-01 0.000000e+00
 outer loop
  vertex 1.1762057e-03 1.1942217e-02 5.8000000e-02
  vertex 5.8881209e-04 1.1985545e-02 5.8000000e-02
  vertex 5.8881209e-04 1.1985545e-02 3.0666700e-01
 endloop
endfacet
facet normal 2.454123e-02 9.996988e-01 -0.000000e+00
 outer loop
  vertex 5.8881209e-04 1.1985545e-02 5.8000000e-02
  vertex 7.3478808e-19 1.2000000e-02 3.0666700e-01
  vertex 5.8881209e-04 1.1985545e-02 3.0666700e-01
 endloop
endfacet
facet normal 2.454123e-02 9.996988e-01 0.000000e+00
 outer loop
  vertex 5.8881209e-04 1.1985545e-02 5.8000000e-02
  vertex 7.3478808e-19 1.2000000e-02 5.8000000e-02
  vertex 7.3478808e-19 1.2000000e-02 3.0666700e-01
 endloop
endfacet
facet normal -2.454123e-02 9.996988e-01 0.000000e+00
 outer loop
  vertex 7.3478808e-19 1.2000000e-02 5.8000000e-02
  vertex -5.8881209e-04 1.1985545e-02 3.0666700e-01
  vertex 7.3478808e-19 1.2000000e-02 3.0666700e-01
 endloop
endfacet
facet normal -2.454123e-02 9.996988e-01 0.000000e+00
 outer loop
  vertex 7.3478808e-19 1.2000000e-02 5.8000000e-02
  vertex -5.8881209e-04 1.1985545e-02 5.8000000e-02
  vertex -5.8881209e-04 1.1985545e-02 3.0666700e-01
 endloop
endfacet
facet normal -7.356456e-02 9.972905e-01 0.000000e+00
 outer loop
  vertex -5.8881209e-04 1.1985545e-02 5.8000000e-02
  vertex -1.1762057e-03 1.1942217e-02 3.0666700e-01
  vertex -5.8881209e-04 1.1985545e-02 3.0666700e-01
 endloop
endfacet
facet normal -7.356456e-02 9.972905e-01 0.000000e+00
 outer loop
  vertex -5.8881209e-04 1.1985545e-02 5.8000000e-02
  vertex -1.1762057e-03 1.1942217e-02 5.8000000e-02
  vertex -1.1762057e-03 1.1942217e-02 3.0666700e-01
 endloop
endfacet
facet normal -1.224107e-01 9.924795e-01 0.000000e+00
 outer loop
  vertex -1.1762057e-03 1.1942217e-02 5.8000000e-02
  vertex -1.7607657e-03 1.1870118e-02 3.0666700e-01
  vertex -1.1762057e-03 1.1942217e-02 3.0666700e-01
 endloop
endfacet
facet normal -1.224107e-01 9.924795e-01 0.000000e+00
 outer loop
  vertex -1.1762057e-03 1.1942217e-02 5.8000000e-02
  vertex -1.7607657e-03 1.1870118e-02 5.8000000e-02
  vertex -1.7607657e-03 1.1870118e-02 3.0666700e-01
 endloop
endfacet
facet normal -1.709619e-01 9.852776e-01 0.000000e+00
 outer loop
  vertex -1.7607657e-03 1.1870118e-02 5.8000000e-02
  vertex -2.3410839e-03 1.1769423e-02 3.0666700e-01
  vertex -1.7607657e-03 1.1870118e-02 3.0666700e-01
 endloop
endfacet
facet normal -1.709619e-01 9.852776e-01 0.000000e+00
 outer loop
  vertex -1.7607657e-03 1.1870118e-02 5.8000000e-02
  vertex -2.3410839e-03 1.1769423e-02 5.8000000e-02
  vertex -2.3410839e-03 1.1769423e-02 3.0666700e-01
 endloop
endfacet
facet normal -2.191012e-01 9.757021e-01 0.000000e+00
 outer loop
  vertex -2.3410839e-03 1.1769423e-02 5.8000000e-02
  vertex -2.9157622e-03 1.1640375e-02 3.0666700e-01
  vertex -2.3410839e-03 1.1769423e-02 3.0666700e-01
 endloop
endfacet
facet normal -2.191012e-01 9.757021e-01 0.000000e+00
 outer loop
  vertex -2.3410839e-03 1.1769423e-02 5.8000000e-02
  vertex -2.9157622e-03 1.1640375e-02 5.8000000e-02
  vertex -2.9157622e-03 1.1640375e-02 3.0666700e-01
 endloop
endfacet
facet normal -2.667128e-01 9.637761e-01 0.000000e+00
 outer loop
  vertex -2.9157622e-03 1.1640375e-02 5.8000000e-02
  vertex -3.4834161e-03 1.1483284e-02 3.0666700e-01
  vertex -2.9157622e-03 1.1640375e-02 3.0666700e-01
 endloop
endfacet
facet normal -2.667128e-01 9.637761e-01 0.000000e+00
 outer loop
  vertex -2.9157622e-03 1.1640375e-02 5.8000000e-02
  vertex -3.4834161e-03 1.1483284e-02 5.8000000e-02
  vertex -3.4834161e-03 1.1483284e-02 3.0666700e-01
 endloop
endfacet
facet normal -3.136817e-01 9.495282e-01 0.000000e+00
 outer loop
  vertex -3.4834161e-03 1.1483284e-02 5.8000000e-02
  vertex -4.0426782e-03 1.1298529e-02 3.0666700e-01
  vertex -3.4834161e-03 1.1483284e-02 3.0666700e-01
 endloop
endfacet
facet normal -3.136817e-01 9.495282e-01 0.000000e+00
 outer loop
  vertex -3.4834161e-03 1.1483284e-02 5.8000000e-02
  vertex -4.0426782e-03 1.1298529e-02 5.8000000e-02
  vertex -4.0426782e-03 1.1298529e-02 3.0666700e-01
 endloop
endfacet
facet normal -3.598950e-01 9.329928e-01 0.000000e+00
 outer loop
  vertex -4.0426782e-03 1.1298529e-02 5.8000000e-02
  vertex -4.5922012e-03 1.1086554e-02 3.0666700e-01
  vertex -4.0426782e-03 1.1298529e-02 3.0666700e-01
 endloop
endfacet
facet normal -3.598950e-01 9.329928e-01 0.000000e+00
 outer loop
  vertex -4.0426782e-03 1.1298529e-02 5.8000000e-02
  vertex -4.5922012e-03 1.1086554e-02 5.8000000e-02
  vertex -4.5922012e-03 1.1086554e-02 3.0666700e-01
 endloop
endfacet
facet normal -4.052413e-01 9.142098e-01 0.000000e+00
 outer loop
  vertex -4.5922012e-03 1.1086554e-02 5.8000000e-02
  vertex -5.1306611e-03 1.0847872e-02 3.0666700e-01
  vertex -4.5922012e-03 1.1086554e-02 3.0666700e-01
 endloop
endfacet
facet normal -4.052413e-01 9.142098e-01 0.000000e+00
 outer loop
  vertex -4.5922012e-03 1.1086554e-02 5.8000000e-02
  vertex -5.1306611e-03 1.0847872e-02 5.8000000e-02
  vertex -5.1306611e-03 1.0847872e-02 3.0666700e-01
 endloop
endfacet
facet normal -4.496113e-01 8.932243e-01 0.000000e+00
 outer loop
  vertex -5.1306611e-03 1.0847872e-02 5.8000000e-02
  vertex -5.6567608e-03 1.0583055e-02 3.0666700e-01
  vertex -5.1306611e-03 1.0847872e-02 3.0666700e-01
 endloop
endfacet
facet normal -4.496113e-01 8.932243e-01 0.000000e+00
 outer loop
  vertex -5.1306611e-03 1.0847872e-02 5.8000000e-02
  vertex -5.6567608e-03 1.0583055e-02 5.8000000e-02
  vertex -5.6567608e-03 1.0583055e-02 3.0666700e-01
 endloop
endfacet
facet normal -4.928982e-01 8.700870e-01 0.000000e+00
 outer loop
  vertex -5.6567608e-03 1.0583055e-02 5.8000000e-02
  vertex -6.1692329e-03 1.0292743e-02 3.0666700e-01
  vertex -5.6567608e-03 1.0583055e-02 3.0666700e-01
 endloop
endfacet
facet normal -4.928982e-01 8.700870e-01 0.000000e+00
 outer loop
  vertex -5.6567608e-03 1.0583055e-02 5.8000000e-02
  vertex -6.1692329e-03 1.0292743e-02 5.8000000e-02
  vertex -6.1692329e-03 1.0292743e-02 3.0666700e-01
 endloop
endfacet
facet normal -5.349976e-01 8.448536e-01 0.000000e+00
 outer loop
  vertex -6.1692329e-03 1.0292743e-02 5.8000000e-02
  vertex -6.6668428e-03 9.9776353e-03 3.0666700e-01
  vertex -6.1692329e-03 1.0292743e-02 3.0666700e-01
 endloop
endfacet
facet normal -5.349976e-01 8.448536e-01 0.000000e+00
 outer loop
  vertex -6.1692329e-03 1.0292743e-02 5.8000000e-02
  vertex -6.6668428e-03 9.9776353e-03 5.8000000e-02
  vertex -6.6668428e-03 9.9776353e-03 3.0666700e-01
 endloop
endfacet
facet normal -5.758082e-01 8.175848e-01 0.000000e+00
 outer loop
  vertex -6.6668428e-03 9.9776353e-03 5.8000000e-02
  vertex -7.1483917e-03 9.6384904e-03 3.0666700e-01
  vertex -6.6668428e-03 9.9776353e-03 3.0666700e-01
 endloop
endfacet
facet normal -5.758082e-01 8.175848e-01 0.000000e+00
 outer loop
  vertex -6.6668428e-03 9.9776353e-03 5.8000000e-02
  vertex -7.1483917e-03 9.6384904e-03 5.8000000e-02
  vertex -7.1483917e-03 9.6384904e-03 3.0666700e-01
 endloop
endfacet
facet normal -6.152316e-01 7.883464e-01 0.000000e+00
 outer loop
  vertex -7.1483917e-03 9.6384904e-03 5.8000000e-02
  vertex -7.6127194e-03 9.2761254e-03 3.0666700e-01
  vertex -7.1483917e-03 9.6384904e-03 3.0666700e-01
 endloop
endfacet
facet normal -6.152316e-01 7.883464e-01 0.000000e+00
 outer loop
  vertex -7.1483917e-03 9.6384904e-03 5.8000000e-02
  vertex -7.6127194e-03 9.2761254e-03 5.8000000e-02
  vertex -7.6127194e-03 9.2761254e-03 3.0666700e-01
 endloop
endfacet
facet normal -6.531728e-01 7.572088e-01 0.000000e+00
 outer loop
  vertex -7.6127194e-03 9.2761254e-03 5.8000000e-02
  vertex -8.0587075e-03 8.8914135e-03 3.0666700e-01
  vertex -7.6127194e-03 9.2761254e-03 3.0666700e-01
 endloop
endfacet
facet normal -6.531728e-01 7.572088e-01 0.000000e+00
 outer loop
  vertex -7.6127194e-03 9.2761254e-03 5.8000000e-02
  vertex -8.0587075e-03 8.8914135e-03 5.8000000e-02
  vertex -8.0587075e-03 8.8914135e-03 3.0666700e-01
 endloop
endfacet
facet normal -6.895405e-01 7.242471e-01 0.000000e+00
 outer loop
  vertex -8.0587075e-03 8.8914135e-03 5.8000000e-02
  vertex -8.4852814e-03 8.4852814e-03 3.0666700e-01
  vertex -8.0587075e-03 8.8914135e-03 3.0666700e-01
 endloop
endfacet
facet normal -6.895405e-01 7.242471e-01 0.000000e+00
 outer loop
  vertex -8.0587075e-03 8.8914135e-03 5.8000000e-02
  vertex -8.4852814e-03 8.4852814e-03 5.8000000e-02
  vertex -8.4852814e-03 8.4852814e-03 3.0666700e-01
 endloop
endfacet
facet normal -7.242471e-01 6.895405e-01 0.000000e+00
 outer loop
  vertex -8.4852814e-03 8.4852814e-03 5.8000000e-02
  vertex -8.8914135e-03 8.0587075e-03 3.0666700e-01
  vertex -8.4852814e-03 8.4852814e-03 3.0666700e-01
 endloop
endfacet
facet normal -7.242471e-01 6.895405e-01 0.000000e+00
 outer loop
  vertex -8.4852814e-03 8.4852814e-03 5.8000000e-02
  vertex -8.8914135e-03 8.0587075e-03 5.8000000e-02
  vertex -8.8914135e-03 8.0587075e-03 3.0666700e-01
 endloop
endfacet
facet normal -7.572088e-01 6.531728e-01 0.000000e+00
 outer loop
  vertex -8.8914135e-03 8.0587075e-03 5.8000000e-02
  vertex -9.2761254e-03 7.6127194e-03 3.0666700e-01
  vertex -8.8914135e-03 8.0587075e-03 3.0666700e-01
 endloop
endfacet
facet normal -7.572088e-01 6.531728e-01 0.000000e+00
 outer loop
  vertex -8.8914135e-03 8.0587075e-03 5.8000000e-02
  vertex -9.2761254e-03 7.6127194e-03 5.8000000e-02
  vertex -9.2761254e-03 7.6127194e-03 3.0666700e-01
 endloop
endfacet
facet normal -7.883464e-01 6.152316e-01 0.000000e+00
 outer loop
  vertex -9.2761254e-03 7.6127194e-03 5.8000000e-02
  vertex -9.6384904e-03 7.1483917e-03 3.0666700e-01
  vertex -9.2761254e-03 7.6127194e-03 3.0666700e-01
 endloop
endfacet
facet normal -7.883464e-01 6.152316e-01 0.000000e+00
 outer loop
  vertex -9.2761254e-03 7.6127194e-03 5.8000000e-02
  vertex -9.6384904e-03 7.1483917e-03 5.8000000e-02
  vertex -9.6384904e-03 7.1483917e-03 3.0666700e-01
 endloop
endfacet
facet normal -8.175848e-01 5.758082e-01 0.000000e+00
 outer loop
  vertex -9.6384904e-03 7.1483917e-03 5.8000000e-02
  vertex -9.9776353e-03 6.6668428e-03 3.0666700e-01
  vertex -9.6384904e-03 7.1483917e-03 3.0666700e-01
 endloop
endfacet
facet normal -8.175848e-01 5.758082e-01 0.000000e+00
 outer loop
  vertex -9.6384904e-03 7.1483917e-03 5.8000000e-02
  vertex -9.9776353e-03 6.6668428e-03 5.8000000e-02
  vertex -9.9776353e-03 6.6668428e-03 3.0666700e-01
 endloop
endfacet
facet normal -8.448536e-01 5.349976e-01 0.000000e+00
 outer loop
  vertex -9.9776353e-03 6.6668428e-03 5.8000000e-02
  vertex -1.0292743e-02 6.1692329e-03 3.0666700e-01
  vertex -9.9776353e-03 6.6668428e-03 3.0666700e-01
 endloop
endfacet
facet normal -8.448536e-01 5.349976e-01 0.000000e+00
 outer loop
  vertex -9.9776353e-03 6.6668428e-03 5.8000000e-02
  vertex -1.0292743e-02 6.1692329e-03 5.8000000e-02
  vertex -1.0292743e-02 6.1692329e-03 3.0666700e-01
 endloop
endfacet
facet normal -8.700870e-01 4.928982e-01 0.000000e+00
 outer loop
  vertex -1.0292743e-02 6.1692329e-03 5.8000000e-02
  vertex -1.0583055e-02 5.6567608e-03 3.0666700e-01
  vertex -1.0292743e-02 6.1692329e-03 3.0666700e-01
 endloop
endfacet
facet normal -8.700870e-01 4.928982e-01 0.000000e+00
 outer loop
  vertex -1.0292743e-02 6.1692329e-03 5.8000000e-02
  vertex -1.0583055e-02 5.6567608e-03 5.8000000e-02
  vertex -1.0583055e-02 5.6567608e-03 3.0666700e-01
 endloop
endfacet
facet normal -8.932243e-01 4.496113e-01 0.000000e+00
 outer loop
  vertex -1.0583055e-02 5.6567608e-03 5.8000000e-02
  vertex -1.0847872e-02 5.1306611e-03 3.0666700e-01
  vertex -1.0583055e-02 5.6567608e-03 3.0666700e-01
 endloop
endfacet
facet normal -8.932243e-01 4.496113e-01 0.000000e+00
 outer loop
  vertex -1.0583055e-02 5.6567608e-03 5.8000000e-02
  vertex -1.0847872e-02 5.1306611e-03 5.8000000e-02
  vertex -1.0847872e-02 5.1306611e-03 3.0666700e-01
 endloop
endfacet
facet normal -9.142098e-01 4.052413e-01 0.000000e+00
 outer loop
  vertex -1.0847872e-02 5.1306611e-03 5.8000000e-02
  vertex -1.1086554e-02 4.5922012e-03 3.0666700e-01
  vertex -1.0847872e-02 5.1306611e-03 3.0666700e-01
 endloop
endfacet
facet normal -9.142098e-01 4.052413e-01 0.000000e+00
 outer loop
  vertex -1.0847872e-02 5.1306611e-03 5.8000000e-02
  vertex -1.1086554e-02 4.5922012e-03 5.8000000e-02
  vertex -1.1086554e-02 4.5922012e-03 3.0666700e-01
 endloop
endfacet
facet normal -9.329928e-01 3.598950e-01 0.000000e+00
 outer loop
  vertex -1.1086554e-02 4.5922012e-03 5.8000000e-02
  vertex -1.1298529e-02 4.0426782e-03 3.0666700e-01
  vertex -1.1086554e-02 4.5922012e-03 3.0666700e-01
 endloop
endfacet
facet normal -9.329928e-01 3.598950e-01 0.000000e+00
 outer loop
  vertex -1.1086554e-02 4.5922012e-03 5.8000000e-02
  vertex -1.1298529e-02 4.0426782e-03 5.8000000e-02
  vertex -1.1298529e-02 4.0426782e-03 3.0666700e-01
 endloop
endfacet
facet normal -9.495282e-01 3.136817e-01 0.000000e+00
 outer loop
  vertex -1.1298529e-02 4.0426782e-03 5.8000000e-02
  vertex -1.1483284e-02 3.4834161e-03 3.0666700e-01
  vertex -1.1298529e-02 4.0426782e-03 3.0666700e-01
 endloop
endfacet
facet normal -9.495282e-01 3.136817e-01 0.000000e+00
 outer loop
  vertex -1.1298529e-02 4.0426782e-03 5.8000000e-02
  vertex -1.1483284e-02 3.4834161e-03 5.8000000e-02
  vertex -1.1483284e-02 3.4834161e-03 3.0666700e-01
 endloop
endfacet
facet normal -9.637761e-01 2.667128e-01 0.000000e+00
 outer loop
  vertex -1.1483284e-02 3.4834161e-03 5.8000000e-02
  vertex -1.1640375e-02 2.9157622e-03 3.0666700e-01
  vertex -1.1483284e-02 3.4834161e-03 3.0666700e-01
 endloop
endfacet
facet normal -9.637761e-01 2.667128e-01 0.000000e+00
 outer loop
  vertex -1.1483284e-02 3.4834161e-03 5.8000000e-02
  vertex -1.1640375e-02 2.9157622e-03 5.8000000e-02
  vertex -1.1640375e-02 2.9157622e-03 3.0666700e-01
 endloop
endfacet
facet normal -9.757021e-01 2.191012e-01 0.000000e+00
 outer loop
  vertex -1.1640375e-02 2.9157622e-03 5.8000000e-02
  vertex -1.1769423e-02 2.3410839e-03 3.0666700e-01
  vertex -1.1640375e-02 2.9157622e-03 3.0666700e-01
 endloop
endfacet
facet normal -9.757021e-01 2.191012e-01 0.000000e+00
 outer loop
  vertex -1.1640375e-02 2.9157622e-03 5.8000000e-02
  vertex -1.1769423e-02 2.3410839e-03 5.8000000e-02
  vertex -1.1769423e-02 2.3410839e-03 3.0666700e-01
 endloop
endfacet
facet normal -9.852776e-01 1.709619e-01 0.000000e+00
 outer loop
  vertex -1.1769423e-02 2.3410839e-03 5.8000000e-02
  vertex -1.1870118e-02 1.7607657e-03 3.0666700e-01
  vertex -1.1769423e-02 2.3410839e-03 3.0666700e-01
 endloop
endfacet
facet normal -9.852776e-01 1.709619e-01 0.000000e+00
 outer loop
  vertex -1.1769423e-02 2.3410839e-03 5.8000000e-02
  vertex -1.1870118e-02 1.7607657e-03 5.8000000e-02
  vertex -1.1870118e-02 1.7607657e-03 3.0666700e-01
 endloop
endfacet
facet normal -9.924795e-01 1.224107e-01 0.000000e+00
 outer loop
  vertex -1.1870118e-02 1.7607657e-03 5.8000000e-02
  vertex -1.1942217e-02 1.1762057e-03 3.0666700e-01
  vertex -1.1870118e-02 1.7607657e-03 3.0666700e-01
 endloop
endfacet
facet normal -9.924795e-01 1.224107e-01 0.000000e+00
 outer loop
  vertex -1.1870118e-02 1.7607657e-03 5.8000000e-02
  vertex -1.1942217e-02 1.1762057e-03 5.8000000e-02
  vertex -1.1942217e-02 1.1762057e-03 3.0666700e-01
 endloop
endfacet
facet normal -9.972905e-01 7.356456e-02 0.000000e+00
 outer loop
  vertex -1.1942217e-02 1.1762057e-03 5.8000000e-02
  vertex -1.1985545e-02 5.8881209e-04 3.0666700e-01
  vertex -1.1942217e-02 1.1762057e-03 3.0666700e-01
 endloop
endfacet
facet normal -9.972905e-01 7.356456e-02 0.000000e+00
 outer loop
  vertex -1.1942217e-02 1.1762057e-03 5.8000000e-02
  vertex -1.1985545e-02 5.8881209e-04 5.8000000e-02
  vertex -1.1985545e-02 5.8881209e-04 3.0666700e-01
 endloop
endfacet
facet normal -9.996988e-01 2.454123e-02 0.000000e+00
 outer loop
  vertex -1.1985545e-02 5.8881209e-04 5.8000000e-02
  vertex -1.2000000e-02 1.4695762e-18 3.0666700e-01
  vertex -1.1985545e-02 5.8881209e-04 3.0666700e-01
 endloop
endfacet
facet normal -9.996988e-01 2.454123e-02 0.000000e+00
 outer loop
  vertex -1.1985545e-02 5.8881209e-04 5.8000000e-02
  vertex -1.2000000e-02 1.4695762e-18 5.8000000e-02
  vertex -1.2000000e-02 1.4695762e-18 3.0666700e-01
 endloop
endfacet
facet normal -9.996988e-01 -2.454123e-02 0.000000e+00
 outer loop
  vertex -1.2000000e-02 1.4695762e-18 5.8000000e-02
  vertex -1.1985545e-02 -5.8881209e-04 3.0666700e-01
  vertex -1.2000000e-02 1.4695762e-18 3.0666700e-01
 endloop
endfacet
facet normal -9.996988e-01 -2.454123e-02 0.000000e+00
 outer loop
  vertex -1.2000000e-02 1.4695762e-18 5.8000000e-02
  vertex -1.1985545e-02 -5.8881209e-04 5.8000000e-02
  vertex -1.1985545e-02 -5.8881209e-04 3.0666700e-01
 endloop
endfacet
facet normal -9.972905e-01 -7.356456e-02 0.000000e+00
 outer loop
  vertex -1.1985545e-02 -5.8881209e-04 5.8000000e-02
  vertex -1.1942217e-02 -1.1762057e-03 3.0666700e-01
  vertex -1.1985545e-02 -5.8881209e-04 3.0666700e-01
 endloop
endfacet
facet normal -9.972905e-01 -7.356456e-02 0.000000e+00
 outer loop
  vertex -1.1985545e-02 -5.8881209e-04 5.8000000e-02
  vertex -1.1942217e-02 -1.1762057e-03 5.8000000e-02
  vertex -1.1942217e-02 -1.1762057e-03 3.0666700e-01
 endloop
endfacet
facet normal -9.924795e-01 -1.224107e-01 0.000000e+00
 outer loop
  vertex -1.1942217e-02 -1.1762057e-03 5.8000000e-02
  vertex -1.1870118e-02 -1.7607657e-03 3.0666700e-01
  vertex -1.1942217e-02 -1.1762057e-03 3.0666700e-01
 endloop
endfacet
facet normal -9.924795e-01 -1.224107e-01 0.000000e+00
 outer loop
  vertex -1.1942217e-02 -1.1762057e-03 5.8000000e-02
  vertex -1.1870118e-02 -1.7607657e-03 5.8000000e-02
  vertex -1.1870118e-02 -1.7607657e-03 3.0666700e-01
 endloop
endfacet
facet normal -9.852776e-01 -1.709619e-01 0.000000e+00
 outer loop
  vertex -1.1870118e-02 -1.7607657e-03 5.8000000e-02
  vertex -1.1769423e-02 -2.3410839e-03 3.0666700e-01
  vertex -1.1870118e-02 -1.7607657e-03 3.0666700e-01
 endloop
endfacet
facet normal -9.852776e-01 -1.709619e-01 0.000000e+00
 outer loop
  vertex -1.1870118e-02 -1.7607657e-03 5.8000000e-02
  vertex -1.1769423e-02 -2.3410839e-03 5.8000000e-02
  vertex -1.1769423e-02 -2.3410839e-03 3.0666700e-01
 endloop
endfacet
facet normal -9.757021e-01 -2.191012e-01 0.000000e+00
 outer loop
  vertex -1.1769423e-02 -2.3410839e-03 5.8000000e-02
  vertex -1.1640375e-02 -2.9157622e-03 3.0666700e-01
  vertex -1.1769423e-02 -2.3410839e-03 3.0666700e-01
 endloop
endfacet
facet normal -9.757021e-01 -2.191012e-01 0.000000e+00
 outer loop
  vertex -1.1769423e-02 -2.3410839e-03 5.8000000e-02
  vertex -1.1640375e-02 -2.9157622e-03 5.8000000e-02
  vertex -1.1640375e-02 -2.9157622e-03 3.0666700e-01
 endloop
endfacet
facet normal -9.637761e-01 -2.667128e-01 0.000000e+00
 outer loop
  vertex -1.1640375e-02 -2.9157622e-03 5.8000000e-02
  vertex -1.1483284e-02 -3.4834161e-03 3.0666700e-01
  vertex -1.1640375e-02 -2.9157622e-03 3.0666700e-01
 endloop
endfacet
facet normal -9.637761e-01 -2.667128e-01 0.000000e+00
 outer loop
  vertex -1.1640375e-02 -2.9157622e-03 5.8000000e-02
  vertex -1.1483284e-02 -3.4834161e-03 5.8000000e-02
  vertex -1.1483284e-02 -3.4834161e-03 3.0666700e-01
 endloop
endfacet
facet normal -9.495282e-01 -3.136817e-01 0.000000e+00
 outer loop
  vertex -1.1483284e-02 -3.4834161e-03 5.8000000e-02
  vertex -1.1298529e-02 -4.0426782e-03 3.0666700e-01
  vertex -1.1483284e-02 -3.4834161e-03 3.0666700e-01
 endloop
endfacet
facet normal -9.495282e-01 -3.136817e-01 0.000000e+00
 outer loop
  vertex -1.1483284e-02 -3.4834161e-03 5.8000000e-02
  vertex -1.1298529e-02 -4.0426782e-03 5.8000000e-02
  vertex -1.1298529e-02 -4.0426782e-03 3.0666700e-01
 endloop
endfacet
facet normal -9.329928e-01 -3.598950e-01 0.000000e+00
 outer loop
  vertex -1.1298529e-02 -4.0426782e-03 5.8000000e-02
  vertex -1.1086554e-02 -4.5922012e-03 3.0666700e-01
  vertex -1.1298529e-02 -4.0426782e-03 3.0666700e-01
 endloop
endfacet
facet normal -9.329928e-01 -3.598950e-01 0.000000e+00
 outer loop
  vertex -1.1298529e-02 -4.0426782e-03 5.8000000e-02
  vertex -1.1086554e-02 -4.5922012e-03 5.8000000e-02
  vertex -1.1086554e-02 -4.5922012e-03 3.0666700e-01
 endloop
endfacet
facet normal -9.142098e-01 -4.052413e-01 0.000000e+00
 outer loop
  vertex -1.1086554e-02 -4.5922012e-03 5.8000000e-02
  vertex -1.0847872e-02 -5.1306611e-03 3.0666700e-01
  vertex -1.1086554e-02 -4.5922012e-03 3.0666700e-01
 endloop
endfacet
facet normal -9.142098e-01 -4.052413e-01 0.000000e+00
 outer loop
  vertex -1.1086554e-02 -4.5922012e-03 5.8000000e-02
  vertex -1.0847872e-02 -5.1306611e-03 5.8000000e-02
  vertex -1.0847872e-02 -5.1306611e-03 3.0666700e-01
 endloop
endfacet
facet normal -8.932243e-01 -4.496113e-01 0.000000e+00
 outer loop
  vertex -1.0847872e-02 -5.1306611e-03 5.8000000e-02
  vertex -1.0583055e-02 -5.6567608e-03 3.0666700e-01
  vertex -1.0847872e-02 -5.1306611e-03 3.0666700e-01
 endloop
endfacet
facet normal -8.932243e-01 -4.496113e-01 0.000000e+00
 outer loop
  vertex -1.0847872e-02 -5.1306611e-03 5.8000000e-02
  vertex -1.0583055e-02 -5.6567608e-03 5.8000000e-02
  vertex -1.0583055e-02 -5.6567608e-03 3.0666700e-01
 endloop
endfacet
facet normal -8.700870e-01 -4.928982e-01 0.000000e+00
 outer loop
  vertex -1.0583055e-02 -5.6567608e-03 5.8000000e-02
  vertex -1.0292743e-02 -6.1692329e-03 3.0666700e-01
  vertex -1.0583055e-02 -5.6567608e-03 3.0666700e-01
 endloop
endfacet
facet normal -8.700870e-01 -4.928982e-01 0.000000e+00
 outer loop
  vertex -1.0583055e-02 -5.6567608e-03 5.8000000e-02
  vertex -1.0292743e-02 -6.1692329e-03 5.8000000e-02
  vertex -1.0292743e-02 -6.1692329e-03 3.0666700e-01
 endloop
endfacet
facet normal -8.448536e-01 -5.349976e-01 0.000000e+00
 outer loop
  vertex -1.0292743e-02 -6.1692329e-03 5.8000000e-02
  vertex -9.9776353e-03 -6.6668428e-03 3.0666700e-01
  vertex -1.0292743e-02 -6.1692329e-03 3.0666700e-01
 endloop
endfacet
facet normal -8.448536e-01 -5.349976e-01 0.000000e+00
 outer loop
  vertex -1.0292743e-02 -6.1692329e-03 5.8000000e-02
  vertex -9.9776353e-03 -6.6668428e-03 5.8000000e-02
  vertex -9.9776353e-03 -6.6668428e-03 3.0666700e-01
 endloop
endfacet
facet normal -8.175848e-01 -5.758082e-01 0.000000e+00
 outer loop
  vertex -9.9776353e-03 -6.6668428e-03 5.8000000e-02
  vertex -9.6384904e-03 -7.1483917e-03 3.0666700e-01
  vertex -9.9776353e-03 -6.6668428e-03 3.0666700e-01
 endloop
endfacet
facet normal -8.175848e-01 -5.758082e-01 0.000000e+00
 outer loop
  vertex -9.9776353e-03 -6.6668428e-03 5.8000000e-02
  vertex -9.6384904e-03 -7.1483917e-03 5.8000000e-02
  vertex -9.6384904e-03 -7.1483917e-03 3.0666700e-01
 endloop
endfacet
facet normal -7.883464e-01 -6.152316e-01 0.000000e+00
 outer loop
  vertex -9.6384904e-03 -7.1483917e-03 5.8000000e-02
  vertex -9.2761254e-03 -7.6127194e-03 3.0666700e-01
  vertex -9.6384904e-03 -7.1483917e-03 3.0666700e-01
 endloop
endfacet
facet normal -7.883464e-01 -6.152316e-01 0.000000e+00
 outer loop
  vertex -9.6384904e-03 -7.1483917e-03 5.8000000e-02
  vertex -9.2761254e-03 -7.6127194e-03 5.8000000e-02
  vertex -9.2761254e-03 -7.6127194e-03 3.0666700e-01
 endloop
endfacet
facet normal -7.572088e-01 -6.531728e-01 0.000000e+00
 outer loop
  vertex -9.2761254e-03 -7.6127194e-03 5.8000000e-02
  vertex -8.8914135e-03 -8.0587075e-03 3.0666700e-01
  vertex -9.2761254e-03 -7.6127194e-03 3.0666700e-01
 endloop
endfacet
facet normal -7.572088e-01 -6.531728e-01 0.000000e+00
 outer loop
  vertex -9.2761254e-03 -7.6127194e-03 5.8000000e-02
  vertex -8.8914135e-03 -8.0587075e-03 5.8000000e-02
  vertex -8.8914135e-03 -8.0587075e-03 3.0666700e-01
 endloop
endfacet
facet normal -7.242471e-01 -6.895405e-01 0.000000e+00
 outer loop
  vertex -8.8914135e-03 -8.0587075e-03 5.8000000e-02
  vertex -8.4852814e-03 -8.4852814e-03 3.0666700e-01
  vertex -8.8914135e-03 -8.0587075e-03 3.0666700e-01
 endloop
endfacet
facet normal -7.242471e-01 -6.895405e-01 0.000000e+00
 outer loop
  vertex -8.8914135e-03 -8.0587075e-03 5.8000000e-02
  vertex -8.4852814e-03 -8.4852814e-03 5.8000000e-02
  vertex -8.4852814e-03 -8.4852814e-03 3.0666700e-01
 endloop
endfacet
facet normal -6.895405e-01 -7.242471e-01 0.000000e+00
 outer loop
  vertex -8.4852814e-03 -8.4852814e-03 5.8000000e-02
  vertex -8.0587075e-03 -8.8914135e-03 3.0666700e-01
  vertex -8.4852814e-03 -8.4852814e-03 3.0666700e-01
 endloop
endfacet
facet normal -6.895405e-01 -7.242471e-01 0.000000e+00
 outer loop
  vertex -8.4852814e-03 -8.4852814e-03 5.8000000e-02
  vertex -8.0587075e-03 -8.8914135e-03 5.8000000e-02
  vertex -8.0587075e-03 -8.8914135e-03 3.0666700e-01
 endloop
endfacet
facet normal -6.531728e-01 -7.572088e-01 0.000000e+00
 outer loop
  vertex -8.0587075e-03 -8.8914135e-03 5.8000000e-02
  vertex -7.6127194e-03 -9.2761254e-03 3.0666700e-01
  vertex -8.0587075e-03 -8.8914135e-03 3.0666700e-01
 endloop
endfacet
facet normal -6.531728e-01 -7.572088e-01 0.000000e+00
 outer loop
  vertex -8.0587075e-03 -8.8914135e-03 5.8000000e-02
  vertex -7.6127194e-03 -9.2761254e-03 5.8000000e-02
  vertex -7.6127194e-03 -9.2761254e-03 3.0666700e-01
 endloop
endfacet
facet normal -6.152316e-01 -7.883464e-01 0.000000e+00
 outer loop
  vertex -7.6127194e-03 -9.2761254e-03 5.8000000e-02
  vertex -7.1483917e-03 -9.6384904e-03 3.0666700e-01
  vertex -7.6127194e-03 -9.2761254e-03 3.0666700e-01
 endloop
endfacet
facet normal -6.152316e-01 -7.883464e-01 0.000000e+00
 outer loop
  vertex -7.6127194e-03 -9.2761254e-03 5.8000000e-02
  vertex -7.1483917e-03 -9.6384904e-03 5.8000000e-02
  vertex -7.1483917e-03 -9.6384904e-03 3.0666700e-01
 endloop
endfacet
facet normal -5.758082e-01 -8.175848e-01 0.000000e+00
 outer loop
  vertex -7.1483917e-03 -9.6384904e-03 5.8000000e-02
  vertex -6.6668428e-03 -9.9776353e-03 3.0666700e-01
  vertex -7.1483917e-03 -9.6384904e-03 3.0666700e-01
 endloop
endfacet
facet normal -5.758082e-01 -8.175848e-01 0.000000e+00
 outer loop
  vertex -7.1483917e-03 -9.6384904e-03 5.8000000e-02
  vertex -6.6668428e-03 -9.9776353e-03 5.8000000e-02
  vertex -6.6668428e-03 -9.9776353e-03 3.0666700e-01
 endloop
endfacet
facet normal -5.349976e-01 -8.448536e-01 0.000000e+00
 outer loop
  vertex -6.6668428e-03 -9.9776353e-03 5.8000000e-02
  vertex -6.1692329e-03 -1.0292743e-02 3.0666700e-01
  vertex -6.6668428e-03 -9.9776353e-03 3.0666700e-01
 endloop
endfacet
facet normal -5.349976e-01 -8.448536e-01 0.000000e+00
 outer loop
  vertex -6.6668428e-03 -9.9776353e-03 5.8000000e-02
  vertex -6.1692329e-03 -1.0292743e-02 5.8000000e-02
  vertex -6.1692329e-03 -1.0292743e-02 3.0666700e-01
 endloop
endfacet
facet normal -4.928982e-01 -8.700870e-01 0.000000e+00
 outer loop
  vertex -6.1692329e-03 -1.0292743e-02 5.8000000e-02
  vertex -5.6567608e-03 -1.0583055e-02 3.0666700e-01
  vertex -6.1692329e-03 -1.0292743e-02 3.0666700e-01
 endloop
endfacet
facet normal -4.928982e-01 -8.700870e-01 0.000000e+00
 outer loop
  vertex -6.1692329e-03 -1.0292743e-02 5.8000000e-02
  vertex -5.6567608e-03 -1.0583055e-02 5.8000000e-02
  vertex -5.6567608e-03 -1.0583055e-02 3.0666700e-01
 endloop
endfacet
facet normal -4.496113e-01 -8.932243e-01 0.000000e+00
 outer loop
  vertex -5.6567608e-03 -1.0583055e-02 5.8000000e-02
  vertex -5.1306611e-03 -1.0847872e-02 3.0666700e-01
  vertex -5.6567608e-03 -1.0583055e-02 3.0666700e-01
 endloop
endfacet
facet normal -4.496113e-01 -8.932243e-01 0.000000e+00
 outer loop
  vertex -5.6567608e-03 -1.0583055e-02 5.8000000e-02
  vertex -5.1306611e-03 -1.0847872e-02 5.8000000e-02
  vertex -5.1306611e-03 -1.0847872e-02 3.0666700e-01
 endloop
endfacet
facet normal -4.052413e-01 -9.142098e-01 0.000000e+00
 outer loop
  vertex -5.1306611e-03 -1.0847872e-02 5.8000000e-02
  vertex -4.5922012e-03 -1.1086554e-02 3.0666700e-01
  vertex -5.1306611e-03 -1.0847872e-02 3.0666700e-01
 endloop
endfacet
facet normal -4.052413e-01 -9.142098e-01 0.000000e+00
 outer loop
  vertex -5.1306611e-03 -1.0847872e-02 5.8000000e-02
  vertex -4.5922012e-03 -1.1086554e-02 5.8000000e-02
  vertex -4.5922012e-03 -1.1086554e-02 3.0666700e-01
 endloop
endfacet
facet normal -3.598950e-01 -9.329928e-01 0.000000e+00
 outer loop
  vertex -4.5922012e-03 -1.1086554e-02 5.8000000e-02
  vertex -4.0426782e-03 -1.1298529e-02 3.0666700e-01
  vertex -4.5922012e-03 -1.1086554e-02 3.0666700e-01
 endloop
endfacet
facet normal -3.598950e-01 -9.329928e-01 0.000000e+00
 outer loop
  vertex -4.5922012e-03 -1.1086554e-02 5.8000000e-02
  vertex -4.0426782e-03 -1.1298529e-02 5.8000000e-02
  vertex -4.0426782e-03 -1.1298529e-02 3.0666700e-01
 endloop
endfacet
facet normal -3.136817e-01 -9.495282e-01 0.000000e+00
 outer loop
  vertex -4.0426782e-03 -1.1298529e-02 5.8000000e-02
  vertex -3.4834161e-03 -1.1483284e-02 3.0666700e-01
  vertex -4.0426782e-03 -1.1298529e-02 3.0666700e-01
 endloop
endfacet
facet normal -3.136817e-01 -9.495282e-01 0.000000e+00
 outer loop
  vertex -4.0426782e-03 -1.1298529e-02 5.8000000e-02
  vertex -3.4834161e-03 -1.1483284e-02 5.8000000e-02
  vertex -3.4834161e-03 -1.1483284e-02 3.0666700e-01
 endloop
endfacet
facet normal -2.667128e-01 -9.637761e-01 0.000000e+00
 outer loop
  vertex -3.4834161e-03 -1.1483284e-02 5.8000000e-02
  vertex -2.9157622e-03 -1.1640375e-02 3.0666700e-01
  vertex -3.4834161e-03 -1.1483284e-02 3.0666700e-01
 endloop
endfacet
facet normal -2.667128e-01 -9.637761e-01 0.000000e+00
 outer loop
  vertex -3.4834161e-03 -1.1483284e-02 5.8000000e-02
  vertex -2.9157622e-03 -1.1640375e-02 5.8000000e-02
  vertex -2.9157622e-03 -1.1640375e-02 3.0666700e-01
 endloop
endfacet
facet normal -2.191012e-01 -9.757021e-01 0.000000e+00
 outer loop
  vertex -2.9157622e-03 -1.1640375e-02 5.8000000e-02
  vertex -2.3410839e-03 -1.1769423e-02 3.0666700e-01
  vertex -2.9157622e-03 -1.1640375e-02 3.0666700e-01
 endloop
endfacet
facet normal -2.191012e-01 -9.757021e-01 0.000000e+00
 outer loop
  vertex -2.9157622e-03 -1.1640375e-02 5.8000000e-02
  vertex -2.3410839e-03 -1.1769423e-02 5.8000000e-02
  vertex -2.3410839e-03 -1.1769423e-02 3.0666700e-01
 endloop
endfacet
facet normal -1.709619e-01 -9.852776e-01 0.000000e+00
 outer loop
  vertex -2.3410839e-03 -1.1769423e-02 5.8000000e-02
  vertex -1.7607657e-03 -1.1870118e-02 3.0666700e-01
  vertex -2.3410839e-03 -1.1769423e-02 3.0666700e-01
 endloop
endfacet
facet normal -1.709619e-01 -9.852776e-01 0.000000e+00
 outer loop
  vertex -2.3410839e-03 -1.1769423e-02 5.8000000e-02
  vertex -1.7607657e-03 -1.1870118e-02 5.8000000e-02
  vertex -1.7607657e-03 -1.1870118e-02 3.0666700e-01
 endloop
endfacet
facet normal -1.224107e-01 -9.924795e-01 0.000000e+00
 outer loop
  vertex -1.7607657e-03 -1.1870118e-02 5.8000000e-02
  vertex -1.1762057e-03 -1.1942217e-02 3.0666700e-01
  vertex -1.7607657e-03 -1.1870118e-02 3.0666700e-01
 endloop
endfacet
facet normal -1.224107e-01 -9.924795e-01 0.000000e+00
 outer loop
  vertex -1.7607657e-03 -1.1870118e-02 5.8000000e-02
  vertex -1.1762057e-03 -1.1942217e-02 5.8000000e-02
  vertex -1.1762057e-03 -1.1942217e-02 3.0666700e-01
 endloop
endfacet
facet normal -7.356456e-02 -9.972905e-01 0.000000e+00
 outer loop
  vertex -1.1762057e-03 -1.1942217e-02 5.8000000e-02
  vertex -5.8881209e-04 -1.1985545e-02 3.0666700e-01
  vertex -1.1762057e-03 -1.1942217e-02 3.0666700e-01
 endloop
endfacet
facet normal -7.356456e-02 -9.972905e-01 0.000000e+00
 outer loop
  vertex -1.1762057e-03 -1.1942217e-02 5.8000000e-02
  vertex -5.8881209e-04 -1.1985545e-02 5.8000000e-02
  vertex -5.8881209e-04 -1.1985545e-02 3.0666700e-01
 endloop
endfacet
facet normal -2.454123e-02 -9.996988e-01 0.000000e+00
 outer loop
  vertex -5.8881209e-04 -1.1985545e-02 5.8000000e-02
  vertex -2.2043642e-18 -1.2000000e-02 3.0666700e-01
  vertex -5.8881209e-04 -1.1985545e-02 3.0666700e-01
 endloop
endfacet
facet normal -2.454123e-02 -9.996988e-01 0.000000e+00
 outer loop
  vertex -5.8881209e-04 -1.1985545e-02 5.8000000e-02
  vertex -2.2043642e-18 -1.2000000e-02 5.8000000e-02
  vertex -2.2043642e-18 -1.2000000e-02 3.0666700e-01
 endloop
endfacet
facet normal 2.454123e-02 -9.996988e-01 0.000000e+00
 outer loop
  vertex -2.2043642e-18 -1.2000000e-02 5.8000000e-02
  vertex 5.8881209e-04 -1.1985545e-02 3.0666700e-01
  vertex -2.2043642e-18 -1.2000000e-02 3.0666700e-01
 endloop
endfacet
facet normal 2.454123e-02 -9.996988e-01 0.000000e+00
 outer loop
  vertex -2.2043642e-18 -1.2000000e-02 5.8000000e-02
  vertex 5.8881209e-04 -1.1985545e-02 5.8000000e-02
  vertex 5.8881209e-04 -1.1985545e-02 3.0666700e-01
 endloop
endfacet
facet normal 7.356456e-02 -9.972905e-01 0.000000e+00
 outer loop
  vertex 5.8881209e-04 -1.1985545e-02 5.8000000e-02
  vertex 1.1762057e-03 -1.1942217e-02 3.0666700e-01
  vertex 5.8881209e-04 -1.1985545e-02 3.0666700e-01
 endloop
endfacet
facet normal 7.356456e-02 -9.972905e-01 0.000000e+00
 outer loop
  vertex 5.8881209e-04 -1.1985545e-02 5.8000000e-02
  vertex 1.1762057e-03 -1.1942217e-02 5.8000000e-02
  vertex 1.1762057e-03 -1.1942217e-02 3.0666700e-01
 endloop
endfacet
facet normal 1.224107e-01 -9.924795e-01 0.000000e+00
 outer loop
  vertex 1.1762057e-03 -1.1942217e-02 5.8000000e-02
  vertex 1.7607657e-03 -1.1870118e-02 3.0666700e-01
  vertex 1.1762057e-03 -1.1942217e-02 3.0666700e-01
 endloop
endfacet
facet normal 1.224107e-01 -9.924795e-01 0.000000e+00
 outer loop
  vertex 1.1762057e-03 -1.1942217e-02 5.8000000e-02
  vertex 1.7607657e-03 -1.1870118e-02 5.8000000e-02
  vertex 1.7607657e-03 -1.1870118e-02 3.0666700e-01
 endloop
endfacet
facet normal 1.709619e-01 -9.852776e-01 0.000000e+00
 outer loop
  vertex 1.7607657e-03 -1.1870118e-02 5.8000000e-02
  vertex 2.3410839e-03 -1.1769423e-02 3.0666700e-01
  vertex 1.7607657e-03 -1.1870118e-02 3.0666700e-01
 endloop
endfacet
facet normal 1.709619e-01 -9.852776e-01 0.000000e+00
 outer loop
  vertex 1.7607657e-03 -1.1870118e-02 5.8000000e-02
  vertex 2.3410839e-03 -1.1769423e-02 5.8000000e-02
  vertex 2.3410839e-03 -1.1769423e-02 3.0666700e-01
 endloop
endfacet
facet normal 2.191012e-01 -9.757021e-01 0.000000e+00
 outer loop
  vertex 2.3410839e-03 -1.1769423e-02 5.8000000e-02
  vertex 2.9157622e-03 -1.1640375e-02 3.0666700e-01
  vertex 2.3410839e-03 -1.1769423e-02 3.0666700e-01
 endloop
endfacet
facet normal 2.191012e-01 -9.757021e-01 0.000000e+00
 outer loop
  vertex 2.3410839e-03 -1.1769423e-02 5.8000000e-02
  vertex 2.9157622e-03 -1.1640375e-02 5.8000000e-02
  vertex 2.9157622e-03 -1.1640375e-02 3.0666700e-01
 endloop
endfacet
facet normal 2.667128e-01 -9.637761e-01 0.000000e+00
 outer loop
  vertex 2.9157622e-03 -1.1640375e-02 5.8000000e-02
  vertex 3.4834161e-03 -1.1483284e-02 3.0666700e-01
  vertex 2.9157622e-03 -1.1640375e-02 3.0666700e-01
 endloop
endfacet
facet normal 2.667128e-01 -9.637761e-01 0.000000e+00
 outer loop
  vertex 2.9157622e-03 -1.1640375e-02 5.8000000e-02
  vertex 3.4834161e-03 -1.1483284e-02 5.8000000e-02
  vertex 3.4834161e-03 -1.1483284e-02 3.0666700e-01
 endloop
endfacet
facet normal 3.136817e-01 -9.495282e-01 0.000000e+00
 outer loop
  vertex 3.4834161e-03 -1.1483284e-02 5.8000000e-02
  vertex 4.0426782e-03 -1.1298529e-02 3.0666700e-01
  vertex 3.4834161e-03 -1.1483284e-02 3.0666700e-01
 endloop
endfacet
facet normal 3.136817e-01 -9.495282e-01 0.000000e+00
 outer loop
  vertex 3.4834161e-03 -1.1483284e-02 5.8000000e-02
  vertex 4.0426782e-03 -1.1298529e-02 5.8000000e-02
  vertex 4.0426782e-03 -1.1298529e-02 3.0666700e-01
 endloop
endfacet
facet normal 3.598950e-01 -9.329928e-01 0.000000e+00
 outer loop
  vertex 4.0426782e-03 -1.1298529e-02 5.8000000e-02
  vertex 4.5922012e-03 -1.1086554e-02 3.0666700e-01
  vertex 4.0426782e-03 -1.1298529e-02 3.0666700e-01
 endloop
endfacet
facet normal 3.598950e-01 -9.329928e-01 0.000000e+00
 outer loop
  vertex 4.0426782e-03 -1.1298529e-02 5.8000000e-02
  vertex 4.5922012e-03 -1.1086554e-02 5.8000000e-02
  vertex 4.5922012e-03 -1.1086554e-02 3.0666700e-01
 endloop
endfacet
facet normal 4.052413e-01 -9.142098e-01 0.000000e+00
 outer loop
  vertex 4.5922012e-03 -1.1086554e-02 5.8000000e-02
  vertex 5.1306611e-03 -1.0847872e-02 3.0666700e-01
  vertex 4.5922012e-03 -1.1086554e-02 3.0666700e-01
 endloop
endfacet
facet normal 4.052413e-01 -9.142098e-01 0.000000e+00
 outer loop
  vertex 4.5922012e-03 -1.1086554e-02 5.8000000e-02
  vertex 5.1306611e-03 -1.0847872e-02 5.8000000e-02
  vertex 5.1306611e-03 -1.0847872e-02 3.0666700e-01
 endloop
endfacet
facet normal 4.496113e-01 -8.932243e-01 0.000000e+00
 outer loop
  vertex 5.1306611e-03 -1.0847872e-02 5.8000000e-02
  vertex 5.6567608e-03 -1.0583055e-02 3.0666700e-01
  vertex 5.1306611e-03 -1.0847872e-02 3.0666700e-01
 endloop
endfacet
facet normal 4.496113e-01 -8.932243e-01 0.000000e+00
 outer loop
  vertex 5.1306611e-03 -1.0847872e-02 5.8000000e-02
  vertex 5.6567608e-03 -1.0583055e-02 5.8000000e-02
  vertex 5.6567608e-03 -1.0583055e-02 3.0666700e-01
 endloop
endfacet
facet normal 4.928982e-01 -8.700870e-01 0.000000e+00
 outer loop
  vertex 5.6567608e-03 -1.0583055e-02 5.8000000e-02
  vertex 6.1692329e-03 -1.0292743e-02 3.0666700e-01
  vertex 5.6567608e-03 -1.0583055e-02 3.0666700e-01
 endloop
endfacet
facet normal 4.928982e-01 -8.700870e-01 0.000000e+00
 outer loop
  vertex 5.6567608e-03 -1.0583055e-02 5.8000000e-02
  vertex 6.1692329e-03 -1.0292743e-02 5.8000000e-02
  vertex 6.1692329e-03 -1.0292743e-02 3.0666700e-01
 endloop
endfacet
facet normal 5.349976e-01 -8.448536e-01 0.000000e+00
 outer loop
  vertex 6.1692329e-03 -1.0292743e-02 5.8000000e-02
  vertex 6.6668428e-03 -9.9776353e-03 3.0666700e-01
  vertex 6.1692329e-03 -1.0292743e-02 3.0666700e-01
 endloop
endfacet
facet normal 5.349976e-01 -8.448536e-01 0.000000e+00
 outer loop
  vertex 6.1692329e-03 -1.0292743e-02 5.8000000e-02
  vertex 6.6668428e-03 -9.9776353e-03 5.8000000e-02
  vertex 6.6668428e-03 -9.9776353e-03 3.0666700e-01
 endloop
endfacet
facet normal 5.758082e-01 -8.175848e-01 0.000000e+00
 outer loop
  vertex 6.6668428e-03 -9.9776353e-03 5.8000000e-02
  vertex 7.1483917e-03 -9.6384904e-03 3.0666700e-01
  vertex 6.6668428e-03 -9.9776353e-03 3.0666700e-01
 endloop
endfacet
facet normal 5.758082e-01 -8.175848e-01 0.000000e+00
 outer loop
  vertex 6.6668428e-03 -9.9776353e-03 5.8000000e-02
  vertex 7.1483917e-03 -9.6384904e-03 5.8000000e-02
  vertex 7.1483917e-03 -9.6384904e-03 3.0666700e-01
 endloop
endfacet
facet normal 6.152316e-01 -7.883464e-01 0.000000e+00
 outer loop
  vertex 7.1483917e-03 -9.6384904e-03 5.8000000e-02
  vertex 7.6127194e-03 -9.2761254e-03 3.0666700e-01
  vertex 7.1483917e-03 -9.6384904e-03 3.0666700e-01
 endloop
endfacet
facet normal 6.152316e-01 -7.883464e-01 0.000000e+00
 outer loop
  vertex 7.1483917e-03 -9.6384904e-03 5.8000000e-02
  vertex 7.6127194e-03 -9.2761254e-03 5.8000000e-02
  vertex 7.6127194e-03 -9.2761254e-03 3.0666700e-01
 endloop
endfacet
facet normal 6.531728e-01 -7.572088e-01 0.000000e+00
 outer loop
  vertex 7.6127194e-03 -9.2761254e-03 5.8000000e-02
  vertex 8.0587075e-03 -8.8914135e-03 3.0666700e-01
  vertex 7.6127194e-03 -9.2761254e-03 3.0666700e-01
 endloop
endfacet
facet normal 6.531728e-01 -7.572088e-01 0.000000e+00
 outer loop
  vertex 7.6127194e-03 -9.2761254e-03 5.8000000e-02
  vertex 8.0587075e-03 -8.8914135e-03 5.8000000e-02
  vertex 8.0587075e-03 -8.8914135e-03 3.0666700e-01
 endloop
endfacet
facet normal 6.895405e-01 -7.242471e-01 0.000000e+00
 outer loop
  vertex 8.0587075e-03 -8.8914135e-03 5.8000000e-02
  vertex 8.4852814e-03 -8.4852814e-03 3.0666700e-01
  vertex 8.0587075e-03 -8.8914135e-03 3.0666700e-01
 endloop
endfacet
facet normal 6.895405e-01 -7.242471e-01 0.000000e+00
 outer loop
  vertex 8.0587075e-03 -8.8914135e-03 5.8000000e-02
  vertex 8.4852814e-03 -8.4852814e-03 5.8000000e-02
  vertex 8.4852814e-03 -8.4852814e-03 3.0666700e-01
 endloop
endfacet
facet normal 7.242471e-01 -6.895405e-01 0.000000e+00
 outer loop
  vertex 8.4852814e-03 -8.4852814e-03 5.8000000e-02
  vertex 8.8914135e-03 -8.0587075e-03 3.0666700e-01
  vertex 8.4852814e-03 -8.4852814e-03 3.0666700e-01
 endloop
endfacet
facet normal 7.242471e-01 -6.895405e-01 0.000000e+00
 outer loop
  vertex 8.4852814e-03 -8.4852814e-03 5.8000000e-02
  vertex 8.8914135e-03 -8.0587075e-03 5.8000000e-02
  vertex 8.8914135e-03 -8.0587075e-03 3.0666700e-01
 endloop
endfacet
facet normal 7.572088e-01 -6.531728e-01 0.000000e+00
 outer loop
  vertex 8.8914135e-03 -8.0587075e-03 5.8000000e-02
  vertex 9.2761254e-03 -7.6127194e-03 3.0666700e-01
  vertex 8.8914135e-03 -8.0587075e-03 3.0666700e-01
 endloop
endfacet
facet normal 7.572088e-01 -6.531728e-01 0.000000e+00
 outer loop
  vertex 8.8914135e-03 -8.0587075e-03 5.8000000e-02
  vertex 9.2761254e-03 -7.6127194e-03 5.8000000e-02
  vertex 9.2761254e-03 -7.6127194e-03 3.0666700e-01
 endloop
endfacet
facet normal 7.883464e-01 -6.152316e-01 0.000000e+00
 outer loop
  vertex 9.2761254e-03 -7.6127194e-03 5.8000000e-02
  vertex 9.6384904e-03 -7.1483917e-03 3.0666700e-01
  vertex 9.2761254e-03 -7.6127194e-03 3.0666700e-01
 endloop
endfacet
facet normal 7.883464e-01 -6.152316e-01 0.000000e+00
 outer loop
  vertex 9.2761254e-03 -7.6127194e-03 5.8000000e-02
  vertex 9.6384904e-03 -7.1483917e-03 5.8000000e-02
  vertex 9.6384904e-03 -7.1483917e-03 3.0666700e-01
 endloop
endfacet
facet normal 8.175848e-01 -5.758082e-01 0.000000e+00
 outer loop
  vertex 9.6384904e-03 -7.1483917e-03 5.8000000e-02
  vertex 9.9776353e-03 -6.6668428e-03 3.0666700e-01
  vertex 9.6384904e-03 -7.1483917e-03 3.0666700e-01
 endloop
endfacet
facet normal 8.175848e-01 -5.758082e-01 0.000000e+00
 outer loop
  vertex 9.6384904e-03 -7.1483917e-03 5.8000000e-02
  vertex 9.9776353e-03 -6.6668428e-03 5.8000000e-02
  vertex 9.9776353e-03 -6.6668428e-03 3.0666700e-01
 endloop
endfacet
facet normal 8.448536e-01 -5.349976e-01 0.000000e+00
 outer loop
  vertex 9.9776353e-03 -6.6668428e-03 5.8000000e-02
  vertex 1.0292743e-02 -6.1692329e-03 3.0666700e-01
  vertex 9.9776353e-03 -6.6668428e-03 3.0666700e-01
 endloop
endfacet
facet normal 8.448536e-01 -5.349976e-01 0.000000e+00
 outer loop
  vertex 9.9776353e-03 -6.6668428e-03 5.8000000e-02
  vertex 1.0292743e-02 -6.1692329e-03 5.8000000e-02
  vertex 1.0292743e-02 -6.1692329e-03 3.0666700e-01
 endloop
endfacet
facet normal 8.700870e-01 -4.928982e-01 0.000000e+00
 outer loop
  vertex 1.0292743e-02 -6.1692329e-03 5.8000000e-02
  vertex 1.0583055e-02 -5.6567608e-03 3.0666700e-01
  vertex 1.0292743e-02 -6.1692329e-03 3.0666700e-01
 endloop
endfacet
facet normal 8.700870e-01 -4.928982e-01 0.000000e+00
 outer loop
  vertex 1.0292743e-02 -6.1692329e-03 5.8000000e-02
  vertex 1.0583055e-02 -5.6567608e-03 5.8000000e-02
  vertex 1.0583055e-02 -5.6567608e-03 3.0666700e-01
 endloop
endfacet
facet normal 8.932243e-01 -4.496113e-01 0.000000e+00
 outer loop
  vertex 1.0583055e-02 -5.6567608e-03 5.8000000e-02
  vertex 1.0847872e-02 -5.1306611e-03 3.0666700e-01
  vertex 1.0583055e-02 -5.6567608e-03 3.0666700e-01
 endloop
endfacet
facet normal 8.932243e-01 -4.496113e-01 0.000000e+00
 outer loop
  vertex 1.0583055e-02 -5.6567608e-03 5.8000000e-02
  vertex 1.0847872e-02 -5.1306611e-03 5.8000000e-02
  vertex 1.0847872e-02 -5.1306611e-03 3.0666700e-01
 endloop
endfacet
facet normal 9.142098e-01 -4.052413e-01 0.000000e+00
 outer loop
  vertex 1.0847872e-02 -5.1306611e-03 5.8000000e-02
  vertex 1.1086554e-02 -4.5922012e-03 3.0666700e-01
  vertex 1.0847872e-02 -5.1306611e-03 3.0666700e-01
 endloop
endfacet
facet normal 9.142098e-01 -4.052413e-01 0.000000e+00
 outer loop
  vertex 1.0847872e-02 -5.1306611e-03 5.8000000e-02
  vertex 1.1086554e-02 -4.5922012e-03 5.8000000e-02
  vertex 1.1086554e-02 -4.5922012e-03 3.0666700e-01
 endloop
endfacet
facet normal 9.329928e-01 -3.598950e-01 0.000000e+00
 outer loop
  vertex 1.1086554e-02 -4.5922012e-03 5.8000000e-02
  vertex 1.1298529e-02 -4.0426782e-03 3.0666700e-01
  vertex 1.1086554e-02 -4.5922012e-03 3.0666700e-01
 endloop
endfacet
facet normal 9.329928e-01 -3.598950e-01 0.000000e+00
 outer loop
  vertex 1.1086554e-02 -4.5922012e-03 5.8000000e-02
  vertex 1.1298529e-02 -4.0426782e-03 5.8000000e-02
  vertex 1.1298529e-02 -4.0426782e-03 3.0666700e-01
 endloop
endfacet
facet normal 9.495282e-01 -3.136817e-01 0.000000e+00
 outer loop
  vertex 1.1298529e-02 -4.0426782e-03 5.8000000e-02
  vertex 1.1483284e-02 -3.4834161e-03 3.0666700e-01
  vertex 1.1298529e-02 -4.0426782e-03 3.0666700e-01
 endloop
endfacet
facet normal 9.495282e-01 -3.136817e-01 0.000000e+00
 outer loop
  vertex 1.1298529e-02 -4.0426782e-03 5.8000000e-02
  vertex 1.1483284e-02 -3.4834161e-03 5.8000000e-02
  vertex 1.1483284e-02 -3.4834161e-03 3.0666700e-01
 endloop
endfacet
facet normal 9.637761e-01 -2.667128e-01 0.000000e+00
 outer loop
  vertex 1.1483284e-02 -3.4834161e-03 5.8000000e-02
  vertex 1.1640375e-02 -2.9157622e-03 3.0666700e-01
  vertex 1.1483284e-02 -3.4834161e-03 3.0666700e-01
 endloop
endfacet
facet normal 9.637761e-01 -2.667128e-01 0.000000e+00
 outer loop
  vertex 1.1483284e-02 -3.4834161e-03 5.8000000e-02
  vertex 1.1640375e-02 -2.9157622e-03 5.8000000e-02
  vertex 1.1640375e-02 -2.9157622e-03 3.0666700e-01
 endloop
endfacet
facet normal 9.757021e-01 -2.191012e-01 0.000000e+00
 outer loop
  vertex 1.1640375e-02 -2.9157622e-03 5.8000000e-02
  vertex 1.1769423e-02 -2.3410839e-03 3.0666700e-01
  vertex 1.1640375e-02 -2.9157622e-03 3.0666700e-01
 endloop
endfacet
facet normal 9.757021e-01 -2.191012e-01 0.000000e+00
 outer loop
  vertex 1.1640375e-02 -2.9157622e-03 5.8000000e-02
  vertex 1.1769423e-02 -2.3410839e-03 5.8000000e-02
  vertex 1.1769423e-02 -2.3410839e-03 3.0666700e-01
 endloop
endfacet
facet normal 9.852776e-01 -1.709619e-01 0.000000e+00
 outer loop
  vertex 1.1769423e-02 -2.3410839e-03 5.8000000e-02
  vertex 1.1870118e-02 -1.7607657e-03 3.0666700e-01
  vertex 1.1769423e-02 -2.3410839e-03 3.0666700e-01
 endloop
endfacet
facet normal 9.852776e-01 -1.709619e-01 0.000000e+00
 outer loop
  vertex 1.1769423e-02 -2.3410839e-03 5.8000000e-02
  vertex 1.1870118e-02 -1.7607657e-03 5.8000000e-02
  vertex 1.1870118e-02 -1.7607657e-03 3.0666700e-01
 endloop
endfacet
facet normal 9.924795e-01 -1.224107e-01 0.000000e+00
 outer loop
  vertex 1.1870118e-02 -1.7607657e-03 5.8000000e-02
  vertex 1.1942217e-02 -1.1762057e-03 3.0666700e-01
  vertex 1.1870118e-02 -1.7607657e-03 3.0666700e-01
 endloop
endfacet
facet normal 9.924795e-01 -1.224107e-01 0.000000e+00
 outer loop
  vertex 1.1870118e-02 -1.7607657e-03 5.8000000e-02
  vertex 1.1942217e-02 -1.1762057e-03 5.8000000e-02
  vertex 1.1942217e-02 -1.1762057e-03 3.0666700e-01
 endloop
endfacet
facet normal 9.972905e-01 -7.356456e-02 0.000000e+00
 outer loop
  vertex 1.1942217e-02 -1.1762057e-03 5.8000000e-02
  vertex 1.1985545e-02 -5.8881209e-04 3.0666700e-01
  vertex 1.1942217e-02 -1.1762057e-03 3.0666700e-01
 endloop
endfacet
facet normal 9.972905e-01 -7.356456e-02 0.000000e+00
 outer loop
  vertex 1.1942217e-02 -1.1762057e-03 5.8000000e-02
  vertex 1.1985545e-02 -5.8881209e-04 5.8000000e-02
  vertex 1.1985545e-02 -5.8881209e-04 3.0666700e-01
 endloop
endfacet
facet normal 9.996988e-01 -2.454123e-02 0.000000e+00
 outer loop
  vertex 1.1985545e-02 -5.8881209e-04 5.8000000e-02
  vertex 1.2000000e-02 0.0000000e+00 3.0666700e-01
  vertex 1.1985545e-02 -5.8881209e-04 3.0666700e-01
 endloop
endfacet
facet normal 9.996988e-01 -2.454123e-02 0.000000e+00
 outer loop
  vertex 1.1985545e-02 -5.8881209e-04 5.8000000e-02
  vertex 1.2000000e-02 0.0000000e+00 5.8000000e-02
  vertex 1.2000000e-02 0.0000000e+00 3.0666700e-01
 endloop
endfacet
facet normal 0.000000e+00 0.000000e+00 1.000000e+00
 outer loop
  vertex 1.2000000e-02 0.0000000e+00 3.0666700e-01
  vertex 9.9879546e-03 4.9067674e-04 3.0666700e-01
  vertex 1.0000000e-02 0.0000000e+00 3.0666700e-01
 endloop
endfacet
facet normal 0.000000e+00 0.000000e+00 1.000000e+00
 outer loop
  vertex 1.2000000e-02 0.0000000e+00 3.0666700e-01
  vertex 1.1985545e-02 5.8881209e-04 3.0666700e-01
  vertex 9.9879546e-03 4.9067674e-04 3.0666700e-01
 endloop
endfacet
facet normal 0.000000e+00 0.000000e+00 1.000000e+00
 outer loop
  vertex 1.1985545e-02 5.8881209e-04 3.0666700e-01
  vertex 9.9518473e-03 9.8017140e-04 3.0666700e-01
  vertex 9.9879546e-03 4.9067674e-04 3.0666700e-01
 endloop
endfacet
facet normal 0.000000e+00 0.000000e+00 1.000000e+00
 outer loop
  vertex 1.1985545e-02 5.8881209e-04 3.0666700e-01
  vertex 1.1942217e-02 1.1762057e-03 3.0666700e-01
  vertex 9.9518473e-03 9.8017140e-04 3.0666700e-01
 endloop
endfacet
facet normal 0.000000e+00 0.000000e+00 1.000000e+00
 outer loop
  vertex 1.1942217e-02 1.1762057e-03 3.0666700e-01
  vertex 9.8917651e-03 1.4673047e-03 3.0666700e-01
  vertex 9.9518473e-03 9.8017140e-04 3.0666700e-01
 endloop
endfacet
facet normal 0.000000e+00 0.000000e+00 1.000000e+00
 outer loop
  vertex 1.1942217e-02 1.1762057e-03 3.0666700e-01
  vertex 1.1870118e-02 1.7607657e-03 3.0666700e-01
  vertex 9.8917651e-03 1.4673047e-03 3.0666700e-01
 endloop
endfacet
facet normal 0.000000e+00 0.000000e+00 1.000000e+00
 outer loop
  vertex 1.1870118e-02 1.7607657e-03 3.0666700e-01
  vertex 9.8078528e-03 1.9509032e-03 3.0666700e-01
  vertex 9.8917651e-03 1.4673047e-03 3.0666700e-01
 endloop
endfacet
facet normal 0.000000e+00 0.000000e+00 1.000000e+00
 outer loop
  vertex 1.1870118e-02 1.7607657e-03 3.0666700e-01
  vertex 1.1769423e-02 2.3410839e-03 3.0666700e-01
  vertex 9.8078528e-03 1.9509032e-03 3.0666700e-01
 endloop
endfacet
facet normal 0.000000e+00 0.000000e+00 1.000000e+00
 outer loop
  vertex 1.1769423e-02 2.3410839e-03 3.0666700e-01
  vertex 9.7003125e-03 2.4298018e-03 3.0666700e-01
  vertex 9.8078528e-03 1.9509032e-03 3.0666700e-01
 endloop
endfacet
facet normal 0.000000e+00 0.000000e+00 1.000000e+00
 outer loop
  vertex 1.1769423e-02 2.3410839e-03 3.0666700e-01
  vertex 1.1640375e-02 2.9157622e-03 3.0666700e-01
  vertex 9.7003125e-03 2.4298018e-03 3.0666700e-01
 endloop
endfacet
facet normal 0.000000e+00 0.000000e+00 1.000000e+00
 outer loop
  vertex 1.1640375e-02 2.9157622e-03 3.0666700e-01
  vertex 9.5694034e-03 2.9028468e-03 3.0666700e-01
  vertex 9.7003125e-03 2.4298018e-03 3.0666700e-01
 endloop
endfacet
facet normal 0.000000e+00 0.000000e+00 1.000000e+00
 outer loop
  vertex 1.1640375e-02 2.9157622e-03 3.0666700e-01
  vertex 1.1483284e-02 3.4834161e-03 3.0666700e-01
  vertex 9.5694034e-03 2.9028468e-03 3.0666700e-01
 endloop
endfacet
facet normal 0.000000e+00 0.000000e+00 1.000000e+00
 outer loop
  vertex 1.1483284e-02 3.4834161e-03 3.0666700e-01
  vertex 9.4154407e-03 3.3688985e-03 3.0666700e-01
  vertex 9.5694034e-03 2.9028468e-03 3.0666700e-01
 endloop
endfacet
facet normal 0.000000e+00 0.000000e+00 1.000000e+00
 outer loop
  vertex 1.1483284e-02 3.4834161e-03 3.0666700e-01
  vertex 1.1298529e-02 4.0426782e-03 3.0666700e-01
  vertex 9.4154407e-03 3.3688985e-03 3.0666700e-01
 endloop
endfacet
facet normal 0.000000e+00 0.000000e+00 1.000000e+00
 outer loop
  vertex 1.1298529e-02 4.0426782e-03 3.0666700e-01
  vertex 9.2387953e-03 3.8268343e-03 3.0666700e-01
  vertex 9.4154407e-03 3.3688985e-03 3.0666700e-01
 endloop
endfacet
facet normal 0.000000e+00 0.000000e+00 1.000000e+00
 outer loop
  vertex 1.1298529e-02 4.0426782e-03 3.0666700e-01
  vertex 1.1086554e-02 4.5922012e-03 3.0666700e-01
  vertex 9.2387953e-03 3.8268343e-03 3.0666700e-01
 endloop
endfacet
facet normal 0.000000e+00 0.000000e+00 1.000000e+00
 outer loop
  vertex 1.1086554e-02 4.5922012e-03 3.0666700e-01
  vertex 9.0398929e-03 4.2755509e-03 3.0666700e-01
  vertex 9.2387953e-03 3.8268343e-03 3.0666700e-01
 endloop
endfacet
facet normal 0.000000e+00 0.000000e+00 1.000000e+00
 outer loop
  vertex 1.1086554e-02 4.5922012e-03 3.0666700e-01
  vertex 1.0847872e-02 5.1306611e-03 3.0666700e-01
  vertex 9.0398929e-03 4.2755509e-03 3.0666700e-01
 endloop
endfacet
facet normal 0.000000e+00 0.000000e+00 1.000000e+00
 outer loop
  vertex 1.0847872e-02 5.1306611e-03 3.0666700e-01
  vertex 8.8192126e-03 4.7139674e-03 3.0666700e-01
  vertex 9.0398929e-03 4.2755509e-03 3.0666700e-01
 endloop
endfacet
facet normal 0.000000e+00 0.000000e+00 1.000000e+00
 outer loop
  vertex 1.0847872e-02 5.1306611e-03 3.0666700e-01
  vertex 1.0583055e-02 5.6567608e-03 3.0666700e-01
  vertex 8.8192126e-03 4.7139674e-03 3.0666700e-01
 endloop
endfacet
facet normal 0.000000e+00 0.000000e+00 1.000000e+00
 outer loop
  vertex 1.0583055e-02 5.6567608e-03 3.0666700e-01
  vertex 8.5772861e-03 5.1410274e-03 3.0666700e-01
  vertex 8.8192126e-03 4.7139674e-03 3.0666700e-01
 endloop
endfacet
facet normal 0.000000e+00 0.000000e+00 1.000000e+00
 outer loop
  vertex 1.0583055e-02 5.6567608e-03 3.0666700e-01
  vertex 1.0292743e-02 6.1692329e-03 3.0666700e-01
  vertex 8.5772861e-03 5.1410274e-03 3.0666700e-01
 endloop
endfacet
facet normal 0.000000e+00 0.000000e+00 1.000000e+00
 outer loop
  vertex 1.0292743e-02 6.1692329e-03 3.0666700e-01
  vertex 8.3146961e-03 5.5557023e-03 3.0666700e-01
  vertex 8.5772861e-03 5.1410274e-03 3.0666700e-01
 endloop
endfacet
facet normal 0.000000e+00 0.000000e+00 1.000000e+00
 outer loop
  vertex 1.0292743e-02 6.1692329e-03 3.0666700e-01
  vertex 9.9776353e-03 6.6668428e-03 3.0666700e-01
  vertex 8.3146961e-03 5.5557023e-03 3.0666700e-01
 endloop
endfacet
facet normal 0.000000e+00 0.000000e+00 1.000000e+00
 outer loop
  vertex 9.9776353e-03 6.6668428e-03 3.0666700e-01
  vertex 8.0320753e-03 5.9569930e-03 3.0666700e-01
  vertex 8.3146961e-03 5.5557023e-03 3.0666700e-01
 endloop
endfacet
facet normal 0.000000e+00 0.000000e+00 1.000000e+00
 outer loop
  vertex 9.9776353e-03 6.6668428e-03 3.0666700e-01
  vertex 9.6384904e-03 7.1483917e-03 3.0666700e-01
  vertex 8.0320753e-03 5.9569930e-03 3.0666700e-01
 endloop
endfacet
facet normal 0.000000e+00 0.000000e+00 1.000000e+00
 outer loop
  vertex 9.6384904e-03 7.1483917e-03 3.0666700e-01
  vertex 7.7301045e-03 6.3439328e-03 3.0666700e-01
  vertex 8.0320753e-03 5.9569930e-03 3.0666700e-01
 endloop
endfacet
facet normal 0.000000e+00 0.000000e+00 1.000000e+00
 outer loop
  vertex 9.6384904e-03 7.1483917e-03 3.0666700e-01
  vertex 9.2761254e-03 7.6127194e-03 3.0666700e-01
  vertex 7.7301045e-03 6.3439328e-03 3.0666700e-01
 endloop
endfacet
facet normal 0.000000e+00 0.000000e+00 1.000000e+00
 outer loop
  vertex 9.2761254e-03 7.6127194e-03 3.0666700e-01
  vertex 7.4095113e-03 6.7155895e-03 3.0666700e-01
  vertex 7.7301045e-03 6.3439328e-03 3.0666700e-01
 endloop
endfacet
facet normal 0.000000e+00 0.000000e+00 1.000000e+00
 outer loop
  vertex 9.2761254e-03 7.6127194e-03 3.0666700e-01
  vertex 8.8914135e-03 8.0587075e-03 3.0666700e-01
  vertex 7.4095113e-03 6.7155895e-03 3.0666700e-01
 endloop
endfacet
facet normal 0.000000e+00 0.000000e+00 1.000000e+00
 outer loop
  vertex 8.8914135e-03 8.0587075e-03 3.0666700e-01
  vertex 7.0710678e-03 7.0710678e-03 3.0666700e-01
  vertex 7.4095113e-03 6.7155895e-03 3.0666700e-01
 endloop
endfacet
facet normal 0.000000e+00 0.000000e+00 1.000000e+00
 outer loop
  vertex 8.8914135e-03 8.0587075e-03 3.0666700e-01
  vertex 8.4852814e-03 8.4852814e-03 3.0666700e-01
  vertex 7.0710678e-03 7.0710678e-03 3.0666700e-01
 endloop
endfacet
facet normal 0.000000e+00 0.000000e+00 1.000000e+00
 outer loop
  vertex 8.4852814e-03 8.4852814e-03 3.0666700e-01
  vertex 6.7155895e-03 7.4095113e-03 3.0666700e-01
  vertex 7.0710678e-03 7.0710678e-03 3.0666700e-01
 endloop
endfacet
facet normal 0.000000e+00 0.000000e+00 1.000000e+00
 outer loop
  vertex 8.4852814e-03 8.4852814e-03 3.0666700e-01
  vertex 8.0587075e-03 8.8914135e-03 3.0666700e-01
  vertex 6.7155895e-03 7.4095113e-03 3.0666700e-01
 endloop
endfacet
facet normal 0.000000e+00 0.000000e+00 1.000000e+00
 outer loop
  vertex 8.0587075e-03 8.8914135e-03 3.0666700e-01
  vertex 6.3439328e-03 7.7301045e-03 3.0666700e-01
  vertex 6.7155895e-03 7.4095113e-03 3.0666700e-01
 endloop
endfacet
facet normal 0.000000e+00 0.000000e+00 1.000000e+00
 outer loop
  vertex 8.0587075e-03 8.8914135e-03 3.0666700e-01
  vertex 7.6127194e-03 9.2761254e-03 3.0666700e-01
  vertex 6.3439328e-03 7.7301045e-03 3.0666700e-01
 endloop
endfacet
facet normal 0.000000e+00 0.000000e+00 1.000000e+00
 outer loop
  vertex 7.6127194e-03 9.2761254e-03 3.0666700e-01
  vertex 5.9569930e-03 8.0320753e-03 3.0666700e-01
  vertex 6.3439328e-03 7.7301045e-03 3.0666700e-01
 endloop
endfacet
facet normal 0.000000e+00 0.000000e+00 1.000000e+00
 outer loop
  vertex 7.6127194e-03 9.2761254e-03 3.0666700e-01
  vertex 7.1483917e-03 9.6384904e-03 3.0666700e-01
  vertex 5.9569930e-03 8.0320753e-03 3.0666700e-01
 endloop
endfacet
facet normal 0.000000e+00 0.000000e+00 1.000000e+00
 outer loop
  vertex 7.1483917e-03 9.6384904e-03 3.0666700e-01
  vertex 5.5557023e-03 8.3146961e-03 3.0666700e-01
  vertex 5.9569930e-03 8.0320753e-03 3.0666700e-01
 endloop
endfacet
facet normal 0.000000e+00 0.000000e+00 1.000000e+00
 outer loop
  vertex 7.1483917e-03 9.6384904e-03 3.0666700e-01
  vertex 6.6668428e-03 9.9776353e-03 3.0666700e-01
  vertex 5.5557023e-03 8.3146961e-03 3.0666700e-01
 endloop
endfacet
facet normal 0.000000e+00 0.000000e+00 1.000000e+00
 outer loop
  vertex 6.6668428e-03 9.9776353e-03 3.0666700e-01
  vertex 5.1410274e-03 8.5772861e-03 3.0666700e-01
  vertex 5.5557023e-03 8.3146961e-03 3.0666700e-01
 endloop
endfacet
facet normal 0.000000e+00 0.000000e+00 1.000000e+00
 outer loop
  vertex 6.6668428e-03 9.9776353e-03 3.0666700e-01
  vertex 6.1692329e-03 1.0292743e-02 3.0666700e-01
  vertex 5.1410274e-03 8.5772861e-03 3.0666700e-01
 endloop
endfacet
facet normal 0.000000e+00 0.000000e+00 1.000000e+00
 outer loop
  vertex 6.1692329e-03 1.0292743e-02 3.0666700e-01
  vertex 4.7139674e-03 8.8192126e-03 3.0666700e-01
  vertex 5.1410274e-03 8.5772861e-03 3.0666700e-01
 endloop
endfacet
facet normal 0.000000e+00 0.000000e+00 1.000000e+00
 outer loop
  vertex 6.1692329e-03 1.0292743e-02 3.0666700e-01
  vertex 5.6567608e-03 1.0583055e-02 3.0666700e-01
  vertex 4.7139674e-03 8.8192126e-03 3.0666700e-01
 endloop
endfacet
facet normal 0.000000e+00 0.000000e+00 1.000000e+00
 outer loop
  vertex 5.6567608e-03 1.0583055e-02 3.0666700e-01
  vertex 4.2755509e-03 9.0398929e-03 3.0666700e-01
  vertex 4.7139674e-03 8.8192126e-03 3.0666700e-01
 endloop
endfacet
facet normal 0.000000e+00 0.000000e+00 1.000000e+00
 outer loop
  vertex 5.6567608e-03 1.0583055e-02 3.0666700e-01
  vertex 5.1306611e-03 1.0847872e-02 3.0666700e-01
  vertex 4.2755509e-03 9.0398929e-03 3.0666700e-01
 endloop
endfacet
facet normal 0.000000e+00 0.000000e+00 1.000000e+00
 outer loop
  vertex 5.1306611e-03 1.0847872e-02 3.0666700e-01
  vertex 3.8268343e-03 9.2387953e-03 3.0666700e-01
  vertex 4.2755509e-03 9.0398929e-03 3.0666700e-01
 endloop
endfacet
facet normal 0.000000e+00 0.000000e+00 1.000000e+00
 outer loop
  vertex 5.1306611e-03 1.0847872e-02 3.0666700e-01
  vertex 4.5922012e-03 1.1086554e-02 3.0666700e-01
  vertex 3.8268343e-03 9.2387953e-03 3.0666700e-01
 endloop
endfacet
facet normal 0.000000e+00 0.000000e+00 1.000000e+00
 outer loop
  vertex 4.5922012e-03 1.1086554e-02 3.0666700e-01
  vertex 3.3688985e-03 9.4154407e-03 3.0666700e-01
  vertex 3.8268343e-03 9.2387953e-03 3.0666700e-01
 endloop
endfacet
facet normal 0.000000e+00 0.000000e+00 1.000000e+00
 outer loop
  vertex 4.5922012e-03 1.1086554e-02 3.0666700e-01
  vertex 4.0426782e-03 1.1298529e-02 3.0666700e-01
  vertex 3.3688985e-03 9.4154407e-03 3.0666700e-01
 endloop
endfacet
facet normal 0.000000e+00 0.000000e+00 1.000000e+00
 outer loop
  vertex 4.0426782e-03 1.1298529e-02 3.0666700e-01
  vertex 2.9028468e-03 9.5694034e-03 3.0666700e-01
  vertex 3.3688985e-03 9.4154407e-03 3.0666700e-01
 endloop
endfacet
facet normal 0.000000e+00 0.000000e+00 1.000000e+00
 outer loop
  vertex 4.0426782e-03 1.1298529e-02 3.0666700e-01
  vertex 3.4834161e-03 1.1483284e-02 3.0666700e-01
  vertex 2.9028468e-03 9.5694034e-03 3.0666700e-01
 endloop
endfacet
facet normal 0.000000e+00 0.000000e+00 1.000000e+00
 outer loop
  vertex 3.4834161e-03 1.1483284e-02 3.0666700e-01
  vertex 2.4298018e-03 9.7003125e-03 3.0666700e-01
  vertex 2.9028468e-03 9.5694034e-03 3.0666700e-01
 endloop
endfacet
facet normal 0.000000e+00 0.000000e+00 1.000000e+00
 outer loop
  vertex 3.4834161e-03 1.1483284e-02 3.0666700e-01
  vertex 2.9157622e-03 1.1640375e-02 3.0666700e-01
  vertex 2.4298018e-03 9.7003125e-03 3.0666700e-01
 endloop
endfacet
facet normal 0.000000e+00 0.000000e+00 1.000000e+00
 outer loop
  vertex 2.9157622e-03 1.1640375e-02 3.0666700e-01
  vertex 1.9509032e-03 9.8078528e-03 3.0666700e-01
  vertex 2.4298018e-03 9.7003125e-03 3.0666700e-01
 endloop
endfacet
facet normal 0.000000e+00 0.000000e+00 1.000000e+00
 outer loop
  vertex 2.9157622e-03 1.1640375e-02 3.0666700e-01
  vertex 2.3410839e-03 1.1769423e-02 3.0666700e-01
  vertex 1.9509032e-03 9.8078528e-03 3.0666700e-01
 endloop
endfacet
facet normal 0.000000e+00 0.000000e+00 1.000000e+00
 outer loop
  vertex 2.3410839e-03 1.1769423e-02 3.0666700e-01
  vertex 1.4673047e-03 9.8917651e-03 3.0666700e-01
  vertex 1.9509032e-03 9.8078528e-03 3.0666700e-01
 endloop
endfacet
facet normal 0.000000e+00 0.000000e+00 1.000000e+00
 outer loop
  vertex 2.3410839e-03 1.1769423e-02 3.0666700e-01
  vertex 1.7607657e-03 1.1870118e-02 3.0666700e-01
  vertex 1.4673047e-03 9.8917651e-03 3.0666700e-01
 endloop
endfacet
facet normal 0.000000e+00 0.000000e+00 1.000000e+00
 outer loop
  vertex 1.7607657e-03 1.1870118e-02 3.0666700e-01
  vertex 9.8017140e-04 9.9518473e-03 3.0666700e-01
  vertex 1.4673047e-03 9.8917651e-03 3.0666700e-01
 endloop
endfacet
facet normal 0.000000e+00 0.000000e+00 1.000000e+00
 outer loop
  vertex 1.7607657e-03 1.1870118e-02 3.0666700e-01
  vertex 1.1762057e-03 1.1942217e-02 3.0666700e-01
  vertex 9.8017140e-04 9.9518473e-03 3.0666700e-01
 endloop
endfacet
facet normal 0.000000e+00 0.000000e+00 1.000000e+00
 outer loop
  vertex 1.1762057e-03 1.1942217e-02 3.0666700e-01
  vertex 4.9067674e-04 9.9879546e-03 3.0666700e-01
  vertex 9.8017140e-04 9.9518473e-03 3.0666700e-01
 endloop
endfacet
facet normal 0.000000e+00 0.000000e+00 1.000000e+00
 outer loop
  vertex 1.1762057e-03 1.1942217e-02 3.0666700e-01
  vertex 5.8881209e-04 1.1985545e-02 3.0666700e-01
  vertex 4.9067674e-04 9.9879546e-03 3.0666700e-01
 endloop
endfacet
facet normal 0.000000e+00 0.000000e+00 1.000000e+00
 outer loop
  vertex 5.8881209e-04 1.1985545e-02 3.0666700e-01
  vertex 6.1232340e-19 1.0000000e-02 3.0666700e-01
  vertex 4.9067674e-04 9.9879546e-03 3.0666700e-01
 endloop
endfacet
facet normal 0.000000e+00 0.000000e+00 1.000000e+00
 outer loop
  vertex 5.8881209e-04 1.1985545e-02 3.0666700e-01
  vertex 7.3478808e-19 1.2000000e-02 3.0666700e-01
  vertex 6.1232340e-19 1.0000000e-02 3.0666700e-01
 endloop
endfacet
facet normal 0.000000e+00 0.000000e+00 1.000000e+00
 outer loop
  vertex 7.3478808e-19 1.2000000e-02 3.0666700e-01
  vertex -4.9067674e-04 9.9879546e-03 3.0666700e-01
  vertex 6.1232340e-19 1.0000000e-02 3.0666700e-01
 endloop
endfacet
facet normal 0.000000e+00 0.000000e+00 1.000000e+00
 outer loop
  vertex 7.3478808e-19 1.2000000e-02 3.0666700e-01
  vertex -5.8881209e-04 1.1985545e-02 3.0666700e-01
  vertex -4.9067674e-04 9.9879546e-03 3.0666700e-01
 endloop
endfacet
facet normal 0.000000e+00 0.000000e+00 1.000000e+00
 outer loop
  vertex -5.8881209e-04 1.1985545e-02 3.0666700e-01
  vertex -9.8017140e-04 9.9518473e-03 3.0666700e-01
  vertex -4.9067674e-04 9.9879546e-03 3.0666700e-01
 endloop
endfacet
facet normal 0.000000e+00 0.000000e+00 1.000000e+00
 outer loop
  vertex -5.8881209e-04 1.1985545e-02 3.0666700e-01
  vertex -1.1762057e-03 1.1942217e-02 3.0666700e-01
  vertex -9.8017140e-04 9.9518473e-03 3.0666700e-01
 endloop
endfacet
facet normal 0.000000e+00 0.000000e+00 1.000000e+00
 outer loop
  vertex -1.1762057e-03 1.1942217e-02 3.0666700e-01
  vertex -1.4673047e-03 9.8917651e-03 3.0666700e-01
  vertex -9.8017140e-04 9.9518473e-03 3.0666700e-01
 endloop
endfacet
facet normal 0.000000e+00 0.000000e+00 1.000000e+00
 outer loop
  vertex -1.1762057e-03 1.1942217e-02 3.0666700e-01
  vertex -1.7607657e-03 1.1870118e-02 3.0666700e-01
  vertex -1.4673047e-03 9.8917651e-03 3.0666700e-01
 endloop
endfacet
facet normal 0.000000e+00 0.000000e+00 1.000000e+00
 outer loop
  vertex -1.7607657e-03 1.1870118e-02 3.0666700e-01
  vertex -1.9509032e-03 9.8078528e-03 3.0666700e-01
  vertex -1.4673047e-03 9.8917651e-03 3.0666700e-01
 endloop
endfacet
facet normal 0.000000e+00 0.000000e+00 1.000000e+00
 outer loop
  vertex -1.7607657e-03 1.1870118e-02 3.0666700e-01
  vertex -2.3410839e-03 1.1769423e-02 3.0666700e-01
  vertex -1.9509032e-03 9.8078528e-03 3.0666700e-01
 endloop
endfacet
facet normal 0.000000e+00 0.000000e+00 1.000000e+00
 outer loop
  vertex -2.3410839e-03 1.1769423e-02 3.0666700e-01
  vertex -2.4298018e-03 9.7003125e-03 3.0666700e-01
  vertex -1.9509032e-03 9.8078528e-03 3.0666700e-01
 endloop
endfacet
facet normal 0.000000e+00 0.000000e+00 1.000000e+00
 outer loop
  vertex -2.3410839e-03 1.1769423e-02 3.0666700e-01
  vertex -2.9157622e-03 1.1640375e-02 3.0666700e-01
  vertex -2.4298018e-03 9.7003125e-03 3.0666700e-01
 endloop
endfacet
facet normal 0.000000e+00 0.000000e+00 1.000000e+00
 outer loop
  vertex -2.9157622e-03 1.1640375e-02 3.0666700e-01
  vertex -2.9028468e-03 9.5694034e-03 3.0666700e-01
  vertex -2.4298018e-03 9.7003125e-03 3.0666700e-01
 endloop
endfacet
facet normal 0.000000e+00 0.000000e+00 1.000000e+00
 outer loop
  vertex -2.9157622e-03 1.1640375e-02 3.0666700e-01
  vertex -3.4834161e-03 1.1483284e-02 3.0666700e-01
  vertex -2.9028468e-03 9.5694034e-03 3.0666700e-01
 endloop
endfacet
facet normal 0.000000e+00 0.000000e+00 1.000000e+00
 outer loop
  vertex -3.4834161e-03 1.1483284e-02 3.0666700e-01
  vertex -3.3688985e-03 9.4154407e-03 3.0666700e-01
  vertex -2.9028468e-03 9.5694034e-03 3.0666700e-01
 endloop
endfacet
facet normal 0.000000e+00 0.000000e+00 1.000000e+00
 outer loop
  vertex -3.4834161e-03 1.1483284e-02 3.0666700e-01
  vertex -4.0426782e-03 1.1298529e-02 3.0666700e-01
  vertex -3.3688985e-03 9.4154407e-03 3.0666700e-01
 endloop
endfacet
facet normal 0.000000e+00 0.000000e+00 1.000000e+00
 outer loop
  vertex -4.0426782e-03 1.1298529e-02 3.0666700e-01
  vertex -3.8268343e-03 9.2387953e-03 3.0666700e-01
  vertex -3.3688985e-03 9.4154407e-03 3.0666700e-01
 endloop
endfacet
facet normal 0.000000e+00 0.000000e+00 1.000000e+00
 outer loop
  vertex -4.0426782e-03 1.1298529e-02 3.0666700e-01
  vertex -4.5922012e-03 1.1086554e-02 3.0666700e-01
  vertex -3.8268343e-03 9.2387953e-03 3.0666700e-01
 endloop
endfacet
facet normal 0.000000e+00 0.000000e+00 1.000000e+00
 outer loop
  vertex -4.5922012e-03 1.1086554e-02 3.0666700e-01
  vertex -4.2755509e-03 9.0398929e-03 3.0666700e-01
  vertex -3.8268343e-03 9.2387953e-03 3.0666700e-01
 endloop
endfacet
facet normal 0.000000e+00 0.000000e+00 1.000000e+00
 outer loop
  vertex -4.5922012e-03 1.1086554e-02 3.0666700e-01
  vertex -5.1306611e-03 1.0847872e-02 3.0666700e-01
  vertex -4.2755509e-03 9.0398929e-03 3.0666700e-01
 endloop
endfacet
facet normal 0.000000e+00 0.000000e+00 1.000000e+00
 outer loop
  vertex -5.1306611e-03 1.0847872e-02 3.0666700e-01
  vertex -4.7139674e-03 8.8192126e-03 3.0666700e-01
  vertex -4.2755509e-03 9.0398929e-03 3.0666700e-01
 endloop
endfacet
facet normal 0.000000e+00 0.000000e+00 1.000000e+00
 outer loop
  vertex -5.1306611e-03 1.0847872e-02 3.0666700e-01
  vertex -5.6567608e-03 1.0583055e-02 3.0666700e-01
  vertex -4.7139674e-03 8.8192126e-03 3.0666700e-01
 endloop
endfacet
facet normal 0.000000e+00 0.000000e+00 1.000000e+00
 outer loop
  vertex -5.6567608e-03 1.0583055e-02 3.0666700e-01
  vertex -5.1410274e-03 8.5772861e-03 3.0666700e-01
  vertex -4.7139674e-03 8.8192126e-03 3.0666700e-01
 endloop
endfacet
facet normal 0.000000e+00 0.000000e+00 1.000000e+00
 outer loop
  vertex -5.6567608e-03 1.0583055e-02 3.0666700e-01
  vertex -6.1692329e-03 1.0292743e-02 3.0666700e-01
  vertex -5.1410274e-03 8.5772861e-03 3.0666700e-01
 endloop
endfacet
facet normal 0.000000e+00 0.000000e+00 1.000000e+00
 outer loop
  vertex -6.1692329e-03 1.0292743e-02 3.0666700e-01
  vertex -5.5557023e-03 8.3146961e-03 3.0666700e-01
  vertex -5.1410274e-03 8.5772861e-03 3.0666700e-01
 endloop
endfacet
facet normal 0.000000e+00 0.000000e+00 1.000000e+00
 outer loop
  vertex -6.1692329e-03 1.0292743e-02 3.0666700e-01
  vertex -6.6668428e-03 9.9776353e-03 3.0666700e-01
  vertex -5.5557023e-03 8.3146961e-03 3.0666700e-01
 endloop
endfacet
facet normal 0.000000e+00 0.000000e+00 1.000000e+00
 outer loop
  vertex -6.6668428e-03 9.9776353e-03 3.0666700e-01
  vertex -5.9569930e-03 8.0320753e-03 3.0666700e-01
  vertex -5.5557023e-03 8.3146961e-03 3.0666700e-01
 endloop
endfacet
facet normal 0.000000e+00 0.000000e+00 1.000000e+00
 outer loop
  vertex -6.6668428e-03 9.9776353e-03 3.0666700e-01
  vertex -7.1483917e-03 9.6384904e-03 3.0666700e-01
  vertex -5.9569930e-03 8.0320753e-03 3.0666700e-01
 endloop
endfacet
facet normal 0.000000e+00 0.000000e+00 1.000000e+00
 outer loop
  vertex -7.1483917e-03 9.6384904e-03 3.0666700e-01
  vertex -6.3439328e-03 7.7301045e-03 3.0666700e-01
  vertex -5.9569930e-03 8.0320753e-03 3.0666700e-01
 endloop
endfacet
facet normal 0.000000e+00 0.000000e+00 1.000000e+00
 outer loop
  vertex -7.1483917e-03 9.6384904e-03 3.0666700e-01
  vertex -7.6127194e-03 9.2761254e-03 3.0666700e-01
  vertex -6.3439328e-03 7.7301045e-03 3.0666700e-01
 endloop
endfacet
facet normal 0.000000e+00 0.000000e+00 1.000000e+00
 outer loop
  vertex -7.6127194e-03 9.2761254e-03 3.0666700e-01
  vertex -6.7155895e-03 7.4095113e-03 3.0666700e-01
  vertex -6.3439328e-03 7.7301045e-03 3.0666700e-01
 endloop
endfacet
facet normal 0.000000e+00 0.000000e+00 1.000000e+00
 outer loop
  vertex -7.6127194e-03 9.2761254e-03 3.0666700e-01
  vertex -8.0587075e-03 8.8914135e-03 3.0666700e-01
  vertex -6.7155895e-03 7.4095113e-03 3.0666700e-01
 endloop
endfacet
facet normal 0.000000e+00 0.000000e+00 1.000000e+00
 outer loop
  vertex -8.0587075e-03 8.8914135e-03 3.0666700e-01
  vertex -7.0710678e-03 7.0710678e-03 3.0666700e-01
  vertex -6.7155895e-03 7.4095113e-03 3.0666700e-01
 endloop
endfacet
facet normal 0.000000e+00 0.000000e+00 1.000000e+00
 outer loop
  vertex -8.0587075e-03 8.8914135e-03 3.0666700e-01
  vertex -8.4852814e-03 8.4852814e-03 3.0666700e-01
  vertex -7.0710678e-03 7.0710678e-03 3.0666700e-01
 endloop
endfacet
facet normal 0.000000e+00 0.000000e+00 1.000000e+00
 outer loop
  vertex -8.4852814e-03 8.4852814e-03 3.0666700e-01
  vertex -7.4095113e-03 6.7155895e-03 3.0666700e-01
  vertex -7.0710678e-03 7.0710678e-03 3.0666700e-01
 endloop
endfacet
facet normal 0.000000e+00 0.000000e+00 1.000000e+00
 outer loop
  vertex -8.4852814e-03 8.4852814e-03 3.0666700e-01
  vertex -8.8914135e-03 8.0587075e-03 3.0666700e-01
  vertex -7.4095113e-03 6.7155895e-03 3.0666700e-01
 endloop
endfacet
facet normal 0.000000e+00 0.000000e+00 1.000000e+00
 outer loop
  vertex -8.8914135e-03 8.0587075e-03 3.0666700e-01
  vertex -7.7301045e-03 6.3439328e-03 3.0666700e-01
  vertex -7.4095113e-03 6.7155895e-03 3.0666700e-01
 endloop
endfacet
facet normal 0.000000e+00 0.000000e+00 1.000000e+00
 outer loop
  vertex -8.8914135e-03 8.0587075e-03 3.0666700e-01
  vertex -9.2761254e-03 7.6127194e-03 3.0666700e-01
  vertex -7.7301045e-03 6.3439328e-03 3.0666700e-01
 endloop
endfacet
facet normal 0.000000e+00 0.000000e+00 1.000000e+00
 outer loop
  vertex -9.2761254e-03 7.6127194e-03 3.0666700e-01
  vertex -8.0320753e-03 5.9569930e-03 3.0666700e-01
  vertex -7.7301045e-03 6.3439328e-03 3.0666700e-01
 endloop
endfacet
facet normal 0.000000e+00 0.000000e+00 1.000000e+00
 outer loop
  vertex -9.2761254e-03 7.6127194e-03 3.0666700e-01
  vertex -9.6384904e-03 7.1483917e-03 3.0666700e-01
  vertex -8.0320753e-03 5.9569930e-03 3.0666700e-01
 endloop
endfacet
facet normal 0.000000e+00 0.000000e+00 1.000000e+00
 outer loop
  vertex -9.6384904e-03 7.1483917e-03 3.0666700e-01
  vertex -8.3146961e-03 5.5557023e-03 3.0666700e-01
  vertex -8.0320753e-03 5.9569930e-03 3.0666700e-01
 endloop
endfacet
facet normal 0.000000e+00 0.000000e+00 1.000000e+00
 outer loop
  vertex -9.6384904e-03 7.1483917e-03 3.0666700e-01
  vertex -9.9776353e-03 6.6668428e-03 3.0666700e-01
  vertex -8.3146961e-03 5.5557023e-03 3.0666700e-01
 endloop
endfacet
facet normal 0.000000e+00 0.000000e+00 1.000000e+00
 outer loop
  vertex -9.9776353e-03 6.6668428e-03 3.0666700e-01
  vertex -8.5772861e-03 5.1410274e-03 3.0666700e-01
  vertex -8.3146961e-03 5.5557023e-03 3.0666700e-01
 endloop
endfacet
facet normal 0.000000e+00 0.000000e+00 1.000000e+00
 outer loop
  vertex -9.9776353e-03 6.6668428e-03 3.0666700e-01
  vertex -1.0292743e-02 6.1692329e-03 3.0666700e-01
  vertex -8.5772861e-03 5.1410274e-03 3.0666700e-01
 endloop
endfacet
facet normal 0.000000e+00 0.000000e+00 1.000000e+00
 outer loop
  vertex -1.0292743e-02 6.1692329e-03 3.0666700e-01
  vertex -8.8192126e-03 4.7139674e-03 3.0666700e-01
  vertex -8.5772861e-03 5.1410274e-03 3.0666700e-01
 endloop
endfacet
facet normal 0.000000e+00 0.000000e+00 1.000000e+00
 outer loop
  vertex -1.0292743e-02 6.1692329e-03 3.0666700e-01
  vertex -1.0583055e-02 5.6567608e-03 3.0666700e-01
  vertex -8.8192126e-03 4.7139674e-03 3.0666700e-01
 endloop
endfacet
facet normal 0.000000e+00 0.000000e+00 1.000000e+00
 outer loop
  vertex -1.0583055e-02 5.6567608e-03 3.0666700e-01
  vertex -9.0398929e-03 4.2755509e-03 3.0666700e-01
  vertex -8.8192126e-03 4.7139674e-03 3.0666700e-01
 endloop
endfacet
facet normal 0.000000e+00 0.000000e+00 1.000000e+00
 outer loop
  vertex -1.0583055e-02 5.6567608e-03 3.0666700e-01
  vertex -1.0847872e-02 5.1306611e-03 3.0666700e-01
  vertex -9.0398929e-03 4.2755509e-03 3.0666700e-01
 endloop
endfacet
facet normal 0.000000e+00 0.000000e+00 1.000000e+00
 outer loop
  vertex -1.0847872e-02 5.1306611e-03 3.0666700e-01
  vertex -9.2387953e-03 3.8268343e-03 3.0666700e-01
  vertex -9.0398929e-03 4.2755509e-03 3.0666700e-01
 endloop
endfacet
facet normal 0.000000e+00 0.000000e+00 1.000000e+00
 outer loop
  vertex -1.0847872e-02 5.1306611e-03 3.0666700e-01
  vertex -1.1086554e-02 4.5922012e-03 3.0666700e-01
  vertex -9.2387953e-03 3.8268343e-03 3.0666700e-01
 endloop
endfacet
facet normal 0.000000e+00 0.000000e+00 1.000000e+00
 outer loop
  vertex -1.1086554e-02 4.5922012e-03 3.0666700e-01
  vertex -9.4154407e-03 3.3688985e-03 3.0666700e-01
  vertex -9.2387953e-03 3.8268343e-03 3.0666700e-01
 endloop
endfacet
facet normal 0.000000e+00 0.000000e+00 1.000000e+00
 outer loop
  vertex -1.1086554e-02 4.5922012e-03 3.0666700e-01
  vertex -1.1298529e-02 4.0426782e-03 3.0666700e-01
  vertex -9.4154407e-03 3.3688985e-03 3.0666700e-01
 endloop
endfacet
facet normal 0.000000e+00 0.000000e+00 1.000000e+00
 outer loop
  vertex -1.1298529e-02 4.0426782e-03 3.0666700e-01
  vertex -9.5694034e-03 2.9028468e-03 3.0666700e-01
  vertex -9.4154407e-03 3.3688985e-03 3.0666700e-01
 endloop
endfacet
facet normal 0.000000e+00 0.000000e+00 1.000000e+00
 outer loop
  vertex -1.1298529e-02 4.0426782e-03 3.0666700e-01
  vertex -1.1483284e-02 3.4834161e-03 3.0666700e-01
  vertex -9.5694034e-03 2.9028468e-03 3.0666700e-01
 endloop
endfacet
facet normal 0.000000e+00 0.000000e+00 1.000000e+00
 outer loop
  vertex -1.1483284e-02 3.4834161e-03 3.0666700e-01
  vertex -9.7003125e-03 2.4298018e-03 3.0666700e-01
  vertex -9.5694034e-03 2.9028468e-03 3.0666700e-01
 endloop
endfacet
facet normal 0.000000e+00 0.000000e+00 1.000000e+00
 outer loop
  vertex -1.1483284e-02 3.4834161e-03 3.0666700e-01
  vertex -1.1640375e-02 2.9157622e-03 3.0666700e-01
  vertex -9.7003125e-03 2.4298018e-03 3.0666700e-01
 endloop
endfacet
facet normal 0.000000e+00 0.000000e+00 1.000000e+00
 outer loop
  vertex -1.1640375e-02 2.9157622e-03 3.0666700e-01
  vertex -9.8078528e-03 1.9509032e-03 3.0666700e-01
  vertex -9.7003125e-03 2.4298018e-03 3.0666700e-01
 endloop
endfacet
facet normal 0.000000e+00 0.000000e+00 1.000000e+00
 outer loop
  vertex -1.1640375e-02 2.9157622e-03 3.0666700e-01
  vertex -1.1769423e-02 2.3410839e-03 3.0666700e-01
  vertex -9.8078528e-03 1.9509032e-03 3.0666700e-01
 endloop
endfacet
facet normal 0.000000e+00 0.000000e+00 1.000000e+00
 outer loop
  vertex -1.1769423e-02 2.3410839e-03 3.0666700e-01
  vertex -9.8917651e-03 1.4673047e-03 3.0666700e-01
  vertex -9.8078528e-03 1.9509032e-03 3.0666700e-01
 endloop
endfacet
facet normal 0.000000e+00 0.000000e+00 1.000000e+00
 outer loop
  vertex -1.1769423e-02 2.3410839e-03 3.0666700e-01
  vertex -1.1870118e-02 1.7607657e-03 3.0666700e-01
  vertex -9.8917651e-03 1.4673047e-03 3.0666700e-01
 endloop
endfacet
facet normal 0.000000e+00 0.000000e+00 1.000000e+00
 outer loop
  vertex -1.1870118e-02 1.7607657e-03 3.0666700e-01
  vertex -9.9518473e-03 9.8017140e-04 3.0666700e-01
  vertex -9.8917651e-03 1.4673047e-03 3.0666700e-01
 endloop
endfacet
facet normal 0.000000e+00 0.000000e+00 1.000000e+00
 outer loop
  vertex -1.1870118e-02 1.7607657e-03 3.0666700e-01
  vertex -1.1942217e-02 1.1762057e-03 3.0666700e-01
  vertex -9.9518473e-03 9.8017140e-04 3.0666700e-01
 endloop
endfacet
facet normal 0.000000e+00 0.000000e+00 1.000000e+00
 outer loop
  vertex -1.1942217e-02 1.1762057e-03 3.0666700e-01
  vertex -9.9879546e-03 4.9067674e-04 3.0666700e-01
  vertex -9.9518473e-03 9.8017140e-04 3.0666700e-01
 endloop
endfacet
facet normal 0.000000e+00 0.000000e+00 1.000000e+00
 outer loop
  vertex -1.1942217e-02 1.1762057e-03 3.0666700e-01
  vertex -1.1985545e-02 5.8881209e-04 3.0666700e-01
  vertex -9.9879546e-03 4.9067674e-04 3.0666700e-01
 endloop
endfacet
facet normal 0.000000e+00 0.000000e+00 1.000000e+00
 outer loop
  vertex -1.1985545e-02 5.8881209e-04 3.0666700e-01
  vertex -1.0000000e-02 1.2246468e-18 3.0666700e-01
  vertex -9.9879546e-03 4.9067674e-04 3.0666700e-01
 endloop
endfacet
facet normal 0.000000e+00 0.000000e+00 1.000000e+00
 outer loop
  vertex -1.1985545e-02 5.8881209e-04 3.0666700e-01
  vertex -1.2000000e-02 1.4695762e-18 3.0666700e-01
  vertex -1.0000000e-02 1.2246468e-18 3.0666700e-01
 endloop
endfacet
facet normal 0.000000e+00 0.000000e+00 1.000000e+00
 outer loop
  vertex -1.2000000e-02 1.4695762e-18 3.0666700e-01
  vertex -9.9879546e-03 -4.9067674e-04 3.0666700e-01
  vertex -1.0000000e-02 1.2246468e-18 3.0666700e-01
 endloop
endfacet
facet normal 0.000000e+00 0.000000e+00 1.000000e+00
 outer loop
  vertex -1.2000000e-02 1.4695762e-18 3.0666700e-01
  vertex -1.1985545e-02 -5.8881209e-04 3.0666700e-01
  vertex -9.9879546e-03 -4.9067674e-04 3.0666700e-01
 endloop
endfacet
facet normal -0.000000e+00 0.000000e+00 1.000000e+00
 outer loop
  vertex -1.1985545e-02 -5.8881209e-04 3.0666700e-01
  vertex -9.9518473e-03 -9.8017140e-04 3.0666700e-01
  vertex -9.9879546e-03 -4.9067674e-04 3.0666700e-01
 endloop
endfacet
facet normal 0.000000e+00 0.000000e+00 1.000000e+00
 outer loop
  vertex -1.1985545e-02 -5.8881209e-04 3.0666700e-01
  vertex -1.1942217e-02 -1.1762057e-03 3.0666700e-01
  vertex -9.9518473e-03 -9.8017140e-04 3.0666700e-01
 endloop
endfacet
facet normal -0.000000e+00 0.000000e+00 1.000000e+00
 outer loop
  vertex -1.1942217e-02 -1.1762057e-03 3.0666700e-01
  vertex -9.8917651e-03 -1.4673047e-03 3.0666700e-01
  vertex -9.9518473e-03 -9.8017140e-04 3.0666700e-01
 endloop
endfacet
facet normal 0.000000e+00 0.000000e+00 1.000000e+00
 outer loop
  vertex -1.1942217e-02 -1.1762057e-03 3.0666700e-01
  vertex -1.1870118e-02 -1.7607657e-03 3.0666700e-01
  vertex -9.8917651e-03 -1.4673047e-03 3.0666700e-01
 endloop
endfacet
facet normal -0.000000e+00 0.000000e+00 1.000000e+00
 outer loop
  vertex -1.1870118e-02 -1.7607657e-03 3.0666700e-01
  vertex -9.8078528e-03 -1.9509032e-03 3.0666700e-01
  vertex -9.8917651e-03 -1.4673047e-03 3.0666700e-01
 endloop
endfacet
facet normal 0.000000e+00 0.000000e+00 1.000000e+00
 outer loop
  vertex -1.1870118e-02 -1.7607657e-03 3.0666700e-01
  vertex -1.1769423e-02 -2.3410839e-03 3.0666700e-01
  vertex -9.8078528e-03 -1.9509032e-03 3.0666700e-01
 endloop
endfacet
facet normal -0.000000e+00 0.000000e+00 1.000000e+00
 outer loop
  vertex -1.1769423e-02 -2.3410839e-03 3.0666700e-01
  vertex -9.7003125e-03 -2.4298018e-03 3.0666700e-01
  vertex -9.8078528e-03 -1.9509032e-03 3.0666700e-01
 endloop
endfacet
facet normal 0.000000e+00 0.000000e+00 1.000000e+00
 outer loop
  vertex -1.1769423e-02 -2.3410839e-03 3.0666700e-01
  vertex -1.1640375e-02 -2.9157622e-03 3.0666700e-01
  vertex -9.7003125e-03 -2.4298018e-03 3.0666700e-01
 endloop
endfacet
facet normal 0.000000e+00 0.000000e+00 1.000000e+00
 outer loop
  vertex -1.1640375e-02 -2.9157622e-03 3.0666700e-01
  vertex -9.5694034e-03 -2.9028468e-03 3.0666700e-01
  vertex -9.7003125e-03 -2.4298018e-03 3.0666700e-01
 endloop
endfacet
facet normal -0.000000e+00 0.000000e+00 1.000000e+00
 outer loop
  vertex -1.1640375e-02 -2.9157622e-03 3.0666700e-01
  vertex -1.1483284e-02 -3.4834161e-03 3.0666700e-01
  vertex -9.5694034e-03 -2.9028468e-03 3.0666700e-01
 endloop
endfacet
facet normal 0.000000e+00 0.000000e+00 1.000000e+00
 outer loop
  vertex -1.1483284e-02 -3.4834161e-03 3.0666700e-01
  vertex -9.4154407e-03 -3.3688985e-03 3.0666700e-01
  vertex -9.5694034e-03 -2.9028468e-03 3.0666700e-01
 endloop
endfacet
facet normal -0.000000e+00 0.000000e+00 1.000000e+00
 outer loop
  vertex -1.1483284e-02 -3.4834161e-03 3.0666700e-01
  vertex -1.1298529e-02 -4.0426782e-03 3.0666700e-01
  vertex -9.4154407e-03 -3.3688985e-03 3.0666700e-01
 endloop
endfacet
facet normal 0.000000e+00 0.000000e+00 1.000000e+00
 outer loop
  vertex -1.1298529e-02 -4.0426782e-03 3.0666700e-01
  vertex -9.2387953e-03 -3.8268343e-03 3.0666700e-01
  vertex -9.4154407e-03 -3.3688985e-03 3.0666700e-01
 endloop
endfacet
facet normal -0.000000e+00 0.000000e+00 1.000000e+00
 outer loop
  vertex -1.1298529e-02 -4.0426782e-03 3.0666700e-01
  vertex -1.1086554e-02 -4.5922012e-03 3.0666700e-01
  vertex -9.2387953e-03 -3.8268343e-03 3.0666700e-01
 endloop
endfacet
facet normal 0.000000e+00 0.000000e+00 1.000000e+00
 outer loop
  vertex -1.1086554e-02 -4.5922012e-03 3.0666700e-01
  vertex -9.0398929e-03 -4.2755509e-03 3.0666700e-01
  vertex -9.2387953e-03 -3.8268343e-03 3.0666700e-01
 endloop
endfacet
facet normal -0.000000e+00 0.000000e+00 1.000000e+00
 outer loop
  vertex -1.1086554e-02 -4.5922012e-03 3.0666700e-01
  vertex -1.0847872e-02 -5.1306611e-03 3.0666700e-01
  vertex -9.0398929e-03 -4.2755509e-03 3.0666700e-01
 endloop
endfacet
facet normal 0.000000e+00 0.000000e+00 1.000000e+00
 outer loop
  vertex -1.0847872e-02 -5.1306611e-03 3.0666700e-01
  vertex -8.8192126e-03 -4.7139674e-03 3.0666700e-01
  vertex -9.0398929e-03 -4.2755509e-03 3.0666700e-01
 endloop
endfacet
facet normal -0.000000e+00 0.000000e+00 1.000000e+00
 outer loop
  vertex -1.0847872e-02 -5.1306611e-03 3.0666700e-01
  vertex -1.0583055e-02 -5.6567608e-03 3.0666700e-01
  vertex -8.8192126e-03 -4.7139674e-03 3.0666700e-01
 endloop
endfacet
facet normal 0.000000e+00 0.000000e+00 1.000000e+00
 outer loop
  vertex -1.0583055e-02 -5.6567608e-03 3.0666700e-01
  vertex -8.5772861e-03 -5.1410274e-03 3.0666700e-01
  vertex -8.8192126e-03 -4.7139674e-03 3.0666700e-01
 endloop
endfacet
facet normal -0.000000e+00 0.000000e+00 1.000000e+00
 outer loop
  vertex -1.0583055e-02 -5.6567608e-03 3.0666700e-01
  vertex -1.0292743e-02 -6.1692329e-03 3.0666700e-01
  vertex -8.5772861e-03 -5.1410274e-03 3.0666700e-01
 endloop
endfacet
facet normal 0.000000e+00 0.000000e+00 1.000000e+00
 outer loop
  vertex -1.0292743e-02 -6.1692329e-03 3.0666700e-01
  vertex -8.3146961e-03 -5.5557023e-03 3.0666700e-01
  vertex -8.5772861e-03 -5.1410274e-03 3.0666700e-01
 endloop
endfacet
facet normal -0.000000e+00 0.000000e+00 1.000000e+00
 outer loop
  vertex -1.0292743e-02 -6.1692329e-03 3.0666700e-01
  vertex -9.9776353e-03 -6.6668428e-03 3.0666700e-01
  vertex -8.3146961e-03 -5.5557023e-03 3.0666700e-01
 endloop
endfacet
facet normal 0.000000e+00 0.000000e+00 1.000000e+00
 outer loop
  vertex -9.9776353e-03 -6.6668428e-03 3.0666700e-01
  vertex -8.0320753e-03 -5.9569930e-03 3.0666700e-01
  vertex -8.3146961e-03 -5.5557023e-03 3.0666700e-01
 endloop
endfacet
facet normal -0.000000e+00 0.000000e+00 1.000000e+00
 outer loop
  vertex -9.9776353e-03 -6.6668428e-03 3.0666700e-01
  vertex -9.6384904e-03 -7.1483917e-03 3.0666700e-01
  vertex -8.0320753e-03 -5.9569930e-03 3.0666700e-01
 endloop
endfacet
facet normal 0.000000e+00 0.000000e+00 1.000000e+00
 outer loop
  vertex -9.6384904e-03 -7.1483917e-03 3.0666700e-01
  vertex -7.7301045e-03 -6.3439328e-03 3.0666700e-01
  vertex -8.0320753e-03 -5.9569930e-03 3.0666700e-01
 endloop
endfacet
facet normal -0.000000e+00 0.000000e+00 1.000000e+00
 outer loop
  vertex -9.6384904e-03 -7.1483917e-03 3.0666700e-01
  vertex -9.2761254e-03 -7.6127194e-03 3.0666700e-01
  vertex -7.7301045e-03 -6.3439328e-03 3.0666700e-01
 endloop
endfacet
facet normal 0.000000e+00 0.000000e+00 1.000000e+00
 outer loop
  vertex -9.2761254e-03 -7.6127194e-03 3.0666700e-01
  vertex -7.4095113e-03 -6.7155895e-03 3.0666700e-01
  vertex -7.7301045e-03 -6.3439328e-03 3.0666700e-01
 endloop
endfacet
facet normal -0.000000e+00 0.000000e+00 1.000000e+00
 outer loop
  vertex -9.2761254e-03 -7.6127194e-03 3.0666700e-01
  vertex -8.8914135e-03 -8.0587075e-03 3.0666700e-01
  vertex -7.4095113e-03 -6.7155895e-03 3.0666700e-01
 endloop
endfacet
facet normal 0.000000e+00 0.000000e+00 1.000000e+00
 outer loop
  vertex -8.8914135e-03 -8.0587075e-03 3.0666700e-01
  vertex -7.0710678e-03 -7.0710678e-03 3.0666700e-01
  vertex -7.4095113e-03 -6.7155895e-03 3.0666700e-01
 endloop
endfacet
facet normal -0.000000e+00 0.000000e+00 1.000000e+00
 outer loop
  vertex -8.8914135e-03 -8.0587075e-03 3.0666700e-01
  vertex -8.4852814e-03 -8.4852814e-03 3.0666700e-01
  vertex -7.0710678e-03 -7.0710678e-03 3.0666700e-01
 endloop
endfacet
facet normal 0.000000e+00 0.000000e+00 1.000000e+00
 outer loop
  vertex -8.4852814e-03 -8.4852814e-03 3.0666700e-01
  vertex -6.7155895e-03 -7.4095113e-03 3.0666700e-01
  vertex -7.0710678e-03 -7.0710678e-03 3.0666700e-01
 endloop
endfacet
facet normal -0.000000e+00 0.000000e+00 1.000000e+00
 outer loop
  vertex -8.4852814e-03 -8.4852814e-03 3.0666700e-01
  vertex -8.0587075e-03 -8.8914135e-03 3.0666700e-01
  vertex -6.7155895e-03 -7.4095113e-03 3.0666700e-01
 endloop
endfacet
facet normal 0.000000e+00 0.000000e+00 1.000000e+00
 outer loop
  vertex -8.0587075e-03 -8.8914135e-03 3.0666700e-01
  vertex -6.3439328e-03 -7.7301045e-03 3.0666700e-01
  vertex -6.7155895e-03 -7.4095113e-03 3.0666700e-01
 endloop
endfacet
facet normal -0.000000e+00 0.000000e+00 1.000000e+00
 outer loop
  vertex -8.0587075e-03 -8.8914135e-03 3.0666700e-01
  vertex -7.6127194e-03 -9.2761254e-03 3.0666700e-01
  vertex -6.3439328e-03 -7.7301045e-03 3.0666700e-01
 endloop
endfacet
facet normal 0.000000e+00 0.000000e+00 1.000000e+00
 outer loop
  vertex -7.6127194e-03 -9.2761254e-03 3.0666700e-01
  vertex -5.9569930e-03 -8.0320753e-03 3.0666700e-01
  vertex -6.3439328e-03 -7.7301045e-03 3.0666700e-01
 endloop
endfacet
facet normal -0.000000e+00 0.000000e+00 1.000000e+00
 outer loop
  vertex -7.6127194e-03 -9.2761254e-03 3.0666700e-01
  vertex -7.1483917e-03 -9.6384904e-03 3.0666700e-01
  vertex -5.9569930e-03 -8.0320753e-03 3.0666700e-01
 endloop
endfacet
facet normal 0.000000e+00 0.000000e+00 1.000000e+00
 outer loop
  vertex -7.1483917e-03 -9.6384904e-03 3.0666700e-01
  vertex -5.5557023e-03 -8.3146961e-03 3.0666700e-01
  vertex -5.9569930e-03 -8.0320753e-03 3.0666700e-01
 endloop
endfacet
facet normal -0.000000e+00 0.000000e+00 1.000000e+00
 outer loop
  vertex -7.1483917e-03 -9.6384904e-03 3.0666700e-01
  vertex -6.6668428e-03 -9.9776353e-03 3.0666700e-01
  vertex -5.5557023e-03 -8.3146961e-03 3.0666700e-01
 endloop
endfacet
facet normal 0.000000e+00 0.000000e+00 1.000000e+00
 outer loop
  vertex -6.6668428e-03 -9.9776353e-03 3.0666700e-01
  vertex -5.1410274e-03 -8.5772861e-03 3.0666700e-01
  vertex -5.5557023e-03 -8.3146961e-03 3.0666700e-01
 endloop
endfacet
facet normal -0.000000e+00 0.000000e+00 1.000000e+00
 outer loop
  vertex -6.6668428e-03 -9.9776353e-03 3.0666700e-01
  vertex -6.1692329e-03 -1.0292743e-02 3.0666700e-01
  vertex -5.1410274e-03 -8.5772861e-03 3.0666700e-01
 endloop
endfacet
facet normal 0.000000e+00 0.000000e+00 1.000000e+00
 outer loop
  vertex -6.1692329e-03 -1.0292743e-02 3.0666700e-01
  vertex -4.7139674e-03 -8.8192126e-03 3.0666700e-01
  vertex -5.1410274e-03 -8.5772861e-03 3.0666700e-01
 endloop
endfacet
facet normal -0.000000e+00 0.000000e+00 1.000000e+00
 outer loop
  vertex -6.1692329e-03 -1.0292743e-02 3.0666700e-01
  vertex -5.6567608e-03 -1.0583055e-02 3.0666700e-01
  vertex -4.7139674e-03 -8.8192126e-03 3.0666700e-01
 endloop
endfacet
facet normal 0.000000e+00 0.000000e+00 1.000000e+00
 outer loop
  vertex -5.6567608e-03 -1.0583055e-02 3.0666700e-01
  vertex -4.2755509e-03 -9.0398929e-03 3.0666700e-01
  vertex -4.7139674e-03 -8.8192126e-03 3.0666700e-01
 endloop
endfacet
facet normal -0.000000e+00 0.000000e+00 1.000000e+00
 outer loop
  vertex -5.6567608e-03 -1.0583055e-02 3.0666700e-01
  vertex -5.1306611e-03 -1.0847872e-02 3.0666700e-01
  vertex -4.2755509e-03 -9.0398929e-03 3.0666700e-01
 endloop
endfacet
facet normal 0.000000e+00 0.000000e+00 1.000000e+00
 outer loop
  vertex -5.1306611e-03 -1.0847872e-02 3.0666700e-01
  vertex -3.8268343e-03 -9.2387953e-03 3.0666700e-01
  vertex -4.2755509e-03 -9.0398929e-03 3.0666700e-01
 endloop
endfacet
facet normal -0.000000e+00 0.000000e+00 1.000000e+00
 outer loop
  vertex -5.1306611e-03 -1.0847872e-02 3.0666700e-01
  vertex -4.5922012e-03 -1.1086554e-02 3.0666700e-01
  vertex -3.8268343e-03 -9.2387953e-03 3.0666700e-01
 endloop
endfacet
facet normal 0.000000e+00 0.000000e+00 1.000000e+00
 outer loop
  vertex -4.5922012e-03 -1.1086554e-02 3.0666700e-01
  vertex -3.3688985e-03 -9.4154407e-03 3.0666700e-01
  vertex -3.8268343e-03 -9.2387953e-03 3.0666700e-01
 endloop
endfacet
facet normal -0.000000e+00 0.000000e+00 1.000000e+00
 outer loop
  vertex -4.5922012e-03 -1.1086554e-02 3.0666700e-01
  vertex -4.0426782e-03 -1.1298529e-02 3.0666700e-01
  vertex -3.3688985e-03 -9.4154407e-03 3.0666700e-01
 endloop
endfacet
facet normal 0.000000e+00 0.000000e+00 1.000000e+00
 outer loop
  vertex -4.0426782e-03 -1.1298529e-02 3.0666700e-01
  vertex -2.9028468e-03 -9.5694034e-03 3.0666700e-01
  vertex -3.3688985e-03 -9.4154407e-03 3.0666700e-01
 endloop
endfacet
facet normal -0.000000e+00 0.000000e+00 1.000000e+00
 outer loop
  vertex -4.0426782e-03 -1.1298529e-02 3.0666700e-01
  vertex -3.4834161e-03 -1.1483284e-02 3.0666700e-01
  vertex -2.9028468e-03 -9.5694034e-03 3.0666700e-01
 endloop
endfacet
facet normal 0.000000e+00 0.000000e+00 1.000000e+00
 outer loop
  vertex -3.4834161e-03 -1.1483284e-02 3.0666700e-01
  vertex -2.4298018e-03 -9.7003125e-03 3.0666700e-01
  vertex -2.9028468e-03 -9.5694034e-03 3.0666700e-01
 endloop
endfacet
facet normal -0.000000e+00 0.000000e+00 1.000000e+00
 outer loop
  vertex -3.4834161e-03 -1.1483284e-02 3.0666700e-01
  vertex -2.9157622e-03 -1.1640375e-02 3.0666700e-01
  vertex -2.4298018e-03 -9.7003125e-03 3.0666700e-01
 endloop
endfacet
facet normal 0.000000e+00 0.000000e+00 1.000000e+00
 outer loop
  vertex -2.9157622e-03 -1.1640375e-02 3.0666700e-01
  vertex -1.9509032e-03 -9.8078528e-03 3.0666700e-01
  vertex -2.4298018e-03 -9.7003125e-03 3.0666700e-01
 endloop
endfacet
facet normal -0.000000e+00 0.000000e+00 1.000000e+00
 outer loop
  vertex -2.9157622e-03 -1.1640375e-02 3.0666700e-01
  vertex -2.3410839e-03 -1.1769423e-02 3.0666700e-01
  vertex -1.9509032e-03 -9.8078528e-03 3.0666700e-01
 endloop
endfacet
facet normal 0.000000e+00 0.000000e+00 1.000000e+00
 outer loop
  vertex -2.3410839e-03 -1.1769423e-02 3.0666700e-01
  vertex -1.4673047e-03 -9.8917651e-03 3.0666700e-01
  vertex -1.9509032e-03 -9.8078528e-03 3.0666700e-01
 endloop
endfacet
facet normal -0.000000e+00 0.000000e+00 1.000000e+00
 outer loop
  vertex -2.3410839e-03 -1.1769423e-02 3.0666700e-01
  vertex -1.7607657e-03 -1.1870118e-02 3.0666700e-01
  vertex -1.4673047e-03 -9.8917651e-03 3.0666700e-01
 endloop
endfacet
facet normal 0.000000e+00 0.000000e+00 1.000000e+00
 outer loop
  vertex -1.7607657e-03 -1.1870118e-02 3.0666700e-01
  vertex -9.8017140e-04 -9.9518473e-03 3.0666700e-01
  vertex -1.4673047e-03 -9.8917651e-03 3.0666700e-01
 endloop
endfacet
facet normal -0.000000e+00 0.000000e+00 1.000000e+00
 outer loop
  vertex -1.7607657e-03 -1.1870118e-02 3.0666700e-01
  vertex -1.1762057e-03 -1.1942217e-02 3.0666700e-01
  vertex -9.8017140e-04 -9.9518473e-03 3.0666700e-01
 endloop
endfacet
facet normal 0.000000e+00 0.000000e+00 1.000000e+00
 outer loop
  vertex -1.1762057e-03 -1.1942217e-02 3.0666700e-01
  vertex -4.9067674e-04 -9.9879546e-03 3.0666700e-01
  vertex -9.8017140e-04 -9.9518473e-03 3.0666700e-01
 endloop
endfacet
facet normal -0.000000e+00 0.000000e+00 1.000000e+00
 outer loop
  vertex -1.1762057e-03 -1.1942217e-02 3.0666700e-01
  vertex -5.8881209e-04 -1.1985545e-02 3.0666700e-01
  vertex -4.9067674e-04 -9.9879546e-03 3.0666700e-01
 endloop
endfacet
facet normal 0.000000e+00 0.000000e+00 1.000000e+00
 outer loop
  vertex -5.8881209e-04 -1.1985545e-02 3.0666700e-01
  vertex -1.8369702e-18 -1.0000000e-02 3.0666700e-01
  vertex -4.9067674e-04 -9.9879546e-03 3.0666700e-01
 endloop
endfacet
facet normal -0.000000e+00 0.000000e+00 1.000000e+00
 outer loop
  vertex -5.8881209e-04 -1.1985545e-02 3.0666700e-01
  vertex -2.2043642e-18 -1.2000000e-02 3.0666700e-01
  vertex -1.8369702e-18 -1.0000000e-02 3.0666700e-01
 endloop
endfacet
facet normal 0.000000e+00 0.000000e+00 1.000000e+00
 outer loop
  vertex -2.2043642e-18 -1.2000000e-02 3.0666700e-01
  vertex 4.9067674e-04 -9.9879546e-03 3.0666700e-01
  vertex -1.8369702e-18 -1.0000000e-02 3.0666700e-01
 endloop
endfacet
facet normal 0.000000e+00 0.000000e+00 1.000000e+00
 outer loop
  vertex -2.2043642e-18 -1.2000000e-02 3.0666700e-01
  vertex 5.8881209e-04 -1.1985545e-02 3.0666700e-01
  vertex 4.9067674e-04 -9.9879546e-03 3.0666700e-01
 endloop
endfacet
facet normal 0.000000e+00 -0.000000e+00 1.000000e+00
 outer loop
  vertex 5.8881209e-04 -1.1985545e-02 3.0666700e-01
  vertex 9.8017140e-04 -9.9518473e-03 3.0666700e-01
  vertex 4.9067674e-04 -9.9879546e-03 3.0666700e-01
 endloop
endfacet
facet normal 0.000000e+00 0.000000e+00 1.000000e+00
 outer loop
  vertex 5.8881209e-04 -1.1985545e-02 3.0666700e-01
  vertex 1.1762057e-03 -1.1942217e-02 3.0666700e-01
  vertex 9.8017140e-04 -9.9518473e-03 3.0666700e-01
 endloop
endfacet
facet normal 0.000000e+00 -0.000000e+00 1.000000e+00
 outer loop
  vertex 1.1762057e-03 -1.1942217e-02 3.0666700e-01
  vertex 1.4673047e-03 -9.8917651e-03 3.0666700e-01
  vertex 9.8017140e-04 -9.9518473e-03 3.0666700e-01
 endloop
endfacet
facet normal 0.000000e+00 0.000000e+00 1.000000e+00
 outer loop
  vertex 1.1762057e-03 -1.1942217e-02 3.0666700e-01
  vertex 1.7607657e-03 -1.1870118e-02 3.0666700e-01
  vertex 1.4673047e-03 -9.8917651e-03 3.0666700e-01
 endloop
endfacet
facet normal 0.000000e+00 -0.000000e+00 1.000000e+00
 outer loop
  vertex 1.7607657e-03 -1.1870118e-02 3.0666700e-01
  vertex 1.9509032e-03 -9.8078528e-03 3.0666700e-01
  vertex 1.4673047e-03 -9.8917651e-03 3.0666700e-01
 endloop
endfacet
facet normal 0.000000e+00 0.000000e+00 1.000000e+00
 outer loop
  vertex 1.7607657e-03 -1.1870118e-02 3.0666700e-01
  vertex 2.3410839e-03 -1.1769423e-02 3.0666700e-01
  vertex 1.9509032e-03 -9.8078528e-03 3.0666700e-01
 endloop
endfacet
facet normal 0.000000e+00 -0.000000e+00 1.000000e+00
 outer loop
  vertex 2.3410839e-03 -1.1769423e-02 3.0666700e-01
  vertex 2.4298018e-03 -9.7003125e-03 3.0666700e-01
  vertex 1.9509032e-03 -9.8078528e-03 3.0666700e-01
 endloop
endfacet
facet normal 0.000000e+00 0.000000e+00 1.000000e+00
 outer loop
  vertex 2.3410839e-03 -1.1769423e-02 3.0666700e-01
  vertex 2.9157622e-03 -1.1640375e-02 3.0666700e-01
  vertex 2.4298018e-03 -9.7003125e-03 3.0666700e-01
 endloop
endfacet
facet normal 0.000000e+00 0.000000e+00 1.000000e+00
 outer loop
  vertex 2.9157622e-03 -1.1640375e-02 3.0666700e-01
  vertex 2.9028468e-03 -9.5694034e-03 3.0666700e-01
  vertex 2.4298018e-03 -9.7003125e-03 3.0666700e-01
 endloop
endfacet
facet normal 0.000000e+00 -0.000000e+00 1.000000e+00
 outer loop
  vertex 2.9157622e-03 -1.1640375e-02 3.0666700e-01
  vertex 3.4834161e-03 -1.1483284e-02 3.0666700e-01
  vertex 2.9028468e-03 -9.5694034e-03 3.0666700e-01
 endloop
endfacet
facet normal 0.000000e+00 0.000000e+00 1.000000e+00
 outer loop
  vertex 3.4834161e-03 -1.1483284e-02 3.0666700e-01
  vertex 3.3688985e-03 -9.4154407e-03 3.0666700e-01
  vertex 2.9028468e-03 -9.5694034e-03 3.0666700e-01
 endloop
endfacet
facet normal 0.000000e+00 -0.000000e+00 1.000000e+00
 outer loop
  vertex 3.4834161e-03 -1.1483284e-02 3.0666700e-01
  vertex 4.0426782e-03 -1.1298529e-02 3.0666700e-01
  vertex 3.3688985e-03 -9.4154407e-03 3.0666700e-01
 endloop
endfacet
facet normal 0.000000e+00 0.000000e+00 1.000000e+00
 outer loop
  vertex 4.0426782e-03 -1.1298529e-02 3.0666700e-01
  vertex 3.8268343e-03 -9.2387953e-03 3.0666700e-01
  vertex 3.3688985e-03 -9.4154407e-03 3.0666700e-01
 endloop
endfacet
facet normal 0.000000e+00 -0.000000e+00 1.000000e+00
 outer loop
  vertex 4.0426782e-03 -1.1298529e-02 3.0666700e-01
  vertex 4.5922012e-03 -1.1086554e-02 3.0666700e-01
  vertex 3.8268343e-03 -9.2387953e-03 3.0666700e-01
 endloop
endfacet
facet normal 0.000000e+00 0.000000e+00 1.000000e+00
 outer loop
  vertex 4.5922012e-03 -1.1086554e-02 3.0666700e-01
  vertex 4.2755509e-03 -9.0398929e-03 3.0666700e-01
  vertex 3.8268343e-03 -9.2387953e-03 3.0666700e-01
 endloop
endfacet
facet normal 0.000000e+00 -0.000000e+00 1.000000e+00
 outer loop
  vertex 4.5922012e-03 -1.1086554e-02 3.0666700e-01
  vertex 5.1306611e-03 -1.0847872e-02 3.0666700e-01
  vertex 4.2755509e-03 -9.0398929e-03 3.0666700e-01
 endloop
endfacet
facet normal 0.000000e+00 0.000000e+00 1.000000e+00
 outer loop
  vertex 5.1306611e-03 -1.0847872e-02 3.0666700e-01
  vertex 4.7139674e-03 -8.8192126e-03 3.0666700e-01
  vertex 4.2755509e-03 -9.0398929e-03 3.0666700e-01
 endloop
endfacet
facet normal 0.000000e+00 -0.000000e+00 1.000000e+00
 outer loop
  vertex 5.1306611e-03 -1.0847872e-02 3.0666700e-01
  vertex 5.6567608e-03 -1.0583055e-02 3.0666700e-01
  vertex 4.7139674e-03 -8.8192126e-03 3.0666700e-01
 endloop
endfacet
facet normal 0.000000e+00 0.000000e+00 1.000000e+00
 outer loop
  vertex 5.6567608e-03 -1.0583055e-02 3.0666700e-01
  vertex 5.1410274e-03 -8.5772861e-03 3.0666700e-01
  vertex 4.7139674e-03 -8.8192126e-03 3.0666700e-01
 endloop
endfacet
facet normal 0.000000e+00 -0.000000e+00 1.000000e+00
 outer loop
  vertex 5.6567608e-03 -1.0583055e-02 3.0666700e-01
  vertex 6.1692329e-03 -1.0292743e-02 3.0666700e-01
  vertex 5.1410274e-03 -8.5772861e-03 3.0666700e-01
 endloop
endfacet
facet normal 0.000000e+00 0.000000e+00 1.000000e+00
 outer loop
  vertex 6.1692329e-03 -1.0292743e-02 3.0666700e-01
  vertex 5.5557023e-03 -8.3146961e-03 3.0666700e-01
  vertex 5.1410274e-03 -8.5772861e-03 3.0666700e-01
 endloop
endfacet
facet normal 0.000000e+00 -0.000000e+00 1.000000e+00
 outer loop
  vertex 6.1692329e-03 -1.0292743e-02 3.0666700e-01
  vertex 6.6668428e-03 -9.9776353e-03 3.0666700e-01
  vertex 5.5557023e-03 -8.3146961e-03 3.0666700e-01
 endloop
endfacet
facet normal 0.000000e+00 0.000000e+00 1.000000e+00
 outer loop
  vertex 6.6668428e-03 -9.9776353e-03 3.0666700e-01
  vertex 5.9569930e-03 -8.0320753e-03 3.0666700e-01
  vertex 5.5557023e-03 -8.3146961e-03 3.0666700e-01
 endloop
endfacet
facet normal 0.000000e+00 -0.000000e+00 1.000000e+00
 outer loop
  vertex 6.6668428e-03 -9.9776353e-03 3.0666700e-01
  vertex 7.1483917e-03 -9.6384904e-03 3.0666700e-01
  vertex 5.9569930e-03 -8.0320753e-03 3.0666700e-01
 endloop
endfacet
facet normal 0.000000e+00 0.000000e+00 1.000000e+00
 outer loop
  vertex 7.1483917e-03 -9.6384904e-03 3.0666700e-01
  vertex 6.3439328e-03 -7.7301045e-03 3.0666700e-01
  vertex 5.9569930e-03 -8.0320753e-03 3.0666700e-01
 endloop
endfacet
facet normal 0.000000e+00 -0.000000e+00 1.000000e+00
 outer loop
  vertex 7.1483917e-03 -9.6384904e-03 3.0666700e-01
  vertex 7.6127194e-03 -9.2761254e-03 3.0666700e-01
  vertex 6.3439328e-03 -7.7301045e-03 3.0666700e-01
 endloop
endfacet
facet normal 0.000000e+00 0.000000e+00 1.000000e+00
 outer loop
  vertex 7.6127194e-03 -9.2761254e-03 3.0666700e-01
  vertex 6.7155895e-03 -7.4095113e-03 3.0666700e-01
  vertex 6.3439328e-03 -7.7301045e-03 3.0666700e-01
 endloop
endfacet
facet normal 0.000000e+00 -0.000000e+00 1.000000e+00
 outer loop
  vertex 7.6127194e-03 -9.2761254e-03 3.0666700e-01
  vertex 8.0587075e-03 -8.8914135e-03 3.0666700e-01
  vertex 6.7155895e-03 -7.4095113e-03 3.0666700e-01
 endloop
endfacet
facet normal 0.000000e+00 0.000000e+00 1.000000e+00
 outer loop
  vertex 8.0587075e-03 -8.8914135e-03 3.0666700e-01
  vertex 7.0710678e-03 -7.0710678e-03 3.0666700e-01
  vertex 6.7155895e-03 -7.4095113e-03 3.0666700e-01
 endloop
endfacet
facet normal 0.000000e+00 -0.000000e+00 1.000000e+00
 outer loop
  vertex 8.0587075e-03 -8.8914135e-03 3.0666700e-01
  vertex 8.4852814e-03 -8.4852814e-03 3.0666700e-01
  vertex 7.0710678e-03 -7.0710678e-03 3.0666700e-01
 endloop
endfacet
facet normal 0.000000e+00 0.000000e+00 1.000000e+00
 outer loop
  vertex 8.4852814e-03 -8.4852814e-03 3.0666700e-01
  vertex 7.4095113e-03 -6.7155895e-03 3.0666700e-01
  vertex 7.0710678e-03 -7.0710678e-03 3.0666700e-01
 endloop
endfacet
facet normal 0.000000e+00 -0.000000e+00 1.000000e+00
 outer loop
  vertex 8.4852814e-03 -8.4852814e-03 3.0666700e-01
  vertex 8.8914135e-03 -8.0587075e-03 3.0666700e-01
  vertex 7.4095113e-03 -6.7155895e-03 3.0666700e-01
 endloop
endfacet
facet normal 0.000000e+00 0.000000e+00 1.000000e+00
 outer loop
  vertex 8.8914135e-03 -8.0587075e-03 3.0666700e-01
  vertex 7.7301045e-03 -6.3439328e-03 3.0666700e-01
  vertex 7.4095113e-03 -6.7155895e-03 3.0666700e-01
 endloop
endfacet
facet normal 0.000000e+00 -0.000000e+00 1.000000e+00
 outer loop
  vertex 8.8914135e-03 -8.0587075e-03 3.0666700e-01
  vertex 9.2761254e-03 -7.6127194e-03 3.0666700e-01
  vertex 7.7301045e-03 -6.3439328e-03 3.0666700e-01
 endloop
endfacet
facet normal 0.000000e+00 0.000000e+00 1.000000e+00
 outer loop
  vertex 9.2761254e-03 -7.6127194e-03 3.0666700e-01
  vertex 8.0320753e-03 -5.9569930e-03 3.0666700e-01
  vertex 7.7301045e-03 -6.3439328e-03 3.0666700e-01
 endloop
endfacet
facet normal 0.000000e+00 -0.000000e+00 1.000000e+00
 outer loop
  vertex 9.2761254e-03 -7.6127194e-03 3.0666700e-01
  vertex 9.6384904e-03 -7.1483917e-03 3.0666700e-01
  vertex 8.0320753e-03 -5.9569930e-03 3.0666700e-01
 endloop
endfacet
facet normal 0.000000e+00 0.000000e+00 1.000000e+00
 outer loop
  vertex 9.6384904e-03 -7.1483917e-03 3.0666700e-01
  vertex 8.3146961e-03 -5.5557023e-03 3.0666700e-01
  vertex 8.0320753e-03 -5.9569930e-03 3.0666700e-01
 endloop
endfacet
facet normal 0.000000e+00 -0.000000e+00 1.000000e+00
 outer loop
  vertex 9.6384904e-03 -7.1483917e-03 3.0666700e-01
  vertex 9.9776353e-03 -6.6668428e-03 3.0666700e-01
  vertex 8.3146961e-03 -5.5557023e-03 3.0666700e-01
 endloop
endfacet
facet normal 0.000000e+00 0.000000e+00 1.000000e+00
 outer loop
  vertex 9.9776353e-03 -6.6668428e-03 3.0666700e-01
  vertex 8.5772861e-03 -5.1410274e-03 3.0666700e-01
  vertex 8.3146961e-03 -5.5557023e-03 3.0666700e-01
 endloop
endfacet
facet normal 0.000000e+00 -0.000000e+00 1.000000e+00
 outer loop
  vertex 9.9776353e-03 -6.6668428e-03 3.0666700e-01
  vertex 1.0292743e-02 -6.1692329e-03 3.0666700e-01
  vertex 8.5772861e-03 -5.1410274e-03 3.0666700e-01
 endloop
endfacet
facet normal 0.000000e+00 0.000000e+00 1.000000e+00
 outer loop
  vertex 1.0292743e-02 -6.1692329e-03 3.0666700e-01
  vertex 8.8192126e-03 -4.7139674e-03 3.0666700e-01
  vertex 8.5772861e-03 -5.1410274e-03 3.0666700e-01
 endloop
endfacet
facet normal 0.000000e+00 -0.000000e+00 1.000000e+00
 outer loop
  vertex 1.0292743e-02 -6.1692329e-03 3.0666700e-01
  vertex 1.0583055e-02 -5.6567608e-03 3.0666700e-01
  vertex 8.8192126e-03 -4.7139674e-03 3.0666700e-01
 endloop
endfacet
facet normal 0.000000e+00 0.000000e+00 1.000000e+00
 outer loop
  vertex 1.0583055e-02 -5.6567608e-03 3.0666700e-01
  vertex 9.0398929e-03 -4.2755509e-03 3.0666700e-01
  vertex 8.8192126e-03 -4.7139674e-03 3.0666700e-01
 endloop
endfacet
facet normal 0.000000e+00 -0.000000e+00 1.000000e+00
 outer loop
  vertex 1.0583055e-02 -5.6567608e-03 3.0666700e-01
  vertex 1.0847872e-02 -5.1306611e-03 3.0666700e-01
  vertex 9.0398929e-03 -4.2755509e-03 3.0666700e-01
 endloop
endfacet
facet normal 0.000000e+00 0.000000e+00 1.000000e+00
 outer loop
  vertex 1.0847872e-02 -5.1306611e-03 3.0666700e-01
  vertex 9.2387953e-03 -3.8268343e-03 3.0666700e-01
  vertex 9.0398929e-03 -4.2755509e-03 3.0666700e-01
 endloop
endfacet
facet normal 0.000000e+00 -0.000000e+00 1.000000e+00
 outer loop
  vertex 1.0847872e-02 -5.1306611e-03 3.0666700e-01
  vertex 1.1086554e-02 -4.5922012e-03 3.0666700e-01
  vertex 9.2387953e-03 -3.8268343e-03 3.0666700e-01
 endloop
endfacet
facet normal 0.000000e+00 0.000000e+00 1.000000e+00
 outer loop
  vertex 1.1086554e-02 -4.5922012e-03 3.0666700e-01
  vertex 9.4154407e-03 -3.3688985e-03 3.0666700e-01
  vertex 9.2387953e-03 -3.8268343e-03 3.0666700e-01
 endloop
endfacet
facet normal 0.000000e+00 -0.000000e+00 1.000000e+00
 outer loop
  vertex 1.1086554e-02 -4.5922012e-03 3.0666700e-01
  vertex 1.1298529e-02 -4.0426782e-03 3.0666700e-01
  vertex 9.4154407e-03 -3.3688985e-03 3.0666700e-01
 endloop
endfacet
facet normal 0.000000e+00 0.000000e+00 1.000000e+00
 outer loop
  vertex 1.1298529e-02 -4.0426782e-03 3.0666700e-01
  vertex 9.5694034e-03 -2.9028468e-03 3.0666700e-01
  vertex 9.4154407e-03 -3.3688985e-03 3.0666700e-01
 endloop
endfacet
facet normal 0.000000e+00 -0.000000e+00 1.000000e+00
 outer loop
  vertex 1.1298529e-02 -4.0426782e-03 3.0666700e-01
  vertex 1.1483284e-02 -3.4834161e-03 3.0666700e-01
  vertex 9.5694034e-03 -2.9028468e-03 3.0666700e-01
 endloop
endfacet
facet normal 0.000000e+00 0.000000e+00 1.000000e+00
 outer loop
  vertex 1.1483284e-02 -3.4834161e-03 3.0666700e-01
  vertex 9.7003125e-03 -2.4298018e-03 3.0666700e-01
  vertex 9.5694034e-03 -2.9028468e-03 3.0666700e-01
 endloop
endfacet
facet normal 0.000000e+00 -0.000000e+00 1.000000e+00
 outer loop
  vertex 1.1483284e-02 -3.4834161e-03 3.0666700e-01
  vertex 1.1640375e-02 -2.9157622e-03 3.0666700e-01
  vertex 9.7003125e-03 -2.4298018e-03 3.0666700e-01
 endloop
endfacet
facet normal 0.000000e+00 0.000000e+00 1.000000e+00
 outer loop
  vertex 1.1640375e-02 -2.9157622e-03 3.0666700e-01
  vertex 9.8078528e-03 -1.9509032e-03 3.0666700e-01
  vertex 9.7003125e-03 -2.4298018e-03 3.0666700e-01
 endloop
endfacet
facet normal 0.000000e+00 -0.000000e+00 1.000000e+00
 outer loop
  vertex 1.1640375e-02 -2.9157622e-03 3.0666700e-01
  vertex 1.1769423e-02 -2.3410839e-03 3.0666700e-01
  vertex 9.8078528e-03 -1.9509032e-03 3.0666700e-01
 endloop
endfacet
facet normal 0.000000e+00 0.000000e+00 1.000000e+00
 outer loop
  vertex 1.1769423e-02 -2.3410839e-03 3.0666700e-01
  vertex 9.8917651e-03 -1.4673047e-03 3.0666700e-01
  vertex 9.8078528e-03 -1.9509032e-03 3.0666700e-01
 endloop
endfacet
facet normal 0.000000e+00 -0.000000e+00 1.000000e+00
 outer loop
  vertex 1.1769423e-02 -2.3410839e-03 3.0666700e-01
  vertex 1.1870118e-02 -1.7607657e-03 3.0666700e-01
  vertex 9.8917651e-03 -1.4673047e-03 3.0666700e-01
 endloop
endfacet
facet normal 0.000000e+00 0.000000e+00 1.000000e+00
 outer loop
  vertex 1.1870118e-02 -1.7607657e-03 3.0666700e-01
  vertex 9.9518473e-03 -9.8017140e-04 3.0666700e-01
  vertex 9.8917651e-03 -1.4673047e-03 3.0666700e-01
 endloop
endfacet
facet normal 0.000000e+00 -0.000000e+00 1.000000e+00
 outer loop
  vertex 1.1870118e-02 -1.7607657e-03 3.0666700e-01
  vertex 1.1942217e-02 -1.1762057e-03 3.0666700e-01
  vertex 9.9518473e-03 -9.8017140e-04 3.0666700e-01
 endloop
endfacet
facet normal 0.000000e+00 0.000000e+00 1.000000e+00
 outer loop
  vertex 1.1942217e-02 -1.1762057e-03 3.0666700e-01
  vertex 9.9879546e-03 -4.9067674e-04 3.0666700e-01
  vertex 9.9518473e-03 -9.8017140e-04 3.0666700e-01
 endloop
endfacet
facet normal 0.000000e+00 -0.000000e+00 1.000000e+00
 outer loop
  vertex 1.1942217e-02 -1.1762057e-03 3.0666700e-01
  vertex 1.1985545e-02 -5.8881209e-04 3.0666700e-01
  vertex 9.9879546e-03 -4.9067674e-04 3.0666700e-01
 endloop
endfacet
facet normal 0.000000e+00 0.000000e+00 1.000000e+00
 outer loop
  vertex 1.1985545e-02 -5.8881209e-04 3.0666700e-01
  vertex 1.0000000e-02 0.0000000e+00 3.0666700e-01
  vertex 9.9879546e-03 -4.9067674e-04 3.0666700e-01
 endloop
endfacet
facet normal 0.000000e+00 -0.000000e+00 1.000000e+00
 outer loop
  vertex 1.1985545e-02 -5.8881209e-04 3.0666700e-01
  vertex 1.2000000e-02 0.0000000e+00 3.0666700e-01
  vertex 1.0000000e-02 0.0000000e+00 3.0666700e-01
 endloop
endfacet
facet normal -9.996988e-01 -2.454123e-02 -0.000000e+00
 outer loop
  vertex 1.0000000e-02 0.0000000e+00 3.0666700e-01
  vertex 9.9879546e-03 4.9067674e-04 5.8000000e-02
  vertex 1.0000000e-02 0.0000000e+00 5.8000000e-02
 endloop
endfacet
facet normal -9.996988e-01 -2.454123e-02 0.000000e+00
 outer loop
  vertex 1.0000000e-02 0.0000000e+00 3.0666700e-01
  vertex 9.9879546e-03 4.9067674e-04 3.0666700e-01
  vertex 9.9879546e-03 4.9067674e-04 5.8000000e-02
 endloop
endfacet
facet normal -9.972905e-01 -7.356456e-02 -0.000000e+00
 outer loop
  vertex 9.9879546e-03 4.9067674e-04 3.0666700e-01
  vertex 9.9518473e-03 9.8017140e-04 5.8000000e-02
  vertex 9.9879546e-03 4.9067674e-04 5.8000000e-02
 endloop
endfacet
facet normal -9.972905e-01 -7.356456e-02 0.000000e+00
 outer loop
  vertex 9.9879546e-03 4.9067674e-04 3.0666700e-01
  vertex 9.9518473e-03 9.8017140e-04 3.0666700e-01
  vertex 9.9518473e-03 9.8017140e-04 5.8000000e-02
 endloop
endfacet
facet normal -9.924795e-01 -1.224107e-01 -0.000000e+00
 outer loop
  vertex 9.9518473e-03 9.8017140e-04 3.0666700e-01
  vertex 9.8917651e-03 1.4673047e-03 5.8000000e-02
  vertex 9.9518473e-03 9.8017140e-04 5.8000000e-02
 endloop
endfacet
facet normal -9.924795e-01 -1.224107e-01 0.000000e+00
 outer loop
  vertex 9.9518473e-03 9.8017140e-04 3.0666700e-01
  vertex 9.8917651e-03 1.4673047e-03 3.0666700e-01
  vertex 9.8917651e-03 1.4673047e-03 5.8000000e-02
 endloop
endfacet
facet normal -9.852776e-01 -1.709619e-01 -0.000000e+00
 outer loop
  vertex 9.8917651e-03 1.4673047e-03 3.0666700e-01
  vertex 9.8078528e-03 1.9509032e-03 5.8000000e-02
  vertex 9.8917651e-03 1.4673047e-03 5.8000000e-02
 endloop
endfacet
facet normal -9.852776e-01 -1.709619e-01 0.000000e+00
 outer loop
  vertex 9.8917651e-03 1.4673047e-03 3.0666700e-01
  vertex 9.8078528e-03 1.9509032e-03 3.0666700e-01
  vertex 9.8078528e-03 1.9509032e-03 5.8000000e-02
 endloop
endfacet
facet normal -9.757021e-01 -2.191012e-01 -0.000000e+00
 outer loop
  vertex 9.8078528e-03 1.9509032e-03 3.0666700e-01
  vertex 9.7003125e-03 2.4298018e-03 5.8000000e-02
  vertex 9.8078528e-03 1.9509032e-03 5.8000000e-02
 endloop
endfacet
facet normal -9.757021e-01 -2.191012e-01 0.000000e+00
 outer loop
  vertex 9.8078528e-03 1.9509032e-03 3.0666700e-01
  vertex 9.7003125e-03 2.4298018e-03 3.0666700e-01
  vertex 9.7003125e-03 2.4298018e-03 5.8000000e-02
 endloop
endfacet
facet normal -9.637761e-01 -2.667128e-01 -0.000000e+00
 outer loop
  vertex 9.7003125e-03 2.4298018e-03 3.0666700e-01
  vertex 9.5694034e-03 2.9028468e-03 5.8000000e-02
  vertex 9.7003125e-03 2.4298018e-03 5.8000000e-02
 endloop
endfacet
facet normal -9.637761e-01 -2.667128e-01 0.000000e+00
 outer loop
  vertex 9.7003125e-03 2.4298018e-03 3.0666700e-01
  vertex 9.5694034e-03 2.9028468e-03 3.0666700e-01
  vertex 9.5694034e-03 2.9028468e-03 5.8000000e-02
 endloop
endfacet
facet normal -9.495282e-01 -3.136817e-01 -0.000000e+00
 outer loop
  vertex 9.5694034e-03 2.9028468e-03 3.0666700e-01
  vertex 9.4154407e-03 3.3688985e-03 5.8000000e-02
  vertex 9.5694034e-03 2.9028468e-03 5.8000000e-02
 endloop
endfacet
facet normal -9.495282e-01 -3.136817e-01 0.000000e+00
 outer loop
  vertex 9.5694034e-03 2.9028468e-03 3.0666700e-01
  vertex 9.4154407e-03 3.3688985e-03 3.0666700e-01
  vertex 9.4154407e-03 3.3688985e-03 5.8000000e-02
 endloop
endfacet
facet normal -9.329928e-01 -3.598950e-01 -0.000000e+00
 outer loop
  vertex 9.4154407e-03 3.3688985e-03 3.0666700e-01
  vertex 9.2387953e-03 3.8268343e-03 5.8000000e-02
  vertex 9.4154407e-03 3.3688985e-03 5.8000000e-02
 endloop
endfacet
facet normal -9.329928e-01 -3.598950e-01 0.000000e+00
 outer loop
  vertex 9.4154407e-03 3.3688985e-03 3.0666700e-01
  vertex 9.2387953e-03 3.8268343e-03 3.0666700e-01
  vertex 9.2387953e-03 3.8268343e-03 5.8000000e-02
 endloop
endfacet
facet normal -9.142098e-01 -4.052413e-01 -0.000000e+00
 outer loop
  vertex 9.2387953e-03 3.8268343e-03 3.0666700e-01
  vertex 9.0398929e-03 4.2755509e-03 5.8000000e-02
  vertex 9.2387953e-03 3.8268343e-03 5.8000000e-02
 endloop
endfacet
facet normal -9.142098e-01 -4.052413e-01 0.000000e+00
 outer loop
  vertex 9.2387953e-03 3.8268343e-03 3.0666700e-01
  vertex 9.0398929e-03 4.2755509e-03 3.0666700e-01
  vertex 9.0398929e-03 4.2755509e-03 5.8000000e-02
 endloop
endfacet
facet normal -8.932243e-01 -4.496113e-01 -0.000000e+00
 outer loop
  vertex 9.0398929e-03 4.2755509e-03 3.0666700e-01
  vertex 8.8192126e-03 4.7139674e-03 5.8000000e-02
  vertex 9.0398929e-03 4.2755509e-03 5.8000000e-02
 endloop
endfacet
facet normal -8.932243e-01 -4.496113e-01 0.000000e+00
 outer loop
  vertex 9.0398929e-03 4.2755509e-03 3.0666700e-01
  vertex 8.8192126e-03 4.7139674e-03 3.0666700e-01
  vertex 8.8192126e-03 4.7139674e-03 5.8000000e-02
 endloop
endfacet
facet normal -8.700870e-01 -4.928982e-01 -0.000000e+00
 outer loop
  vertex 8.8192126e-03 4.7139674e-03 3.0666700e-01
  vertex 8.5772861e-03 5.1410274e-03 5.8000000e-02
  vertex 8.8192126e-03 4.7139674e-03 5.8000000e-02
 endloop
endfacet
facet normal -8.700870e-01 -4.928982e-01 0.000000e+00
 outer loop
  vertex 8.8192126e-03 4.7139674e-03 3.0666700e-01
  vertex 8.5772861e-03 5.1410274e-03 3.0666700e-01
  vertex 8.5772861e-03 5.1410274e-03 5.8000000e-02
 endloop
endfacet
facet normal -8.448536e-01 -5.349976e-01 -0.000000e+00
 outer loop
  vertex 8.5772861e-03 5.1410274e-03 3.0666700e-01
  vertex 8.3146961e-03 5.5557023e-03 5.8000000e-02
  vertex 8.5772861e-03 5.1410274e-03 5.8000000e-02
 endloop
endfacet
facet normal -8.448536e-01 -5.349976e-01 0.000000e+00
 outer loop
  vertex 8.5772861e-03 5.1410274e-03 3.0666700e-01
  vertex 8.3146961e-03 5.5557023e-03 3.0666700e-01
  vertex 8.3146961e-03 5.5557023e-03 5.8000000e-02
 endloop
endfacet
facet normal -8.175848e-01 -5.758082e-01 -0.000000e+00
 outer loop
  vertex 8.3146961e-03 5.5557023e-03 3.0666700e-01
  vertex 8.0320753e-03 5.9569930e-03 5.8000000e-02
  vertex 8.3146961e-03 5.5557023e-03 5.8000000e-02
 endloop
endfacet
facet normal -8.175848e-01 -5.758082e-01 0.000000e+00
 outer loop
  vertex 8.3146961e-03 5.5557023e-03 3.0666700e-01
  vertex 8.0320753e-03 5.9569930e-03 3.0666700e-01
  vertex 8.0320753e-03 5.9569930e-03 5.8000000e-02
 endloop
endfacet
facet normal -7.883464e-01 -6.152316e-01 -0.000000e+00
 outer loop
  vertex 8.0320753e-03 5.9569930e-03 3.0666700e-01
  vertex 7.7301045e-03 6.3439328e-03 5.8000000e-02
  vertex 8.0320753e-03 5.9569930e-03 5.8000000e-02
 endloop
endfacet
facet normal -7.883464e-01 -6.152316e-01 0.000000e+00
 outer loop
  vertex 8.0320753e-03 5.9569930e-03 3.0666700e-01
  vertex 7.7301045e-03 6.3439328e-03 3.0666700e-01
  vertex 7.7301045e-03 6.3439328e-03 5.8000000e-02
 endloop
endfacet
facet normal -7.572088e-01 -6.531728e-01 -0.000000e+00
 outer loop
  vertex 7.7301045e-03 6.3439328e-03 3.0666700e-01
  vertex 7.4095113e-03 6.7155895e-03 5.8000000e-02
  vertex 7.7301045e-03 6.3439328e-03 5.8000000e-02
 endloop
endfacet
facet normal -7.572088e-01 -6.531728e-01 0.000000e+00
 outer loop
  vertex 7.7301045e-03 6.3439328e-03 3.0666700e-01
  vertex 7.4095113e-03 6.7155895e-03 3.0666700e-01
  vertex 7.4095113e-03 6.7155895e-03 5.8000000e-02
 endloop
endfacet
facet normal -7.242471e-01 -6.895405e-01 -0.000000e+00
 outer loop
  vertex 7.4095113e-03 6.7155895e-03 3.0666700e-01
  vertex 7.0710678e-03 7.0710678e-03 5.8000000e-02
  vertex 7.4095113e-03 6.7155895e-03 5.8000000e-02
 endloop
endfacet
facet normal -7.242471e-01 -6.895405e-01 0.000000e+00
 outer loop
  vertex 7.4095113e-03 6.7155895e-03 3.0666700e-01
  vertex 7.0710678e-03 7.0710678e-03 3.0666700e-01
  vertex 7.0710678e-03 7.0710678e-03 5.8000000e-02
 endloop
endfacet
facet normal -6.895405e-01 -7.242471e-01 -0.000000e+00
 outer loop
  vertex 7.0710678e-03 7.0710678e-03 3.0666700e-01
  vertex 6.7155895e-03 7.4095113e-03 5.8000000e-02
  vertex 7.0710678e-03 7.0710678e-03 5.8000000e-02
 endloop
endfacet
facet normal -6.895405e-01 -7.242471e-01 0.000000e+00
 outer loop
  vertex 7.0710678e-03 7.0710678e-03 3.0666700e-01
  vertex 6.7155895e-03 7.4095113e-03 3.0666700e-01
  vertex 6.7155895e-03 7.4095113e-03 5.8000000e-02
 endloop
endfacet
facet normal -6.531728e-01 -7.572088e-01 -0.000000e+00
 outer loop
  vertex 6.7155895e-03 7.4095113e-03 3.0666700e-01
  vertex 6.3439328e-03 7.7301045e-03 5.8000000e-02
  vertex 6.7155895e-03 7.4095113e-03 5.8000000e-02
 endloop
endfacet
facet normal -6.531728e-01 -7.572088e-01 0.000000e+00
 outer loop
  vertex 6.7155895e-03 7.4095113e-03 3.0666700e-01
  vertex 6.3439328e-03 7.7301045e-03 3.0666700e-01
  vertex 6.3439328e-03 7.7301045e-03 5.8000000e-02
 endloop
endfacet
facet normal -6.152316e-01 -7.883464e-01 -0.000000e+00
 outer loop
  vertex 6.3439328e-03 7.7301045e-03 3.0666700e-01
  vertex 5.9569930e-03 8.0320753e-03 5.8000000e-02
  vertex 6.3439328e-03 7.7301045e-03 5.8000000e-02
 endloop
endfacet
facet normal -6.152316e-01 -7.883464e-01 0.000000e+00
 outer loop
  vertex 6.3439328e-03 7.7301045e-03 3.0666700e-01
  vertex 5.9569930e-03 8.0320753e-03 3.0666700e-01
  vertex 5.9569930e-03 8.0320753e-03 5.8000000e-02
 endloop
endfacet
facet normal -5.758082e-01 -8.175848e-01 -0.000000e+00
 outer loop
  vertex 5.9569930e-03 8.0320753e-03 3.0666700e-01
  vertex 5.5557023e-03 8.3146961e-03 5.8000000e-02
  vertex 5.9569930e-03 8.0320753e-03 5.8000000e-02
 endloop
endfacet
facet normal -5.758082e-01 -8.175848e-01 0.000000e+00
 outer loop
  vertex 5.9569930e-03 8.0320753e-03 3.0666700e-01
  vertex 5.5557023e-03 8.3146961e-03 3.0666700e-01
  vertex 5.5557023e-03 8.3146961e-03 5.8000000e-02
 endloop
endfacet
facet normal -5.349976e-01 -8.448536e-01 -0.000000e+00
 outer loop
  vertex 5.5557023e-03 8.3146961e-03 3.0666700e-01
  vertex 5.1410274e-03 8.5772861e-03 5.8000000e-02
  vertex 5.5557023e-03 8.3146961e-03 5.8000000e-02
 endloop
endfacet
facet normal -5.349976e-01 -8.448536e-01 0.000000e+00
 outer loop
  vertex 5.5557023e-03 8.3146961e-03 3.0666700e-01
  vertex 5.1410274e-03 8.5772861e-03 3.0666700e-01
  vertex 5.1410274e-03 8.5772861e-03 5.8000000e-02
 endloop
endfacet
facet normal -4.928982e-01 -8.700870e-01 -0.000000e+00
 outer loop
  vertex 5.1410274e-03 8.5772861e-03 3.0666700e-01
  vertex 4.7139674e-03 8.8192126e-03 5.8000000e-02
  vertex 5.1410274e-03 8.5772861e-03 5.8000000e-02
 endloop
endfacet
facet normal -4.928982e-01 -8.700870e-01 0.000000e+00
 outer loop
  vertex 5.1410274e-03 8.5772861e-03 3.0666700e-01
  vertex 4.7139674e-03 8.8192126e-03 3.0666700e-01
  vertex 4.7139674e-03 8.8192126e-03 5.8000000e-02
 endloop
endfacet
facet normal -4.496113e-01 -8.932243e-01 -0.000000e+00
 outer loop
  vertex 4.7139674e-03 8.8192126e-03 3.0666700e-01
  vertex 4.2755509e-03 9.0398929e-03 5.8000000e-02
  vertex 4.7139674e-03 8.8192126e-03 5.8000000e-02
 endloop
endfacet
facet normal -4.496113e-01 -8.932243e-01 0.000000e+00
 outer loop
  vertex 4.7139674e-03 8.8192126e-03 3.0666700e-01
  vertex 4.2755509e-03 9.0398929e-03 3.0666700e-01
  vertex 4.2755509e-03 9.0398929e-03 5.8000000e-02
 endloop
endfacet
facet normal -4.052413e-01 -9.142098e-01 -0.000000e+00
 outer loop
  vertex 4.2755509e-03 9.0398929e-03 3.0666700e-01
  vertex 3.8268343e-03 9.2387953e-03 5.8000000e-02
  vertex 4.2755509e-03 9.0398929e-03 5.8000000e-02
 endloop
endfacet
facet normal -4.052413e-01 -9.142098e-01 0.000000e+00
 outer loop
  vertex 4.2755509e-03 9.0398929e-03 3.0666700e-01
  vertex 3.8268343e-03 9.2387953e-03 3.0666700e-01
  vertex 3.8268343e-03 9.2387953e-03 5.8000000e-02
 endloop
endfacet
facet normal -3.598950e-01 -9.329928e-01 -0.000000e+00
 outer loop
  vertex 3.8268343e-03 9.2387953e-03 3.0666700e-01
  vertex 3.3688985e-03 9.4154407e-03 5.8000000e-02
  vertex 3.8268343e-03 9.2387953e-03 5.8000000e-02
 endloop
endfacet
facet normal -3.598950e-01 -9.329928e-01 0.000000e+00
 outer loop
  vertex 3.8268343e-03 9.2387953e-03 3.0666700e-01
  vertex 3.3688985e-03 9.4154407e-03 3.0666700e-01
  vertex 3.3688985e-03 9.4154407e-03 5.8000000e-02
 endloop
endfacet
facet normal -3.136817e-01 -9.495282e-01 -0.000000e+00
 outer loop
  vertex 3.3688985e-03 9.4154407e-03 3.0666700e-01
  vertex 2.9028468e-03 9.5694034e-03 5.8000000e-02
  vertex 3.3688985e-03 9.4154407e-03 5.8000000e-02
 endloop
endfacet
facet normal -3.136817e-01 -9.495282e-01 0.000000e+00
 outer loop
  vertex 3.3688985e-03 9.4154407e-03 3.0666700e-01
  vertex 2.9028468e-03 9.5694034e-03 3.0666700e-01
  vertex 2.9028468e-03 9.5694034e-03 5.8000000e-02
 endloop
endfacet
facet normal -2.667128e-01 -9.637761e-01 -0.000000e+00
 outer loop
  vertex 2.9028468e-03 9.5694034e-03 3.0666700e-01
  vertex 2.4298018e-03 9.7003125e-03 5.8000000e-02
  vertex 2.9028468e-03 9.5694034e-03 5.8000000e-02
 endloop
endfacet
facet normal -2.667128e-01 -9.637761e-01 0.000000e+00
 outer loop
  vertex 2.9028468e-03 9.5694034e-03 3.0666700e-01
  vertex 2.4298018e-03 9.7003125e-03 3.0666700e-01
  vertex 2.4298018e-03 9.7003125e-03 5.8000000e-02
 endloop
endfacet
facet normal -2.191012e-01 -9.757021e-01 -0.000000e+00
 outer loop
  vertex 2.4298018e-03 9.7003125e-03 3.0666700e-01
  vertex 1.9509032e-03 9.8078528e-03 5.8000000e-02
  vertex 2.4298018e-03 9.7003125e-03 5.8000000e-02
 endloop
endfacet
facet normal -2.191012e-01 -9.757021e-01 0.000000e+00
 outer loop
  vertex 2.4298018e-03 9.7003125e-03 3.0666700e-01
  vertex 1.9509032e-03 9.8078528e-03 3.0666700e-01
  vertex 1.9509032e-03 9.8078528e-03 5.8000000e-02
 endloop
endfacet
facet normal -1.709619e-01 -9.852776e-01 -0.000000e+00
 outer loop
  vertex 1.9509032e-03 9.8078528e-03 3.0666700e-01
  vertex 1.4673047e-03 9.8917651e-03 5.8000000e-02
  vertex 1.9509032e-03 9.8078528e-03 5.8000000e-02
 endloop
endfacet
facet normal -1.709619e-01 -9.852776e-01 0.000000e+00
 outer loop
  vertex 1.9509032e-03 9.8078528e-03 3.0666700e-01
  vertex 1.4673047e-03 9.8917651e-03 3.0666700e-01
  vertex 1.4673047e-03 9.8917651e-03 5.8000000e-02
 endloop
endfacet
facet normal -1.224107e-01 -9.924795e-01 -0.000000e+00
 outer loop
  vertex 1.4673047e-03 9.8917651e-03 3.0666700e-01
  vertex 9.8017140e-04 9.9518473e-03 5.8000000e-02
  vertex 1.4673047e-03 9.8917651e-03 5.8000000e-02
 endloop
endfacet
facet normal -1.224107e-01 -9.924795e-01 0.000000e+00
 outer loop
  vertex 1.4673047e-03 9.8917651e-03 3.0666700e-01
  vertex 9.8017140e-04 9.9518473e-03 3.0666700e-01
  vertex 9.8017140e-04 9.9518473e-03 5.8000000e-02
 endloop
endfacet
facet normal -7.356456e-02 -9.972905e-01 -0.000000e+00
 outer loop
  vertex 9.8017140e-04 9.9518473e-03 3.0666700e-01
  vertex 4.9067674e-04 9.9879546e-03 5.8000000e-02
  vertex 9.8017140e-04 9.9518473e-03 5.8000000e-02
 endloop
endfacet
facet normal -7.356456e-02 -9.972905e-01 0.000000e+00
 outer loop
  vertex 9.8017140e-04 9.9518473e-03 3.0666700e-01
  vertex 4.9067674e-04 9.9879546e-03 3.0666700e-01
  vertex 4.9067674e-04 9.9879546e-03 5.8000000e-02
 endloop
endfacet
facet normal -2.454123e-02 -9.996988e-01 -0.000000e+00
 outer loop
  vertex 4.9067674e-04 9.9879546e-03 3.0666700e-01
  vertex 6.1232340e-19 1.0000000e-02 5.8000000e-02
  vertex 4.9067674e-04 9.9879546e-03 5.8000000e-02
 endloop
endfacet
facet normal -2.454123e-02 -9.996988e-01 0.000000e+00
 outer loop
  vertex 4.9067674e-04 9.9879546e-03 3.0666700e-01
  vertex 6.1232340e-19 1.0000000e-02 3.0666700e-01
  vertex 6.1232340e-19 1.0000000e-02 5.8000000e-02
 endloop
endfacet
facet normal 2.454123e-02 -9.996988e-01 0.000000e+00
 outer loop
  vertex 6.1232340e-19 1.0000000e-02 3.0666700e-01
  vertex -4.9067674e-04 9.9879546e-03 5.8000000e-02
  vertex 6.1232340e-19 1.0000000e-02 5.8000000e-02
 endloop
endfacet
facet normal 2.454123e-02 -9.996988e-01 0.000000e+00
 outer loop
  vertex 6.1232340e-19 1.0000000e-02 3.0666700e-01
  vertex -4.9067674e-04 9.9879546e-03 3.0666700e-01
  vertex -4.9067674e-04 9.9879546e-03 5.8000000e-02
 endloop
endfacet
facet normal 7.356456e-02 -9.972905e-01 0.000000e+00
 outer loop
  vertex -4.9067674e-04 9.9879546e-03 3.0666700e-01
  vertex -9.8017140e-04 9.9518473e-03 5.8000000e-02
  vertex -4.9067674e-04 9.9879546e-03 5.8000000e-02
 endloop
endfacet
facet normal 7.356456e-02 -9.972905e-01 0.000000e+00
 outer loop
  vertex -4.9067674e-04 9.9879546e-03 3.0666700e-01
  vertex -9.8017140e-04 9.9518473e-03 3.0666700e-01
  vertex -9.8017140e-04 9.9518473e-03 5.8000000e-02
 endloop
endfacet
facet normal 1.224107e-01 -9.924795e-01 0.000000e+00
 outer loop
  vertex -9.8017140e-04 9.9518473e-03 3.0666700e-01
  vertex -1.4673047e-03 9.8917651e-03 5.8000000e-02
  vertex -9.8017140e-04 9.9518473e-03 5.8000000e-02
 endloop
endfacet
facet normal 1.224107e-01 -9.924795e-01 0.000000e+00
 outer loop
  vertex -9.8017140e-04 9.9518473e-03 3.0666700e-01
  vertex -1.4673047e-03 9.8917651e-03 3.0666700e-01
  vertex -1.4673047e-03 9.8917651e-03 5.8000000e-02
 endloop
endfacet
facet normal 1.709619e-01 -9.852776e-01 0.000000e+00
 outer loop
  vertex -1.4673047e-03 9.8917651e-03 3.0666700e-01
  vertex -1.9509032e-03 9.8078528e-03 5.8000000e-02
  vertex -1.4673047e-03 9.8917651e-03 5.8000000e-02
 endloop
endfacet
facet normal 1.709619e-01 -9.852776e-01 0.000000e+00
 outer loop
  vertex -1.4673047e-03 9.8917651e-03 3.0666700e-01
  vertex -1.9509032e-03 9.8078528e-03 3.0666700e-01
  vertex -1.9509032e-03 9.8078528e-03 5.8000000e-02
 endloop
endfacet
facet normal 2.191012e-01 -9.757021e-01 0.000000e+00
 outer loop
  vertex -1.9509032e-03 9.8078528e-03 3.0666700e-01
  vertex -2.4298018e-03 9.7003125e-03 5.8000000e-02
  vertex -1.9509032e-03 9.8078528e-03 5.8000000e-02
 endloop
endfacet
facet normal 2.191012e-01 -9.757021e-01 0.000000e+00
 outer loop
  vertex -1.9509032e-03 9.8078528e-03 3.0666700e-01
  vertex -2.4298018e-03 9.7003125e-03 3.0666700e-01
  vertex -2.4298018e-03 9.7003125e-03 5.8000000e-02
 endloop
endfacet
facet normal 2.667128e-01 -9.637761e-01 0.000000e+00
 outer loop
  vertex -2.4298018e-03 9.7003125e-03 3.0666700e-01
  vertex -2.9028468e-03 9.5694034e-03 5.8000000e-02
  vertex -2.4298018e-03 9.7003125e-03 5.8000000e-02
 endloop
endfacet
facet normal 2.667128e-01 -9.637761e-01 0.000000e+00
 outer loop
  vertex -2.4298018e-03 9.7003125e-03 3.0666700e-01
  vertex -2.9028468e-03 9.5694034e-03 3.0666700e-01
  vertex -2.9028468e-03 9.5694034e-03 5.8000000e-02
 endloop
endfacet
facet normal 3.136817e-01 -9.495282e-01 0.000000e+00
 outer loop
  vertex -2.9028468e-03 9.5694034e-03 3.0666700e-01
  vertex -3.3688985e-03 9.4154407e-03 5.8000000e-02
  vertex -2.9028468e-03 9.5694034e-03 5.8000000e-02
 endloop
endfacet
facet normal 3.136817e-01 -9.495282e-01 0.000000e+00
 outer loop
  vertex -2.9028468e-03 9.5694034e-03 3.0666700e-01
  vertex -3.3688985e-03 9.4154407e-03 3.0666700e-01
  vertex -3.3688985e-03 9.4154407e-03 5.8000000e-02
 endloop
endfacet
facet normal 3.598950e-01 -9.329928e-01 0.000000e+00
 outer loop
  vertex -3.3688985e-03 9.4154407e-03 3.0666700e-01
  vertex -3.8268343e-03 9.2387953e-03 5.8000000e-02
  vertex -3.3688985e-03 9.4154407e-03 5.8000000e-02
 endloop
endfacet
facet normal 3.598950e-01 -9.329928e-01 0.000000e+00
 outer loop
  vertex -3.3688985e-03 9.4154407e-03 3.0666700e-01
  vertex -3.8268343e-03 9.2387953e-03 3.0666700e-01
  vertex -3.8268343e-03 9.2387953e-03 5.8000000e-02
 endloop
endfacet
facet normal 4.052413e-01 -9.142098e-01 0.000000e+00
 outer loop
  vertex -3.8268343e-03 9.2387953e-03 3.0666700e-01
  vertex -4.2755509e-03 9.0398929e-03 5.8000000e-02
  vertex -3.8268343e-03 9.2387953e-03 5.8000000e-02
 endloop
endfacet
facet normal 4.052413e-01 -9.142098e-01 0.000000e+00
 outer loop
  vertex -3.8268343e-03 9.2387953e-03 3.0666700e-01
  vertex -4.2755509e-03 9.0398929e-03 3.0666700e-01
  vertex -4.2755509e-03 9.0398929e-03 5.8000000e-02
 endloop
endfacet
facet normal 4.496113e-01 -8.932243e-01 0.000000e+00
 outer loop
  vertex -4.2755509e-03 9.0398929e-03 3.0666700e-01
  vertex -4.7139674e-03 8.8192126e-03 5.8000000e-02
  vertex -4.2755509e-03 9.0398929e-03 5.8000000e-02
 endloop
endfacet
facet normal 4.496113e-01 -8.932243e-01 0.000000e+00
 outer loop
  vertex -4.2755509e-03 9.0398929e-03 3.0666700e-01
  vertex -4.7139674e-03 8.8192126e-03 3.0666700e-01
  vertex -4.7139674e-03 8.8192126e-03 5.8000000e-02
 endloop
endfacet
facet normal 4.928982e-01 -8.700870e-01 0.000000e+00
 outer loop
  vertex -4.7139674e-03 8.8192126e-03 3.0666700e-01
  vertex -5.1410274e-03 8.5772861e-03 5.8000000e-02
  vertex -4.7139674e-03 8.8192126e-03 5.8000000e-02
 endloop
endfacet
facet normal 4.928982e-01 -8.700870e-01 0.000000e+00
 outer loop
  vertex -4.7139674e-03 8.8192126e-03 3.0666700e-01
  vertex -5.1410274e-03 8.5772861e-03 3.0666700e-01
  vertex -5.1410274e-03 8.5772861e-03 5.8000000e-02
 endloop
endfacet
facet normal 5.349976e-01 -8.448536e-01 0.000000e+00
 outer loop
  vertex -5.1410274e-03 8.5772861e-03 3.0666700e-01
  vertex -5.5557023e-03 8.3146961e-03 5.8000000e-02
  vertex -5.1410274e-03 8.5772861e-03 5.8000000e-02
 endloop
endfacet
facet normal 5.349976e-01 -8.448536e-01 0.000000e+00
 outer loop
  vertex -5.1410274e-03 8.5772861e-03 3.0666700e-01
  vertex -5.5557023e-03 8.3146961e-03 3.0666700e-01
  vertex -5.5557023e-03 8.3146961e-03 5.8000000e-02
 endloop
endfacet
facet normal 5.758082e-01 -8.175848e-01 0.000000e+00
 outer loop
  vertex -5.5557023e-03 8.3146961e-03 3.0666700e-01
  vertex -5.9569930e-03 8.0320753e-03 5.8000000e-02
  vertex -5.5557023e-03 8.3146961e-03 5.8000000e-02
 endloop
endfacet
facet normal 5.758082e-01 -8.175848e-01 0.000000e+00
 outer loop
  vertex -5.5557023e-03 8.3146961e-03 3.0666700e-01
  vertex -5.9569930e-03 8.0320753e-03 3.0666700e-01
  vertex -5.9569930e-03 8.0320753e-03 5.8000000e-02
 endloop
endfacet
facet normal 6.152316e-01 -7.883464e-01 0.000000e+00
 outer loop
  vertex -5.9569930e-03 8.0320753e-03 3.0666700e-01
  vertex -6.3439328e-03 7.7301045e-03 5.8000000e-02
  vertex -5.9569930e-03 8.0320753e-03 5.8000000e-02
 endloop
endfacet
facet normal 6.152316e-01 -7.883464e-01 0.000000e+00
 outer loop
  vertex -5.9569930e-03 8.0320753e-03 3.0666700e-01
  vertex -6.3439328e-03 7.7301045e-03 3.0666700e-01
  vertex -6.3439328e-03 7.7301045e-03 5.8000000e-02
 endloop
endfacet
facet normal 6.531728e-01 -7.572088e-01 0.000000e+00
 outer loop
  vertex -6.3439328e-03 7.7301045e-03 3.0666700e-01
  vertex -6.7155895e-03 7.4095113e-03 5.8000000e-02
  vertex -6.3439328e-03 7.7301045e-03 5.8000000e-02
 endloop
endfacet
facet normal 6.531728e-01 -7.572088e-01 0.000000e+00
 outer loop
  vertex -6.3439328e-03 7.7301045e-03 3.0666700e-01
  vertex -6.7155895e-03 7.4095113e-03 3.0666700e-01
  vertex -6.7155895e-03 7.4095113e-03 5.8000000e-02
 endloop
endfacet
facet normal 6.895405e-01 -7.242471e-01 0.000000e+00
 outer loop
  vertex -6.7155895e-03 7.4095113e-03 3.0666700e-01
  vertex -7.0710678e-03 7.0710678e-03 5.8000000e-02
  vertex -6.7155895e-03 7.4095113e-03 5.8000000e-02
 endloop
endfacet
facet normal 6.895405e-01 -7.242471e-01 0.000000e+00
 outer loop
  vertex -6.7155895e-03 7.4095113e-03 3.0666700e-01
  vertex -7.0710678e-03 7.0710678e-03 3.0666700e-01
  vertex -7.0710678e-03 7.0710678e-03 5.8000000e-02
 endloop
endfacet
facet normal 7.242471e-01 -6.895405e-01 0.000000e+00
 outer loop
  vertex -7.0710678e-03 7.0710678e-03 3.0666700e-01
  vertex -7.4095113e-03 6.7155895e-03 5.8000000e-02
  vertex -7.0710678e-03 7.0710678e-03 5.8000000e-02
 endloop
endfacet
facet normal 7.242471e-01 -6.895405e-01 0.000000e+00
 outer loop
  vertex -7.0710678e-03 7.0710678e-03 3.0666700e-01
  vertex -7.4095113e-03 6.7155895e-03 3.0666700e-01
  vertex -7.4095113e-03 6.7155895e-03 5.8000000e-02
 endloop
endfacet
facet normal 7.572088e-01 -6.531728e-01 0.000000e+00
 outer loop
  vertex -7.4095113e-03 6.7155895e-03 3.0666700e-01
  vertex -7.7301045e-03 6.3439328e-03 5.8000000e-02
  vertex -7.4095113e-03 6.7155895e-03 5.8000000e-02
 endloop
endfacet
facet normal 7.572088e-01 -6.531728e-01 0.000000e+00
 outer loop
  vertex -7.4095113e-03 6.7155895e-03 3.0666700e-01
  vertex -7.7301045e-03 6.3439328e-03 3.0666700e-01
  vertex -7.7301045e-03 6.3439328e-03 5.8000000e-02
 endloop
endfacet
facet normal 7.883464e-01 -6.152316e-01 0.000000e+00
 outer loop
  vertex -7.7301045e-03 6.3439328e-03 3.0666700e-01
  vertex -8.0320753e-03 5.9569930e-03 5.8000000e-02
  vertex -7.7301045e-03 6.3439328e-03 5.8000000e-02
 endloop
endfacet
facet normal 7.883464e-01 -6.152316e-01 0.000000e+00
 outer loop
  vertex -7.7301045e-03 6.3439328e-03 3.0666700e-01
  vertex -8.0320753e-03 5.9569930e-03 3.0666700e-01
  vertex -8.0320753e-03 5.9569930e-03 5.8000000e-02
 endloop
endfacet
facet normal 8.175848e-01 -5.758082e-01 0.000000e+00
 outer loop
  vertex -8.0320753e-03 5.9569930e-03 3.0666700e-01
  vertex -8.3146961e-03 5.5557023e-03 5.8000000e-02
  vertex -8.0320753e-03 5.9569930e-03 5.8000000e-02
 endloop
endfacet
facet normal 8.175848e-01 -5.758082e-01 0.000000e+00
 outer loop
  vertex -8.0320753e-03 5.9569930e-03 3.0666700e-01
  vertex -8.3146961e-03 5.5557023e-03 3.0666700e-01
  vertex -8.3146961e-03 5.5557023e-03 5.8000000e-02
 endloop
endfacet
facet normal 8.448536e-01 -5.349976e-01 0.000000e+00
 outer loop
  vertex -8.3146961e-03 5.5557023e-03 3.0666700e-01
  vertex -8.5772861e-03 5.1410274e-03 5.8000000e-02
  vertex -8.3146961e-03 5.5557023e-03 5.8000000e-02
 endloop
endfacet
facet normal 8.448536e-01 -5.349976e-01 0.000000e+00
 outer loop
  vertex -8.3146961e-03 5.5557023e-03 3.0666700e-01
  vertex -8.5772861e-03 5.1410274e-03 3.0666700e-01
  vertex -8.5772861e-03 5.1410274e-03 5.8000000e-02
 endloop
endfacet
facet normal 8.700870e-01 -4.928982e-01 0.000000e+00
 outer loop
  vertex -8.5772861e-03 5.1410274e-03 3.0666700e-01
  vertex -8.8192126e-03 4.7139674e-03 5.8000000e-02
  vertex -8.5772861e-03 5.1410274e-03 5.8000000e-02
 endloop
endfacet
facet normal 8.700870e-01 -4.928982e-01 0.000000e+00
 outer loop
  vertex -8.5772861e-03 5.1410274e-03 3.0666700e-01
  vertex -8.8192126e-03 4.7139674e-03 3.0666700e-01
  vertex -8.8192126e-03 4.7139674e-03 5.8000000e-02
 endloop
endfacet
facet normal 8.932243e-01 -4.496113e-01 0.000000e+00
 outer loop
  vertex -8.8192126e-03 4.7139674e-03 3.0666700e-01
  vertex -9.0398929e-03 4.2755509e-03 5.8000000e-02
  vertex -8.8192126e-03 4.7139674e-03 5.8000000e-02
 endloop
endfacet
facet normal 8.932243e-01 -4.496113e-01 0.000000e+00
 outer loop
  vertex -8.8192126e-03 4.7139674e-03 3.0666700e-01
  vertex -9.0398929e-03 4.2755509e-03 3.0666700e-01
  vertex -9.0398929e-03 4.2755509e-03 5.8000000e-02
 endloop
endfacet
facet normal 9.142098e-01 -4.052413e-01 0.000000e+00
 outer loop
  vertex -9.0398929e-03 4.2755509e-03 3.0666700e-01
  vertex -9.2387953e-03 3.8268343e-03 5.8000000e-02
  vertex -9.0398929e-03 4.2755509e-03 5.8000000e-02
 endloop
endfacet
facet normal 9.142098e-01 -4.052413e-01 0.000000e+00
 outer loop
  vertex -9.0398929e-03 4.2755509e-03 3.0666700e-01
  vertex -9.2387953e-03 3.8268343e-03 3.0666700e-01
  vertex -9.2387953e-03 3.8268343e-03 5.8000000e-02
 endloop
endfacet
facet normal 9.329928e-01 -3.598950e-01 0.000000e+00
 outer loop
  vertex -9.2387953e-03 3.8268343e-03 3.0666700e-01
  vertex -9.4154407e-03 3.3688985e-03 5.8000000e-02
  vertex -9.2387953e-03 3.8268343e-03 5.8000000e-02
 endloop
endfacet
facet normal 9.329928e-01 -3.598950e-01 0.000000e+00
 outer loop
  vertex -9.2387953e-03 3.8268343e-03 3.0666700e-01
  vertex -9.4154407e-03 3.3688985e-03 3.0666700e-01
  vertex -9.4154407e-03 3.3688985e-03 5.8000000e-02
 endloop
endfacet
facet normal 9.495282e-01 -3.136817e-01 0.000000e+00
 outer loop
  vertex -9.4154407e-03 3.3688985e-03 3.0666700e-01
  vertex -9.5694034e-03 2.9028468e-03 5.8000000e-02
  vertex -9.4154407e-03 3.3688985e-03 5.8000000e-02
 endloop
endfacet
facet normal 9.495282e-01 -3.136817e-01 0.000000e+00
 outer loop
  vertex -9.4154407e-03 3.3688985e-03 3.0666700e-01
  vertex -9.5694034e-03 2.9028468e-03 3.0666700e-01
  vertex -9.5694034e-03 2.9028468e-03 5.8000000e-02
 endloop
endfacet
facet normal 9.637761e-01 -2.667128e-01 0.000000e+00
 outer loop
  vertex -9.5694034e-03 2.9028468e-03 3.0666700e-01
  vertex -9.7003125e-03 2.4298018e-03 5.8000000e-02
  vertex -9.5694034e-03 2.9028468e-03 5.8000000e-02
 endloop
endfacet
facet normal 9.637761e-01 -2.667128e-01 0.000000e+00
 outer loop
  vertex -9.5694034e-03 2.9028468e-03 3.0666700e-01
  vertex -9.7003125e-03 2.4298018e-03 3.0666700e-01
  vertex -9.7003125e-03 2.4298018e-03 5.8000000e-02
 endloop
endfacet
facet normal 9.757021e-01 -2.191012e-01 0.000000e+00
 outer loop
  vertex -9.7003125e-03 2.4298018e-03 3.0666700e-01
  vertex -9.8078528e-03 1.9509032e-03 5.8000000e-02
  vertex -9.7003125e-03 2.4298018e-03 5.8000000e-02
 endloop
endfacet
facet normal 9.757021e-01 -2.191012e-01 0.000000e+00
 outer loop
  vertex -9.7003125e-03 2.4298018e-03 3.0666700e-01
  vertex -9.8078528e-03 1.9509032e-03 3.0666700e-01
  vertex -9.8078528e-03 1.9509032e-03 5.8000000e-02
 endloop
endfacet
facet normal 9.852776e-01 -1.709619e-01 0.000000e+00
 outer loop
  vertex -9.8078528e-03 1.9509032e-03 3.0666700e-01
  vertex -9.8917651e-03 1.4673047e-03 5.8000000e-02
  vertex -9.8078528e-03 1.9509032e-03 5.8000000e-02
 endloop
endfacet
facet normal 9.852776e-01 -1.709619e-01 0.000000e+00
 outer loop
  vertex -9.8078528e-03 1.9509032e-03 3.0666700e-01
  vertex -9.8917651e-03 1.4673047e-03 3.0666700e-01
  vertex -9.8917651e-03 1.4673047e-03 5.8000000e-02
 endloop
endfacet
facet normal 9.924795e-01 -1.224107e-01 0.000000e+00
 outer loop
  vertex -9.8917651e-03 1.4673047e-03 3.0666700e-01
  vertex -9.9518473e-03 9.8017140e-04 5.8000000e-02
  vertex -9.8917651e-03 1.4673047e-03 5.8000000e-02
 endloop
endfacet
facet normal 9.924795e-01 -1.224107e-01 0.000000e+00
 outer loop
  vertex -9.8917651e-03 1.4673047e-03 3.0666700e-01
  vertex -9.9518473e-03 9.8017140e-04 3.0666700e-01
  vertex -9.9518473e-03 9.8017140e-04 5.8000000e-02
 endloop
endfacet
facet normal 9.972905e-01 -7.356456e-02 0.000000e+00
 outer loop
  vertex -9.9518473e-03 9.8017140e-04 3.0666700e-01
  vertex -9.9879546e-03 4.9067674e-04 5.8000000e-02
  vertex -9.9518473e-03 9.8017140e-04 5.8000000e-02
 endloop
endfacet
facet normal 9.972905e-01 -7.356456e-02 0.000000e+00
 outer loop
  vertex -9.9518473e-03 9.8017140e-04 3.0666700e-01
  vertex -9.9879546e-03 4.9067674e-04 3.0666700e-01
  vertex -9.9879546e-03 4.9067674e-04 5.8000000e-02
 endloop
endfacet
facet normal 9.996988e-01 -2.454123e-02 0.000000e+00
 outer loop
  vertex -9.9879546e-03 4.9067674e-04 3.0666700e-01
  vertex -1.0000000e-02 1.2246468e-18 5.8000000e-02
  vertex -9.9879546e-03 4.9067674e-04 5.8000000e-02
 endloop
endfacet
facet normal 9.996988e-01 -2.454123e-02 0.000000e+00
 outer loop
  vertex -9.9879546e-03 4.9067674e-04 3.0666700e-01
  vertex -1.0000000e-02 1.2246468e-18 3.0666700e-01
  vertex -1.0000000e-02 1.2246468e-18 5.8000000e-02
 endloop
endfacet
facet normal 9.996988e-01 2.454123e-02 0.000000e+00
 outer loop
  vertex -1.0000000e-02 1.2246468e-18 3.0666700e-01
  vertex -9.9879546e-03 -4.9067674e-04 5.8000000e-02
  vertex -1.0000000e-02 1.2246468e-18 5.8000000e-02
 endloop
endfacet
facet normal 9.996988e-01 2.454123e-02 0.000000e+00
 outer loop
  vertex -1.0000000e-02 1.2246468e-18 3.0666700e-01
  vertex -9.9879546e-03 -4.9067674e-04 3.0666700e-01
  vertex -9.9879546e-03 -4.9067674e-04 5.8000000e-02
 endloop
endfacet
facet normal 9.972905e-01 7.356456e-02 0.000000e+00
 outer loop
  vertex -9.9879546e-03 -4.9067674e-04 3.0666700e-01
  vertex -9.9518473e-03 -9.8017140e-04 5.8000000e-02
  vertex -9.9879546e-03 -4.9067674e-04 5.8000000e-02
 endloop
endfacet
facet normal 9.972905e-01 7.356456e-02 0.000000e+00
 outer loop
  vertex -9.9879546e-03 -4.9067674e-04 3.0666700e-01
  vertex -9.9518473e-03 -9.8017140e-04 3.0666700e-01
  vertex -9.9518473e-03 -9.8017140e-04 5.8000000e-02
 endloop
endfacet
facet normal 9.924795e-01 1.224107e-01 0.000000e+00
 outer loop
  vertex -9.9518473e-03 -9.8017140e-04 3.0666700e-01
  vertex -9.8917651e-03 -1.4673047e-03 5.8000000e-02
  vertex -9.9518473e-03 -9.8017140e-04 5.8000000e-02
 endloop
endfacet
facet normal 9.924795e-01 1.224107e-01 0.000000e+00
 outer loop
  vertex -9.9518473e-03 -9.8017140e-04 3.0666700e-01
  vertex -9.8917651e-03 -1.4673047e-03 3.0666700e-01
  vertex -9.8917651e-03 -1.4673047e-03 5.8000000e-02
 endloop
endfacet
facet normal 9.852776e-01 1.709619e-01 0.000000e+00
 outer loop
  vertex -9.8917651e-03 -1.4673047e-03 3.0666700e-01
  vertex -9.8078528e-03 -1.9509032e-03 5.8000000e-02
  vertex -9.8917651e-03 -1.4673047e-03 5.8000000e-02
 endloop
endfacet
facet normal 9.852776e-01 1.709619e-01 0.000000e+00
 outer loop
  vertex -9.8917651e-03 -1.4673047e-03 3.0666700e-01
  vertex -9.8078528e-03 -1.9509032e-03 3.0666700e-01
  vertex -9.8078528e-03 -1.9509032e-03 5.8000000e-02
 endloop
endfacet
facet normal 9.757021e-01 2.191012e-01 0.000000e+00
 outer loop
  vertex -9.8078528e-03 -1.9509032e-03 3.0666700e-01
  vertex -9.7003125e-03 -2.4298018e-03 5.8000000e-02
  vertex -9.8078528e-03 -1.9509032e-03 5.8000000e-02
 endloop
endfacet
facet normal 9.757021e-01 2.191012e-01 0.000000e+00
 outer loop
  vertex -9.8078528e-03 -1.9509032e-03 3.0666700e-01
  vertex -9.7003125e-03 -2.4298018e-03 3.0666700e-01
  vertex -9.7003125e-03 -2.4298018e-03 5.8000000e-02
 endloop
endfacet
facet normal 9.637761e-01 2.667128e-01 0.000000e+00
 outer loop
  vertex -9.7003125e-03 -2.4298018e-03 3.0666700e-01
  vertex -9.5694034e-03 -2.9028468e-03 5.8000000e-02
  vertex -9.7003125e-03 -2.4298018e-03 5.8000000e-02
 endloop
endfacet
facet normal 9.637761e-01 2.667128e-01 0.000000e+00
 outer loop
  vertex -9.7003125e-03 -2.4298018e-03 3.0666700e-01
  vertex -9.5694034e-03 -2.9028468e-03 3.0666700e-01
  vertex -9.5694034e-03 -2.9028468e-03 5.8000000e-02
 endloop
endfacet
facet normal 9.495282e-01 3.136817e-01 0.000000e+00
 outer loop
  vertex -9.5694034e-03 -2.9028468e-03 3.0666700e-01
  vertex -9.4154407e-03 -3.3688985e-03 5.8000000e-02
  vertex -9.5694034e-03 -2.9028468e-03 5.8000000e-02
 endloop
endfacet
facet normal 9.495282e-01 3.136817e-01 0.000000e+00
 outer loop
  vertex -9.5694034e-03 -2.9028468e-03 3.0666700e-01
  vertex -9.4154407e-03 -3.3688985e-03 3.0666700e-01
  vertex -9.4154407e-03 -3.3688985e-03 5.8000000e-02
 endloop
endfacet
facet normal 9.329928e-01 3.598950e-01 0.000000e+00
 outer loop
  vertex -9.4154407e-03 -3.3688985e-03 3.0666700e-01
  vertex -9.2387953e-03 -3.8268343e-03 5.8000000e-02
  vertex -9.4154407e-03 -3.3688985e-03 5.8000000e-02
 endloop
endfacet
facet normal 9.329928e-01 3.598950e-01 0.000000e+00
 outer loop
  vertex -9.4154407e-03 -3.3688985e-03 3.0666700e-01
  vertex -9.2387953e-03 -3.8268343e-03 3.0666700e-01
  vertex -9.2387953e-03 -3.8268343e-03 5.8000000e-02
 endloop
endfacet
facet normal 9.142098e-01 4.052413e-01 0.000000e+00
 outer loop
  vertex -9.2387953e-03 -3.8268343e-03 3.0666700e-01
  vertex -9.0398929e-03 -4.2755509e-03 5.8000000e-02
  vertex -9.2387953e-03 -3.8268343e-03 5.8000000e-02
 endloop
endfacet
facet normal 9.142098e-01 4.052413e-01 0.000000e+00
 outer loop
  vertex -9.2387953e-03 -3.8268343e-03 3.0666700e-01
  vertex -9.0398929e-03 -4.2755509e-03 3.0666700e-01
  vertex -9.0398929e-03 -4.2755509e-03 5.8000000e-02
 endloop
endfacet
facet normal 8.932243e-01 4.496113e-01 0.000000e+00
 outer loop
  vertex -9.0398929e-03 -4.2755509e-03 3.0666700e-01
  vertex -8.8192126e-03 -4.7139674e-03 5.8000000e-02
  vertex -9.0398929e-03 -4.2755509e-03 5.8000000e-02
 endloop
endfacet
facet normal 8.932243e-01 4.496113e-01 0.000000e+00
 outer loop
  vertex -9.0398929e-03 -4.2755509e-03 3.0666700e-01
  vertex -8.8192126e-03 -4.7139674e-03 3.0666700e-01
  vertex -8.8192126e-03 -4.7139674e-03 5.8000000e-02
 endloop
endfacet
facet normal 8.700870e-01 4.928982e-01 0.000000e+00
 outer loop
  vertex -8.8192126e-03 -4.7139674e-03 3.0666700e-01
  vertex -8.5772861e-03 -5.1410274e-03 5.8000000e-02
  vertex -8.8192126e-03 -4.7139674e-03 5.8000000e-02
 endloop
endfacet
facet normal 8.700870e-01 4.928982e-01 0.000000e+00
 outer loop
  vertex -8.8192126e-03 -4.7139674e-03 3.0666700e-01
  vertex -8.5772861e-03 -5.1410274e-03 3.0666700e-01
  vertex -8.5772861e-03 -5.1410274e-03 5.8000000e-02
 endloop
endfacet
facet normal 8.448536e-01 5.349976e-01 0.000000e+00
 outer loop
  vertex -8.5772861e-03 -5.1410274e-03 3.0666700e-01
  vertex -8.3146961e-03 -5.5557023e-03 5.8000000e-02
  vertex -8.5772861e-03 -5.1410274e-03 5.8000000e-02
 endloop
endfacet
facet normal 8.448536e-01 5.349976e-01 0.000000e+00
 outer loop
  vertex -8.5772861e-03 -5.1410274e-03 3.0666700e-01
  vertex -8.3146961e-03 -5.5557023e-03 3.0666700e-01
  vertex -8.3146961e-03 -5.5557023e-03 5.8000000e-02
 endloop
endfacet
facet normal 8.175848e-01 5.758082e-01 0.000000e+00
 outer loop
  vertex -8.3146961e-03 -5.5557023e-03 3.0666700e-01
  vertex -8.0320753e-03 -5.9569930e-03 5.8000000e-02
  vertex -8.3146961e-03 -5.5557023e-03 5.8000000e-02
 endloop
endfacet
facet normal 8.175848e-01 5.758082e-01 0.000000e+00
 outer loop
  vertex -8.3146961e-03 -5.5557023e-03 3.0666700e-01
  vertex -8.0320753e-03 -5.9569930e-03 3.0666700e-01
  vertex -8.0320753e-03 -5.9569930e-03 5.8000000e-02
 endloop
endfacet
facet normal 7.883464e-01 6.152316e-01 0.000000e+00
 outer loop
  vertex -8.0320753e-03 -5.9569930e-03 3.0666700e-01
  vertex -7.7301045e-03 -6.3439328e-03 5.8000000e-02
  vertex -8.0320753e-03 -5.9569930e-03 5.8000000e-02
 endloop
endfacet
facet normal 7.883464e-01 6.152316e-01 0.000000e+00
 outer loop
  vertex -8.0320753e-03 -5.9569930e-03 3.0666700e-01
  vertex -7.7301045e-03 -6.3439328e-03 3.0666700e-01
  vertex -7.7301045e-03 -6.3439328e-03 5.8000000e-02
 endloop
endfacet
facet normal 7.572088e-01 6.531728e-01 0.000000e+00
 outer loop
  vertex -7.7301045e-03 -6.3439328e-03 3.0666700e-01
  vertex -7.4095113e-03 -6.7155895e-03 5.8000000e-02
  vertex -7.7301045e-03 -6.3439328e-03 5.8000000e-02
 endloop
endfacet
facet normal 7.572088e-01 6.531728e-01 0.000000e+00
 outer loop
  vertex -7.7301045e-03 -6.3439328e-03 3.0666700e-01
  vertex -7.4095113e-03 -6.7155895e-03 3.0666700e-01
  vertex -7.4095113e-03 -6.7155895e-03 5.8000000e-02
 endloop
endfacet
facet normal 7.242471e-01 6.895405e-01 0.000000e+00
 outer loop
  vertex -7.4095113e-03 -6.7155895e-03 3.0666700e-01
  vertex -7.0710678e-03 -7.0710678e-03 5.8000000e-02
  vertex -7.4095113e-03 -6.7155895e-03 5.8000000e-02
 endloop
endfacet
facet normal 7.242471e-01 6.895405e-01 0.000000e+00
 outer loop
  vertex -7.4095113e-03 -6.7155895e-03 3.0666700e-01
  vertex -7.0710678e-03 -7.0710678e-03 3.0666700e-01
  vertex -7.0710678e-03 -7.0710678e-03 5.8000000e-02
 endloop
endfacet
facet normal 6.895405e-01 7.242471e-01 0.000000e+00
 outer loop
  vertex -7.0710678e-03 -7.0710678e-03 3.0666700e-01
  vertex -6.7155895e-03 -7.4095113e-03 5.8000000e-02
  vertex -7.0710678e-03 -7.0710678e-03 5.8000000e-02
 endloop
endfacet
facet normal 6.895405e-01 7.242471e-01 0.000000e+00
 outer loop
  vertex -7.0710678e-03 -7.0710678e-03 3.0666700e-01
  vertex -6.7155895e-03 -7.4095113e-03 3.0666700e-01
  vertex -6.7155895e-03 -7.4095113e-03 5.8000000e-02
 endloop
endfacet
facet normal 6.531728e-01 7.572088e-01 0.000000e+00
 outer loop
  vertex -6.7155895e-03 -7.4095113e-03 3.0666700e-01
  vertex -6.3439328e-03 -7.7301045e-03 5.8000000e-02
  vertex -6.7155895e-03 -7.4095113e-03 5.8000000e-02
 endloop
endfacet
facet normal 6.531728e-01 7.572088e-01 0.000000e+00
 outer loop
  vertex -6.7155895e-03 -7.4095113e-03 3.0666700e-01
  vertex -6.3439328e-03 -7.7301045e-03 3.0666700e-01
  vertex -6.3439328e-03 -7.7301045e-03 5.8000000e-02
 endloop
endfacet
facet normal 6.152316e-01 7.883464e-01 0.000000e+00
 outer loop
  vertex -6.3439328e-03 -7.7301045e-03 3.0666700e-01
  vertex -5.9569930e-03 -8.0320753e-03 5.8000000e-02
  vertex -6.3439328e-03 -7.7301045e-03 5.8000000e-02
 endloop
endfacet
facet normal 6.152316e-01 7.883464e-01 0.000000e+00
 outer loop
  vertex -6.3439328e-03 -7.7301045e-03 3.0666700e-01
  vertex -5.9569930e-03 -8.0320753e-03 3.0666700e-01
  vertex -5.9569930e-03 -8.0320753e-03 5.8000000e-02
 endloop
endfacet
facet normal 5.758082e-01 8.175848e-01 0.000000e+00
 outer loop
  vertex -5.9569930e-03 -8.0320753e-03 3.0666700e-01
  vertex -5.5557023e-03 -8.3146961e-03 5.8000000e-02
  vertex -5.9569930e-03 -8.0320753e-03 5.8000000e-02
 endloop
endfacet
facet normal 5.758082e-01 8.175848e-01 0.000000e+00
 outer loop
  vertex -5.9569930e-03 -8.0320753e-03 3.0666700e-01
  vertex -5.5557023e-03 -8.3146961e-03 3.0666700e-01
  vertex -5.5557023e-03 -8.3146961e-03 5.8000000e-02
 endloop
endfacet
facet normal 5.349976e-01 8.448536e-01 0.000000e+00
 outer loop
  vertex -5.5557023e-03 -8.3146961e-03 3.0666700e-01
  vertex -5.1410274e-03 -8.5772861e-03 5.8000000e-02
  vertex -5.5557023e-03 -8.3146961e-03 5.8000000e-02
 endloop
endfacet
facet normal 5.349976e-01 8.448536e-01 0.000000e+00
 outer loop
  vertex -5.5557023e-03 -8.3146961e-03 3.0666700e-01
  vertex -5.1410274e-03 -8.5772861e-03 3.0666700e-01
  vertex -5.1410274e-03 -8.5772861e-03 5.8000000e-02
 endloop
endfacet
facet normal 4.928982e-01 8.700870e-01 0.000000e+00
 outer loop
  vertex -5.1410274e-03 -8.5772861e-03 3.0666700e-01
  vertex -4.7139674e-03 -8.8192126e-03 5.8000000e-02
  vertex -5.1410274e-03 -8.5772861e-03 5.8000000e-02
 endloop
endfacet
facet normal 4.928982e-01 8.700870e-01 0.000000e+00
 outer loop
  vertex -5.1410274e-03 -8.5772861e-03 3.0666700e-01
  vertex -4.7139674e-03 -8.8192126e-03 3.0666700e-01
  vertex -4.7139674e-03 -8.8192126e-03 5.8000000e-02
 endloop
endfacet
facet normal 4.496113e-01 8.932243e-01 0.000000e+00
 outer loop
  vertex -4.7139674e-03 -8.8192126e-03 3.0666700e-01
  vertex -4.2755509e-03 -9.0398929e-03 5.8000000e-02
  vertex -4.7139674e-03 -8.8192126e-03 5.8000000e-02
 endloop
endfacet
facet normal 4.496113e-01 8.932243e-01 0.000000e+00
 outer loop
  vertex -4.7139674e-03 -8.8192126e-03 3.0666700e-01
  vertex -4.2755509e-03 -9.0398929e-03 3.0666700e-01
  vertex -4.2755509e-03 -9.0398929e-03 5.8000000e-02
 endloop
endfacet
facet normal 4.052413e-01 9.142098e-01 0.000000e+00
 outer loop
  vertex -4.2755509e-03 -9.0398929e-03 3.0666700e-01
  vertex -3.8268343e-03 -9.2387953e-03 5.8000000e-02
  vertex -4.2755509e-03 -9.0398929e-03 5.8000000e-02
 endloop
endfacet
facet normal 4.052413e-01 9.142098e-01 0.000000e+00
 outer loop
  vertex -4.2755509e-03 -9.0398929e-03 3.0666700e-01
  vertex -3.8268343e-03 -9.2387953e-03 3.0666700e-01
  vertex -3.8268343e-03 -9.2387953e-03 5.8000000e-02
 endloop
endfacet
facet normal 3.598950e-01 9.329928e-01 0.000000e+00
 outer loop
  vertex -3.8268343e-03 -9.2387953e-03 3.0666700e-01
  vertex -3.3688985e-03 -9.4154407e-03 5.8000000e-02
  vertex -3.8268343e-03 -9.2387953e-03 5.8000000e-02
 endloop
endfacet
facet normal 3.598950e-01 9.329928e-01 0.000000e+00
 outer loop
  vertex -3.8268343e-03 -9.2387953e-03 3.0666700e-01
  vertex -3.3688985e-03 -9.4154407e-03 3.0666700e-01
  vertex -3.3688985e-03 -9.4154407e-03 5.8000000e-02
 endloop
endfacet
facet normal 3.136817e-01 9.495282e-01 0.000000e+00
 outer loop
  vertex -3.3688985e-03 -9.4154407e-03 3.0666700e-01
  vertex -2.9028468e-03 -9.5694034e-03 5.8000000e-02
  vertex -3.3688985e-03 -9.4154407e-03 5.8000000e-02
 endloop
endfacet
facet normal 3.136817e-01 9.495282e-01 0.000000e+00
 outer loop
  vertex -3.3688985e-03 -9.4154407e-03 3.0666700e-01
  vertex -2.9028468e-03 -9.5694034e-03 3.0666700e-01
  vertex -2.9028468e-03 -9.5694034e-03 5.8000000e-02
 endloop
endfacet
facet normal 2.667128e-01 9.637761e-01 0.000000e+00
 outer loop
  vertex -2.9028468e-03 -9.5694034e-03 3.0666700e-01
  vertex -2.4298018e-03 -9.7003125e-03 5.8000000e-02
  vertex -2.9028468e-03 -9.5694034e-03 5.8000000e-02
 endloop
endfacet
facet normal 2.667128e-01 9.637761e-01 0.000000e+00
 outer loop
  vertex -2.9028468e-03 -9.5694034e-03 3.0666700e-01
  vertex -2.4298018e-03 -9.7003125e-03 3.0666700e-01
  vertex -2.4298018e-03 -9.7003125e-03 5.8000000e-02
 endloop
endfacet
facet normal 2.191012e-01 9.757021e-01 0.000000e+00
 outer loop
  vertex -2.4298018e-03 -9.7003125e-03 3.0666700e-01
  vertex -1.9509032e-03 -9.8078528e-03 5.8000000e-02
  vertex -2.4298018e-03 -9.7003125e-03 5.8000000e-02
 endloop
endfacet
facet normal 2.191012e-01 9.757021e-01 0.000000e+00
 outer loop
  vertex -2.4298018e-03 -9.7003125e-03 3.0666700e-01
  vertex -1.9509032e-03 -9.8078528e-03 3.0666700e-01
  vertex -1.9509032e-03 -9.8078528e-03 5.8000000e-02
 endloop
endfacet
facet normal 1.709619e-01 9.852776e-01 0.000000e+00
 outer loop
  vertex -1.9509032e-03 -9.8078528e-03 3.0666700e-01
  vertex -1.4673047e-03 -9.8917651e-03 5.8000000e-02
  vertex -1.9509032e-03 -9.8078528e-03 5.8000000e-02
 endloop
endfacet
facet normal 1.709619e-01 9.852776e-01 0.000000e+00
 outer loop
  vertex -1.9509032e-03 -9.8078528e-03 3.0666700e-01
  vertex -1.4673047e-03 -9.8917651e-03 3.0666700e-01
  vertex -1.4673047e-03 -9.8917651e-03 5.8000000e-02
 endloop
endfacet
facet normal 1.224107e-01 9.924795e-01 0.000000e+00
 outer loop
  vertex -1.4673047e-03 -9.8917651e-03 3.0666700e-01
  vertex -9.8017140e-04 -9.9518473e-03 5.8000000e-02
  vertex -1.4673047e-03 -9.8917651e-03 5.8000000e-02
 endloop
endfacet
facet normal 1.224107e-01 9.924795e-01 0.000000e+00
 outer loop
  vertex -1.4673047e-03 -9.8917651e-03 3.0666700e-01
  vertex -9.8017140e-04 -9.9518473e-03 3.0666700e-01
  vertex -9.8017140e-04 -9.9518473e-03 5.8000000e-02
 endloop
endfacet
facet normal 7.356456e-02 9.972905e-01 0.000000e+00
 outer loop
  vertex -9.8017140e-04 -9.9518473e-03 3.0666700e-01
  vertex -4.9067674e-04 -9.9879546e-03 5.8000000e-02
  vertex -9.8017140e-04 -9.9518473e-03 5.8000000e-02
 endloop
endfacet
facet normal 7.356456e-02 9.972905e-01 0.000000e+00
 outer loop
  vertex -9.8017140e-04 -9.9518473e-03 3.0666700e-01
  vertex -4.9067674e-04 -9.9879546e-03 3.0666700e-01
  vertex -4.9067674e-04 -9.9879546e-03 5.8000000e-02
 endloop
endfacet
facet normal 2.454123e-02 9.996988e-01 0.000000e+00
 outer loop
  vertex -4.9067674e-04 -9.9879546e-03 3.0666700e-01
  vertex -1.8369702e-18 -1.0000000e-02 5.8000000e-02
  vertex -4.9067674e-04 -9.9879546e-03 5.8000000e-02
 endloop
endfacet
facet normal 2.454123e-02 9.996988e-01 0.000000e+00
 outer loop
  vertex -4.9067674e-04 -9.9879546e-03 3.0666700e-01
  vertex -1.8369702e-18 -1.0000000e-02 3.0666700e-01
  vertex -1.8369702e-18 -1.0000000e-02 5.8000000e-02
 endloop
endfacet
facet normal -2.454123e-02 9.996988e-01 0.000000e+00
 outer loop
  vertex -1.8369702e-18 -1.0000000e-02 3.0666700e-01
  vertex 4.9067674e-04 -9.9879546e-03 5.8000000e-02
  vertex -1.8369702e-18 -1.0000000e-02 5.8000000e-02
 endloop
endfacet
facet normal -2.454123e-02 9.996988e-01 0.000000e+00
 outer loop
  vertex -1.8369702e-18 -1.0000000e-02 3.0666700e-01
  vertex 4.9067674e-04 -9.9879546e-03 3.0666700e-01
  vertex 4.9067674e-04 -9.9879546e-03 5.8000000e-02
 endloop
endfacet
facet normal -7.356456e-02 9.972905e-01 0.000000e+00
 outer loop
  vertex 4.9067674e-04 -9.9879546e-03 3.0666700e-01
  vertex 9.8017140e-04 -9.9518473e-03 5.8000000e-02
  vertex 4.9067674e-04 -9.9879546e-03 5.8000000e-02
 endloop
endfacet
facet normal -7.356456e-02 9.972905e-01 0.000000e+00
 outer loop
  vertex 4.9067674e-04 -9.9879546e-03 3.0666700e-01
  vertex 9.8017140e-04 -9.9518473e-03 3.0666700e-01
  vertex 9.8017140e-04 -9.9518473e-03 5.8000000e-02
 endloop
endfacet
facet normal -1.224107e-01 9.924795e-01 0.000000e+00
 outer loop
  vertex 9.8017140e-04 -9.9518473e-03 3.0666700e-01
  vertex 1.4673047e-03 -9.8917651e-03 5.8000000e-02
  vertex 9.8017140e-04 -9.9518473e-03 5.8000000e-02
 endloop
endfacet
facet normal -1.224107e-01 9.924795e-01 0.000000e+00
 outer loop
  vertex 9.8017140e-04 -9.9518473e-03 3.0666700e-01
  vertex 1.4673047e-03 -9.8917651e-03 3.0666700e-01
  vertex 1.4673047e-03 -9.8917651e-03 5.8000000e-02
 endloop
endfacet
facet normal -1.709619e-01 9.852776e-01 0.000000e+00
 outer loop
  vertex 1.4673047e-03 -9.8917651e-03 3.0666700e-01
  vertex 1.9509032e-03 -9.8078528e-03 5.8000000e-02
  vertex 1.4673047e-03 -9.8917651e-03 5.8000000e-02
 endloop
endfacet
facet normal -1.709619e-01 9.852776e-01 0.000000e+00
 outer loop
  vertex 1.4673047e-03 -9.8917651e-03 3.0666700e-01
  vertex 1.9509032e-03 -9.8078528e-03 3.0666700e-01
  vertex 1.9509032e-03 -9.8078528e-03 5.8000000e-02
 endloop
endfacet
facet normal -2.191012e-01 9.757021e-01 0.000000e+00
 outer loop
  vertex 1.9509032e-03 -9.8078528e-03 3.0666700e-01
  vertex 2.4298018e-03 -9.7003125e-03 5.8000000e-02
  vertex 1.9509032e-03 -9.8078528e-03 5.8000000e-02
 endloop
endfacet
facet normal -2.191012e-01 9.757021e-01 0.000000e+00
 outer loop
  vertex 1.9509032e-03 -9.8078528e-03 3.0666700e-01
  vertex 2.4298018e-03 -9.7003125e-03 3.0666700e-01
  vertex 2.4298018e-03 -9.7003125e-03 5.8000000e-02
 endloop
endfacet
facet normal -2.667128e-01 9.637761e-01 0.000000e+00
 outer loop
  vertex 2.4298018e-03 -9.7003125e-03 3.0666700e-01
  vertex 2.9028468e-03 -9.5694034e-03 5.8000000e-02
  vertex 2.4298018e-03 -9.7003125e-03 5.8000000e-02
 endloop
endfacet
facet normal -2.667128e-01 9.637761e-01 0.000000e+00
 outer loop
  vertex 2.4298018e-03 -9.7003125e-03 3.0666700e-01
  vertex 2.9028468e-03 -9.5694034e-03 3.0666700e-01
  vertex 2.9028468e-03 -9.5694034e-03 5.8000000e-02
 endloop
endfacet
facet normal -3.136817e-01 9.495282e-01 0.000000e+00
 outer loop
  vertex 2.9028468e-03 -9.5694034e-03 3.0666700e-01
  vertex 3.3688985e-03 -9.4154407e-03 5.8000000e-02
  vertex 2.9028468e-03 -9.5694034e-03 5.8000000e-02
 endloop
endfacet
facet normal -3.136817e-01 9.495282e-01 0.000000e+00
 outer loop
  vertex 2.9028468e-03 -9.5694034e-03 3.0666700e-01
  vertex 3.3688985e-03 -9.4154407e-03 3.0666700e-01
  vertex 3.3688985e-03 -9.4154407e-03 5.8000000e-02
 endloop
endfacet
facet normal -3.598950e-01 9.329928e-01 0.000000e+00
 outer loop
  vertex 3.3688985e-03 -9.4154407e-03 3.0666700e-01
  vertex 3.8268343e-03 -9.2387953e-03 5.8000000e-02
  vertex 3.3688985e-03 -9.4154407e-03 5.8000000e-02
 endloop
endfacet
facet normal -3.598950e-01 9.329928e-01 0.000000e+00
 outer loop
  vertex 3.3688985e-03 -9.4154407e-03 3.0666700e-01
  vertex 3.8268343e-03 -9.2387953e-03 3.0666700e-01
  vertex 3.8268343e-03 -9.2387953e-03 5.8000000e-02
 endloop
endfacet
facet normal -4.052413e-01 9.142098e-01 0.000000e+00
 outer loop
  vertex 3.8268343e-03 -9.2387953e-03 3.0666700e-01
  vertex 4.2755509e-03 -9.0398929e-03 5.8000000e-02
  vertex 3.8268343e-03 -9.2387953e-03 5.8000000e-02
 endloop
endfacet
facet normal -4.052413e-01 9.142098e-01 0.000000e+00
 outer loop
  vertex 3.8268343e-03 -9.2387953e-03 3.0666700e-01
  vertex 4.2755509e-03 -9.0398929e-03 3.0666700e-01
  vertex 4.2755509e-03 -9.0398929e-03 5.8000000e-02
 endloop
endfacet
facet normal -4.496113e-01 8.932243e-01 0.000000e+00
 outer loop
  vertex 4.2755509e-03 -9.0398929e-03 3.0666700e-01
  vertex 4.7139674e-03 -8.8192126e-03 5.8000000e-02
  vertex 4.2755509e-03 -9.0398929e-03 5.8000000e-02
 endloop
endfacet
facet normal -4.496113e-01 8.932243e-01 0.000000e+00
 outer loop
  vertex 4.2755509e-03 -9.0398929e-03 3.0666700e-01
  vertex 4.7139674e-03 -8.8192126e-03 3.0666700e-01
  vertex 4.7139674e-03 -8.8192126e-03 5.8000000e-02
 endloop
endfacet
facet normal -4.928982e-01 8.700870e-01 0.000000e+00
 outer loop
  vertex 4.7139674e-03 -8.8192126e-03 3.0666700e-01
  vertex 5.1410274e-03 -8.5772861e-03 5.8000000e-02
  vertex 4.7139674e-03 -8.8192126e-03 5.8000000e-02
 endloop
endfacet
facet normal -4.928982e-01 8.700870e-01 0.000000e+00
 outer loop
  vertex 4.7139674e-03 -8.8192126e-03 3.0666700e-01
  vertex 5.1410274e-03 -8.5772861e-03 3.0666700e-01
  vertex 5.1410274e-03 -8.5772861e-03 5.8000000e-02
 endloop
endfacet
facet normal -5.349976e-01 8.448536e-01 0.000000e+00
 outer loop
  vertex 5.1410274e-03 -8.5772861e-03 3.0666700e-01
  vertex 5.5557023e-03 -8.3146961e-03 5.8000000e-02
  vertex 5.1410274e-03 -8.5772861e-03 5.8000000e-02
 endloop
endfacet
facet normal -5.349976e-01 8.448536e-01 0.000000e+00
 outer loop
  vertex 5.1410274e-03 -8.5772861e-03 3.0666700e-01
  vertex 5.5557023e-03 -8.3146961e-03 3.0666700e-01
  vertex 5.5557023e-03 -8.3146961e-03 5.8000000e-02
 endloop
endfacet
facet normal -5.758082e-01 8.175848e-01 0.000000e+00
 outer loop
  vertex 5.5557023e-03 -8.3146961e-03 3.0666700e-01
  vertex 5.9569930e-03 -8.0320753e-03 5.8000000e-02
  vertex 5.5557023e-03 -8.3146961e-03 5.8000000e-02
 endloop
endfacet
facet normal -5.758082e-01 8.175848e-01 0.000000e+00
 outer loop
  vertex 5.5557023e-03 -8.3146961e-03 3.0666700e-01
  vertex 5.9569930e-03 -8.0320753e-03 3.0666700e-01
  vertex 5.9569930e-03 -8.0320753e-03 5.8000000e-02
 endloop
endfacet
facet normal -6.152316e-01 7.883464e-01 0.000000e+00
 outer loop
  vertex 5.9569930e-03 -8.0320753e-03 3.0666700e-01
  vertex 6.3439328e-03 -7.7301045e-03 5.8000000e-02
  vertex 5.9569930e-03 -8.0320753e-03 5.8000000e-02
 endloop
endfacet
facet normal -6.152316e-01 7.883464e-01 0.000000e+00
 outer loop
  vertex 5.9569930e-03 -8.0320753e-03 3.0666700e-01
  vertex 6.3439328e-03 -7.7301045e-03 3.0666700e-01
  vertex 6.3439328e-03 -7.7301045e-03 5.8000000e-02
 endloop
endfacet
facet normal -6.531728e-01 7.572088e-01 0.000000e+00
 outer loop
  vertex 6.3439328e-03 -7.7301045e-03 3.0666700e-01
  vertex 6.7155895e-03 -7.4095113e-03 5.8000000e-02
  vertex 6.3439328e-03 -7.7301045e-03 5.8000000e-02
 endloop
endfacet
facet normal -6.531728e-01 7.572088e-01 0.000000e+00
 outer loop
  vertex 6.3439328e-03 -7.7301045e-03 3.0666700e-01
  vertex 6.7155895e-03 -7.4095113e-03 3.0666700e-01
  vertex 6.7155895e-03 -7.4095113e-03 5.8000000e-02
 endloop
endfacet
facet normal -6.895405e-01 7.242471e-01 0.000000e+00
 outer loop
  vertex 6.7155895e-03 -7.4095113e-03 3.0666700e-01
  vertex 7.0710678e-03 -7.0710678e-03 5.8000000e-02
  vertex 6.7155895e-03 -7.4095113e-03 5.8000000e-02
 endloop
endfacet
facet normal -6.895405e-01 7.242471e-01 0.000000e+00
 outer loop
  vertex 6.7155895e-03 -7.4095113e-03 3.0666700e-01
  vertex 7.0710678e-03 -7.0710678e-03 3.0666700e-01
  vertex 7.0710678e-03 -7.0710678e-03 5.8000000e-02
 endloop
endfacet
facet normal -7.242471e-01 6.895405e-01 0.000000e+00
 outer loop
  vertex 7.0710678e-03 -7.0710678e-03 3.0666700e-01
  vertex 7.4095113e-03 -6.7155895e-03 5.8000000e-02
  vertex 7.0710678e-03 -7.0710678e-03 5.8000000e-02
 endloop
endfacet
facet normal -7.242471e-01 6.895405e-01 0.000000e+00
 outer loop
  vertex 7.0710678e-03 -7.0710678e-03 3.0666700e-01
  vertex 7.4095113e-03 -6.7155895e-03 3.0666700e-01
  vertex 7.4095113e-03 -6.7155895e-03 5.8000000e-02
 endloop
endfacet
facet normal -7.572088e-01 6.531728e-01 0.000000e+00
 outer loop
  vertex 7.4095113e-03 -6.7155895e-03 3.0666700e-01
  vertex 7.7301045e-03 -6.3439328e-03 5.8000000e-02
  vertex 7.4095113e-03 -6.7155895e-03 5.8000000e-02
 endloop
endfacet
facet normal -7.572088e-01 6.531728e-01 0.000000e+00
 outer loop
  vertex 7.4095113e-03 -6.7155895e-03 3.0666700e-01
  vertex 7.7301045e-03 -6.3439328e-03 3.0666700e-01
  vertex 7.7301045e-03 -6.3439328e-03 5.8000000e-02
 endloop
endfacet
facet normal -7.883464e-01 6.152316e-01 0.000000e+00
 outer loop
  vertex 7.7301045e-03 -6.3439328e-03 3.0666700e-01
  vertex 8.0320753e-03 -5.9569930e-03 5.8000000e-02
  vertex 7.7301045e-03 -6.3439328e-03 5.8000000e-02
 endloop
endfacet
facet normal -7.883464e-01 6.152316e-01 0.000000e+00
 outer loop
  vertex 7.7301045e-03 -6.3439328e-03 3.0666700e-01
  vertex 8.0320753e-03 -5.9569930e-03 3.0666700e-01
  vertex 8.0320753e-03 -5.9569930e-03 5.8000000e-02
 endloop
endfacet
facet normal -8.175848e-01 5.758082e-01 0.000000e+00
 outer loop
  vertex 8.0320753e-03 -5.9569930e-03 3.0666700e-01
  vertex 8.3146961e-03 -5.5557023e-03 5.8000000e-02
  vertex 8.0320753e-03 -5.9569930e-03 5.8000000e-02
 endloop
endfacet
facet normal -8.175848e-01 5.758082e-01 0.000000e+00
 outer loop
  vertex 8.0320753e-03 -5.9569930e-03 3.0666700e-01
  vertex 8.3146961e-03 -5.5557023e-03 3.0666700e-01
  vertex 8.3146961e-03 -5.5557023e-03 5.8000000e-02
 endloop
endfacet
facet normal -8.448536e-01 5.349976e-01 0.000000e+00
 outer loop
  vertex 8.3146961e-03 -5.5557023e-03 3.0666700e-01
  vertex 8.5772861e-03 -5.1410274e-03 5.8000000e-02
  vertex 8.3146961e-03 -5.5557023e-03 5.8000000e-02
 endloop
endfacet
facet normal -8.448536e-01 5.349976e-01 0.000000e+00
 outer loop
  vertex 8.3146961e-03 -5.5557023e-03 3.0666700e-01
  vertex 8.5772861e-03 -5.1410274e-03 3.0666700e-01
  vertex 8.5772861e-03 -5.1410274e-03 5.8000000e-02
 endloop
endfacet
facet normal -8.700870e-01 4.928982e-01 0.000000e+00
 outer loop
  vertex 8.5772861e-03 -5.1410274e-03 3.0666700e-01
  vertex 8.8192126e-03 -4.7139674e-03 5.8000000e-02
  vertex 8.5772861e-03 -5.1410274e-03 5.8000000e-02
 endloop
endfacet
facet normal -8.700870e-01 4.928982e-01 0.000000e+00
 outer loop
  vertex 8.5772861e-03 -5.1410274e-03 3.0666700e-01
  vertex 8.8192126e-03 -4.7139674e-03 3.0666700e-01
  vertex 8.8192126e-03 -4.7139674e-03 5.8000000e-02
 endloop
endfacet
facet normal -8.932243e-01 4.496113e-01 0.000000e+00
 outer loop
  vertex 8.8192126e-03 -4.7139674e-03 3.0666700e-01
  vertex 9.0398929e-03 -4.2755509e-03 5.8000000e-02
  vertex 8.8192126e-03 -4.7139674e-03 5.8000000e-02
 endloop
endfacet
facet normal -8.932243e-01 4.496113e-01 0.000000e+00
 outer loop
  vertex 8.8192126e-03 -4.7139674e-03 3.0666700e-01
  vertex 9.0398929e-03 -4.2755509e-03 3.0666700e-01
  vertex 9.0398929e-03 -4.2755509e-03 5.8000000e-02
 endloop
endfacet
facet normal -9.142098e-01 4.052413e-01 0.000000e+00
 outer loop
  vertex 9.0398929e-03 -4.2755509e-03 3.0666700e-01
  vertex 9.2387953e-03 -3.8268343e-03 5.8000000e-02
  vertex 9.0398929e-03 -4.2755509e-03 5.8000000e-02
 endloop
endfacet
facet normal -9.142098e-01 4.052413e-01 0.000000e+00
 outer loop
  vertex 9.0398929e-03 -4.2755509e-03 3.0666700e-01
  vertex 9.2387953e-03 -3.8268343e-03 3.0666700e-01
  vertex 9.2387953e-03 -3.8268343e-03 5.8000000e-02
 endloop
endfacet
facet normal -9.329928e-01 3.598950e-01 0.000000e+00
 outer loop
  vertex 9.2387953e-03 -3.8268343e-03 3.0666700e-01
  vertex 9.4154407e-03 -3.3688985e-03 5.8000000e-02
  vertex 9.2387953e-03 -3.8268343e-03 5.8000000e-02
 endloop
endfacet
facet normal -9.329928e-01 3.598950e-01 0.000000e+00
 outer loop
  vertex 9.2387953e-03 -3.8268343e-03 3.0666700e-01
  vertex 9.4154407e-03 -3.3688985e-03 3.0666700e-01
  vertex 9.4154407e-03 -3.3688985e-03 5.8000000e-02
 endloop
endfacet
facet normal -9.495282e-01 3.136817e-01 0.000000e+00
 outer loop
  vertex 9.4154407e-03 -3.3688985e-03 3.0666700e-01
  vertex 9.5694034e-03 -2.9028468e-03 5.8000000e-02
  vertex 9.4154407e-03 -3.3688985e-03 5.8000000e-02
 endloop
endfacet
facet normal -9.495282e-01 3.136817e-01 0.000000e+00
 outer loop
  vertex 9.4154407e-03 -3.3688985e-03 3.0666700e-01
  vertex 9.5694034e-03 -2.9028468e-03 3.0666700e-01
  vertex 9.5694034e-03 -2.9028468e-03 5.8000000e-02
 endloop
endfacet
facet normal -9.637761e-01 2.667128e-01 0.000000e+00
 outer loop
  vertex 9.5694034e-03 -2.9028468e-03 3.0666700e-01
  vertex 9.7003125e-03 -2.4298018e-03 5.8000000e-02
  vertex 9.5694034e-03 -2.9028468e-03 5.8000000e-02
 endloop
endfacet
facet normal -9.637761e-01 2.667128e-01 0.000000e+00
 outer loop
  vertex 9.5694034e-03 -2.9028468e-03 3.0666700e-01
  vertex 9.7003125e-03 -2.4298018e-03 3.0666700e-01
  vertex 9.7003125e-03 -2.4298018e-03 5.8000000e-02
 endloop
endfacet
facet normal -9.757021e-01 2.191012e-01 0.000000e+00
 outer loop
  vertex 9.7003125e-03 -2.4298018e-03 3.0666700e-01
  vertex 9.8078528e-03 -1.9509032e-03 5.8000000e-02
  vertex 9.7003125e-03 -2.4298018e-03 5.8000000e-02
 endloop
endfacet
facet normal -9.757021e-01 2.191012e-01 0.000000e+00
 outer loop
  vertex 9.7003125e-03 -2.4298018e-03 3.0666700e-01
  vertex 9.8078528e-03 -1.9509032e-03 3.0666700e-01
  vertex 9.8078528e-03 -1.9509032e-03 5.8000000e-02
 endloop
endfacet
facet normal -9.852776e-01 1.709619e-01 0.000000e+00
 outer loop
  vertex 9.8078528e-03 -1.9509032e-03 3.0666700e-01
  vertex 9.8917651e-03 -1.4673047e-03 5.8000000e-02
  vertex 9.8078528e-03 -1.9509032e-03 5.8000000e-02
 endloop
endfacet
facet normal -9.852776e-01 1.709619e-01 0.000000e+00
 outer loop
  vertex 9.8078528e-03 -1.9509032e-03 3.0666700e-01
  vertex 9.8917651e-03 -1.4673047e-03 3.0666700e-01
  vertex 9.8917651e-03 -1.4673047e-03 5.8000000e-02
 endloop
endfacet
facet normal -9.924795e-01 1.224107e-01 0.000000e+00
 outer loop
  vertex 9.8917651e-03 -1.4673047e-03 3.0666700e-01
  vertex 9.9518473e-03 -9.8017140e-04 5.8000000e-02
  vertex 9.8917651e-03 -1.4673047e-03 5.8000000e-02
 endloop
endfacet
facet normal -9.924795e-01 1.224107e-01 0.000000e+00
 outer loop
  vertex 9.8917651e-03 -1.4673047e-03 3.0666700e-01
  vertex 9.9518473e-03 -9.8017140e-04 3.0666700e-01
  vertex 9.9518473e-03 -9.8017140e-04 5.8000000e-02
 endloop
endfacet
facet normal -9.972905e-01 7.356456e-02 0.000000e+00
 outer loop
  vertex 9.9518473e-03 -9.8017140e-04 3.0666700e-01
  vertex 9.9879546e-03 -4.9067674e-04 5.8000000e-02
  vertex 9.9518473e-03 -9.8017140e-04 5.8000000e-02
 endloop
endfacet
facet normal -9.972905e-01 7.356456e-02 0.000000e+00
 outer loop
  vertex 9.9518473e-03 -9.8017140e-04 3.0666700e-01
  vertex 9.9879546e-03 -4.9067674e-04 3.0666700e-01
  vertex 9.9879546e-03 -4.9067674e-04 5.8000000e-02
 endloop
endfacet
facet normal -9.996988e-01 2.454123e-02 0.000000e+00
 outer loop
  vertex 9.9879546e-03 -4.9067674e-04 3.0666700e-01
  vertex 1.0000000e-02 0.0000000e+00 5.8000000e-02
  vertex 9.9879546e-03 -4.9067674e-04 5.8000000e-02
 endloop
endfacet
facet normal -9.996988e-01 2.454123e-02 0.000000e+00
 outer loop
  vertex 9.9879546e-03 -4.9067674e-04 3.0666700e-01
  vertex 1.0000000e-02 0.0000000e+00 3.0666700e-01
  vertex 1.0000000e-02 0.0000000e+00 5.8000000e-02
 endloop
endfacet
endsolid cvwt_tube_solid
