solid cvwt_caps
facet normal -9.996988e-01 2.454102e-02 0.000000e+00
 outer loop
  vertex -1.4981932e-02 7.3601510e-04 3.0266700e-01
  vertex -1.5000000e-02 -0.0000000e+00 3.0266700e-01
  vertex -1.4981932e-02 7.3601510e-04 3.0666700e-01
 endloop
endfacet
facet normal -9.972905e-01 7.356465e-02 0.000000e+00
 outer loop
  vertex -1.4927771e-02 1.4702570e-03 3.0266700e-01
  vertex -1.4981932e-02 7.3601510e-04 3.0266700e-01
  vertex -1.4981932e-02 7.3601510e-04 3.0666700e-01
 endloop
endfacet
facet normal -9.924794e-01 1.224117e-01 0.000000e+00
 outer loop
  vertex -1.4837647e-02 2.2009570e-03 3.0266700e-01
  vertex -1.4927771e-02 1.4702570e-03 3.0266700e-01
  vertex -1.4927771e-02 1.4702570e-03 3.0666700e-01
 endloop
endfacet
facet normal -9.924794e-01 1.224117e-01 0.000000e+00
 outer loop
  vertex -1.4837647e-02 2.2009570e-03 3.0666700e-01
  vertex -1.4837647e-02 2.2009570e-03 3.0266700e-01
  vertex -1.4927771e-02 1.4702570e-03 3.0666700e-01
 endloop
endfacet
facet normal -9.852780e-01 1.709600e-01 0.000000e+00
 outer loop
  vertex -1.4711780e-02 2.9263546e-03 3.0666700e-01
  vertex -1.4711780e-02 2.9263546e-03 3.0266700e-01
  vertex -1.4837647e-02 2.2009570e-03 3.0666700e-01
 endloop
endfacet
facet normal -9.757017e-01 2.191032e-01 0.000000e+00
 outer loop
  vertex -1.4711780e-02 2.9263546e-03 3.0666700e-01
  vertex -1.4550468e-02 3.6447027e-03 3.0266700e-01
  vertex -1.4711780e-02 2.9263546e-03 3.0266700e-01
 endloop
endfacet
facet normal -9.637763e-01 2.667119e-01 0.000000e+00
 outer loop
  vertex -1.4550468e-02 3.6447027e-03 3.0666700e-01
  vertex -1.4354105e-02 4.3542700e-03 3.0266700e-01
  vertex -1.4550468e-02 3.6447027e-03 3.0266700e-01
 endloop
endfacet
facet normal -9.637763e-01 2.667119e-01 0.000000e+00
 outer loop
  vertex -1.4550468e-02 3.6447027e-03 3.0666700e-01
  vertex -1.4354105e-02 4.3542700e-03 3.0666700e-01
  vertex -1.4354105e-02 4.3542700e-03 3.0266700e-01
 endloop
endfacet
facet normal -9.495283e-01 3.136815e-01 0.000000e+00
 outer loop
  vertex -1.4354105e-02 4.3542700e-03 3.0666700e-01
  vertex -1.4123161e-02 5.0533480e-03 3.0666700e-01
  vertex -1.4123161e-02 5.0533480e-03 3.0266700e-01
 endloop
endfacet
facet normal -9.329923e-01 3.598963e-01 0.000000e+00
 outer loop
  vertex -1.4123161e-02 5.0533480e-03 3.0266700e-01
  vertex -1.4123161e-02 5.0533480e-03 3.0666700e-01
  vertex -1.3858192e-02 5.7402515e-03 3.0266700e-01
 endloop
endfacet
facet normal -9.142101e-01 4.052405e-01 0.000000e+00
 outer loop
  vertex -1.3858192e-02 5.7402515e-03 3.0266700e-01
  vertex -1.3858192e-02 5.7402515e-03 3.0666700e-01
  vertex -1.3559839e-02 6.4133267e-03 3.0266700e-01
 endloop
endfacet
facet normal -9.142101e-01 4.052405e-01 0.000000e+00
 outer loop
  vertex -1.3559839e-02 6.4133267e-03 3.0266700e-01
  vertex -1.3858192e-02 5.7402515e-03 3.0666700e-01
  vertex -1.3559839e-02 6.4133267e-03 3.0666700e-01
 endloop
endfacet
facet normal -8.932244e-01 4.496111e-01 0.000000e+00
 outer loop
  vertex -1.3228819e-02 7.0709510e-03 3.0266700e-01
  vertex -1.3559839e-02 6.4133267e-03 3.0666700e-01
  vertex -1.3228819e-02 7.0709510e-03 3.0666700e-01
 endloop
endfacet
facet normal -8.700868e-01 4.928984e-01 0.000000e+00
 outer loop
  vertex -1.2865929e-02 7.7115410e-03 3.0266700e-01
  vertex -1.3228819e-02 7.0709510e-03 3.0266700e-01
  vertex -1.3228819e-02 7.0709510e-03 3.0666700e-01
 endloop
endfacet
facet normal -8.448534e-01 5.349979e-01 0.000000e+00
 outer loop
  vertex -1.2472044e-02 8.3335530e-03 3.0266700e-01
  vertex -1.2865929e-02 7.7115410e-03 3.0266700e-01
  vertex -1.2865929e-02 7.7115410e-03 3.0666700e-01
 endloop
endfacet
facet normal -8.448534e-01 5.349979e-01 0.000000e+00
 outer loop
  vertex -1.2472044e-02 8.3335530e-03 3.0666700e-01
  vertex -1.2472044e-02 8.3335530e-03 3.0266700e-01
  vertex -1.2865929e-02 7.7115410e-03 3.0666700e-01
 endloop
endfacet
facet normal -8.175854e-01 5.758074e-01 0.000000e+00
 outer loop
  vertex -1.2048113e-02 8.9354900e-03 3.0666700e-01
  vertex -1.2048113e-02 8.9354900e-03 3.0266700e-01
  vertex -1.2472044e-02 8.3335530e-03 3.0666700e-01
 endloop
endfacet
facet normal -7.883467e-01 6.152312e-01 0.000000e+00
 outer loop
  vertex -1.2048113e-02 8.9354900e-03 3.0666700e-01
  vertex -1.1595157e-02 9.5159000e-03 3.0266700e-01
  vertex -1.2048113e-02 8.9354900e-03 3.0266700e-01
 endloop
endfacet
facet normal -7.572075e-01 6.531744e-01 0.000000e+00
 outer loop
  vertex -1.1595157e-02 9.5159000e-03 3.0666700e-01
  vertex -1.1114266e-02 1.0073384e-02 3.0266700e-01
  vertex -1.1595157e-02 9.5159000e-03 3.0266700e-01
 endloop
endfacet
facet normal -7.572075e-01 6.531744e-01 0.000000e+00
 outer loop
  vertex -1.1595157e-02 9.5159000e-03 3.0666700e-01
  vertex -1.1114266e-02 1.0073384e-02 3.0666700e-01
  vertex -1.1114266e-02 1.0073384e-02 3.0266700e-01
 endloop
endfacet
facet normal -7.242483e-01 6.895393e-01 0.000000e+00
 outer loop
  vertex -1.1114266e-02 1.0073384e-02 3.0666700e-01
  vertex -1.0606602e-02 1.0606602e-02 3.0666700e-01
  vertex -1.0606602e-02 1.0606602e-02 3.0266700e-01
 endloop
endfacet
facet normal -6.895393e-01 7.242483e-01 0.000000e+00
 outer loop
  vertex -1.0606602e-02 1.0606602e-02 3.0266700e-01
  vertex -1.0606602e-02 1.0606602e-02 3.0666700e-01
  vertex -1.0073384e-02 1.1114266e-02 3.0266700e-01
 endloop
endfacet
facet normal -6.531744e-01 7.572075e-01 0.000000e+00
 outer loop
  vertex -1.0073384e-02 1.1114266e-02 3.0266700e-01
  vertex -1.0073384e-02 1.1114266e-02 3.0666700e-01
  vertex -9.5159000e-03 1.1595157e-02 3.0266700e-01
 endloop
endfacet
facet normal -6.531744e-01 7.572075e-01 0.000000e+00
 outer loop
  vertex -9.5159000e-03 1.1595157e-02 3.0266700e-01
  vertex -1.0073384e-02 1.1114266e-02 3.0666700e-01
  vertex -9.5159000e-03 1.1595157e-02 3.0666700e-01
 endloop
endfacet
facet normal -6.152312e-01 7.883467e-01 0.000000e+00
 outer loop
  vertex -8.9354900e-03 1.2048113e-02 3.0266700e-01
  vertex -9.5159000e-03 1.1595157e-02 3.0666700e-01
  vertex -8.9354900e-03 1.2048113e-02 3.0666700e-01
 endloop
endfacet
facet normal -5.758074e-01 8.175854e-01 0.000000e+00
 outer loop
  vertex -8.3335530e-03 1.2472044e-02 3.0266700e-01
  vertex -8.9354900e-03 1.2048113e-02 3.0266700e-01
  vertex -8.9354900e-03 1.2048113e-02 3.0666700e-01
 endloop
endfacet
facet normal -5.349979e-01 8.448534e-01 0.000000e+00
 outer loop
  vertex -7.7115410e-03 1.2865929e-02 3.0266700e-01
  vertex -8.3335530e-03 1.2472044e-02 3.0266700e-01
  vertex -8.3335530e-03 1.2472044e-02 3.0666700e-01
 endloop
endfacet
facet normal -5.349979e-01 8.448534e-01 0.000000e+00
 outer loop
  vertex -7.7115410e-03 1.2865929e-02 3.0666700e-01
  vertex -7.7115410e-03 1.2865929e-02 3.0266700e-01
  vertex -8.3335530e-03 1.2472044e-02 3.0666700e-01
 endloop
endfacet
facet normal -4.496111e-01 8.932244e-01 0.000000e+00
 outer loop
  vertex -7.0709510e-03 1.3228819e-02 3.0666700e-01
  vertex -6.4133267e-03 1.3559839e-02 3.0266700e-01
  vertex -7.0709510e-03 1.3228819e-02 3.0266700e-01
 endloop
endfacet
facet normal -4.052405e-01 9.142101e-01 0.000000e+00
 outer loop
  vertex -5.7402515e-03 1.3858192e-02 3.0666700e-01
  vertex -5.7402515e-03 1.3858192e-02 3.0266700e-01
  vertex -6.4133267e-03 1.3559839e-02 3.0666700e-01
 endloop
endfacet
facet normal -3.598963e-01 9.329923e-01 0.000000e+00
 outer loop
  vertex -5.0533480e-03 1.4123161e-02 3.0666700e-01
  vertex -5.0533480e-03 1.4123161e-02 3.0266700e-01
  vertex -5.7402515e-03 1.3858192e-02 3.0666700e-01
 endloop
endfacet
facet normal -3.136815e-01 9.495283e-01 0.000000e+00
 outer loop
  vertex -4.3542700e-03 1.4354105e-02 3.0666700e-01
  vertex -4.3542700e-03 1.4354105e-02 3.0266700e-01
  vertex -5.0533480e-03 1.4123161e-02 3.0666700e-01
 endloop
endfacet
facet normal -2.191032e-01 9.757017e-01 0.000000e+00
 outer loop
  vertex -2.9263546e-03 1.4711780e-02 3.0266700e-01
  vertex -3.6447027e-03 1.4550468e-02 3.0266700e-01
  vertex -3.6447027e-03 1.4550468e-02 3.0666700e-01
 endloop
endfacet
facet normal -1.709600e-01 9.852780e-01 0.000000e+00
 outer loop
  vertex -2.2009570e-03 1.4837647e-02 3.0266700e-01
  vertex -2.9263546e-03 1.4711780e-02 3.0266700e-01
  vertex -2.9263546e-03 1.4711780e-02 3.0666700e-01
 endloop
endfacet
facet normal -1.224117e-01 9.924794e-01 0.000000e+00
 outer loop
  vertex -1.4702570e-03 1.4927771e-02 3.0266700e-01
  vertex -2.2009570e-03 1.4837647e-02 3.0666700e-01
  vertex -1.4702570e-03 1.4927771e-02 3.0666700e-01
 endloop
endfacet
facet normal -7.356465e-02 9.972905e-01 0.000000e+00
 outer loop
  vertex -7.3601510e-04 1.4981932e-02 3.0266700e-01
  vertex -1.4702570e-03 1.4927771e-02 3.0666700e-01
  vertex -7.3601510e-04 1.4981932e-02 3.0666700e-01
 endloop
endfacet
facet normal -2.454102e-02 9.996988e-01 0.000000e+00
 outer loop
  vertex 9.1848520e-19 1.5000000e-02 3.0266700e-01
  vertex -7.3601510e-04 1.4981932e-02 3.0666700e-01
  vertex 9.1848520e-19 1.5000000e-02 3.0666700e-01
 endloop
endfacet
facet normal 7.356465e-02 9.972905e-01 -0.000000e+00
 outer loop
  vertex 7.3601510e-04 1.4981932e-02 3.0266700e-01
  vertex 7.3601510e-04 1.4981932e-02 3.0666700e-01
  vertex 1.4702570e-03 1.4927771e-02 3.0266700e-01
 endloop
endfacet
facet normal 1.224117e-01 9.924794e-01 -0.000000e+00
 outer loop
  vertex 1.4702570e-03 1.4927771e-02 3.0266700e-01
  vertex 1.4702570e-03 1.4927771e-02 3.0666700e-01
  vertex 2.2009570e-03 1.4837647e-02 3.0266700e-01
 endloop
endfacet
facet normal 1.709600e-01 9.852780e-01 -0.000000e+00
 outer loop
  vertex 2.2009570e-03 1.4837647e-02 3.0266700e-01
  vertex 2.2009570e-03 1.4837647e-02 3.0666700e-01
  vertex 2.9263546e-03 1.4711780e-02 3.0266700e-01
 endloop
endfacet
facet normal 2.191032e-01 9.757017e-01 0.000000e+00
 outer loop
  vertex 2.9263546e-03 1.4711780e-02 3.0666700e-01
  vertex 3.6447027e-03 1.4550468e-02 3.0666700e-01
  vertex 3.6447027e-03 1.4550468e-02 3.0266700e-01
 endloop
endfacet
facet normal 2.667119e-01 9.637763e-01 0.000000e+00
 outer loop
  vertex 3.6447027e-03 1.4550468e-02 3.0666700e-01
  vertex 4.3542700e-03 1.4354105e-02 3.0666700e-01
  vertex 4.3542700e-03 1.4354105e-02 3.0266700e-01
 endloop
endfacet
facet normal 3.136815e-01 9.495283e-01 0.000000e+00
 outer loop
  vertex 4.3542700e-03 1.4354105e-02 3.0666700e-01
  vertex 5.0533480e-03 1.4123161e-02 3.0666700e-01
  vertex 5.0533480e-03 1.4123161e-02 3.0266700e-01
 endloop
endfacet
facet normal 4.052405e-01 9.142101e-01 0.000000e+00
 outer loop
  vertex 5.7402515e-03 1.3858192e-02 3.0666700e-01
  vertex 6.4133267e-03 1.3559839e-02 3.0266700e-01
  vertex 5.7402515e-03 1.3858192e-02 3.0266700e-01
 endloop
endfacet
facet normal 4.496111e-01 8.932244e-01 0.000000e+00
 outer loop
  vertex 6.4133267e-03 1.3559839e-02 3.0666700e-01
  vertex 7.0709510e-03 1.3228819e-02 3.0266700e-01
  vertex 6.4133267e-03 1.3559839e-02 3.0266700e-01
 endloop
endfacet
facet normal 4.928984e-01 8.700868e-01 0.000000e+00
 outer loop
  vertex 7.0709510e-03 1.3228819e-02 3.0666700e-01
  vertex 7.7115410e-03 1.2865929e-02 3.0266700e-01
  vertex 7.0709510e-03 1.3228819e-02 3.0266700e-01
 endloop
endfacet
facet normal 5.349979e-01 8.448534e-01 0.000000e+00
 outer loop
  vertex 8.3335530e-03 1.2472044e-02 3.0666700e-01
  vertex 8.3335530e-03 1.2472044e-02 3.0266700e-01
  vertex 7.7115410e-03 1.2865929e-02 3.0666700e-01
 endloop
endfacet
facet normal 5.758074e-01 8.175854e-01 0.000000e+00
 outer loop
  vertex 8.9354900e-03 1.2048113e-02 3.0666700e-01
  vertex 8.9354900e-03 1.2048113e-02 3.0266700e-01
  vertex 8.3335530e-03 1.2472044e-02 3.0666700e-01
 endloop
endfacet
facet normal 6.152312e-01 7.883467e-01 0.000000e+00
 outer loop
  vertex 9.5159000e-03 1.1595157e-02 3.0666700e-01
  vertex 9.5159000e-03 1.1595157e-02 3.0266700e-01
  vertex 8.9354900e-03 1.2048113e-02 3.0666700e-01
 endloop
endfacet
facet normal 6.895393e-01 7.242483e-01 0.000000e+00
 outer loop
  vertex 1.0606602e-02 1.0606602e-02 3.0266700e-01
  vertex 1.0073384e-02 1.1114266e-02 3.0266700e-01
  vertex 1.0073384e-02 1.1114266e-02 3.0666700e-01
 endloop
endfacet
facet normal 7.242483e-01 6.895393e-01 0.000000e+00
 outer loop
  vertex 1.1114266e-02 1.0073384e-02 3.0266700e-01
  vertex 1.0606602e-02 1.0606602e-02 3.0266700e-01
  vertex 1.0606602e-02 1.0606602e-02 3.0666700e-01
 endloop
endfacet
facet normal 7.572075e-01 6.531744e-01 0.000000e+00
 outer loop
  vertex 1.1595157e-02 9.5159000e-03 3.0266700e-01
  vertex 1.1114266e-02 1.0073384e-02 3.0266700e-01
  vertex 1.1114266e-02 1.0073384e-02 3.0666700e-01
 endloop
endfacet
facet normal 7.883467e-01 6.152312e-01 0.000000e+00
 outer loop
  vertex 1.2048113e-02 8.9354900e-03 3.0266700e-01
  vertex 1.1595157e-02 9.5159000e-03 3.0266700e-01
  vertex 1.1595157e-02 9.5159000e-03 3.0666700e-01
 endloop
endfacet
facet normal 8.175854e-01 5.758074e-01 -0.000000e+00
 outer loop
  vertex 1.2472044e-02 8.3335530e-03 3.0266700e-01
  vertex 1.2048113e-02 8.9354900e-03 3.0666700e-01
  vertex 1.2472044e-02 8.3335530e-03 3.0666700e-01
 endloop
endfacet
facet normal 8.448534e-01 5.349979e-01 -0.000000e+00
 outer loop
  vertex 1.2865929e-02 7.7115410e-03 3.0266700e-01
  vertex 1.2472044e-02 8.3335530e-03 3.0666700e-01
  vertex 1.2865929e-02 7.7115410e-03 3.0666700e-01
 endloop
endfacet
facet normal 8.700868e-01 4.928984e-01 -0.000000e+00
 outer loop
  vertex 1.3228819e-02 7.0709510e-03 3.0266700e-01
  vertex 1.2865929e-02 7.7115410e-03 3.0666700e-01
  vertex 1.3228819e-02 7.0709510e-03 3.0666700e-01
 endloop
endfacet
facet normal 8.932244e-01 4.496111e-01 -0.000000e+00
 outer loop
  vertex 1.3559839e-02 6.4133267e-03 3.0266700e-01
  vertex 1.3228819e-02 7.0709510e-03 3.0666700e-01
  vertex 1.3559839e-02 6.4133267e-03 3.0666700e-01
 endloop
endfacet
facet normal 9.329923e-01 3.598963e-01 -0.000000e+00
 outer loop
  vertex 1.3858192e-02 5.7402515e-03 3.0266700e-01
  vertex 1.3858192e-02 5.7402515e-03 3.0666700e-01
  vertex 1.4123161e-02 5.0533480e-03 3.0266700e-01
 endloop
endfacet
facet normal 9.495283e-01 3.136815e-01 -0.000000e+00
 outer loop
  vertex 1.4123161e-02 5.0533480e-03 3.0266700e-01
  vertex 1.4123161e-02 5.0533480e-03 3.0666700e-01
  vertex 1.4354105e-02 4.3542700e-03 3.0266700e-01
 endloop
endfacet
facet normal 9.637763e-01 2.667119e-01 -0.000000e+00
 outer loop
  vertex 1.4354105e-02 4.3542700e-03 3.0266700e-01
  vertex 1.4354105e-02 4.3542700e-03 3.0666700e-01
  vertex 1.4550468e-02 3.6447027e-03 3.0266700e-01
 endloop
endfacet
facet normal 9.757017e-01 2.191032e-01 -0.000000e+00
 outer loop
  vertex 1.4550468e-02 3.6447027e-03 3.0266700e-01
  vertex 1.4550468e-02 3.6447027e-03 3.0666700e-01
  vertex 1.4711780e-02 2.9263546e-03 3.0266700e-01
 endloop
endfacet
facet normal 9.852780e-01 1.709600e-01 -0.000000e+00
 outer loop
  vertex 1.4711780e-02 2.9263546e-03 3.0266700e-01
  vertex 1.4711780e-02 2.9263546e-03 3.0666700e-01
  vertex 1.4837647e-02 2.2009570e-03 3.0266700e-01
 endloop
endfacet
facet normal 9.996988e-01 2.454102e-02 -0.000000e+00
 outer loop
  vertex 1.5000000e-02 -0.0000000e+00 3.0266700e-01
  vertex 1.4981932e-02 7.3601510e-04 3.0666700e-01
  vertex 1.5000000e-02 -0.0000000e+00 3.0666700e-01
 endloop
endfacet
facet normal 9.924794e-01 1.224117e-01 0.000000e+00
 outer loop
  vertex 1.4927771e-02 1.4702570e-03 3.0266700e-01
  vertex 1.4837647e-02 2.2009570e-03 3.0266700e-01
  vertex 1.4837647e-02 2.2009570e-03 3.0666700e-01
 endloop
endfacet
facet normal 9.996988e-01 2.454102e-02 -0.000000e+00
 outer loop
  vertex 1.4981932e-02 7.3601510e-04 3.0266700e-01
  vertex 1.4981932e-02 7.3601510e-04 3.0666700e-01
  vertex 1.5000000e-02 -0.0000000e+00 3.0266700e-01
 endloop
endfacet
facet normal 9.972905e-01 7.356465e-02 -0.000000e+00
 outer loop
  vertex 1.4927771e-02 1.4702570e-03 3.0266700e-01
  vertex 1.4927771e-02 1.4702570e-03 3.0666700e-01
  vertex 1.4981932e-02 7.3601510e-04 3.0266700e-01
 endloop
endfacet
facet normal 9.924794e-01 1.224117e-01 -0.000000e+00
 outer loop
  vertex 1.4927771e-02 1.4702570e-03 3.0266700e-01
  vertex 1.4837647e-02 2.2009570e-03 3.0666700e-01
  vertex 1.4927771e-02 1.4702570e-03 3.0666700e-01
 endloop
endfacet
facet normal 9.852780e-01 1.709600e-01 -0.000000e+00
 outer loop
  vertex 1.4837647e-02 2.2009570e-03 3.0266700e-01
  vertex 1.4711780e-02 2.9263546e-03 3.0666700e-01
  vertex 1.4837647e-02 2.2009570e-03 3.0666700e-01
 endloop
endfacet
facet normal 9.757017e-01 2.191032e-01 -0.000000e+00
 outer loop
  vertex 1.4711780e-02 2.9263546e-03 3.0266700e-01
  vertex 1.4550468e-02 3.6447027e-03 3.0666700e-01
  vertex 1.4711780e-02 2.9263546e-03 3.0666700e-01
 endloop
endfacet
facet normal 9.637763e-01 2.667119e-01 -0.000000e+00
 outer loop
  vertex 1.4550468e-02 3.6447027e-03 3.0266700e-01
  vertex 1.4354105e-02 4.3542700e-03 3.0666700e-01
  vertex 1.4550468e-02 3.6447027e-03 3.0666700e-01
 endloop
endfacet
facet normal 9.495283e-01 3.136815e-01 -0.000000e+00
 outer loop
  vertex 1.4354105e-02 4.3542700e-03 3.0266700e-01
  vertex 1.4123161e-02 5.0533480e-03 3.0666700e-01
  vertex 1.4354105e-02 4.3542700e-03 3.0666700e-01
 endloop
endfacet
facet normal 9.329923e-01 3.598963e-01 -0.000000e+00
 outer loop
  vertex 1.4123161e-02 5.0533480e-03 3.0266700e-01
  vertex 1.3858192e-02 5.7402515e-03 3.0666700e-01
  vertex 1.4123161e-02 5.0533480e-03 3.0666700e-01
 endloop
endfacet
facet normal 9.142101e-01 4.052405e-01 -0.000000e+00
 outer loop
  vertex 1.3858192e-02 5.7402515e-03 3.0266700e-01
  vertex 1.3559839e-02 6.4133267e-03 3.0666700e-01
  vertex 1.3858192e-02 5.7402515e-03 3.0666700e-01
 endloop
endfacet
facet normal 9.142101e-01 4.052405e-01 0.000000e+00
 outer loop
  vertex 1.3858192e-02 5.7402515e-03 3.0266700e-01
  vertex 1.3559839e-02 6.4133267e-03 3.0266700e-01
  vertex 1.3559839e-02 6.4133267e-03 3.0666700e-01
 endloop
endfacet
facet normal 8.932244e-01 4.496111e-01 0.000000e+00
 outer loop
  vertex 1.3559839e-02 6.4133267e-03 3.0266700e-01
  vertex 1.3228819e-02 7.0709510e-03 3.0266700e-01
  vertex 1.3228819e-02 7.0709510e-03 3.0666700e-01
 endloop
endfacet
facet normal 8.700868e-01 4.928984e-01 0.000000e+00
 outer loop
  vertex 1.3228819e-02 7.0709510e-03 3.0266700e-01
  vertex 1.2865929e-02 7.7115410e-03 3.0266700e-01
  vertex 1.2865929e-02 7.7115410e-03 3.0666700e-01
 endloop
endfacet
facet normal 8.448534e-01 5.349979e-01 0.000000e+00
 outer loop
  vertex 1.2865929e-02 7.7115410e-03 3.0266700e-01
  vertex 1.2472044e-02 8.3335530e-03 3.0266700e-01
  vertex 1.2472044e-02 8.3335530e-03 3.0666700e-01
 endloop
endfacet
facet normal 8.175854e-01 5.758074e-01 0.000000e+00
 outer loop
  vertex 1.2472044e-02 8.3335530e-03 3.0266700e-01
  vertex 1.2048113e-02 8.9354900e-03 3.0266700e-01
  vertex 1.2048113e-02 8.9354900e-03 3.0666700e-01
 endloop
endfacet
facet normal 7.883467e-01 6.152312e-01 0.000000e+00
 outer loop
  vertex 1.2048113e-02 8.9354900e-03 3.0666700e-01
  vertex 1.2048113e-02 8.9354900e-03 3.0266700e-01
  vertex 1.1595157e-02 9.5159000e-03 3.0666700e-01
 endloop
endfacet
facet normal 7.572075e-01 6.531744e-01 0.000000e+00
 outer loop
  vertex 1.1595157e-02 9.5159000e-03 3.0666700e-01
  vertex 1.1595157e-02 9.5159000e-03 3.0266700e-01
  vertex 1.1114266e-02 1.0073384e-02 3.0666700e-01
 endloop
endfacet
facet normal 7.242483e-01 6.895393e-01 0.000000e+00
 outer loop
  vertex 1.1114266e-02 1.0073384e-02 3.0666700e-01
  vertex 1.1114266e-02 1.0073384e-02 3.0266700e-01
  vertex 1.0606602e-02 1.0606602e-02 3.0666700e-01
 endloop
endfacet
facet normal 6.895393e-01 7.242483e-01 0.000000e+00
 outer loop
  vertex 1.0606602e-02 1.0606602e-02 3.0666700e-01
  vertex 1.0606602e-02 1.0606602e-02 3.0266700e-01
  vertex 1.0073384e-02 1.1114266e-02 3.0666700e-01
 endloop
endfacet
facet normal 6.531744e-01 7.572075e-01 0.000000e+00
 outer loop
  vertex 1.0073384e-02 1.1114266e-02 3.0666700e-01
  vertex 1.0073384e-02 1.1114266e-02 3.0266700e-01
  vertex 9.5159000e-03 1.1595157e-02 3.0666700e-01
 endloop
endfacet
facet normal 6.531744e-01 7.572075e-01 0.000000e+00
 outer loop
  vertex 9.5159000e-03 1.1595157e-02 3.0666700e-01
  vertex 1.0073384e-02 1.1114266e-02 3.0266700e-01
  vertex 9.5159000e-03 1.1595157e-02 3.0266700e-01
 endloop
endfacet
facet normal 6.152312e-01 7.883467e-01 0.000000e+00
 outer loop
  vertex 8.9354900e-03 1.2048113e-02 3.0666700e-01
  vertex 9.5159000e-03 1.1595157e-02 3.0266700e-01
  vertex 8.9354900e-03 1.2048113e-02 3.0266700e-01
 endloop
endfacet
facet normal 5.758074e-01 8.175854e-01 0.000000e+00
 outer loop
  vertex 8.3335530e-03 1.2472044e-02 3.0666700e-01
  vertex 8.9354900e-03 1.2048113e-02 3.0266700e-01
  vertex 8.3335530e-03 1.2472044e-02 3.0266700e-01
 endloop
endfacet
facet normal 5.349979e-01 8.448534e-01 0.000000e+00
 outer loop
  vertex 7.7115410e-03 1.2865929e-02 3.0666700e-01
  vertex 8.3335530e-03 1.2472044e-02 3.0266700e-01
  vertex 7.7115410e-03 1.2865929e-02 3.0266700e-01
 endloop
endfacet
facet normal 4.928984e-01 8.700868e-01 0.000000e+00
 outer loop
  vertex 7.0709510e-03 1.3228819e-02 3.0666700e-01
  vertex 7.7115410e-03 1.2865929e-02 3.0666700e-01
  vertex 7.7115410e-03 1.2865929e-02 3.0266700e-01
 endloop
endfacet
facet normal 4.496111e-01 8.932244e-01 0.000000e+00
 outer loop
  vertex 6.4133267e-03 1.3559839e-02 3.0666700e-01
  vertex 7.0709510e-03 1.3228819e-02 3.0666700e-01
  vertex 7.0709510e-03 1.3228819e-02 3.0266700e-01
 endloop
endfacet
facet normal 4.052405e-01 9.142101e-01 0.000000e+00
 outer loop
  vertex 5.7402515e-03 1.3858192e-02 3.0666700e-01
  vertex 6.4133267e-03 1.3559839e-02 3.0666700e-01
  vertex 6.4133267e-03 1.3559839e-02 3.0266700e-01
 endloop
endfacet
facet normal 3.598963e-01 9.329923e-01 0.000000e+00
 outer loop
  vertex 5.0533480e-03 1.4123161e-02 3.0666700e-01
  vertex 5.7402515e-03 1.3858192e-02 3.0666700e-01
  vertex 5.7402515e-03 1.3858192e-02 3.0266700e-01
 endloop
endfacet
facet normal 3.598963e-01 9.329923e-01 -0.000000e+00
 outer loop
  vertex 5.0533480e-03 1.4123161e-02 3.0266700e-01
  vertex 5.0533480e-03 1.4123161e-02 3.0666700e-01
  vertex 5.7402515e-03 1.3858192e-02 3.0266700e-01
 endloop
endfacet
facet normal 3.136815e-01 9.495283e-01 -0.000000e+00
 outer loop
  vertex 4.3542700e-03 1.4354105e-02 3.0266700e-01
  vertex 4.3542700e-03 1.4354105e-02 3.0666700e-01
  vertex 5.0533480e-03 1.4123161e-02 3.0266700e-01
 endloop
endfacet
facet normal 2.667119e-01 9.637763e-01 -0.000000e+00
 outer loop
  vertex 3.6447027e-03 1.4550468e-02 3.0266700e-01
  vertex 3.6447027e-03 1.4550468e-02 3.0666700e-01
  vertex 4.3542700e-03 1.4354105e-02 3.0266700e-01
 endloop
endfacet
facet normal 2.191032e-01 9.757017e-01 -0.000000e+00
 outer loop
  vertex 2.9263546e-03 1.4711780e-02 3.0266700e-01
  vertex 2.9263546e-03 1.4711780e-02 3.0666700e-01
  vertex 3.6447027e-03 1.4550468e-02 3.0266700e-01
 endloop
endfacet
facet normal 1.709600e-01 9.852780e-01 -0.000000e+00
 outer loop
  vertex 2.9263546e-03 1.4711780e-02 3.0266700e-01
  vertex 2.2009570e-03 1.4837647e-02 3.0666700e-01
  vertex 2.9263546e-03 1.4711780e-02 3.0666700e-01
 endloop
endfacet
facet normal 1.224117e-01 9.924794e-01 -0.000000e+00
 outer loop
  vertex 2.2009570e-03 1.4837647e-02 3.0266700e-01
  vertex 1.4702570e-03 1.4927771e-02 3.0666700e-01
  vertex 2.2009570e-03 1.4837647e-02 3.0666700e-01
 endloop
endfacet
facet normal 7.356465e-02 9.972905e-01 -0.000000e+00
 outer loop
  vertex 1.4702570e-03 1.4927771e-02 3.0266700e-01
  vertex 7.3601510e-04 1.4981932e-02 3.0666700e-01
  vertex 1.4702570e-03 1.4927771e-02 3.0666700e-01
 endloop
endfacet
facet normal 2.454102e-02 9.996988e-01 -0.000000e+00
 outer loop
  vertex 7.3601510e-04 1.4981932e-02 3.0266700e-01
  vertex 9.1848520e-19 1.5000000e-02 3.0666700e-01
  vertex 7.3601510e-04 1.4981932e-02 3.0666700e-01
 endloop
endfacet
facet normal 2.454102e-02 9.996988e-01 0.000000e+00
 outer loop
  vertex 7.3601510e-04 1.4981932e-02 3.0266700e-01
  vertex 9.1848520e-19 1.5000000e-02 3.0266700e-01
  vertex 9.1848520e-19 1.5000000e-02 3.0666700e-01
 endloop
endfacet
facet normal -2.454102e-02 9.996988e-01 0.000000e+00
 outer loop
  vertex 9.1848520e-19 1.5000000e-02 3.0266700e-01
  vertex -7.3601510e-04 1.4981932e-02 3.0266700e-01
  vertex -7.3601510e-04 1.4981932e-02 3.0666700e-01
 endloop
endfacet
facet normal -7.356465e-02 9.972905e-01 0.000000e+00
 outer loop
  vertex -7.3601510e-04 1.4981932e-02 3.0266700e-01
  vertex -1.4702570e-03 1.4927771e-02 3.0266700e-01
  vertex -1.4702570e-03 1.4927771e-02 3.0666700e-01
 endloop
endfacet
facet normal -1.224117e-01 9.924794e-01 0.000000e+00
 outer loop
  vertex -1.4702570e-03 1.4927771e-02 3.0266700e-01
  vertex -2.2009570e-03 1.4837647e-02 3.0266700e-01
  vertex -2.2009570e-03 1.4837647e-02 3.0666700e-01
 endloop
endfacet
facet normal -1.709600e-01 9.852780e-01 0.000000e+00
 outer loop
  vertex -2.2009570e-03 1.4837647e-02 3.0666700e-01
  vertex -2.2009570e-03 1.4837647e-02 3.0266700e-01
  vertex -2.9263546e-03 1.4711780e-02 3.0666700e-01
 endloop
endfacet
facet normal -2.191032e-01 9.757017e-01 0.000000e+00
 outer loop
  vertex -2.9263546e-03 1.4711780e-02 3.0666700e-01
  vertex -2.9263546e-03 1.4711780e-02 3.0266700e-01
  vertex -3.6447027e-03 1.4550468e-02 3.0666700e-01
 endloop
endfacet
facet normal -2.667119e-01 9.637763e-01 0.000000e+00
 outer loop
  vertex -3.6447027e-03 1.4550468e-02 3.0666700e-01
  vertex -3.6447027e-03 1.4550468e-02 3.0266700e-01
  vertex -4.3542700e-03 1.4354105e-02 3.0666700e-01
 endloop
endfacet
facet normal -2.667119e-01 9.637763e-01 0.000000e+00
 outer loop
  vertex -4.3542700e-03 1.4354105e-02 3.0666700e-01
  vertex -3.6447027e-03 1.4550468e-02 3.0266700e-01
  vertex -4.3542700e-03 1.4354105e-02 3.0266700e-01
 endloop
endfacet
facet normal -3.136815e-01 9.495283e-01 0.000000e+00
 outer loop
  vertex -5.0533480e-03 1.4123161e-02 3.0666700e-01
  vertex -4.3542700e-03 1.4354105e-02 3.0266700e-01
  vertex -5.0533480e-03 1.4123161e-02 3.0266700e-01
 endloop
endfacet
facet normal -3.598963e-01 9.329923e-01 0.000000e+00
 outer loop
  vertex -5.7402515e-03 1.3858192e-02 3.0666700e-01
  vertex -5.0533480e-03 1.4123161e-02 3.0266700e-01
  vertex -5.7402515e-03 1.3858192e-02 3.0266700e-01
 endloop
endfacet
facet normal -4.052405e-01 9.142101e-01 0.000000e+00
 outer loop
  vertex -6.4133267e-03 1.3559839e-02 3.0666700e-01
  vertex -5.7402515e-03 1.3858192e-02 3.0266700e-01
  vertex -6.4133267e-03 1.3559839e-02 3.0266700e-01
 endloop
endfacet
facet normal -4.496111e-01 8.932244e-01 0.000000e+00
 outer loop
  vertex -7.0709510e-03 1.3228819e-02 3.0666700e-01
  vertex -6.4133267e-03 1.3559839e-02 3.0666700e-01
  vertex -6.4133267e-03 1.3559839e-02 3.0266700e-01
 endloop
endfacet
facet normal -4.928984e-01 8.700868e-01 0.000000e+00
 outer loop
  vertex -7.7115410e-03 1.2865929e-02 3.0666700e-01
  vertex -7.0709510e-03 1.3228819e-02 3.0666700e-01
  vertex -7.0709510e-03 1.3228819e-02 3.0266700e-01
 endloop
endfacet
facet normal -4.928984e-01 8.700868e-01 0.000000e+00
 outer loop
  vertex -7.7115410e-03 1.2865929e-02 3.0266700e-01
  vertex -7.7115410e-03 1.2865929e-02 3.0666700e-01
  vertex -7.0709510e-03 1.3228819e-02 3.0266700e-01
 endloop
endfacet
facet normal -5.758074e-01 8.175854e-01 0.000000e+00
 outer loop
  vertex -8.9354900e-03 1.2048113e-02 3.0666700e-01
  vertex -8.3335530e-03 1.2472044e-02 3.0666700e-01
  vertex -8.3335530e-03 1.2472044e-02 3.0266700e-01
 endloop
endfacet
facet normal -6.152312e-01 7.883467e-01 0.000000e+00
 outer loop
  vertex -9.5159000e-03 1.1595157e-02 3.0666700e-01
  vertex -8.9354900e-03 1.2048113e-02 3.0266700e-01
  vertex -9.5159000e-03 1.1595157e-02 3.0266700e-01
 endloop
endfacet
facet normal -6.895393e-01 7.242483e-01 0.000000e+00
 outer loop
  vertex -1.0073384e-02 1.1114266e-02 3.0666700e-01
  vertex -1.0073384e-02 1.1114266e-02 3.0266700e-01
  vertex -1.0606602e-02 1.0606602e-02 3.0666700e-01
 endloop
endfacet
facet normal -7.242483e-01 6.895393e-01 0.000000e+00
 outer loop
  vertex -1.0606602e-02 1.0606602e-02 3.0266700e-01
  vertex -1.1114266e-02 1.0073384e-02 3.0266700e-01
  vertex -1.1114266e-02 1.0073384e-02 3.0666700e-01
 endloop
endfacet
facet normal -7.883467e-01 6.152312e-01 0.000000e+00
 outer loop
  vertex -1.1595157e-02 9.5159000e-03 3.0266700e-01
  vertex -1.2048113e-02 8.9354900e-03 3.0666700e-01
  vertex -1.1595157e-02 9.5159000e-03 3.0666700e-01
 endloop
endfacet
facet normal -8.175854e-01 5.758074e-01 0.000000e+00
 outer loop
  vertex -1.2472044e-02 8.3335530e-03 3.0266700e-01
  vertex -1.2472044e-02 8.3335530e-03 3.0666700e-01
  vertex -1.2048113e-02 8.9354900e-03 3.0266700e-01
 endloop
endfacet
facet normal -8.700868e-01 4.928984e-01 0.000000e+00
 outer loop
  vertex -1.3228819e-02 7.0709510e-03 3.0666700e-01
  vertex -1.2865929e-02 7.7115410e-03 3.0666700e-01
  vertex -1.2865929e-02 7.7115410e-03 3.0266700e-01
 endloop
endfacet
facet normal -8.932244e-01 4.496111e-01 0.000000e+00
 outer loop
  vertex -1.3559839e-02 6.4133267e-03 3.0666700e-01
  vertex -1.3228819e-02 7.0709510e-03 3.0266700e-01
  vertex -1.3559839e-02 6.4133267e-03 3.0266700e-01
 endloop
endfacet
facet normal -9.329923e-01 3.598963e-01 0.000000e+00
 outer loop
  vertex -1.3858192e-02 5.7402515e-03 3.0666700e-01
  vertex -1.3858192e-02 5.7402515e-03 3.0266700e-01
  vertex -1.4123161e-02 5.0533480e-03 3.0666700e-01
 endloop
endfacet
facet normal -9.495283e-01 3.136815e-01 0.000000e+00
 outer loop
  vertex -1.4123161e-02 5.0533480e-03 3.0266700e-01
  vertex -1.4354105e-02 4.3542700e-03 3.0266700e-01
  vertex -1.4354105e-02 4.3542700e-03 3.0666700e-01
 endloop
endfacet
facet normal -9.757017e-01 2.191032e-01 0.000000e+00
 outer loop
  vertex -1.4550468e-02 3.6447027e-03 3.0266700e-01
  vertex -1.4711780e-02 2.9263546e-03 3.0666700e-01
  vertex -1.4550468e-02 3.6447027e-03 3.0666700e-01
 endloop
endfacet
facet normal -9.852780e-01 1.709600e-01 0.000000e+00
 outer loop
  vertex -1.4837647e-02 2.2009570e-03 3.0266700e-01
  vertex -1.4837647e-02 2.2009570e-03 3.0666700e-01
  vertex -1.4711780e-02 2.9263546e-03 3.0266700e-01
 endloop
endfacet
facet normal -9.996988e-01 2.454102e-02 0.000000e+00
 outer loop
  vertex -1.4981932e-02 7.3601510e-04 3.0666700e-01
  vertex -1.5000000e-02 -0.0000000e+00 3.0266700e-01
  vertex -1.5000000e-02 -0.0000000e+00 3.0666700e-01
 endloop
endfacet
facet normal -9.972905e-01 7.356465e-02 0.000000e+00
 outer loop
  vertex -1.4927771e-02 1.4702570e-03 3.0266700e-01
  vertex -1.4981932e-02 7.3601510e-04 3.0666700e-01
  vertex -1.4927771e-02 1.4702570e-03 3.0666700e-01
 endloop
endfacet
facet normal 9.972905e-01 7.356465e-02 0.000000e+00
 outer loop
  vertex 1.4927771e-02 1.4702570e-03 3.0666700e-01
  vertex 1.4981932e-02 7.3601510e-04 3.0666700e-01
  vertex 1.4981932e-02 7.3601510e-04 3.0266700e-01
 endloop
endfacet
facet normal -0.000000e+00 0.000000e+00 -1.000000e+00
 outer loop
  vertex -6.0843915e-04 1.2385064e-02 3.0266700e-01
  vertex -1.2154125e-03 1.2340290e-02 3.0266700e-01
  vertex -7.3601510e-04 1.4981932e-02 3.0266700e-01
 endloop
endfacet
facet normal 0.000000e+00 0.000000e+00 -1.000000e+00
 outer loop
  vertex -6.0843915e-04 1.2385064e-02 3.0266700e-01
  vertex -7.3601510e-04 1.4981932e-02 3.0266700e-01
  vertex 0.0000000e+00 1.2400001e-02 3.0266700e-01
 endloop
endfacet
facet normal -0.000000e+00 0.000000e+00 -1.000000e+00
 outer loop
  vertex -1.2154125e-03 1.2340290e-02 3.0266700e-01
  vertex -1.8194579e-03 1.2265788e-02 3.0266700e-01
  vertex -1.4702570e-03 1.4927771e-02 3.0266700e-01
 endloop
endfacet
facet normal 0.000000e+00 0.000000e+00 -1.000000e+00
 outer loop
  vertex -1.8194579e-03 1.2265788e-02 3.0266700e-01
  vertex -2.2009570e-03 1.4837647e-02 3.0266700e-01
  vertex -1.4702570e-03 1.4927771e-02 3.0266700e-01
 endloop
endfacet
facet normal 0.000000e+00 0.000000e+00 -1.000000e+00
 outer loop
  vertex -2.4191198e-03 1.2161737e-02 3.0266700e-01
  vertex -2.9263546e-03 1.4711780e-02 3.0266700e-01
  vertex -2.2009570e-03 1.4837647e-02 3.0266700e-01
 endloop
endfacet
facet normal 0.000000e+00 0.000000e+00 -1.000000e+00
 outer loop
  vertex -3.0129542e-03 1.2028388e-02 3.0266700e-01
  vertex -2.9263546e-03 1.4711780e-02 3.0266700e-01
  vertex -2.4191198e-03 1.2161737e-02 3.0266700e-01
 endloop
endfacet
facet normal 0.000000e+00 0.000000e+00 -1.000000e+00
 outer loop
  vertex -3.5995300e-03 1.1866060e-02 3.0266700e-01
  vertex -3.6447027e-03 1.4550468e-02 3.0266700e-01
  vertex -3.0129542e-03 1.2028388e-02 3.0266700e-01
 endloop
endfacet
facet normal 0.000000e+00 0.000000e+00 -1.000000e+00
 outer loop
  vertex -4.3542700e-03 1.4354105e-02 3.0266700e-01
  vertex -3.6447027e-03 1.4550468e-02 3.0266700e-01
  vertex -3.5995300e-03 1.1866060e-02 3.0266700e-01
 endloop
endfacet
facet normal 0.000000e+00 0.000000e+00 -1.000000e+00
 outer loop
  vertex -5.0533480e-03 1.4123161e-02 3.0266700e-01
  vertex -4.3542700e-03 1.4354105e-02 3.0266700e-01
  vertex -4.1774344e-03 1.1675146e-02 3.0266700e-01
 endloop
endfacet
facet normal 0.000000e+00 0.000000e+00 -1.000000e+00
 outer loop
  vertex -5.0533480e-03 1.4123161e-02 3.0266700e-01
  vertex -4.1774344e-03 1.1675146e-02 3.0266700e-01
  vertex -4.7452745e-03 1.1456106e-02 3.0266700e-01
 endloop
endfacet
facet normal 0.000000e+00 0.000000e+00 -1.000000e+00
 outer loop
  vertex -5.7402515e-03 1.3858192e-02 3.0266700e-01
  vertex -4.7452745e-03 1.1456106e-02 3.0266700e-01
  vertex -5.3016834e-03 1.1209468e-02 3.0266700e-01
 endloop
endfacet
facet normal 0.000000e+00 -0.000000e+00 -1.000000e+00
 outer loop
  vertex -5.7402515e-03 1.3858192e-02 3.0266700e-01
  vertex -5.3016834e-03 1.1209468e-02 3.0266700e-01
  vertex -6.4133267e-03 1.3559839e-02 3.0266700e-01
 endloop
endfacet
facet normal 0.000000e+00 -0.000000e+00 -1.000000e+00
 outer loop
  vertex -6.4133267e-03 1.3559839e-02 3.0266700e-01
  vertex -5.8453193e-03 1.0935823e-02 3.0266700e-01
  vertex -7.0709510e-03 1.3228819e-02 3.0266700e-01
 endloop
endfacet
facet normal -0.000000e+00 0.000000e+00 -1.000000e+00
 outer loop
  vertex -5.8453193e-03 1.0935823e-02 3.0266700e-01
  vertex -6.3748740e-03 1.0635835e-02 3.0266700e-01
  vertex -7.0709510e-03 1.3228819e-02 3.0266700e-01
 endloop
endfacet
facet normal -0.000000e+00 0.000000e+00 -1.000000e+00
 outer loop
  vertex -6.3748740e-03 1.0635835e-02 3.0266700e-01
  vertex -6.8890710e-03 1.0310224e-02 3.0266700e-01
  vertex -7.7115410e-03 1.2865929e-02 3.0266700e-01
 endloop
endfacet
facet normal 0.000000e+00 0.000000e+00 -1.000000e+00
 outer loop
  vertex -8.3335530e-03 1.2472044e-02 3.0266700e-01
  vertex -7.7115410e-03 1.2865929e-02 3.0266700e-01
  vertex -6.8890710e-03 1.0310224e-02 3.0266700e-01
 endloop
endfacet
facet normal 0.000000e+00 0.000000e+00 -1.000000e+00
 outer loop
  vertex -8.9354900e-03 1.2048113e-02 3.0266700e-01
  vertex -8.3335530e-03 1.2472044e-02 3.0266700e-01
  vertex -7.3866715e-03 9.9597730e-03 3.0266700e-01
 endloop
endfacet
facet normal 0.000000e+00 0.000000e+00 -1.000000e+00
 outer loop
  vertex -8.9354900e-03 1.2048113e-02 3.0266700e-01
  vertex -7.3866715e-03 9.9597730e-03 3.0266700e-01
  vertex -7.8664765e-03 9.5853290e-03 3.0266700e-01
 endloop
endfacet
facet normal 0.000000e+00 0.000000e+00 -1.000000e+00
 outer loop
  vertex -9.5159000e-03 1.1595157e-02 3.0266700e-01
  vertex -7.8664765e-03 9.5853290e-03 3.0266700e-01
  vertex -8.3273320e-03 9.1877950e-03 3.0266700e-01
 endloop
endfacet
facet normal 0.000000e+00 -0.000000e+00 -1.000000e+00
 outer loop
  vertex -9.5159000e-03 1.1595157e-02 3.0266700e-01
  vertex -8.3273320e-03 9.1877950e-03 3.0266700e-01
  vertex -1.0073384e-02 1.1114266e-02 3.0266700e-01
 endloop
endfacet
facet normal 0.000000e+00 -0.000000e+00 -1.000000e+00
 outer loop
  vertex -1.0073384e-02 1.1114266e-02 3.0266700e-01
  vertex -8.7681250e-03 8.7681250e-03 3.0266700e-01
  vertex -1.0606602e-02 1.0606602e-02 3.0266700e-01
 endloop
endfacet
facet normal -0.000000e+00 0.000000e+00 -1.000000e+00
 outer loop
  vertex -8.7681250e-03 8.7681250e-03 3.0266700e-01
  vertex -9.1877950e-03 8.3273320e-03 3.0266700e-01
  vertex -1.0606602e-02 1.0606602e-02 3.0266700e-01
 endloop
endfacet
facet normal -0.000000e+00 0.000000e+00 -1.000000e+00
 outer loop
  vertex -9.1877950e-03 8.3273320e-03 3.0266700e-01
  vertex -9.5853290e-03 7.8664765e-03 3.0266700e-01
  vertex -1.1114266e-02 1.0073384e-02 3.0266700e-01
 endloop
endfacet
facet normal 0.000000e+00 0.000000e+00 -1.000000e+00
 outer loop
  vertex -9.5853290e-03 7.8664765e-03 3.0266700e-01
  vertex -1.1595157e-02 9.5159000e-03 3.0266700e-01
  vertex -1.1114266e-02 1.0073384e-02 3.0266700e-01
 endloop
endfacet
facet normal 0.000000e+00 -0.000000e+00 -1.000000e+00
 outer loop
  vertex -1.2048113e-02 8.9354900e-03 3.0266700e-01
  vertex -1.0310224e-02 6.8890710e-03 3.0266700e-01
  vertex -1.2472044e-02 8.3335530e-03 3.0266700e-01
 endloop
endfacet
facet normal -0.000000e+00 0.000000e+00 -1.000000e+00
 outer loop
  vertex -9.9597730e-03 7.3866715e-03 3.0266700e-01
  vertex -1.0310224e-02 6.8890710e-03 3.0266700e-01
  vertex -1.2048113e-02 8.9354900e-03 3.0266700e-01
 endloop
endfacet
facet normal 0.000000e+00 -0.000000e+00 -1.000000e+00
 outer loop
  vertex -1.2472044e-02 8.3335530e-03 3.0266700e-01
  vertex -1.0635835e-02 6.3748740e-03 3.0266700e-01
  vertex -1.2865929e-02 7.7115410e-03 3.0266700e-01
 endloop
endfacet
facet normal -0.000000e+00 0.000000e+00 -1.000000e+00
 outer loop
  vertex -1.0310224e-02 6.8890710e-03 3.0266700e-01
  vertex -1.0635835e-02 6.3748740e-03 3.0266700e-01
  vertex -1.2472044e-02 8.3335530e-03 3.0266700e-01
 endloop
endfacet
facet normal 0.000000e+00 -0.000000e+00 -1.000000e+00
 outer loop
  vertex -1.2865929e-02 7.7115410e-03 3.0266700e-01
  vertex -1.0935823e-02 5.8453193e-03 3.0266700e-01
  vertex -1.3228819e-02 7.0709510e-03 3.0266700e-01
 endloop
endfacet
facet normal -0.000000e+00 0.000000e+00 -1.000000e+00
 outer loop
  vertex -1.0635835e-02 6.3748740e-03 3.0266700e-01
  vertex -1.0935823e-02 5.8453193e-03 3.0266700e-01
  vertex -1.2865929e-02 7.7115410e-03 3.0266700e-01
 endloop
endfacet
facet normal 0.000000e+00 -0.000000e+00 -1.000000e+00
 outer loop
  vertex -1.3228819e-02 7.0709510e-03 3.0266700e-01
  vertex -1.1209468e-02 5.3016834e-03 3.0266700e-01
  vertex -1.3559839e-02 6.4133267e-03 3.0266700e-01
 endloop
endfacet
facet normal -0.000000e+00 0.000000e+00 -1.000000e+00
 outer loop
  vertex -1.0935823e-02 5.8453193e-03 3.0266700e-01
  vertex -1.1209468e-02 5.3016834e-03 3.0266700e-01
  vertex -1.3228819e-02 7.0709510e-03 3.0266700e-01
 endloop
endfacet
facet normal 0.000000e+00 -0.000000e+00 -1.000000e+00
 outer loop
  vertex -1.3559839e-02 6.4133267e-03 3.0266700e-01
  vertex -1.1456106e-02 4.7452745e-03 3.0266700e-01
  vertex -1.3858192e-02 5.7402515e-03 3.0266700e-01
 endloop
endfacet
facet normal -0.000000e+00 0.000000e+00 -1.000000e+00
 outer loop
  vertex -1.1209468e-02 5.3016834e-03 3.0266700e-01
  vertex -1.1456106e-02 4.7452745e-03 3.0266700e-01
  vertex -1.3559839e-02 6.4133267e-03 3.0266700e-01
 endloop
endfacet
facet normal 0.000000e+00 -0.000000e+00 -1.000000e+00
 outer loop
  vertex -1.3858192e-02 5.7402515e-03 3.0266700e-01
  vertex -1.1675146e-02 4.1774344e-03 3.0266700e-01
  vertex -1.4123161e-02 5.0533480e-03 3.0266700e-01
 endloop
endfacet
facet normal -0.000000e+00 0.000000e+00 -1.000000e+00
 outer loop
  vertex -1.1456106e-02 4.7452745e-03 3.0266700e-01
  vertex -1.1675146e-02 4.1774344e-03 3.0266700e-01
  vertex -1.3858192e-02 5.7402515e-03 3.0266700e-01
 endloop
endfacet
facet normal 0.000000e+00 -0.000000e+00 -1.000000e+00
 outer loop
  vertex -1.4123161e-02 5.0533480e-03 3.0266700e-01
  vertex -1.1866060e-02 3.5995300e-03 3.0266700e-01
  vertex -1.4354105e-02 4.3542700e-03 3.0266700e-01
 endloop
endfacet
facet normal -0.000000e+00 0.000000e+00 -1.000000e+00
 outer loop
  vertex -1.1675146e-02 4.1774344e-03 3.0266700e-01
  vertex -1.1866060e-02 3.5995300e-03 3.0266700e-01
  vertex -1.4123161e-02 5.0533480e-03 3.0266700e-01
 endloop
endfacet
facet normal 0.000000e+00 -0.000000e+00 -1.000000e+00
 outer loop
  vertex -1.4354105e-02 4.3542700e-03 3.0266700e-01
  vertex -1.2028388e-02 3.0129542e-03 3.0266700e-01
  vertex -1.4550468e-02 3.6447027e-03 3.0266700e-01
 endloop
endfacet
facet normal -0.000000e+00 0.000000e+00 -1.000000e+00
 outer loop
  vertex -1.1866060e-02 3.5995300e-03 3.0266700e-01
  vertex -1.2028388e-02 3.0129542e-03 3.0266700e-01
  vertex -1.4354105e-02 4.3542700e-03 3.0266700e-01
 endloop
endfacet
facet normal 0.000000e+00 -0.000000e+00 -1.000000e+00
 outer loop
  vertex -1.4550468e-02 3.6447027e-03 3.0266700e-01
  vertex -1.2161737e-02 2.4191198e-03 3.0266700e-01
  vertex -1.4711780e-02 2.9263546e-03 3.0266700e-01
 endloop
endfacet
facet normal -0.000000e+00 0.000000e+00 -1.000000e+00
 outer loop
  vertex -1.2028388e-02 3.0129542e-03 3.0266700e-01
  vertex -1.2161737e-02 2.4191198e-03 3.0266700e-01
  vertex -1.4550468e-02 3.6447027e-03 3.0266700e-01
 endloop
endfacet
facet normal 0.000000e+00 -0.000000e+00 -1.000000e+00
 outer loop
  vertex -1.4711780e-02 2.9263546e-03 3.0266700e-01
  vertex -1.2265788e-02 1.8194579e-03 3.0266700e-01
  vertex -1.4837647e-02 2.2009570e-03 3.0266700e-01
 endloop
endfacet
facet normal -0.000000e+00 0.000000e+00 -1.000000e+00
 outer loop
  vertex -1.2161737e-02 2.4191198e-03 3.0266700e-01
  vertex -1.2265788e-02 1.8194579e-03 3.0266700e-01
  vertex -1.4711780e-02 2.9263546e-03 3.0266700e-01
 endloop
endfacet
facet normal 0.000000e+00 -0.000000e+00 -1.000000e+00
 outer loop
  vertex -1.4837647e-02 2.2009570e-03 3.0266700e-01
  vertex -1.2340290e-02 1.2154125e-03 3.0266700e-01
  vertex -1.4927771e-02 1.4702570e-03 3.0266700e-01
 endloop
endfacet
facet normal -0.000000e+00 0.000000e+00 -1.000000e+00
 outer loop
  vertex -1.2265788e-02 1.8194579e-03 3.0266700e-01
  vertex -1.2340290e-02 1.2154125e-03 3.0266700e-01
  vertex -1.4837647e-02 2.2009570e-03 3.0266700e-01
 endloop
endfacet
facet normal 0.000000e+00 -0.000000e+00 -1.000000e+00
 outer loop
  vertex -1.4927771e-02 1.4702570e-03 3.0266700e-01
  vertex -1.2385064e-02 6.0843915e-04 3.0266700e-01
  vertex -1.4981932e-02 7.3601510e-04 3.0266700e-01
 endloop
endfacet
facet normal -0.000000e+00 0.000000e+00 -1.000000e+00
 outer loop
  vertex -1.2340290e-02 1.2154125e-03 3.0266700e-01
  vertex -1.2385064e-02 6.0843915e-04 3.0266700e-01
  vertex -1.4927771e-02 1.4702570e-03 3.0266700e-01
 endloop
endfacet
facet normal 0.000000e+00 -0.000000e+00 -1.000000e+00
 outer loop
  vertex -1.4981932e-02 7.3601510e-04 3.0266700e-01
  vertex -1.2400001e-02 -0.0000000e+00 3.0266700e-01
  vertex -1.5000000e-02 -0.0000000e+00 3.0266700e-01
 endloop
endfacet
facet normal -0.000000e+00 0.000000e+00 -1.000000e+00
 outer loop
  vertex -1.2385064e-02 6.0843915e-04 3.0266700e-01
  vertex -1.2400001e-02 -0.0000000e+00 3.0266700e-01
  vertex -1.4981932e-02 7.3601510e-04 3.0266700e-01
 endloop
endfacet
facet normal 0.000000e+00 0.000000e+00 -1.000000e+00
 outer loop
  vertex -1.5000000e-02 -0.0000000e+00 3.0266700e-01
  vertex -1.2385064e-02 -6.0843915e-04 3.0266700e-01
  vertex -1.4981932e-02 -7.3601510e-04 3.0266700e-01
 endloop
endfacet
facet normal -0.000000e+00 -0.000000e+00 -1.000000e+00
 outer loop
  vertex -1.2400001e-02 -0.0000000e+00 3.0266700e-01
  vertex -1.2385064e-02 -6.0843915e-04 3.0266700e-01
  vertex -1.5000000e-02 -0.0000000e+00 3.0266700e-01
 endloop
endfacet
facet normal 0.000000e+00 0.000000e+00 -1.000000e+00
 outer loop
  vertex -1.4981932e-02 -7.3601510e-04 3.0266700e-01
  vertex -1.2340290e-02 -1.2154125e-03 3.0266700e-01
  vertex -1.4927771e-02 -1.4702570e-03 3.0266700e-01
 endloop
endfacet
facet normal 0.000000e+00 -0.000000e+00 -1.000000e+00
 outer loop
  vertex -1.2385064e-02 -6.0843915e-04 3.0266700e-01
  vertex -1.2340290e-02 -1.2154125e-03 3.0266700e-01
  vertex -1.4981932e-02 -7.3601510e-04 3.0266700e-01
 endloop
endfacet
facet normal 0.000000e+00 0.000000e+00 -1.000000e+00
 outer loop
  vertex -1.4927771e-02 -1.4702570e-03 3.0266700e-01
  vertex -1.2265788e-02 -1.8194579e-03 3.0266700e-01
  vertex -1.4837647e-02 -2.2009570e-03 3.0266700e-01
 endloop
endfacet
facet normal 0.000000e+00 -0.000000e+00 -1.000000e+00
 outer loop
  vertex -1.2340290e-02 -1.2154125e-03 3.0266700e-01
  vertex -1.2265788e-02 -1.8194579e-03 3.0266700e-01
  vertex -1.4927771e-02 -1.4702570e-03 3.0266700e-01
 endloop
endfacet
facet normal 0.000000e+00 0.000000e+00 -1.000000e+00
 outer loop
  vertex -1.4837647e-02 -2.2009570e-03 3.0266700e-01
  vertex -1.2161737e-02 -2.4191198e-03 3.0266700e-01
  vertex -1.4711780e-02 -2.9263546e-03 3.0266700e-01
 endloop
endfacet
facet normal 0.000000e+00 -0.000000e+00 -1.000000e+00
 outer loop
  vertex -1.2265788e-02 -1.8194579e-03 3.0266700e-01
  vertex -1.2161737e-02 -2.4191198e-03 3.0266700e-01
  vertex -1.4837647e-02 -2.2009570e-03 3.0266700e-01
 endloop
endfacet
facet normal 0.000000e+00 0.000000e+00 -1.000000e+00
 outer loop
  vertex -1.4711780e-02 -2.9263546e-03 3.0266700e-01
  vertex -1.2028388e-02 -3.0129542e-03 3.0266700e-01
  vertex -1.4550468e-02 -3.6447027e-03 3.0266700e-01
 endloop
endfacet
facet normal 0.000000e+00 -0.000000e+00 -1.000000e+00
 outer loop
  vertex -1.2161737e-02 -2.4191198e-03 3.0266700e-01
  vertex -1.2028388e-02 -3.0129542e-03 3.0266700e-01
  vertex -1.4711780e-02 -2.9263546e-03 3.0266700e-01
 endloop
endfacet
facet normal 0.000000e+00 0.000000e+00 -1.000000e+00
 outer loop
  vertex -1.4550468e-02 -3.6447027e-03 3.0266700e-01
  vertex -1.1866060e-02 -3.5995300e-03 3.0266700e-01
  vertex -1.4354105e-02 -4.3542700e-03 3.0266700e-01
 endloop
endfacet
facet normal 0.000000e+00 -0.000000e+00 -1.000000e+00
 outer loop
  vertex -1.2028388e-02 -3.0129542e-03 3.0266700e-01
  vertex -1.1866060e-02 -3.5995300e-03 3.0266700e-01
  vertex -1.4550468e-02 -3.6447027e-03 3.0266700e-01
 endloop
endfacet
facet normal 0.000000e+00 0.000000e+00 -1.000000e+00
 outer loop
  vertex -1.4354105e-02 -4.3542700e-03 3.0266700e-01
  vertex -1.1675146e-02 -4.1774344e-03 3.0266700e-01
  vertex -1.4123161e-02 -5.0533480e-03 3.0266700e-01
 endloop
endfacet
facet normal 0.000000e+00 -0.000000e+00 -1.000000e+00
 outer loop
  vertex -1.1866060e-02 -3.5995300e-03 3.0266700e-01
  vertex -1.1675146e-02 -4.1774344e-03 3.0266700e-01
  vertex -1.4354105e-02 -4.3542700e-03 3.0266700e-01
 endloop
endfacet
facet normal 0.000000e+00 0.000000e+00 -1.000000e+00
 outer loop
  vertex -1.4123161e-02 -5.0533480e-03 3.0266700e-01
  vertex -1.1456106e-02 -4.7452745e-03 3.0266700e-01
  vertex -1.3858192e-02 -5.7402515e-03 3.0266700e-01
 endloop
endfacet
facet normal 0.000000e+00 -0.000000e+00 -1.000000e+00
 outer loop
  vertex -1.1675146e-02 -4.1774344e-03 3.0266700e-01
  vertex -1.1456106e-02 -4.7452745e-03 3.0266700e-01
  vertex -1.4123161e-02 -5.0533480e-03 3.0266700e-01
 endloop
endfacet
facet normal 0.000000e+00 0.000000e+00 -1.000000e+00
 outer loop
  vertex -1.3858192e-02 -5.7402515e-03 3.0266700e-01
  vertex -1.1209468e-02 -5.3016834e-03 3.0266700e-01
  vertex -1.3559839e-02 -6.4133267e-03 3.0266700e-01
 endloop
endfacet
facet normal 0.000000e+00 -0.000000e+00 -1.000000e+00
 outer loop
  vertex -1.1456106e-02 -4.7452745e-03 3.0266700e-01
  vertex -1.1209468e-02 -5.3016834e-03 3.0266700e-01
  vertex -1.3858192e-02 -5.7402515e-03 3.0266700e-01
 endloop
endfacet
facet normal 0.000000e+00 0.000000e+00 -1.000000e+00
 outer loop
  vertex -1.3559839e-02 -6.4133267e-03 3.0266700e-01
  vertex -1.0935823e-02 -5.8453193e-03 3.0266700e-01
  vertex -1.3228819e-02 -7.0709510e-03 3.0266700e-01
 endloop
endfacet
facet normal 0.000000e+00 -0.000000e+00 -1.000000e+00
 outer loop
  vertex -1.1209468e-02 -5.3016834e-03 3.0266700e-01
  vertex -1.0935823e-02 -5.8453193e-03 3.0266700e-01
  vertex -1.3559839e-02 -6.4133267e-03 3.0266700e-01
 endloop
endfacet
facet normal 0.000000e+00 0.000000e+00 -1.000000e+00
 outer loop
  vertex -1.3228819e-02 -7.0709510e-03 3.0266700e-01
  vertex -1.0635835e-02 -6.3748740e-03 3.0266700e-01
  vertex -1.2865929e-02 -7.7115410e-03 3.0266700e-01
 endloop
endfacet
facet normal 0.000000e+00 -0.000000e+00 -1.000000e+00
 outer loop
  vertex -1.0935823e-02 -5.8453193e-03 3.0266700e-01
  vertex -1.0635835e-02 -6.3748740e-03 3.0266700e-01
  vertex -1.3228819e-02 -7.0709510e-03 3.0266700e-01
 endloop
endfacet
facet normal 0.000000e+00 0.000000e+00 -1.000000e+00
 outer loop
  vertex -1.2865929e-02 -7.7115410e-03 3.0266700e-01
  vertex -1.0310224e-02 -6.8890710e-03 3.0266700e-01
  vertex -1.2472044e-02 -8.3335530e-03 3.0266700e-01
 endloop
endfacet
facet normal 0.000000e+00 -0.000000e+00 -1.000000e+00
 outer loop
  vertex -1.0635835e-02 -6.3748740e-03 3.0266700e-01
  vertex -1.0310224e-02 -6.8890710e-03 3.0266700e-01
  vertex -1.2865929e-02 -7.7115410e-03 3.0266700e-01
 endloop
endfacet
facet normal 0.000000e+00 0.000000e+00 -1.000000e+00
 outer loop
  vertex -1.2472044e-02 -8.3335530e-03 3.0266700e-01
  vertex -9.9597730e-03 -7.3866715e-03 3.0266700e-01
  vertex -1.2048113e-02 -8.9354900e-03 3.0266700e-01
 endloop
endfacet
facet normal 0.000000e+00 -0.000000e+00 -1.000000e+00
 outer loop
  vertex -1.0310224e-02 -6.8890710e-03 3.0266700e-01
  vertex -9.9597730e-03 -7.3866715e-03 3.0266700e-01
  vertex -1.2472044e-02 -8.3335530e-03 3.0266700e-01
 endloop
endfacet
facet normal 0.000000e+00 0.000000e+00 -1.000000e+00
 outer loop
  vertex -1.2048113e-02 -8.9354900e-03 3.0266700e-01
  vertex -9.5853290e-03 -7.8664765e-03 3.0266700e-01
  vertex -1.1595157e-02 -9.5159000e-03 3.0266700e-01
 endloop
endfacet
facet normal 0.000000e+00 -0.000000e+00 -1.000000e+00
 outer loop
  vertex -9.9597730e-03 -7.3866715e-03 3.0266700e-01
  vertex -9.5853290e-03 -7.8664765e-03 3.0266700e-01
  vertex -1.2048113e-02 -8.9354900e-03 3.0266700e-01
 endloop
endfacet
facet normal 0.000000e+00 0.000000e+00 -1.000000e+00
 outer loop
  vertex -1.1595157e-02 -9.5159000e-03 3.0266700e-01
  vertex -9.1877950e-03 -8.3273320e-03 3.0266700e-01
  vertex -1.1114266e-02 -1.0073384e-02 3.0266700e-01
 endloop
endfacet
facet normal 0.000000e+00 -0.000000e+00 -1.000000e+00
 outer loop
  vertex -9.5853290e-03 -7.8664765e-03 3.0266700e-01
  vertex -9.1877950e-03 -8.3273320e-03 3.0266700e-01
  vertex -1.1595157e-02 -9.5159000e-03 3.0266700e-01
 endloop
endfacet
facet normal 0.000000e+00 0.000000e+00 -1.000000e+00
 outer loop
  vertex -1.1114266e-02 -1.0073384e-02 3.0266700e-01
  vertex -8.7681250e-03 -8.7681250e-03 3.0266700e-01
  vertex -1.0606602e-02 -1.0606602e-02 3.0266700e-01
 endloop
endfacet
facet normal 0.000000e+00 -0.000000e+00 -1.000000e+00
 outer loop
  vertex -9.1877950e-03 -8.3273320e-03 3.0266700e-01
  vertex -8.7681250e-03 -8.7681250e-03 3.0266700e-01
  vertex -1.1114266e-02 -1.0073384e-02 3.0266700e-01
 endloop
endfacet
facet normal 0.000000e+00 0.000000e+00 -1.000000e+00
 outer loop
  vertex -1.0606602e-02 -1.0606602e-02 3.0266700e-01
  vertex -8.3273320e-03 -9.1877950e-03 3.0266700e-01
  vertex -1.0073384e-02 -1.1114266e-02 3.0266700e-01
 endloop
endfacet
facet normal 0.000000e+00 -0.000000e+00 -1.000000e+00
 outer loop
  vertex -8.7681250e-03 -8.7681250e-03 3.0266700e-01
  vertex -8.3273320e-03 -9.1877950e-03 3.0266700e-01
  vertex -1.0606602e-02 -1.0606602e-02 3.0266700e-01
 endloop
endfacet
facet normal 0.000000e+00 0.000000e+00 -1.000000e+00
 outer loop
  vertex -1.0073384e-02 -1.1114266e-02 3.0266700e-01
  vertex -7.8664765e-03 -9.5853290e-03 3.0266700e-01
  vertex -9.5159000e-03 -1.1595157e-02 3.0266700e-01
 endloop
endfacet
facet normal 0.000000e+00 -0.000000e+00 -1.000000e+00
 outer loop
  vertex -8.3273320e-03 -9.1877950e-03 3.0266700e-01
  vertex -7.8664765e-03 -9.5853290e-03 3.0266700e-01
  vertex -1.0073384e-02 -1.1114266e-02 3.0266700e-01
 endloop
endfacet
facet normal 0.000000e+00 0.000000e+00 -1.000000e+00
 outer loop
  vertex -9.5159000e-03 -1.1595157e-02 3.0266700e-01
  vertex -7.3866715e-03 -9.9597730e-03 3.0266700e-01
  vertex -8.9354900e-03 -1.2048113e-02 3.0266700e-01
 endloop
endfacet
facet normal 0.000000e+00 -0.000000e+00 -1.000000e+00
 outer loop
  vertex -7.8664765e-03 -9.5853290e-03 3.0266700e-01
  vertex -7.3866715e-03 -9.9597730e-03 3.0266700e-01
  vertex -9.5159000e-03 -1.1595157e-02 3.0266700e-01
 endloop
endfacet
facet normal 0.000000e+00 0.000000e+00 -1.000000e+00
 outer loop
  vertex -8.9354900e-03 -1.2048113e-02 3.0266700e-01
  vertex -6.8890710e-03 -1.0310224e-02 3.0266700e-01
  vertex -8.3335530e-03 -1.2472044e-02 3.0266700e-01
 endloop
endfacet
facet normal 0.000000e+00 -0.000000e+00 -1.000000e+00
 outer loop
  vertex -7.3866715e-03 -9.9597730e-03 3.0266700e-01
  vertex -6.8890710e-03 -1.0310224e-02 3.0266700e-01
  vertex -8.9354900e-03 -1.2048113e-02 3.0266700e-01
 endloop
endfacet
facet normal 0.000000e+00 0.000000e+00 -1.000000e+00
 outer loop
  vertex -8.3335530e-03 -1.2472044e-02 3.0266700e-01
  vertex -6.3748740e-03 -1.0635835e-02 3.0266700e-01
  vertex -7.7115410e-03 -1.2865929e-02 3.0266700e-01
 endloop
endfacet
facet normal 0.000000e+00 -0.000000e+00 -1.000000e+00
 outer loop
  vertex -6.8890710e-03 -1.0310224e-02 3.0266700e-01
  vertex -6.3748740e-03 -1.0635835e-02 3.0266700e-01
  vertex -8.3335530e-03 -1.2472044e-02 3.0266700e-01
 endloop
endfacet
facet normal 0.000000e+00 0.000000e+00 -1.000000e+00
 outer loop
  vertex -7.7115410e-03 -1.2865929e-02 3.0266700e-01
  vertex -5.8453193e-03 -1.0935823e-02 3.0266700e-01
  vertex -7.0709510e-03 -1.3228819e-02 3.0266700e-01
 endloop
endfacet
facet normal 0.000000e+00 -0.000000e+00 -1.000000e+00
 outer loop
  vertex -6.3748740e-03 -1.0635835e-02 3.0266700e-01
  vertex -5.8453193e-03 -1.0935823e-02 3.0266700e-01
  vertex -7.7115410e-03 -1.2865929e-02 3.0266700e-01
 endloop
endfacet
facet normal 0.000000e+00 0.000000e+00 -1.000000e+00
 outer loop
  vertex -7.0709510e-03 -1.3228819e-02 3.0266700e-01
  vertex -5.3016834e-03 -1.1209468e-02 3.0266700e-01
  vertex -6.4133267e-03 -1.3559839e-02 3.0266700e-01
 endloop
endfacet
facet normal 0.000000e+00 -0.000000e+00 -1.000000e+00
 outer loop
  vertex -5.8453193e-03 -1.0935823e-02 3.0266700e-01
  vertex -5.3016834e-03 -1.1209468e-02 3.0266700e-01
  vertex -7.0709510e-03 -1.3228819e-02 3.0266700e-01
 endloop
endfacet
facet normal 0.000000e+00 0.000000e+00 -1.000000e+00
 outer loop
  vertex -6.4133267e-03 -1.3559839e-02 3.0266700e-01
  vertex -4.7452745e-03 -1.1456106e-02 3.0266700e-01
  vertex -5.7402515e-03 -1.3858192e-02 3.0266700e-01
 endloop
endfacet
facet normal 0.000000e+00 -0.000000e+00 -1.000000e+00
 outer loop
  vertex -5.3016834e-03 -1.1209468e-02 3.0266700e-01
  vertex -4.7452745e-03 -1.1456106e-02 3.0266700e-01
  vertex -6.4133267e-03 -1.3559839e-02 3.0266700e-01
 endloop
endfacet
facet normal 0.000000e+00 0.000000e+00 -1.000000e+00
 outer loop
  vertex -5.7402515e-03 -1.3858192e-02 3.0266700e-01
  vertex -4.1774344e-03 -1.1675146e-02 3.0266700e-01
  vertex -5.0533480e-03 -1.4123161e-02 3.0266700e-01
 endloop
endfacet
facet normal 0.000000e+00 -0.000000e+00 -1.000000e+00
 outer loop
  vertex -4.7452745e-03 -1.1456106e-02 3.0266700e-01
  vertex -4.1774344e-03 -1.1675146e-02 3.0266700e-01
  vertex -5.7402515e-03 -1.3858192e-02 3.0266700e-01
 endloop
endfacet
facet normal 0.000000e+00 0.000000e+00 -1.000000e+00
 outer loop
  vertex -5.0533480e-03 -1.4123161e-02 3.0266700e-01
  vertex -3.5995300e-03 -1.1866060e-02 3.0266700e-01
  vertex -4.3542700e-03 -1.4354105e-02 3.0266700e-01
 endloop
endfacet
facet normal 0.000000e+00 -0.000000e+00 -1.000000e+00
 outer loop
  vertex -4.1774344e-03 -1.1675146e-02 3.0266700e-01
  vertex -3.5995300e-03 -1.1866060e-02 3.0266700e-01
  vertex -5.0533480e-03 -1.4123161e-02 3.0266700e-01
 endloop
endfacet
facet normal 0.000000e+00 0.000000e+00 -1.000000e+00
 outer loop
  vertex -4.3542700e-03 -1.4354105e-02 3.0266700e-01
  vertex -3.0129542e-03 -1.2028388e-02 3.0266700e-01
  vertex -3.6447027e-03 -1.4550468e-02 3.0266700e-01
 endloop
endfacet
facet normal 0.000000e+00 -0.000000e+00 -1.000000e+00
 outer loop
  vertex -3.5995300e-03 -1.1866060e-02 3.0266700e-01
  vertex -3.0129542e-03 -1.2028388e-02 3.0266700e-01
  vertex -4.3542700e-03 -1.4354105e-02 3.0266700e-01
 endloop
endfacet
facet normal 0.000000e+00 0.000000e+00 -1.000000e+00
 outer loop
  vertex -3.6447027e-03 -1.4550468e-02 3.0266700e-01
  vertex -2.4191198e-03 -1.2161737e-02 3.0266700e-01
  vertex -2.9263546e-03 -1.4711780e-02 3.0266700e-01
 endloop
endfacet
facet normal 0.000000e+00 -0.000000e+00 -1.000000e+00
 outer loop
  vertex -3.0129542e-03 -1.2028388e-02 3.0266700e-01
  vertex -2.4191198e-03 -1.2161737e-02 3.0266700e-01
  vertex -3.6447027e-03 -1.4550468e-02 3.0266700e-01
 endloop
endfacet
facet normal 0.000000e+00 0.000000e+00 -1.000000e+00
 outer loop
  vertex -2.9263546e-03 -1.4711780e-02 3.0266700e-01
  vertex -1.8194579e-03 -1.2265788e-02 3.0266700e-01
  vertex -2.2009570e-03 -1.4837647e-02 3.0266700e-01
 endloop
endfacet
facet normal 0.000000e+00 -0.000000e+00 -1.000000e+00
 outer loop
  vertex -2.4191198e-03 -1.2161737e-02 3.0266700e-01
  vertex -1.8194579e-03 -1.2265788e-02 3.0266700e-01
  vertex -2.9263546e-03 -1.4711780e-02 3.0266700e-01
 endloop
endfacet
facet normal 0.000000e+00 0.000000e+00 -1.000000e+00
 outer loop
  vertex -2.2009570e-03 -1.4837647e-02 3.0266700e-01
  vertex -1.2154125e-03 -1.2340290e-02 3.0266700e-01
  vertex -1.4702570e-03 -1.4927771e-02 3.0266700e-01
 endloop
endfacet
facet normal 0.000000e+00 -0.000000e+00 -1.000000e+00
 outer loop
  vertex -1.8194579e-03 -1.2265788e-02 3.0266700e-01
  vertex -1.2154125e-03 -1.2340290e-02 3.0266700e-01
  vertex -2.2009570e-03 -1.4837647e-02 3.0266700e-01
 endloop
endfacet
facet normal 0.000000e+00 0.000000e+00 -1.000000e+00
 outer loop
  vertex -1.4702570e-03 -1.4927771e-02 3.0266700e-01
  vertex -6.0843915e-04 -1.2385064e-02 3.0266700e-01
  vertex -7.3601510e-04 -1.4981932e-02 3.0266700e-01
 endloop
endfacet
facet normal 0.000000e+00 -0.000000e+00 -1.000000e+00
 outer loop
  vertex -1.2154125e-03 -1.2340290e-02 3.0266700e-01
  vertex -6.0843915e-04 -1.2385064e-02 3.0266700e-01
  vertex -1.4702570e-03 -1.4927771e-02 3.0266700e-01
 endloop
endfacet
facet normal 0.000000e+00 0.000000e+00 -1.000000e+00
 outer loop
  vertex -7.3601510e-04 -1.4981932e-02 3.0266700e-01
  vertex 0.0000000e+00 -1.2400001e-02 3.0266700e-01
  vertex -9.1848520e-19 -1.5000000e-02 3.0266700e-01
 endloop
endfacet
facet normal 0.000000e+00 -0.000000e+00 -1.000000e+00
 outer loop
  vertex -6.0843915e-04 -1.2385064e-02 3.0266700e-01
  vertex 0.0000000e+00 -1.2400001e-02 3.0266700e-01
  vertex -7.3601510e-04 -1.4981932e-02 3.0266700e-01
 endloop
endfacet
facet normal 0.000000e+00 0.000000e+00 -1.000000e+00
 outer loop
  vertex -9.1848520e-19 -1.5000000e-02 3.0266700e-01
  vertex 6.0843915e-04 -1.2385064e-02 3.0266700e-01
  vertex 7.3601510e-04 -1.4981932e-02 3.0266700e-01
 endloop
endfacet
facet normal 0.000000e+00 -0.000000e+00 -1.000000e+00
 outer loop
  vertex 0.0000000e+00 -1.2400001e-02 3.0266700e-01
  vertex 6.0843915e-04 -1.2385064e-02 3.0266700e-01
  vertex -9.1848520e-19 -1.5000000e-02 3.0266700e-01
 endloop
endfacet
facet normal 0.000000e+00 0.000000e+00 -1.000000e+00
 outer loop
  vertex 7.3601510e-04 -1.4981932e-02 3.0266700e-01
  vertex 1.2154125e-03 -1.2340290e-02 3.0266700e-01
  vertex 1.4702570e-03 -1.4927771e-02 3.0266700e-01
 endloop
endfacet
facet normal 0.000000e+00 0.000000e+00 -1.000000e+00
 outer loop
  vertex 6.0843915e-04 -1.2385064e-02 3.0266700e-01
  vertex 1.2154125e-03 -1.2340290e-02 3.0266700e-01
  vertex 7.3601510e-04 -1.4981932e-02 3.0266700e-01
 endloop
endfacet
facet normal 0.000000e+00 0.000000e+00 -1.000000e+00
 outer loop
  vertex 1.4702570e-03 -1.4927771e-02 3.0266700e-01
  vertex 1.8194579e-03 -1.2265788e-02 3.0266700e-01
  vertex 2.2009570e-03 -1.4837647e-02 3.0266700e-01
 endloop
endfacet
facet normal 0.000000e+00 0.000000e+00 -1.000000e+00
 outer loop
  vertex 1.2154125e-03 -1.2340290e-02 3.0266700e-01
  vertex 1.8194579e-03 -1.2265788e-02 3.0266700e-01
  vertex 1.4702570e-03 -1.4927771e-02 3.0266700e-01
 endloop
endfacet
facet normal 0.000000e+00 0.000000e+00 -1.000000e+00
 outer loop
  vertex 2.2009570e-03 -1.4837647e-02 3.0266700e-01
  vertex 2.4191198e-03 -1.2161737e-02 3.0266700e-01
  vertex 2.9263546e-03 -1.4711780e-02 3.0266700e-01
 endloop
endfacet
facet normal 0.000000e+00 0.000000e+00 -1.000000e+00
 outer loop
  vertex 1.8194579e-03 -1.2265788e-02 3.0266700e-01
  vertex 2.4191198e-03 -1.2161737e-02 3.0266700e-01
  vertex 2.2009570e-03 -1.4837647e-02 3.0266700e-01
 endloop
endfacet
facet normal 0.000000e+00 0.000000e+00 -1.000000e+00
 outer loop
  vertex 2.9263546e-03 -1.4711780e-02 3.0266700e-01
  vertex 3.0129542e-03 -1.2028388e-02 3.0266700e-01
  vertex 3.6447027e-03 -1.4550468e-02 3.0266700e-01
 endloop
endfacet
facet normal 0.000000e+00 0.000000e+00 -1.000000e+00
 outer loop
  vertex 2.4191198e-03 -1.2161737e-02 3.0266700e-01
  vertex 3.0129542e-03 -1.2028388e-02 3.0266700e-01
  vertex 2.9263546e-03 -1.4711780e-02 3.0266700e-01
 endloop
endfacet
facet normal 0.000000e+00 0.000000e+00 -1.000000e+00
 outer loop
  vertex 3.6447027e-03 -1.4550468e-02 3.0266700e-01
  vertex 3.5995300e-03 -1.1866060e-02 3.0266700e-01
  vertex 4.3542700e-03 -1.4354105e-02 3.0266700e-01
 endloop
endfacet
facet normal 0.000000e+00 0.000000e+00 -1.000000e+00
 outer loop
  vertex 3.0129542e-03 -1.2028388e-02 3.0266700e-01
  vertex 3.5995300e-03 -1.1866060e-02 3.0266700e-01
  vertex 3.6447027e-03 -1.4550468e-02 3.0266700e-01
 endloop
endfacet
facet normal 0.000000e+00 0.000000e+00 -1.000000e+00
 outer loop
  vertex 4.3542700e-03 -1.4354105e-02 3.0266700e-01
  vertex 4.1774344e-03 -1.1675146e-02 3.0266700e-01
  vertex 5.0533480e-03 -1.4123161e-02 3.0266700e-01
 endloop
endfacet
facet normal 0.000000e+00 0.000000e+00 -1.000000e+00
 outer loop
  vertex 3.5995300e-03 -1.1866060e-02 3.0266700e-01
  vertex 4.1774344e-03 -1.1675146e-02 3.0266700e-01
  vertex 4.3542700e-03 -1.4354105e-02 3.0266700e-01
 endloop
endfacet
facet normal 0.000000e+00 0.000000e+00 -1.000000e+00
 outer loop
  vertex 5.0533480e-03 -1.4123161e-02 3.0266700e-01
  vertex 4.7452745e-03 -1.1456106e-02 3.0266700e-01
  vertex 5.7402515e-03 -1.3858192e-02 3.0266700e-01
 endloop
endfacet
facet normal 0.000000e+00 0.000000e+00 -1.000000e+00
 outer loop
  vertex 4.1774344e-03 -1.1675146e-02 3.0266700e-01
  vertex 4.7452745e-03 -1.1456106e-02 3.0266700e-01
  vertex 5.0533480e-03 -1.4123161e-02 3.0266700e-01
 endloop
endfacet
facet normal 0.000000e+00 0.000000e+00 -1.000000e+00
 outer loop
  vertex 5.7402515e-03 -1.3858192e-02 3.0266700e-01
  vertex 5.3016834e-03 -1.1209468e-02 3.0266700e-01
  vertex 6.4133267e-03 -1.3559839e-02 3.0266700e-01
 endloop
endfacet
facet normal 0.000000e+00 0.000000e+00 -1.000000e+00
 outer loop
  vertex 4.7452745e-03 -1.1456106e-02 3.0266700e-01
  vertex 5.3016834e-03 -1.1209468e-02 3.0266700e-01
  vertex 5.7402515e-03 -1.3858192e-02 3.0266700e-01
 endloop
endfacet
facet normal 0.000000e+00 0.000000e+00 -1.000000e+00
 outer loop
  vertex 6.4133267e-03 -1.3559839e-02 3.0266700e-01
  vertex 5.8453193e-03 -1.0935823e-02 3.0266700e-01
  vertex 7.0709510e-03 -1.3228819e-02 3.0266700e-01
 endloop
endfacet
facet normal 0.000000e+00 0.000000e+00 -1.000000e+00
 outer loop
  vertex 5.3016834e-03 -1.1209468e-02 3.0266700e-01
  vertex 5.8453193e-03 -1.0935823e-02 3.0266700e-01
  vertex 6.4133267e-03 -1.3559839e-02 3.0266700e-01
 endloop
endfacet
facet normal 0.000000e+00 0.000000e+00 -1.000000e+00
 outer loop
  vertex 7.0709510e-03 -1.3228819e-02 3.0266700e-01
  vertex 6.3748740e-03 -1.0635835e-02 3.0266700e-01
  vertex 7.7115410e-03 -1.2865929e-02 3.0266700e-01
 endloop
endfacet
facet normal 0.000000e+00 0.000000e+00 -1.000000e+00
 outer loop
  vertex 5.8453193e-03 -1.0935823e-02 3.0266700e-01
  vertex 6.3748740e-03 -1.0635835e-02 3.0266700e-01
  vertex 7.0709510e-03 -1.3228819e-02 3.0266700e-01
 endloop
endfacet
facet normal 0.000000e+00 0.000000e+00 -1.000000e+00
 outer loop
  vertex 7.7115410e-03 -1.2865929e-02 3.0266700e-01
  vertex 6.8890710e-03 -1.0310224e-02 3.0266700e-01
  vertex 8.3335530e-03 -1.2472044e-02 3.0266700e-01
 endloop
endfacet
facet normal 0.000000e+00 0.000000e+00 -1.000000e+00
 outer loop
  vertex 6.3748740e-03 -1.0635835e-02 3.0266700e-01
  vertex 6.8890710e-03 -1.0310224e-02 3.0266700e-01
  vertex 7.7115410e-03 -1.2865929e-02 3.0266700e-01
 endloop
endfacet
facet normal 0.000000e+00 0.000000e+00 -1.000000e+00
 outer loop
  vertex 8.3335530e-03 -1.2472044e-02 3.0266700e-01
  vertex 7.3866715e-03 -9.9597730e-03 3.0266700e-01
  vertex 8.9354900e-03 -1.2048113e-02 3.0266700e-01
 endloop
endfacet
facet normal 0.000000e+00 0.000000e+00 -1.000000e+00
 outer loop
  vertex 6.8890710e-03 -1.0310224e-02 3.0266700e-01
  vertex 7.3866715e-03 -9.9597730e-03 3.0266700e-01
  vertex 8.3335530e-03 -1.2472044e-02 3.0266700e-01
 endloop
endfacet
facet normal 0.000000e+00 0.000000e+00 -1.000000e+00
 outer loop
  vertex 8.9354900e-03 -1.2048113e-02 3.0266700e-01
  vertex 7.8664765e-03 -9.5853290e-03 3.0266700e-01
  vertex 9.5159000e-03 -1.1595157e-02 3.0266700e-01
 endloop
endfacet
facet normal 0.000000e+00 0.000000e+00 -1.000000e+00
 outer loop
  vertex 7.3866715e-03 -9.9597730e-03 3.0266700e-01
  vertex 7.8664765e-03 -9.5853290e-03 3.0266700e-01
  vertex 8.9354900e-03 -1.2048113e-02 3.0266700e-01
 endloop
endfacet
facet normal 0.000000e+00 0.000000e+00 -1.000000e+00
 outer loop
  vertex 9.5159000e-03 -1.1595157e-02 3.0266700e-01
  vertex 8.3273320e-03 -9.1877950e-03 3.0266700e-01
  vertex 1.0073384e-02 -1.1114266e-02 3.0266700e-01
 endloop
endfacet
facet normal 0.000000e+00 0.000000e+00 -1.000000e+00
 outer loop
  vertex 7.8664765e-03 -9.5853290e-03 3.0266700e-01
  vertex 8.3273320e-03 -9.1877950e-03 3.0266700e-01
  vertex 9.5159000e-03 -1.1595157e-02 3.0266700e-01
 endloop
endfacet
facet normal 0.000000e+00 0.000000e+00 -1.000000e+00
 outer loop
  vertex 1.0073384e-02 -1.1114266e-02 3.0266700e-01
  vertex 8.7681250e-03 -8.7681250e-03 3.0266700e-01
  vertex 1.0606602e-02 -1.0606602e-02 3.0266700e-01
 endloop
endfacet
facet normal 0.000000e+00 0.000000e+00 -1.000000e+00
 outer loop
  vertex 8.3273320e-03 -9.1877950e-03 3.0266700e-01
  vertex 8.7681250e-03 -8.7681250e-03 3.0266700e-01
  vertex 1.0073384e-02 -1.1114266e-02 3.0266700e-01
 endloop
endfacet
facet normal 0.000000e+00 0.000000e+00 -1.000000e+00
 outer loop
  vertex 1.0606602e-02 -1.0606602e-02 3.0266700e-01
  vertex 9.1877950e-03 -8.3273320e-03 3.0266700e-01
  vertex 1.1114266e-02 -1.0073384e-02 3.0266700e-01
 endloop
endfacet
facet normal 0.000000e+00 0.000000e+00 -1.000000e+00
 outer loop
  vertex 8.7681250e-03 -8.7681250e-03 3.0266700e-01
  vertex 9.1877950e-03 -8.3273320e-03 3.0266700e-01
  vertex 1.0606602e-02 -1.0606602e-02 3.0266700e-01
 endloop
endfacet
facet normal 0.000000e+00 0.000000e+00 -1.000000e+00
 outer loop
  vertex 1.1114266e-02 -1.0073384e-02 3.0266700e-01
  vertex 9.5853290e-03 -7.8664765e-03 3.0266700e-01
  vertex 1.1595157e-02 -9.5159000e-03 3.0266700e-01
 endloop
endfacet
facet normal 0.000000e+00 0.000000e+00 -1.000000e+00
 outer loop
  vertex 9.1877950e-03 -8.3273320e-03 3.0266700e-01
  vertex 9.5853290e-03 -7.8664765e-03 3.0266700e-01
  vertex 1.1114266e-02 -1.0073384e-02 3.0266700e-01
 endloop
endfacet
facet normal 0.000000e+00 0.000000e+00 -1.000000e+00
 outer loop
  vertex 1.1595157e-02 -9.5159000e-03 3.0266700e-01
  vertex 9.9597730e-03 -7.3866715e-03 3.0266700e-01
  vertex 1.2048113e-02 -8.9354900e-03 3.0266700e-01
 endloop
endfacet
facet normal 0.000000e+00 0.000000e+00 -1.000000e+00
 outer loop
  vertex 9.5853290e-03 -7.8664765e-03 3.0266700e-01
  vertex 9.9597730e-03 -7.3866715e-03 3.0266700e-01
  vertex 1.1595157e-02 -9.5159000e-03 3.0266700e-01
 endloop
endfacet
facet normal 0.000000e+00 0.000000e+00 -1.000000e+00
 outer loop
  vertex 1.2048113e-02 -8.9354900e-03 3.0266700e-01
  vertex 1.0310224e-02 -6.8890710e-03 3.0266700e-01
  vertex 1.2472044e-02 -8.3335530e-03 3.0266700e-01
 endloop
endfacet
facet normal 0.000000e+00 0.000000e+00 -1.000000e+00
 outer loop
  vertex 9.9597730e-03 -7.3866715e-03 3.0266700e-01
  vertex 1.0310224e-02 -6.8890710e-03 3.0266700e-01
  vertex 1.2048113e-02 -8.9354900e-03 3.0266700e-01
 endloop
endfacet
facet normal 0.000000e+00 0.000000e+00 -1.000000e+00
 outer loop
  vertex 1.2472044e-02 -8.3335530e-03 3.0266700e-01
  vertex 1.0635835e-02 -6.3748740e-03 3.0266700e-01
  vertex 1.2865929e-02 -7.7115410e-03 3.0266700e-01
 endloop
endfacet
facet normal 0.000000e+00 0.000000e+00 -1.000000e+00
 outer loop
  vertex 1.0310224e-02 -6.8890710e-03 3.0266700e-01
  vertex 1.0635835e-02 -6.3748740e-03 3.0266700e-01
  vertex 1.2472044e-02 -8.3335530e-03 3.0266700e-01
 endloop
endfacet
facet normal 0.000000e+00 0.000000e+00 -1.000000e+00
 outer loop
  vertex 1.2865929e-02 -7.7115410e-03 3.0266700e-01
  vertex 1.0935823e-02 -5.8453193e-03 3.0266700e-01
  vertex 1.3228819e-02 -7.0709510e-03 3.0266700e-01
 endloop
endfacet
facet normal 0.000000e+00 0.000000e+00 -1.000000e+00
 outer loop
  vertex 1.0635835e-02 -6.3748740e-03 3.0266700e-01
  vertex 1.0935823e-02 -5.8453193e-03 3.0266700e-01
  vertex 1.2865929e-02 -7.7115410e-03 3.0266700e-01
 endloop
endfacet
facet normal 0.000000e+00 0.000000e+00 -1.000000e+00
 outer loop
  vertex 1.3228819e-02 -7.0709510e-03 3.0266700e-01
  vertex 1.1209468e-02 -5.3016834e-03 3.0266700e-01
  vertex 1.3559839e-02 -6.4133267e-03 3.0266700e-01
 endloop
endfacet
facet normal 0.000000e+00 0.000000e+00 -1.000000e+00
 outer loop
  vertex 1.0935823e-02 -5.8453193e-03 3.0266700e-01
  vertex 1.1209468e-02 -5.3016834e-03 3.0266700e-01
  vertex 1.3228819e-02 -7.0709510e-03 3.0266700e-01
 endloop
endfacet
facet normal 0.000000e+00 0.000000e+00 -1.000000e+00
 outer loop
  vertex 1.3559839e-02 -6.4133267e-03 3.0266700e-01
  vertex 1.1456106e-02 -4.7452745e-03 3.0266700e-01
  vertex 1.3858192e-02 -5.7402515e-03 3.0266700e-01
 endloop
endfacet
facet normal 0.000000e+00 0.000000e+00 -1.000000e+00
 outer loop
  vertex 1.1209468e-02 -5.3016834e-03 3.0266700e-01
  vertex 1.1456106e-02 -4.7452745e-03 3.0266700e-01
  vertex 1.3559839e-02 -6.4133267e-03 3.0266700e-01
 endloop
endfacet
facet normal 0.000000e+00 0.000000e+00 -1.000000e+00
 outer loop
  vertex 1.3858192e-02 -5.7402515e-03 3.0266700e-01
  vertex 1.1675146e-02 -4.1774344e-03 3.0266700e-01
  vertex 1.4123161e-02 -5.0533480e-03 3.0266700e-01
 endloop
endfacet
facet normal 0.000000e+00 0.000000e+00 -1.000000e+00
 outer loop
  vertex 1.1456106e-02 -4.7452745e-03 3.0266700e-01
  vertex 1.1675146e-02 -4.1774344e-03 3.0266700e-01
  vertex 1.3858192e-02 -5.7402515e-03 3.0266700e-01
 endloop
endfacet
facet normal 0.000000e+00 0.000000e+00 -1.000000e+00
 outer loop
  vertex 1.4123161e-02 -5.0533480e-03 3.0266700e-01
  vertex 1.1866060e-02 -3.5995300e-03 3.0266700e-01
  vertex 1.4354105e-02 -4.3542700e-03 3.0266700e-01
 endloop
endfacet
facet normal 0.000000e+00 0.000000e+00 -1.000000e+00
 outer loop
  vertex 1.1675146e-02 -4.1774344e-03 3.0266700e-01
  vertex 1.1866060e-02 -3.5995300e-03 3.0266700e-01
  vertex 1.4123161e-02 -5.0533480e-03 3.0266700e-01
 endloop
endfacet
facet normal 0.000000e+00 0.000000e+00 -1.000000e+00
 outer loop
  vertex 1.4354105e-02 -4.3542700e-03 3.0266700e-01
  vertex 1.2028388e-02 -3.0129542e-03 3.0266700e-01
  vertex 1.4550468e-02 -3.6447027e-03 3.0266700e-01
 endloop
endfacet
facet normal 0.000000e+00 0.000000e+00 -1.000000e+00
 outer loop
  vertex 1.1866060e-02 -3.5995300e-03 3.0266700e-01
  vertex 1.2028388e-02 -3.0129542e-03 3.0266700e-01
  vertex 1.4354105e-02 -4.3542700e-03 3.0266700e-01
 endloop
endfacet
facet normal 0.000000e+00 0.000000e+00 -1.000000e+00
 outer loop
  vertex 1.4550468e-02 -3.6447027e-03 3.0266700e-01
  vertex 1.2161737e-02 -2.4191198e-03 3.0266700e-01
  vertex 1.4711780e-02 -2.9263546e-03 3.0266700e-01
 endloop
endfacet
facet normal 0.000000e+00 0.000000e+00 -1.000000e+00
 outer loop
  vertex 1.2028388e-02 -3.0129542e-03 3.0266700e-01
  vertex 1.2161737e-02 -2.4191198e-03 3.0266700e-01
  vertex 1.4550468e-02 -3.6447027e-03 3.0266700e-01
 endloop
endfacet
facet normal 0.000000e+00 0.000000e+00 -1.000000e+00
 outer loop
  vertex 1.4711780e-02 -2.9263546e-03 3.0266700e-01
  vertex 1.2265788e-02 -1.8194579e-03 3.0266700e-01
  vertex 1.4837647e-02 -2.2009570e-03 3.0266700e-01
 endloop
endfacet
facet normal 0.000000e+00 0.000000e+00 -1.000000e+00
 outer loop
  vertex 1.2161737e-02 -2.4191198e-03 3.0266700e-01
  vertex 1.2265788e-02 -1.8194579e-03 3.0266700e-01
  vertex 1.4711780e-02 -2.9263546e-03 3.0266700e-01
 endloop
endfacet
facet normal 0.000000e+00 0.000000e+00 -1.000000e+00
 outer loop
  vertex 1.4837647e-02 -2.2009570e-03 3.0266700e-01
  vertex 1.2340290e-02 -1.2154125e-03 3.0266700e-01
  vertex 1.4927771e-02 -1.4702570e-03 3.0266700e-01
 endloop
endfacet
facet normal 0.000000e+00 0.000000e+00 -1.000000e+00
 outer loop
  vertex 1.2265788e-02 -1.8194579e-03 3.0266700e-01
  vertex 1.2340290e-02 -1.2154125e-03 3.0266700e-01
  vertex 1.4837647e-02 -2.2009570e-03 3.0266700e-01
 endloop
endfacet
facet normal 0.000000e+00 0.000000e+00 -1.000000e+00
 outer loop
  vertex 1.4927771e-02 -1.4702570e-03 3.0266700e-01
  vertex 1.2385064e-02 -6.0843915e-04 3.0266700e-01
  vertex 1.4981932e-02 -7.3601510e-04 3.0266700e-01
 endloop
endfacet
facet normal 0.000000e+00 0.000000e+00 -1.000000e+00
 outer loop
  vertex 1.2340290e-02 -1.2154125e-03 3.0266700e-01
  vertex 1.2385064e-02 -6.0843915e-04 3.0266700e-01
  vertex 1.4927771e-02 -1.4702570e-03 3.0266700e-01
 endloop
endfacet
facet normal 0.000000e+00 0.000000e+00 -1.000000e+00
 outer loop
  vertex 1.4981932e-02 -7.3601510e-04 3.0266700e-01
  vertex 1.2400001e-02 -0.0000000e+00 3.0266700e-01
  vertex 1.5000000e-02 -0.0000000e+00 3.0266700e-01
 endloop
endfacet
facet normal 0.000000e+00 0.000000e+00 -1.000000e+00
 outer loop
  vertex 1.2385064e-02 -6.0843915e-04 3.0266700e-01
  vertex 1.2400001e-02 -0.0000000e+00 3.0266700e-01
  vertex 1.4981932e-02 -7.3601510e-04 3.0266700e-01
 endloop
endfacet
facet normal 0.000000e+00 0.000000e+00 -1.000000e+00
 outer loop
  vertex 1.5000000e-02 -0.0000000e+00 3.0266700e-01
  vertex 1.2385064e-02 6.0843915e-04 3.0266700e-01
  vertex 1.4981932e-02 7.3601510e-04 3.0266700e-01
 endloop
endfacet
facet normal 0.000000e+00 0.000000e+00 -1.000000e+00
 outer loop
  vertex 1.2400001e-02 -0.0000000e+00 3.0266700e-01
  vertex 1.2385064e-02 6.0843915e-04 3.0266700e-01
  vertex 1.5000000e-02 -0.0000000e+00 3.0266700e-01
 endloop
endfacet
facet normal 0.000000e+00 0.000000e+00 -1.000000e+00
 outer loop
  vertex 1.4981932e-02 7.3601510e-04 3.0266700e-01
  vertex 1.2340290e-02 1.2154125e-03 3.0266700e-01
  vertex 1.4927771e-02 1.4702570e-03 3.0266700e-01
 endloop
endfacet
facet normal 0.000000e+00 0.000000e+00 -1.000000e+00
 outer loop
  vertex 1.2385064e-02 6.0843915e-04 3.0266700e-01
  vertex 1.2340290e-02 1.2154125e-03 3.0266700e-01
  vertex 1.4981932e-02 7.3601510e-04 3.0266700e-01
 endloop
endfacet
facet normal 0.000000e+00 0.000000e+00 -1.000000e+00
 outer loop
  vertex 1.4927771e-02 1.4702570e-03 3.0266700e-01
  vertex 1.2265788e-02 1.8194579e-03 3.0266700e-01
  vertex 1.4837647e-02 2.2009570e-03 3.0266700e-01
 endloop
endfacet
facet normal 0.000000e+00 0.000000e+00 -1.000000e+00
 outer loop
  vertex 1.2340290e-02 1.2154125e-03 3.0266700e-01
  vertex 1.2265788e-02 1.8194579e-03 3.0266700e-01
  vertex 1.4927771e-02 1.4702570e-03 3.0266700e-01
 endloop
endfacet
facet normal 0.000000e+00 0.000000e+00 -1.000000e+00
 outer loop
  vertex 1.4837647e-02 2.2009570e-03 3.0266700e-01
  vertex 1.2161737e-02 2.4191198e-03 3.0266700e-01
  vertex 1.4711780e-02 2.9263546e-03 3.0266700e-01
 endloop
endfacet
facet normal 0.000000e+00 0.000000e+00 -1.000000e+00
 outer loop
  vertex 1.2265788e-02 1.8194579e-03 3.0266700e-01
  vertex 1.2161737e-02 2.4191198e-03 3.0266700e-01
  vertex 1.4837647e-02 2.2009570e-03 3.0266700e-01
 endloop
endfacet
facet normal 0.000000e+00 0.000000e+00 -1.000000e+00
 outer loop
  vertex 1.4711780e-02 2.9263546e-03 3.0266700e-01
  vertex 1.2028388e-02 3.0129542e-03 3.0266700e-01
  vertex 1.4550468e-02 3.6447027e-03 3.0266700e-01
 endloop
endfacet
facet normal 0.000000e+00 0.000000e+00 -1.000000e+00
 outer loop
  vertex 1.2161737e-02 2.4191198e-03 3.0266700e-01
  vertex 1.2028388e-02 3.0129542e-03 3.0266700e-01
  vertex 1.4711780e-02 2.9263546e-03 3.0266700e-01
 endloop
endfacet
facet normal -0.000000e+00 0.000000e+00 -1.000000e+00
 outer loop
  vertex 1.4550468e-02 3.6447027e-03 3.0266700e-01
  vertex 1.1866060e-02 3.5995300e-03 3.0266700e-01
  vertex 1.4354105e-02 4.3542700e-03 3.0266700e-01
 endloop
endfacet
facet normal 0.000000e+00 0.000000e+00 -1.000000e+00
 outer loop
  vertex 1.2028388e-02 3.0129542e-03 3.0266700e-01
  vertex 1.1866060e-02 3.5995300e-03 3.0266700e-01
  vertex 1.4550468e-02 3.6447027e-03 3.0266700e-01
 endloop
endfacet
facet normal -0.000000e+00 0.000000e+00 -1.000000e+00
 outer loop
  vertex 1.4354105e-02 4.3542700e-03 3.0266700e-01
  vertex 1.1675146e-02 4.1774344e-03 3.0266700e-01
  vertex 1.4123161e-02 5.0533480e-03 3.0266700e-01
 endloop
endfacet
facet normal 0.000000e+00 0.000000e+00 -1.000000e+00
 outer loop
  vertex 1.1866060e-02 3.5995300e-03 3.0266700e-01
  vertex 1.1675146e-02 4.1774344e-03 3.0266700e-01
  vertex 1.4354105e-02 4.3542700e-03 3.0266700e-01
 endloop
endfacet
facet normal -0.000000e+00 0.000000e+00 -1.000000e+00
 outer loop
  vertex 1.4123161e-02 5.0533480e-03 3.0266700e-01
  vertex 1.1456106e-02 4.7452745e-03 3.0266700e-01
  vertex 1.3858192e-02 5.7402515e-03 3.0266700e-01
 endloop
endfacet
facet normal 0.000000e+00 0.000000e+00 -1.000000e+00
 outer loop
  vertex 1.1675146e-02 4.1774344e-03 3.0266700e-01
  vertex 1.1456106e-02 4.7452745e-03 3.0266700e-01
  vertex 1.4123161e-02 5.0533480e-03 3.0266700e-01
 endloop
endfacet
facet normal -0.000000e+00 0.000000e+00 -1.000000e+00
 outer loop
  vertex 1.3858192e-02 5.7402515e-03 3.0266700e-01
  vertex 1.1209468e-02 5.3016834e-03 3.0266700e-01
  vertex 1.3559839e-02 6.4133267e-03 3.0266700e-01
 endloop
endfacet
facet normal 0.000000e+00 0.000000e+00 -1.000000e+00
 outer loop
  vertex 1.1456106e-02 4.7452745e-03 3.0266700e-01
  vertex 1.1209468e-02 5.3016834e-03 3.0266700e-01
  vertex 1.3858192e-02 5.7402515e-03 3.0266700e-01
 endloop
endfacet
facet normal -0.000000e+00 0.000000e+00 -1.000000e+00
 outer loop
  vertex 1.3559839e-02 6.4133267e-03 3.0266700e-01
  vertex 1.0935823e-02 5.8453193e-03 3.0266700e-01
  vertex 1.3228819e-02 7.0709510e-03 3.0266700e-01
 endloop
endfacet
facet normal 0.000000e+00 0.000000e+00 -1.000000e+00
 outer loop
  vertex 1.1209468e-02 5.3016834e-03 3.0266700e-01
  vertex 1.0935823e-02 5.8453193e-03 3.0266700e-01
  vertex 1.3559839e-02 6.4133267e-03 3.0266700e-01
 endloop
endfacet
facet normal -0.000000e+00 0.000000e+00 -1.000000e+00
 outer loop
  vertex 1.3228819e-02 7.0709510e-03 3.0266700e-01
  vertex 1.0635835e-02 6.3748740e-03 3.0266700e-01
  vertex 1.2865929e-02 7.7115410e-03 3.0266700e-01
 endloop
endfacet
facet normal 0.000000e+00 0.000000e+00 -1.000000e+00
 outer loop
  vertex 1.0935823e-02 5.8453193e-03 3.0266700e-01
  vertex 1.0635835e-02 6.3748740e-03 3.0266700e-01
  vertex 1.3228819e-02 7.0709510e-03 3.0266700e-01
 endloop
endfacet
facet normal -0.000000e+00 0.000000e+00 -1.000000e+00
 outer loop
  vertex 1.2865929e-02 7.7115410e-03 3.0266700e-01
  vertex 1.0310224e-02 6.8890710e-03 3.0266700e-01
  vertex 1.2472044e-02 8.3335530e-03 3.0266700e-01
 endloop
endfacet
facet normal 0.000000e+00 0.000000e+00 -1.000000e+00
 outer loop
  vertex 1.0635835e-02 6.3748740e-03 3.0266700e-01
  vertex 1.0310224e-02 6.8890710e-03 3.0266700e-01
  vertex 1.2865929e-02 7.7115410e-03 3.0266700e-01
 endloop
endfacet
facet normal -0.000000e+00 0.000000e+00 -1.000000e+00
 outer loop
  vertex 1.2472044e-02 8.3335530e-03 3.0266700e-01
  vertex 9.9597730e-03 7.3866715e-03 3.0266700e-01
  vertex 1.2048113e-02 8.9354900e-03 3.0266700e-01
 endloop
endfacet
facet normal 0.000000e+00 0.000000e+00 -1.000000e+00
 outer loop
  vertex 1.0310224e-02 6.8890710e-03 3.0266700e-01
  vertex 9.9597730e-03 7.3866715e-03 3.0266700e-01
  vertex 1.2472044e-02 8.3335530e-03 3.0266700e-01
 endloop
endfacet
facet normal -0.000000e+00 0.000000e+00 -1.000000e+00
 outer loop
  vertex 1.2048113e-02 8.9354900e-03 3.0266700e-01
  vertex 9.5853290e-03 7.8664765e-03 3.0266700e-01
  vertex 1.1595157e-02 9.5159000e-03 3.0266700e-01
 endloop
endfacet
facet normal 0.000000e+00 0.000000e+00 -1.000000e+00
 outer loop
  vertex 9.9597730e-03 7.3866715e-03 3.0266700e-01
  vertex 9.5853290e-03 7.8664765e-03 3.0266700e-01
  vertex 1.2048113e-02 8.9354900e-03 3.0266700e-01
 endloop
endfacet
facet normal -0.000000e+00 0.000000e+00 -1.000000e+00
 outer loop
  vertex 1.1595157e-02 9.5159000e-03 3.0266700e-01
  vertex 9.1877950e-03 8.3273320e-03 3.0266700e-01
  vertex 1.1114266e-02 1.0073384e-02 3.0266700e-01
 endloop
endfacet
facet normal 0.000000e+00 0.000000e+00 -1.000000e+00
 outer loop
  vertex 9.5853290e-03 7.8664765e-03 3.0266700e-01
  vertex 9.1877950e-03 8.3273320e-03 3.0266700e-01
  vertex 1.1595157e-02 9.5159000e-03 3.0266700e-01
 endloop
endfacet
facet normal -0.000000e+00 0.000000e+00 -1.000000e+00
 outer loop
  vertex 1.1114266e-02 1.0073384e-02 3.0266700e-01
  vertex 8.7681250e-03 8.7681250e-03 3.0266700e-01
  vertex 1.0606602e-02 1.0606602e-02 3.0266700e-01
 endloop
endfacet
facet normal 0.000000e+00 0.000000e+00 -1.000000e+00
 outer loop
  vertex 9.1877950e-03 8.3273320e-03 3.0266700e-01
  vertex 8.7681250e-03 8.7681250e-03 3.0266700e-01
  vertex 1.1114266e-02 1.0073384e-02 3.0266700e-01
 endloop
endfacet
facet normal -0.000000e+00 0.000000e+00 -1.000000e+00
 outer loop
  vertex 1.0606602e-02 1.0606602e-02 3.0266700e-01
  vertex 8.3273320e-03 9.1877950e-03 3.0266700e-01
  vertex 1.0073384e-02 1.1114266e-02 3.0266700e-01
 endloop
endfacet
facet normal 0.000000e+00 0.000000e+00 -1.000000e+00
 outer loop
  vertex 8.7681250e-03 8.7681250e-03 3.0266700e-01
  vertex 8.3273320e-03 9.1877950e-03 3.0266700e-01
  vertex 1.0606602e-02 1.0606602e-02 3.0266700e-01
 endloop
endfacet
facet normal -0.000000e+00 0.000000e+00 -1.000000e+00
 outer loop
  vertex 1.0073384e-02 1.1114266e-02 3.0266700e-01
  vertex 7.8664765e-03 9.5853290e-03 3.0266700e-01
  vertex 9.5159000e-03 1.1595157e-02 3.0266700e-01
 endloop
endfacet
facet normal 0.000000e+00 0.000000e+00 -1.000000e+00
 outer loop
  vertex 8.3273320e-03 9.1877950e-03 3.0266700e-01
  vertex 7.8664765e-03 9.5853290e-03 3.0266700e-01
  vertex 1.0073384e-02 1.1114266e-02 3.0266700e-01
 endloop
endfacet
facet normal -0.000000e+00 0.000000e+00 -1.000000e+00
 outer loop
  vertex 9.5159000e-03 1.1595157e-02 3.0266700e-01
  vertex 7.3866715e-03 9.9597730e-03 3.0266700e-01
  vertex 8.9354900e-03 1.2048113e-02 3.0266700e-01
 endloop
endfacet
facet normal 0.000000e+00 0.000000e+00 -1.000000e+00
 outer loop
  vertex 7.8664765e-03 9.5853290e-03 3.0266700e-01
  vertex 7.3866715e-03 9.9597730e-03 3.0266700e-01
  vertex 9.5159000e-03 1.1595157e-02 3.0266700e-01
 endloop
endfacet
facet normal -0.000000e+00 0.000000e+00 -1.000000e+00
 outer loop
  vertex 8.9354900e-03 1.2048113e-02 3.0266700e-01
  vertex 6.8890710e-03 1.0310224e-02 3.0266700e-01
  vertex 8.3335530e-03 1.2472044e-02 3.0266700e-01
 endloop
endfacet
facet normal 0.000000e+00 0.000000e+00 -1.000000e+00
 outer loop
  vertex 7.3866715e-03 9.9597730e-03 3.0266700e-01
  vertex 6.8890710e-03 1.0310224e-02 3.0266700e-01
  vertex 8.9354900e-03 1.2048113e-02 3.0266700e-01
 endloop
endfacet
facet normal -0.000000e+00 0.000000e+00 -1.000000e+00
 outer loop
  vertex 8.3335530e-03 1.2472044e-02 3.0266700e-01
  vertex 6.3748740e-03 1.0635835e-02 3.0266700e-01
  vertex 7.7115410e-03 1.2865929e-02 3.0266700e-01
 endloop
endfacet
facet normal 0.000000e+00 0.000000e+00 -1.000000e+00
 outer loop
  vertex 6.8890710e-03 1.0310224e-02 3.0266700e-01
  vertex 6.3748740e-03 1.0635835e-02 3.0266700e-01
  vertex 8.3335530e-03 1.2472044e-02 3.0266700e-01
 endloop
endfacet
facet normal -0.000000e+00 0.000000e+00 -1.000000e+00
 outer loop
  vertex 7.7115410e-03 1.2865929e-02 3.0266700e-01
  vertex 5.8453193e-03 1.0935823e-02 3.0266700e-01
  vertex 7.0709510e-03 1.3228819e-02 3.0266700e-01
 endloop
endfacet
facet normal 0.000000e+00 0.000000e+00 -1.000000e+00
 outer loop
  vertex 6.3748740e-03 1.0635835e-02 3.0266700e-01
  vertex 5.8453193e-03 1.0935823e-02 3.0266700e-01
  vertex 7.7115410e-03 1.2865929e-02 3.0266700e-01
 endloop
endfacet
facet normal -0.000000e+00 0.000000e+00 -1.000000e+00
 outer loop
  vertex 7.0709510e-03 1.3228819e-02 3.0266700e-01
  vertex 5.3016834e-03 1.1209468e-02 3.0266700e-01
  vertex 6.4133267e-03 1.3559839e-02 3.0266700e-01
 endloop
endfacet
facet normal 0.000000e+00 0.000000e+00 -1.000000e+00
 outer loop
  vertex 5.8453193e-03 1.0935823e-02 3.0266700e-01
  vertex 5.3016834e-03 1.1209468e-02 3.0266700e-01
  vertex 7.0709510e-03 1.3228819e-02 3.0266700e-01
 endloop
endfacet
facet normal -0.000000e+00 0.000000e+00 -1.000000e+00
 outer loop
  vertex 6.4133267e-03 1.3559839e-02 3.0266700e-01
  vertex 4.7452745e-03 1.1456106e-02 3.0266700e-01
  vertex 5.7402515e-03 1.3858192e-02 3.0266700e-01
 endloop
endfacet
facet normal 0.000000e+00 0.000000e+00 -1.000000e+00
 outer loop
  vertex 5.3016834e-03 1.1209468e-02 3.0266700e-01
  vertex 4.7452745e-03 1.1456106e-02 3.0266700e-01
  vertex 6.4133267e-03 1.3559839e-02 3.0266700e-01
 endloop
endfacet
facet normal -0.000000e+00 0.000000e+00 -1.000000e+00
 outer loop
  vertex 5.7402515e-03 1.3858192e-02 3.0266700e-01
  vertex 4.1774344e-03 1.1675146e-02 3.0266700e-01
  vertex 5.0533480e-03 1.4123161e-02 3.0266700e-01
 endloop
endfacet
facet normal 0.000000e+00 0.000000e+00 -1.000000e+00
 outer loop
  vertex 4.7452745e-03 1.1456106e-02 3.0266700e-01
  vertex 4.1774344e-03 1.1675146e-02 3.0266700e-01
  vertex 5.7402515e-03 1.3858192e-02 3.0266700e-01
 endloop
endfacet
facet normal -0.000000e+00 0.000000e+00 -1.000000e+00
 outer loop
  vertex 5.0533480e-03 1.4123161e-02 3.0266700e-01
  vertex 3.5995300e-03 1.1866060e-02 3.0266700e-01
  vertex 4.3542700e-03 1.4354105e-02 3.0266700e-01
 endloop
endfacet
facet normal 0.000000e+00 0.000000e+00 -1.000000e+00
 outer loop
  vertex 4.1774344e-03 1.1675146e-02 3.0266700e-01
  vertex 3.5995300e-03 1.1866060e-02 3.0266700e-01
  vertex 5.0533480e-03 1.4123161e-02 3.0266700e-01
 endloop
endfacet
facet normal 0.000000e+00 0.000000e+00 -1.000000e+00
 outer loop
  vertex -3.6447027e-03 1.4550468e-02 3.0266700e-01
  vertex -2.9263546e-03 1.4711780e-02 3.0266700e-01
  vertex -3.0129542e-03 1.2028388e-02 3.0266700e-01
 endloop
endfacet
facet normal 0.000000e+00 0.000000e+00 -1.000000e+00
 outer loop
  vertex -9.9597730e-03 7.3866715e-03 3.0266700e-01
  vertex -1.1595157e-02 9.5159000e-03 3.0266700e-01
  vertex -9.5853290e-03 7.8664765e-03 3.0266700e-01
 endloop
endfacet
facet normal 0.000000e+00 0.000000e+00 -1.000000e+00
 outer loop
  vertex -1.0073384e-02 1.1114266e-02 3.0266700e-01
  vertex -8.3273320e-03 9.1877950e-03 3.0266700e-01
  vertex -8.7681250e-03 8.7681250e-03 3.0266700e-01
 endloop
endfacet
facet normal 0.000000e+00 0.000000e+00 -1.000000e+00
 outer loop
  vertex -9.1877950e-03 8.3273320e-03 3.0266700e-01
  vertex -1.1114266e-02 1.0073384e-02 3.0266700e-01
  vertex -1.0606602e-02 1.0606602e-02 3.0266700e-01
 endloop
endfacet
facet normal 0.000000e+00 0.000000e+00 -1.000000e+00
 outer loop
  vertex -9.5159000e-03 1.1595157e-02 3.0266700e-01
  vertex -8.9354900e-03 1.2048113e-02 3.0266700e-01
  vertex -7.8664765e-03 9.5853290e-03 3.0266700e-01
 endloop
endfacet
facet normal 0.000000e+00 0.000000e+00 -1.000000e+00
 outer loop
  vertex -7.3866715e-03 9.9597730e-03 3.0266700e-01
  vertex -8.3335530e-03 1.2472044e-02 3.0266700e-01
  vertex -6.8890710e-03 1.0310224e-02 3.0266700e-01
 endloop
endfacet
facet normal 0.000000e+00 0.000000e+00 -1.000000e+00
 outer loop
  vertex -6.3748740e-03 1.0635835e-02 3.0266700e-01
  vertex -7.7115410e-03 1.2865929e-02 3.0266700e-01
  vertex -7.0709510e-03 1.3228819e-02 3.0266700e-01
 endloop
endfacet
facet normal -0.000000e+00 0.000000e+00 -1.000000e+00
 outer loop
  vertex -5.3016834e-03 1.1209468e-02 3.0266700e-01
  vertex -5.8453193e-03 1.0935823e-02 3.0266700e-01
  vertex -6.4133267e-03 1.3559839e-02 3.0266700e-01
 endloop
endfacet
facet normal 0.000000e+00 -0.000000e+00 -1.000000e+00
 outer loop
  vertex -5.0533480e-03 1.4123161e-02 3.0266700e-01
  vertex -4.7452745e-03 1.1456106e-02 3.0266700e-01
  vertex -5.7402515e-03 1.3858192e-02 3.0266700e-01
 endloop
endfacet
facet normal 0.000000e+00 0.000000e+00 -1.000000e+00
 outer loop
  vertex -4.3542700e-03 1.4354105e-02 3.0266700e-01
  vertex -3.5995300e-03 1.1866060e-02 3.0266700e-01
  vertex -4.1774344e-03 1.1675146e-02 3.0266700e-01
 endloop
endfacet
facet normal -0.000000e+00 0.000000e+00 -1.000000e+00
 outer loop
  vertex -1.8194579e-03 1.2265788e-02 3.0266700e-01
  vertex -2.4191198e-03 1.2161737e-02 3.0266700e-01
  vertex -2.2009570e-03 1.4837647e-02 3.0266700e-01
 endloop
endfacet
facet normal 0.000000e+00 0.000000e+00 -1.000000e+00
 outer loop
  vertex -7.3601510e-04 1.4981932e-02 3.0266700e-01
  vertex -1.2154125e-03 1.2340290e-02 3.0266700e-01
  vertex -1.4702570e-03 1.4927771e-02 3.0266700e-01
 endloop
endfacet
facet normal 0.000000e+00 0.000000e+00 -1.000000e+00
 outer loop
  vertex 9.1848520e-19 1.5000000e-02 3.0266700e-01
  vertex 0.0000000e+00 1.2400001e-02 3.0266700e-01
  vertex -7.3601510e-04 1.4981932e-02 3.0266700e-01
 endloop
endfacet
facet normal -0.000000e+00 0.000000e+00 -1.000000e+00
 outer loop
  vertex 7.3601510e-04 1.4981932e-02 3.0266700e-01
  vertex 0.0000000e+00 1.2400001e-02 3.0266700e-01
  vertex 9.1848520e-19 1.5000000e-02 3.0266700e-01
 endloop
endfacet
facet normal 0.000000e+00 0.000000e+00 -1.000000e+00
 outer loop
  vertex 6.0843915e-04 1.2385064e-02 3.0266700e-01
  vertex 0.0000000e+00 1.2400001e-02 3.0266700e-01
  vertex 7.3601510e-04 1.4981932e-02 3.0266700e-01
 endloop
endfacet
facet normal -0.000000e+00 0.000000e+00 -1.000000e+00
 outer loop
  vertex 1.4702570e-03 1.4927771e-02 3.0266700e-01
  vertex 6.0843915e-04 1.2385064e-02 3.0266700e-01
  vertex 7.3601510e-04 1.4981932e-02 3.0266700e-01
 endloop
endfacet
facet normal 0.000000e+00 0.000000e+00 -1.000000e+00
 outer loop
  vertex 1.2154125e-03 1.2340290e-02 3.0266700e-01
  vertex 6.0843915e-04 1.2385064e-02 3.0266700e-01
  vertex 1.4702570e-03 1.4927771e-02 3.0266700e-01
 endloop
endfacet
facet normal 0.000000e+00 0.000000e+00 -1.000000e+00
 outer loop
  vertex 1.2154125e-03 1.2340290e-02 3.0266700e-01
  vertex 1.4702570e-03 1.4927771e-02 3.0266700e-01
  vertex 2.2009570e-03 1.4837647e-02 3.0266700e-01
 endloop
endfacet
facet normal 0.000000e+00 0.000000e+00 -1.000000e+00
 outer loop
  vertex 1.2154125e-03 1.2340290e-02 3.0266700e-01
  vertex 2.2009570e-03 1.4837647e-02 3.0266700e-01
  vertex 1.8194579e-03 1.2265788e-02 3.0266700e-01
 endloop
endfacet
facet normal 0.000000e+00 -0.000000e+00 -1.000000e+00
 outer loop
  vertex 2.2009570e-03 1.4837647e-02 3.0266700e-01
  vertex 2.9263546e-03 1.4711780e-02 3.0266700e-01
  vertex 1.8194579e-03 1.2265788e-02 3.0266700e-01
 endloop
endfacet
facet normal 0.000000e+00 0.000000e+00 -1.000000e+00
 outer loop
  vertex 2.9263546e-03 1.4711780e-02 3.0266700e-01
  vertex 2.4191198e-03 1.2161737e-02 3.0266700e-01
  vertex 1.8194579e-03 1.2265788e-02 3.0266700e-01
 endloop
endfacet
facet normal -0.000000e+00 0.000000e+00 -1.000000e+00
 outer loop
  vertex 3.6447027e-03 1.4550468e-02 3.0266700e-01
  vertex 2.4191198e-03 1.2161737e-02 3.0266700e-01
  vertex 2.9263546e-03 1.4711780e-02 3.0266700e-01
 endloop
endfacet
facet normal 0.000000e+00 0.000000e+00 -1.000000e+00
 outer loop
  vertex 3.0129542e-03 1.2028388e-02 3.0266700e-01
  vertex 2.4191198e-03 1.2161737e-02 3.0266700e-01
  vertex 3.6447027e-03 1.4550468e-02 3.0266700e-01
 endloop
endfacet
facet normal 0.000000e+00 0.000000e+00 -1.000000e+00
 outer loop
  vertex 3.0129542e-03 1.2028388e-02 3.0266700e-01
  vertex 3.6447027e-03 1.4550468e-02 3.0266700e-01
  vertex 4.3542700e-03 1.4354105e-02 3.0266700e-01
 endloop
endfacet
facet normal 0.000000e+00 0.000000e+00 -1.000000e+00
 outer loop
  vertex 3.0129542e-03 1.2028388e-02 3.0266700e-01
  vertex 4.3542700e-03 1.4354105e-02 3.0266700e-01
  vertex 3.5995300e-03 1.1866060e-02 3.0266700e-01
 endloop
endfacet
facet normal 0.000000e+00 0.000000e+00 -1.000000e+00
 outer loop
  vertex -9.9597730e-03 7.3866715e-03 3.0266700e-01
  vertex -1.2048113e-02 8.9354900e-03 3.0266700e-01
  vertex -1.1595157e-02 9.5159000e-03 3.0266700e-01
 endloop
endfacet
facet normal 0.000000e+00 0.000000e+00 1.000000e+00
 outer loop
  vertex -1.2385064e-02 -6.0843915e-04 3.0666700e-01
  vertex -1.4981932e-02 -7.3601510e-04 3.0666700e-01
  vertex -1.2340290e-02 -1.2154125e-03 3.0666700e-01
 endloop
endfacet
facet normal 0.000000e+00 0.000000e+00 1.000000e+00
 outer loop
  vertex -1.2385064e-02 -6.0843915e-04 3.0666700e-01
  vertex -1.2400001e-02 -0.0000000e+00 3.0666700e-01
  vertex -1.4981932e-02 -7.3601510e-04 3.0666700e-01
 endloop
endfacet
facet normal 0.000000e+00 0.000000e+00 1.000000e+00
 outer loop
  vertex -1.2340290e-02 -1.2154125e-03 3.0666700e-01
  vertex -1.4927771e-02 -1.4702570e-03 3.0666700e-01
  vertex -1.2265788e-02 -1.8194579e-03 3.0666700e-01
 endloop
endfacet
facet normal 0.000000e+00 0.000000e+00 1.000000e+00
 outer loop
  vertex -1.2265788e-02 -1.8194579e-03 3.0666700e-01
  vertex -1.4927771e-02 -1.4702570e-03 3.0666700e-01
  vertex -1.4837647e-02 -2.2009570e-03 3.0666700e-01
 endloop
endfacet
facet normal 0.000000e+00 0.000000e+00 1.000000e+00
 outer loop
  vertex -1.2161737e-02 -2.4191198e-03 3.0666700e-01
  vertex -1.4837647e-02 -2.2009570e-03 3.0666700e-01
  vertex -1.4711780e-02 -2.9263546e-03 3.0666700e-01
 endloop
endfacet
facet normal 0.000000e+00 0.000000e+00 1.000000e+00
 outer loop
  vertex -1.2028388e-02 -3.0129542e-03 3.0666700e-01
  vertex -1.2161737e-02 -2.4191198e-03 3.0666700e-01
  vertex -1.4711780e-02 -2.9263546e-03 3.0666700e-01
 endloop
endfacet
facet normal 0.000000e+00 0.000000e+00 1.000000e+00
 outer loop
  vertex -1.1866060e-02 -3.5995300e-03 3.0666700e-01
  vertex -1.2028388e-02 -3.0129542e-03 3.0666700e-01
  vertex -1.4550468e-02 -3.6447027e-03 3.0666700e-01
 endloop
endfacet
facet normal 0.000000e+00 -0.000000e+00 1.000000e+00
 outer loop
  vertex -1.4354105e-02 -4.3542700e-03 3.0666700e-01
  vertex -1.1866060e-02 -3.5995300e-03 3.0666700e-01
  vertex -1.4550468e-02 -3.6447027e-03 3.0666700e-01
 endloop
endfacet
facet normal 0.000000e+00 -0.000000e+00 1.000000e+00
 outer loop
  vertex -1.4123161e-02 -5.0533480e-03 3.0666700e-01
  vertex -1.1675146e-02 -4.1774344e-03 3.0666700e-01
  vertex -1.4354105e-02 -4.3542700e-03 3.0666700e-01
 endloop
endfacet
facet normal 0.000000e+00 0.000000e+00 1.000000e+00
 outer loop
  vertex -1.4123161e-02 -5.0533480e-03 3.0666700e-01
  vertex -1.1456106e-02 -4.7452745e-03 3.0666700e-01
  vertex -1.1675146e-02 -4.1774344e-03 3.0666700e-01
 endloop
endfacet
facet normal 0.000000e+00 0.000000e+00 1.000000e+00
 outer loop
  vertex -1.3858192e-02 -5.7402515e-03 3.0666700e-01
  vertex -1.1209468e-02 -5.3016834e-03 3.0666700e-01
  vertex -1.1456106e-02 -4.7452745e-03 3.0666700e-01
 endloop
endfacet
facet normal -0.000000e+00 0.000000e+00 1.000000e+00
 outer loop
  vertex -1.3858192e-02 -5.7402515e-03 3.0666700e-01
  vertex -1.3559839e-02 -6.4133267e-03 3.0666700e-01
  vertex -1.1209468e-02 -5.3016834e-03 3.0666700e-01
 endloop
endfacet
facet normal -0.000000e+00 0.000000e+00 1.000000e+00
 outer loop
  vertex -1.3559839e-02 -6.4133267e-03 3.0666700e-01
  vertex -1.3228819e-02 -7.0709510e-03 3.0666700e-01
  vertex -1.0935823e-02 -5.8453193e-03 3.0666700e-01
 endloop
endfacet
facet normal 0.000000e+00 0.000000e+00 1.000000e+00
 outer loop
  vertex -1.0935823e-02 -5.8453193e-03 3.0666700e-01
  vertex -1.3228819e-02 -7.0709510e-03 3.0666700e-01
  vertex -1.0635835e-02 -6.3748740e-03 3.0666700e-01
 endloop
endfacet
facet normal 0.000000e+00 0.000000e+00 1.000000e+00
 outer loop
  vertex -1.0635835e-02 -6.3748740e-03 3.0666700e-01
  vertex -1.2865929e-02 -7.7115410e-03 3.0666700e-01
  vertex -1.0310224e-02 -6.8890710e-03 3.0666700e-01
 endloop
endfacet
facet normal 0.000000e+00 -0.000000e+00 1.000000e+00
 outer loop
  vertex -1.2472044e-02 -8.3335530e-03 3.0666700e-01
  vertex -1.0310224e-02 -6.8890710e-03 3.0666700e-01
  vertex -1.2865929e-02 -7.7115410e-03 3.0666700e-01
 endloop
endfacet
facet normal 0.000000e+00 -0.000000e+00 1.000000e+00
 outer loop
  vertex -1.2048113e-02 -8.9354900e-03 3.0666700e-01
  vertex -9.9597730e-03 -7.3866715e-03 3.0666700e-01
  vertex -1.2472044e-02 -8.3335530e-03 3.0666700e-01
 endloop
endfacet
facet normal 0.000000e+00 0.000000e+00 1.000000e+00
 outer loop
  vertex -1.2048113e-02 -8.9354900e-03 3.0666700e-01
  vertex -9.5853290e-03 -7.8664765e-03 3.0666700e-01
  vertex -9.9597730e-03 -7.3866715e-03 3.0666700e-01
 endloop
endfacet
facet normal 0.000000e+00 0.000000e+00 1.000000e+00
 outer loop
  vertex -1.1595157e-02 -9.5159000e-03 3.0666700e-01
  vertex -9.1877950e-03 -8.3273320e-03 3.0666700e-01
  vertex -9.5853290e-03 -7.8664765e-03 3.0666700e-01
 endloop
endfacet
facet normal -0.000000e+00 0.000000e+00 1.000000e+00
 outer loop
  vertex -1.1595157e-02 -9.5159000e-03 3.0666700e-01
  vertex -1.1114266e-02 -1.0073384e-02 3.0666700e-01
  vertex -9.1877950e-03 -8.3273320e-03 3.0666700e-01
 endloop
endfacet
facet normal -0.000000e+00 0.000000e+00 1.000000e+00
 outer loop
  vertex -1.1114266e-02 -1.0073384e-02 3.0666700e-01
  vertex -1.0606602e-02 -1.0606602e-02 3.0666700e-01
  vertex -8.7681250e-03 -8.7681250e-03 3.0666700e-01
 endloop
endfacet
facet normal 0.000000e+00 0.000000e+00 1.000000e+00
 outer loop
  vertex -8.7681250e-03 -8.7681250e-03 3.0666700e-01
  vertex -1.0606602e-02 -1.0606602e-02 3.0666700e-01
  vertex -8.3273320e-03 -9.1877950e-03 3.0666700e-01
 endloop
endfacet
facet normal 0.000000e+00 0.000000e+00 1.000000e+00
 outer loop
  vertex -8.3273320e-03 -9.1877950e-03 3.0666700e-01
  vertex -1.0073384e-02 -1.1114266e-02 3.0666700e-01
  vertex -7.8664765e-03 -9.5853290e-03 3.0666700e-01
 endloop
endfacet
facet normal 0.000000e+00 0.000000e+00 1.000000e+00
 outer loop
  vertex -7.8664765e-03 -9.5853290e-03 3.0666700e-01
  vertex -1.0073384e-02 -1.1114266e-02 3.0666700e-01
  vertex -9.5159000e-03 -1.1595157e-02 3.0666700e-01
 endloop
endfacet
facet normal -0.000000e+00 0.000000e+00 1.000000e+00
 outer loop
  vertex -8.9354900e-03 -1.2048113e-02 3.0666700e-01
  vertex -8.3335530e-03 -1.2472044e-02 3.0666700e-01
  vertex -6.8890710e-03 -1.0310224e-02 3.0666700e-01
 endloop
endfacet
facet normal 0.000000e+00 0.000000e+00 1.000000e+00
 outer loop
  vertex -7.3866715e-03 -9.9597730e-03 3.0666700e-01
  vertex -8.9354900e-03 -1.2048113e-02 3.0666700e-01
  vertex -6.8890710e-03 -1.0310224e-02 3.0666700e-01
 endloop
endfacet
facet normal -0.000000e+00 0.000000e+00 1.000000e+00
 outer loop
  vertex -8.3335530e-03 -1.2472044e-02 3.0666700e-01
  vertex -7.7115410e-03 -1.2865929e-02 3.0666700e-01
  vertex -6.3748740e-03 -1.0635835e-02 3.0666700e-01
 endloop
endfacet
facet normal 0.000000e+00 0.000000e+00 1.000000e+00
 outer loop
  vertex -6.8890710e-03 -1.0310224e-02 3.0666700e-01
  vertex -8.3335530e-03 -1.2472044e-02 3.0666700e-01
  vertex -6.3748740e-03 -1.0635835e-02 3.0666700e-01
 endloop
endfacet
facet normal -0.000000e+00 0.000000e+00 1.000000e+00
 outer loop
  vertex -7.7115410e-03 -1.2865929e-02 3.0666700e-01
  vertex -7.0709510e-03 -1.3228819e-02 3.0666700e-01
  vertex -5.8453193e-03 -1.0935823e-02 3.0666700e-01
 endloop
endfacet
facet normal 0.000000e+00 0.000000e+00 1.000000e+00
 outer loop
  vertex -6.3748740e-03 -1.0635835e-02 3.0666700e-01
  vertex -7.7115410e-03 -1.2865929e-02 3.0666700e-01
  vertex -5.8453193e-03 -1.0935823e-02 3.0666700e-01
 endloop
endfacet
facet normal -0.000000e+00 0.000000e+00 1.000000e+00
 outer loop
  vertex -7.0709510e-03 -1.3228819e-02 3.0666700e-01
  vertex -6.4133267e-03 -1.3559839e-02 3.0666700e-01
  vertex -5.3016834e-03 -1.1209468e-02 3.0666700e-01
 endloop
endfacet
facet normal 0.000000e+00 0.000000e+00 1.000000e+00
 outer loop
  vertex -5.8453193e-03 -1.0935823e-02 3.0666700e-01
  vertex -7.0709510e-03 -1.3228819e-02 3.0666700e-01
  vertex -5.3016834e-03 -1.1209468e-02 3.0666700e-01
 endloop
endfacet
facet normal -0.000000e+00 0.000000e+00 1.000000e+00
 outer loop
  vertex -6.4133267e-03 -1.3559839e-02 3.0666700e-01
  vertex -5.7402515e-03 -1.3858192e-02 3.0666700e-01
  vertex -4.7452745e-03 -1.1456106e-02 3.0666700e-01
 endloop
endfacet
facet normal 0.000000e+00 0.000000e+00 1.000000e+00
 outer loop
  vertex -5.3016834e-03 -1.1209468e-02 3.0666700e-01
  vertex -6.4133267e-03 -1.3559839e-02 3.0666700e-01
  vertex -4.7452745e-03 -1.1456106e-02 3.0666700e-01
 endloop
endfacet
facet normal -0.000000e+00 0.000000e+00 1.000000e+00
 outer loop
  vertex -5.7402515e-03 -1.3858192e-02 3.0666700e-01
  vertex -5.0533480e-03 -1.4123161e-02 3.0666700e-01
  vertex -4.1774344e-03 -1.1675146e-02 3.0666700e-01
 endloop
endfacet
facet normal 0.000000e+00 0.000000e+00 1.000000e+00
 outer loop
  vertex -4.7452745e-03 -1.1456106e-02 3.0666700e-01
  vertex -5.7402515e-03 -1.3858192e-02 3.0666700e-01
  vertex -4.1774344e-03 -1.1675146e-02 3.0666700e-01
 endloop
endfacet
facet normal -0.000000e+00 0.000000e+00 1.000000e+00
 outer loop
  vertex -5.0533480e-03 -1.4123161e-02 3.0666700e-01
  vertex -4.3542700e-03 -1.4354105e-02 3.0666700e-01
  vertex -3.5995300e-03 -1.1866060e-02 3.0666700e-01
 endloop
endfacet
facet normal 0.000000e+00 0.000000e+00 1.000000e+00
 outer loop
  vertex -4.1774344e-03 -1.1675146e-02 3.0666700e-01
  vertex -5.0533480e-03 -1.4123161e-02 3.0666700e-01
  vertex -3.5995300e-03 -1.1866060e-02 3.0666700e-01
 endloop
endfacet
facet normal -0.000000e+00 0.000000e+00 1.000000e+00
 outer loop
  vertex -4.3542700e-03 -1.4354105e-02 3.0666700e-01
  vertex -3.6447027e-03 -1.4550468e-02 3.0666700e-01
  vertex -3.0129542e-03 -1.2028388e-02 3.0666700e-01
 endloop
endfacet
facet normal 0.000000e+00 0.000000e+00 1.000000e+00
 outer loop
  vertex -3.5995300e-03 -1.1866060e-02 3.0666700e-01
  vertex -4.3542700e-03 -1.4354105e-02 3.0666700e-01
  vertex -3.0129542e-03 -1.2028388e-02 3.0666700e-01
 endloop
endfacet
facet normal -0.000000e+00 0.000000e+00 1.000000e+00
 outer loop
  vertex -3.6447027e-03 -1.4550468e-02 3.0666700e-01
  vertex -2.9263546e-03 -1.4711780e-02 3.0666700e-01
  vertex -2.4191198e-03 -1.2161737e-02 3.0666700e-01
 endloop
endfacet
facet normal 0.000000e+00 0.000000e+00 1.000000e+00
 outer loop
  vertex -3.0129542e-03 -1.2028388e-02 3.0666700e-01
  vertex -3.6447027e-03 -1.4550468e-02 3.0666700e-01
  vertex -2.4191198e-03 -1.2161737e-02 3.0666700e-01
 endloop
endfacet
facet normal -0.000000e+00 0.000000e+00 1.000000e+00
 outer loop
  vertex -2.9263546e-03 -1.4711780e-02 3.0666700e-01
  vertex -2.2009570e-03 -1.4837647e-02 3.0666700e-01
  vertex -1.8194579e-03 -1.2265788e-02 3.0666700e-01
 endloop
endfacet
facet normal 0.000000e+00 0.000000e+00 1.000000e+00
 outer loop
  vertex -2.4191198e-03 -1.2161737e-02 3.0666700e-01
  vertex -2.9263546e-03 -1.4711780e-02 3.0666700e-01
  vertex -1.8194579e-03 -1.2265788e-02 3.0666700e-01
 endloop
endfacet
facet normal -0.000000e+00 0.000000e+00 1.000000e+00
 outer loop
  vertex -2.2009570e-03 -1.4837647e-02 3.0666700e-01
  vertex -1.4702570e-03 -1.4927771e-02 3.0666700e-01
  vertex -1.2154125e-03 -1.2340290e-02 3.0666700e-01
 endloop
endfacet
facet normal 0.000000e+00 0.000000e+00 1.000000e+00
 outer loop
  vertex -1.8194579e-03 -1.2265788e-02 3.0666700e-01
  vertex -2.2009570e-03 -1.4837647e-02 3.0666700e-01
  vertex -1.2154125e-03 -1.2340290e-02 3.0666700e-01
 endloop
endfacet
facet normal -0.000000e+00 0.000000e+00 1.000000e+00
 outer loop
  vertex -1.4702570e-03 -1.4927771e-02 3.0666700e-01
  vertex -7.3601510e-04 -1.4981932e-02 3.0666700e-01
  vertex -6.0843915e-04 -1.2385064e-02 3.0666700e-01
 endloop
endfacet
facet normal 0.000000e+00 0.000000e+00 1.000000e+00
 outer loop
  vertex -1.2154125e-03 -1.2340290e-02 3.0666700e-01
  vertex -1.4702570e-03 -1.4927771e-02 3.0666700e-01
  vertex -6.0843915e-04 -1.2385064e-02 3.0666700e-01
 endloop
endfacet
facet normal -0.000000e+00 0.000000e+00 1.000000e+00
 outer loop
  vertex -7.3601510e-04 -1.4981932e-02 3.0666700e-01
  vertex -9.1848520e-19 -1.5000000e-02 3.0666700e-01
  vertex 0.0000000e+00 -1.2400001e-02 3.0666700e-01
 endloop
endfacet
facet normal 0.000000e+00 0.000000e+00 1.000000e+00
 outer loop
  vertex -6.0843915e-04 -1.2385064e-02 3.0666700e-01
  vertex -7.3601510e-04 -1.4981932e-02 3.0666700e-01
  vertex 0.0000000e+00 -1.2400001e-02 3.0666700e-01
 endloop
endfacet
facet normal 0.000000e+00 0.000000e+00 1.000000e+00
 outer loop
  vertex -9.1848520e-19 -1.5000000e-02 3.0666700e-01
  vertex 7.3601510e-04 -1.4981932e-02 3.0666700e-01
  vertex 6.0843915e-04 -1.2385064e-02 3.0666700e-01
 endloop
endfacet
facet normal -0.000000e+00 0.000000e+00 1.000000e+00
 outer loop
  vertex 0.0000000e+00 -1.2400001e-02 3.0666700e-01
  vertex -9.1848520e-19 -1.5000000e-02 3.0666700e-01
  vertex 6.0843915e-04 -1.2385064e-02 3.0666700e-01
 endloop
endfacet
facet normal 0.000000e+00 0.000000e+00 1.000000e+00
 outer loop
  vertex 7.3601510e-04 -1.4981932e-02 3.0666700e-01
  vertex 1.4702570e-03 -1.4927771e-02 3.0666700e-01
  vertex 1.2154125e-03 -1.2340290e-02 3.0666700e-01
 endloop
endfacet
facet normal -0.000000e+00 0.000000e+00 1.000000e+00
 outer loop
  vertex 6.0843915e-04 -1.2385064e-02 3.0666700e-01
  vertex 7.3601510e-04 -1.4981932e-02 3.0666700e-01
  vertex 1.2154125e-03 -1.2340290e-02 3.0666700e-01
 endloop
endfacet
facet normal 0.000000e+00 0.000000e+00 1.000000e+00
 outer loop
  vertex 1.4702570e-03 -1.4927771e-02 3.0666700e-01
  vertex 2.2009570e-03 -1.4837647e-02 3.0666700e-01
  vertex 1.8194579e-03 -1.2265788e-02 3.0666700e-01
 endloop
endfacet
facet normal -0.000000e+00 0.000000e+00 1.000000e+00
 outer loop
  vertex 1.2154125e-03 -1.2340290e-02 3.0666700e-01
  vertex 1.4702570e-03 -1.4927771e-02 3.0666700e-01
  vertex 1.8194579e-03 -1.2265788e-02 3.0666700e-01
 endloop
endfacet
facet normal 0.000000e+00 0.000000e+00 1.000000e+00
 outer loop
  vertex 2.2009570e-03 -1.4837647e-02 3.0666700e-01
  vertex 2.9263546e-03 -1.4711780e-02 3.0666700e-01
  vertex 2.4191198e-03 -1.2161737e-02 3.0666700e-01
 endloop
endfacet
facet normal -0.000000e+00 0.000000e+00 1.000000e+00
 outer loop
  vertex 1.8194579e-03 -1.2265788e-02 3.0666700e-01
  vertex 2.2009570e-03 -1.4837647e-02 3.0666700e-01
  vertex 2.4191198e-03 -1.2161737e-02 3.0666700e-01
 endloop
endfacet
facet normal 0.000000e+00 0.000000e+00 1.000000e+00
 outer loop
  vertex 2.9263546e-03 -1.4711780e-02 3.0666700e-01
  vertex 3.6447027e-03 -1.4550468e-02 3.0666700e-01
  vertex 3.0129542e-03 -1.2028388e-02 3.0666700e-01
 endloop
endfacet
facet normal -0.000000e+00 0.000000e+00 1.000000e+00
 outer loop
  vertex 2.4191198e-03 -1.2161737e-02 3.0666700e-01
  vertex 2.9263546e-03 -1.4711780e-02 3.0666700e-01
  vertex 3.0129542e-03 -1.2028388e-02 3.0666700e-01
 endloop
endfacet
facet normal 0.000000e+00 -0.000000e+00 1.000000e+00
 outer loop
  vertex 3.6447027e-03 -1.4550468e-02 3.0666700e-01
  vertex 4.3542700e-03 -1.4354105e-02 3.0666700e-01
  vertex 3.5995300e-03 -1.1866060e-02 3.0666700e-01
 endloop
endfacet
facet normal -0.000000e+00 0.000000e+00 1.000000e+00
 outer loop
  vertex 3.0129542e-03 -1.2028388e-02 3.0666700e-01
  vertex 3.6447027e-03 -1.4550468e-02 3.0666700e-01
  vertex 3.5995300e-03 -1.1866060e-02 3.0666700e-01
 endloop
endfacet
facet normal 0.000000e+00 -0.000000e+00 1.000000e+00
 outer loop
  vertex 4.3542700e-03 -1.4354105e-02 3.0666700e-01
  vertex 5.0533480e-03 -1.4123161e-02 3.0666700e-01
  vertex 4.1774344e-03 -1.1675146e-02 3.0666700e-01
 endloop
endfacet
facet normal -0.000000e+00 0.000000e+00 1.000000e+00
 outer loop
  vertex 3.5995300e-03 -1.1866060e-02 3.0666700e-01
  vertex 4.3542700e-03 -1.4354105e-02 3.0666700e-01
  vertex 4.1774344e-03 -1.1675146e-02 3.0666700e-01
 endloop
endfacet
facet normal 0.000000e+00 -0.000000e+00 1.000000e+00
 outer loop
  vertex 5.0533480e-03 -1.4123161e-02 3.0666700e-01
  vertex 5.7402515e-03 -1.3858192e-02 3.0666700e-01
  vertex 4.7452745e-03 -1.1456106e-02 3.0666700e-01
 endloop
endfacet
facet normal -0.000000e+00 0.000000e+00 1.000000e+00
 outer loop
  vertex 4.1774344e-03 -1.1675146e-02 3.0666700e-01
  vertex 5.0533480e-03 -1.4123161e-02 3.0666700e-01
  vertex 4.7452745e-03 -1.1456106e-02 3.0666700e-01
 endloop
endfacet
facet normal 0.000000e+00 -0.000000e+00 1.000000e+00
 outer loop
  vertex 5.7402515e-03 -1.3858192e-02 3.0666700e-01
  vertex 6.4133267e-03 -1.3559839e-02 3.0666700e-01
  vertex 5.3016834e-03 -1.1209468e-02 3.0666700e-01
 endloop
endfacet
facet normal -0.000000e+00 0.000000e+00 1.000000e+00
 outer loop
  vertex 4.7452745e-03 -1.1456106e-02 3.0666700e-01
  vertex 5.7402515e-03 -1.3858192e-02 3.0666700e-01
  vertex 5.3016834e-03 -1.1209468e-02 3.0666700e-01
 endloop
endfacet
facet normal 0.000000e+00 -0.000000e+00 1.000000e+00
 outer loop
  vertex 6.4133267e-03 -1.3559839e-02 3.0666700e-01
  vertex 7.0709510e-03 -1.3228819e-02 3.0666700e-01
  vertex 5.8453193e-03 -1.0935823e-02 3.0666700e-01
 endloop
endfacet
facet normal -0.000000e+00 0.000000e+00 1.000000e+00
 outer loop
  vertex 5.3016834e-03 -1.1209468e-02 3.0666700e-01
  vertex 6.4133267e-03 -1.3559839e-02 3.0666700e-01
  vertex 5.8453193e-03 -1.0935823e-02 3.0666700e-01
 endloop
endfacet
facet normal 0.000000e+00 -0.000000e+00 1.000000e+00
 outer loop
  vertex 7.0709510e-03 -1.3228819e-02 3.0666700e-01
  vertex 7.7115410e-03 -1.2865929e-02 3.0666700e-01
  vertex 6.3748740e-03 -1.0635835e-02 3.0666700e-01
 endloop
endfacet
facet normal -0.000000e+00 0.000000e+00 1.000000e+00
 outer loop
  vertex 5.8453193e-03 -1.0935823e-02 3.0666700e-01
  vertex 7.0709510e-03 -1.3228819e-02 3.0666700e-01
  vertex 6.3748740e-03 -1.0635835e-02 3.0666700e-01
 endloop
endfacet
facet normal 0.000000e+00 -0.000000e+00 1.000000e+00
 outer loop
  vertex 7.7115410e-03 -1.2865929e-02 3.0666700e-01
  vertex 8.3335530e-03 -1.2472044e-02 3.0666700e-01
  vertex 6.8890710e-03 -1.0310224e-02 3.0666700e-01
 endloop
endfacet
facet normal -0.000000e+00 0.000000e+00 1.000000e+00
 outer loop
  vertex 6.3748740e-03 -1.0635835e-02 3.0666700e-01
  vertex 7.7115410e-03 -1.2865929e-02 3.0666700e-01
  vertex 6.8890710e-03 -1.0310224e-02 3.0666700e-01
 endloop
endfacet
facet normal 0.000000e+00 -0.000000e+00 1.000000e+00
 outer loop
  vertex 8.3335530e-03 -1.2472044e-02 3.0666700e-01
  vertex 8.9354900e-03 -1.2048113e-02 3.0666700e-01
  vertex 7.3866715e-03 -9.9597730e-03 3.0666700e-01
 endloop
endfacet
facet normal -0.000000e+00 0.000000e+00 1.000000e+00
 outer loop
  vertex 6.8890710e-03 -1.0310224e-02 3.0666700e-01
  vertex 8.3335530e-03 -1.2472044e-02 3.0666700e-01
  vertex 7.3866715e-03 -9.9597730e-03 3.0666700e-01
 endloop
endfacet
facet normal 0.000000e+00 -0.000000e+00 1.000000e+00
 outer loop
  vertex 8.9354900e-03 -1.2048113e-02 3.0666700e-01
  vertex 9.5159000e-03 -1.1595157e-02 3.0666700e-01
  vertex 7.8664765e-03 -9.5853290e-03 3.0666700e-01
 endloop
endfacet
facet normal -0.000000e+00 0.000000e+00 1.000000e+00
 outer loop
  vertex 7.3866715e-03 -9.9597730e-03 3.0666700e-01
  vertex 8.9354900e-03 -1.2048113e-02 3.0666700e-01
  vertex 7.8664765e-03 -9.5853290e-03 3.0666700e-01
 endloop
endfacet
facet normal 0.000000e+00 -0.000000e+00 1.000000e+00
 outer loop
  vertex 9.5159000e-03 -1.1595157e-02 3.0666700e-01
  vertex 1.0073384e-02 -1.1114266e-02 3.0666700e-01
  vertex 8.3273320e-03 -9.1877950e-03 3.0666700e-01
 endloop
endfacet
facet normal -0.000000e+00 0.000000e+00 1.000000e+00
 outer loop
  vertex 7.8664765e-03 -9.5853290e-03 3.0666700e-01
  vertex 9.5159000e-03 -1.1595157e-02 3.0666700e-01
  vertex 8.3273320e-03 -9.1877950e-03 3.0666700e-01
 endloop
endfacet
facet normal 0.000000e+00 -0.000000e+00 1.000000e+00
 outer loop
  vertex 1.0073384e-02 -1.1114266e-02 3.0666700e-01
  vertex 1.0606602e-02 -1.0606602e-02 3.0666700e-01
  vertex 8.7681250e-03 -8.7681250e-03 3.0666700e-01
 endloop
endfacet
facet normal -0.000000e+00 0.000000e+00 1.000000e+00
 outer loop
  vertex 8.3273320e-03 -9.1877950e-03 3.0666700e-01
  vertex 1.0073384e-02 -1.1114266e-02 3.0666700e-01
  vertex 8.7681250e-03 -8.7681250e-03 3.0666700e-01
 endloop
endfacet
facet normal 0.000000e+00 -0.000000e+00 1.000000e+00
 outer loop
  vertex 1.0606602e-02 -1.0606602e-02 3.0666700e-01
  vertex 1.1114266e-02 -1.0073384e-02 3.0666700e-01
  vertex 9.1877950e-03 -8.3273320e-03 3.0666700e-01
 endloop
endfacet
facet normal -0.000000e+00 0.000000e+00 1.000000e+00
 outer loop
  vertex 8.7681250e-03 -8.7681250e-03 3.0666700e-01
  vertex 1.0606602e-02 -1.0606602e-02 3.0666700e-01
  vertex 9.1877950e-03 -8.3273320e-03 3.0666700e-01
 endloop
endfacet
facet normal 0.000000e+00 -0.000000e+00 1.000000e+00
 outer loop
  vertex 1.1114266e-02 -1.0073384e-02 3.0666700e-01
  vertex 1.1595157e-02 -9.5159000e-03 3.0666700e-01
  vertex 9.5853290e-03 -7.8664765e-03 3.0666700e-01
 endloop
endfacet
facet normal -0.000000e+00 0.000000e+00 1.000000e+00
 outer loop
  vertex 9.1877950e-03 -8.3273320e-03 3.0666700e-01
  vertex 1.1114266e-02 -1.0073384e-02 3.0666700e-01
  vertex 9.5853290e-03 -7.8664765e-03 3.0666700e-01
 endloop
endfacet
facet normal 0.000000e+00 -0.000000e+00 1.000000e+00
 outer loop
  vertex 1.1595157e-02 -9.5159000e-03 3.0666700e-01
  vertex 1.2048113e-02 -8.9354900e-03 3.0666700e-01
  vertex 9.9597730e-03 -7.3866715e-03 3.0666700e-01
 endloop
endfacet
facet normal -0.000000e+00 0.000000e+00 1.000000e+00
 outer loop
  vertex 9.5853290e-03 -7.8664765e-03 3.0666700e-01
  vertex 1.1595157e-02 -9.5159000e-03 3.0666700e-01
  vertex 9.9597730e-03 -7.3866715e-03 3.0666700e-01
 endloop
endfacet
facet normal 0.000000e+00 -0.000000e+00 1.000000e+00
 outer loop
  vertex 1.2048113e-02 -8.9354900e-03 3.0666700e-01
  vertex 1.2472044e-02 -8.3335530e-03 3.0666700e-01
  vertex 1.0310224e-02 -6.8890710e-03 3.0666700e-01
 endloop
endfacet
facet normal -0.000000e+00 0.000000e+00 1.000000e+00
 outer loop
  vertex 9.9597730e-03 -7.3866715e-03 3.0666700e-01
  vertex 1.2048113e-02 -8.9354900e-03 3.0666700e-01
  vertex 1.0310224e-02 -6.8890710e-03 3.0666700e-01
 endloop
endfacet
facet normal 0.000000e+00 -0.000000e+00 1.000000e+00
 outer loop
  vertex 1.2472044e-02 -8.3335530e-03 3.0666700e-01
  vertex 1.2865929e-02 -7.7115410e-03 3.0666700e-01
  vertex 1.0635835e-02 -6.3748740e-03 3.0666700e-01
 endloop
endfacet
facet normal -0.000000e+00 0.000000e+00 1.000000e+00
 outer loop
  vertex 1.0310224e-02 -6.8890710e-03 3.0666700e-01
  vertex 1.2472044e-02 -8.3335530e-03 3.0666700e-01
  vertex 1.0635835e-02 -6.3748740e-03 3.0666700e-01
 endloop
endfacet
facet normal 0.000000e+00 -0.000000e+00 1.000000e+00
 outer loop
  vertex 1.2865929e-02 -7.7115410e-03 3.0666700e-01
  vertex 1.3228819e-02 -7.0709510e-03 3.0666700e-01
  vertex 1.0935823e-02 -5.8453193e-03 3.0666700e-01
 endloop
endfacet
facet normal -0.000000e+00 0.000000e+00 1.000000e+00
 outer loop
  vertex 1.0635835e-02 -6.3748740e-03 3.0666700e-01
  vertex 1.2865929e-02 -7.7115410e-03 3.0666700e-01
  vertex 1.0935823e-02 -5.8453193e-03 3.0666700e-01
 endloop
endfacet
facet normal 0.000000e+00 -0.000000e+00 1.000000e+00
 outer loop
  vertex 1.3228819e-02 -7.0709510e-03 3.0666700e-01
  vertex 1.3559839e-02 -6.4133267e-03 3.0666700e-01
  vertex 1.1209468e-02 -5.3016834e-03 3.0666700e-01
 endloop
endfacet
facet normal -0.000000e+00 0.000000e+00 1.000000e+00
 outer loop
  vertex 1.0935823e-02 -5.8453193e-03 3.0666700e-01
  vertex 1.3228819e-02 -7.0709510e-03 3.0666700e-01
  vertex 1.1209468e-02 -5.3016834e-03 3.0666700e-01
 endloop
endfacet
facet normal 0.000000e+00 -0.000000e+00 1.000000e+00
 outer loop
  vertex 1.3559839e-02 -6.4133267e-03 3.0666700e-01
  vertex 1.3858192e-02 -5.7402515e-03 3.0666700e-01
  vertex 1.1456106e-02 -4.7452745e-03 3.0666700e-01
 endloop
endfacet
facet normal -0.000000e+00 0.000000e+00 1.000000e+00
 outer loop
  vertex 1.1209468e-02 -5.3016834e-03 3.0666700e-01
  vertex 1.3559839e-02 -6.4133267e-03 3.0666700e-01
  vertex 1.1456106e-02 -4.7452745e-03 3.0666700e-01
 endloop
endfacet
facet normal 0.000000e+00 -0.000000e+00 1.000000e+00
 outer loop
  vertex 1.3858192e-02 -5.7402515e-03 3.0666700e-01
  vertex 1.4123161e-02 -5.0533480e-03 3.0666700e-01
  vertex 1.1675146e-02 -4.1774344e-03 3.0666700e-01
 endloop
endfacet
facet normal -0.000000e+00 0.000000e+00 1.000000e+00
 outer loop
  vertex 1.1456106e-02 -4.7452745e-03 3.0666700e-01
  vertex 1.3858192e-02 -5.7402515e-03 3.0666700e-01
  vertex 1.1675146e-02 -4.1774344e-03 3.0666700e-01
 endloop
endfacet
facet normal 0.000000e+00 -0.000000e+00 1.000000e+00
 outer loop
  vertex 1.4123161e-02 -5.0533480e-03 3.0666700e-01
  vertex 1.4354105e-02 -4.3542700e-03 3.0666700e-01
  vertex 1.1866060e-02 -3.5995300e-03 3.0666700e-01
 endloop
endfacet
facet normal -0.000000e+00 0.000000e+00 1.000000e+00
 outer loop
  vertex 1.1675146e-02 -4.1774344e-03 3.0666700e-01
  vertex 1.4123161e-02 -5.0533480e-03 3.0666700e-01
  vertex 1.1866060e-02 -3.5995300e-03 3.0666700e-01
 endloop
endfacet
facet normal 0.000000e+00 -0.000000e+00 1.000000e+00
 outer loop
  vertex 1.4354105e-02 -4.3542700e-03 3.0666700e-01
  vertex 1.4550468e-02 -3.6447027e-03 3.0666700e-01
  vertex 1.2028388e-02 -3.0129542e-03 3.0666700e-01
 endloop
endfacet
facet normal -0.000000e+00 0.000000e+00 1.000000e+00
 outer loop
  vertex 1.1866060e-02 -3.5995300e-03 3.0666700e-01
  vertex 1.4354105e-02 -4.3542700e-03 3.0666700e-01
  vertex 1.2028388e-02 -3.0129542e-03 3.0666700e-01
 endloop
endfacet
facet normal 0.000000e+00 -0.000000e+00 1.000000e+00
 outer loop
  vertex 1.4550468e-02 -3.6447027e-03 3.0666700e-01
  vertex 1.4711780e-02 -2.9263546e-03 3.0666700e-01
  vertex 1.2161737e-02 -2.4191198e-03 3.0666700e-01
 endloop
endfacet
facet normal -0.000000e+00 0.000000e+00 1.000000e+00
 outer loop
  vertex 1.2028388e-02 -3.0129542e-03 3.0666700e-01
  vertex 1.4550468e-02 -3.6447027e-03 3.0666700e-01
  vertex 1.2161737e-02 -2.4191198e-03 3.0666700e-01
 endloop
endfacet
facet normal 0.000000e+00 -0.000000e+00 1.000000e+00
 outer loop
  vertex 1.4711780e-02 -2.9263546e-03 3.0666700e-01
  vertex 1.4837647e-02 -2.2009570e-03 3.0666700e-01
  vertex 1.2265788e-02 -1.8194579e-03 3.0666700e-01
 endloop
endfacet
facet normal -0.000000e+00 0.000000e+00 1.000000e+00
 outer loop
  vertex 1.2161737e-02 -2.4191198e-03 3.0666700e-01
  vertex 1.4711780e-02 -2.9263546e-03 3.0666700e-01
  vertex 1.2265788e-02 -1.8194579e-03 3.0666700e-01
 endloop
endfacet
facet normal 0.000000e+00 -0.000000e+00 1.000000e+00
 outer loop
  vertex 1.4837647e-02 -2.2009570e-03 3.0666700e-01
  vertex 1.4927771e-02 -1.4702570e-03 3.0666700e-01
  vertex 1.2340290e-02 -1.2154125e-03 3.0666700e-01
 endloop
endfacet
facet normal -0.000000e+00 0.000000e+00 1.000000e+00
 outer loop
  vertex 1.2265788e-02 -1.8194579e-03 3.0666700e-01
  vertex 1.4837647e-02 -2.2009570e-03 3.0666700e-01
  vertex 1.2340290e-02 -1.2154125e-03 3.0666700e-01
 endloop
endfacet
facet normal 0.000000e+00 -0.000000e+00 1.000000e+00
 outer loop
  vertex 1.4927771e-02 -1.4702570e-03 3.0666700e-01
  vertex 1.4981932e-02 -7.3601510e-04 3.0666700e-01
  vertex 1.2385064e-02 -6.0843915e-04 3.0666700e-01
 endloop
endfacet
facet normal -0.000000e+00 0.000000e+00 1.000000e+00
 outer loop
  vertex 1.2340290e-02 -1.2154125e-03 3.0666700e-01
  vertex 1.4927771e-02 -1.4702570e-03 3.0666700e-01
  vertex 1.2385064e-02 -6.0843915e-04 3.0666700e-01
 endloop
endfacet
facet normal 0.000000e+00 -0.000000e+00 1.000000e+00
 outer loop
  vertex 1.4981932e-02 -7.3601510e-04 3.0666700e-01
  vertex 1.5000000e-02 -0.0000000e+00 3.0666700e-01
  vertex 1.2400001e-02 -0.0000000e+00 3.0666700e-01
 endloop
endfacet
facet normal -0.000000e+00 0.000000e+00 1.000000e+00
 outer loop
  vertex 1.2385064e-02 -6.0843915e-04 3.0666700e-01
  vertex 1.4981932e-02 -7.3601510e-04 3.0666700e-01
  vertex 1.2400001e-02 -0.0000000e+00 3.0666700e-01
 endloop
endfacet
facet normal 0.000000e+00 0.000000e+00 1.000000e+00
 outer loop
  vertex 1.5000000e-02 -0.0000000e+00 3.0666700e-01
  vertex 1.4981932e-02 7.3601510e-04 3.0666700e-01
  vertex 1.2385064e-02 6.0843915e-04 3.0666700e-01
 endloop
endfacet
facet normal 0.000000e+00 -0.000000e+00 1.000000e+00
 outer loop
  vertex 1.2400001e-02 -0.0000000e+00 3.0666700e-01
  vertex 1.5000000e-02 -0.0000000e+00 3.0666700e-01
  vertex 1.2385064e-02 6.0843915e-04 3.0666700e-01
 endloop
endfacet
facet normal 0.000000e+00 0.000000e+00 1.000000e+00
 outer loop
  vertex 1.4981932e-02 7.3601510e-04 3.0666700e-01
  vertex 1.4927771e-02 1.4702570e-03 3.0666700e-01
  vertex 1.2340290e-02 1.2154125e-03 3.0666700e-01
 endloop
endfacet
facet normal 0.000000e+00 -0.000000e+00 1.000000e+00
 outer loop
  vertex 1.2385064e-02 6.0843915e-04 3.0666700e-01
  vertex 1.4981932e-02 7.3601510e-04 3.0666700e-01
  vertex 1.2340290e-02 1.2154125e-03 3.0666700e-01
 endloop
endfacet
facet normal 0.000000e+00 0.000000e+00 1.000000e+00
 outer loop
  vertex 1.4927771e-02 1.4702570e-03 3.0666700e-01
  vertex 1.4837647e-02 2.2009570e-03 3.0666700e-01
  vertex 1.2265788e-02 1.8194579e-03 3.0666700e-01
 endloop
endfacet
facet normal 0.000000e+00 -0.000000e+00 1.000000e+00
 outer loop
  vertex 1.2340290e-02 1.2154125e-03 3.0666700e-01
  vertex 1.4927771e-02 1.4702570e-03 3.0666700e-01
  vertex 1.2265788e-02 1.8194579e-03 3.0666700e-01
 endloop
endfacet
facet normal 0.000000e+00 0.000000e+00 1.000000e+00
 outer loop
  vertex 1.4837647e-02 2.2009570e-03 3.0666700e-01
  vertex 1.4711780e-02 2.9263546e-03 3.0666700e-01
  vertex 1.2161737e-02 2.4191198e-03 3.0666700e-01
 endloop
endfacet
facet normal 0.000000e+00 -0.000000e+00 1.000000e+00
 outer loop
  vertex 1.2265788e-02 1.8194579e-03 3.0666700e-01
  vertex 1.4837647e-02 2.2009570e-03 3.0666700e-01
  vertex 1.2161737e-02 2.4191198e-03 3.0666700e-01
 endloop
endfacet
facet normal 0.000000e+00 0.000000e+00 1.000000e+00
 outer loop
  vertex 1.4711780e-02 2.9263546e-03 3.0666700e-01
  vertex 1.4550468e-02 3.6447027e-03 3.0666700e-01
  vertex 1.2028388e-02 3.0129542e-03 3.0666700e-01
 endloop
endfacet
facet normal 0.000000e+00 -0.000000e+00 1.000000e+00
 outer loop
  vertex 1.2161737e-02 2.4191198e-03 3.0666700e-01
  vertex 1.4711780e-02 2.9263546e-03 3.0666700e-01
  vertex 1.2028388e-02 3.0129542e-03 3.0666700e-01
 endloop
endfacet
facet normal 0.000000e+00 0.000000e+00 1.000000e+00
 outer loop
  vertex 1.4550468e-02 3.6447027e-03 3.0666700e-01
  vertex 1.4354105e-02 4.3542700e-03 3.0666700e-01
  vertex 1.1866060e-02 3.5995300e-03 3.0666700e-01
 endloop
endfacet
facet normal 0.000000e+00 -0.000000e+00 1.000000e+00
 outer loop
  vertex 1.2028388e-02 3.0129542e-03 3.0666700e-01
  vertex 1.4550468e-02 3.6447027e-03 3.0666700e-01
  vertex 1.1866060e-02 3.5995300e-03 3.0666700e-01
 endloop
endfacet
facet normal 0.000000e+00 0.000000e+00 1.000000e+00
 outer loop
  vertex 1.4354105e-02 4.3542700e-03 3.0666700e-01
  vertex 1.4123161e-02 5.0533480e-03 3.0666700e-01
  vertex 1.1675146e-02 4.1774344e-03 3.0666700e-01
 endloop
endfacet
facet normal 0.000000e+00 -0.000000e+00 1.000000e+00
 outer loop
  vertex 1.1866060e-02 3.5995300e-03 3.0666700e-01
  vertex 1.4354105e-02 4.3542700e-03 3.0666700e-01
  vertex 1.1675146e-02 4.1774344e-03 3.0666700e-01
 endloop
endfacet
facet normal 0.000000e+00 0.000000e+00 1.000000e+00
 outer loop
  vertex 1.4123161e-02 5.0533480e-03 3.0666700e-01
  vertex 1.3858192e-02 5.7402515e-03 3.0666700e-01
  vertex 1.1456106e-02 4.7452745e-03 3.0666700e-01
 endloop
endfacet
facet normal 0.000000e+00 -0.000000e+00 1.000000e+00
 outer loop
  vertex 1.1675146e-02 4.1774344e-03 3.0666700e-01
  vertex 1.4123161e-02 5.0533480e-03 3.0666700e-01
  vertex 1.1456106e-02 4.7452745e-03 3.0666700e-01
 endloop
endfacet
facet normal 0.000000e+00 0.000000e+00 1.000000e+00
 outer loop
  vertex 1.3858192e-02 5.7402515e-03 3.0666700e-01
  vertex 1.3559839e-02 6.4133267e-03 3.0666700e-01
  vertex 1.1209468e-02 5.3016834e-03 3.0666700e-01
 endloop
endfacet
facet normal 0.000000e+00 -0.000000e+00 1.000000e+00
 outer loop
  vertex 1.1456106e-02 4.7452745e-03 3.0666700e-01
  vertex 1.3858192e-02 5.7402515e-03 3.0666700e-01
  vertex 1.1209468e-02 5.3016834e-03 3.0666700e-01
 endloop
endfacet
facet normal 0.000000e+00 0.000000e+00 1.000000e+00
 outer loop
  vertex 1.3559839e-02 6.4133267e-03 3.0666700e-01
  vertex 1.3228819e-02 7.0709510e-03 3.0666700e-01
  vertex 1.0935823e-02 5.8453193e-03 3.0666700e-01
 endloop
endfacet
facet normal 0.000000e+00 -0.000000e+00 1.000000e+00
 outer loop
  vertex 1.1209468e-02 5.3016834e-03 3.0666700e-01
  vertex 1.3559839e-02 6.4133267e-03 3.0666700e-01
  vertex 1.0935823e-02 5.8453193e-03 3.0666700e-01
 endloop
endfacet
facet normal 0.000000e+00 0.000000e+00 1.000000e+00
 outer loop
  vertex 1.3228819e-02 7.0709510e-03 3.0666700e-01
  vertex 1.2865929e-02 7.7115410e-03 3.0666700e-01
  vertex 1.0635835e-02 6.3748740e-03 3.0666700e-01
 endloop
endfacet
facet normal 0.000000e+00 -0.000000e+00 1.000000e+00
 outer loop
  vertex 1.0935823e-02 5.8453193e-03 3.0666700e-01
  vertex 1.3228819e-02 7.0709510e-03 3.0666700e-01
  vertex 1.0635835e-02 6.3748740e-03 3.0666700e-01
 endloop
endfacet
facet normal 0.000000e+00 0.000000e+00 1.000000e+00
 outer loop
  vertex 1.2865929e-02 7.7115410e-03 3.0666700e-01
  vertex 1.2472044e-02 8.3335530e-03 3.0666700e-01
  vertex 1.0310224e-02 6.8890710e-03 3.0666700e-01
 endloop
endfacet
facet normal 0.000000e+00 -0.000000e+00 1.000000e+00
 outer loop
  vertex 1.0635835e-02 6.3748740e-03 3.0666700e-01
  vertex 1.2865929e-02 7.7115410e-03 3.0666700e-01
  vertex 1.0310224e-02 6.8890710e-03 3.0666700e-01
 endloop
endfacet
facet normal 0.000000e+00 0.000000e+00 1.000000e+00
 outer loop
  vertex 1.2472044e-02 8.3335530e-03 3.0666700e-01
  vertex 1.2048113e-02 8.9354900e-03 3.0666700e-01
  vertex 9.9597730e-03 7.3866715e-03 3.0666700e-01
 endloop
endfacet
facet normal 0.000000e+00 -0.000000e+00 1.000000e+00
 outer loop
  vertex 1.0310224e-02 6.8890710e-03 3.0666700e-01
  vertex 1.2472044e-02 8.3335530e-03 3.0666700e-01
  vertex 9.9597730e-03 7.3866715e-03 3.0666700e-01
 endloop
endfacet
facet normal 0.000000e+00 0.000000e+00 1.000000e+00
 outer loop
  vertex 1.2048113e-02 8.9354900e-03 3.0666700e-01
  vertex 1.1595157e-02 9.5159000e-03 3.0666700e-01
  vertex 9.5853290e-03 7.8664765e-03 3.0666700e-01
 endloop
endfacet
facet normal 0.000000e+00 -0.000000e+00 1.000000e+00
 outer loop
  vertex 9.9597730e-03 7.3866715e-03 3.0666700e-01
  vertex 1.2048113e-02 8.9354900e-03 3.0666700e-01
  vertex 9.5853290e-03 7.8664765e-03 3.0666700e-01
 endloop
endfacet
facet normal 0.000000e+00 0.000000e+00 1.000000e+00
 outer loop
  vertex 1.1595157e-02 9.5159000e-03 3.0666700e-01
  vertex 1.1114266e-02 1.0073384e-02 3.0666700e-01
  vertex 9.1877950e-03 8.3273320e-03 3.0666700e-01
 endloop
endfacet
facet normal 0.000000e+00 -0.000000e+00 1.000000e+00
 outer loop
  vertex 9.5853290e-03 7.8664765e-03 3.0666700e-01
  vertex 1.1595157e-02 9.5159000e-03 3.0666700e-01
  vertex 9.1877950e-03 8.3273320e-03 3.0666700e-01
 endloop
endfacet
facet normal 0.000000e+00 0.000000e+00 1.000000e+00
 outer loop
  vertex 1.1114266e-02 1.0073384e-02 3.0666700e-01
  vertex 1.0606602e-02 1.0606602e-02 3.0666700e-01
  vertex 8.7681250e-03 8.7681250e-03 3.0666700e-01
 endloop
endfacet
facet normal 0.000000e+00 -0.000000e+00 1.000000e+00
 outer loop
  vertex 9.1877950e-03 8.3273320e-03 3.0666700e-01
  vertex 1.1114266e-02 1.0073384e-02 3.0666700e-01
  vertex 8.7681250e-03 8.7681250e-03 3.0666700e-01
 endloop
endfacet
facet normal 0.000000e+00 0.000000e+00 1.000000e+00
 outer loop
  vertex 1.0606602e-02 1.0606602e-02 3.0666700e-01
  vertex 1.0073384e-02 1.1114266e-02 3.0666700e-01
  vertex 8.3273320e-03 9.1877950e-03 3.0666700e-01
 endloop
endfacet
facet normal 0.000000e+00 -0.000000e+00 1.000000e+00
 outer loop
  vertex 8.7681250e-03 8.7681250e-03 3.0666700e-01
  vertex 1.0606602e-02 1.0606602e-02 3.0666700e-01
  vertex 8.3273320e-03 9.1877950e-03 3.0666700e-01
 endloop
endfacet
facet normal 0.000000e+00 0.000000e+00 1.000000e+00
 outer loop
  vertex 1.0073384e-02 1.1114266e-02 3.0666700e-01
  vertex 9.5159000e-03 1.1595157e-02 3.0666700e-01
  vertex 7.8664765e-03 9.5853290e-03 3.0666700e-01
 endloop
endfacet
facet normal 0.000000e+00 -0.000000e+00 1.000000e+00
 outer loop
  vertex 8.3273320e-03 9.1877950e-03 3.0666700e-01
  vertex 1.0073384e-02 1.1114266e-02 3.0666700e-01
  vertex 7.8664765e-03 9.5853290e-03 3.0666700e-01
 endloop
endfacet
facet normal 0.000000e+00 0.000000e+00 1.000000e+00
 outer loop
  vertex 9.5159000e-03 1.1595157e-02 3.0666700e-01
  vertex 8.9354900e-03 1.2048113e-02 3.0666700e-01
  vertex 7.3866715e-03 9.9597730e-03 3.0666700e-01
 endloop
endfacet
facet normal 0.000000e+00 -0.000000e+00 1.000000e+00
 outer loop
  vertex 7.8664765e-03 9.5853290e-03 3.0666700e-01
  vertex 9.5159000e-03 1.1595157e-02 3.0666700e-01
  vertex 7.3866715e-03 9.9597730e-03 3.0666700e-01
 endloop
endfacet
facet normal 0.000000e+00 0.000000e+00 1.000000e+00
 outer loop
  vertex 8.9354900e-03 1.2048113e-02 3.0666700e-01
  vertex 8.3335530e-03 1.2472044e-02 3.0666700e-01
  vertex 6.8890710e-03 1.0310224e-02 3.0666700e-01
 endloop
endfacet
facet normal 0.000000e+00 -0.000000e+00 1.000000e+00
 outer loop
  vertex 7.3866715e-03 9.9597730e-03 3.0666700e-01
  vertex 8.9354900e-03 1.2048113e-02 3.0666700e-01
  vertex 6.8890710e-03 1.0310224e-02 3.0666700e-01
 endloop
endfacet
facet normal 0.000000e+00 0.000000e+00 1.000000e+00
 outer loop
  vertex 8.3335530e-03 1.2472044e-02 3.0666700e-01
  vertex 7.7115410e-03 1.2865929e-02 3.0666700e-01
  vertex 6.3748740e-03 1.0635835e-02 3.0666700e-01
 endloop
endfacet
facet normal 0.000000e+00 -0.000000e+00 1.000000e+00
 outer loop
  vertex 6.8890710e-03 1.0310224e-02 3.0666700e-01
  vertex 8.3335530e-03 1.2472044e-02 3.0666700e-01
  vertex 6.3748740e-03 1.0635835e-02 3.0666700e-01
 endloop
endfacet
facet normal 0.000000e+00 0.000000e+00 1.000000e+00
 outer loop
  vertex 7.7115410e-03 1.2865929e-02 3.0666700e-01
  vertex 7.0709510e-03 1.3228819e-02 3.0666700e-01
  vertex 5.8453193e-03 1.0935823e-02 3.0666700e-01
 endloop
endfacet
facet normal 0.000000e+00 -0.000000e+00 1.000000e+00
 outer loop
  vertex 6.3748740e-03 1.0635835e-02 3.0666700e-01
  vertex 7.7115410e-03 1.2865929e-02 3.0666700e-01
  vertex 5.8453193e-03 1.0935823e-02 3.0666700e-01
 endloop
endfacet
facet normal 0.000000e+00 0.000000e+00 1.000000e+00
 outer loop
  vertex 7.0709510e-03 1.3228819e-02 3.0666700e-01
  vertex 6.4133267e-03 1.3559839e-02 3.0666700e-01
  vertex 5.3016834e-03 1.1209468e-02 3.0666700e-01
 endloop
endfacet
facet normal 0.000000e+00 -0.000000e+00 1.000000e+00
 outer loop
  vertex 5.8453193e-03 1.0935823e-02 3.0666700e-01
  vertex 7.0709510e-03 1.3228819e-02 3.0666700e-01
  vertex 5.3016834e-03 1.1209468e-02 3.0666700e-01
 endloop
endfacet
facet normal 0.000000e+00 0.000000e+00 1.000000e+00
 outer loop
  vertex 6.4133267e-03 1.3559839e-02 3.0666700e-01
  vertex 5.7402515e-03 1.3858192e-02 3.0666700e-01
  vertex 4.7452745e-03 1.1456106e-02 3.0666700e-01
 endloop
endfacet
facet normal 0.000000e+00 -0.000000e+00 1.000000e+00
 outer loop
  vertex 5.3016834e-03 1.1209468e-02 3.0666700e-01
  vertex 6.4133267e-03 1.3559839e-02 3.0666700e-01
  vertex 4.7452745e-03 1.1456106e-02 3.0666700e-01
 endloop
endfacet
facet normal 0.000000e+00 0.000000e+00 1.000000e+00
 outer loop
  vertex 5.7402515e-03 1.3858192e-02 3.0666700e-01
  vertex 5.0533480e-03 1.4123161e-02 3.0666700e-01
  vertex 4.1774344e-03 1.1675146e-02 3.0666700e-01
 endloop
endfacet
facet normal 0.000000e+00 -0.000000e+00 1.000000e+00
 outer loop
  vertex 4.7452745e-03 1.1456106e-02 3.0666700e-01
  vertex 5.7402515e-03 1.3858192e-02 3.0666700e-01
  vertex 4.1774344e-03 1.1675146e-02 3.0666700e-01
 endloop
endfacet
facet normal 0.000000e+00 0.000000e+00 1.000000e+00
 outer loop
  vertex 5.0533480e-03 1.4123161e-02 3.0666700e-01
  vertex 4.3542700e-03 1.4354105e-02 3.0666700e-01
  vertex 3.5995300e-03 1.1866060e-02 3.0666700e-01
 endloop
endfacet
facet normal 0.000000e+00 -0.000000e+00 1.000000e+00
 outer loop
  vertex 4.1774344e-03 1.1675146e-02 3.0666700e-01
  vertex 5.0533480e-03 1.4123161e-02 3.0666700e-01
  vertex 3.5995300e-03 1.1866060e-02 3.0666700e-01
 endloop
endfacet
facet normal 0.000000e+00 0.000000e+00 1.000000e+00
 outer loop
  vertex 4.3542700e-03 1.4354105e-02 3.0666700e-01
  vertex 3.6447027e-03 1.4550468e-02 3.0666700e-01
  vertex 3.0129542e-03 1.2028388e-02 3.0666700e-01
 endloop
endfacet
facet normal 0.000000e+00 -0.000000e+00 1.000000e+00
 outer loop
  vertex 3.5995300e-03 1.1866060e-02 3.0666700e-01
  vertex 4.3542700e-03 1.4354105e-02 3.0666700e-01
  vertex 3.0129542e-03 1.2028388e-02 3.0666700e-01
 endloop
endfacet
facet normal 0.000000e+00 0.000000e+00 1.000000e+00
 outer loop
  vertex 3.6447027e-03 1.4550468e-02 3.0666700e-01
  vertex 2.9263546e-03 1.4711780e-02 3.0666700e-01
  vertex 2.4191198e-03 1.2161737e-02 3.0666700e-01
 endloop
endfacet
facet normal 0.000000e+00 -0.000000e+00 1.000000e+00
 outer loop
  vertex 3.0129542e-03 1.2028388e-02 3.0666700e-01
  vertex 3.6447027e-03 1.4550468e-02 3.0666700e-01
  vertex 2.4191198e-03 1.2161737e-02 3.0666700e-01
 endloop
endfacet
facet normal 0.000000e+00 0.000000e+00 1.000000e+00
 outer loop
  vertex 2.9263546e-03 1.4711780e-02 3.0666700e-01
  vertex 2.2009570e-03 1.4837647e-02 3.0666700e-01
  vertex 1.8194579e-03 1.2265788e-02 3.0666700e-01
 endloop
endfacet
facet normal 0.000000e+00 -0.000000e+00 1.000000e+00
 outer loop
  vertex 2.4191198e-03 1.2161737e-02 3.0666700e-01
  vertex 2.9263546e-03 1.4711780e-02 3.0666700e-01
  vertex 1.8194579e-03 1.2265788e-02 3.0666700e-01
 endloop
endfacet
facet normal 0.000000e+00 0.000000e+00 1.000000e+00
 outer loop
  vertex 2.2009570e-03 1.4837647e-02 3.0666700e-01
  vertex 1.4702570e-03 1.4927771e-02 3.0666700e-01
  vertex 1.2154125e-03 1.2340290e-02 3.0666700e-01
 endloop
endfacet
facet normal 0.000000e+00 -0.000000e+00 1.000000e+00
 outer loop
  vertex 1.8194579e-03 1.2265788e-02 3.0666700e-01
  vertex 2.2009570e-03 1.4837647e-02 3.0666700e-01
  vertex 1.2154125e-03 1.2340290e-02 3.0666700e-01
 endloop
endfacet
facet normal 0.000000e+00 0.000000e+00 1.000000e+00
 outer loop
  vertex 1.4702570e-03 1.4927771e-02 3.0666700e-01
  vertex 7.3601510e-04 1.4981932e-02 3.0666700e-01
  vertex 6.0843915e-04 1.2385064e-02 3.0666700e-01
 endloop
endfacet
facet normal 0.000000e+00 -0.000000e+00 1.000000e+00
 outer loop
  vertex 1.2154125e-03 1.2340290e-02 3.0666700e-01
  vertex 1.4702570e-03 1.4927771e-02 3.0666700e-01
  vertex 6.0843915e-04 1.2385064e-02 3.0666700e-01
 endloop
endfacet
facet normal 0.000000e+00 0.000000e+00 1.000000e+00
 outer loop
  vertex 7.3601510e-04 1.4981932e-02 3.0666700e-01
  vertex 9.1848520e-19 1.5000000e-02 3.0666700e-01
  vertex 0.0000000e+00 1.2400001e-02 3.0666700e-01
 endloop
endfacet
facet normal 0.000000e+00 -0.000000e+00 1.000000e+00
 outer loop
  vertex 6.0843915e-04 1.2385064e-02 3.0666700e-01
  vertex 7.3601510e-04 1.4981932e-02 3.0666700e-01
  vertex 0.0000000e+00 1.2400001e-02 3.0666700e-01
 endloop
endfacet
facet normal 0.000000e+00 0.000000e+00 1.000000e+00
 outer loop
  vertex 9.1848520e-19 1.5000000e-02 3.0666700e-01
  vertex -7.3601510e-04 1.4981932e-02 3.0666700e-01
  vertex -6.0843915e-04 1.2385064e-02 3.0666700e-01
 endloop
endfacet
facet normal 0.000000e+00 -0.000000e+00 1.000000e+00
 outer loop
  vertex 0.0000000e+00 1.2400001e-02 3.0666700e-01
  vertex 9.1848520e-19 1.5000000e-02 3.0666700e-01
  vertex -6.0843915e-04 1.2385064e-02 3.0666700e-01
 endloop
endfacet
facet normal 0.000000e+00 0.000000e+00 1.000000e+00
 outer loop
  vertex -7.3601510e-04 1.4981932e-02 3.0666700e-01
  vertex -1.4702570e-03 1.4927771e-02 3.0666700e-01
  vertex -1.2154125e-03 1.2340290e-02 3.0666700e-01
 endloop
endfacet
facet normal 0.000000e+00 0.000000e+00 1.000000e+00
 outer loop
  vertex -6.0843915e-04 1.2385064e-02 3.0666700e-01
  vertex -7.3601510e-04 1.4981932e-02 3.0666700e-01
  vertex -1.2154125e-03 1.2340290e-02 3.0666700e-01
 endloop
endfacet
facet normal 0.000000e+00 0.000000e+00 1.000000e+00
 outer loop
  vertex -1.4702570e-03 1.4927771e-02 3.0666700e-01
  vertex -2.2009570e-03 1.4837647e-02 3.0666700e-01
  vertex -1.8194579e-03 1.2265788e-02 3.0666700e-01
 endloop
endfacet
facet normal 0.000000e+00 0.000000e+00 1.000000e+00
 outer loop
  vertex -1.2154125e-03 1.2340290e-02 3.0666700e-01
  vertex -1.4702570e-03 1.4927771e-02 3.0666700e-01
  vertex -1.8194579e-03 1.2265788e-02 3.0666700e-01
 endloop
endfacet
facet normal 0.000000e+00 0.000000e+00 1.000000e+00
 outer loop
  vertex -2.2009570e-03 1.4837647e-02 3.0666700e-01
  vertex -2.9263546e-03 1.4711780e-02 3.0666700e-01
  vertex -2.4191198e-03 1.2161737e-02 3.0666700e-01
 endloop
endfacet
facet normal 0.000000e+00 0.000000e+00 1.000000e+00
 outer loop
  vertex -1.8194579e-03 1.2265788e-02 3.0666700e-01
  vertex -2.2009570e-03 1.4837647e-02 3.0666700e-01
  vertex -2.4191198e-03 1.2161737e-02 3.0666700e-01
 endloop
endfacet
facet normal 0.000000e+00 0.000000e+00 1.000000e+00
 outer loop
  vertex -2.9263546e-03 1.4711780e-02 3.0666700e-01
  vertex -3.6447027e-03 1.4550468e-02 3.0666700e-01
  vertex -3.0129542e-03 1.2028388e-02 3.0666700e-01
 endloop
endfacet
facet normal 0.000000e+00 0.000000e+00 1.000000e+00
 outer loop
  vertex -2.4191198e-03 1.2161737e-02 3.0666700e-01
  vertex -2.9263546e-03 1.4711780e-02 3.0666700e-01
  vertex -3.0129542e-03 1.2028388e-02 3.0666700e-01
 endloop
endfacet
facet normal 0.000000e+00 0.000000e+00 1.000000e+00
 outer loop
  vertex -3.6447027e-03 1.4550468e-02 3.0666700e-01
  vertex -4.3542700e-03 1.4354105e-02 3.0666700e-01
  vertex -3.5995300e-03 1.1866060e-02 3.0666700e-01
 endloop
endfacet
facet normal 0.000000e+00 0.000000e+00 1.000000e+00
 outer loop
  vertex -3.0129542e-03 1.2028388e-02 3.0666700e-01
  vertex -3.6447027e-03 1.4550468e-02 3.0666700e-01
  vertex -3.5995300e-03 1.1866060e-02 3.0666700e-01
 endloop
endfacet
facet normal 0.000000e+00 0.000000e+00 1.000000e+00
 outer loop
  vertex -4.3542700e-03 1.4354105e-02 3.0666700e-01
  vertex -5.0533480e-03 1.4123161e-02 3.0666700e-01
  vertex -4.1774344e-03 1.1675146e-02 3.0666700e-01
 endloop
endfacet
facet normal 0.000000e+00 0.000000e+00 1.000000e+00
 outer loop
  vertex -3.5995300e-03 1.1866060e-02 3.0666700e-01
  vertex -4.3542700e-03 1.4354105e-02 3.0666700e-01
  vertex -4.1774344e-03 1.1675146e-02 3.0666700e-01
 endloop
endfacet
facet normal 0.000000e+00 0.000000e+00 1.000000e+00
 outer loop
  vertex -5.0533480e-03 1.4123161e-02 3.0666700e-01
  vertex -5.7402515e-03 1.3858192e-02 3.0666700e-01
  vertex -4.7452745e-03 1.1456106e-02 3.0666700e-01
 endloop
endfacet
facet normal 0.000000e+00 0.000000e+00 1.000000e+00
 outer loop
  vertex -4.1774344e-03 1.1675146e-02 3.0666700e-01
  vertex -5.0533480e-03 1.4123161e-02 3.0666700e-01
  vertex -4.7452745e-03 1.1456106e-02 3.0666700e-01
 endloop
endfacet
facet normal 0.000000e+00 0.000000e+00 1.000000e+00
 outer loop
  vertex -5.7402515e-03 1.3858192e-02 3.0666700e-01
  vertex -6.4133267e-03 1.3559839e-02 3.0666700e-01
  vertex -5.3016834e-03 1.1209468e-02 3.0666700e-01
 endloop
endfacet
facet normal 0.000000e+00 0.000000e+00 1.000000e+00
 outer loop
  vertex -4.7452745e-03 1.1456106e-02 3.0666700e-01
  vertex -5.7402515e-03 1.3858192e-02 3.0666700e-01
  vertex -5.3016834e-03 1.1209468e-02 3.0666700e-01
 endloop
endfacet
facet normal 0.000000e+00 0.000000e+00 1.000000e+00
 outer loop
  vertex -6.4133267e-03 1.3559839e-02 3.0666700e-01
  vertex -7.0709510e-03 1.3228819e-02 3.0666700e-01
  vertex -5.8453193e-03 1.0935823e-02 3.0666700e-01
 endloop
endfacet
facet normal 0.000000e+00 0.000000e+00 1.000000e+00
 outer loop
  vertex -5.3016834e-03 1.1209468e-02 3.0666700e-01
  vertex -6.4133267e-03 1.3559839e-02 3.0666700e-01
  vertex -5.8453193e-03 1.0935823e-02 3.0666700e-01
 endloop
endfacet
facet normal 0.000000e+00 0.000000e+00 1.000000e+00
 outer loop
  vertex -7.0709510e-03 1.3228819e-02 3.0666700e-01
  vertex -7.7115410e-03 1.2865929e-02 3.0666700e-01
  vertex -6.3748740e-03 1.0635835e-02 3.0666700e-01
 endloop
endfacet
facet normal 0.000000e+00 0.000000e+00 1.000000e+00
 outer loop
  vertex -5.8453193e-03 1.0935823e-02 3.0666700e-01
  vertex -7.0709510e-03 1.3228819e-02 3.0666700e-01
  vertex -6.3748740e-03 1.0635835e-02 3.0666700e-01
 endloop
endfacet
facet normal 0.000000e+00 0.000000e+00 1.000000e+00
 outer loop
  vertex -7.7115410e-03 1.2865929e-02 3.0666700e-01
  vertex -8.3335530e-03 1.2472044e-02 3.0666700e-01
  vertex -6.8890710e-03 1.0310224e-02 3.0666700e-01
 endloop
endfacet
facet normal 0.000000e+00 0.000000e+00 1.000000e+00
 outer loop
  vertex -6.3748740e-03 1.0635835e-02 3.0666700e-01
  vertex -7.7115410e-03 1.2865929e-02 3.0666700e-01
  vertex -6.8890710e-03 1.0310224e-02 3.0666700e-01
 endloop
endfacet
facet normal 0.000000e+00 0.000000e+00 1.000000e+00
 outer loop
  vertex -8.3335530e-03 1.2472044e-02 3.0666700e-01
  vertex -8.9354900e-03 1.2048113e-02 3.0666700e-01
  vertex -7.3866715e-03 9.9597730e-03 3.0666700e-01
 endloop
endfacet
facet normal 0.000000e+00 0.000000e+00 1.000000e+00
 outer loop
  vertex -6.8890710e-03 1.0310224e-02 3.0666700e-01
  vertex -8.3335530e-03 1.2472044e-02 3.0666700e-01
  vertex -7.3866715e-03 9.9597730e-03 3.0666700e-01
 endloop
endfacet
facet normal 0.000000e+00 0.000000e+00 1.000000e+00
 outer loop
  vertex -8.9354900e-03 1.2048113e-02 3.0666700e-01
  vertex -9.5159000e-03 1.1595157e-02 3.0666700e-01
  vertex -7.8664765e-03 9.5853290e-03 3.0666700e-01
 endloop
endfacet
facet normal 0.000000e+00 0.000000e+00 1.000000e+00
 outer loop
  vertex -7.3866715e-03 9.9597730e-03 3.0666700e-01
  vertex -8.9354900e-03 1.2048113e-02 3.0666700e-01
  vertex -7.8664765e-03 9.5853290e-03 3.0666700e-01
 endloop
endfacet
facet normal 0.000000e+00 0.000000e+00 1.000000e+00
 outer loop
  vertex -9.5159000e-03 1.1595157e-02 3.0666700e-01
  vertex -1.0073384e-02 1.1114266e-02 3.0666700e-01
  vertex -8.3273320e-03 9.1877950e-03 3.0666700e-01
 endloop
endfacet
facet normal 0.000000e+00 0.000000e+00 1.000000e+00
 outer loop
  vertex -7.8664765e-03 9.5853290e-03 3.0666700e-01
  vertex -9.5159000e-03 1.1595157e-02 3.0666700e-01
  vertex -8.3273320e-03 9.1877950e-03 3.0666700e-01
 endloop
endfacet
facet normal 0.000000e+00 0.000000e+00 1.000000e+00
 outer loop
  vertex -1.0073384e-02 1.1114266e-02 3.0666700e-01
  vertex -1.0606602e-02 1.0606602e-02 3.0666700e-01
  vertex -8.7681250e-03 8.7681250e-03 3.0666700e-01
 endloop
endfacet
facet normal 0.000000e+00 0.000000e+00 1.000000e+00
 outer loop
  vertex -8.3273320e-03 9.1877950e-03 3.0666700e-01
  vertex -1.0073384e-02 1.1114266e-02 3.0666700e-01
  vertex -8.7681250e-03 8.7681250e-03 3.0666700e-01
 endloop
endfacet
facet normal 0.000000e+00 0.000000e+00 1.000000e+00
 outer loop
  vertex -1.0606602e-02 1.0606602e-02 3.0666700e-01
  vertex -1.1114266e-02 1.0073384e-02 3.0666700e-01
  vertex -9.1877950e-03 8.3273320e-03 3.0666700e-01
 endloop
endfacet
facet normal 0.000000e+00 0.000000e+00 1.000000e+00
 outer loop
  vertex -8.7681250e-03 8.7681250e-03 3.0666700e-01
  vertex -1.0606602e-02 1.0606602e-02 3.0666700e-01
  vertex -9.1877950e-03 8.3273320e-03 3.0666700e-01
 endloop
endfacet
facet normal 0.000000e+00 0.000000e+00 1.000000e+00
 outer loop
  vertex -1.1114266e-02 1.0073384e-02 3.0666700e-01
  vertex -1.1595157e-02 9.5159000e-03 3.0666700e-01
  vertex -9.5853290e-03 7.8664765e-03 3.0666700e-01
 endloop
endfacet
facet normal 0.000000e+00 0.000000e+00 1.000000e+00
 outer loop
  vertex -9.1877950e-03 8.3273320e-03 3.0666700e-01
  vertex -1.1114266e-02 1.0073384e-02 3.0666700e-01
  vertex -9.5853290e-03 7.8664765e-03 3.0666700e-01
 endloop
endfacet
facet normal 0.000000e+00 0.000000e+00 1.000000e+00
 outer loop
  vertex -1.1595157e-02 9.5159000e-03 3.0666700e-01
  vertex -1.2048113e-02 8.9354900e-03 3.0666700e-01
  vertex -9.9597730e-03 7.3866715e-03 3.0666700e-01
 endloop
endfacet
facet normal 0.000000e+00 0.000000e+00 1.000000e+00
 outer loop
  vertex -9.5853290e-03 7.8664765e-03 3.0666700e-01
  vertex -1.1595157e-02 9.5159000e-03 3.0666700e-01
  vertex -9.9597730e-03 7.3866715e-03 3.0666700e-01
 endloop
endfacet
facet normal 0.000000e+00 0.000000e+00 1.000000e+00
 outer loop
  vertex -1.2048113e-02 8.9354900e-03 3.0666700e-01
  vertex -1.2472044e-02 8.3335530e-03 3.0666700e-01
  vertex -1.0310224e-02 6.8890710e-03 3.0666700e-01
 endloop
endfacet
facet normal 0.000000e+00 0.000000e+00 1.000000e+00
 outer loop
  vertex -9.9597730e-03 7.3866715e-03 3.0666700e-01
  vertex -1.2048113e-02 8.9354900e-03 3.0666700e-01
  vertex -1.0310224e-02 6.8890710e-03 3.0666700e-01
 endloop
endfacet
facet normal 0.000000e+00 0.000000e+00 1.000000e+00
 outer loop
  vertex -1.2472044e-02 8.3335530e-03 3.0666700e-01
  vertex -1.2865929e-02 7.7115410e-03 3.0666700e-01
  vertex -1.0635835e-02 6.3748740e-03 3.0666700e-01
 endloop
endfacet
facet normal 0.000000e+00 0.000000e+00 1.000000e+00
 outer loop
  vertex -1.0310224e-02 6.8890710e-03 3.0666700e-01
  vertex -1.2472044e-02 8.3335530e-03 3.0666700e-01
  vertex -1.0635835e-02 6.3748740e-03 3.0666700e-01
 endloop
endfacet
facet normal 0.000000e+00 0.000000e+00 1.000000e+00
 outer loop
  vertex -1.2865929e-02 7.7115410e-03 3.0666700e-01
  vertex -1.3228819e-02 7.0709510e-03 3.0666700e-01
  vertex -1.0935823e-02 5.8453193e-03 3.0666700e-01
 endloop
endfacet
facet normal 0.000000e+00 0.000000e+00 1.000000e+00
 outer loop
  vertex -1.0635835e-02 6.3748740e-03 3.0666700e-01
  vertex -1.2865929e-02 7.7115410e-03 3.0666700e-01
  vertex -1.0935823e-02 5.8453193e-03 3.0666700e-01
 endloop
endfacet
facet normal 0.000000e+00 0.000000e+00 1.000000e+00
 outer loop
  vertex -1.3228819e-02 7.0709510e-03 3.0666700e-01
  vertex -1.3559839e-02 6.4133267e-03 3.0666700e-01
  vertex -1.1209468e-02 5.3016834e-03 3.0666700e-01
 endloop
endfacet
facet normal 0.000000e+00 0.000000e+00 1.000000e+00
 outer loop
  vertex -1.0935823e-02 5.8453193e-03 3.0666700e-01
  vertex -1.3228819e-02 7.0709510e-03 3.0666700e-01
  vertex -1.1209468e-02 5.3016834e-03 3.0666700e-01
 endloop
endfacet
facet normal 0.000000e+00 0.000000e+00 1.000000e+00
 outer loop
  vertex -1.3559839e-02 6.4133267e-03 3.0666700e-01
  vertex -1.3858192e-02 5.7402515e-03 3.0666700e-01
  vertex -1.1456106e-02 4.7452745e-03 3.0666700e-01
 endloop
endfacet
facet normal 0.000000e+00 0.000000e+00 1.000000e+00
 outer loop
  vertex -1.1209468e-02 5.3016834e-03 3.0666700e-01
  vertex -1.3559839e-02 6.4133267e-03 3.0666700e-01
  vertex -1.1456106e-02 4.7452745e-03 3.0666700e-01
 endloop
endfacet
facet normal 0.000000e+00 0.000000e+00 1.000000e+00
 outer loop
  vertex -1.3858192e-02 5.7402515e-03 3.0666700e-01
  vertex -1.4123161e-02 5.0533480e-03 3.0666700e-01
  vertex -1.1675146e-02 4.1774344e-03 3.0666700e-01
 endloop
endfacet
facet normal 0.000000e+00 0.000000e+00 1.000000e+00
 outer loop
  vertex -1.1456106e-02 4.7452745e-03 3.0666700e-01
  vertex -1.3858192e-02 5.7402515e-03 3.0666700e-01
  vertex -1.1675146e-02 4.1774344e-03 3.0666700e-01
 endloop
endfacet
facet normal 0.000000e+00 0.000000e+00 1.000000e+00
 outer loop
  vertex -1.4123161e-02 5.0533480e-03 3.0666700e-01
  vertex -1.4354105e-02 4.3542700e-03 3.0666700e-01
  vertex -1.1866060e-02 3.5995300e-03 3.0666700e-01
 endloop
endfacet
facet normal 0.000000e+00 0.000000e+00 1.000000e+00
 outer loop
  vertex -1.1675146e-02 4.1774344e-03 3.0666700e-01
  vertex -1.4123161e-02 5.0533480e-03 3.0666700e-01
  vertex -1.1866060e-02 3.5995300e-03 3.0666700e-01
 endloop
endfacet
facet normal 0.000000e+00 0.000000e+00 1.000000e+00
 outer loop
  vertex -1.2400001e-02 -0.0000000e+00 3.0666700e-01
  vertex -1.4981932e-02 7.3601510e-04 3.0666700e-01
  vertex -1.5000000e-02 -0.0000000e+00 3.0666700e-01
 endloop
endfacet
facet normal 0.000000e+00 0.000000e+00 1.000000e+00
 outer loop
  vertex -1.2400001e-02 -0.0000000e+00 3.0666700e-01
  vertex -1.5000000e-02 -0.0000000e+00 3.0666700e-01
  vertex -1.4981932e-02 -7.3601510e-04 3.0666700e-01
 endloop
endfacet
facet normal 0.000000e+00 0.000000e+00 1.000000e+00
 outer loop
  vertex -7.3866715e-03 -9.9597730e-03 3.0666700e-01
  vertex -7.8664765e-03 -9.5853290e-03 3.0666700e-01
  vertex -9.5159000e-03 -1.1595157e-02 3.0666700e-01
 endloop
endfacet
facet normal 0.000000e+00 0.000000e+00 1.000000e+00
 outer loop
  vertex -1.1114266e-02 -1.0073384e-02 3.0666700e-01
  vertex -8.7681250e-03 -8.7681250e-03 3.0666700e-01
  vertex -9.1877950e-03 -8.3273320e-03 3.0666700e-01
 endloop
endfacet
facet normal 0.000000e+00 0.000000e+00 1.000000e+00
 outer loop
  vertex -8.3273320e-03 -9.1877950e-03 3.0666700e-01
  vertex -1.0606602e-02 -1.0606602e-02 3.0666700e-01
  vertex -1.0073384e-02 -1.1114266e-02 3.0666700e-01
 endloop
endfacet
facet normal 0.000000e+00 -0.000000e+00 1.000000e+00
 outer loop
  vertex -1.1595157e-02 -9.5159000e-03 3.0666700e-01
  vertex -9.5853290e-03 -7.8664765e-03 3.0666700e-01
  vertex -1.2048113e-02 -8.9354900e-03 3.0666700e-01
 endloop
endfacet
facet normal 0.000000e+00 0.000000e+00 1.000000e+00
 outer loop
  vertex -9.9597730e-03 -7.3866715e-03 3.0666700e-01
  vertex -1.0310224e-02 -6.8890710e-03 3.0666700e-01
  vertex -1.2472044e-02 -8.3335530e-03 3.0666700e-01
 endloop
endfacet
facet normal 0.000000e+00 0.000000e+00 1.000000e+00
 outer loop
  vertex -1.0635835e-02 -6.3748740e-03 3.0666700e-01
  vertex -1.3228819e-02 -7.0709510e-03 3.0666700e-01
  vertex -1.2865929e-02 -7.7115410e-03 3.0666700e-01
 endloop
endfacet
facet normal 0.000000e+00 0.000000e+00 1.000000e+00
 outer loop
  vertex -1.1209468e-02 -5.3016834e-03 3.0666700e-01
  vertex -1.3559839e-02 -6.4133267e-03 3.0666700e-01
  vertex -1.0935823e-02 -5.8453193e-03 3.0666700e-01
 endloop
endfacet
facet normal -0.000000e+00 0.000000e+00 1.000000e+00
 outer loop
  vertex -1.4123161e-02 -5.0533480e-03 3.0666700e-01
  vertex -1.3858192e-02 -5.7402515e-03 3.0666700e-01
  vertex -1.1456106e-02 -4.7452745e-03 3.0666700e-01
 endloop
endfacet
facet normal 0.000000e+00 0.000000e+00 1.000000e+00
 outer loop
  vertex -1.4354105e-02 -4.3542700e-03 3.0666700e-01
  vertex -1.1675146e-02 -4.1774344e-03 3.0666700e-01
  vertex -1.1866060e-02 -3.5995300e-03 3.0666700e-01
 endloop
endfacet
facet normal 0.000000e+00 -0.000000e+00 1.000000e+00
 outer loop
  vertex -1.4550468e-02 -3.6447027e-03 3.0666700e-01
  vertex -1.2028388e-02 -3.0129542e-03 3.0666700e-01
  vertex -1.4711780e-02 -2.9263546e-03 3.0666700e-01
 endloop
endfacet
facet normal 0.000000e+00 0.000000e+00 1.000000e+00
 outer loop
  vertex -1.4981932e-02 -7.3601510e-04 3.0666700e-01
  vertex -1.4927771e-02 -1.4702570e-03 3.0666700e-01
  vertex -1.2340290e-02 -1.2154125e-03 3.0666700e-01
 endloop
endfacet
facet normal 0.000000e+00 0.000000e+00 1.000000e+00
 outer loop
  vertex -1.4981932e-02 7.3601510e-04 3.0666700e-01
  vertex -1.2400001e-02 -0.0000000e+00 3.0666700e-01
  vertex -1.2385064e-02 6.0843915e-04 3.0666700e-01
 endloop
endfacet
facet normal 0.000000e+00 0.000000e+00 1.000000e+00
 outer loop
  vertex -1.4927771e-02 1.4702570e-03 3.0666700e-01
  vertex -1.4981932e-02 7.3601510e-04 3.0666700e-01
  vertex -1.2385064e-02 6.0843915e-04 3.0666700e-01
 endloop
endfacet
facet normal 0.000000e+00 0.000000e+00 1.000000e+00
 outer loop
  vertex -1.4927771e-02 1.4702570e-03 3.0666700e-01
  vertex -1.2385064e-02 6.0843915e-04 3.0666700e-01
  vertex -1.2340290e-02 1.2154125e-03 3.0666700e-01
 endloop
endfacet
facet normal 0.000000e+00 0.000000e+00 1.000000e+00
 outer loop
  vertex -1.4837647e-02 2.2009570e-03 3.0666700e-01
  vertex -1.4927771e-02 1.4702570e-03 3.0666700e-01
  vertex -1.2340290e-02 1.2154125e-03 3.0666700e-01
 endloop
endfacet
facet normal 0.000000e+00 0.000000e+00 1.000000e+00
 outer loop
  vertex -1.2265788e-02 1.8194579e-03 3.0666700e-01
  vertex -1.4837647e-02 2.2009570e-03 3.0666700e-01
  vertex -1.2340290e-02 1.2154125e-03 3.0666700e-01
 endloop
endfacet
facet normal 0.000000e+00 0.000000e+00 1.000000e+00
 outer loop
  vertex -1.2265788e-02 1.8194579e-03 3.0666700e-01
  vertex -1.4711780e-02 2.9263546e-03 3.0666700e-01
  vertex -1.4837647e-02 2.2009570e-03 3.0666700e-01
 endloop
endfacet
facet normal 0.000000e+00 -0.000000e+00 1.000000e+00
 outer loop
  vertex -1.2265788e-02 1.8194579e-03 3.0666700e-01
  vertex -1.2161737e-02 2.4191198e-03 3.0666700e-01
  vertex -1.4711780e-02 2.9263546e-03 3.0666700e-01
 endloop
endfacet
facet normal -0.000000e+00 0.000000e+00 1.000000e+00
 outer loop
  vertex -1.4711780e-02 2.9263546e-03 3.0666700e-01
  vertex -1.2161737e-02 2.4191198e-03 3.0666700e-01
  vertex -1.4550468e-02 3.6447027e-03 3.0666700e-01
 endloop
endfacet
facet normal 0.000000e+00 0.000000e+00 1.000000e+00
 outer loop
  vertex -1.4550468e-02 3.6447027e-03 3.0666700e-01
  vertex -1.2161737e-02 2.4191198e-03 3.0666700e-01
  vertex -1.2028388e-02 3.0129542e-03 3.0666700e-01
 endloop
endfacet
facet normal 0.000000e+00 0.000000e+00 1.000000e+00
 outer loop
  vertex -1.4354105e-02 4.3542700e-03 3.0666700e-01
  vertex -1.4550468e-02 3.6447027e-03 3.0666700e-01
  vertex -1.2028388e-02 3.0129542e-03 3.0666700e-01
 endloop
endfacet
facet normal 0.000000e+00 0.000000e+00 1.000000e+00
 outer loop
  vertex -1.1866060e-02 3.5995300e-03 3.0666700e-01
  vertex -1.4354105e-02 4.3542700e-03 3.0666700e-01
  vertex -1.2028388e-02 3.0129542e-03 3.0666700e-01
 endloop
endfacet
facet normal -0.000000e+00 0.000000e+00 1.000000e+00
 outer loop
  vertex -9.5159000e-03 -1.1595157e-02 3.0666700e-01
  vertex -8.9354900e-03 -1.2048113e-02 3.0666700e-01
  vertex -7.3866715e-03 -9.9597730e-03 3.0666700e-01
 endloop
endfacet
facet normal 0.000000e+00 0.000000e+00 1.000000e+00
 outer loop
  vertex -1.2161737e-02 -2.4191198e-03 3.0666700e-01
  vertex -1.2265788e-02 -1.8194579e-03 3.0666700e-01
  vertex -1.4837647e-02 -2.2009570e-03 3.0666700e-01
 endloop
endfacet
facet normal -9.996988e-01 -2.454102e-02 -0.000000e+00
 outer loop
  vertex -1.4981932e-02 -7.3601510e-04 3.0666700e-01
  vertex -1.5000000e-02 -0.0000000e+00 3.0666700e-01
  vertex -1.4981932e-02 -7.3601510e-04 3.0266700e-01
 endloop
endfacet
facet normal -9.972905e-01 -7.356465e-02 0.000000e+00
 outer loop
  vertex -1.4927771e-02 -1.4702570e-03 3.0666700e-01
  vertex -1.4981932e-02 -7.3601510e-04 3.0666700e-01
  vertex -1.4981932e-02 -7.3601510e-04 3.0266700e-01
 endloop
endfacet
facet normal -9.924794e-01 -1.224117e-01 0.000000e+00
 outer loop
  vertex -1.4837647e-02 -2.2009570e-03 3.0666700e-01
  vertex -1.4927771e-02 -1.4702570e-03 3.0666700e-01
  vertex -1.4927771e-02 -1.4702570e-03 3.0266700e-01
 endloop
endfacet
facet normal -9.924794e-01 -1.224117e-01 0.000000e+00
 outer loop
  vertex -1.4837647e-02 -2.2009570e-03 3.0266700e-01
  vertex -1.4837647e-02 -2.2009570e-03 3.0666700e-01
  vertex -1.4927771e-02 -1.4702570e-03 3.0266700e-01
 endloop
endfacet
facet normal -9.852780e-01 -1.709600e-01 0.000000e+00
 outer loop
  vertex -1.4711780e-02 -2.9263546e-03 3.0266700e-01
  vertex -1.4711780e-02 -2.9263546e-03 3.0666700e-01
  vertex -1.4837647e-02 -2.2009570e-03 3.0266700e-01
 endloop
endfacet
facet normal -9.757017e-01 -2.191032e-01 0.000000e+00
 outer loop
  vertex -1.4711780e-02 -2.9263546e-03 3.0266700e-01
  vertex -1.4550468e-02 -3.6447027e-03 3.0666700e-01
  vertex -1.4711780e-02 -2.9263546e-03 3.0666700e-01
 endloop
endfacet
facet normal -9.637763e-01 -2.667119e-01 0.000000e+00
 outer loop
  vertex -1.4550468e-02 -3.6447027e-03 3.0266700e-01
  vertex -1.4354105e-02 -4.3542700e-03 3.0666700e-01
  vertex -1.4550468e-02 -3.6447027e-03 3.0666700e-01
 endloop
endfacet
facet normal -9.637763e-01 -2.667119e-01 0.000000e+00
 outer loop
  vertex -1.4550468e-02 -3.6447027e-03 3.0266700e-01
  vertex -1.4354105e-02 -4.3542700e-03 3.0266700e-01
  vertex -1.4354105e-02 -4.3542700e-03 3.0666700e-01
 endloop
endfacet
facet normal -9.495283e-01 -3.136815e-01 0.000000e+00
 outer loop
  vertex -1.4354105e-02 -4.3542700e-03 3.0266700e-01
  vertex -1.4123161e-02 -5.0533480e-03 3.0266700e-01
  vertex -1.4123161e-02 -5.0533480e-03 3.0666700e-01
 endloop
endfacet
facet normal -9.329923e-01 -3.598963e-01 -0.000000e+00
 outer loop
  vertex -1.4123161e-02 -5.0533480e-03 3.0666700e-01
  vertex -1.4123161e-02 -5.0533480e-03 3.0266700e-01
  vertex -1.3858192e-02 -5.7402515e-03 3.0666700e-01
 endloop
endfacet
facet normal -9.142101e-01 -4.052405e-01 -0.000000e+00
 outer loop
  vertex -1.3858192e-02 -5.7402515e-03 3.0666700e-01
  vertex -1.3858192e-02 -5.7402515e-03 3.0266700e-01
  vertex -1.3559839e-02 -6.4133267e-03 3.0666700e-01
 endloop
endfacet
facet normal -9.142101e-01 -4.052405e-01 -0.000000e+00
 outer loop
  vertex -1.3559839e-02 -6.4133267e-03 3.0666700e-01
  vertex -1.3858192e-02 -5.7402515e-03 3.0266700e-01
  vertex -1.3559839e-02 -6.4133267e-03 3.0266700e-01
 endloop
endfacet
facet normal -8.932244e-01 -4.496111e-01 -0.000000e+00
 outer loop
  vertex -1.3228819e-02 -7.0709510e-03 3.0666700e-01
  vertex -1.3559839e-02 -6.4133267e-03 3.0266700e-01
  vertex -1.3228819e-02 -7.0709510e-03 3.0266700e-01
 endloop
endfacet
facet normal -8.700868e-01 -4.928984e-01 0.000000e+00
 outer loop
  vertex -1.2865929e-02 -7.7115410e-03 3.0666700e-01
  vertex -1.3228819e-02 -7.0709510e-03 3.0666700e-01
  vertex -1.3228819e-02 -7.0709510e-03 3.0266700e-01
 endloop
endfacet
facet normal -8.448534e-01 -5.349979e-01 0.000000e+00
 outer loop
  vertex -1.2472044e-02 -8.3335530e-03 3.0666700e-01
  vertex -1.2865929e-02 -7.7115410e-03 3.0666700e-01
  vertex -1.2865929e-02 -7.7115410e-03 3.0266700e-01
 endloop
endfacet
facet normal -8.448534e-01 -5.349979e-01 0.000000e+00
 outer loop
  vertex -1.2472044e-02 -8.3335530e-03 3.0266700e-01
  vertex -1.2472044e-02 -8.3335530e-03 3.0666700e-01
  vertex -1.2865929e-02 -7.7115410e-03 3.0266700e-01
 endloop
endfacet
facet normal -8.175854e-01 -5.758074e-01 0.000000e+00
 outer loop
  vertex -1.2048113e-02 -8.9354900e-03 3.0266700e-01
  vertex -1.2048113e-02 -8.9354900e-03 3.0666700e-01
  vertex -1.2472044e-02 -8.3335530e-03 3.0266700e-01
 endloop
endfacet
facet normal -7.883467e-01 -6.152312e-01 0.000000e+00
 outer loop
  vertex -1.2048113e-02 -8.9354900e-03 3.0266700e-01
  vertex -1.1595157e-02 -9.5159000e-03 3.0666700e-01
  vertex -1.2048113e-02 -8.9354900e-03 3.0666700e-01
 endloop
endfacet
facet normal -7.572075e-01 -6.531744e-01 0.000000e+00
 outer loop
  vertex -1.1595157e-02 -9.5159000e-03 3.0266700e-01
  vertex -1.1114266e-02 -1.0073384e-02 3.0666700e-01
  vertex -1.1595157e-02 -9.5159000e-03 3.0666700e-01
 endloop
endfacet
facet normal -7.572075e-01 -6.531744e-01 0.000000e+00
 outer loop
  vertex -1.1595157e-02 -9.5159000e-03 3.0266700e-01
  vertex -1.1114266e-02 -1.0073384e-02 3.0266700e-01
  vertex -1.1114266e-02 -1.0073384e-02 3.0666700e-01
 endloop
endfacet
facet normal -7.242483e-01 -6.895393e-01 0.000000e+00
 outer loop
  vertex -1.1114266e-02 -1.0073384e-02 3.0266700e-01
  vertex -1.0606602e-02 -1.0606602e-02 3.0266700e-01
  vertex -1.0606602e-02 -1.0606602e-02 3.0666700e-01
 endloop
endfacet
facet normal -6.895393e-01 -7.242483e-01 -0.000000e+00
 outer loop
  vertex -1.0606602e-02 -1.0606602e-02 3.0666700e-01
  vertex -1.0606602e-02 -1.0606602e-02 3.0266700e-01
  vertex -1.0073384e-02 -1.1114266e-02 3.0666700e-01
 endloop
endfacet
facet normal -6.531744e-01 -7.572075e-01 -0.000000e+00
 outer loop
  vertex -1.0073384e-02 -1.1114266e-02 3.0666700e-01
  vertex -1.0073384e-02 -1.1114266e-02 3.0266700e-01
  vertex -9.5159000e-03 -1.1595157e-02 3.0666700e-01
 endloop
endfacet
facet normal -6.531744e-01 -7.572075e-01 -0.000000e+00
 outer loop
  vertex -9.5159000e-03 -1.1595157e-02 3.0666700e-01
  vertex -1.0073384e-02 -1.1114266e-02 3.0266700e-01
  vertex -9.5159000e-03 -1.1595157e-02 3.0266700e-01
 endloop
endfacet
facet normal -6.152312e-01 -7.883467e-01 -0.000000e+00
 outer loop
  vertex -8.9354900e-03 -1.2048113e-02 3.0666700e-01
  vertex -9.5159000e-03 -1.1595157e-02 3.0266700e-01
  vertex -8.9354900e-03 -1.2048113e-02 3.0266700e-01
 endloop
endfacet
facet normal -5.758074e-01 -8.175854e-01 0.000000e+00
 outer loop
  vertex -8.3335530e-03 -1.2472044e-02 3.0666700e-01
  vertex -8.9354900e-03 -1.2048113e-02 3.0666700e-01
  vertex -8.9354900e-03 -1.2048113e-02 3.0266700e-01
 endloop
endfacet
facet normal -5.349979e-01 -8.448534e-01 0.000000e+00
 outer loop
  vertex -7.7115410e-03 -1.2865929e-02 3.0666700e-01
  vertex -8.3335530e-03 -1.2472044e-02 3.0666700e-01
  vertex -8.3335530e-03 -1.2472044e-02 3.0266700e-01
 endloop
endfacet
facet normal -5.349979e-01 -8.448534e-01 0.000000e+00
 outer loop
  vertex -7.7115410e-03 -1.2865929e-02 3.0266700e-01
  vertex -7.7115410e-03 -1.2865929e-02 3.0666700e-01
  vertex -8.3335530e-03 -1.2472044e-02 3.0266700e-01
 endloop
endfacet
facet normal -4.496111e-01 -8.932244e-01 0.000000e+00
 outer loop
  vertex -7.0709510e-03 -1.3228819e-02 3.0266700e-01
  vertex -6.4133267e-03 -1.3559839e-02 3.0666700e-01
  vertex -7.0709510e-03 -1.3228819e-02 3.0666700e-01
 endloop
endfacet
facet normal -4.052405e-01 -9.142101e-01 0.000000e+00
 outer loop
  vertex -5.7402515e-03 -1.3858192e-02 3.0266700e-01
  vertex -5.7402515e-03 -1.3858192e-02 3.0666700e-01
  vertex -6.4133267e-03 -1.3559839e-02 3.0266700e-01
 endloop
endfacet
facet normal -3.598963e-01 -9.329923e-01 0.000000e+00
 outer loop
  vertex -5.0533480e-03 -1.4123161e-02 3.0266700e-01
  vertex -5.0533480e-03 -1.4123161e-02 3.0666700e-01
  vertex -5.7402515e-03 -1.3858192e-02 3.0266700e-01
 endloop
endfacet
facet normal -3.136815e-01 -9.495283e-01 0.000000e+00
 outer loop
  vertex -4.3542700e-03 -1.4354105e-02 3.0266700e-01
  vertex -4.3542700e-03 -1.4354105e-02 3.0666700e-01
  vertex -5.0533480e-03 -1.4123161e-02 3.0266700e-01
 endloop
endfacet
facet normal -2.191032e-01 -9.757017e-01 0.000000e+00
 outer loop
  vertex -2.9263546e-03 -1.4711780e-02 3.0666700e-01
  vertex -3.6447027e-03 -1.4550468e-02 3.0666700e-01
  vertex -3.6447027e-03 -1.4550468e-02 3.0266700e-01
 endloop
endfacet
facet normal -1.709600e-01 -9.852780e-01 0.000000e+00
 outer loop
  vertex -2.2009570e-03 -1.4837647e-02 3.0666700e-01
  vertex -2.9263546e-03 -1.4711780e-02 3.0666700e-01
  vertex -2.9263546e-03 -1.4711780e-02 3.0266700e-01
 endloop
endfacet
facet normal -1.224117e-01 -9.924794e-01 -0.000000e+00
 outer loop
  vertex -1.4702570e-03 -1.4927771e-02 3.0666700e-01
  vertex -2.2009570e-03 -1.4837647e-02 3.0266700e-01
  vertex -1.4702570e-03 -1.4927771e-02 3.0266700e-01
 endloop
endfacet
facet normal -7.356465e-02 -9.972905e-01 -0.000000e+00
 outer loop
  vertex -7.3601510e-04 -1.4981932e-02 3.0666700e-01
  vertex -1.4702570e-03 -1.4927771e-02 3.0266700e-01
  vertex -7.3601510e-04 -1.4981932e-02 3.0266700e-01
 endloop
endfacet
facet normal -2.454102e-02 -9.996988e-01 -0.000000e+00
 outer loop
  vertex -9.1848520e-19 -1.5000000e-02 3.0666700e-01
  vertex -7.3601510e-04 -1.4981932e-02 3.0266700e-01
  vertex -9.1848520e-19 -1.5000000e-02 3.0266700e-01
 endloop
endfacet
facet normal 7.356465e-02 -9.972905e-01 0.000000e+00
 outer loop
  vertex 7.3601510e-04 -1.4981932e-02 3.0666700e-01
  vertex 7.3601510e-04 -1.4981932e-02 3.0266700e-01
  vertex 1.4702570e-03 -1.4927771e-02 3.0666700e-01
 endloop
endfacet
facet normal 1.224117e-01 -9.924794e-01 0.000000e+00
 outer loop
  vertex 1.4702570e-03 -1.4927771e-02 3.0666700e-01
  vertex 1.4702570e-03 -1.4927771e-02 3.0266700e-01
  vertex 2.2009570e-03 -1.4837647e-02 3.0666700e-01
 endloop
endfacet
facet normal 1.709600e-01 -9.852780e-01 0.000000e+00
 outer loop
  vertex 2.2009570e-03 -1.4837647e-02 3.0666700e-01
  vertex 2.2009570e-03 -1.4837647e-02 3.0266700e-01
  vertex 2.9263546e-03 -1.4711780e-02 3.0666700e-01
 endloop
endfacet
facet normal 2.191032e-01 -9.757017e-01 0.000000e+00
 outer loop
  vertex 2.9263546e-03 -1.4711780e-02 3.0266700e-01
  vertex 3.6447027e-03 -1.4550468e-02 3.0266700e-01
  vertex 3.6447027e-03 -1.4550468e-02 3.0666700e-01
 endloop
endfacet
facet normal 2.667119e-01 -9.637763e-01 0.000000e+00
 outer loop
  vertex 3.6447027e-03 -1.4550468e-02 3.0266700e-01
  vertex 4.3542700e-03 -1.4354105e-02 3.0266700e-01
  vertex 4.3542700e-03 -1.4354105e-02 3.0666700e-01
 endloop
endfacet
facet normal 3.136815e-01 -9.495283e-01 0.000000e+00
 outer loop
  vertex 4.3542700e-03 -1.4354105e-02 3.0266700e-01
  vertex 5.0533480e-03 -1.4123161e-02 3.0266700e-01
  vertex 5.0533480e-03 -1.4123161e-02 3.0666700e-01
 endloop
endfacet
facet normal 4.052405e-01 -9.142101e-01 0.000000e+00
 outer loop
  vertex 5.7402515e-03 -1.3858192e-02 3.0266700e-01
  vertex 6.4133267e-03 -1.3559839e-02 3.0666700e-01
  vertex 5.7402515e-03 -1.3858192e-02 3.0666700e-01
 endloop
endfacet
facet normal 4.496111e-01 -8.932244e-01 0.000000e+00
 outer loop
  vertex 6.4133267e-03 -1.3559839e-02 3.0266700e-01
  vertex 7.0709510e-03 -1.3228819e-02 3.0666700e-01
  vertex 6.4133267e-03 -1.3559839e-02 3.0666700e-01
 endloop
endfacet
facet normal 4.928984e-01 -8.700868e-01 0.000000e+00
 outer loop
  vertex 7.0709510e-03 -1.3228819e-02 3.0266700e-01
  vertex 7.7115410e-03 -1.2865929e-02 3.0666700e-01
  vertex 7.0709510e-03 -1.3228819e-02 3.0666700e-01
 endloop
endfacet
facet normal 5.349979e-01 -8.448534e-01 0.000000e+00
 outer loop
  vertex 8.3335530e-03 -1.2472044e-02 3.0266700e-01
  vertex 8.3335530e-03 -1.2472044e-02 3.0666700e-01
  vertex 7.7115410e-03 -1.2865929e-02 3.0266700e-01
 endloop
endfacet
facet normal 5.758074e-01 -8.175854e-01 0.000000e+00
 outer loop
  vertex 8.9354900e-03 -1.2048113e-02 3.0266700e-01
  vertex 8.9354900e-03 -1.2048113e-02 3.0666700e-01
  vertex 8.3335530e-03 -1.2472044e-02 3.0266700e-01
 endloop
endfacet
facet normal 6.152312e-01 -7.883467e-01 0.000000e+00
 outer loop
  vertex 9.5159000e-03 -1.1595157e-02 3.0266700e-01
  vertex 9.5159000e-03 -1.1595157e-02 3.0666700e-01
  vertex 8.9354900e-03 -1.2048113e-02 3.0266700e-01
 endloop
endfacet
facet normal 6.895393e-01 -7.242483e-01 0.000000e+00
 outer loop
  vertex 1.0606602e-02 -1.0606602e-02 3.0666700e-01
  vertex 1.0073384e-02 -1.1114266e-02 3.0666700e-01
  vertex 1.0073384e-02 -1.1114266e-02 3.0266700e-01
 endloop
endfacet
facet normal 7.242483e-01 -6.895393e-01 0.000000e+00
 outer loop
  vertex 1.1114266e-02 -1.0073384e-02 3.0666700e-01
  vertex 1.0606602e-02 -1.0606602e-02 3.0666700e-01
  vertex 1.0606602e-02 -1.0606602e-02 3.0266700e-01
 endloop
endfacet
facet normal 7.572075e-01 -6.531744e-01 0.000000e+00
 outer loop
  vertex 1.1595157e-02 -9.5159000e-03 3.0666700e-01
  vertex 1.1114266e-02 -1.0073384e-02 3.0666700e-01
  vertex 1.1114266e-02 -1.0073384e-02 3.0266700e-01
 endloop
endfacet
facet normal 7.883467e-01 -6.152312e-01 0.000000e+00
 outer loop
  vertex 1.2048113e-02 -8.9354900e-03 3.0666700e-01
  vertex 1.1595157e-02 -9.5159000e-03 3.0666700e-01
  vertex 1.1595157e-02 -9.5159000e-03 3.0266700e-01
 endloop
endfacet
facet normal 8.175854e-01 -5.758074e-01 0.000000e+00
 outer loop
  vertex 1.2472044e-02 -8.3335530e-03 3.0666700e-01
  vertex 1.2048113e-02 -8.9354900e-03 3.0266700e-01
  vertex 1.2472044e-02 -8.3335530e-03 3.0266700e-01
 endloop
endfacet
facet normal 8.448534e-01 -5.349979e-01 0.000000e+00
 outer loop
  vertex 1.2865929e-02 -7.7115410e-03 3.0666700e-01
  vertex 1.2472044e-02 -8.3335530e-03 3.0266700e-01
  vertex 1.2865929e-02 -7.7115410e-03 3.0266700e-01
 endloop
endfacet
facet normal 8.700868e-01 -4.928984e-01 0.000000e+00
 outer loop
  vertex 1.3228819e-02 -7.0709510e-03 3.0666700e-01
  vertex 1.2865929e-02 -7.7115410e-03 3.0266700e-01
  vertex 1.3228819e-02 -7.0709510e-03 3.0266700e-01
 endloop
endfacet
facet normal 8.932244e-01 -4.496111e-01 0.000000e+00
 outer loop
  vertex 1.3559839e-02 -6.4133267e-03 3.0666700e-01
  vertex 1.3228819e-02 -7.0709510e-03 3.0266700e-01
  vertex 1.3559839e-02 -6.4133267e-03 3.0266700e-01
 endloop
endfacet
facet normal 9.329923e-01 -3.598963e-01 0.000000e+00
 outer loop
  vertex 1.3858192e-02 -5.7402515e-03 3.0666700e-01
  vertex 1.3858192e-02 -5.7402515e-03 3.0266700e-01
  vertex 1.4123161e-02 -5.0533480e-03 3.0666700e-01
 endloop
endfacet
facet normal 9.495283e-01 -3.136815e-01 0.000000e+00
 outer loop
  vertex 1.4123161e-02 -5.0533480e-03 3.0666700e-01
  vertex 1.4123161e-02 -5.0533480e-03 3.0266700e-01
  vertex 1.4354105e-02 -4.3542700e-03 3.0666700e-01
 endloop
endfacet
facet normal 9.637763e-01 -2.667119e-01 0.000000e+00
 outer loop
  vertex 1.4354105e-02 -4.3542700e-03 3.0666700e-01
  vertex 1.4354105e-02 -4.3542700e-03 3.0266700e-01
  vertex 1.4550468e-02 -3.6447027e-03 3.0666700e-01
 endloop
endfacet
facet normal 9.757017e-01 -2.191032e-01 0.000000e+00
 outer loop
  vertex 1.4550468e-02 -3.6447027e-03 3.0666700e-01
  vertex 1.4550468e-02 -3.6447027e-03 3.0266700e-01
  vertex 1.4711780e-02 -2.9263546e-03 3.0666700e-01
 endloop
endfacet
facet normal 9.852780e-01 -1.709600e-01 0.000000e+00
 outer loop
  vertex 1.4711780e-02 -2.9263546e-03 3.0666700e-01
  vertex 1.4711780e-02 -2.9263546e-03 3.0266700e-01
  vertex 1.4837647e-02 -2.2009570e-03 3.0666700e-01
 endloop
endfacet
facet normal 9.996988e-01 -2.454102e-02 0.000000e+00
 outer loop
  vertex 1.5000000e-02 -0.0000000e+00 3.0666700e-01
  vertex 1.4981932e-02 -7.3601510e-04 3.0266700e-01
  vertex 1.5000000e-02 -0.0000000e+00 3.0266700e-01
 endloop
endfacet
facet normal 9.924794e-01 -1.224117e-01 0.000000e+00
 outer loop
  vertex 1.4927771e-02 -1.4702570e-03 3.0666700e-01
  vertex 1.4837647e-02 -2.2009570e-03 3.0666700e-01
  vertex 1.4837647e-02 -2.2009570e-03 3.0266700e-01
 endloop
endfacet
facet normal 9.996988e-01 -2.454102e-02 0.000000e+00
 outer loop
  vertex 1.4981932e-02 -7.3601510e-04 3.0666700e-01
  vertex 1.4981932e-02 -7.3601510e-04 3.0266700e-01
  vertex 1.5000000e-02 -0.0000000e+00 3.0666700e-01
 endloop
endfacet
facet normal 9.972905e-01 -7.356465e-02 0.000000e+00
 outer loop
  vertex 1.4927771e-02 -1.4702570e-03 3.0666700e-01
  vertex 1.4927771e-02 -1.4702570e-03 3.0266700e-01
  vertex 1.4981932e-02 -7.3601510e-04 3.0666700e-01
 endloop
endfacet
facet normal 9.924794e-01 -1.224117e-01 0.000000e+00
 outer loop
  vertex 1.4927771e-02 -1.4702570e-03 3.0666700e-01
  vertex 1.4837647e-02 -2.2009570e-03 3.0266700e-01
  vertex 1.4927771e-02 -1.4702570e-03 3.0266700e-01
 endloop
endfacet
facet normal 9.852780e-01 -1.709600e-01 0.000000e+00
 outer loop
  vertex 1.4837647e-02 -2.2009570e-03 3.0666700e-01
  vertex 1.4711780e-02 -2.9263546e-03 3.0266700e-01
  vertex 1.4837647e-02 -2.2009570e-03 3.0266700e-01
 endloop
endfacet
facet normal 9.757017e-01 -2.191032e-01 0.000000e+00
 outer loop
  vertex 1.4711780e-02 -2.9263546e-03 3.0666700e-01
  vertex 1.4550468e-02 -3.6447027e-03 3.0266700e-01
  vertex 1.4711780e-02 -2.9263546e-03 3.0266700e-01
 endloop
endfacet
facet normal 9.637763e-01 -2.667119e-01 0.000000e+00
 outer loop
  vertex 1.4550468e-02 -3.6447027e-03 3.0666700e-01
  vertex 1.4354105e-02 -4.3542700e-03 3.0266700e-01
  vertex 1.4550468e-02 -3.6447027e-03 3.0266700e-01
 endloop
endfacet
facet normal 9.495283e-01 -3.136815e-01 0.000000e+00
 outer loop
  vertex 1.4354105e-02 -4.3542700e-03 3.0666700e-01
  vertex 1.4123161e-02 -5.0533480e-03 3.0266700e-01
  vertex 1.4354105e-02 -4.3542700e-03 3.0266700e-01
 endloop
endfacet
facet normal 9.329923e-01 -3.598963e-01 0.000000e+00
 outer loop
  vertex 1.4123161e-02 -5.0533480e-03 3.0666700e-01
  vertex 1.3858192e-02 -5.7402515e-03 3.0266700e-01
  vertex 1.4123161e-02 -5.0533480e-03 3.0266700e-01
 endloop
endfacet
facet normal 9.142101e-01 -4.052405e-01 0.000000e+00
 outer loop
  vertex 1.3858192e-02 -5.7402515e-03 3.0666700e-01
  vertex 1.3559839e-02 -6.4133267e-03 3.0266700e-01
  vertex 1.3858192e-02 -5.7402515e-03 3.0266700e-01
 endloop
endfacet
facet normal 9.142101e-01 -4.052405e-01 0.000000e+00
 outer loop
  vertex 1.3858192e-02 -5.7402515e-03 3.0666700e-01
  vertex 1.3559839e-02 -6.4133267e-03 3.0666700e-01
  vertex 1.3559839e-02 -6.4133267e-03 3.0266700e-01
 endloop
endfacet
facet normal 8.932244e-01 -4.496111e-01 0.000000e+00
 outer loop
  vertex 1.3559839e-02 -6.4133267e-03 3.0666700e-01
  vertex 1.3228819e-02 -7.0709510e-03 3.0666700e-01
  vertex 1.3228819e-02 -7.0709510e-03 3.0266700e-01
 endloop
endfacet
facet normal 8.700868e-01 -4.928984e-01 0.000000e+00
 outer loop
  vertex 1.3228819e-02 -7.0709510e-03 3.0666700e-01
  vertex 1.2865929e-02 -7.7115410e-03 3.0666700e-01
  vertex 1.2865929e-02 -7.7115410e-03 3.0266700e-01
 endloop
endfacet
facet normal 8.448534e-01 -5.349979e-01 0.000000e+00
 outer loop
  vertex 1.2865929e-02 -7.7115410e-03 3.0666700e-01
  vertex 1.2472044e-02 -8.3335530e-03 3.0666700e-01
  vertex 1.2472044e-02 -8.3335530e-03 3.0266700e-01
 endloop
endfacet
facet normal 8.175854e-01 -5.758074e-01 0.000000e+00
 outer loop
  vertex 1.2472044e-02 -8.3335530e-03 3.0666700e-01
  vertex 1.2048113e-02 -8.9354900e-03 3.0666700e-01
  vertex 1.2048113e-02 -8.9354900e-03 3.0266700e-01
 endloop
endfacet
facet normal 7.883467e-01 -6.152312e-01 0.000000e+00
 outer loop
  vertex 1.2048113e-02 -8.9354900e-03 3.0266700e-01
  vertex 1.2048113e-02 -8.9354900e-03 3.0666700e-01
  vertex 1.1595157e-02 -9.5159000e-03 3.0266700e-01
 endloop
endfacet
facet normal 7.572075e-01 -6.531744e-01 0.000000e+00
 outer loop
  vertex 1.1595157e-02 -9.5159000e-03 3.0266700e-01
  vertex 1.1595157e-02 -9.5159000e-03 3.0666700e-01
  vertex 1.1114266e-02 -1.0073384e-02 3.0266700e-01
 endloop
endfacet
facet normal 7.242483e-01 -6.895393e-01 0.000000e+00
 outer loop
  vertex 1.1114266e-02 -1.0073384e-02 3.0266700e-01
  vertex 1.1114266e-02 -1.0073384e-02 3.0666700e-01
  vertex 1.0606602e-02 -1.0606602e-02 3.0266700e-01
 endloop
endfacet
facet normal 6.895393e-01 -7.242483e-01 0.000000e+00
 outer loop
  vertex 1.0606602e-02 -1.0606602e-02 3.0266700e-01
  vertex 1.0606602e-02 -1.0606602e-02 3.0666700e-01
  vertex 1.0073384e-02 -1.1114266e-02 3.0266700e-01
 endloop
endfacet
facet normal 6.531744e-01 -7.572075e-01 0.000000e+00
 outer loop
  vertex 1.0073384e-02 -1.1114266e-02 3.0266700e-01
  vertex 1.0073384e-02 -1.1114266e-02 3.0666700e-01
  vertex 9.5159000e-03 -1.1595157e-02 3.0266700e-01
 endloop
endfacet
facet normal 6.531744e-01 -7.572075e-01 0.000000e+00
 outer loop
  vertex 9.5159000e-03 -1.1595157e-02 3.0266700e-01
  vertex 1.0073384e-02 -1.1114266e-02 3.0666700e-01
  vertex 9.5159000e-03 -1.1595157e-02 3.0666700e-01
 endloop
endfacet
facet normal 6.152312e-01 -7.883467e-01 0.000000e+00
 outer loop
  vertex 8.9354900e-03 -1.2048113e-02 3.0266700e-01
  vertex 9.5159000e-03 -1.1595157e-02 3.0666700e-01
  vertex 8.9354900e-03 -1.2048113e-02 3.0666700e-01
 endloop
endfacet
facet normal 5.758074e-01 -8.175854e-01 0.000000e+00
 outer loop
  vertex 8.3335530e-03 -1.2472044e-02 3.0266700e-01
  vertex 8.9354900e-03 -1.2048113e-02 3.0666700e-01
  vertex 8.3335530e-03 -1.2472044e-02 3.0666700e-01
 endloop
endfacet
facet normal 5.349979e-01 -8.448534e-01 0.000000e+00
 outer loop
  vertex 7.7115410e-03 -1.2865929e-02 3.0266700e-01
  vertex 8.3335530e-03 -1.2472044e-02 3.0666700e-01
  vertex 7.7115410e-03 -1.2865929e-02 3.0666700e-01
 endloop
endfacet
facet normal 4.928984e-01 -8.700868e-01 0.000000e+00
 outer loop
  vertex 7.0709510e-03 -1.3228819e-02 3.0266700e-01
  vertex 7.7115410e-03 -1.2865929e-02 3.0266700e-01
  vertex 7.7115410e-03 -1.2865929e-02 3.0666700e-01
 endloop
endfacet
facet normal 4.496111e-01 -8.932244e-01 0.000000e+00
 outer loop
  vertex 6.4133267e-03 -1.3559839e-02 3.0266700e-01
  vertex 7.0709510e-03 -1.3228819e-02 3.0266700e-01
  vertex 7.0709510e-03 -1.3228819e-02 3.0666700e-01
 endloop
endfacet
facet normal 4.052405e-01 -9.142101e-01 0.000000e+00
 outer loop
  vertex 5.7402515e-03 -1.3858192e-02 3.0266700e-01
  vertex 6.4133267e-03 -1.3559839e-02 3.0266700e-01
  vertex 6.4133267e-03 -1.3559839e-02 3.0666700e-01
 endloop
endfacet
facet normal 3.598963e-01 -9.329923e-01 0.000000e+00
 outer loop
  vertex 5.0533480e-03 -1.4123161e-02 3.0266700e-01
  vertex 5.7402515e-03 -1.3858192e-02 3.0266700e-01
  vertex 5.7402515e-03 -1.3858192e-02 3.0666700e-01
 endloop
endfacet
facet normal 3.598963e-01 -9.329923e-01 0.000000e+00
 outer loop
  vertex 5.0533480e-03 -1.4123161e-02 3.0666700e-01
  vertex 5.0533480e-03 -1.4123161e-02 3.0266700e-01
  vertex 5.7402515e-03 -1.3858192e-02 3.0666700e-01
 endloop
endfacet
facet normal 3.136815e-01 -9.495283e-01 0.000000e+00
 outer loop
  vertex 4.3542700e-03 -1.4354105e-02 3.0666700e-01
  vertex 4.3542700e-03 -1.4354105e-02 3.0266700e-01
  vertex 5.0533480e-03 -1.4123161e-02 3.0666700e-01
 endloop
endfacet
facet normal 2.667119e-01 -9.637763e-01 0.000000e+00
 outer loop
  vertex 3.6447027e-03 -1.4550468e-02 3.0666700e-01
  vertex 3.6447027e-03 -1.4550468e-02 3.0266700e-01
  vertex 4.3542700e-03 -1.4354105e-02 3.0666700e-01
 endloop
endfacet
facet normal 2.191032e-01 -9.757017e-01 0.000000e+00
 outer loop
  vertex 2.9263546e-03 -1.4711780e-02 3.0666700e-01
  vertex 2.9263546e-03 -1.4711780e-02 3.0266700e-01
  vertex 3.6447027e-03 -1.4550468e-02 3.0666700e-01
 endloop
endfacet
facet normal 1.709600e-01 -9.852780e-01 0.000000e+00
 outer loop
  vertex 2.9263546e-03 -1.4711780e-02 3.0666700e-01
  vertex 2.2009570e-03 -1.4837647e-02 3.0266700e-01
  vertex 2.9263546e-03 -1.4711780e-02 3.0266700e-01
 endloop
endfacet
facet normal 1.224117e-01 -9.924794e-01 0.000000e+00
 outer loop
  vertex 2.2009570e-03 -1.4837647e-02 3.0666700e-01
  vertex 1.4702570e-03 -1.4927771e-02 3.0266700e-01
  vertex 2.2009570e-03 -1.4837647e-02 3.0266700e-01
 endloop
endfacet
facet normal 7.356465e-02 -9.972905e-01 0.000000e+00
 outer loop
  vertex 1.4702570e-03 -1.4927771e-02 3.0666700e-01
  vertex 7.3601510e-04 -1.4981932e-02 3.0266700e-01
  vertex 1.4702570e-03 -1.4927771e-02 3.0266700e-01
 endloop
endfacet
facet normal 2.454102e-02 -9.996988e-01 0.000000e+00
 outer loop
  vertex 7.3601510e-04 -1.4981932e-02 3.0666700e-01
  vertex -9.1848520e-19 -1.5000000e-02 3.0266700e-01
  vertex 7.3601510e-04 -1.4981932e-02 3.0266700e-01
 endloop
endfacet
facet normal 2.454102e-02 -9.996988e-01 0.000000e+00
 outer loop
  vertex 7.3601510e-04 -1.4981932e-02 3.0666700e-01
  vertex -9.1848520e-19 -1.5000000e-02 3.0666700e-01
  vertex -9.1848520e-19 -1.5000000e-02 3.0266700e-01
 endloop
endfacet
facet normal -2.454102e-02 -9.996988e-01 0.000000e+00
 outer loop
  vertex -9.1848520e-19 -1.5000000e-02 3.0666700e-01
  vertex -7.3601510e-04 -1.4981932e-02 3.0666700e-01
  vertex -7.3601510e-04 -1.4981932e-02 3.0266700e-01
 endloop
endfacet
facet normal -7.356465e-02 -9.972905e-01 0.000000e+00
 outer loop
  vertex -7.3601510e-04 -1.4981932e-02 3.0666700e-01
  vertex -1.4702570e-03 -1.4927771e-02 3.0666700e-01
  vertex -1.4702570e-03 -1.4927771e-02 3.0266700e-01
 endloop
endfacet
facet normal -1.224117e-01 -9.924794e-01 0.000000e+00
 outer loop
  vertex -1.4702570e-03 -1.4927771e-02 3.0666700e-01
  vertex -2.2009570e-03 -1.4837647e-02 3.0666700e-01
  vertex -2.2009570e-03 -1.4837647e-02 3.0266700e-01
 endloop
endfacet
facet normal -1.709600e-01 -9.852780e-01 0.000000e+00
 outer loop
  vertex -2.2009570e-03 -1.4837647e-02 3.0266700e-01
  vertex -2.2009570e-03 -1.4837647e-02 3.0666700e-01
  vertex -2.9263546e-03 -1.4711780e-02 3.0266700e-01
 endloop
endfacet
facet normal -2.191032e-01 -9.757017e-01 0.000000e+00
 outer loop
  vertex -2.9263546e-03 -1.4711780e-02 3.0266700e-01
  vertex -2.9263546e-03 -1.4711780e-02 3.0666700e-01
  vertex -3.6447027e-03 -1.4550468e-02 3.0266700e-01
 endloop
endfacet
facet normal -2.667119e-01 -9.637763e-01 0.000000e+00
 outer loop
  vertex -3.6447027e-03 -1.4550468e-02 3.0266700e-01
  vertex -3.6447027e-03 -1.4550468e-02 3.0666700e-01
  vertex -4.3542700e-03 -1.4354105e-02 3.0266700e-01
 endloop
endfacet
facet normal -2.667119e-01 -9.637763e-01 0.000000e+00
 outer loop
  vertex -4.3542700e-03 -1.4354105e-02 3.0266700e-01
  vertex -3.6447027e-03 -1.4550468e-02 3.0666700e-01
  vertex -4.3542700e-03 -1.4354105e-02 3.0666700e-01
 endloop
endfacet
facet normal -3.136815e-01 -9.495283e-01 0.000000e+00
 outer loop
  vertex -5.0533480e-03 -1.4123161e-02 3.0266700e-01
  vertex -4.3542700e-03 -1.4354105e-02 3.0666700e-01
  vertex -5.0533480e-03 -1.4123161e-02 3.0666700e-01
 endloop
endfacet
facet normal -3.598963e-01 -9.329923e-01 0.000000e+00
 outer loop
  vertex -5.7402515e-03 -1.3858192e-02 3.0266700e-01
  vertex -5.0533480e-03 -1.4123161e-02 3.0666700e-01
  vertex -5.7402515e-03 -1.3858192e-02 3.0666700e-01
 endloop
endfacet
facet normal -4.052405e-01 -9.142101e-01 0.000000e+00
 outer loop
  vertex -6.4133267e-03 -1.3559839e-02 3.0266700e-01
  vertex -5.7402515e-03 -1.3858192e-02 3.0666700e-01
  vertex -6.4133267e-03 -1.3559839e-02 3.0666700e-01
 endloop
endfacet
facet normal -4.496111e-01 -8.932244e-01 0.000000e+00
 outer loop
  vertex -7.0709510e-03 -1.3228819e-02 3.0266700e-01
  vertex -6.4133267e-03 -1.3559839e-02 3.0266700e-01
  vertex -6.4133267e-03 -1.3559839e-02 3.0666700e-01
 endloop
endfacet
facet normal -4.928984e-01 -8.700868e-01 0.000000e+00
 outer loop
  vertex -7.7115410e-03 -1.2865929e-02 3.0266700e-01
  vertex -7.0709510e-03 -1.3228819e-02 3.0266700e-01
  vertex -7.0709510e-03 -1.3228819e-02 3.0666700e-01
 endloop
endfacet
facet normal -4.928984e-01 -8.700868e-01 -0.000000e+00
 outer loop
  vertex -7.7115410e-03 -1.2865929e-02 3.0666700e-01
  vertex -7.7115410e-03 -1.2865929e-02 3.0266700e-01
  vertex -7.0709510e-03 -1.3228819e-02 3.0666700e-01
 endloop
endfacet
facet normal -5.758074e-01 -8.175854e-01 0.000000e+00
 outer loop
  vertex -8.9354900e-03 -1.2048113e-02 3.0266700e-01
  vertex -8.3335530e-03 -1.2472044e-02 3.0266700e-01
  vertex -8.3335530e-03 -1.2472044e-02 3.0666700e-01
 endloop
endfacet
facet normal -6.152312e-01 -7.883467e-01 0.000000e+00
 outer loop
  vertex -9.5159000e-03 -1.1595157e-02 3.0266700e-01
  vertex -8.9354900e-03 -1.2048113e-02 3.0666700e-01
  vertex -9.5159000e-03 -1.1595157e-02 3.0666700e-01
 endloop
endfacet
facet normal -6.895393e-01 -7.242483e-01 0.000000e+00
 outer loop
  vertex -1.0073384e-02 -1.1114266e-02 3.0266700e-01
  vertex -1.0073384e-02 -1.1114266e-02 3.0666700e-01
  vertex -1.0606602e-02 -1.0606602e-02 3.0266700e-01
 endloop
endfacet
facet normal -7.242483e-01 -6.895393e-01 0.000000e+00
 outer loop
  vertex -1.0606602e-02 -1.0606602e-02 3.0666700e-01
  vertex -1.1114266e-02 -1.0073384e-02 3.0666700e-01
  vertex -1.1114266e-02 -1.0073384e-02 3.0266700e-01
 endloop
endfacet
facet normal -7.883467e-01 -6.152312e-01 -0.000000e+00
 outer loop
  vertex -1.1595157e-02 -9.5159000e-03 3.0666700e-01
  vertex -1.2048113e-02 -8.9354900e-03 3.0266700e-01
  vertex -1.1595157e-02 -9.5159000e-03 3.0266700e-01
 endloop
endfacet
facet normal -8.175854e-01 -5.758074e-01 -0.000000e+00
 outer loop
  vertex -1.2472044e-02 -8.3335530e-03 3.0666700e-01
  vertex -1.2472044e-02 -8.3335530e-03 3.0266700e-01
  vertex -1.2048113e-02 -8.9354900e-03 3.0666700e-01
 endloop
endfacet
facet normal -8.700868e-01 -4.928984e-01 0.000000e+00
 outer loop
  vertex -1.3228819e-02 -7.0709510e-03 3.0266700e-01
  vertex -1.2865929e-02 -7.7115410e-03 3.0266700e-01
  vertex -1.2865929e-02 -7.7115410e-03 3.0666700e-01
 endloop
endfacet
facet normal -8.932244e-01 -4.496111e-01 0.000000e+00
 outer loop
  vertex -1.3559839e-02 -6.4133267e-03 3.0266700e-01
  vertex -1.3228819e-02 -7.0709510e-03 3.0666700e-01
  vertex -1.3559839e-02 -6.4133267e-03 3.0666700e-01
 endloop
endfacet
facet normal -9.329923e-01 -3.598963e-01 0.000000e+00
 outer loop
  vertex -1.3858192e-02 -5.7402515e-03 3.0266700e-01
  vertex -1.3858192e-02 -5.7402515e-03 3.0666700e-01
  vertex -1.4123161e-02 -5.0533480e-03 3.0266700e-01
 endloop
endfacet
facet normal -9.495283e-01 -3.136815e-01 0.000000e+00
 outer loop
  vertex -1.4123161e-02 -5.0533480e-03 3.0666700e-01
  vertex -1.4354105e-02 -4.3542700e-03 3.0666700e-01
  vertex -1.4354105e-02 -4.3542700e-03 3.0266700e-01
 endloop
endfacet
facet normal -9.757017e-01 -2.191032e-01 -0.000000e+00
 outer loop
  vertex -1.4550468e-02 -3.6447027e-03 3.0666700e-01
  vertex -1.4711780e-02 -2.9263546e-03 3.0266700e-01
  vertex -1.4550468e-02 -3.6447027e-03 3.0266700e-01
 endloop
endfacet
facet normal -9.852780e-01 -1.709600e-01 -0.000000e+00
 outer loop
  vertex -1.4837647e-02 -2.2009570e-03 3.0666700e-01
  vertex -1.4837647e-02 -2.2009570e-03 3.0266700e-01
  vertex -1.4711780e-02 -2.9263546e-03 3.0666700e-01
 endloop
endfacet
facet normal -9.996988e-01 -2.454102e-02 0.000000e+00
 outer loop
  vertex -1.4981932e-02 -7.3601510e-04 3.0266700e-01
  vertex -1.5000000e-02 -0.0000000e+00 3.0666700e-01
  vertex -1.5000000e-02 -0.0000000e+00 3.0266700e-01
 endloop
endfacet
facet normal -9.972905e-01 -7.356465e-02 -0.000000e+00
 outer loop
  vertex -1.4927771e-02 -1.4702570e-03 3.0666700e-01
  vertex -1.4981932e-02 -7.3601510e-04 3.0266700e-01
  vertex -1.4927771e-02 -1.4702570e-03 3.0266700e-01
 endloop
endfacet
facet normal 9.972905e-01 -7.356465e-02 0.000000e+00
 outer loop
  vertex 1.4927771e-02 -1.4702570e-03 3.0266700e-01
  vertex 1.4981932e-02 -7.3601510e-04 3.0266700e-01
  vertex 1.4981932e-02 -7.3601510e-04 3.0666700e-01
 endloop
endfacet
facet normal 9.996988e-01 -2.454231e-02 0.000000e+00
 outer loop
  vertex -1.2385064e-02 6.0843915e-04 3.0266700e-01
  vertex -1.2385064e-02 6.0843915e-04 3.0666700e-01
  vertex -1.2400001e-02 -0.0000000e+00 3.0266700e-01
 endloop
endfacet
facet normal 9.972903e-01 -7.356613e-02 0.000000e+00
 outer loop
  vertex -1.2340290e-02 1.2154125e-03 3.0266700e-01
  vertex -1.2385064e-02 6.0843915e-04 3.0666700e-01
  vertex -1.2385064e-02 6.0843915e-04 3.0266700e-01
 endloop
endfacet
facet normal 9.924795e-01 -1.224108e-01 0.000000e+00
 outer loop
  vertex -1.2265788e-02 1.8194579e-03 3.0266700e-01
  vertex -1.2340290e-02 1.2154125e-03 3.0666700e-01
  vertex -1.2340290e-02 1.2154125e-03 3.0266700e-01
 endloop
endfacet
facet normal 9.924795e-01 -1.224108e-01 0.000000e+00
 outer loop
  vertex -1.2265788e-02 1.8194579e-03 3.0666700e-01
  vertex -1.2340290e-02 1.2154125e-03 3.0666700e-01
  vertex -1.2265788e-02 1.8194579e-03 3.0266700e-01
 endloop
endfacet
facet normal 9.852777e-01 -1.709616e-01 0.000000e+00
 outer loop
  vertex -1.2161737e-02 2.4191198e-03 3.0666700e-01
  vertex -1.2265788e-02 1.8194579e-03 3.0666700e-01
  vertex -1.2161737e-02 2.4191198e-03 3.0266700e-01
 endloop
endfacet
facet normal 9.757025e-01 -2.190997e-01 0.000000e+00
 outer loop
  vertex -1.2161737e-02 2.4191198e-03 3.0666700e-01
  vertex -1.2161737e-02 2.4191198e-03 3.0266700e-01
  vertex -1.2028388e-02 3.0129542e-03 3.0266700e-01
 endloop
endfacet
facet normal 9.637758e-01 -2.667137e-01 0.000000e+00
 outer loop
  vertex -1.2028388e-02 3.0129542e-03 3.0666700e-01
  vertex -1.2028388e-02 3.0129542e-03 3.0266700e-01
  vertex -1.1866060e-02 3.5995300e-03 3.0266700e-01
 endloop
endfacet
facet normal 9.637758e-01 -2.667137e-01 0.000000e+00
 outer loop
  vertex -1.2028388e-02 3.0129542e-03 3.0666700e-01
  vertex -1.1866060e-02 3.5995300e-03 3.0266700e-01
  vertex -1.1866060e-02 3.5995300e-03 3.0666700e-01
 endloop
endfacet
facet normal 9.495281e-01 -3.136820e-01 0.000000e+00
 outer loop
  vertex -1.1866060e-02 3.5995300e-03 3.0666700e-01
  vertex -1.1675146e-02 4.1774344e-03 3.0266700e-01
  vertex -1.1675146e-02 4.1774344e-03 3.0666700e-01
 endloop
endfacet
facet normal 9.329929e-01 -3.598949e-01 0.000000e+00
 outer loop
  vertex -1.1675146e-02 4.1774344e-03 3.0266700e-01
  vertex -1.1456106e-02 4.7452745e-03 3.0266700e-01
  vertex -1.1675146e-02 4.1774344e-03 3.0666700e-01
 endloop
endfacet
facet normal 9.142104e-01 -4.052398e-01 0.000000e+00
 outer loop
  vertex -1.1456106e-02 4.7452745e-03 3.0266700e-01
  vertex -1.1209468e-02 5.3016834e-03 3.0266700e-01
  vertex -1.1456106e-02 4.7452745e-03 3.0666700e-01
 endloop
endfacet
facet normal 9.142104e-01 -4.052398e-01 0.000000e+00
 outer loop
  vertex -1.1209468e-02 5.3016834e-03 3.0266700e-01
  vertex -1.1209468e-02 5.3016834e-03 3.0666700e-01
  vertex -1.1456106e-02 4.7452745e-03 3.0666700e-01
 endloop
endfacet
facet normal 8.932232e-01 -4.496135e-01 0.000000e+00
 outer loop
  vertex -1.0935823e-02 5.8453193e-03 3.0266700e-01
  vertex -1.0935823e-02 5.8453193e-03 3.0666700e-01
  vertex -1.1209468e-02 5.3016834e-03 3.0666700e-01
 endloop
endfacet
facet normal 8.700877e-01 -4.928969e-01 0.000000e+00
 outer loop
  vertex -1.0635835e-02 6.3748740e-03 3.0266700e-01
  vertex -1.0935823e-02 5.8453193e-03 3.0666700e-01
  vertex -1.0935823e-02 5.8453193e-03 3.0266700e-01
 endloop
endfacet
facet normal 8.448541e-01 -5.349968e-01 0.000000e+00
 outer loop
  vertex -1.0310224e-02 6.8890710e-03 3.0266700e-01
  vertex -1.0635835e-02 6.3748740e-03 3.0666700e-01
  vertex -1.0635835e-02 6.3748740e-03 3.0266700e-01
 endloop
endfacet
facet normal 8.448541e-01 -5.349968e-01 0.000000e+00
 outer loop
  vertex -1.0310224e-02 6.8890710e-03 3.0666700e-01
  vertex -1.0635835e-02 6.3748740e-03 3.0666700e-01
  vertex -1.0310224e-02 6.8890710e-03 3.0266700e-01
 endloop
endfacet
facet normal 8.175839e-01 -5.758095e-01 0.000000e+00
 outer loop
  vertex -9.9597730e-03 7.3866715e-03 3.0666700e-01
  vertex -1.0310224e-02 6.8890710e-03 3.0666700e-01
  vertex -9.9597730e-03 7.3866715e-03 3.0266700e-01
 endloop
endfacet
facet normal 7.883460e-01 -6.152321e-01 0.000000e+00
 outer loop
  vertex -9.9597730e-03 7.3866715e-03 3.0666700e-01
  vertex -9.9597730e-03 7.3866715e-03 3.0266700e-01
  vertex -9.5853290e-03 7.8664765e-03 3.0266700e-01
 endloop
endfacet
facet normal 7.572110e-01 -6.531703e-01 0.000000e+00
 outer loop
  vertex -9.5853290e-03 7.8664765e-03 3.0666700e-01
  vertex -9.5853290e-03 7.8664765e-03 3.0266700e-01
  vertex -9.1877950e-03 8.3273320e-03 3.0266700e-01
 endloop
endfacet
facet normal 7.572110e-01 -6.531703e-01 0.000000e+00
 outer loop
  vertex -9.5853290e-03 7.8664765e-03 3.0666700e-01
  vertex -9.1877950e-03 8.3273320e-03 3.0266700e-01
  vertex -9.1877950e-03 8.3273320e-03 3.0666700e-01
 endloop
endfacet
facet normal 7.242469e-01 -6.895407e-01 0.000000e+00
 outer loop
  vertex -9.1877950e-03 8.3273320e-03 3.0666700e-01
  vertex -8.7681250e-03 8.7681250e-03 3.0266700e-01
  vertex -8.7681250e-03 8.7681250e-03 3.0666700e-01
 endloop
endfacet
facet normal 6.895407e-01 -7.242469e-01 0.000000e+00
 outer loop
  vertex -8.7681250e-03 8.7681250e-03 3.0266700e-01
  vertex -8.3273320e-03 9.1877950e-03 3.0266700e-01
  vertex -8.7681250e-03 8.7681250e-03 3.0666700e-01
 endloop
endfacet
facet normal 6.531703e-01 -7.572110e-01 0.000000e+00
 outer loop
  vertex -8.3273320e-03 9.1877950e-03 3.0266700e-01
  vertex -7.8664765e-03 9.5853290e-03 3.0266700e-01
  vertex -8.3273320e-03 9.1877950e-03 3.0666700e-01
 endloop
endfacet
facet normal 6.531703e-01 -7.572110e-01 0.000000e+00
 outer loop
  vertex -7.8664765e-03 9.5853290e-03 3.0266700e-01
  vertex -7.8664765e-03 9.5853290e-03 3.0666700e-01
  vertex -8.3273320e-03 9.1877950e-03 3.0666700e-01
 endloop
endfacet
facet normal 6.152321e-01 -7.883460e-01 0.000000e+00
 outer loop
  vertex -7.3866715e-03 9.9597730e-03 3.0266700e-01
  vertex -7.3866715e-03 9.9597730e-03 3.0666700e-01
  vertex -7.8664765e-03 9.5853290e-03 3.0666700e-01
 endloop
endfacet
facet normal 5.758095e-01 -8.175839e-01 0.000000e+00
 outer loop
  vertex -6.8890710e-03 1.0310224e-02 3.0266700e-01
  vertex -7.3866715e-03 9.9597730e-03 3.0666700e-01
  vertex -7.3866715e-03 9.9597730e-03 3.0266700e-01
 endloop
endfacet
facet normal 5.349968e-01 -8.448541e-01 0.000000e+00
 outer loop
  vertex -6.3748740e-03 1.0635835e-02 3.0266700e-01
  vertex -6.8890710e-03 1.0310224e-02 3.0666700e-01
  vertex -6.8890710e-03 1.0310224e-02 3.0266700e-01
 endloop
endfacet
facet normal 5.349968e-01 -8.448541e-01 0.000000e+00
 outer loop
  vertex -6.3748740e-03 1.0635835e-02 3.0666700e-01
  vertex -6.8890710e-03 1.0310224e-02 3.0666700e-01
  vertex -6.3748740e-03 1.0635835e-02 3.0266700e-01
 endloop
endfacet
facet normal 4.928969e-01 -8.700877e-01 0.000000e+00
 outer loop
  vertex -5.8453193e-03 1.0935823e-02 3.0666700e-01
  vertex -6.3748740e-03 1.0635835e-02 3.0666700e-01
  vertex -5.8453193e-03 1.0935823e-02 3.0266700e-01
 endloop
endfacet
facet normal 4.496135e-01 -8.932232e-01 0.000000e+00
 outer loop
  vertex -5.8453193e-03 1.0935823e-02 3.0666700e-01
  vertex -5.8453193e-03 1.0935823e-02 3.0266700e-01
  vertex -5.3016834e-03 1.1209468e-02 3.0266700e-01
 endloop
endfacet
facet normal 4.052398e-01 -9.142104e-01 0.000000e+00
 outer loop
  vertex -5.3016834e-03 1.1209468e-02 3.0666700e-01
  vertex -4.7452745e-03 1.1456106e-02 3.0266700e-01
  vertex -4.7452745e-03 1.1456106e-02 3.0666700e-01
 endloop
endfacet
facet normal 3.136820e-01 -9.495281e-01 0.000000e+00
 outer loop
  vertex -4.1774344e-03 1.1675146e-02 3.0666700e-01
  vertex -4.1774344e-03 1.1675146e-02 3.0266700e-01
  vertex -3.5995300e-03 1.1866060e-02 3.0266700e-01
 endloop
endfacet
facet normal 2.667137e-01 -9.637758e-01 0.000000e+00
 outer loop
  vertex -3.5995300e-03 1.1866060e-02 3.0666700e-01
  vertex -3.5995300e-03 1.1866060e-02 3.0266700e-01
  vertex -3.0129542e-03 1.2028388e-02 3.0266700e-01
 endloop
endfacet
facet normal 2.190997e-01 -9.757025e-01 0.000000e+00
 outer loop
  vertex -2.4191198e-03 1.2161737e-02 3.0666700e-01
  vertex -3.0129542e-03 1.2028388e-02 3.0666700e-01
  vertex -2.4191198e-03 1.2161737e-02 3.0266700e-01
 endloop
endfacet
facet normal 1.709616e-01 -9.852777e-01 0.000000e+00
 outer loop
  vertex -1.8194579e-03 1.2265788e-02 3.0666700e-01
  vertex -2.4191198e-03 1.2161737e-02 3.0666700e-01
  vertex -1.8194579e-03 1.2265788e-02 3.0266700e-01
 endloop
endfacet
facet normal 1.224108e-01 -9.924795e-01 0.000000e+00
 outer loop
  vertex -1.2154125e-03 1.2340290e-02 3.0666700e-01
  vertex -1.8194579e-03 1.2265788e-02 3.0666700e-01
  vertex -1.2154125e-03 1.2340290e-02 3.0266700e-01
 endloop
endfacet
facet normal 2.454231e-02 -9.996988e-01 0.000000e+00
 outer loop
  vertex 0.0000000e+00 1.2400001e-02 3.0266700e-01
  vertex -6.0843915e-04 1.2385064e-02 3.0666700e-01
  vertex -6.0843915e-04 1.2385064e-02 3.0266700e-01
 endloop
endfacet
facet normal -2.454231e-02 -9.996988e-01 0.000000e+00
 outer loop
  vertex 6.0843915e-04 1.2385064e-02 3.0266700e-01
  vertex 0.0000000e+00 1.2400001e-02 3.0666700e-01
  vertex 0.0000000e+00 1.2400001e-02 3.0266700e-01
 endloop
endfacet
facet normal -7.356613e-02 -9.972903e-01 0.000000e+00
 outer loop
  vertex 1.2154125e-03 1.2340290e-02 3.0266700e-01
  vertex 1.2154125e-03 1.2340290e-02 3.0666700e-01
  vertex 6.0843915e-04 1.2385064e-02 3.0666700e-01
 endloop
endfacet
facet normal -1.224108e-01 -9.924795e-01 0.000000e+00
 outer loop
  vertex 1.8194579e-03 1.2265788e-02 3.0266700e-01
  vertex 1.8194579e-03 1.2265788e-02 3.0666700e-01
  vertex 1.2154125e-03 1.2340290e-02 3.0666700e-01
 endloop
endfacet
facet normal -1.709616e-01 -9.852777e-01 0.000000e+00
 outer loop
  vertex 2.4191198e-03 1.2161737e-02 3.0266700e-01
  vertex 2.4191198e-03 1.2161737e-02 3.0666700e-01
  vertex 1.8194579e-03 1.2265788e-02 3.0666700e-01
 endloop
endfacet
facet normal -2.667137e-01 -9.637758e-01 0.000000e+00
 outer loop
  vertex 3.0129542e-03 1.2028388e-02 3.0266700e-01
  vertex 3.5995300e-03 1.1866060e-02 3.0266700e-01
  vertex 3.0129542e-03 1.2028388e-02 3.0666700e-01
 endloop
endfacet
facet normal -3.136820e-01 -9.495281e-01 0.000000e+00
 outer loop
  vertex 3.5995300e-03 1.1866060e-02 3.0266700e-01
  vertex 4.1774344e-03 1.1675146e-02 3.0266700e-01
  vertex 3.5995300e-03 1.1866060e-02 3.0666700e-01
 endloop
endfacet
facet normal -3.598949e-01 -9.329929e-01 0.000000e+00
 outer loop
  vertex 4.1774344e-03 1.1675146e-02 3.0666700e-01
  vertex 4.7452745e-03 1.1456106e-02 3.0266700e-01
  vertex 4.7452745e-03 1.1456106e-02 3.0666700e-01
 endloop
endfacet
facet normal -4.052398e-01 -9.142104e-01 0.000000e+00
 outer loop
  vertex 4.7452745e-03 1.1456106e-02 3.0666700e-01
  vertex 5.3016834e-03 1.1209468e-02 3.0266700e-01
  vertex 5.3016834e-03 1.1209468e-02 3.0666700e-01
 endloop
endfacet
facet normal -4.496135e-01 -8.932232e-01 0.000000e+00
 outer loop
  vertex 5.3016834e-03 1.1209468e-02 3.0666700e-01
  vertex 5.8453193e-03 1.0935823e-02 3.0266700e-01
  vertex 5.8453193e-03 1.0935823e-02 3.0666700e-01
 endloop
endfacet
facet normal -5.349968e-01 -8.448541e-01 -0.000000e+00
 outer loop
  vertex 6.3748740e-03 1.0635835e-02 3.0666700e-01
  vertex 6.3748740e-03 1.0635835e-02 3.0266700e-01
  vertex 6.8890710e-03 1.0310224e-02 3.0266700e-01
 endloop
endfacet
facet normal -5.758095e-01 -8.175839e-01 -0.000000e+00
 outer loop
  vertex 6.8890710e-03 1.0310224e-02 3.0666700e-01
  vertex 6.8890710e-03 1.0310224e-02 3.0266700e-01
  vertex 7.3866715e-03 9.9597730e-03 3.0266700e-01
 endloop
endfacet
facet normal -6.152321e-01 -7.883460e-01 -0.000000e+00
 outer loop
  vertex 7.3866715e-03 9.9597730e-03 3.0666700e-01
  vertex 7.3866715e-03 9.9597730e-03 3.0266700e-01
  vertex 7.8664765e-03 9.5853290e-03 3.0266700e-01
 endloop
endfacet
facet normal -6.531703e-01 -7.572110e-01 -0.000000e+00
 outer loop
  vertex 8.3273320e-03 9.1877950e-03 3.0666700e-01
  vertex 7.8664765e-03 9.5853290e-03 3.0666700e-01
  vertex 8.3273320e-03 9.1877950e-03 3.0266700e-01
 endloop
endfacet
facet normal -6.895407e-01 -7.242469e-01 -0.000000e+00
 outer loop
  vertex 8.7681250e-03 8.7681250e-03 3.0666700e-01
  vertex 8.3273320e-03 9.1877950e-03 3.0666700e-01
  vertex 8.7681250e-03 8.7681250e-03 3.0266700e-01
 endloop
endfacet
facet normal -7.242469e-01 -6.895407e-01 -0.000000e+00
 outer loop
  vertex 9.1877950e-03 8.3273320e-03 3.0666700e-01
  vertex 8.7681250e-03 8.7681250e-03 3.0666700e-01
  vertex 9.1877950e-03 8.3273320e-03 3.0266700e-01
 endloop
endfacet
facet normal -7.883460e-01 -6.152321e-01 0.000000e+00
 outer loop
  vertex 9.9597730e-03 7.3866715e-03 3.0266700e-01
  vertex 9.5853290e-03 7.8664765e-03 3.0666700e-01
  vertex 9.5853290e-03 7.8664765e-03 3.0266700e-01
 endloop
endfacet
facet normal -8.175839e-01 -5.758095e-01 0.000000e+00
 outer loop
  vertex 1.0310224e-02 6.8890710e-03 3.0266700e-01
  vertex 9.9597730e-03 7.3866715e-03 3.0666700e-01
  vertex 9.9597730e-03 7.3866715e-03 3.0266700e-01
 endloop
endfacet
facet normal -8.448541e-01 -5.349968e-01 0.000000e+00
 outer loop
  vertex 1.0635835e-02 6.3748740e-03 3.0266700e-01
  vertex 1.0310224e-02 6.8890710e-03 3.0666700e-01
  vertex 1.0310224e-02 6.8890710e-03 3.0266700e-01
 endloop
endfacet
facet normal -8.700877e-01 -4.928969e-01 0.000000e+00
 outer loop
  vertex 1.0935823e-02 5.8453193e-03 3.0266700e-01
  vertex 1.0635835e-02 6.3748740e-03 3.0666700e-01
  vertex 1.0635835e-02 6.3748740e-03 3.0266700e-01
 endloop
endfacet
facet normal -8.932232e-01 -4.496135e-01 0.000000e+00
 outer loop
  vertex 1.1209468e-02 5.3016834e-03 3.0266700e-01
  vertex 1.1209468e-02 5.3016834e-03 3.0666700e-01
  vertex 1.0935823e-02 5.8453193e-03 3.0666700e-01
 endloop
endfacet
facet normal -9.142104e-01 -4.052398e-01 0.000000e+00
 outer loop
  vertex 1.1456106e-02 4.7452745e-03 3.0266700e-01
  vertex 1.1456106e-02 4.7452745e-03 3.0666700e-01
  vertex 1.1209468e-02 5.3016834e-03 3.0666700e-01
 endloop
endfacet
facet normal -9.329929e-01 -3.598949e-01 0.000000e+00
 outer loop
  vertex 1.1675146e-02 4.1774344e-03 3.0266700e-01
  vertex 1.1675146e-02 4.1774344e-03 3.0666700e-01
  vertex 1.1456106e-02 4.7452745e-03 3.0666700e-01
 endloop
endfacet
facet normal -9.495281e-01 -3.136820e-01 0.000000e+00
 outer loop
  vertex 1.1866060e-02 3.5995300e-03 3.0266700e-01
  vertex 1.1866060e-02 3.5995300e-03 3.0666700e-01
  vertex 1.1675146e-02 4.1774344e-03 3.0666700e-01
 endloop
endfacet
facet normal -9.637758e-01 -2.667137e-01 0.000000e+00
 outer loop
  vertex 1.2028388e-02 3.0129542e-03 3.0266700e-01
  vertex 1.2028388e-02 3.0129542e-03 3.0666700e-01
  vertex 1.1866060e-02 3.5995300e-03 3.0666700e-01
 endloop
endfacet
facet normal -9.852777e-01 -1.709616e-01 0.000000e+00
 outer loop
  vertex 1.2161737e-02 2.4191198e-03 3.0266700e-01
  vertex 1.2265788e-02 1.8194579e-03 3.0266700e-01
  vertex 1.2161737e-02 2.4191198e-03 3.0666700e-01
 endloop
endfacet
facet normal -9.996988e-01 -2.454231e-02 0.000000e+00
 outer loop
  vertex 1.2400001e-02 -0.0000000e+00 3.0266700e-01
  vertex 1.2400001e-02 -0.0000000e+00 3.0666700e-01
  vertex 1.2385064e-02 6.0843915e-04 3.0666700e-01
 endloop
endfacet
facet normal -9.924795e-01 -1.224108e-01 0.000000e+00
 outer loop
  vertex 1.2340290e-02 1.2154125e-03 3.0266700e-01
  vertex 1.2265788e-02 1.8194579e-03 3.0666700e-01
  vertex 1.2265788e-02 1.8194579e-03 3.0266700e-01
 endloop
endfacet
facet normal -9.996988e-01 -2.454231e-02 0.000000e+00
 outer loop
  vertex 1.2385064e-02 6.0843915e-04 3.0266700e-01
  vertex 1.2400001e-02 -0.0000000e+00 3.0266700e-01
  vertex 1.2385064e-02 6.0843915e-04 3.0666700e-01
 endloop
endfacet
facet normal -9.972903e-01 -7.356613e-02 0.000000e+00
 outer loop
  vertex 1.2340290e-02 1.2154125e-03 3.0266700e-01
  vertex 1.2385064e-02 6.0843915e-04 3.0266700e-01
  vertex 1.2340290e-02 1.2154125e-03 3.0666700e-01
 endloop
endfacet
facet normal -9.924795e-01 -1.224108e-01 0.000000e+00
 outer loop
  vertex 1.2340290e-02 1.2154125e-03 3.0266700e-01
  vertex 1.2340290e-02 1.2154125e-03 3.0666700e-01
  vertex 1.2265788e-02 1.8194579e-03 3.0666700e-01
 endloop
endfacet
facet normal -9.852777e-01 -1.709616e-01 0.000000e+00
 outer loop
  vertex 1.2265788e-02 1.8194579e-03 3.0266700e-01
  vertex 1.2265788e-02 1.8194579e-03 3.0666700e-01
  vertex 1.2161737e-02 2.4191198e-03 3.0666700e-01
 endloop
endfacet
facet normal -9.757025e-01 -2.190997e-01 0.000000e+00
 outer loop
  vertex 1.2161737e-02 2.4191198e-03 3.0266700e-01
  vertex 1.2161737e-02 2.4191198e-03 3.0666700e-01
  vertex 1.2028388e-02 3.0129542e-03 3.0666700e-01
 endloop
endfacet
facet normal -9.757025e-01 -2.190997e-01 0.000000e+00
 outer loop
  vertex 1.2161737e-02 2.4191198e-03 3.0266700e-01
  vertex 1.2028388e-02 3.0129542e-03 3.0666700e-01
  vertex 1.2028388e-02 3.0129542e-03 3.0266700e-01
 endloop
endfacet
facet normal -9.637758e-01 -2.667137e-01 0.000000e+00
 outer loop
  vertex 1.2028388e-02 3.0129542e-03 3.0266700e-01
  vertex 1.1866060e-02 3.5995300e-03 3.0666700e-01
  vertex 1.1866060e-02 3.5995300e-03 3.0266700e-01
 endloop
endfacet
facet normal -9.495281e-01 -3.136820e-01 0.000000e+00
 outer loop
  vertex 1.1866060e-02 3.5995300e-03 3.0266700e-01
  vertex 1.1675146e-02 4.1774344e-03 3.0666700e-01
  vertex 1.1675146e-02 4.1774344e-03 3.0266700e-01
 endloop
endfacet
facet normal -9.329929e-01 -3.598949e-01 0.000000e+00
 outer loop
  vertex 1.1675146e-02 4.1774344e-03 3.0266700e-01
  vertex 1.1456106e-02 4.7452745e-03 3.0666700e-01
  vertex 1.1456106e-02 4.7452745e-03 3.0266700e-01
 endloop
endfacet
facet normal -9.142104e-01 -4.052398e-01 0.000000e+00
 outer loop
  vertex 1.1456106e-02 4.7452745e-03 3.0266700e-01
  vertex 1.1209468e-02 5.3016834e-03 3.0666700e-01
  vertex 1.1209468e-02 5.3016834e-03 3.0266700e-01
 endloop
endfacet
facet normal -8.932232e-01 -4.496135e-01 0.000000e+00
 outer loop
  vertex 1.1209468e-02 5.3016834e-03 3.0266700e-01
  vertex 1.0935823e-02 5.8453193e-03 3.0666700e-01
  vertex 1.0935823e-02 5.8453193e-03 3.0266700e-01
 endloop
endfacet
facet normal -8.700877e-01 -4.928969e-01 -0.000000e+00
 outer loop
  vertex 1.0935823e-02 5.8453193e-03 3.0666700e-01
  vertex 1.0635835e-02 6.3748740e-03 3.0666700e-01
  vertex 1.0935823e-02 5.8453193e-03 3.0266700e-01
 endloop
endfacet
facet normal -8.448541e-01 -5.349968e-01 -0.000000e+00
 outer loop
  vertex 1.0635835e-02 6.3748740e-03 3.0666700e-01
  vertex 1.0310224e-02 6.8890710e-03 3.0666700e-01
  vertex 1.0635835e-02 6.3748740e-03 3.0266700e-01
 endloop
endfacet
facet normal -8.175839e-01 -5.758095e-01 -0.000000e+00
 outer loop
  vertex 1.0310224e-02 6.8890710e-03 3.0666700e-01
  vertex 9.9597730e-03 7.3866715e-03 3.0666700e-01
  vertex 1.0310224e-02 6.8890710e-03 3.0266700e-01
 endloop
endfacet
facet normal -7.883460e-01 -6.152321e-01 -0.000000e+00
 outer loop
  vertex 9.9597730e-03 7.3866715e-03 3.0666700e-01
  vertex 9.5853290e-03 7.8664765e-03 3.0666700e-01
  vertex 9.9597730e-03 7.3866715e-03 3.0266700e-01
 endloop
endfacet
facet normal -7.572110e-01 -6.531703e-01 -0.000000e+00
 outer loop
  vertex 9.5853290e-03 7.8664765e-03 3.0666700e-01
  vertex 9.1877950e-03 8.3273320e-03 3.0666700e-01
  vertex 9.5853290e-03 7.8664765e-03 3.0266700e-01
 endloop
endfacet
facet normal -7.572110e-01 -6.531703e-01 -0.000000e+00
 outer loop
  vertex 9.1877950e-03 8.3273320e-03 3.0666700e-01
  vertex 9.1877950e-03 8.3273320e-03 3.0266700e-01
  vertex 9.5853290e-03 7.8664765e-03 3.0266700e-01
 endloop
endfacet
facet normal -7.242469e-01 -6.895407e-01 -0.000000e+00
 outer loop
  vertex 8.7681250e-03 8.7681250e-03 3.0666700e-01
  vertex 8.7681250e-03 8.7681250e-03 3.0266700e-01
  vertex 9.1877950e-03 8.3273320e-03 3.0266700e-01
 endloop
endfacet
facet normal -6.895407e-01 -7.242469e-01 -0.000000e+00
 outer loop
  vertex 8.3273320e-03 9.1877950e-03 3.0666700e-01
  vertex 8.3273320e-03 9.1877950e-03 3.0266700e-01
  vertex 8.7681250e-03 8.7681250e-03 3.0266700e-01
 endloop
endfacet
facet normal -6.531703e-01 -7.572110e-01 -0.000000e+00
 outer loop
  vertex 7.8664765e-03 9.5853290e-03 3.0666700e-01
  vertex 7.8664765e-03 9.5853290e-03 3.0266700e-01
  vertex 8.3273320e-03 9.1877950e-03 3.0266700e-01
 endloop
endfacet
facet normal -6.152321e-01 -7.883460e-01 0.000000e+00
 outer loop
  vertex 7.3866715e-03 9.9597730e-03 3.0666700e-01
  vertex 7.8664765e-03 9.5853290e-03 3.0266700e-01
  vertex 7.8664765e-03 9.5853290e-03 3.0666700e-01
 endloop
endfacet
facet normal -5.758095e-01 -8.175839e-01 0.000000e+00
 outer loop
  vertex 6.8890710e-03 1.0310224e-02 3.0666700e-01
  vertex 7.3866715e-03 9.9597730e-03 3.0266700e-01
  vertex 7.3866715e-03 9.9597730e-03 3.0666700e-01
 endloop
endfacet
facet normal -5.349968e-01 -8.448541e-01 0.000000e+00
 outer loop
  vertex 6.3748740e-03 1.0635835e-02 3.0666700e-01
  vertex 6.8890710e-03 1.0310224e-02 3.0266700e-01
  vertex 6.8890710e-03 1.0310224e-02 3.0666700e-01
 endloop
endfacet
facet normal -4.928969e-01 -8.700877e-01 0.000000e+00
 outer loop
  vertex 5.8453193e-03 1.0935823e-02 3.0666700e-01
  vertex 6.3748740e-03 1.0635835e-02 3.0266700e-01
  vertex 6.3748740e-03 1.0635835e-02 3.0666700e-01
 endloop
endfacet
facet normal -4.928969e-01 -8.700877e-01 0.000000e+00
 outer loop
  vertex 5.8453193e-03 1.0935823e-02 3.0266700e-01
  vertex 6.3748740e-03 1.0635835e-02 3.0266700e-01
  vertex 5.8453193e-03 1.0935823e-02 3.0666700e-01
 endloop
endfacet
facet normal -4.496135e-01 -8.932232e-01 0.000000e+00
 outer loop
  vertex 5.3016834e-03 1.1209468e-02 3.0266700e-01
  vertex 5.8453193e-03 1.0935823e-02 3.0266700e-01
  vertex 5.3016834e-03 1.1209468e-02 3.0666700e-01
 endloop
endfacet
facet normal -4.052398e-01 -9.142104e-01 0.000000e+00
 outer loop
  vertex 4.7452745e-03 1.1456106e-02 3.0266700e-01
  vertex 5.3016834e-03 1.1209468e-02 3.0266700e-01
  vertex 4.7452745e-03 1.1456106e-02 3.0666700e-01
 endloop
endfacet
facet normal -3.598949e-01 -9.329929e-01 0.000000e+00
 outer loop
  vertex 4.1774344e-03 1.1675146e-02 3.0266700e-01
  vertex 4.7452745e-03 1.1456106e-02 3.0266700e-01
  vertex 4.1774344e-03 1.1675146e-02 3.0666700e-01
 endloop
endfacet
facet normal -3.136820e-01 -9.495281e-01 0.000000e+00
 outer loop
  vertex 4.1774344e-03 1.1675146e-02 3.0266700e-01
  vertex 4.1774344e-03 1.1675146e-02 3.0666700e-01
  vertex 3.5995300e-03 1.1866060e-02 3.0666700e-01
 endloop
endfacet
facet normal -2.667137e-01 -9.637758e-01 0.000000e+00
 outer loop
  vertex 3.5995300e-03 1.1866060e-02 3.0266700e-01
  vertex 3.5995300e-03 1.1866060e-02 3.0666700e-01
  vertex 3.0129542e-03 1.2028388e-02 3.0666700e-01
 endloop
endfacet
facet normal -2.190997e-01 -9.757025e-01 0.000000e+00
 outer loop
  vertex 3.0129542e-03 1.2028388e-02 3.0266700e-01
  vertex 3.0129542e-03 1.2028388e-02 3.0666700e-01
  vertex 2.4191198e-03 1.2161737e-02 3.0666700e-01
 endloop
endfacet
facet normal -2.190997e-01 -9.757025e-01 0.000000e+00
 outer loop
  vertex 3.0129542e-03 1.2028388e-02 3.0266700e-01
  vertex 2.4191198e-03 1.2161737e-02 3.0666700e-01
  vertex 2.4191198e-03 1.2161737e-02 3.0266700e-01
 endloop
endfacet
facet normal -1.709616e-01 -9.852777e-01 0.000000e+00
 outer loop
  vertex 2.4191198e-03 1.2161737e-02 3.0266700e-01
  vertex 1.8194579e-03 1.2265788e-02 3.0666700e-01
  vertex 1.8194579e-03 1.2265788e-02 3.0266700e-01
 endloop
endfacet
facet normal -1.224108e-01 -9.924795e-01 0.000000e+00
 outer loop
  vertex 1.8194579e-03 1.2265788e-02 3.0266700e-01
  vertex 1.2154125e-03 1.2340290e-02 3.0666700e-01
  vertex 1.2154125e-03 1.2340290e-02 3.0266700e-01
 endloop
endfacet
facet normal -7.356613e-02 -9.972903e-01 0.000000e+00
 outer loop
  vertex 1.2154125e-03 1.2340290e-02 3.0266700e-01
  vertex 6.0843915e-04 1.2385064e-02 3.0666700e-01
  vertex 6.0843915e-04 1.2385064e-02 3.0266700e-01
 endloop
endfacet
facet normal -2.454231e-02 -9.996988e-01 -0.000000e+00
 outer loop
  vertex 6.0843915e-04 1.2385064e-02 3.0666700e-01
  vertex 0.0000000e+00 1.2400001e-02 3.0666700e-01
  vertex 6.0843915e-04 1.2385064e-02 3.0266700e-01
 endloop
endfacet
facet normal 2.454231e-02 -9.996988e-01 0.000000e+00
 outer loop
  vertex 0.0000000e+00 1.2400001e-02 3.0666700e-01
  vertex -6.0843915e-04 1.2385064e-02 3.0666700e-01
  vertex 0.0000000e+00 1.2400001e-02 3.0266700e-01
 endloop
endfacet
facet normal 7.356613e-02 -9.972903e-01 0.000000e+00
 outer loop
  vertex -6.0843915e-04 1.2385064e-02 3.0666700e-01
  vertex -1.2154125e-03 1.2340290e-02 3.0666700e-01
  vertex -6.0843915e-04 1.2385064e-02 3.0266700e-01
 endloop
endfacet
facet normal 7.356613e-02 -9.972903e-01 0.000000e+00
 outer loop
  vertex -1.2154125e-03 1.2340290e-02 3.0666700e-01
  vertex -1.2154125e-03 1.2340290e-02 3.0266700e-01
  vertex -6.0843915e-04 1.2385064e-02 3.0266700e-01
 endloop
endfacet
facet normal 1.224108e-01 -9.924795e-01 0.000000e+00
 outer loop
  vertex -1.8194579e-03 1.2265788e-02 3.0666700e-01
  vertex -1.8194579e-03 1.2265788e-02 3.0266700e-01
  vertex -1.2154125e-03 1.2340290e-02 3.0266700e-01
 endloop
endfacet
facet normal 1.709616e-01 -9.852777e-01 0.000000e+00
 outer loop
  vertex -2.4191198e-03 1.2161737e-02 3.0666700e-01
  vertex -2.4191198e-03 1.2161737e-02 3.0266700e-01
  vertex -1.8194579e-03 1.2265788e-02 3.0266700e-01
 endloop
endfacet
facet normal 2.190997e-01 -9.757025e-01 0.000000e+00
 outer loop
  vertex -3.0129542e-03 1.2028388e-02 3.0666700e-01
  vertex -3.0129542e-03 1.2028388e-02 3.0266700e-01
  vertex -2.4191198e-03 1.2161737e-02 3.0266700e-01
 endloop
endfacet
facet normal 2.667137e-01 -9.637758e-01 0.000000e+00
 outer loop
  vertex -3.5995300e-03 1.1866060e-02 3.0666700e-01
  vertex -3.0129542e-03 1.2028388e-02 3.0266700e-01
  vertex -3.0129542e-03 1.2028388e-02 3.0666700e-01
 endloop
endfacet
facet normal 3.136820e-01 -9.495281e-01 0.000000e+00
 outer loop
  vertex -4.1774344e-03 1.1675146e-02 3.0666700e-01
  vertex -3.5995300e-03 1.1866060e-02 3.0266700e-01
  vertex -3.5995300e-03 1.1866060e-02 3.0666700e-01
 endloop
endfacet
facet normal 3.598949e-01 -9.329929e-01 0.000000e+00
 outer loop
  vertex -4.7452745e-03 1.1456106e-02 3.0666700e-01
  vertex -4.1774344e-03 1.1675146e-02 3.0266700e-01
  vertex -4.1774344e-03 1.1675146e-02 3.0666700e-01
 endloop
endfacet
facet normal 3.598949e-01 -9.329929e-01 0.000000e+00
 outer loop
  vertex -4.7452745e-03 1.1456106e-02 3.0266700e-01
  vertex -4.1774344e-03 1.1675146e-02 3.0266700e-01
  vertex -4.7452745e-03 1.1456106e-02 3.0666700e-01
 endloop
endfacet
facet normal 4.052398e-01 -9.142104e-01 0.000000e+00
 outer loop
  vertex -5.3016834e-03 1.1209468e-02 3.0266700e-01
  vertex -4.7452745e-03 1.1456106e-02 3.0266700e-01
  vertex -5.3016834e-03 1.1209468e-02 3.0666700e-01
 endloop
endfacet
facet normal 4.496135e-01 -8.932232e-01 0.000000e+00
 outer loop
  vertex -5.3016834e-03 1.1209468e-02 3.0266700e-01
  vertex -5.3016834e-03 1.1209468e-02 3.0666700e-01
  vertex -5.8453193e-03 1.0935823e-02 3.0666700e-01
 endloop
endfacet
facet normal 4.928969e-01 -8.700877e-01 0.000000e+00
 outer loop
  vertex -6.3748740e-03 1.0635835e-02 3.0266700e-01
  vertex -5.8453193e-03 1.0935823e-02 3.0266700e-01
  vertex -6.3748740e-03 1.0635835e-02 3.0666700e-01
 endloop
endfacet
facet normal 5.758095e-01 -8.175839e-01 0.000000e+00
 outer loop
  vertex -7.3866715e-03 9.9597730e-03 3.0666700e-01
  vertex -6.8890710e-03 1.0310224e-02 3.0266700e-01
  vertex -6.8890710e-03 1.0310224e-02 3.0666700e-01
 endloop
endfacet
facet normal 6.152321e-01 -7.883460e-01 0.000000e+00
 outer loop
  vertex -7.8664765e-03 9.5853290e-03 3.0666700e-01
  vertex -7.8664765e-03 9.5853290e-03 3.0266700e-01
  vertex -7.3866715e-03 9.9597730e-03 3.0266700e-01
 endloop
endfacet
facet normal 6.895407e-01 -7.242469e-01 0.000000e+00
 outer loop
  vertex -8.3273320e-03 9.1877950e-03 3.0666700e-01
  vertex -8.7681250e-03 8.7681250e-03 3.0666700e-01
  vertex -8.3273320e-03 9.1877950e-03 3.0266700e-01
 endloop
endfacet
facet normal 7.242469e-01 -6.895407e-01 0.000000e+00
 outer loop
  vertex -8.7681250e-03 8.7681250e-03 3.0266700e-01
  vertex -9.1877950e-03 8.3273320e-03 3.0666700e-01
  vertex -9.1877950e-03 8.3273320e-03 3.0266700e-01
 endloop
endfacet
facet normal 7.883460e-01 -6.152321e-01 0.000000e+00
 outer loop
  vertex -9.5853290e-03 7.8664765e-03 3.0266700e-01
  vertex -9.5853290e-03 7.8664765e-03 3.0666700e-01
  vertex -9.9597730e-03 7.3866715e-03 3.0666700e-01
 endloop
endfacet
facet normal 8.175839e-01 -5.758095e-01 0.000000e+00
 outer loop
  vertex -1.0310224e-02 6.8890710e-03 3.0266700e-01
  vertex -9.9597730e-03 7.3866715e-03 3.0266700e-01
  vertex -1.0310224e-02 6.8890710e-03 3.0666700e-01
 endloop
endfacet
facet normal 8.700877e-01 -4.928969e-01 0.000000e+00
 outer loop
  vertex -1.0935823e-02 5.8453193e-03 3.0666700e-01
  vertex -1.0635835e-02 6.3748740e-03 3.0266700e-01
  vertex -1.0635835e-02 6.3748740e-03 3.0666700e-01
 endloop
endfacet
facet normal 8.932232e-01 -4.496135e-01 0.000000e+00
 outer loop
  vertex -1.1209468e-02 5.3016834e-03 3.0666700e-01
  vertex -1.1209468e-02 5.3016834e-03 3.0266700e-01
  vertex -1.0935823e-02 5.8453193e-03 3.0266700e-01
 endloop
endfacet
facet normal 9.329929e-01 -3.598949e-01 0.000000e+00
 outer loop
  vertex -1.1456106e-02 4.7452745e-03 3.0666700e-01
  vertex -1.1675146e-02 4.1774344e-03 3.0666700e-01
  vertex -1.1456106e-02 4.7452745e-03 3.0266700e-01
 endloop
endfacet
facet normal 9.495281e-01 -3.136820e-01 0.000000e+00
 outer loop
  vertex -1.1675146e-02 4.1774344e-03 3.0266700e-01
  vertex -1.1866060e-02 3.5995300e-03 3.0666700e-01
  vertex -1.1866060e-02 3.5995300e-03 3.0266700e-01
 endloop
endfacet
facet normal 9.757025e-01 -2.190997e-01 0.000000e+00
 outer loop
  vertex -1.2028388e-02 3.0129542e-03 3.0266700e-01
  vertex -1.2028388e-02 3.0129542e-03 3.0666700e-01
  vertex -1.2161737e-02 2.4191198e-03 3.0666700e-01
 endloop
endfacet
facet normal 9.852777e-01 -1.709616e-01 0.000000e+00
 outer loop
  vertex -1.2265788e-02 1.8194579e-03 3.0266700e-01
  vertex -1.2161737e-02 2.4191198e-03 3.0266700e-01
  vertex -1.2265788e-02 1.8194579e-03 3.0666700e-01
 endloop
endfacet
facet normal 9.996988e-01 -2.454231e-02 0.000000e+00
 outer loop
  vertex -1.2385064e-02 6.0843915e-04 3.0666700e-01
  vertex -1.2400001e-02 -0.0000000e+00 3.0666700e-01
  vertex -1.2400001e-02 -0.0000000e+00 3.0266700e-01
 endloop
endfacet
facet normal 9.972903e-01 -7.356613e-02 0.000000e+00
 outer loop
  vertex -1.2340290e-02 1.2154125e-03 3.0266700e-01
  vertex -1.2340290e-02 1.2154125e-03 3.0666700e-01
  vertex -1.2385064e-02 6.0843915e-04 3.0666700e-01
 endloop
endfacet
facet normal -9.972903e-01 -7.356613e-02 0.000000e+00
 outer loop
  vertex 1.2340290e-02 1.2154125e-03 3.0666700e-01
  vertex 1.2385064e-02 6.0843915e-04 3.0266700e-01
  vertex 1.2385064e-02 6.0843915e-04 3.0666700e-01
 endloop
endfacet
facet normal 9.996988e-01 2.454231e-02 0.000000e+00
 outer loop
  vertex -1.2385064e-02 -6.0843915e-04 3.0666700e-01
  vertex -1.2385064e-02 -6.0843915e-04 3.0266700e-01
  vertex -1.2400001e-02 -0.0000000e+00 3.0666700e-01
 endloop
endfacet
facet normal 9.972903e-01 7.356613e-02 0.000000e+00
 outer loop
  vertex -1.2340290e-02 -1.2154125e-03 3.0666700e-01
  vertex -1.2385064e-02 -6.0843915e-04 3.0266700e-01
  vertex -1.2385064e-02 -6.0843915e-04 3.0666700e-01
 endloop
endfacet
facet normal 9.924795e-01 1.224108e-01 0.000000e+00
 outer loop
  vertex -1.2265788e-02 -1.8194579e-03 3.0666700e-01
  vertex -1.2340290e-02 -1.2154125e-03 3.0266700e-01
  vertex -1.2340290e-02 -1.2154125e-03 3.0666700e-01
 endloop
endfacet
facet normal 9.924795e-01 1.224108e-01 -0.000000e+00
 outer loop
  vertex -1.2265788e-02 -1.8194579e-03 3.0266700e-01
  vertex -1.2340290e-02 -1.2154125e-03 3.0266700e-01
  vertex -1.2265788e-02 -1.8194579e-03 3.0666700e-01
 endloop
endfacet
facet normal 9.852777e-01 1.709616e-01 -0.000000e+00
 outer loop
  vertex -1.2161737e-02 -2.4191198e-03 3.0266700e-01
  vertex -1.2265788e-02 -1.8194579e-03 3.0266700e-01
  vertex -1.2161737e-02 -2.4191198e-03 3.0666700e-01
 endloop
endfacet
facet normal 9.757025e-01 2.190997e-01 -0.000000e+00
 outer loop
  vertex -1.2161737e-02 -2.4191198e-03 3.0266700e-01
  vertex -1.2161737e-02 -2.4191198e-03 3.0666700e-01
  vertex -1.2028388e-02 -3.0129542e-03 3.0666700e-01
 endloop
endfacet
facet normal 9.637758e-01 2.667137e-01 -0.000000e+00
 outer loop
  vertex -1.2028388e-02 -3.0129542e-03 3.0266700e-01
  vertex -1.2028388e-02 -3.0129542e-03 3.0666700e-01
  vertex -1.1866060e-02 -3.5995300e-03 3.0666700e-01
 endloop
endfacet
facet normal 9.637758e-01 2.667137e-01 0.000000e+00
 outer loop
  vertex -1.2028388e-02 -3.0129542e-03 3.0266700e-01
  vertex -1.1866060e-02 -3.5995300e-03 3.0666700e-01
  vertex -1.1866060e-02 -3.5995300e-03 3.0266700e-01
 endloop
endfacet
facet normal 9.495281e-01 3.136820e-01 0.000000e+00
 outer loop
  vertex -1.1866060e-02 -3.5995300e-03 3.0266700e-01
  vertex -1.1675146e-02 -4.1774344e-03 3.0666700e-01
  vertex -1.1675146e-02 -4.1774344e-03 3.0266700e-01
 endloop
endfacet
facet normal 9.329929e-01 3.598949e-01 0.000000e+00
 outer loop
  vertex -1.1675146e-02 -4.1774344e-03 3.0666700e-01
  vertex -1.1456106e-02 -4.7452745e-03 3.0666700e-01
  vertex -1.1675146e-02 -4.1774344e-03 3.0266700e-01
 endloop
endfacet
facet normal 9.142104e-01 4.052398e-01 0.000000e+00
 outer loop
  vertex -1.1456106e-02 -4.7452745e-03 3.0666700e-01
  vertex -1.1209468e-02 -5.3016834e-03 3.0666700e-01
  vertex -1.1456106e-02 -4.7452745e-03 3.0266700e-01
 endloop
endfacet
facet normal 9.142104e-01 4.052398e-01 0.000000e+00
 outer loop
  vertex -1.1209468e-02 -5.3016834e-03 3.0666700e-01
  vertex -1.1209468e-02 -5.3016834e-03 3.0266700e-01
  vertex -1.1456106e-02 -4.7452745e-03 3.0266700e-01
 endloop
endfacet
facet normal 8.932232e-01 4.496135e-01 0.000000e+00
 outer loop
  vertex -1.0935823e-02 -5.8453193e-03 3.0666700e-01
  vertex -1.0935823e-02 -5.8453193e-03 3.0266700e-01
  vertex -1.1209468e-02 -5.3016834e-03 3.0266700e-01
 endloop
endfacet
facet normal 8.700877e-01 4.928969e-01 0.000000e+00
 outer loop
  vertex -1.0635835e-02 -6.3748740e-03 3.0666700e-01
  vertex -1.0935823e-02 -5.8453193e-03 3.0266700e-01
  vertex -1.0935823e-02 -5.8453193e-03 3.0666700e-01
 endloop
endfacet
facet normal 8.448541e-01 5.349968e-01 0.000000e+00
 outer loop
  vertex -1.0310224e-02 -6.8890710e-03 3.0666700e-01
  vertex -1.0635835e-02 -6.3748740e-03 3.0266700e-01
  vertex -1.0635835e-02 -6.3748740e-03 3.0666700e-01
 endloop
endfacet
facet normal 8.448541e-01 5.349968e-01 -0.000000e+00
 outer loop
  vertex -1.0310224e-02 -6.8890710e-03 3.0266700e-01
  vertex -1.0635835e-02 -6.3748740e-03 3.0266700e-01
  vertex -1.0310224e-02 -6.8890710e-03 3.0666700e-01
 endloop
endfacet
facet normal 8.175839e-01 5.758095e-01 -0.000000e+00
 outer loop
  vertex -9.9597730e-03 -7.3866715e-03 3.0266700e-01
  vertex -1.0310224e-02 -6.8890710e-03 3.0266700e-01
  vertex -9.9597730e-03 -7.3866715e-03 3.0666700e-01
 endloop
endfacet
facet normal 7.883460e-01 6.152321e-01 -0.000000e+00
 outer loop
  vertex -9.9597730e-03 -7.3866715e-03 3.0266700e-01
  vertex -9.9597730e-03 -7.3866715e-03 3.0666700e-01
  vertex -9.5853290e-03 -7.8664765e-03 3.0666700e-01
 endloop
endfacet
facet normal 7.572110e-01 6.531703e-01 -0.000000e+00
 outer loop
  vertex -9.5853290e-03 -7.8664765e-03 3.0266700e-01
  vertex -9.5853290e-03 -7.8664765e-03 3.0666700e-01
  vertex -9.1877950e-03 -8.3273320e-03 3.0666700e-01
 endloop
endfacet
facet normal 7.572110e-01 6.531703e-01 0.000000e+00
 outer loop
  vertex -9.5853290e-03 -7.8664765e-03 3.0266700e-01
  vertex -9.1877950e-03 -8.3273320e-03 3.0666700e-01
  vertex -9.1877950e-03 -8.3273320e-03 3.0266700e-01
 endloop
endfacet
facet normal 7.242469e-01 6.895407e-01 0.000000e+00
 outer loop
  vertex -9.1877950e-03 -8.3273320e-03 3.0266700e-01
  vertex -8.7681250e-03 -8.7681250e-03 3.0666700e-01
  vertex -8.7681250e-03 -8.7681250e-03 3.0266700e-01
 endloop
endfacet
facet normal 6.895407e-01 7.242469e-01 0.000000e+00
 outer loop
  vertex -8.7681250e-03 -8.7681250e-03 3.0666700e-01
  vertex -8.3273320e-03 -9.1877950e-03 3.0666700e-01
  vertex -8.7681250e-03 -8.7681250e-03 3.0266700e-01
 endloop
endfacet
facet normal 6.531703e-01 7.572110e-01 0.000000e+00
 outer loop
  vertex -8.3273320e-03 -9.1877950e-03 3.0666700e-01
  vertex -7.8664765e-03 -9.5853290e-03 3.0666700e-01
  vertex -8.3273320e-03 -9.1877950e-03 3.0266700e-01
 endloop
endfacet
facet normal 6.531703e-01 7.572110e-01 0.000000e+00
 outer loop
  vertex -7.8664765e-03 -9.5853290e-03 3.0666700e-01
  vertex -7.8664765e-03 -9.5853290e-03 3.0266700e-01
  vertex -8.3273320e-03 -9.1877950e-03 3.0266700e-01
 endloop
endfacet
facet normal 6.152321e-01 7.883460e-01 0.000000e+00
 outer loop
  vertex -7.3866715e-03 -9.9597730e-03 3.0666700e-01
  vertex -7.3866715e-03 -9.9597730e-03 3.0266700e-01
  vertex -7.8664765e-03 -9.5853290e-03 3.0266700e-01
 endloop
endfacet
facet normal 5.758095e-01 8.175839e-01 0.000000e+00
 outer loop
  vertex -6.8890710e-03 -1.0310224e-02 3.0666700e-01
  vertex -7.3866715e-03 -9.9597730e-03 3.0266700e-01
  vertex -7.3866715e-03 -9.9597730e-03 3.0666700e-01
 endloop
endfacet
facet normal 5.349968e-01 8.448541e-01 0.000000e+00
 outer loop
  vertex -6.3748740e-03 -1.0635835e-02 3.0666700e-01
  vertex -6.8890710e-03 -1.0310224e-02 3.0266700e-01
  vertex -6.8890710e-03 -1.0310224e-02 3.0666700e-01
 endloop
endfacet
facet normal 5.349968e-01 8.448541e-01 -0.000000e+00
 outer loop
  vertex -6.3748740e-03 -1.0635835e-02 3.0266700e-01
  vertex -6.8890710e-03 -1.0310224e-02 3.0266700e-01
  vertex -6.3748740e-03 -1.0635835e-02 3.0666700e-01
 endloop
endfacet
facet normal 4.928969e-01 8.700877e-01 -0.000000e+00
 outer loop
  vertex -5.8453193e-03 -1.0935823e-02 3.0266700e-01
  vertex -6.3748740e-03 -1.0635835e-02 3.0266700e-01
  vertex -5.8453193e-03 -1.0935823e-02 3.0666700e-01
 endloop
endfacet
facet normal 4.496135e-01 8.932232e-01 -0.000000e+00
 outer loop
  vertex -5.8453193e-03 -1.0935823e-02 3.0266700e-01
  vertex -5.8453193e-03 -1.0935823e-02 3.0666700e-01
  vertex -5.3016834e-03 -1.1209468e-02 3.0666700e-01
 endloop
endfacet
facet normal 4.052398e-01 9.142104e-01 0.000000e+00
 outer loop
  vertex -5.3016834e-03 -1.1209468e-02 3.0266700e-01
  vertex -4.7452745e-03 -1.1456106e-02 3.0666700e-01
  vertex -4.7452745e-03 -1.1456106e-02 3.0266700e-01
 endloop
endfacet
facet normal 3.136820e-01 9.495281e-01 -0.000000e+00
 outer loop
  vertex -4.1774344e-03 -1.1675146e-02 3.0266700e-01
  vertex -4.1774344e-03 -1.1675146e-02 3.0666700e-01
  vertex -3.5995300e-03 -1.1866060e-02 3.0666700e-01
 endloop
endfacet
facet normal 2.667137e-01 9.637758e-01 -0.000000e+00
 outer loop
  vertex -3.5995300e-03 -1.1866060e-02 3.0266700e-01
  vertex -3.5995300e-03 -1.1866060e-02 3.0666700e-01
  vertex -3.0129542e-03 -1.2028388e-02 3.0666700e-01
 endloop
endfacet
facet normal 2.190997e-01 9.757025e-01 -0.000000e+00
 outer loop
  vertex -2.4191198e-03 -1.2161737e-02 3.0266700e-01
  vertex -3.0129542e-03 -1.2028388e-02 3.0266700e-01
  vertex -2.4191198e-03 -1.2161737e-02 3.0666700e-01
 endloop
endfacet
facet normal 1.709616e-01 9.852777e-01 -0.000000e+00
 outer loop
  vertex -1.8194579e-03 -1.2265788e-02 3.0266700e-01
  vertex -2.4191198e-03 -1.2161737e-02 3.0266700e-01
  vertex -1.8194579e-03 -1.2265788e-02 3.0666700e-01
 endloop
endfacet
facet normal 1.224108e-01 9.924795e-01 -0.000000e+00
 outer loop
  vertex -1.2154125e-03 -1.2340290e-02 3.0266700e-01
  vertex -1.8194579e-03 -1.2265788e-02 3.0266700e-01
  vertex -1.2154125e-03 -1.2340290e-02 3.0666700e-01
 endloop
endfacet
facet normal 2.454231e-02 9.996988e-01 0.000000e+00
 outer loop
  vertex 0.0000000e+00 -1.2400001e-02 3.0666700e-01
  vertex -6.0843915e-04 -1.2385064e-02 3.0266700e-01
  vertex -6.0843915e-04 -1.2385064e-02 3.0666700e-01
 endloop
endfacet
facet normal -2.454231e-02 9.996988e-01 0.000000e+00
 outer loop
  vertex 6.0843915e-04 -1.2385064e-02 3.0666700e-01
  vertex 0.0000000e+00 -1.2400001e-02 3.0266700e-01
  vertex 0.0000000e+00 -1.2400001e-02 3.0666700e-01
 endloop
endfacet
facet normal -7.356613e-02 9.972903e-01 0.000000e+00
 outer loop
  vertex 1.2154125e-03 -1.2340290e-02 3.0666700e-01
  vertex 1.2154125e-03 -1.2340290e-02 3.0266700e-01
  vertex 6.0843915e-04 -1.2385064e-02 3.0266700e-01
 endloop
endfacet
facet normal -1.224108e-01 9.924795e-01 0.000000e+00
 outer loop
  vertex 1.8194579e-03 -1.2265788e-02 3.0666700e-01
  vertex 1.8194579e-03 -1.2265788e-02 3.0266700e-01
  vertex 1.2154125e-03 -1.2340290e-02 3.0266700e-01
 endloop
endfacet
facet normal -1.709616e-01 9.852777e-01 0.000000e+00
 outer loop
  vertex 2.4191198e-03 -1.2161737e-02 3.0666700e-01
  vertex 2.4191198e-03 -1.2161737e-02 3.0266700e-01
  vertex 1.8194579e-03 -1.2265788e-02 3.0266700e-01
 endloop
endfacet
facet normal -2.667137e-01 9.637758e-01 0.000000e+00
 outer loop
  vertex 3.0129542e-03 -1.2028388e-02 3.0666700e-01
  vertex 3.5995300e-03 -1.1866060e-02 3.0666700e-01
  vertex 3.0129542e-03 -1.2028388e-02 3.0266700e-01
 endloop
endfacet
facet normal -3.136820e-01 9.495281e-01 0.000000e+00
 outer loop
  vertex 3.5995300e-03 -1.1866060e-02 3.0666700e-01
  vertex 4.1774344e-03 -1.1675146e-02 3.0666700e-01
  vertex 3.5995300e-03 -1.1866060e-02 3.0266700e-01
 endloop
endfacet
facet normal -3.598949e-01 9.329929e-01 0.000000e+00
 outer loop
  vertex 4.1774344e-03 -1.1675146e-02 3.0266700e-01
  vertex 4.7452745e-03 -1.1456106e-02 3.0666700e-01
  vertex 4.7452745e-03 -1.1456106e-02 3.0266700e-01
 endloop
endfacet
facet normal -4.052398e-01 9.142104e-01 0.000000e+00
 outer loop
  vertex 4.7452745e-03 -1.1456106e-02 3.0266700e-01
  vertex 5.3016834e-03 -1.1209468e-02 3.0666700e-01
  vertex 5.3016834e-03 -1.1209468e-02 3.0266700e-01
 endloop
endfacet
facet normal -4.496135e-01 8.932232e-01 0.000000e+00
 outer loop
  vertex 5.3016834e-03 -1.1209468e-02 3.0266700e-01
  vertex 5.8453193e-03 -1.0935823e-02 3.0666700e-01
  vertex 5.8453193e-03 -1.0935823e-02 3.0266700e-01
 endloop
endfacet
facet normal -5.349968e-01 8.448541e-01 0.000000e+00
 outer loop
  vertex 6.3748740e-03 -1.0635835e-02 3.0266700e-01
  vertex 6.3748740e-03 -1.0635835e-02 3.0666700e-01
  vertex 6.8890710e-03 -1.0310224e-02 3.0666700e-01
 endloop
endfacet
facet normal -5.758095e-01 8.175839e-01 0.000000e+00
 outer loop
  vertex 6.8890710e-03 -1.0310224e-02 3.0266700e-01
  vertex 6.8890710e-03 -1.0310224e-02 3.0666700e-01
  vertex 7.3866715e-03 -9.9597730e-03 3.0666700e-01
 endloop
endfacet
facet normal -6.152321e-01 7.883460e-01 0.000000e+00
 outer loop
  vertex 7.3866715e-03 -9.9597730e-03 3.0266700e-01
  vertex 7.3866715e-03 -9.9597730e-03 3.0666700e-01
  vertex 7.8664765e-03 -9.5853290e-03 3.0666700e-01
 endloop
endfacet
facet normal -6.531703e-01 7.572110e-01 0.000000e+00
 outer loop
  vertex 8.3273320e-03 -9.1877950e-03 3.0266700e-01
  vertex 7.8664765e-03 -9.5853290e-03 3.0266700e-01
  vertex 8.3273320e-03 -9.1877950e-03 3.0666700e-01
 endloop
endfacet
facet normal -6.895407e-01 7.242469e-01 0.000000e+00
 outer loop
  vertex 8.7681250e-03 -8.7681250e-03 3.0266700e-01
  vertex 8.3273320e-03 -9.1877950e-03 3.0266700e-01
  vertex 8.7681250e-03 -8.7681250e-03 3.0666700e-01
 endloop
endfacet
facet normal -7.242469e-01 6.895407e-01 0.000000e+00
 outer loop
  vertex 9.1877950e-03 -8.3273320e-03 3.0266700e-01
  vertex 8.7681250e-03 -8.7681250e-03 3.0266700e-01
  vertex 9.1877950e-03 -8.3273320e-03 3.0666700e-01
 endloop
endfacet
facet normal -7.883460e-01 6.152321e-01 0.000000e+00
 outer loop
  vertex 9.9597730e-03 -7.3866715e-03 3.0666700e-01
  vertex 9.5853290e-03 -7.8664765e-03 3.0266700e-01
  vertex 9.5853290e-03 -7.8664765e-03 3.0666700e-01
 endloop
endfacet
facet normal -8.175839e-01 5.758095e-01 0.000000e+00
 outer loop
  vertex 1.0310224e-02 -6.8890710e-03 3.0666700e-01
  vertex 9.9597730e-03 -7.3866715e-03 3.0266700e-01
  vertex 9.9597730e-03 -7.3866715e-03 3.0666700e-01
 endloop
endfacet
facet normal -8.448541e-01 5.349968e-01 0.000000e+00
 outer loop
  vertex 1.0635835e-02 -6.3748740e-03 3.0666700e-01
  vertex 1.0310224e-02 -6.8890710e-03 3.0266700e-01
  vertex 1.0310224e-02 -6.8890710e-03 3.0666700e-01
 endloop
endfacet
facet normal -8.700877e-01 4.928969e-01 0.000000e+00
 outer loop
  vertex 1.0935823e-02 -5.8453193e-03 3.0666700e-01
  vertex 1.0635835e-02 -6.3748740e-03 3.0266700e-01
  vertex 1.0635835e-02 -6.3748740e-03 3.0666700e-01
 endloop
endfacet
facet normal -8.932232e-01 4.496135e-01 0.000000e+00
 outer loop
  vertex 1.1209468e-02 -5.3016834e-03 3.0666700e-01
  vertex 1.1209468e-02 -5.3016834e-03 3.0266700e-01
  vertex 1.0935823e-02 -5.8453193e-03 3.0266700e-01
 endloop
endfacet
facet normal -9.142104e-01 4.052398e-01 0.000000e+00
 outer loop
  vertex 1.1456106e-02 -4.7452745e-03 3.0666700e-01
  vertex 1.1456106e-02 -4.7452745e-03 3.0266700e-01
  vertex 1.1209468e-02 -5.3016834e-03 3.0266700e-01
 endloop
endfacet
facet normal -9.329929e-01 3.598949e-01 0.000000e+00
 outer loop
  vertex 1.1675146e-02 -4.1774344e-03 3.0666700e-01
  vertex 1.1675146e-02 -4.1774344e-03 3.0266700e-01
  vertex 1.1456106e-02 -4.7452745e-03 3.0266700e-01
 endloop
endfacet
facet normal -9.495281e-01 3.136820e-01 0.000000e+00
 outer loop
  vertex 1.1866060e-02 -3.5995300e-03 3.0666700e-01
  vertex 1.1866060e-02 -3.5995300e-03 3.0266700e-01
  vertex 1.1675146e-02 -4.1774344e-03 3.0266700e-01
 endloop
endfacet
facet normal -9.637758e-01 2.667137e-01 0.000000e+00
 outer loop
  vertex 1.2028388e-02 -3.0129542e-03 3.0666700e-01
  vertex 1.2028388e-02 -3.0129542e-03 3.0266700e-01
  vertex 1.1866060e-02 -3.5995300e-03 3.0266700e-01
 endloop
endfacet
facet normal -9.852777e-01 1.709616e-01 0.000000e+00
 outer loop
  vertex 1.2161737e-02 -2.4191198e-03 3.0666700e-01
  vertex 1.2265788e-02 -1.8194579e-03 3.0666700e-01
  vertex 1.2161737e-02 -2.4191198e-03 3.0266700e-01
 endloop
endfacet
facet normal -9.996988e-01 2.454231e-02 0.000000e+00
 outer loop
  vertex 1.2400001e-02 -0.0000000e+00 3.0666700e-01
  vertex 1.2400001e-02 -0.0000000e+00 3.0266700e-01
  vertex 1.2385064e-02 -6.0843915e-04 3.0266700e-01
 endloop
endfacet
facet normal -9.924795e-01 1.224108e-01 0.000000e+00
 outer loop
  vertex 1.2340290e-02 -1.2154125e-03 3.0666700e-01
  vertex 1.2265788e-02 -1.8194579e-03 3.0266700e-01
  vertex 1.2265788e-02 -1.8194579e-03 3.0666700e-01
 endloop
endfacet
facet normal -9.996988e-01 2.454231e-02 0.000000e+00
 outer loop
  vertex 1.2385064e-02 -6.0843915e-04 3.0666700e-01
  vertex 1.2400001e-02 -0.0000000e+00 3.0666700e-01
  vertex 1.2385064e-02 -6.0843915e-04 3.0266700e-01
 endloop
endfacet
facet normal -9.972903e-01 7.356613e-02 0.000000e+00
 outer loop
  vertex 1.2340290e-02 -1.2154125e-03 3.0666700e-01
  vertex 1.2385064e-02 -6.0843915e-04 3.0666700e-01
  vertex 1.2340290e-02 -1.2154125e-03 3.0266700e-01
 endloop
endfacet
facet normal -9.924795e-01 1.224108e-01 0.000000e+00
 outer loop
  vertex 1.2340290e-02 -1.2154125e-03 3.0666700e-01
  vertex 1.2340290e-02 -1.2154125e-03 3.0266700e-01
  vertex 1.2265788e-02 -1.8194579e-03 3.0266700e-01
 endloop
endfacet
facet normal -9.852777e-01 1.709616e-01 0.000000e+00
 outer loop
  vertex 1.2265788e-02 -1.8194579e-03 3.0666700e-01
  vertex 1.2265788e-02 -1.8194579e-03 3.0266700e-01
  vertex 1.2161737e-02 -2.4191198e-03 3.0266700e-01
 endloop
endfacet
facet normal -9.757025e-01 2.190997e-01 0.000000e+00
 outer loop
  vertex 1.2161737e-02 -2.4191198e-03 3.0666700e-01
  vertex 1.2161737e-02 -2.4191198e-03 3.0266700e-01
  vertex 1.2028388e-02 -3.0129542e-03 3.0266700e-01
 endloop
endfacet
facet normal -9.757025e-01 2.190997e-01 0.000000e+00
 outer loop
  vertex 1.2161737e-02 -2.4191198e-03 3.0666700e-01
  vertex 1.2028388e-02 -3.0129542e-03 3.0266700e-01
  vertex 1.2028388e-02 -3.0129542e-03 3.0666700e-01
 endloop
endfacet
facet normal -9.637758e-01 2.667137e-01 0.000000e+00
 outer loop
  vertex 1.2028388e-02 -3.0129542e-03 3.0666700e-01
  vertex 1.1866060e-02 -3.5995300e-03 3.0266700e-01
  vertex 1.1866060e-02 -3.5995300e-03 3.0666700e-01
 endloop
endfacet
facet normal -9.495281e-01 3.136820e-01 0.000000e+00
 outer loop
  vertex 1.1866060e-02 -3.5995300e-03 3.0666700e-01
  vertex 1.1675146e-02 -4.1774344e-03 3.0266700e-01
  vertex 1.1675146e-02 -4.1774344e-03 3.0666700e-01
 endloop
endfacet
facet normal -9.329929e-01 3.598949e-01 0.000000e+00
 outer loop
  vertex 1.1675146e-02 -4.1774344e-03 3.0666700e-01
  vertex 1.1456106e-02 -4.7452745e-03 3.0266700e-01
  vertex 1.1456106e-02 -4.7452745e-03 3.0666700e-01
 endloop
endfacet
facet normal -9.142104e-01 4.052398e-01 0.000000e+00
 outer loop
  vertex 1.1456106e-02 -4.7452745e-03 3.0666700e-01
  vertex 1.1209468e-02 -5.3016834e-03 3.0266700e-01
  vertex 1.1209468e-02 -5.3016834e-03 3.0666700e-01
 endloop
endfacet
facet normal -8.932232e-01 4.496135e-01 0.000000e+00
 outer loop
  vertex 1.1209468e-02 -5.3016834e-03 3.0666700e-01
  vertex 1.0935823e-02 -5.8453193e-03 3.0266700e-01
  vertex 1.0935823e-02 -5.8453193e-03 3.0666700e-01
 endloop
endfacet
facet normal -8.700877e-01 4.928969e-01 0.000000e+00
 outer loop
  vertex 1.0935823e-02 -5.8453193e-03 3.0266700e-01
  vertex 1.0635835e-02 -6.3748740e-03 3.0266700e-01
  vertex 1.0935823e-02 -5.8453193e-03 3.0666700e-01
 endloop
endfacet
facet normal -8.448541e-01 5.349968e-01 0.000000e+00
 outer loop
  vertex 1.0635835e-02 -6.3748740e-03 3.0266700e-01
  vertex 1.0310224e-02 -6.8890710e-03 3.0266700e-01
  vertex 1.0635835e-02 -6.3748740e-03 3.0666700e-01
 endloop
endfacet
facet normal -8.175839e-01 5.758095e-01 0.000000e+00
 outer loop
  vertex 1.0310224e-02 -6.8890710e-03 3.0266700e-01
  vertex 9.9597730e-03 -7.3866715e-03 3.0266700e-01
  vertex 1.0310224e-02 -6.8890710e-03 3.0666700e-01
 endloop
endfacet
facet normal -7.883460e-01 6.152321e-01 0.000000e+00
 outer loop
  vertex 9.9597730e-03 -7.3866715e-03 3.0266700e-01
  vertex 9.5853290e-03 -7.8664765e-03 3.0266700e-01
  vertex 9.9597730e-03 -7.3866715e-03 3.0666700e-01
 endloop
endfacet
facet normal -7.572110e-01 6.531703e-01 0.000000e+00
 outer loop
  vertex 9.5853290e-03 -7.8664765e-03 3.0266700e-01
  vertex 9.1877950e-03 -8.3273320e-03 3.0266700e-01
  vertex 9.5853290e-03 -7.8664765e-03 3.0666700e-01
 endloop
endfacet
facet normal -7.572110e-01 6.531703e-01 0.000000e+00
 outer loop
  vertex 9.1877950e-03 -8.3273320e-03 3.0266700e-01
  vertex 9.1877950e-03 -8.3273320e-03 3.0666700e-01
  vertex 9.5853290e-03 -7.8664765e-03 3.0666700e-01
 endloop
endfacet
facet normal -7.242469e-01 6.895407e-01 0.000000e+00
 outer loop
  vertex 8.7681250e-03 -8.7681250e-03 3.0266700e-01
  vertex 8.7681250e-03 -8.7681250e-03 3.0666700e-01
  vertex 9.1877950e-03 -8.3273320e-03 3.0666700e-01
 endloop
endfacet
facet normal -6.895407e-01 7.242469e-01 0.000000e+00
 outer loop
  vertex 8.3273320e-03 -9.1877950e-03 3.0266700e-01
  vertex 8.3273320e-03 -9.1877950e-03 3.0666700e-01
  vertex 8.7681250e-03 -8.7681250e-03 3.0666700e-01
 endloop
endfacet
facet normal -6.531703e-01 7.572110e-01 0.000000e+00
 outer loop
  vertex 7.8664765e-03 -9.5853290e-03 3.0266700e-01
  vertex 7.8664765e-03 -9.5853290e-03 3.0666700e-01
  vertex 8.3273320e-03 -9.1877950e-03 3.0666700e-01
 endloop
endfacet
facet normal -6.152321e-01 7.883460e-01 0.000000e+00
 outer loop
  vertex 7.3866715e-03 -9.9597730e-03 3.0266700e-01
  vertex 7.8664765e-03 -9.5853290e-03 3.0666700e-01
  vertex 7.8664765e-03 -9.5853290e-03 3.0266700e-01
 endloop
endfacet
facet normal -5.758095e-01 8.175839e-01 0.000000e+00
 outer loop
  vertex 6.8890710e-03 -1.0310224e-02 3.0266700e-01
  vertex 7.3866715e-03 -9.9597730e-03 3.0666700e-01
  vertex 7.3866715e-03 -9.9597730e-03 3.0266700e-01
 endloop
endfacet
facet normal -5.349968e-01 8.448541e-01 0.000000e+00
 outer loop
  vertex 6.3748740e-03 -1.0635835e-02 3.0266700e-01
  vertex 6.8890710e-03 -1.0310224e-02 3.0666700e-01
  vertex 6.8890710e-03 -1.0310224e-02 3.0266700e-01
 endloop
endfacet
facet normal -4.928969e-01 8.700877e-01 0.000000e+00
 outer loop
  vertex 5.8453193e-03 -1.0935823e-02 3.0266700e-01
  vertex 6.3748740e-03 -1.0635835e-02 3.0666700e-01
  vertex 6.3748740e-03 -1.0635835e-02 3.0266700e-01
 endloop
endfacet
facet normal -4.928969e-01 8.700877e-01 0.000000e+00
 outer loop
  vertex 5.8453193e-03 -1.0935823e-02 3.0666700e-01
  vertex 6.3748740e-03 -1.0635835e-02 3.0666700e-01
  vertex 5.8453193e-03 -1.0935823e-02 3.0266700e-01
 endloop
endfacet
facet normal -4.496135e-01 8.932232e-01 0.000000e+00
 outer loop
  vertex 5.3016834e-03 -1.1209468e-02 3.0666700e-01
  vertex 5.8453193e-03 -1.0935823e-02 3.0666700e-01
  vertex 5.3016834e-03 -1.1209468e-02 3.0266700e-01
 endloop
endfacet
facet normal -4.052398e-01 9.142104e-01 0.000000e+00
 outer loop
  vertex 4.7452745e-03 -1.1456106e-02 3.0666700e-01
  vertex 5.3016834e-03 -1.1209468e-02 3.0666700e-01
  vertex 4.7452745e-03 -1.1456106e-02 3.0266700e-01
 endloop
endfacet
facet normal -3.598949e-01 9.329929e-01 0.000000e+00
 outer loop
  vertex 4.1774344e-03 -1.1675146e-02 3.0666700e-01
  vertex 4.7452745e-03 -1.1456106e-02 3.0666700e-01
  vertex 4.1774344e-03 -1.1675146e-02 3.0266700e-01
 endloop
endfacet
facet normal -3.136820e-01 9.495281e-01 0.000000e+00
 outer loop
  vertex 4.1774344e-03 -1.1675146e-02 3.0666700e-01
  vertex 4.1774344e-03 -1.1675146e-02 3.0266700e-01
  vertex 3.5995300e-03 -1.1866060e-02 3.0266700e-01
 endloop
endfacet
facet normal -2.667137e-01 9.637758e-01 0.000000e+00
 outer loop
  vertex 3.5995300e-03 -1.1866060e-02 3.0666700e-01
  vertex 3.5995300e-03 -1.1866060e-02 3.0266700e-01
  vertex 3.0129542e-03 -1.2028388e-02 3.0266700e-01
 endloop
endfacet
facet normal -2.190997e-01 9.757025e-01 0.000000e+00
 outer loop
  vertex 3.0129542e-03 -1.2028388e-02 3.0666700e-01
  vertex 3.0129542e-03 -1.2028388e-02 3.0266700e-01
  vertex 2.4191198e-03 -1.2161737e-02 3.0266700e-01
 endloop
endfacet
facet normal -2.190997e-01 9.757025e-01 0.000000e+00
 outer loop
  vertex 3.0129542e-03 -1.2028388e-02 3.0666700e-01
  vertex 2.4191198e-03 -1.2161737e-02 3.0266700e-01
  vertex 2.4191198e-03 -1.2161737e-02 3.0666700e-01
 endloop
endfacet
facet normal -1.709616e-01 9.852777e-01 0.000000e+00
 outer loop
  vertex 2.4191198e-03 -1.2161737e-02 3.0666700e-01
  vertex 1.8194579e-03 -1.2265788e-02 3.0266700e-01
  vertex 1.8194579e-03 -1.2265788e-02 3.0666700e-01
 endloop
endfacet
facet normal -1.224108e-01 9.924795e-01 0.000000e+00
 outer loop
  vertex 1.8194579e-03 -1.2265788e-02 3.0666700e-01
  vertex 1.2154125e-03 -1.2340290e-02 3.0266700e-01
  vertex 1.2154125e-03 -1.2340290e-02 3.0666700e-01
 endloop
endfacet
facet normal -7.356613e-02 9.972903e-01 0.000000e+00
 outer loop
  vertex 1.2154125e-03 -1.2340290e-02 3.0666700e-01
  vertex 6.0843915e-04 -1.2385064e-02 3.0266700e-01
  vertex 6.0843915e-04 -1.2385064e-02 3.0666700e-01
 endloop
endfacet
facet normal -2.454231e-02 9.996988e-01 0.000000e+00
 outer loop
  vertex 6.0843915e-04 -1.2385064e-02 3.0266700e-01
  vertex 0.0000000e+00 -1.2400001e-02 3.0266700e-01
  vertex 6.0843915e-04 -1.2385064e-02 3.0666700e-01
 endloop
endfacet
facet normal 2.454231e-02 9.996988e-01 -0.000000e+00
 outer loop
  vertex 0.0000000e+00 -1.2400001e-02 3.0266700e-01
  vertex -6.0843915e-04 -1.2385064e-02 3.0266700e-01
  vertex 0.0000000e+00 -1.2400001e-02 3.0666700e-01
 endloop
endfacet
facet normal 7.356613e-02 9.972903e-01 -0.000000e+00
 outer loop
  vertex -6.0843915e-04 -1.2385064e-02 3.0266700e-01
  vertex -1.2154125e-03 -1.2340290e-02 3.0266700e-01
  vertex -6.0843915e-04 -1.2385064e-02 3.0666700e-01
 endloop
endfacet
facet normal 7.356613e-02 9.972903e-01 -0.000000e+00
 outer loop
  vertex -1.2154125e-03 -1.2340290e-02 3.0266700e-01
  vertex -1.2154125e-03 -1.2340290e-02 3.0666700e-01
  vertex -6.0843915e-04 -1.2385064e-02 3.0666700e-01
 endloop
endfacet
facet normal 1.224108e-01 9.924795e-01 -0.000000e+00
 outer loop
  vertex -1.8194579e-03 -1.2265788e-02 3.0266700e-01
  vertex -1.8194579e-03 -1.2265788e-02 3.0666700e-01
  vertex -1.2154125e-03 -1.2340290e-02 3.0666700e-01
 endloop
endfacet
facet normal 1.709616e-01 9.852777e-01 -0.000000e+00
 outer loop
  vertex -2.4191198e-03 -1.2161737e-02 3.0266700e-01
  vertex -2.4191198e-03 -1.2161737e-02 3.0666700e-01
  vertex -1.8194579e-03 -1.2265788e-02 3.0666700e-01
 endloop
endfacet
facet normal 2.190997e-01 9.757025e-01 -0.000000e+00
 outer loop
  vertex -3.0129542e-03 -1.2028388e-02 3.0266700e-01
  vertex -3.0129542e-03 -1.2028388e-02 3.0666700e-01
  vertex -2.4191198e-03 -1.2161737e-02 3.0666700e-01
 endloop
endfacet
facet normal 2.667137e-01 9.637758e-01 0.000000e+00
 outer loop
  vertex -3.5995300e-03 -1.1866060e-02 3.0266700e-01
  vertex -3.0129542e-03 -1.2028388e-02 3.0666700e-01
  vertex -3.0129542e-03 -1.2028388e-02 3.0266700e-01
 endloop
endfacet
facet normal 3.136820e-01 9.495281e-01 0.000000e+00
 outer loop
  vertex -4.1774344e-03 -1.1675146e-02 3.0266700e-01
  vertex -3.5995300e-03 -1.1866060e-02 3.0666700e-01
  vertex -3.5995300e-03 -1.1866060e-02 3.0266700e-01
 endloop
endfacet
facet normal 3.598949e-01 9.329929e-01 0.000000e+00
 outer loop
  vertex -4.7452745e-03 -1.1456106e-02 3.0266700e-01
  vertex -4.1774344e-03 -1.1675146e-02 3.0666700e-01
  vertex -4.1774344e-03 -1.1675146e-02 3.0266700e-01
 endloop
endfacet
facet normal 3.598949e-01 9.329929e-01 0.000000e+00
 outer loop
  vertex -4.7452745e-03 -1.1456106e-02 3.0666700e-01
  vertex -4.1774344e-03 -1.1675146e-02 3.0666700e-01
  vertex -4.7452745e-03 -1.1456106e-02 3.0266700e-01
 endloop
endfacet
facet normal 4.052398e-01 9.142104e-01 0.000000e+00
 outer loop
  vertex -5.3016834e-03 -1.1209468e-02 3.0666700e-01
  vertex -4.7452745e-03 -1.1456106e-02 3.0666700e-01
  vertex -5.3016834e-03 -1.1209468e-02 3.0266700e-01
 endloop
endfacet
facet normal 4.496135e-01 8.932232e-01 0.000000e+00
 outer loop
  vertex -5.3016834e-03 -1.1209468e-02 3.0666700e-01
  vertex -5.3016834e-03 -1.1209468e-02 3.0266700e-01
  vertex -5.8453193e-03 -1.0935823e-02 3.0266700e-01
 endloop
endfacet
facet normal 4.928969e-01 8.700877e-01 0.000000e+00
 outer loop
  vertex -6.3748740e-03 -1.0635835e-02 3.0666700e-01
  vertex -5.8453193e-03 -1.0935823e-02 3.0666700e-01
  vertex -6.3748740e-03 -1.0635835e-02 3.0266700e-01
 endloop
endfacet
facet normal 5.758095e-01 8.175839e-01 0.000000e+00
 outer loop
  vertex -7.3866715e-03 -9.9597730e-03 3.0266700e-01
  vertex -6.8890710e-03 -1.0310224e-02 3.0666700e-01
  vertex -6.8890710e-03 -1.0310224e-02 3.0266700e-01
 endloop
endfacet
facet normal 6.152321e-01 7.883460e-01 -0.000000e+00
 outer loop
  vertex -7.8664765e-03 -9.5853290e-03 3.0266700e-01
  vertex -7.8664765e-03 -9.5853290e-03 3.0666700e-01
  vertex -7.3866715e-03 -9.9597730e-03 3.0666700e-01
 endloop
endfacet
facet normal 6.895407e-01 7.242469e-01 -0.000000e+00
 outer loop
  vertex -8.3273320e-03 -9.1877950e-03 3.0266700e-01
  vertex -8.7681250e-03 -8.7681250e-03 3.0266700e-01
  vertex -8.3273320e-03 -9.1877950e-03 3.0666700e-01
 endloop
endfacet
facet normal 7.242469e-01 6.895407e-01 0.000000e+00
 outer loop
  vertex -8.7681250e-03 -8.7681250e-03 3.0666700e-01
  vertex -9.1877950e-03 -8.3273320e-03 3.0266700e-01
  vertex -9.1877950e-03 -8.3273320e-03 3.0666700e-01
 endloop
endfacet
facet normal 7.883460e-01 6.152321e-01 0.000000e+00
 outer loop
  vertex -9.5853290e-03 -7.8664765e-03 3.0666700e-01
  vertex -9.5853290e-03 -7.8664765e-03 3.0266700e-01
  vertex -9.9597730e-03 -7.3866715e-03 3.0266700e-01
 endloop
endfacet
facet normal 8.175839e-01 5.758095e-01 0.000000e+00
 outer loop
  vertex -1.0310224e-02 -6.8890710e-03 3.0666700e-01
  vertex -9.9597730e-03 -7.3866715e-03 3.0666700e-01
  vertex -1.0310224e-02 -6.8890710e-03 3.0266700e-01
 endloop
endfacet
facet normal 8.700877e-01 4.928969e-01 0.000000e+00
 outer loop
  vertex -1.0935823e-02 -5.8453193e-03 3.0266700e-01
  vertex -1.0635835e-02 -6.3748740e-03 3.0666700e-01
  vertex -1.0635835e-02 -6.3748740e-03 3.0266700e-01
 endloop
endfacet
facet normal 8.932232e-01 4.496135e-01 -0.000000e+00
 outer loop
  vertex -1.1209468e-02 -5.3016834e-03 3.0266700e-01
  vertex -1.1209468e-02 -5.3016834e-03 3.0666700e-01
  vertex -1.0935823e-02 -5.8453193e-03 3.0666700e-01
 endloop
endfacet
facet normal 9.329929e-01 3.598949e-01 -0.000000e+00
 outer loop
  vertex -1.1456106e-02 -4.7452745e-03 3.0266700e-01
  vertex -1.1675146e-02 -4.1774344e-03 3.0266700e-01
  vertex -1.1456106e-02 -4.7452745e-03 3.0666700e-01
 endloop
endfacet
facet normal 9.495281e-01 3.136820e-01 0.000000e+00
 outer loop
  vertex -1.1675146e-02 -4.1774344e-03 3.0666700e-01
  vertex -1.1866060e-02 -3.5995300e-03 3.0266700e-01
  vertex -1.1866060e-02 -3.5995300e-03 3.0666700e-01
 endloop
endfacet
facet normal 9.757025e-01 2.190997e-01 0.000000e+00
 outer loop
  vertex -1.2028388e-02 -3.0129542e-03 3.0666700e-01
  vertex -1.2028388e-02 -3.0129542e-03 3.0266700e-01
  vertex -1.2161737e-02 -2.4191198e-03 3.0266700e-01
 endloop
endfacet
facet normal 9.852777e-01 1.709616e-01 0.000000e+00
 outer loop
  vertex -1.2265788e-02 -1.8194579e-03 3.0666700e-01
  vertex -1.2161737e-02 -2.4191198e-03 3.0666700e-01
  vertex -1.2265788e-02 -1.8194579e-03 3.0266700e-01
 endloop
endfacet
facet normal 9.996988e-01 2.454231e-02 0.000000e+00
 outer loop
  vertex -1.2385064e-02 -6.0843915e-04 3.0266700e-01
  vertex -1.2400001e-02 -0.0000000e+00 3.0266700e-01
  vertex -1.2400001e-02 -0.0000000e+00 3.0666700e-01
 endloop
endfacet
facet normal 9.972903e-01 7.356613e-02 0.000000e+00
 outer loop
  vertex -1.2340290e-02 -1.2154125e-03 3.0666700e-01
  vertex -1.2340290e-02 -1.2154125e-03 3.0266700e-01
  vertex -1.2385064e-02 -6.0843915e-04 3.0266700e-01
 endloop
endfacet
facet normal -9.972903e-01 7.356613e-02 0.000000e+00
 outer loop
  vertex 1.2340290e-02 -1.2154125e-03 3.0266700e-01
  vertex 1.2385064e-02 -6.0843915e-04 3.0666700e-01
  vertex 1.2385064e-02 -6.0843915e-04 3.0266700e-01
 endloop
endfacet
facet normal -9.996988e-01 2.454102e-02 0.000000e+00
 outer loop
  vertex -1.4981932e-02 7.3601510e-04 7.2000000e-02
  vertex -1.5000000e-02 -0.0000000e+00 7.2000000e-02
  vertex -1.4981932e-02 7.3601510e-04 7.6000000e-02
 endloop
endfacet
facet normal -9.972905e-01 7.356465e-02 0.000000e+00
 outer loop
  vertex -1.4927771e-02 1.4702570e-03 7.2000000e-02
  vertex -1.4981932e-02 7.3601510e-04 7.2000000e-02
  vertex -1.4981932e-02 7.3601510e-04 7.6000000e-02
 endloop
endfacet
facet normal -9.924794e-01 1.224117e-01 0.000000e+00
 outer loop
  vertex -1.4837647e-02 2.2009570e-03 7.2000000e-02
  vertex -1.4927771e-02 1.4702570e-03 7.2000000e-02
  vertex -1.4927771e-02 1.4702570e-03 7.6000000e-02
 endloop
endfacet
facet normal -9.924794e-01 1.224117e-01 0.000000e+00
 outer loop
  vertex -1.4837647e-02 2.2009570e-03 7.6000000e-02
  vertex -1.4837647e-02 2.2009570e-03 7.2000000e-02
  vertex -1.4927771e-02 1.4702570e-03 7.6000000e-02
 endloop
endfacet
facet normal -9.852780e-01 1.709600e-01 0.000000e+00
 outer loop
  vertex -1.4711780e-02 2.9263546e-03 7.6000000e-02
  vertex -1.4711780e-02 2.9263546e-03 7.2000000e-02
  vertex -1.4837647e-02 2.2009570e-03 7.6000000e-02
 endloop
endfacet
facet normal -9.757017e-01 2.191032e-01 0.000000e+00
 outer loop
  vertex -1.4711780e-02 2.9263546e-03 7.6000000e-02
  vertex -1.4550468e-02 3.6447027e-03 7.2000000e-02
  vertex -1.4711780e-02 2.9263546e-03 7.2000000e-02
 endloop
endfacet
facet normal -9.637763e-01 2.667119e-01 0.000000e+00
 outer loop
  vertex -1.4550468e-02 3.6447027e-03 7.6000000e-02
  vertex -1.4354105e-02 4.3542700e-03 7.2000000e-02
  vertex -1.4550468e-02 3.6447027e-03 7.2000000e-02
 endloop
endfacet
facet normal -9.637763e-01 2.667119e-01 0.000000e+00
 outer loop
  vertex -1.4550468e-02 3.6447027e-03 7.6000000e-02
  vertex -1.4354105e-02 4.3542700e-03 7.6000000e-02
  vertex -1.4354105e-02 4.3542700e-03 7.2000000e-02
 endloop
endfacet
facet normal -9.495283e-01 3.136815e-01 0.000000e+00
 outer loop
  vertex -1.4354105e-02 4.3542700e-03 7.6000000e-02
  vertex -1.4123161e-02 5.0533480e-03 7.6000000e-02
  vertex -1.4123161e-02 5.0533480e-03 7.2000000e-02
 endloop
endfacet
facet normal -9.329923e-01 3.598963e-01 0.000000e+00
 outer loop
  vertex -1.4123161e-02 5.0533480e-03 7.2000000e-02
  vertex -1.4123161e-02 5.0533480e-03 7.6000000e-02
  vertex -1.3858192e-02 5.7402515e-03 7.2000000e-02
 endloop
endfacet
facet normal -9.142101e-01 4.052405e-01 0.000000e+00
 outer loop
  vertex -1.3858192e-02 5.7402515e-03 7.2000000e-02
  vertex -1.3858192e-02 5.7402515e-03 7.6000000e-02
  vertex -1.3559839e-02 6.4133267e-03 7.2000000e-02
 endloop
endfacet
facet normal -9.142101e-01 4.052405e-01 0.000000e+00
 outer loop
  vertex -1.3559839e-02 6.4133267e-03 7.2000000e-02
  vertex -1.3858192e-02 5.7402515e-03 7.6000000e-02
  vertex -1.3559839e-02 6.4133267e-03 7.6000000e-02
 endloop
endfacet
facet normal -8.932244e-01 4.496111e-01 0.000000e+00
 outer loop
  vertex -1.3228819e-02 7.0709510e-03 7.2000000e-02
  vertex -1.3559839e-02 6.4133267e-03 7.6000000e-02
  vertex -1.3228819e-02 7.0709510e-03 7.6000000e-02
 endloop
endfacet
facet normal -8.700868e-01 4.928984e-01 0.000000e+00
 outer loop
  vertex -1.2865929e-02 7.7115410e-03 7.2000000e-02
  vertex -1.3228819e-02 7.0709510e-03 7.2000000e-02
  vertex -1.3228819e-02 7.0709510e-03 7.6000000e-02
 endloop
endfacet
facet normal -8.448534e-01 5.349979e-01 0.000000e+00
 outer loop
  vertex -1.2472044e-02 8.3335530e-03 7.2000000e-02
  vertex -1.2865929e-02 7.7115410e-03 7.2000000e-02
  vertex -1.2865929e-02 7.7115410e-03 7.6000000e-02
 endloop
endfacet
facet normal -8.448534e-01 5.349979e-01 0.000000e+00
 outer loop
  vertex -1.2472044e-02 8.3335530e-03 7.6000000e-02
  vertex -1.2472044e-02 8.3335530e-03 7.2000000e-02
  vertex -1.2865929e-02 7.7115410e-03 7.6000000e-02
 endloop
endfacet
facet normal -8.175854e-01 5.758074e-01 0.000000e+00
 outer loop
  vertex -1.2048113e-02 8.9354900e-03 7.6000000e-02
  vertex -1.2048113e-02 8.9354900e-03 7.2000000e-02
  vertex -1.2472044e-02 8.3335530e-03 7.6000000e-02
 endloop
endfacet
facet normal -7.883467e-01 6.152312e-01 0.000000e+00
 outer loop
  vertex -1.2048113e-02 8.9354900e-03 7.6000000e-02
  vertex -1.1595157e-02 9.5159000e-03 7.2000000e-02
  vertex -1.2048113e-02 8.9354900e-03 7.2000000e-02
 endloop
endfacet
facet normal -7.572075e-01 6.531744e-01 0.000000e+00
 outer loop
  vertex -1.1595157e-02 9.5159000e-03 7.6000000e-02
  vertex -1.1114266e-02 1.0073384e-02 7.2000000e-02
  vertex -1.1595157e-02 9.5159000e-03 7.2000000e-02
 endloop
endfacet
facet normal -7.572075e-01 6.531744e-01 0.000000e+00
 outer loop
  vertex -1.1595157e-02 9.5159000e-03 7.6000000e-02
  vertex -1.1114266e-02 1.0073384e-02 7.6000000e-02
  vertex -1.1114266e-02 1.0073384e-02 7.2000000e-02
 endloop
endfacet
facet normal -7.242483e-01 6.895393e-01 0.000000e+00
 outer loop
  vertex -1.1114266e-02 1.0073384e-02 7.6000000e-02
  vertex -1.0606602e-02 1.0606602e-02 7.6000000e-02
  vertex -1.0606602e-02 1.0606602e-02 7.2000000e-02
 endloop
endfacet
facet normal -6.895393e-01 7.242483e-01 0.000000e+00
 outer loop
  vertex -1.0606602e-02 1.0606602e-02 7.2000000e-02
  vertex -1.0606602e-02 1.0606602e-02 7.6000000e-02
  vertex -1.0073384e-02 1.1114266e-02 7.2000000e-02
 endloop
endfacet
facet normal -6.531744e-01 7.572075e-01 0.000000e+00
 outer loop
  vertex -1.0073384e-02 1.1114266e-02 7.2000000e-02
  vertex -1.0073384e-02 1.1114266e-02 7.6000000e-02
  vertex -9.5159000e-03 1.1595157e-02 7.2000000e-02
 endloop
endfacet
facet normal -6.531744e-01 7.572075e-01 0.000000e+00
 outer loop
  vertex -9.5159000e-03 1.1595157e-02 7.2000000e-02
  vertex -1.0073384e-02 1.1114266e-02 7.6000000e-02
  vertex -9.5159000e-03 1.1595157e-02 7.6000000e-02
 endloop
endfacet
facet normal -6.152312e-01 7.883467e-01 0.000000e+00
 outer loop
  vertex -8.9354900e-03 1.2048113e-02 7.2000000e-02
  vertex -9.5159000e-03 1.1595157e-02 7.6000000e-02
  vertex -8.9354900e-03 1.2048113e-02 7.6000000e-02
 endloop
endfacet
facet normal -5.758074e-01 8.175854e-01 0.000000e+00
 outer loop
  vertex -8.3335530e-03 1.2472044e-02 7.2000000e-02
  vertex -8.9354900e-03 1.2048113e-02 7.2000000e-02
  vertex -8.9354900e-03 1.2048113e-02 7.6000000e-02
 endloop
endfacet
facet normal -5.349979e-01 8.448534e-01 0.000000e+00
 outer loop
  vertex -7.7115410e-03 1.2865929e-02 7.2000000e-02
  vertex -8.3335530e-03 1.2472044e-02 7.2000000e-02
  vertex -8.3335530e-03 1.2472044e-02 7.6000000e-02
 endloop
endfacet
facet normal -5.349979e-01 8.448534e-01 0.000000e+00
 outer loop
  vertex -7.7115410e-03 1.2865929e-02 7.6000000e-02
  vertex -7.7115410e-03 1.2865929e-02 7.2000000e-02
  vertex -8.3335530e-03 1.2472044e-02 7.6000000e-02
 endloop
endfacet
facet normal -4.496111e-01 8.932244e-01 0.000000e+00
 outer loop
  vertex -7.0709510e-03 1.3228819e-02 7.6000000e-02
  vertex -6.4133267e-03 1.3559839e-02 7.2000000e-02
  vertex -7.0709510e-03 1.3228819e-02 7.2000000e-02
 endloop
endfacet
facet normal -4.052405e-01 9.142101e-01 0.000000e+00
 outer loop
  vertex -5.7402515e-03 1.3858192e-02 7.6000000e-02
  vertex -5.7402515e-03 1.3858192e-02 7.2000000e-02
  vertex -6.4133267e-03 1.3559839e-02 7.6000000e-02
 endloop
endfacet
facet normal -3.598963e-01 9.329923e-01 0.000000e+00
 outer loop
  vertex -5.0533480e-03 1.4123161e-02 7.6000000e-02
  vertex -5.0533480e-03 1.4123161e-02 7.2000000e-02
  vertex -5.7402515e-03 1.3858192e-02 7.6000000e-02
 endloop
endfacet
facet normal -3.136815e-01 9.495283e-01 0.000000e+00
 outer loop
  vertex -4.3542700e-03 1.4354105e-02 7.6000000e-02
  vertex -4.3542700e-03 1.4354105e-02 7.2000000e-02
  vertex -5.0533480e-03 1.4123161e-02 7.6000000e-02
 endloop
endfacet
facet normal -2.191032e-01 9.757017e-01 0.000000e+00
 outer loop
  vertex -2.9263546e-03 1.4711780e-02 7.2000000e-02
  vertex -3.6447027e-03 1.4550468e-02 7.2000000e-02
  vertex -3.6447027e-03 1.4550468e-02 7.6000000e-02
 endloop
endfacet
facet normal -1.709600e-01 9.852780e-01 0.000000e+00
 outer loop
  vertex -2.2009570e-03 1.4837647e-02 7.2000000e-02
  vertex -2.9263546e-03 1.4711780e-02 7.2000000e-02
  vertex -2.9263546e-03 1.4711780e-02 7.6000000e-02
 endloop
endfacet
facet normal -1.224117e-01 9.924794e-01 0.000000e+00
 outer loop
  vertex -1.4702570e-03 1.4927771e-02 7.2000000e-02
  vertex -2.2009570e-03 1.4837647e-02 7.6000000e-02
  vertex -1.4702570e-03 1.4927771e-02 7.6000000e-02
 endloop
endfacet
facet normal -7.356465e-02 9.972905e-01 0.000000e+00
 outer loop
  vertex -7.3601510e-04 1.4981932e-02 7.2000000e-02
  vertex -1.4702570e-03 1.4927771e-02 7.6000000e-02
  vertex -7.3601510e-04 1.4981932e-02 7.6000000e-02
 endloop
endfacet
facet normal -2.454102e-02 9.996988e-01 0.000000e+00
 outer loop
  vertex 9.1848520e-19 1.5000000e-02 7.2000000e-02
  vertex -7.3601510e-04 1.4981932e-02 7.6000000e-02
  vertex 9.1848520e-19 1.5000000e-02 7.6000000e-02
 endloop
endfacet
facet normal 7.356465e-02 9.972905e-01 -0.000000e+00
 outer loop
  vertex 7.3601510e-04 1.4981932e-02 7.2000000e-02
  vertex 7.3601510e-04 1.4981932e-02 7.6000000e-02
  vertex 1.4702570e-03 1.4927771e-02 7.2000000e-02
 endloop
endfacet
facet normal 1.224117e-01 9.924794e-01 -0.000000e+00
 outer loop
  vertex 1.4702570e-03 1.4927771e-02 7.2000000e-02
  vertex 1.4702570e-03 1.4927771e-02 7.6000000e-02
  vertex 2.2009570e-03 1.4837647e-02 7.2000000e-02
 endloop
endfacet
facet normal 1.709600e-01 9.852780e-01 -0.000000e+00
 outer loop
  vertex 2.2009570e-03 1.4837647e-02 7.2000000e-02
  vertex 2.2009570e-03 1.4837647e-02 7.6000000e-02
  vertex 2.9263546e-03 1.4711780e-02 7.2000000e-02
 endloop
endfacet
facet normal 2.191032e-01 9.757017e-01 0.000000e+00
 outer loop
  vertex 2.9263546e-03 1.4711780e-02 7.6000000e-02
  vertex 3.6447027e-03 1.4550468e-02 7.6000000e-02
  vertex 3.6447027e-03 1.4550468e-02 7.2000000e-02
 endloop
endfacet
facet normal 2.667119e-01 9.637763e-01 0.000000e+00
 outer loop
  vertex 3.6447027e-03 1.4550468e-02 7.6000000e-02
  vertex 4.3542700e-03 1.4354105e-02 7.6000000e-02
  vertex 4.3542700e-03 1.4354105e-02 7.2000000e-02
 endloop
endfacet
facet normal 3.136815e-01 9.495283e-01 0.000000e+00
 outer loop
  vertex 4.3542700e-03 1.4354105e-02 7.6000000e-02
  vertex 5.0533480e-03 1.4123161e-02 7.6000000e-02
  vertex 5.0533480e-03 1.4123161e-02 7.2000000e-02
 endloop
endfacet
facet normal 4.052405e-01 9.142101e-01 0.000000e+00
 outer loop
  vertex 5.7402515e-03 1.3858192e-02 7.6000000e-02
  vertex 6.4133267e-03 1.3559839e-02 7.2000000e-02
  vertex 5.7402515e-03 1.3858192e-02 7.2000000e-02
 endloop
endfacet
facet normal 4.496111e-01 8.932244e-01 0.000000e+00
 outer loop
  vertex 6.4133267e-03 1.3559839e-02 7.6000000e-02
  vertex 7.0709510e-03 1.3228819e-02 7.2000000e-02
  vertex 6.4133267e-03 1.3559839e-02 7.2000000e-02
 endloop
endfacet
facet normal 4.928984e-01 8.700868e-01 0.000000e+00
 outer loop
  vertex 7.0709510e-03 1.3228819e-02 7.6000000e-02
  vertex 7.7115410e-03 1.2865929e-02 7.2000000e-02
  vertex 7.0709510e-03 1.3228819e-02 7.2000000e-02
 endloop
endfacet
facet normal 5.349979e-01 8.448534e-01 0.000000e+00
 outer loop
  vertex 8.3335530e-03 1.2472044e-02 7.6000000e-02
  vertex 8.3335530e-03 1.2472044e-02 7.2000000e-02
  vertex 7.7115410e-03 1.2865929e-02 7.6000000e-02
 endloop
endfacet
facet normal 5.758074e-01 8.175854e-01 0.000000e+00
 outer loop
  vertex 8.9354900e-03 1.2048113e-02 7.6000000e-02
  vertex 8.9354900e-03 1.2048113e-02 7.2000000e-02
  vertex 8.3335530e-03 1.2472044e-02 7.6000000e-02
 endloop
endfacet
facet normal 6.152312e-01 7.883467e-01 0.000000e+00
 outer loop
  vertex 9.5159000e-03 1.1595157e-02 7.6000000e-02
  vertex 9.5159000e-03 1.1595157e-02 7.2000000e-02
  vertex 8.9354900e-03 1.2048113e-02 7.6000000e-02
 endloop
endfacet
facet normal 6.895393e-01 7.242483e-01 0.000000e+00
 outer loop
  vertex 1.0606602e-02 1.0606602e-02 7.2000000e-02
  vertex 1.0073384e-02 1.1114266e-02 7.2000000e-02
  vertex 1.0073384e-02 1.1114266e-02 7.6000000e-02
 endloop
endfacet
facet normal 7.242483e-01 6.895393e-01 0.000000e+00
 outer loop
  vertex 1.1114266e-02 1.0073384e-02 7.2000000e-02
  vertex 1.0606602e-02 1.0606602e-02 7.2000000e-02
  vertex 1.0606602e-02 1.0606602e-02 7.6000000e-02
 endloop
endfacet
facet normal 7.572075e-01 6.531744e-01 0.000000e+00
 outer loop
  vertex 1.1595157e-02 9.5159000e-03 7.2000000e-02
  vertex 1.1114266e-02 1.0073384e-02 7.2000000e-02
  vertex 1.1114266e-02 1.0073384e-02 7.6000000e-02
 endloop
endfacet
facet normal 7.883467e-01 6.152312e-01 0.000000e+00
 outer loop
  vertex 1.2048113e-02 8.9354900e-03 7.2000000e-02
  vertex 1.1595157e-02 9.5159000e-03 7.2000000e-02
  vertex 1.1595157e-02 9.5159000e-03 7.6000000e-02
 endloop
endfacet
facet normal 8.175854e-01 5.758074e-01 -0.000000e+00
 outer loop
  vertex 1.2472044e-02 8.3335530e-03 7.2000000e-02
  vertex 1.2048113e-02 8.9354900e-03 7.6000000e-02
  vertex 1.2472044e-02 8.3335530e-03 7.6000000e-02
 endloop
endfacet
facet normal 8.448534e-01 5.349979e-01 -0.000000e+00
 outer loop
  vertex 1.2865929e-02 7.7115410e-03 7.2000000e-02
  vertex 1.2472044e-02 8.3335530e-03 7.6000000e-02
  vertex 1.2865929e-02 7.7115410e-03 7.6000000e-02
 endloop
endfacet
facet normal 8.700868e-01 4.928984e-01 -0.000000e+00
 outer loop
  vertex 1.3228819e-02 7.0709510e-03 7.2000000e-02
  vertex 1.2865929e-02 7.7115410e-03 7.6000000e-02
  vertex 1.3228819e-02 7.0709510e-03 7.6000000e-02
 endloop
endfacet
facet normal 8.932244e-01 4.496111e-01 -0.000000e+00
 outer loop
  vertex 1.3559839e-02 6.4133267e-03 7.2000000e-02
  vertex 1.3228819e-02 7.0709510e-03 7.6000000e-02
  vertex 1.3559839e-02 6.4133267e-03 7.6000000e-02
 endloop
endfacet
facet normal 9.329923e-01 3.598963e-01 -0.000000e+00
 outer loop
  vertex 1.3858192e-02 5.7402515e-03 7.2000000e-02
  vertex 1.3858192e-02 5.7402515e-03 7.6000000e-02
  vertex 1.4123161e-02 5.0533480e-03 7.2000000e-02
 endloop
endfacet
facet normal 9.495283e-01 3.136815e-01 -0.000000e+00
 outer loop
  vertex 1.4123161e-02 5.0533480e-03 7.2000000e-02
  vertex 1.4123161e-02 5.0533480e-03 7.6000000e-02
  vertex 1.4354105e-02 4.3542700e-03 7.2000000e-02
 endloop
endfacet
facet normal 9.637763e-01 2.667119e-01 -0.000000e+00
 outer loop
  vertex 1.4354105e-02 4.3542700e-03 7.2000000e-02
  vertex 1.4354105e-02 4.3542700e-03 7.6000000e-02
  vertex 1.4550468e-02 3.6447027e-03 7.2000000e-02
 endloop
endfacet
facet normal 9.757017e-01 2.191032e-01 -0.000000e+00
 outer loop
  vertex 1.4550468e-02 3.6447027e-03 7.2000000e-02
  vertex 1.4550468e-02 3.6447027e-03 7.6000000e-02
  vertex 1.4711780e-02 2.9263546e-03 7.2000000e-02
 endloop
endfacet
facet normal 9.852780e-01 1.709600e-01 -0.000000e+00
 outer loop
  vertex 1.4711780e-02 2.9263546e-03 7.2000000e-02
  vertex 1.4711780e-02 2.9263546e-03 7.6000000e-02
  vertex 1.4837647e-02 2.2009570e-03 7.2000000e-02
 endloop
endfacet
facet normal 9.996988e-01 2.454102e-02 -0.000000e+00
 outer loop
  vertex 1.5000000e-02 -0.0000000e+00 7.2000000e-02
  vertex 1.4981932e-02 7.3601510e-04 7.6000000e-02
  vertex 1.5000000e-02 -0.0000000e+00 7.6000000e-02
 endloop
endfacet
facet normal 9.924794e-01 1.224117e-01 0.000000e+00
 outer loop
  vertex 1.4927771e-02 1.4702570e-03 7.2000000e-02
  vertex 1.4837647e-02 2.2009570e-03 7.2000000e-02
  vertex 1.4837647e-02 2.2009570e-03 7.6000000e-02
 endloop
endfacet
facet normal 9.996988e-01 2.454102e-02 -0.000000e+00
 outer loop
  vertex 1.4981932e-02 7.3601510e-04 7.2000000e-02
  vertex 1.4981932e-02 7.3601510e-04 7.6000000e-02
  vertex 1.5000000e-02 -0.0000000e+00 7.2000000e-02
 endloop
endfacet
facet normal 9.972905e-01 7.356465e-02 -0.000000e+00
 outer loop
  vertex 1.4927771e-02 1.4702570e-03 7.2000000e-02
  vertex 1.4927771e-02 1.4702570e-03 7.6000000e-02
  vertex 1.4981932e-02 7.3601510e-04 7.2000000e-02
 endloop
endfacet
facet normal 9.924794e-01 1.224117e-01 -0.000000e+00
 outer loop
  vertex 1.4927771e-02 1.4702570e-03 7.2000000e-02
  vertex 1.4837647e-02 2.2009570e-03 7.6000000e-02
  vertex 1.4927771e-02 1.4702570e-03 7.6000000e-02
 endloop
endfacet
facet normal 9.852780e-01 1.709600e-01 -0.000000e+00
 outer loop
  vertex 1.4837647e-02 2.2009570e-03 7.2000000e-02
  vertex 1.4711780e-02 2.9263546e-03 7.6000000e-02
  vertex 1.4837647e-02 2.2009570e-03 7.6000000e-02
 endloop
endfacet
facet normal 9.757017e-01 2.191032e-01 -0.000000e+00
 outer loop
  vertex 1.4711780e-02 2.9263546e-03 7.2000000e-02
  vertex 1.4550468e-02 3.6447027e-03 7.6000000e-02
  vertex 1.4711780e-02 2.9263546e-03 7.6000000e-02
 endloop
endfacet
facet normal 9.637763e-01 2.667119e-01 -0.000000e+00
 outer loop
  vertex 1.4550468e-02 3.6447027e-03 7.2000000e-02
  vertex 1.4354105e-02 4.3542700e-03 7.6000000e-02
  vertex 1.4550468e-02 3.6447027e-03 7.6000000e-02
 endloop
endfacet
facet normal 9.495283e-01 3.136815e-01 -0.000000e+00
 outer loop
  vertex 1.4354105e-02 4.3542700e-03 7.2000000e-02
  vertex 1.4123161e-02 5.0533480e-03 7.6000000e-02
  vertex 1.4354105e-02 4.3542700e-03 7.6000000e-02
 endloop
endfacet
facet normal 9.329923e-01 3.598963e-01 -0.000000e+00
 outer loop
  vertex 1.4123161e-02 5.0533480e-03 7.2000000e-02
  vertex 1.3858192e-02 5.7402515e-03 7.6000000e-02
  vertex 1.4123161e-02 5.0533480e-03 7.6000000e-02
 endloop
endfacet
facet normal 9.142101e-01 4.052405e-01 -0.000000e+00
 outer loop
  vertex 1.3858192e-02 5.7402515e-03 7.2000000e-02
  vertex 1.3559839e-02 6.4133267e-03 7.6000000e-02
  vertex 1.3858192e-02 5.7402515e-03 7.6000000e-02
 endloop
endfacet
facet normal 9.142101e-01 4.052405e-01 0.000000e+00
 outer loop
  vertex 1.3858192e-02 5.7402515e-03 7.2000000e-02
  vertex 1.3559839e-02 6.4133267e-03 7.2000000e-02
  vertex 1.3559839e-02 6.4133267e-03 7.6000000e-02
 endloop
endfacet
facet normal 8.932244e-01 4.496111e-01 0.000000e+00
 outer loop
  vertex 1.3559839e-02 6.4133267e-03 7.2000000e-02
  vertex 1.3228819e-02 7.0709510e-03 7.2000000e-02
  vertex 1.3228819e-02 7.0709510e-03 7.6000000e-02
 endloop
endfacet
facet normal 8.700868e-01 4.928984e-01 0.000000e+00
 outer loop
  vertex 1.3228819e-02 7.0709510e-03 7.2000000e-02
  vertex 1.2865929e-02 7.7115410e-03 7.2000000e-02
  vertex 1.2865929e-02 7.7115410e-03 7.6000000e-02
 endloop
endfacet
facet normal 8.448534e-01 5.349979e-01 0.000000e+00
 outer loop
  vertex 1.2865929e-02 7.7115410e-03 7.2000000e-02
  vertex 1.2472044e-02 8.3335530e-03 7.2000000e-02
  vertex 1.2472044e-02 8.3335530e-03 7.6000000e-02
 endloop
endfacet
facet normal 8.175854e-01 5.758074e-01 0.000000e+00
 outer loop
  vertex 1.2472044e-02 8.3335530e-03 7.2000000e-02
  vertex 1.2048113e-02 8.9354900e-03 7.2000000e-02
  vertex 1.2048113e-02 8.9354900e-03 7.6000000e-02
 endloop
endfacet
facet normal 7.883467e-01 6.152312e-01 0.000000e+00
 outer loop
  vertex 1.2048113e-02 8.9354900e-03 7.6000000e-02
  vertex 1.2048113e-02 8.9354900e-03 7.2000000e-02
  vertex 1.1595157e-02 9.5159000e-03 7.6000000e-02
 endloop
endfacet
facet normal 7.572075e-01 6.531744e-01 0.000000e+00
 outer loop
  vertex 1.1595157e-02 9.5159000e-03 7.6000000e-02
  vertex 1.1595157e-02 9.5159000e-03 7.2000000e-02
  vertex 1.1114266e-02 1.0073384e-02 7.6000000e-02
 endloop
endfacet
facet normal 7.242483e-01 6.895393e-01 0.000000e+00
 outer loop
  vertex 1.1114266e-02 1.0073384e-02 7.6000000e-02
  vertex 1.1114266e-02 1.0073384e-02 7.2000000e-02
  vertex 1.0606602e-02 1.0606602e-02 7.6000000e-02
 endloop
endfacet
facet normal 6.895393e-01 7.242483e-01 0.000000e+00
 outer loop
  vertex 1.0606602e-02 1.0606602e-02 7.6000000e-02
  vertex 1.0606602e-02 1.0606602e-02 7.2000000e-02
  vertex 1.0073384e-02 1.1114266e-02 7.6000000e-02
 endloop
endfacet
facet normal 6.531744e-01 7.572075e-01 0.000000e+00
 outer loop
  vertex 1.0073384e-02 1.1114266e-02 7.6000000e-02
  vertex 1.0073384e-02 1.1114266e-02 7.2000000e-02
  vertex 9.5159000e-03 1.1595157e-02 7.6000000e-02
 endloop
endfacet
facet normal 6.531744e-01 7.572075e-01 0.000000e+00
 outer loop
  vertex 9.5159000e-03 1.1595157e-02 7.6000000e-02
  vertex 1.0073384e-02 1.1114266e-02 7.2000000e-02
  vertex 9.5159000e-03 1.1595157e-02 7.2000000e-02
 endloop
endfacet
facet normal 6.152312e-01 7.883467e-01 0.000000e+00
 outer loop
  vertex 8.9354900e-03 1.2048113e-02 7.6000000e-02
  vertex 9.5159000e-03 1.1595157e-02 7.2000000e-02
  vertex 8.9354900e-03 1.2048113e-02 7.2000000e-02
 endloop
endfacet
facet normal 5.758074e-01 8.175854e-01 0.000000e+00
 outer loop
  vertex 8.3335530e-03 1.2472044e-02 7.6000000e-02
  vertex 8.9354900e-03 1.2048113e-02 7.2000000e-02
  vertex 8.3335530e-03 1.2472044e-02 7.2000000e-02
 endloop
endfacet
facet normal 5.349979e-01 8.448534e-01 0.000000e+00
 outer loop
  vertex 7.7115410e-03 1.2865929e-02 7.6000000e-02
  vertex 8.3335530e-03 1.2472044e-02 7.2000000e-02
  vertex 7.7115410e-03 1.2865929e-02 7.2000000e-02
 endloop
endfacet
facet normal 4.928984e-01 8.700868e-01 0.000000e+00
 outer loop
  vertex 7.0709510e-03 1.3228819e-02 7.6000000e-02
  vertex 7.7115410e-03 1.2865929e-02 7.6000000e-02
  vertex 7.7115410e-03 1.2865929e-02 7.2000000e-02
 endloop
endfacet
facet normal 4.496111e-01 8.932244e-01 0.000000e+00
 outer loop
  vertex 6.4133267e-03 1.3559839e-02 7.6000000e-02
  vertex 7.0709510e-03 1.3228819e-02 7.6000000e-02
  vertex 7.0709510e-03 1.3228819e-02 7.2000000e-02
 endloop
endfacet
facet normal 4.052405e-01 9.142101e-01 0.000000e+00
 outer loop
  vertex 5.7402515e-03 1.3858192e-02 7.6000000e-02
  vertex 6.4133267e-03 1.3559839e-02 7.6000000e-02
  vertex 6.4133267e-03 1.3559839e-02 7.2000000e-02
 endloop
endfacet
facet normal 3.598963e-01 9.329923e-01 0.000000e+00
 outer loop
  vertex 5.0533480e-03 1.4123161e-02 7.6000000e-02
  vertex 5.7402515e-03 1.3858192e-02 7.6000000e-02
  vertex 5.7402515e-03 1.3858192e-02 7.2000000e-02
 endloop
endfacet
facet normal 3.598963e-01 9.329923e-01 -0.000000e+00
 outer loop
  vertex 5.0533480e-03 1.4123161e-02 7.2000000e-02
  vertex 5.0533480e-03 1.4123161e-02 7.6000000e-02
  vertex 5.7402515e-03 1.3858192e-02 7.2000000e-02
 endloop
endfacet
facet normal 3.136815e-01 9.495283e-01 -0.000000e+00
 outer loop
  vertex 4.3542700e-03 1.4354105e-02 7.2000000e-02
  vertex 4.3542700e-03 1.4354105e-02 7.6000000e-02
  vertex 5.0533480e-03 1.4123161e-02 7.2000000e-02
 endloop
endfacet
facet normal 2.667119e-01 9.637763e-01 -0.000000e+00
 outer loop
  vertex 3.6447027e-03 1.4550468e-02 7.2000000e-02
  vertex 3.6447027e-03 1.4550468e-02 7.6000000e-02
  vertex 4.3542700e-03 1.4354105e-02 7.2000000e-02
 endloop
endfacet
facet normal 2.191032e-01 9.757017e-01 -0.000000e+00
 outer loop
  vertex 2.9263546e-03 1.4711780e-02 7.2000000e-02
  vertex 2.9263546e-03 1.4711780e-02 7.6000000e-02
  vertex 3.6447027e-03 1.4550468e-02 7.2000000e-02
 endloop
endfacet
facet normal 1.709600e-01 9.852780e-01 -0.000000e+00
 outer loop
  vertex 2.9263546e-03 1.4711780e-02 7.2000000e-02
  vertex 2.2009570e-03 1.4837647e-02 7.6000000e-02
  vertex 2.9263546e-03 1.4711780e-02 7.6000000e-02
 endloop
endfacet
facet normal 1.224117e-01 9.924794e-01 -0.000000e+00
 outer loop
  vertex 2.2009570e-03 1.4837647e-02 7.2000000e-02
  vertex 1.4702570e-03 1.4927771e-02 7.6000000e-02
  vertex 2.2009570e-03 1.4837647e-02 7.6000000e-02
 endloop
endfacet
facet normal 7.356465e-02 9.972905e-01 -0.000000e+00
 outer loop
  vertex 1.4702570e-03 1.4927771e-02 7.2000000e-02
  vertex 7.3601510e-04 1.4981932e-02 7.6000000e-02
  vertex 1.4702570e-03 1.4927771e-02 7.6000000e-02
 endloop
endfacet
facet normal 2.454102e-02 9.996988e-01 -0.000000e+00
 outer loop
  vertex 7.3601510e-04 1.4981932e-02 7.2000000e-02
  vertex 9.1848520e-19 1.5000000e-02 7.6000000e-02
  vertex 7.3601510e-04 1.4981932e-02 7.6000000e-02
 endloop
endfacet
facet normal 2.454102e-02 9.996988e-01 0.000000e+00
 outer loop
  vertex 7.3601510e-04 1.4981932e-02 7.2000000e-02
  vertex 9.1848520e-19 1.5000000e-02 7.2000000e-02
  vertex 9.1848520e-19 1.5000000e-02 7.6000000e-02
 endloop
endfacet
facet normal -2.454102e-02 9.996988e-01 0.000000e+00
 outer loop
  vertex 9.1848520e-19 1.5000000e-02 7.2000000e-02
  vertex -7.3601510e-04 1.4981932e-02 7.2000000e-02
  vertex -7.3601510e-04 1.4981932e-02 7.6000000e-02
 endloop
endfacet
facet normal -7.356465e-02 9.972905e-01 0.000000e+00
 outer loop
  vertex -7.3601510e-04 1.4981932e-02 7.2000000e-02
  vertex -1.4702570e-03 1.4927771e-02 7.2000000e-02
  vertex -1.4702570e-03 1.4927771e-02 7.6000000e-02
 endloop
endfacet
facet normal -1.224117e-01 9.924794e-01 0.000000e+00
 outer loop
  vertex -1.4702570e-03 1.4927771e-02 7.2000000e-02
  vertex -2.2009570e-03 1.4837647e-02 7.2000000e-02
  vertex -2.2009570e-03 1.4837647e-02 7.6000000e-02
 endloop
endfacet
facet normal -1.709600e-01 9.852780e-01 0.000000e+00
 outer loop
  vertex -2.2009570e-03 1.4837647e-02 7.6000000e-02
  vertex -2.2009570e-03 1.4837647e-02 7.2000000e-02
  vertex -2.9263546e-03 1.4711780e-02 7.6000000e-02
 endloop
endfacet
facet normal -2.191032e-01 9.757017e-01 0.000000e+00
 outer loop
  vertex -2.9263546e-03 1.4711780e-02 7.6000000e-02
  vertex -2.9263546e-03 1.4711780e-02 7.2000000e-02
  vertex -3.6447027e-03 1.4550468e-02 7.6000000e-02
 endloop
endfacet
facet normal -2.667119e-01 9.637763e-01 0.000000e+00
 outer loop
  vertex -3.6447027e-03 1.4550468e-02 7.6000000e-02
  vertex -3.6447027e-03 1.4550468e-02 7.2000000e-02
  vertex -4.3542700e-03 1.4354105e-02 7.6000000e-02
 endloop
endfacet
facet normal -2.667119e-01 9.637763e-01 0.000000e+00
 outer loop
  vertex -4.3542700e-03 1.4354105e-02 7.6000000e-02
  vertex -3.6447027e-03 1.4550468e-02 7.2000000e-02
  vertex -4.3542700e-03 1.4354105e-02 7.2000000e-02
 endloop
endfacet
facet normal -3.136815e-01 9.495283e-01 0.000000e+00
 outer loop
  vertex -5.0533480e-03 1.4123161e-02 7.6000000e-02
  vertex -4.3542700e-03 1.4354105e-02 7.2000000e-02
  vertex -5.0533480e-03 1.4123161e-02 7.2000000e-02
 endloop
endfacet
facet normal -3.598963e-01 9.329923e-01 0.000000e+00
 outer loop
  vertex -5.7402515e-03 1.3858192e-02 7.6000000e-02
  vertex -5.0533480e-03 1.4123161e-02 7.2000000e-02
  vertex -5.7402515e-03 1.3858192e-02 7.2000000e-02
 endloop
endfacet
facet normal -4.052405e-01 9.142101e-01 0.000000e+00
 outer loop
  vertex -6.4133267e-03 1.3559839e-02 7.6000000e-02
  vertex -5.7402515e-03 1.3858192e-02 7.2000000e-02
  vertex -6.4133267e-03 1.3559839e-02 7.2000000e-02
 endloop
endfacet
facet normal -4.496111e-01 8.932244e-01 0.000000e+00
 outer loop
  vertex -7.0709510e-03 1.3228819e-02 7.6000000e-02
  vertex -6.4133267e-03 1.3559839e-02 7.6000000e-02
  vertex -6.4133267e-03 1.3559839e-02 7.2000000e-02
 endloop
endfacet
facet normal -4.928984e-01 8.700868e-01 0.000000e+00
 outer loop
  vertex -7.7115410e-03 1.2865929e-02 7.6000000e-02
  vertex -7.0709510e-03 1.3228819e-02 7.6000000e-02
  vertex -7.0709510e-03 1.3228819e-02 7.2000000e-02
 endloop
endfacet
facet normal -4.928984e-01 8.700868e-01 0.000000e+00
 outer loop
  vertex -7.7115410e-03 1.2865929e-02 7.2000000e-02
  vertex -7.7115410e-03 1.2865929e-02 7.6000000e-02
  vertex -7.0709510e-03 1.3228819e-02 7.2000000e-02
 endloop
endfacet
facet normal -5.758074e-01 8.175854e-01 0.000000e+00
 outer loop
  vertex -8.9354900e-03 1.2048113e-02 7.6000000e-02
  vertex -8.3335530e-03 1.2472044e-02 7.6000000e-02
  vertex -8.3335530e-03 1.2472044e-02 7.2000000e-02
 endloop
endfacet
facet normal -6.152312e-01 7.883467e-01 0.000000e+00
 outer loop
  vertex -9.5159000e-03 1.1595157e-02 7.6000000e-02
  vertex -8.9354900e-03 1.2048113e-02 7.2000000e-02
  vertex -9.5159000e-03 1.1595157e-02 7.2000000e-02
 endloop
endfacet
facet normal -6.895393e-01 7.242483e-01 0.000000e+00
 outer loop
  vertex -1.0073384e-02 1.1114266e-02 7.6000000e-02
  vertex -1.0073384e-02 1.1114266e-02 7.2000000e-02
  vertex -1.0606602e-02 1.0606602e-02 7.6000000e-02
 endloop
endfacet
facet normal -7.242483e-01 6.895393e-01 0.000000e+00
 outer loop
  vertex -1.0606602e-02 1.0606602e-02 7.2000000e-02
  vertex -1.1114266e-02 1.0073384e-02 7.2000000e-02
  vertex -1.1114266e-02 1.0073384e-02 7.6000000e-02
 endloop
endfacet
facet normal -7.883467e-01 6.152312e-01 0.000000e+00
 outer loop
  vertex -1.1595157e-02 9.5159000e-03 7.2000000e-02
  vertex -1.2048113e-02 8.9354900e-03 7.6000000e-02
  vertex -1.1595157e-02 9.5159000e-03 7.6000000e-02
 endloop
endfacet
facet normal -8.175854e-01 5.758074e-01 0.000000e+00
 outer loop
  vertex -1.2472044e-02 8.3335530e-03 7.2000000e-02
  vertex -1.2472044e-02 8.3335530e-03 7.6000000e-02
  vertex -1.2048113e-02 8.9354900e-03 7.2000000e-02
 endloop
endfacet
facet normal -8.700868e-01 4.928984e-01 0.000000e+00
 outer loop
  vertex -1.3228819e-02 7.0709510e-03 7.6000000e-02
  vertex -1.2865929e-02 7.7115410e-03 7.6000000e-02
  vertex -1.2865929e-02 7.7115410e-03 7.2000000e-02
 endloop
endfacet
facet normal -8.932244e-01 4.496111e-01 0.000000e+00
 outer loop
  vertex -1.3559839e-02 6.4133267e-03 7.6000000e-02
  vertex -1.3228819e-02 7.0709510e-03 7.2000000e-02
  vertex -1.3559839e-02 6.4133267e-03 7.2000000e-02
 endloop
endfacet
facet normal -9.329923e-01 3.598963e-01 0.000000e+00
 outer loop
  vertex -1.3858192e-02 5.7402515e-03 7.6000000e-02
  vertex -1.3858192e-02 5.7402515e-03 7.2000000e-02
  vertex -1.4123161e-02 5.0533480e-03 7.6000000e-02
 endloop
endfacet
facet normal -9.495283e-01 3.136815e-01 0.000000e+00
 outer loop
  vertex -1.4123161e-02 5.0533480e-03 7.2000000e-02
  vertex -1.4354105e-02 4.3542700e-03 7.2000000e-02
  vertex -1.4354105e-02 4.3542700e-03 7.6000000e-02
 endloop
endfacet
facet normal -9.757017e-01 2.191032e-01 0.000000e+00
 outer loop
  vertex -1.4550468e-02 3.6447027e-03 7.2000000e-02
  vertex -1.4711780e-02 2.9263546e-03 7.6000000e-02
  vertex -1.4550468e-02 3.6447027e-03 7.6000000e-02
 endloop
endfacet
facet normal -9.852780e-01 1.709600e-01 0.000000e+00
 outer loop
  vertex -1.4837647e-02 2.2009570e-03 7.2000000e-02
  vertex -1.4837647e-02 2.2009570e-03 7.6000000e-02
  vertex -1.4711780e-02 2.9263546e-03 7.2000000e-02
 endloop
endfacet
facet normal -9.996988e-01 2.454102e-02 0.000000e+00
 outer loop
  vertex -1.4981932e-02 7.3601510e-04 7.6000000e-02
  vertex -1.5000000e-02 -0.0000000e+00 7.2000000e-02
  vertex -1.5000000e-02 -0.0000000e+00 7.6000000e-02
 endloop
endfacet
facet normal -9.972905e-01 7.356465e-02 0.000000e+00
 outer loop
  vertex -1.4927771e-02 1.4702570e-03 7.2000000e-02
  vertex -1.4981932e-02 7.3601510e-04 7.6000000e-02
  vertex -1.4927771e-02 1.4702570e-03 7.6000000e-02
 endloop
endfacet
facet normal 9.972905e-01 7.356465e-02 0.000000e+00
 outer loop
  vertex 1.4927771e-02 1.4702570e-03 7.6000000e-02
  vertex 1.4981932e-02 7.3601510e-04 7.6000000e-02
  vertex 1.4981932e-02 7.3601510e-04 7.2000000e-02
 endloop
endfacet
facet normal -0.000000e+00 0.000000e+00 -1.000000e+00
 outer loop
  vertex -6.0843915e-04 1.2385064e-02 7.2000000e-02
  vertex -1.2154125e-03 1.2340290e-02 7.2000000e-02
  vertex -7.3601510e-04 1.4981932e-02 7.2000000e-02
 endloop
endfacet
facet normal 0.000000e+00 0.000000e+00 -1.000000e+00
 outer loop
  vertex -6.0843915e-04 1.2385064e-02 7.2000000e-02
  vertex -7.3601510e-04 1.4981932e-02 7.2000000e-02
  vertex 0.0000000e+00 1.2400001e-02 7.2000000e-02
 endloop
endfacet
facet normal -0.000000e+00 0.000000e+00 -1.000000e+00
 outer loop
  vertex -1.2154125e-03 1.2340290e-02 7.2000000e-02
  vertex -1.8194579e-03 1.2265788e-02 7.2000000e-02
  vertex -1.4702570e-03 1.4927771e-02 7.2000000e-02
 endloop
endfacet
facet normal 0.000000e+00 0.000000e+00 -1.000000e+00
 outer loop
  vertex -1.8194579e-03 1.2265788e-02 7.2000000e-02
  vertex -2.2009570e-03 1.4837647e-02 7.2000000e-02
  vertex -1.4702570e-03 1.4927771e-02 7.2000000e-02
 endloop
endfacet
facet normal 0.000000e+00 0.000000e+00 -1.000000e+00
 outer loop
  vertex -2.4191198e-03 1.2161737e-02 7.2000000e-02
  vertex -2.9263546e-03 1.4711780e-02 7.2000000e-02
  vertex -2.2009570e-03 1.4837647e-02 7.2000000e-02
 endloop
endfacet
facet normal 0.000000e+00 0.000000e+00 -1.000000e+00
 outer loop
  vertex -3.0129542e-03 1.2028388e-02 7.2000000e-02
  vertex -2.9263546e-03 1.4711780e-02 7.2000000e-02
  vertex -2.4191198e-03 1.2161737e-02 7.2000000e-02
 endloop
endfacet
facet normal 0.000000e+00 0.000000e+00 -1.000000e+00
 outer loop
  vertex -3.5995300e-03 1.1866060e-02 7.2000000e-02
  vertex -3.6447027e-03 1.4550468e-02 7.2000000e-02
  vertex -3.0129542e-03 1.2028388e-02 7.2000000e-02
 endloop
endfacet
facet normal 0.000000e+00 0.000000e+00 -1.000000e+00
 outer loop
  vertex -4.3542700e-03 1.4354105e-02 7.2000000e-02
  vertex -3.6447027e-03 1.4550468e-02 7.2000000e-02
  vertex -3.5995300e-03 1.1866060e-02 7.2000000e-02
 endloop
endfacet
facet normal 0.000000e+00 0.000000e+00 -1.000000e+00
 outer loop
  vertex -5.0533480e-03 1.4123161e-02 7.2000000e-02
  vertex -4.3542700e-03 1.4354105e-02 7.2000000e-02
  vertex -4.1774344e-03 1.1675146e-02 7.2000000e-02
 endloop
endfacet
facet normal 0.000000e+00 0.000000e+00 -1.000000e+00
 outer loop
  vertex -5.0533480e-03 1.4123161e-02 7.2000000e-02
  vertex -4.1774344e-03 1.1675146e-02 7.2000000e-02
  vertex -4.7452745e-03 1.1456106e-02 7.2000000e-02
 endloop
endfacet
facet normal 0.000000e+00 0.000000e+00 -1.000000e+00
 outer loop
  vertex -5.7402515e-03 1.3858192e-02 7.2000000e-02
  vertex -4.7452745e-03 1.1456106e-02 7.2000000e-02
  vertex -5.3016834e-03 1.1209468e-02 7.2000000e-02
 endloop
endfacet
facet normal 0.000000e+00 -0.000000e+00 -1.000000e+00
 outer loop
  vertex -5.7402515e-03 1.3858192e-02 7.2000000e-02
  vertex -5.3016834e-03 1.1209468e-02 7.2000000e-02
  vertex -6.4133267e-03 1.3559839e-02 7.2000000e-02
 endloop
endfacet
facet normal 0.000000e+00 -0.000000e+00 -1.000000e+00
 outer loop
  vertex -6.4133267e-03 1.3559839e-02 7.2000000e-02
  vertex -5.8453193e-03 1.0935823e-02 7.2000000e-02
  vertex -7.0709510e-03 1.3228819e-02 7.2000000e-02
 endloop
endfacet
facet normal -0.000000e+00 0.000000e+00 -1.000000e+00
 outer loop
  vertex -5.8453193e-03 1.0935823e-02 7.2000000e-02
  vertex -6.3748740e-03 1.0635835e-02 7.2000000e-02
  vertex -7.0709510e-03 1.3228819e-02 7.2000000e-02
 endloop
endfacet
facet normal -0.000000e+00 0.000000e+00 -1.000000e+00
 outer loop
  vertex -6.3748740e-03 1.0635835e-02 7.2000000e-02
  vertex -6.8890710e-03 1.0310224e-02 7.2000000e-02
  vertex -7.7115410e-03 1.2865929e-02 7.2000000e-02
 endloop
endfacet
facet normal 0.000000e+00 0.000000e+00 -1.000000e+00
 outer loop
  vertex -8.3335530e-03 1.2472044e-02 7.2000000e-02
  vertex -7.7115410e-03 1.2865929e-02 7.2000000e-02
  vertex -6.8890710e-03 1.0310224e-02 7.2000000e-02
 endloop
endfacet
facet normal 0.000000e+00 0.000000e+00 -1.000000e+00
 outer loop
  vertex -8.9354900e-03 1.2048113e-02 7.2000000e-02
  vertex -8.3335530e-03 1.2472044e-02 7.2000000e-02
  vertex -7.3866715e-03 9.9597730e-03 7.2000000e-02
 endloop
endfacet
facet normal 0.000000e+00 0.000000e+00 -1.000000e+00
 outer loop
  vertex -8.9354900e-03 1.2048113e-02 7.2000000e-02
  vertex -7.3866715e-03 9.9597730e-03 7.2000000e-02
  vertex -7.8664765e-03 9.5853290e-03 7.2000000e-02
 endloop
endfacet
facet normal 0.000000e+00 0.000000e+00 -1.000000e+00
 outer loop
  vertex -9.5159000e-03 1.1595157e-02 7.2000000e-02
  vertex -7.8664765e-03 9.5853290e-03 7.2000000e-02
  vertex -8.3273320e-03 9.1877950e-03 7.2000000e-02
 endloop
endfacet
facet normal 0.000000e+00 -0.000000e+00 -1.000000e+00
 outer loop
  vertex -9.5159000e-03 1.1595157e-02 7.2000000e-02
  vertex -8.3273320e-03 9.1877950e-03 7.2000000e-02
  vertex -1.0073384e-02 1.1114266e-02 7.2000000e-02
 endloop
endfacet
facet normal 0.000000e+00 -0.000000e+00 -1.000000e+00
 outer loop
  vertex -1.0073384e-02 1.1114266e-02 7.2000000e-02
  vertex -8.7681250e-03 8.7681250e-03 7.2000000e-02
  vertex -1.0606602e-02 1.0606602e-02 7.2000000e-02
 endloop
endfacet
facet normal -0.000000e+00 0.000000e+00 -1.000000e+00
 outer loop
  vertex -8.7681250e-03 8.7681250e-03 7.2000000e-02
  vertex -9.1877950e-03 8.3273320e-03 7.2000000e-02
  vertex -1.0606602e-02 1.0606602e-02 7.2000000e-02
 endloop
endfacet
facet normal -0.000000e+00 0.000000e+00 -1.000000e+00
 outer loop
  vertex -9.1877950e-03 8.3273320e-03 7.2000000e-02
  vertex -9.5853290e-03 7.8664765e-03 7.2000000e-02
  vertex -1.1114266e-02 1.0073384e-02 7.2000000e-02
 endloop
endfacet
facet normal 0.000000e+00 0.000000e+00 -1.000000e+00
 outer loop
  vertex -9.5853290e-03 7.8664765e-03 7.2000000e-02
  vertex -1.1595157e-02 9.5159000e-03 7.2000000e-02
  vertex -1.1114266e-02 1.0073384e-02 7.2000000e-02
 endloop
endfacet
facet normal 0.000000e+00 -0.000000e+00 -1.000000e+00
 outer loop
  vertex -1.2048113e-02 8.9354900e-03 7.2000000e-02
  vertex -1.0310224e-02 6.8890710e-03 7.2000000e-02
  vertex -1.2472044e-02 8.3335530e-03 7.2000000e-02
 endloop
endfacet
facet normal -0.000000e+00 0.000000e+00 -1.000000e+00
 outer loop
  vertex -9.9597730e-03 7.3866715e-03 7.2000000e-02
  vertex -1.0310224e-02 6.8890710e-03 7.2000000e-02
  vertex -1.2048113e-02 8.9354900e-03 7.2000000e-02
 endloop
endfacet
facet normal 0.000000e+00 -0.000000e+00 -1.000000e+00
 outer loop
  vertex -1.2472044e-02 8.3335530e-03 7.2000000e-02
  vertex -1.0635835e-02 6.3748740e-03 7.2000000e-02
  vertex -1.2865929e-02 7.7115410e-03 7.2000000e-02
 endloop
endfacet
facet normal -0.000000e+00 0.000000e+00 -1.000000e+00
 outer loop
  vertex -1.0310224e-02 6.8890710e-03 7.2000000e-02
  vertex -1.0635835e-02 6.3748740e-03 7.2000000e-02
  vertex -1.2472044e-02 8.3335530e-03 7.2000000e-02
 endloop
endfacet
facet normal 0.000000e+00 -0.000000e+00 -1.000000e+00
 outer loop
  vertex -1.2865929e-02 7.7115410e-03 7.2000000e-02
  vertex -1.0935823e-02 5.8453193e-03 7.2000000e-02
  vertex -1.3228819e-02 7.0709510e-03 7.2000000e-02
 endloop
endfacet
facet normal -0.000000e+00 0.000000e+00 -1.000000e+00
 outer loop
  vertex -1.0635835e-02 6.3748740e-03 7.2000000e-02
  vertex -1.0935823e-02 5.8453193e-03 7.2000000e-02
  vertex -1.2865929e-02 7.7115410e-03 7.2000000e-02
 endloop
endfacet
facet normal 0.000000e+00 -0.000000e+00 -1.000000e+00
 outer loop
  vertex -1.3228819e-02 7.0709510e-03 7.2000000e-02
  vertex -1.1209468e-02 5.3016834e-03 7.2000000e-02
  vertex -1.3559839e-02 6.4133267e-03 7.2000000e-02
 endloop
endfacet
facet normal -0.000000e+00 0.000000e+00 -1.000000e+00
 outer loop
  vertex -1.0935823e-02 5.8453193e-03 7.2000000e-02
  vertex -1.1209468e-02 5.3016834e-03 7.2000000e-02
  vertex -1.3228819e-02 7.0709510e-03 7.2000000e-02
 endloop
endfacet
facet normal 0.000000e+00 -0.000000e+00 -1.000000e+00
 outer loop
  vertex -1.3559839e-02 6.4133267e-03 7.2000000e-02
  vertex -1.1456106e-02 4.7452745e-03 7.2000000e-02
  vertex -1.3858192e-02 5.7402515e-03 7.2000000e-02
 endloop
endfacet
facet normal -0.000000e+00 0.000000e+00 -1.000000e+00
 outer loop
  vertex -1.1209468e-02 5.3016834e-03 7.2000000e-02
  vertex -1.1456106e-02 4.7452745e-03 7.2000000e-02
  vertex -1.3559839e-02 6.4133267e-03 7.2000000e-02
 endloop
endfacet
facet normal 0.000000e+00 -0.000000e+00 -1.000000e+00
 outer loop
  vertex -1.3858192e-02 5.7402515e-03 7.2000000e-02
  vertex -1.1675146e-02 4.1774344e-03 7.2000000e-02
  vertex -1.4123161e-02 5.0533480e-03 7.2000000e-02
 endloop
endfacet
facet normal -0.000000e+00 0.000000e+00 -1.000000e+00
 outer loop
  vertex -1.1456106e-02 4.7452745e-03 7.2000000e-02
  vertex -1.1675146e-02 4.1774344e-03 7.2000000e-02
  vertex -1.3858192e-02 5.7402515e-03 7.2000000e-02
 endloop
endfacet
facet normal 0.000000e+00 -0.000000e+00 -1.000000e+00
 outer loop
  vertex -1.4123161e-02 5.0533480e-03 7.2000000e-02
  vertex -1.1866060e-02 3.5995300e-03 7.2000000e-02
  vertex -1.4354105e-02 4.3542700e-03 7.2000000e-02
 endloop
endfacet
facet normal -0.000000e+00 0.000000e+00 -1.000000e+00
 outer loop
  vertex -1.1675146e-02 4.1774344e-03 7.2000000e-02
  vertex -1.1866060e-02 3.5995300e-03 7.2000000e-02
  vertex -1.4123161e-02 5.0533480e-03 7.2000000e-02
 endloop
endfacet
facet normal 0.000000e+00 -0.000000e+00 -1.000000e+00
 outer loop
  vertex -1.4354105e-02 4.3542700e-03 7.2000000e-02
  vertex -1.2028388e-02 3.0129542e-03 7.2000000e-02
  vertex -1.4550468e-02 3.6447027e-03 7.2000000e-02
 endloop
endfacet
facet normal -0.000000e+00 0.000000e+00 -1.000000e+00
 outer loop
  vertex -1.1866060e-02 3.5995300e-03 7.2000000e-02
  vertex -1.2028388e-02 3.0129542e-03 7.2000000e-02
  vertex -1.4354105e-02 4.3542700e-03 7.2000000e-02
 endloop
endfacet
facet normal 0.000000e+00 -0.000000e+00 -1.000000e+00
 outer loop
  vertex -1.4550468e-02 3.6447027e-03 7.2000000e-02
  vertex -1.2161737e-02 2.4191198e-03 7.2000000e-02
  vertex -1.4711780e-02 2.9263546e-03 7.2000000e-02
 endloop
endfacet
facet normal -0.000000e+00 0.000000e+00 -1.000000e+00
 outer loop
  vertex -1.2028388e-02 3.0129542e-03 7.2000000e-02
  vertex -1.2161737e-02 2.4191198e-03 7.2000000e-02
  vertex -1.4550468e-02 3.6447027e-03 7.2000000e-02
 endloop
endfacet
facet normal 0.000000e+00 -0.000000e+00 -1.000000e+00
 outer loop
  vertex -1.4711780e-02 2.9263546e-03 7.2000000e-02
  vertex -1.2265788e-02 1.8194579e-03 7.2000000e-02
  vertex -1.4837647e-02 2.2009570e-03 7.2000000e-02
 endloop
endfacet
facet normal -0.000000e+00 0.000000e+00 -1.000000e+00
 outer loop
  vertex -1.2161737e-02 2.4191198e-03 7.2000000e-02
  vertex -1.2265788e-02 1.8194579e-03 7.2000000e-02
  vertex -1.4711780e-02 2.9263546e-03 7.2000000e-02
 endloop
endfacet
facet normal 0.000000e+00 -0.000000e+00 -1.000000e+00
 outer loop
  vertex -1.4837647e-02 2.2009570e-03 7.2000000e-02
  vertex -1.2340290e-02 1.2154125e-03 7.2000000e-02
  vertex -1.4927771e-02 1.4702570e-03 7.2000000e-02
 endloop
endfacet
facet normal -0.000000e+00 0.000000e+00 -1.000000e+00
 outer loop
  vertex -1.2265788e-02 1.8194579e-03 7.2000000e-02
  vertex -1.2340290e-02 1.2154125e-03 7.2000000e-02
  vertex -1.4837647e-02 2.2009570e-03 7.2000000e-02
 endloop
endfacet
facet normal 0.000000e+00 -0.000000e+00 -1.000000e+00
 outer loop
  vertex -1.4927771e-02 1.4702570e-03 7.2000000e-02
  vertex -1.2385064e-02 6.0843915e-04 7.2000000e-02
  vertex -1.4981932e-02 7.3601510e-04 7.2000000e-02
 endloop
endfacet
facet normal -0.000000e+00 0.000000e+00 -1.000000e+00
 outer loop
  vertex -1.2340290e-02 1.2154125e-03 7.2000000e-02
  vertex -1.2385064e-02 6.0843915e-04 7.2000000e-02
  vertex -1.4927771e-02 1.4702570e-03 7.2000000e-02
 endloop
endfacet
facet normal 0.000000e+00 -0.000000e+00 -1.000000e+00
 outer loop
  vertex -1.4981932e-02 7.3601510e-04 7.2000000e-02
  vertex -1.2400001e-02 -0.0000000e+00 7.2000000e-02
  vertex -1.5000000e-02 -0.0000000e+00 7.2000000e-02
 endloop
endfacet
facet normal -0.000000e+00 0.000000e+00 -1.000000e+00
 outer loop
  vertex -1.2385064e-02 6.0843915e-04 7.2000000e-02
  vertex -1.2400001e-02 -0.0000000e+00 7.2000000e-02
  vertex -1.4981932e-02 7.3601510e-04 7.2000000e-02
 endloop
endfacet
facet normal 0.000000e+00 0.000000e+00 -1.000000e+00
 outer loop
  vertex -1.5000000e-02 -0.0000000e+00 7.2000000e-02
  vertex -1.2385064e-02 -6.0843915e-04 7.2000000e-02
  vertex -1.4981932e-02 -7.3601510e-04 7.2000000e-02
 endloop
endfacet
facet normal -0.000000e+00 -0.000000e+00 -1.000000e+00
 outer loop
  vertex -1.2400001e-02 -0.0000000e+00 7.2000000e-02
  vertex -1.2385064e-02 -6.0843915e-04 7.2000000e-02
  vertex -1.5000000e-02 -0.0000000e+00 7.2000000e-02
 endloop
endfacet
facet normal 0.000000e+00 0.000000e+00 -1.000000e+00
 outer loop
  vertex -1.4981932e-02 -7.3601510e-04 7.2000000e-02
  vertex -1.2340290e-02 -1.2154125e-03 7.2000000e-02
  vertex -1.4927771e-02 -1.4702570e-03 7.2000000e-02
 endloop
endfacet
facet normal 0.000000e+00 -0.000000e+00 -1.000000e+00
 outer loop
  vertex -1.2385064e-02 -6.0843915e-04 7.2000000e-02
  vertex -1.2340290e-02 -1.2154125e-03 7.2000000e-02
  vertex -1.4981932e-02 -7.3601510e-04 7.2000000e-02
 endloop
endfacet
facet normal 0.000000e+00 0.000000e+00 -1.000000e+00
 outer loop
  vertex -1.4927771e-02 -1.4702570e-03 7.2000000e-02
  vertex -1.2265788e-02 -1.8194579e-03 7.2000000e-02
  vertex -1.4837647e-02 -2.2009570e-03 7.2000000e-02
 endloop
endfacet
facet normal 0.000000e+00 -0.000000e+00 -1.000000e+00
 outer loop
  vertex -1.2340290e-02 -1.2154125e-03 7.2000000e-02
  vertex -1.2265788e-02 -1.8194579e-03 7.2000000e-02
  vertex -1.4927771e-02 -1.4702570e-03 7.2000000e-02
 endloop
endfacet
facet normal 0.000000e+00 0.000000e+00 -1.000000e+00
 outer loop
  vertex -1.4837647e-02 -2.2009570e-03 7.2000000e-02
  vertex -1.2161737e-02 -2.4191198e-03 7.2000000e-02
  vertex -1.4711780e-02 -2.9263546e-03 7.2000000e-02
 endloop
endfacet
facet normal 0.000000e+00 -0.000000e+00 -1.000000e+00
 outer loop
  vertex -1.2265788e-02 -1.8194579e-03 7.2000000e-02
  vertex -1.2161737e-02 -2.4191198e-03 7.2000000e-02
  vertex -1.4837647e-02 -2.2009570e-03 7.2000000e-02
 endloop
endfacet
facet normal 0.000000e+00 0.000000e+00 -1.000000e+00
 outer loop
  vertex -1.4711780e-02 -2.9263546e-03 7.2000000e-02
  vertex -1.2028388e-02 -3.0129542e-03 7.2000000e-02
  vertex -1.4550468e-02 -3.6447027e-03 7.2000000e-02
 endloop
endfacet
facet normal 0.000000e+00 -0.000000e+00 -1.000000e+00
 outer loop
  vertex -1.2161737e-02 -2.4191198e-03 7.2000000e-02
  vertex -1.2028388e-02 -3.0129542e-03 7.2000000e-02
  vertex -1.4711780e-02 -2.9263546e-03 7.2000000e-02
 endloop
endfacet
facet normal 0.000000e+00 0.000000e+00 -1.000000e+00
 outer loop
  vertex -1.4550468e-02 -3.6447027e-03 7.2000000e-02
  vertex -1.1866060e-02 -3.5995300e-03 7.2000000e-02
  vertex -1.4354105e-02 -4.3542700e-03 7.2000000e-02
 endloop
endfacet
facet normal 0.000000e+00 -0.000000e+00 -1.000000e+00
 outer loop
  vertex -1.2028388e-02 -3.0129542e-03 7.2000000e-02
  vertex -1.1866060e-02 -3.5995300e-03 7.2000000e-02
  vertex -1.4550468e-02 -3.6447027e-03 7.2000000e-02
 endloop
endfacet
facet normal 0.000000e+00 0.000000e+00 -1.000000e+00
 outer loop
  vertex -1.4354105e-02 -4.3542700e-03 7.2000000e-02
  vertex -1.1675146e-02 -4.1774344e-03 7.2000000e-02
  vertex -1.4123161e-02 -5.0533480e-03 7.2000000e-02
 endloop
endfacet
facet normal 0.000000e+00 -0.000000e+00 -1.000000e+00
 outer loop
  vertex -1.1866060e-02 -3.5995300e-03 7.2000000e-02
  vertex -1.1675146e-02 -4.1774344e-03 7.2000000e-02
  vertex -1.4354105e-02 -4.3542700e-03 7.2000000e-02
 endloop
endfacet
facet normal 0.000000e+00 0.000000e+00 -1.000000e+00
 outer loop
  vertex -1.4123161e-02 -5.0533480e-03 7.2000000e-02
  vertex -1.1456106e-02 -4.7452745e-03 7.2000000e-02
  vertex -1.3858192e-02 -5.7402515e-03 7.2000000e-02
 endloop
endfacet
facet normal 0.000000e+00 -0.000000e+00 -1.000000e+00
 outer loop
  vertex -1.1675146e-02 -4.1774344e-03 7.2000000e-02
  vertex -1.1456106e-02 -4.7452745e-03 7.2000000e-02
  vertex -1.4123161e-02 -5.0533480e-03 7.2000000e-02
 endloop
endfacet
facet normal 0.000000e+00 0.000000e+00 -1.000000e+00
 outer loop
  vertex -1.3858192e-02 -5.7402515e-03 7.2000000e-02
  vertex -1.1209468e-02 -5.3016834e-03 7.2000000e-02
  vertex -1.3559839e-02 -6.4133267e-03 7.2000000e-02
 endloop
endfacet
facet normal 0.000000e+00 -0.000000e+00 -1.000000e+00
 outer loop
  vertex -1.1456106e-02 -4.7452745e-03 7.2000000e-02
  vertex -1.1209468e-02 -5.3016834e-03 7.2000000e-02
  vertex -1.3858192e-02 -5.7402515e-03 7.2000000e-02
 endloop
endfacet
facet normal 0.000000e+00 0.000000e+00 -1.000000e+00
 outer loop
  vertex -1.3559839e-02 -6.4133267e-03 7.2000000e-02
  vertex -1.0935823e-02 -5.8453193e-03 7.2000000e-02
  vertex -1.3228819e-02 -7.0709510e-03 7.2000000e-02
 endloop
endfacet
facet normal 0.000000e+00 -0.000000e+00 -1.000000e+00
 outer loop
  vertex -1.1209468e-02 -5.3016834e-03 7.2000000e-02
  vertex -1.0935823e-02 -5.8453193e-03 7.2000000e-02
  vertex -1.3559839e-02 -6.4133267e-03 7.2000000e-02
 endloop
endfacet
facet normal 0.000000e+00 0.000000e+00 -1.000000e+00
 outer loop
  vertex -1.3228819e-02 -7.0709510e-03 7.2000000e-02
  vertex -1.0635835e-02 -6.3748740e-03 7.2000000e-02
  vertex -1.2865929e-02 -7.7115410e-03 7.2000000e-02
 endloop
endfacet
facet normal 0.000000e+00 -0.000000e+00 -1.000000e+00
 outer loop
  vertex -1.0935823e-02 -5.8453193e-03 7.2000000e-02
  vertex -1.0635835e-02 -6.3748740e-03 7.2000000e-02
  vertex -1.3228819e-02 -7.0709510e-03 7.2000000e-02
 endloop
endfacet
facet normal 0.000000e+00 0.000000e+00 -1.000000e+00
 outer loop
  vertex -1.2865929e-02 -7.7115410e-03 7.2000000e-02
  vertex -1.0310224e-02 -6.8890710e-03 7.2000000e-02
  vertex -1.2472044e-02 -8.3335530e-03 7.2000000e-02
 endloop
endfacet
facet normal 0.000000e+00 -0.000000e+00 -1.000000e+00
 outer loop
  vertex -1.0635835e-02 -6.3748740e-03 7.2000000e-02
  vertex -1.0310224e-02 -6.8890710e-03 7.2000000e-02
  vertex -1.2865929e-02 -7.7115410e-03 7.2000000e-02
 endloop
endfacet
facet normal 0.000000e+00 0.000000e+00 -1.000000e+00
 outer loop
  vertex -1.2472044e-02 -8.3335530e-03 7.2000000e-02
  vertex -9.9597730e-03 -7.3866715e-03 7.2000000e-02
  vertex -1.2048113e-02 -8.9354900e-03 7.2000000e-02
 endloop
endfacet
facet normal 0.000000e+00 -0.000000e+00 -1.000000e+00
 outer loop
  vertex -1.0310224e-02 -6.8890710e-03 7.2000000e-02
  vertex -9.9597730e-03 -7.3866715e-03 7.2000000e-02
  vertex -1.2472044e-02 -8.3335530e-03 7.2000000e-02
 endloop
endfacet
facet normal 0.000000e+00 0.000000e+00 -1.000000e+00
 outer loop
  vertex -1.2048113e-02 -8.9354900e-03 7.2000000e-02
  vertex -9.5853290e-03 -7.8664765e-03 7.2000000e-02
  vertex -1.1595157e-02 -9.5159000e-03 7.2000000e-02
 endloop
endfacet
facet normal 0.000000e+00 -0.000000e+00 -1.000000e+00
 outer loop
  vertex -9.9597730e-03 -7.3866715e-03 7.2000000e-02
  vertex -9.5853290e-03 -7.8664765e-03 7.2000000e-02
  vertex -1.2048113e-02 -8.9354900e-03 7.2000000e-02
 endloop
endfacet
facet normal 0.000000e+00 0.000000e+00 -1.000000e+00
 outer loop
  vertex -1.1595157e-02 -9.5159000e-03 7.2000000e-02
  vertex -9.1877950e-03 -8.3273320e-03 7.2000000e-02
  vertex -1.1114266e-02 -1.0073384e-02 7.2000000e-02
 endloop
endfacet
facet normal 0.000000e+00 -0.000000e+00 -1.000000e+00
 outer loop
  vertex -9.5853290e-03 -7.8664765e-03 7.2000000e-02
  vertex -9.1877950e-03 -8.3273320e-03 7.2000000e-02
  vertex -1.1595157e-02 -9.5159000e-03 7.2000000e-02
 endloop
endfacet
facet normal 0.000000e+00 0.000000e+00 -1.000000e+00
 outer loop
  vertex -1.1114266e-02 -1.0073384e-02 7.2000000e-02
  vertex -8.7681250e-03 -8.7681250e-03 7.2000000e-02
  vertex -1.0606602e-02 -1.0606602e-02 7.2000000e-02
 endloop
endfacet
facet normal 0.000000e+00 -0.000000e+00 -1.000000e+00
 outer loop
  vertex -9.1877950e-03 -8.3273320e-03 7.2000000e-02
  vertex -8.7681250e-03 -8.7681250e-03 7.2000000e-02
  vertex -1.1114266e-02 -1.0073384e-02 7.2000000e-02
 endloop
endfacet
facet normal 0.000000e+00 0.000000e+00 -1.000000e+00
 outer loop
  vertex -1.0606602e-02 -1.0606602e-02 7.2000000e-02
  vertex -8.3273320e-03 -9.1877950e-03 7.2000000e-02
  vertex -1.0073384e-02 -1.1114266e-02 7.2000000e-02
 endloop
endfacet
facet normal 0.000000e+00 -0.000000e+00 -1.000000e+00
 outer loop
  vertex -8.7681250e-03 -8.7681250e-03 7.2000000e-02
  vertex -8.3273320e-03 -9.1877950e-03 7.2000000e-02
  vertex -1.0606602e-02 -1.0606602e-02 7.2000000e-02
 endloop
endfacet
facet normal 0.000000e+00 0.000000e+00 -1.000000e+00
 outer loop
  vertex -1.0073384e-02 -1.1114266e-02 7.2000000e-02
  vertex -7.8664765e-03 -9.5853290e-03 7.2000000e-02
  vertex -9.5159000e-03 -1.1595157e-02 7.2000000e-02
 endloop
endfacet
facet normal 0.000000e+00 -0.000000e+00 -1.000000e+00
 outer loop
  vertex -8.3273320e-03 -9.1877950e-03 7.2000000e-02
  vertex -7.8664765e-03 -9.5853290e-03 7.2000000e-02
  vertex -1.0073384e-02 -1.1114266e-02 7.2000000e-02
 endloop
endfacet
facet normal 0.000000e+00 0.000000e+00 -1.000000e+00
 outer loop
  vertex -9.5159000e-03 -1.1595157e-02 7.2000000e-02
  vertex -7.3866715e-03 -9.9597730e-03 7.2000000e-02
  vertex -8.9354900e-03 -1.2048113e-02 7.2000000e-02
 endloop
endfacet
facet normal 0.000000e+00 -0.000000e+00 -1.000000e+00
 outer loop
  vertex -7.8664765e-03 -9.5853290e-03 7.2000000e-02
  vertex -7.3866715e-03 -9.9597730e-03 7.2000000e-02
  vertex -9.5159000e-03 -1.1595157e-02 7.2000000e-02
 endloop
endfacet
facet normal 0.000000e+00 0.000000e+00 -1.000000e+00
 outer loop
  vertex -8.9354900e-03 -1.2048113e-02 7.2000000e-02
  vertex -6.8890710e-03 -1.0310224e-02 7.2000000e-02
  vertex -8.3335530e-03 -1.2472044e-02 7.2000000e-02
 endloop
endfacet
facet normal 0.000000e+00 -0.000000e+00 -1.000000e+00
 outer loop
  vertex -7.3866715e-03 -9.9597730e-03 7.2000000e-02
  vertex -6.8890710e-03 -1.0310224e-02 7.2000000e-02
  vertex -8.9354900e-03 -1.2048113e-02 7.2000000e-02
 endloop
endfacet
facet normal 0.000000e+00 0.000000e+00 -1.000000e+00
 outer loop
  vertex -8.3335530e-03 -1.2472044e-02 7.2000000e-02
  vertex -6.3748740e-03 -1.0635835e-02 7.2000000e-02
  vertex -7.7115410e-03 -1.2865929e-02 7.2000000e-02
 endloop
endfacet
facet normal 0.000000e+00 -0.000000e+00 -1.000000e+00
 outer loop
  vertex -6.8890710e-03 -1.0310224e-02 7.2000000e-02
  vertex -6.3748740e-03 -1.0635835e-02 7.2000000e-02
  vertex -8.3335530e-03 -1.2472044e-02 7.2000000e-02
 endloop
endfacet
facet normal 0.000000e+00 0.000000e+00 -1.000000e+00
 outer loop
  vertex -7.7115410e-03 -1.2865929e-02 7.2000000e-02
  vertex -5.8453193e-03 -1.0935823e-02 7.2000000e-02
  vertex -7.0709510e-03 -1.3228819e-02 7.2000000e-02
 endloop
endfacet
facet normal 0.000000e+00 -0.000000e+00 -1.000000e+00
 outer loop
  vertex -6.3748740e-03 -1.0635835e-02 7.2000000e-02
  vertex -5.8453193e-03 -1.0935823e-02 7.2000000e-02
  vertex -7.7115410e-03 -1.2865929e-02 7.2000000e-02
 endloop
endfacet
facet normal 0.000000e+00 0.000000e+00 -1.000000e+00
 outer loop
  vertex -7.0709510e-03 -1.3228819e-02 7.2000000e-02
  vertex -5.3016834e-03 -1.1209468e-02 7.2000000e-02
  vertex -6.4133267e-03 -1.3559839e-02 7.2000000e-02
 endloop
endfacet
facet normal 0.000000e+00 -0.000000e+00 -1.000000e+00
 outer loop
  vertex -5.8453193e-03 -1.0935823e-02 7.2000000e-02
  vertex -5.3016834e-03 -1.1209468e-02 7.2000000e-02
  vertex -7.0709510e-03 -1.3228819e-02 7.2000000e-02
 endloop
endfacet
facet normal 0.000000e+00 0.000000e+00 -1.000000e+00
 outer loop
  vertex -6.4133267e-03 -1.3559839e-02 7.2000000e-02
  vertex -4.7452745e-03 -1.1456106e-02 7.2000000e-02
  vertex -5.7402515e-03 -1.3858192e-02 7.2000000e-02
 endloop
endfacet
facet normal 0.000000e+00 -0.000000e+00 -1.000000e+00
 outer loop
  vertex -5.3016834e-03 -1.1209468e-02 7.2000000e-02
  vertex -4.7452745e-03 -1.1456106e-02 7.2000000e-02
  vertex -6.4133267e-03 -1.3559839e-02 7.2000000e-02
 endloop
endfacet
facet normal 0.000000e+00 0.000000e+00 -1.000000e+00
 outer loop
  vertex -5.7402515e-03 -1.3858192e-02 7.2000000e-02
  vertex -4.1774344e-03 -1.1675146e-02 7.2000000e-02
  vertex -5.0533480e-03 -1.4123161e-02 7.2000000e-02
 endloop
endfacet
facet normal 0.000000e+00 -0.000000e+00 -1.000000e+00
 outer loop
  vertex -4.7452745e-03 -1.1456106e-02 7.2000000e-02
  vertex -4.1774344e-03 -1.1675146e-02 7.2000000e-02
  vertex -5.7402515e-03 -1.3858192e-02 7.2000000e-02
 endloop
endfacet
facet normal 0.000000e+00 0.000000e+00 -1.000000e+00
 outer loop
  vertex -5.0533480e-03 -1.4123161e-02 7.2000000e-02
  vertex -3.5995300e-03 -1.1866060e-02 7.2000000e-02
  vertex -4.3542700e-03 -1.4354105e-02 7.2000000e-02
 endloop
endfacet
facet normal 0.000000e+00 -0.000000e+00 -1.000000e+00
 outer loop
  vertex -4.1774344e-03 -1.1675146e-02 7.2000000e-02
  vertex -3.5995300e-03 -1.1866060e-02 7.2000000e-02
  vertex -5.0533480e-03 -1.4123161e-02 7.2000000e-02
 endloop
endfacet
facet normal 0.000000e+00 0.000000e+00 -1.000000e+00
 outer loop
  vertex -4.3542700e-03 -1.4354105e-02 7.2000000e-02
  vertex -3.0129542e-03 -1.2028388e-02 7.2000000e-02
  vertex -3.6447027e-03 -1.4550468e-02 7.2000000e-02
 endloop
endfacet
facet normal 0.000000e+00 -0.000000e+00 -1.000000e+00
 outer loop
  vertex -3.5995300e-03 -1.1866060e-02 7.2000000e-02
  vertex -3.0129542e-03 -1.2028388e-02 7.2000000e-02
  vertex -4.3542700e-03 -1.4354105e-02 7.2000000e-02
 endloop
endfacet
facet normal 0.000000e+00 0.000000e+00 -1.000000e+00
 outer loop
  vertex -3.6447027e-03 -1.4550468e-02 7.2000000e-02
  vertex -2.4191198e-03 -1.2161737e-02 7.2000000e-02
  vertex -2.9263546e-03 -1.4711780e-02 7.2000000e-02
 endloop
endfacet
facet normal 0.000000e+00 -0.000000e+00 -1.000000e+00
 outer loop
  vertex -3.0129542e-03 -1.2028388e-02 7.2000000e-02
  vertex -2.4191198e-03 -1.2161737e-02 7.2000000e-02
  vertex -3.6447027e-03 -1.4550468e-02 7.2000000e-02
 endloop
endfacet
facet normal 0.000000e+00 0.000000e+00 -1.000000e+00
 outer loop
  vertex -2.9263546e-03 -1.4711780e-02 7.2000000e-02
  vertex -1.8194579e-03 -1.2265788e-02 7.2000000e-02
  vertex -2.2009570e-03 -1.4837647e-02 7.2000000e-02
 endloop
endfacet
facet normal 0.000000e+00 -0.000000e+00 -1.000000e+00
 outer loop
  vertex -2.4191198e-03 -1.2161737e-02 7.2000000e-02
  vertex -1.8194579e-03 -1.2265788e-02 7.2000000e-02
  vertex -2.9263546e-03 -1.4711780e-02 7.2000000e-02
 endloop
endfacet
facet normal 0.000000e+00 0.000000e+00 -1.000000e+00
 outer loop
  vertex -2.2009570e-03 -1.4837647e-02 7.2000000e-02
  vertex -1.2154125e-03 -1.2340290e-02 7.2000000e-02
  vertex -1.4702570e-03 -1.4927771e-02 7.2000000e-02
 endloop
endfacet
facet normal 0.000000e+00 -0.000000e+00 -1.000000e+00
 outer loop
  vertex -1.8194579e-03 -1.2265788e-02 7.2000000e-02
  vertex -1.2154125e-03 -1.2340290e-02 7.2000000e-02
  vertex -2.2009570e-03 -1.4837647e-02 7.2000000e-02
 endloop
endfacet
facet normal 0.000000e+00 0.000000e+00 -1.000000e+00
 outer loop
  vertex -1.4702570e-03 -1.4927771e-02 7.2000000e-02
  vertex -6.0843915e-04 -1.2385064e-02 7.2000000e-02
  vertex -7.3601510e-04 -1.4981932e-02 7.2000000e-02
 endloop
endfacet
facet normal 0.000000e+00 -0.000000e+00 -1.000000e+00
 outer loop
  vertex -1.2154125e-03 -1.2340290e-02 7.2000000e-02
  vertex -6.0843915e-04 -1.2385064e-02 7.2000000e-02
  vertex -1.4702570e-03 -1.4927771e-02 7.2000000e-02
 endloop
endfacet
facet normal 0.000000e+00 0.000000e+00 -1.000000e+00
 outer loop
  vertex -7.3601510e-04 -1.4981932e-02 7.2000000e-02
  vertex 0.0000000e+00 -1.2400001e-02 7.2000000e-02
  vertex -9.1848520e-19 -1.5000000e-02 7.2000000e-02
 endloop
endfacet
facet normal 0.000000e+00 -0.000000e+00 -1.000000e+00
 outer loop
  vertex -6.0843915e-04 -1.2385064e-02 7.2000000e-02
  vertex 0.0000000e+00 -1.2400001e-02 7.2000000e-02
  vertex -7.3601510e-04 -1.4981932e-02 7.2000000e-02
 endloop
endfacet
facet normal 0.000000e+00 0.000000e+00 -1.000000e+00
 outer loop
  vertex -9.1848520e-19 -1.5000000e-02 7.2000000e-02
  vertex 6.0843915e-04 -1.2385064e-02 7.2000000e-02
  vertex 7.3601510e-04 -1.4981932e-02 7.2000000e-02
 endloop
endfacet
facet normal 0.000000e+00 -0.000000e+00 -1.000000e+00
 outer loop
  vertex 0.0000000e+00 -1.2400001e-02 7.2000000e-02
  vertex 6.0843915e-04 -1.2385064e-02 7.2000000e-02
  vertex -9.1848520e-19 -1.5000000e-02 7.2000000e-02
 endloop
endfacet
facet normal 0.000000e+00 0.000000e+00 -1.000000e+00
 outer loop
  vertex 7.3601510e-04 -1.4981932e-02 7.2000000e-02
  vertex 1.2154125e-03 -1.2340290e-02 7.2000000e-02
  vertex 1.4702570e-03 -1.4927771e-02 7.2000000e-02
 endloop
endfacet
facet normal 0.000000e+00 0.000000e+00 -1.000000e+00
 outer loop
  vertex 6.0843915e-04 -1.2385064e-02 7.2000000e-02
  vertex 1.2154125e-03 -1.2340290e-02 7.2000000e-02
  vertex 7.3601510e-04 -1.4981932e-02 7.2000000e-02
 endloop
endfacet
facet normal 0.000000e+00 0.000000e+00 -1.000000e+00
 outer loop
  vertex 1.4702570e-03 -1.4927771e-02 7.2000000e-02
  vertex 1.8194579e-03 -1.2265788e-02 7.2000000e-02
  vertex 2.2009570e-03 -1.4837647e-02 7.2000000e-02
 endloop
endfacet
facet normal 0.000000e+00 0.000000e+00 -1.000000e+00
 outer loop
  vertex 1.2154125e-03 -1.2340290e-02 7.2000000e-02
  vertex 1.8194579e-03 -1.2265788e-02 7.2000000e-02
  vertex 1.4702570e-03 -1.4927771e-02 7.2000000e-02
 endloop
endfacet
facet normal 0.000000e+00 0.000000e+00 -1.000000e+00
 outer loop
  vertex 2.2009570e-03 -1.4837647e-02 7.2000000e-02
  vertex 2.4191198e-03 -1.2161737e-02 7.2000000e-02
  vertex 2.9263546e-03 -1.4711780e-02 7.2000000e-02
 endloop
endfacet
facet normal 0.000000e+00 0.000000e+00 -1.000000e+00
 outer loop
  vertex 1.8194579e-03 -1.2265788e-02 7.2000000e-02
  vertex 2.4191198e-03 -1.2161737e-02 7.2000000e-02
  vertex 2.2009570e-03 -1.4837647e-02 7.2000000e-02
 endloop
endfacet
facet normal 0.000000e+00 0.000000e+00 -1.000000e+00
 outer loop
  vertex 2.9263546e-03 -1.4711780e-02 7.2000000e-02
  vertex 3.0129542e-03 -1.2028388e-02 7.2000000e-02
  vertex 3.6447027e-03 -1.4550468e-02 7.2000000e-02
 endloop
endfacet
facet normal 0.000000e+00 0.000000e+00 -1.000000e+00
 outer loop
  vertex 2.4191198e-03 -1.2161737e-02 7.2000000e-02
  vertex 3.0129542e-03 -1.2028388e-02 7.2000000e-02
  vertex 2.9263546e-03 -1.4711780e-02 7.2000000e-02
 endloop
endfacet
facet normal 0.000000e+00 0.000000e+00 -1.000000e+00
 outer loop
  vertex 3.6447027e-03 -1.4550468e-02 7.2000000e-02
  vertex 3.5995300e-03 -1.1866060e-02 7.2000000e-02
  vertex 4.3542700e-03 -1.4354105e-02 7.2000000e-02
 endloop
endfacet
facet normal 0.000000e+00 0.000000e+00 -1.000000e+00
 outer loop
  vertex 3.0129542e-03 -1.2028388e-02 7.2000000e-02
  vertex 3.5995300e-03 -1.1866060e-02 7.2000000e-02
  vertex 3.6447027e-03 -1.4550468e-02 7.2000000e-02
 endloop
endfacet
facet normal 0.000000e+00 0.000000e+00 -1.000000e+00
 outer loop
  vertex 4.3542700e-03 -1.4354105e-02 7.2000000e-02
  vertex 4.1774344e-03 -1.1675146e-02 7.2000000e-02
  vertex 5.0533480e-03 -1.4123161e-02 7.2000000e-02
 endloop
endfacet
facet normal 0.000000e+00 0.000000e+00 -1.000000e+00
 outer loop
  vertex 3.5995300e-03 -1.1866060e-02 7.2000000e-02
  vertex 4.1774344e-03 -1.1675146e-02 7.2000000e-02
  vertex 4.3542700e-03 -1.4354105e-02 7.2000000e-02
 endloop
endfacet
facet normal 0.000000e+00 0.000000e+00 -1.000000e+00
 outer loop
  vertex 5.0533480e-03 -1.4123161e-02 7.2000000e-02
  vertex 4.7452745e-03 -1.1456106e-02 7.2000000e-02
  vertex 5.7402515e-03 -1.3858192e-02 7.2000000e-02
 endloop
endfacet
facet normal 0.000000e+00 0.000000e+00 -1.000000e+00
 outer loop
  vertex 4.1774344e-03 -1.1675146e-02 7.2000000e-02
  vertex 4.7452745e-03 -1.1456106e-02 7.2000000e-02
  vertex 5.0533480e-03 -1.4123161e-02 7.2000000e-02
 endloop
endfacet
facet normal 0.000000e+00 0.000000e+00 -1.000000e+00
 outer loop
  vertex 5.7402515e-03 -1.3858192e-02 7.2000000e-02
  vertex 5.3016834e-03 -1.1209468e-02 7.2000000e-02
  vertex 6.4133267e-03 -1.3559839e-02 7.2000000e-02
 endloop
endfacet
facet normal 0.000000e+00 0.000000e+00 -1.000000e+00
 outer loop
  vertex 4.7452745e-03 -1.1456106e-02 7.2000000e-02
  vertex 5.3016834e-03 -1.1209468e-02 7.2000000e-02
  vertex 5.7402515e-03 -1.3858192e-02 7.2000000e-02
 endloop
endfacet
facet normal 0.000000e+00 0.000000e+00 -1.000000e+00
 outer loop
  vertex 6.4133267e-03 -1.3559839e-02 7.2000000e-02
  vertex 5.8453193e-03 -1.0935823e-02 7.2000000e-02
  vertex 7.0709510e-03 -1.3228819e-02 7.2000000e-02
 endloop
endfacet
facet normal 0.000000e+00 0.000000e+00 -1.000000e+00
 outer loop
  vertex 5.3016834e-03 -1.1209468e-02 7.2000000e-02
  vertex 5.8453193e-03 -1.0935823e-02 7.2000000e-02
  vertex 6.4133267e-03 -1.3559839e-02 7.2000000e-02
 endloop
endfacet
facet normal 0.000000e+00 0.000000e+00 -1.000000e+00
 outer loop
  vertex 7.0709510e-03 -1.3228819e-02 7.2000000e-02
  vertex 6.3748740e-03 -1.0635835e-02 7.2000000e-02
  vertex 7.7115410e-03 -1.2865929e-02 7.2000000e-02
 endloop
endfacet
facet normal 0.000000e+00 0.000000e+00 -1.000000e+00
 outer loop
  vertex 5.8453193e-03 -1.0935823e-02 7.2000000e-02
  vertex 6.3748740e-03 -1.0635835e-02 7.2000000e-02
  vertex 7.0709510e-03 -1.3228819e-02 7.2000000e-02
 endloop
endfacet
facet normal 0.000000e+00 0.000000e+00 -1.000000e+00
 outer loop
  vertex 7.7115410e-03 -1.2865929e-02 7.2000000e-02
  vertex 6.8890710e-03 -1.0310224e-02 7.2000000e-02
  vertex 8.3335530e-03 -1.2472044e-02 7.2000000e-02
 endloop
endfacet
facet normal 0.000000e+00 0.000000e+00 -1.000000e+00
 outer loop
  vertex 6.3748740e-03 -1.0635835e-02 7.2000000e-02
  vertex 6.8890710e-03 -1.0310224e-02 7.2000000e-02
  vertex 7.7115410e-03 -1.2865929e-02 7.2000000e-02
 endloop
endfacet
facet normal 0.000000e+00 0.000000e+00 -1.000000e+00
 outer loop
  vertex 8.3335530e-03 -1.2472044e-02 7.2000000e-02
  vertex 7.3866715e-03 -9.9597730e-03 7.2000000e-02
  vertex 8.9354900e-03 -1.2048113e-02 7.2000000e-02
 endloop
endfacet
facet normal 0.000000e+00 0.000000e+00 -1.000000e+00
 outer loop
  vertex 6.8890710e-03 -1.0310224e-02 7.2000000e-02
  vertex 7.3866715e-03 -9.9597730e-03 7.2000000e-02
  vertex 8.3335530e-03 -1.2472044e-02 7.2000000e-02
 endloop
endfacet
facet normal 0.000000e+00 0.000000e+00 -1.000000e+00
 outer loop
  vertex 8.9354900e-03 -1.2048113e-02 7.2000000e-02
  vertex 7.8664765e-03 -9.5853290e-03 7.2000000e-02
  vertex 9.5159000e-03 -1.1595157e-02 7.2000000e-02
 endloop
endfacet
facet normal 0.000000e+00 0.000000e+00 -1.000000e+00
 outer loop
  vertex 7.3866715e-03 -9.9597730e-03 7.2000000e-02
  vertex 7.8664765e-03 -9.5853290e-03 7.2000000e-02
  vertex 8.9354900e-03 -1.2048113e-02 7.2000000e-02
 endloop
endfacet
facet normal 0.000000e+00 0.000000e+00 -1.000000e+00
 outer loop
  vertex 9.5159000e-03 -1.1595157e-02 7.2000000e-02
  vertex 8.3273320e-03 -9.1877950e-03 7.2000000e-02
  vertex 1.0073384e-02 -1.1114266e-02 7.2000000e-02
 endloop
endfacet
facet normal 0.000000e+00 0.000000e+00 -1.000000e+00
 outer loop
  vertex 7.8664765e-03 -9.5853290e-03 7.2000000e-02
  vertex 8.3273320e-03 -9.1877950e-03 7.2000000e-02
  vertex 9.5159000e-03 -1.1595157e-02 7.2000000e-02
 endloop
endfacet
facet normal 0.000000e+00 0.000000e+00 -1.000000e+00
 outer loop
  vertex 1.0073384e-02 -1.1114266e-02 7.2000000e-02
  vertex 8.7681250e-03 -8.7681250e-03 7.2000000e-02
  vertex 1.0606602e-02 -1.0606602e-02 7.2000000e-02
 endloop
endfacet
facet normal 0.000000e+00 0.000000e+00 -1.000000e+00
 outer loop
  vertex 8.3273320e-03 -9.1877950e-03 7.2000000e-02
  vertex 8.7681250e-03 -8.7681250e-03 7.2000000e-02
  vertex 1.0073384e-02 -1.1114266e-02 7.2000000e-02
 endloop
endfacet
facet normal 0.000000e+00 0.000000e+00 -1.000000e+00
 outer loop
  vertex 1.0606602e-02 -1.0606602e-02 7.2000000e-02
  vertex 9.1877950e-03 -8.3273320e-03 7.2000000e-02
  vertex 1.1114266e-02 -1.0073384e-02 7.2000000e-02
 endloop
endfacet
facet normal 0.000000e+00 0.000000e+00 -1.000000e+00
 outer loop
  vertex 8.7681250e-03 -8.7681250e-03 7.2000000e-02
  vertex 9.1877950e-03 -8.3273320e-03 7.2000000e-02
  vertex 1.0606602e-02 -1.0606602e-02 7.2000000e-02
 endloop
endfacet
facet normal 0.000000e+00 0.000000e+00 -1.000000e+00
 outer loop
  vertex 1.1114266e-02 -1.0073384e-02 7.2000000e-02
  vertex 9.5853290e-03 -7.8664765e-03 7.2000000e-02
  vertex 1.1595157e-02 -9.5159000e-03 7.2000000e-02
 endloop
endfacet
facet normal 0.000000e+00 0.000000e+00 -1.000000e+00
 outer loop
  vertex 9.1877950e-03 -8.3273320e-03 7.2000000e-02
  vertex 9.5853290e-03 -7.8664765e-03 7.2000000e-02
  vertex 1.1114266e-02 -1.0073384e-02 7.2000000e-02
 endloop
endfacet
facet normal 0.000000e+00 0.000000e+00 -1.000000e+00
 outer loop
  vertex 1.1595157e-02 -9.5159000e-03 7.2000000e-02
  vertex 9.9597730e-03 -7.3866715e-03 7.2000000e-02
  vertex 1.2048113e-02 -8.9354900e-03 7.2000000e-02
 endloop
endfacet
facet normal 0.000000e+00 0.000000e+00 -1.000000e+00
 outer loop
  vertex 9.5853290e-03 -7.8664765e-03 7.2000000e-02
  vertex 9.9597730e-03 -7.3866715e-03 7.2000000e-02
  vertex 1.1595157e-02 -9.5159000e-03 7.2000000e-02
 endloop
endfacet
facet normal 0.000000e+00 0.000000e+00 -1.000000e+00
 outer loop
  vertex 1.2048113e-02 -8.9354900e-03 7.2000000e-02
  vertex 1.0310224e-02 -6.8890710e-03 7.2000000e-02
  vertex 1.2472044e-02 -8.3335530e-03 7.2000000e-02
 endloop
endfacet
facet normal 0.000000e+00 0.000000e+00 -1.000000e+00
 outer loop
  vertex 9.9597730e-03 -7.3866715e-03 7.2000000e-02
  vertex 1.0310224e-02 -6.8890710e-03 7.2000000e-02
  vertex 1.2048113e-02 -8.9354900e-03 7.2000000e-02
 endloop
endfacet
facet normal 0.000000e+00 0.000000e+00 -1.000000e+00
 outer loop
  vertex 1.2472044e-02 -8.3335530e-03 7.2000000e-02
  vertex 1.0635835e-02 -6.3748740e-03 7.2000000e-02
  vertex 1.2865929e-02 -7.7115410e-03 7.2000000e-02
 endloop
endfacet
facet normal 0.000000e+00 0.000000e+00 -1.000000e+00
 outer loop
  vertex 1.0310224e-02 -6.8890710e-03 7.2000000e-02
  vertex 1.0635835e-02 -6.3748740e-03 7.2000000e-02
  vertex 1.2472044e-02 -8.3335530e-03 7.2000000e-02
 endloop
endfacet
facet normal 0.000000e+00 0.000000e+00 -1.000000e+00
 outer loop
  vertex 1.2865929e-02 -7.7115410e-03 7.2000000e-02
  vertex 1.0935823e-02 -5.8453193e-03 7.2000000e-02
  vertex 1.3228819e-02 -7.0709510e-03 7.2000000e-02
 endloop
endfacet
facet normal 0.000000e+00 0.000000e+00 -1.000000e+00
 outer loop
  vertex 1.0635835e-02 -6.3748740e-03 7.2000000e-02
  vertex 1.0935823e-02 -5.8453193e-03 7.2000000e-02
  vertex 1.2865929e-02 -7.7115410e-03 7.2000000e-02
 endloop
endfacet
facet normal 0.000000e+00 0.000000e+00 -1.000000e+00
 outer loop
  vertex 1.3228819e-02 -7.0709510e-03 7.2000000e-02
  vertex 1.1209468e-02 -5.3016834e-03 7.2000000e-02
  vertex 1.3559839e-02 -6.4133267e-03 7.2000000e-02
 endloop
endfacet
facet normal 0.000000e+00 0.000000e+00 -1.000000e+00
 outer loop
  vertex 1.0935823e-02 -5.8453193e-03 7.2000000e-02
  vertex 1.1209468e-02 -5.3016834e-03 7.2000000e-02
  vertex 1.3228819e-02 -7.0709510e-03 7.2000000e-02
 endloop
endfacet
facet normal 0.000000e+00 0.000000e+00 -1.000000e+00
 outer loop
  vertex 1.3559839e-02 -6.4133267e-03 7.2000000e-02
  vertex 1.1456106e-02 -4.7452745e-03 7.2000000e-02
  vertex 1.3858192e-02 -5.7402515e-03 7.2000000e-02
 endloop
endfacet
facet normal 0.000000e+00 0.000000e+00 -1.000000e+00
 outer loop
  vertex 1.1209468e-02 -5.3016834e-03 7.2000000e-02
  vertex 1.1456106e-02 -4.7452745e-03 7.2000000e-02
  vertex 1.3559839e-02 -6.4133267e-03 7.2000000e-02
 endloop
endfacet
facet normal 0.000000e+00 0.000000e+00 -1.000000e+00
 outer loop
  vertex 1.3858192e-02 -5.7402515e-03 7.2000000e-02
  vertex 1.1675146e-02 -4.1774344e-03 7.2000000e-02
  vertex 1.4123161e-02 -5.0533480e-03 7.2000000e-02
 endloop
endfacet
facet normal 0.000000e+00 0.000000e+00 -1.000000e+00
 outer loop
  vertex 1.1456106e-02 -4.7452745e-03 7.2000000e-02
  vertex 1.1675146e-02 -4.1774344e-03 7.2000000e-02
  vertex 1.3858192e-02 -5.7402515e-03 7.2000000e-02
 endloop
endfacet
facet normal 0.000000e+00 0.000000e+00 -1.000000e+00
 outer loop
  vertex 1.4123161e-02 -5.0533480e-03 7.2000000e-02
  vertex 1.1866060e-02 -3.5995300e-03 7.2000000e-02
  vertex 1.4354105e-02 -4.3542700e-03 7.2000000e-02
 endloop
endfacet
facet normal 0.000000e+00 0.000000e+00 -1.000000e+00
 outer loop
  vertex 1.1675146e-02 -4.1774344e-03 7.2000000e-02
  vertex 1.1866060e-02 -3.5995300e-03 7.2000000e-02
  vertex 1.4123161e-02 -5.0533480e-03 7.2000000e-02
 endloop
endfacet
facet normal 0.000000e+00 0.000000e+00 -1.000000e+00
 outer loop
  vertex 1.4354105e-02 -4.3542700e-03 7.2000000e-02
  vertex 1.2028388e-02 -3.0129542e-03 7.2000000e-02
  vertex 1.4550468e-02 -3.6447027e-03 7.2000000e-02
 endloop
endfacet
facet normal 0.000000e+00 0.000000e+00 -1.000000e+00
 outer loop
  vertex 1.1866060e-02 -3.5995300e-03 7.2000000e-02
  vertex 1.2028388e-02 -3.0129542e-03 7.2000000e-02
  vertex 1.4354105e-02 -4.3542700e-03 7.2000000e-02
 endloop
endfacet
facet normal 0.000000e+00 0.000000e+00 -1.000000e+00
 outer loop
  vertex 1.4550468e-02 -3.6447027e-03 7.2000000e-02
  vertex 1.2161737e-02 -2.4191198e-03 7.2000000e-02
  vertex 1.4711780e-02 -2.9263546e-03 7.2000000e-02
 endloop
endfacet
facet normal 0.000000e+00 0.000000e+00 -1.000000e+00
 outer loop
  vertex 1.2028388e-02 -3.0129542e-03 7.2000000e-02
  vertex 1.2161737e-02 -2.4191198e-03 7.2000000e-02
  vertex 1.4550468e-02 -3.6447027e-03 7.2000000e-02
 endloop
endfacet
facet normal 0.000000e+00 0.000000e+00 -1.000000e+00
 outer loop
  vertex 1.4711780e-02 -2.9263546e-03 7.2000000e-02
  vertex 1.2265788e-02 -1.8194579e-03 7.2000000e-02
  vertex 1.4837647e-02 -2.2009570e-03 7.2000000e-02
 endloop
endfacet
facet normal 0.000000e+00 0.000000e+00 -1.000000e+00
 outer loop
  vertex 1.2161737e-02 -2.4191198e-03 7.2000000e-02
  vertex 1.2265788e-02 -1.8194579e-03 7.2000000e-02
  vertex 1.4711780e-02 -2.9263546e-03 7.2000000e-02
 endloop
endfacet
facet normal 0.000000e+00 0.000000e+00 -1.000000e+00
 outer loop
  vertex 1.4837647e-02 -2.2009570e-03 7.2000000e-02
  vertex 1.2340290e-02 -1.2154125e-03 7.2000000e-02
  vertex 1.4927771e-02 -1.4702570e-03 7.2000000e-02
 endloop
endfacet
facet normal 0.000000e+00 0.000000e+00 -1.000000e+00
 outer loop
  vertex 1.2265788e-02 -1.8194579e-03 7.2000000e-02
  vertex 1.2340290e-02 -1.2154125e-03 7.2000000e-02
  vertex 1.4837647e-02 -2.2009570e-03 7.2000000e-02
 endloop
endfacet
facet normal 0.000000e+00 0.000000e+00 -1.000000e+00
 outer loop
  vertex 1.4927771e-02 -1.4702570e-03 7.2000000e-02
  vertex 1.2385064e-02 -6.0843915e-04 7.2000000e-02
  vertex 1.4981932e-02 -7.3601510e-04 7.2000000e-02
 endloop
endfacet
facet normal 0.000000e+00 0.000000e+00 -1.000000e+00
 outer loop
  vertex 1.2340290e-02 -1.2154125e-03 7.2000000e-02
  vertex 1.2385064e-02 -6.0843915e-04 7.2000000e-02
  vertex 1.4927771e-02 -1.4702570e-03 7.2000000e-02
 endloop
endfacet
facet normal 0.000000e+00 0.000000e+00 -1.000000e+00
 outer loop
  vertex 1.4981932e-02 -7.3601510e-04 7.2000000e-02
  vertex 1.2400001e-02 -0.0000000e+00 7.2000000e-02
  vertex 1.5000000e-02 -0.0000000e+00 7.2000000e-02
 endloop
endfacet
facet normal 0.000000e+00 0.000000e+00 -1.000000e+00
 outer loop
  vertex 1.2385064e-02 -6.0843915e-04 7.2000000e-02
  vertex 1.2400001e-02 -0.0000000e+00 7.2000000e-02
  vertex 1.4981932e-02 -7.3601510e-04 7.2000000e-02
 endloop
endfacet
facet normal 0.000000e+00 0.000000e+00 -1.000000e+00
 outer loop
  vertex 1.5000000e-02 -0.0000000e+00 7.2000000e-02
  vertex 1.2385064e-02 6.0843915e-04 7.2000000e-02
  vertex 1.4981932e-02 7.3601510e-04 7.2000000e-02
 endloop
endfacet
facet normal 0.000000e+00 0.000000e+00 -1.000000e+00
 outer loop
  vertex 1.2400001e-02 -0.0000000e+00 7.2000000e-02
  vertex 1.2385064e-02 6.0843915e-04 7.2000000e-02
  vertex 1.5000000e-02 -0.0000000e+00 7.2000000e-02
 endloop
endfacet
facet normal 0.000000e+00 0.000000e+00 -1.000000e+00
 outer loop
  vertex 1.4981932e-02 7.3601510e-04 7.2000000e-02
  vertex 1.2340290e-02 1.2154125e-03 7.2000000e-02
  vertex 1.4927771e-02 1.4702570e-03 7.2000000e-02
 endloop
endfacet
facet normal 0.000000e+00 0.000000e+00 -1.000000e+00
 outer loop
  vertex 1.2385064e-02 6.0843915e-04 7.2000000e-02
  vertex 1.2340290e-02 1.2154125e-03 7.2000000e-02
  vertex 1.4981932e-02 7.3601510e-04 7.2000000e-02
 endloop
endfacet
facet normal 0.000000e+00 0.000000e+00 -1.000000e+00
 outer loop
  vertex 1.4927771e-02 1.4702570e-03 7.2000000e-02
  vertex 1.2265788e-02 1.8194579e-03 7.2000000e-02
  vertex 1.4837647e-02 2.2009570e-03 7.2000000e-02
 endloop
endfacet
facet normal 0.000000e+00 0.000000e+00 -1.000000e+00
 outer loop
  vertex 1.2340290e-02 1.2154125e-03 7.2000000e-02
  vertex 1.2265788e-02 1.8194579e-03 7.2000000e-02
  vertex 1.4927771e-02 1.4702570e-03 7.2000000e-02
 endloop
endfacet
facet normal 0.000000e+00 0.000000e+00 -1.000000e+00
 outer loop
  vertex 1.4837647e-02 2.2009570e-03 7.2000000e-02
  vertex 1.2161737e-02 2.4191198e-03 7.2000000e-02
  vertex 1.4711780e-02 2.9263546e-03 7.2000000e-02
 endloop
endfacet
facet normal 0.000000e+00 0.000000e+00 -1.000000e+00
 outer loop
  vertex 1.2265788e-02 1.8194579e-03 7.2000000e-02
  vertex 1.2161737e-02 2.4191198e-03 7.2000000e-02
  vertex 1.4837647e-02 2.2009570e-03 7.2000000e-02
 endloop
endfacet
facet normal 0.000000e+00 0.000000e+00 -1.000000e+00
 outer loop
  vertex 1.4711780e-02 2.9263546e-03 7.2000000e-02
  vertex 1.2028388e-02 3.0129542e-03 7.2000000e-02
  vertex 1.4550468e-02 3.6447027e-03 7.2000000e-02
 endloop
endfacet
facet normal 0.000000e+00 0.000000e+00 -1.000000e+00
 outer loop
  vertex 1.2161737e-02 2.4191198e-03 7.2000000e-02
  vertex 1.2028388e-02 3.0129542e-03 7.2000000e-02
  vertex 1.4711780e-02 2.9263546e-03 7.2000000e-02
 endloop
endfacet
facet normal -0.000000e+00 0.000000e+00 -1.000000e+00
 outer loop
  vertex 1.4550468e-02 3.6447027e-03 7.2000000e-02
  vertex 1.1866060e-02 3.5995300e-03 7.2000000e-02
  vertex 1.4354105e-02 4.3542700e-03 7.2000000e-02
 endloop
endfacet
facet normal 0.000000e+00 0.000000e+00 -1.000000e+00
 outer loop
  vertex 1.2028388e-02 3.0129542e-03 7.2000000e-02
  vertex 1.1866060e-02 3.5995300e-03 7.2000000e-02
  vertex 1.4550468e-02 3.6447027e-03 7.2000000e-02
 endloop
endfacet
facet normal -0.000000e+00 0.000000e+00 -1.000000e+00
 outer loop
  vertex 1.4354105e-02 4.3542700e-03 7.2000000e-02
  vertex 1.1675146e-02 4.1774344e-03 7.2000000e-02
  vertex 1.4123161e-02 5.0533480e-03 7.2000000e-02
 endloop
endfacet
facet normal 0.000000e+00 0.000000e+00 -1.000000e+00
 outer loop
  vertex 1.1866060e-02 3.5995300e-03 7.2000000e-02
  vertex 1.1675146e-02 4.1774344e-03 7.2000000e-02
  vertex 1.4354105e-02 4.3542700e-03 7.2000000e-02
 endloop
endfacet
facet normal -0.000000e+00 0.000000e+00 -1.000000e+00
 outer loop
  vertex 1.4123161e-02 5.0533480e-03 7.2000000e-02
  vertex 1.1456106e-02 4.7452745e-03 7.2000000e-02
  vertex 1.3858192e-02 5.7402515e-03 7.2000000e-02
 endloop
endfacet
facet normal 0.000000e+00 0.000000e+00 -1.000000e+00
 outer loop
  vertex 1.1675146e-02 4.1774344e-03 7.2000000e-02
  vertex 1.1456106e-02 4.7452745e-03 7.2000000e-02
  vertex 1.4123161e-02 5.0533480e-03 7.2000000e-02
 endloop
endfacet
facet normal -0.000000e+00 0.000000e+00 -1.000000e+00
 outer loop
  vertex 1.3858192e-02 5.7402515e-03 7.2000000e-02
  vertex 1.1209468e-02 5.3016834e-03 7.2000000e-02
  vertex 1.3559839e-02 6.4133267e-03 7.2000000e-02
 endloop
endfacet
facet normal 0.000000e+00 0.000000e+00 -1.000000e+00
 outer loop
  vertex 1.1456106e-02 4.7452745e-03 7.2000000e-02
  vertex 1.1209468e-02 5.3016834e-03 7.2000000e-02
  vertex 1.3858192e-02 5.7402515e-03 7.2000000e-02
 endloop
endfacet
facet normal -0.000000e+00 0.000000e+00 -1.000000e+00
 outer loop
  vertex 1.3559839e-02 6.4133267e-03 7.2000000e-02
  vertex 1.0935823e-02 5.8453193e-03 7.2000000e-02
  vertex 1.3228819e-02 7.0709510e-03 7.2000000e-02
 endloop
endfacet
facet normal 0.000000e+00 0.000000e+00 -1.000000e+00
 outer loop
  vertex 1.1209468e-02 5.3016834e-03 7.2000000e-02
  vertex 1.0935823e-02 5.8453193e-03 7.2000000e-02
  vertex 1.3559839e-02 6.4133267e-03 7.2000000e-02
 endloop
endfacet
facet normal -0.000000e+00 0.000000e+00 -1.000000e+00
 outer loop
  vertex 1.3228819e-02 7.0709510e-03 7.2000000e-02
  vertex 1.0635835e-02 6.3748740e-03 7.2000000e-02
  vertex 1.2865929e-02 7.7115410e-03 7.2000000e-02
 endloop
endfacet
facet normal 0.000000e+00 0.000000e+00 -1.000000e+00
 outer loop
  vertex 1.0935823e-02 5.8453193e-03 7.2000000e-02
  vertex 1.0635835e-02 6.3748740e-03 7.2000000e-02
  vertex 1.3228819e-02 7.0709510e-03 7.2000000e-02
 endloop
endfacet
facet normal -0.000000e+00 0.000000e+00 -1.000000e+00
 outer loop
  vertex 1.2865929e-02 7.7115410e-03 7.2000000e-02
  vertex 1.0310224e-02 6.8890710e-03 7.2000000e-02
  vertex 1.2472044e-02 8.3335530e-03 7.2000000e-02
 endloop
endfacet
facet normal 0.000000e+00 0.000000e+00 -1.000000e+00
 outer loop
  vertex 1.0635835e-02 6.3748740e-03 7.2000000e-02
  vertex 1.0310224e-02 6.8890710e-03 7.2000000e-02
  vertex 1.2865929e-02 7.7115410e-03 7.2000000e-02
 endloop
endfacet
facet normal -0.000000e+00 0.000000e+00 -1.000000e+00
 outer loop
  vertex 1.2472044e-02 8.3335530e-03 7.2000000e-02
  vertex 9.9597730e-03 7.3866715e-03 7.2000000e-02
  vertex 1.2048113e-02 8.9354900e-03 7.2000000e-02
 endloop
endfacet
facet normal 0.000000e+00 0.000000e+00 -1.000000e+00
 outer loop
  vertex 1.0310224e-02 6.8890710e-03 7.2000000e-02
  vertex 9.9597730e-03 7.3866715e-03 7.2000000e-02
  vertex 1.2472044e-02 8.3335530e-03 7.2000000e-02
 endloop
endfacet
facet normal -0.000000e+00 0.000000e+00 -1.000000e+00
 outer loop
  vertex 1.2048113e-02 8.9354900e-03 7.2000000e-02
  vertex 9.5853290e-03 7.8664765e-03 7.2000000e-02
  vertex 1.1595157e-02 9.5159000e-03 7.2000000e-02
 endloop
endfacet
facet normal 0.000000e+00 0.000000e+00 -1.000000e+00
 outer loop
  vertex 9.9597730e-03 7.3866715e-03 7.2000000e-02
  vertex 9.5853290e-03 7.8664765e-03 7.2000000e-02
  vertex 1.2048113e-02 8.9354900e-03 7.2000000e-02
 endloop
endfacet
facet normal -0.000000e+00 0.000000e+00 -1.000000e+00
 outer loop
  vertex 1.1595157e-02 9.5159000e-03 7.2000000e-02
  vertex 9.1877950e-03 8.3273320e-03 7.2000000e-02
  vertex 1.1114266e-02 1.0073384e-02 7.2000000e-02
 endloop
endfacet
facet normal 0.000000e+00 0.000000e+00 -1.000000e+00
 outer loop
  vertex 9.5853290e-03 7.8664765e-03 7.2000000e-02
  vertex 9.1877950e-03 8.3273320e-03 7.2000000e-02
  vertex 1.1595157e-02 9.5159000e-03 7.2000000e-02
 endloop
endfacet
facet normal -0.000000e+00 0.000000e+00 -1.000000e+00
 outer loop
  vertex 1.1114266e-02 1.0073384e-02 7.2000000e-02
  vertex 8.7681250e-03 8.7681250e-03 7.2000000e-02
  vertex 1.0606602e-02 1.0606602e-02 7.2000000e-02
 endloop
endfacet
facet normal 0.000000e+00 0.000000e+00 -1.000000e+00
 outer loop
  vertex 9.1877950e-03 8.3273320e-03 7.2000000e-02
  vertex 8.7681250e-03 8.7681250e-03 7.2000000e-02
  vertex 1.1114266e-02 1.0073384e-02 7.2000000e-02
 endloop
endfacet
facet normal -0.000000e+00 0.000000e+00 -1.000000e+00
 outer loop
  vertex 1.0606602e-02 1.0606602e-02 7.2000000e-02
  vertex 8.3273320e-03 9.1877950e-03 7.2000000e-02
  vertex 1.0073384e-02 1.1114266e-02 7.2000000e-02
 endloop
endfacet
facet normal 0.000000e+00 0.000000e+00 -1.000000e+00
 outer loop
  vertex 8.7681250e-03 8.7681250e-03 7.2000000e-02
  vertex 8.3273320e-03 9.1877950e-03 7.2000000e-02
  vertex 1.0606602e-02 1.0606602e-02 7.2000000e-02
 endloop
endfacet
facet normal -0.000000e+00 0.000000e+00 -1.000000e+00
 outer loop
  vertex 1.0073384e-02 1.1114266e-02 7.2000000e-02
  vertex 7.8664765e-03 9.5853290e-03 7.2000000e-02
  vertex 9.5159000e-03 1.1595157e-02 7.2000000e-02
 endloop
endfacet
facet normal 0.000000e+00 0.000000e+00 -1.000000e+00
 outer loop
  vertex 8.3273320e-03 9.1877950e-03 7.2000000e-02
  vertex 7.8664765e-03 9.5853290e-03 7.2000000e-02
  vertex 1.0073384e-02 1.1114266e-02 7.2000000e-02
 endloop
endfacet
facet normal -0.000000e+00 0.000000e+00 -1.000000e+00
 outer loop
  vertex 9.5159000e-03 1.1595157e-02 7.2000000e-02
  vertex 7.3866715e-03 9.9597730e-03 7.2000000e-02
  vertex 8.9354900e-03 1.2048113e-02 7.2000000e-02
 endloop
endfacet
facet normal 0.000000e+00 0.000000e+00 -1.000000e+00
 outer loop
  vertex 7.8664765e-03 9.5853290e-03 7.2000000e-02
  vertex 7.3866715e-03 9.9597730e-03 7.2000000e-02
  vertex 9.5159000e-03 1.1595157e-02 7.2000000e-02
 endloop
endfacet
facet normal -0.000000e+00 0.000000e+00 -1.000000e+00
 outer loop
  vertex 8.9354900e-03 1.2048113e-02 7.2000000e-02
  vertex 6.8890710e-03 1.0310224e-02 7.2000000e-02
  vertex 8.3335530e-03 1.2472044e-02 7.2000000e-02
 endloop
endfacet
facet normal 0.000000e+00 0.000000e+00 -1.000000e+00
 outer loop
  vertex 7.3866715e-03 9.9597730e-03 7.2000000e-02
  vertex 6.8890710e-03 1.0310224e-02 7.2000000e-02
  vertex 8.9354900e-03 1.2048113e-02 7.2000000e-02
 endloop
endfacet
facet normal -0.000000e+00 0.000000e+00 -1.000000e+00
 outer loop
  vertex 8.3335530e-03 1.2472044e-02 7.2000000e-02
  vertex 6.3748740e-03 1.0635835e-02 7.2000000e-02
  vertex 7.7115410e-03 1.2865929e-02 7.2000000e-02
 endloop
endfacet
facet normal 0.000000e+00 0.000000e+00 -1.000000e+00
 outer loop
  vertex 6.8890710e-03 1.0310224e-02 7.2000000e-02
  vertex 6.3748740e-03 1.0635835e-02 7.2000000e-02
  vertex 8.3335530e-03 1.2472044e-02 7.2000000e-02
 endloop
endfacet
facet normal -0.000000e+00 0.000000e+00 -1.000000e+00
 outer loop
  vertex 7.7115410e-03 1.2865929e-02 7.2000000e-02
  vertex 5.8453193e-03 1.0935823e-02 7.2000000e-02
  vertex 7.0709510e-03 1.3228819e-02 7.2000000e-02
 endloop
endfacet
facet normal 0.000000e+00 0.000000e+00 -1.000000e+00
 outer loop
  vertex 6.3748740e-03 1.0635835e-02 7.2000000e-02
  vertex 5.8453193e-03 1.0935823e-02 7.2000000e-02
  vertex 7.7115410e-03 1.2865929e-02 7.2000000e-02
 endloop
endfacet
facet normal -0.000000e+00 0.000000e+00 -1.000000e+00
 outer loop
  vertex 7.0709510e-03 1.3228819e-02 7.2000000e-02
  vertex 5.3016834e-03 1.1209468e-02 7.2000000e-02
  vertex 6.4133267e-03 1.3559839e-02 7.2000000e-02
 endloop
endfacet
facet normal 0.000000e+00 0.000000e+00 -1.000000e+00
 outer loop
  vertex 5.8453193e-03 1.0935823e-02 7.2000000e-02
  vertex 5.3016834e-03 1.1209468e-02 7.2000000e-02
  vertex 7.0709510e-03 1.3228819e-02 7.2000000e-02
 endloop
endfacet
facet normal -0.000000e+00 0.000000e+00 -1.000000e+00
 outer loop
  vertex 6.4133267e-03 1.3559839e-02 7.2000000e-02
  vertex 4.7452745e-03 1.1456106e-02 7.2000000e-02
  vertex 5.7402515e-03 1.3858192e-02 7.2000000e-02
 endloop
endfacet
facet normal 0.000000e+00 0.000000e+00 -1.000000e+00
 outer loop
  vertex 5.3016834e-03 1.1209468e-02 7.2000000e-02
  vertex 4.7452745e-03 1.1456106e-02 7.2000000e-02
  vertex 6.4133267e-03 1.3559839e-02 7.2000000e-02
 endloop
endfacet
facet normal -0.000000e+00 0.000000e+00 -1.000000e+00
 outer loop
  vertex 5.7402515e-03 1.3858192e-02 7.2000000e-02
  vertex 4.1774344e-03 1.1675146e-02 7.2000000e-02
  vertex 5.0533480e-03 1.4123161e-02 7.2000000e-02
 endloop
endfacet
facet normal 0.000000e+00 0.000000e+00 -1.000000e+00
 outer loop
  vertex 4.7452745e-03 1.1456106e-02 7.2000000e-02
  vertex 4.1774344e-03 1.1675146e-02 7.2000000e-02
  vertex 5.7402515e-03 1.3858192e-02 7.2000000e-02
 endloop
endfacet
facet normal -0.000000e+00 0.000000e+00 -1.000000e+00
 outer loop
  vertex 5.0533480e-03 1.4123161e-02 7.2000000e-02
  vertex 3.5995300e-03 1.1866060e-02 7.2000000e-02
  vertex 4.3542700e-03 1.4354105e-02 7.2000000e-02
 endloop
endfacet
facet normal 0.000000e+00 0.000000e+00 -1.000000e+00
 outer loop
  vertex 4.1774344e-03 1.1675146e-02 7.2000000e-02
  vertex 3.5995300e-03 1.1866060e-02 7.2000000e-02
  vertex 5.0533480e-03 1.4123161e-02 7.2000000e-02
 endloop
endfacet
facet normal 0.000000e+00 0.000000e+00 -1.000000e+00
 outer loop
  vertex -3.6447027e-03 1.4550468e-02 7.2000000e-02
  vertex -2.9263546e-03 1.4711780e-02 7.2000000e-02
  vertex -3.0129542e-03 1.2028388e-02 7.2000000e-02
 endloop
endfacet
facet normal 0.000000e+00 0.000000e+00 -1.000000e+00
 outer loop
  vertex -9.9597730e-03 7.3866715e-03 7.2000000e-02
  vertex -1.1595157e-02 9.5159000e-03 7.2000000e-02
  vertex -9.5853290e-03 7.8664765e-03 7.2000000e-02
 endloop
endfacet
facet normal 0.000000e+00 0.000000e+00 -1.000000e+00
 outer loop
  vertex -1.0073384e-02 1.1114266e-02 7.2000000e-02
  vertex -8.3273320e-03 9.1877950e-03 7.2000000e-02
  vertex -8.7681250e-03 8.7681250e-03 7.2000000e-02
 endloop
endfacet
facet normal 0.000000e+00 0.000000e+00 -1.000000e+00
 outer loop
  vertex -9.1877950e-03 8.3273320e-03 7.2000000e-02
  vertex -1.1114266e-02 1.0073384e-02 7.2000000e-02
  vertex -1.0606602e-02 1.0606602e-02 7.2000000e-02
 endloop
endfacet
facet normal 0.000000e+00 0.000000e+00 -1.000000e+00
 outer loop
  vertex -9.5159000e-03 1.1595157e-02 7.2000000e-02
  vertex -8.9354900e-03 1.2048113e-02 7.2000000e-02
  vertex -7.8664765e-03 9.5853290e-03 7.2000000e-02
 endloop
endfacet
facet normal 0.000000e+00 0.000000e+00 -1.000000e+00
 outer loop
  vertex -7.3866715e-03 9.9597730e-03 7.2000000e-02
  vertex -8.3335530e-03 1.2472044e-02 7.2000000e-02
  vertex -6.8890710e-03 1.0310224e-02 7.2000000e-02
 endloop
endfacet
facet normal 0.000000e+00 0.000000e+00 -1.000000e+00
 outer loop
  vertex -6.3748740e-03 1.0635835e-02 7.2000000e-02
  vertex -7.7115410e-03 1.2865929e-02 7.2000000e-02
  vertex -7.0709510e-03 1.3228819e-02 7.2000000e-02
 endloop
endfacet
facet normal -0.000000e+00 0.000000e+00 -1.000000e+00
 outer loop
  vertex -5.3016834e-03 1.1209468e-02 7.2000000e-02
  vertex -5.8453193e-03 1.0935823e-02 7.2000000e-02
  vertex -6.4133267e-03 1.3559839e-02 7.2000000e-02
 endloop
endfacet
facet normal 0.000000e+00 -0.000000e+00 -1.000000e+00
 outer loop
  vertex -5.0533480e-03 1.4123161e-02 7.2000000e-02
  vertex -4.7452745e-03 1.1456106e-02 7.2000000e-02
  vertex -5.7402515e-03 1.3858192e-02 7.2000000e-02
 endloop
endfacet
facet normal 0.000000e+00 0.000000e+00 -1.000000e+00
 outer loop
  vertex -4.3542700e-03 1.4354105e-02 7.2000000e-02
  vertex -3.5995300e-03 1.1866060e-02 7.2000000e-02
  vertex -4.1774344e-03 1.1675146e-02 7.2000000e-02
 endloop
endfacet
facet normal -0.000000e+00 0.000000e+00 -1.000000e+00
 outer loop
  vertex -1.8194579e-03 1.2265788e-02 7.2000000e-02
  vertex -2.4191198e-03 1.2161737e-02 7.2000000e-02
  vertex -2.2009570e-03 1.4837647e-02 7.2000000e-02
 endloop
endfacet
facet normal 0.000000e+00 0.000000e+00 -1.000000e+00
 outer loop
  vertex -7.3601510e-04 1.4981932e-02 7.2000000e-02
  vertex -1.2154125e-03 1.2340290e-02 7.2000000e-02
  vertex -1.4702570e-03 1.4927771e-02 7.2000000e-02
 endloop
endfacet
facet normal 0.000000e+00 0.000000e+00 -1.000000e+00
 outer loop
  vertex 9.1848520e-19 1.5000000e-02 7.2000000e-02
  vertex 0.0000000e+00 1.2400001e-02 7.2000000e-02
  vertex -7.3601510e-04 1.4981932e-02 7.2000000e-02
 endloop
endfacet
facet normal -0.000000e+00 0.000000e+00 -1.000000e+00
 outer loop
  vertex 7.3601510e-04 1.4981932e-02 7.2000000e-02
  vertex 0.0000000e+00 1.2400001e-02 7.2000000e-02
  vertex 9.1848520e-19 1.5000000e-02 7.2000000e-02
 endloop
endfacet
facet normal 0.000000e+00 0.000000e+00 -1.000000e+00
 outer loop
  vertex 6.0843915e-04 1.2385064e-02 7.2000000e-02
  vertex 0.0000000e+00 1.2400001e-02 7.2000000e-02
  vertex 7.3601510e-04 1.4981932e-02 7.2000000e-02
 endloop
endfacet
facet normal -0.000000e+00 0.000000e+00 -1.000000e+00
 outer loop
  vertex 1.4702570e-03 1.4927771e-02 7.2000000e-02
  vertex 6.0843915e-04 1.2385064e-02 7.2000000e-02
  vertex 7.3601510e-04 1.4981932e-02 7.2000000e-02
 endloop
endfacet
facet normal 0.000000e+00 0.000000e+00 -1.000000e+00
 outer loop
  vertex 1.2154125e-03 1.2340290e-02 7.2000000e-02
  vertex 6.0843915e-04 1.2385064e-02 7.2000000e-02
  vertex 1.4702570e-03 1.4927771e-02 7.2000000e-02
 endloop
endfacet
facet normal 0.000000e+00 0.000000e+00 -1.000000e+00
 outer loop
  vertex 1.2154125e-03 1.2340290e-02 7.2000000e-02
  vertex 1.4702570e-03 1.4927771e-02 7.2000000e-02
  vertex 2.2009570e-03 1.4837647e-02 7.2000000e-02
 endloop
endfacet
facet normal 0.000000e+00 0.000000e+00 -1.000000e+00
 outer loop
  vertex 1.2154125e-03 1.2340290e-02 7.2000000e-02
  vertex 2.2009570e-03 1.4837647e-02 7.2000000e-02
  vertex 1.8194579e-03 1.2265788e-02 7.2000000e-02
 endloop
endfacet
facet normal 0.000000e+00 -0.000000e+00 -1.000000e+00
 outer loop
  vertex 2.2009570e-03 1.4837647e-02 7.2000000e-02
  vertex 2.9263546e-03 1.4711780e-02 7.2000000e-02
  vertex 1.8194579e-03 1.2265788e-02 7.2000000e-02
 endloop
endfacet
facet normal 0.000000e+00 0.000000e+00 -1.000000e+00
 outer loop
  vertex 2.9263546e-03 1.4711780e-02 7.2000000e-02
  vertex 2.4191198e-03 1.2161737e-02 7.2000000e-02
  vertex 1.8194579e-03 1.2265788e-02 7.2000000e-02
 endloop
endfacet
facet normal -0.000000e+00 0.000000e+00 -1.000000e+00
 outer loop
  vertex 3.6447027e-03 1.4550468e-02 7.2000000e-02
  vertex 2.4191198e-03 1.2161737e-02 7.2000000e-02
  vertex 2.9263546e-03 1.4711780e-02 7.2000000e-02
 endloop
endfacet
facet normal 0.000000e+00 0.000000e+00 -1.000000e+00
 outer loop
  vertex 3.0129542e-03 1.2028388e-02 7.2000000e-02
  vertex 2.4191198e-03 1.2161737e-02 7.2000000e-02
  vertex 3.6447027e-03 1.4550468e-02 7.2000000e-02
 endloop
endfacet
facet normal 0.000000e+00 0.000000e+00 -1.000000e+00
 outer loop
  vertex 3.0129542e-03 1.2028388e-02 7.2000000e-02
  vertex 3.6447027e-03 1.4550468e-02 7.2000000e-02
  vertex 4.3542700e-03 1.4354105e-02 7.2000000e-02
 endloop
endfacet
facet normal 0.000000e+00 0.000000e+00 -1.000000e+00
 outer loop
  vertex 3.0129542e-03 1.2028388e-02 7.2000000e-02
  vertex 4.3542700e-03 1.4354105e-02 7.2000000e-02
  vertex 3.5995300e-03 1.1866060e-02 7.2000000e-02
 endloop
endfacet
facet normal 0.000000e+00 0.000000e+00 -1.000000e+00
 outer loop
  vertex -9.9597730e-03 7.3866715e-03 7.2000000e-02
  vertex -1.2048113e-02 8.9354900e-03 7.2000000e-02
  vertex -1.1595157e-02 9.5159000e-03 7.2000000e-02
 endloop
endfacet
facet normal 0.000000e+00 0.000000e+00 1.000000e+00
 outer loop
  vertex -1.2385064e-02 -6.0843915e-04 7.6000000e-02
  vertex -1.4981932e-02 -7.3601510e-04 7.6000000e-02
  vertex -1.2340290e-02 -1.2154125e-03 7.6000000e-02
 endloop
endfacet
facet normal 0.000000e+00 0.000000e+00 1.000000e+00
 outer loop
  vertex -1.2385064e-02 -6.0843915e-04 7.6000000e-02
  vertex -1.2400001e-02 -0.0000000e+00 7.6000000e-02
  vertex -1.4981932e-02 -7.3601510e-04 7.6000000e-02
 endloop
endfacet
facet normal 0.000000e+00 0.000000e+00 1.000000e+00
 outer loop
  vertex -1.2340290e-02 -1.2154125e-03 7.6000000e-02
  vertex -1.4927771e-02 -1.4702570e-03 7.6000000e-02
  vertex -1.2265788e-02 -1.8194579e-03 7.6000000e-02
 endloop
endfacet
facet normal 0.000000e+00 0.000000e+00 1.000000e+00
 outer loop
  vertex -1.2265788e-02 -1.8194579e-03 7.6000000e-02
  vertex -1.4927771e-02 -1.4702570e-03 7.6000000e-02
  vertex -1.4837647e-02 -2.2009570e-03 7.6000000e-02
 endloop
endfacet
facet normal 0.000000e+00 0.000000e+00 1.000000e+00
 outer loop
  vertex -1.2161737e-02 -2.4191198e-03 7.6000000e-02
  vertex -1.4837647e-02 -2.2009570e-03 7.6000000e-02
  vertex -1.4711780e-02 -2.9263546e-03 7.6000000e-02
 endloop
endfacet
facet normal 0.000000e+00 0.000000e+00 1.000000e+00
 outer loop
  vertex -1.2028388e-02 -3.0129542e-03 7.6000000e-02
  vertex -1.2161737e-02 -2.4191198e-03 7.6000000e-02
  vertex -1.4711780e-02 -2.9263546e-03 7.6000000e-02
 endloop
endfacet
facet normal 0.000000e+00 0.000000e+00 1.000000e+00
 outer loop
  vertex -1.1866060e-02 -3.5995300e-03 7.6000000e-02
  vertex -1.2028388e-02 -3.0129542e-03 7.6000000e-02
  vertex -1.4550468e-02 -3.6447027e-03 7.6000000e-02
 endloop
endfacet
facet normal 0.000000e+00 -0.000000e+00 1.000000e+00
 outer loop
  vertex -1.4354105e-02 -4.3542700e-03 7.6000000e-02
  vertex -1.1866060e-02 -3.5995300e-03 7.6000000e-02
  vertex -1.4550468e-02 -3.6447027e-03 7.6000000e-02
 endloop
endfacet
facet normal 0.000000e+00 -0.000000e+00 1.000000e+00
 outer loop
  vertex -1.4123161e-02 -5.0533480e-03 7.6000000e-02
  vertex -1.1675146e-02 -4.1774344e-03 7.6000000e-02
  vertex -1.4354105e-02 -4.3542700e-03 7.6000000e-02
 endloop
endfacet
facet normal 0.000000e+00 0.000000e+00 1.000000e+00
 outer loop
  vertex -1.4123161e-02 -5.0533480e-03 7.6000000e-02
  vertex -1.1456106e-02 -4.7452745e-03 7.6000000e-02
  vertex -1.1675146e-02 -4.1774344e-03 7.6000000e-02
 endloop
endfacet
facet normal 0.000000e+00 0.000000e+00 1.000000e+00
 outer loop
  vertex -1.3858192e-02 -5.7402515e-03 7.6000000e-02
  vertex -1.1209468e-02 -5.3016834e-03 7.6000000e-02
  vertex -1.1456106e-02 -4.7452745e-03 7.6000000e-02
 endloop
endfacet
facet normal -0.000000e+00 0.000000e+00 1.000000e+00
 outer loop
  vertex -1.3858192e-02 -5.7402515e-03 7.6000000e-02
  vertex -1.3559839e-02 -6.4133267e-03 7.6000000e-02
  vertex -1.1209468e-02 -5.3016834e-03 7.6000000e-02
 endloop
endfacet
facet normal -0.000000e+00 0.000000e+00 1.000000e+00
 outer loop
  vertex -1.3559839e-02 -6.4133267e-03 7.6000000e-02
  vertex -1.3228819e-02 -7.0709510e-03 7.6000000e-02
  vertex -1.0935823e-02 -5.8453193e-03 7.6000000e-02
 endloop
endfacet
facet normal 0.000000e+00 0.000000e+00 1.000000e+00
 outer loop
  vertex -1.0935823e-02 -5.8453193e-03 7.6000000e-02
  vertex -1.3228819e-02 -7.0709510e-03 7.6000000e-02
  vertex -1.0635835e-02 -6.3748740e-03 7.6000000e-02
 endloop
endfacet
facet normal 0.000000e+00 0.000000e+00 1.000000e+00
 outer loop
  vertex -1.0635835e-02 -6.3748740e-03 7.6000000e-02
  vertex -1.2865929e-02 -7.7115410e-03 7.6000000e-02
  vertex -1.0310224e-02 -6.8890710e-03 7.6000000e-02
 endloop
endfacet
facet normal 0.000000e+00 -0.000000e+00 1.000000e+00
 outer loop
  vertex -1.2472044e-02 -8.3335530e-03 7.6000000e-02
  vertex -1.0310224e-02 -6.8890710e-03 7.6000000e-02
  vertex -1.2865929e-02 -7.7115410e-03 7.6000000e-02
 endloop
endfacet
facet normal 0.000000e+00 -0.000000e+00 1.000000e+00
 outer loop
  vertex -1.2048113e-02 -8.9354900e-03 7.6000000e-02
  vertex -9.9597730e-03 -7.3866715e-03 7.6000000e-02
  vertex -1.2472044e-02 -8.3335530e-03 7.6000000e-02
 endloop
endfacet
facet normal 0.000000e+00 0.000000e+00 1.000000e+00
 outer loop
  vertex -1.2048113e-02 -8.9354900e-03 7.6000000e-02
  vertex -9.5853290e-03 -7.8664765e-03 7.6000000e-02
  vertex -9.9597730e-03 -7.3866715e-03 7.6000000e-02
 endloop
endfacet
facet normal 0.000000e+00 0.000000e+00 1.000000e+00
 outer loop
  vertex -1.1595157e-02 -9.5159000e-03 7.6000000e-02
  vertex -9.1877950e-03 -8.3273320e-03 7.6000000e-02
  vertex -9.5853290e-03 -7.8664765e-03 7.6000000e-02
 endloop
endfacet
facet normal -0.000000e+00 0.000000e+00 1.000000e+00
 outer loop
  vertex -1.1595157e-02 -9.5159000e-03 7.6000000e-02
  vertex -1.1114266e-02 -1.0073384e-02 7.6000000e-02
  vertex -9.1877950e-03 -8.3273320e-03 7.6000000e-02
 endloop
endfacet
facet normal -0.000000e+00 0.000000e+00 1.000000e+00
 outer loop
  vertex -1.1114266e-02 -1.0073384e-02 7.6000000e-02
  vertex -1.0606602e-02 -1.0606602e-02 7.6000000e-02
  vertex -8.7681250e-03 -8.7681250e-03 7.6000000e-02
 endloop
endfacet
facet normal 0.000000e+00 0.000000e+00 1.000000e+00
 outer loop
  vertex -8.7681250e-03 -8.7681250e-03 7.6000000e-02
  vertex -1.0606602e-02 -1.0606602e-02 7.6000000e-02
  vertex -8.3273320e-03 -9.1877950e-03 7.6000000e-02
 endloop
endfacet
facet normal 0.000000e+00 0.000000e+00 1.000000e+00
 outer loop
  vertex -8.3273320e-03 -9.1877950e-03 7.6000000e-02
  vertex -1.0073384e-02 -1.1114266e-02 7.6000000e-02
  vertex -7.8664765e-03 -9.5853290e-03 7.6000000e-02
 endloop
endfacet
facet normal 0.000000e+00 0.000000e+00 1.000000e+00
 outer loop
  vertex -7.8664765e-03 -9.5853290e-03 7.6000000e-02
  vertex -1.0073384e-02 -1.1114266e-02 7.6000000e-02
  vertex -9.5159000e-03 -1.1595157e-02 7.6000000e-02
 endloop
endfacet
facet normal -0.000000e+00 0.000000e+00 1.000000e+00
 outer loop
  vertex -8.9354900e-03 -1.2048113e-02 7.6000000e-02
  vertex -8.3335530e-03 -1.2472044e-02 7.6000000e-02
  vertex -6.8890710e-03 -1.0310224e-02 7.6000000e-02
 endloop
endfacet
facet normal 0.000000e+00 0.000000e+00 1.000000e+00
 outer loop
  vertex -7.3866715e-03 -9.9597730e-03 7.6000000e-02
  vertex -8.9354900e-03 -1.2048113e-02 7.6000000e-02
  vertex -6.8890710e-03 -1.0310224e-02 7.6000000e-02
 endloop
endfacet
facet normal -0.000000e+00 0.000000e+00 1.000000e+00
 outer loop
  vertex -8.3335530e-03 -1.2472044e-02 7.6000000e-02
  vertex -7.7115410e-03 -1.2865929e-02 7.6000000e-02
  vertex -6.3748740e-03 -1.0635835e-02 7.6000000e-02
 endloop
endfacet
facet normal 0.000000e+00 0.000000e+00 1.000000e+00
 outer loop
  vertex -6.8890710e-03 -1.0310224e-02 7.6000000e-02
  vertex -8.3335530e-03 -1.2472044e-02 7.6000000e-02
  vertex -6.3748740e-03 -1.0635835e-02 7.6000000e-02
 endloop
endfacet
facet normal -0.000000e+00 0.000000e+00 1.000000e+00
 outer loop
  vertex -7.7115410e-03 -1.2865929e-02 7.6000000e-02
  vertex -7.0709510e-03 -1.3228819e-02 7.6000000e-02
  vertex -5.8453193e-03 -1.0935823e-02 7.6000000e-02
 endloop
endfacet
facet normal 0.000000e+00 0.000000e+00 1.000000e+00
 outer loop
  vertex -6.3748740e-03 -1.0635835e-02 7.6000000e-02
  vertex -7.7115410e-03 -1.2865929e-02 7.6000000e-02
  vertex -5.8453193e-03 -1.0935823e-02 7.6000000e-02
 endloop
endfacet
facet normal -0.000000e+00 0.000000e+00 1.000000e+00
 outer loop
  vertex -7.0709510e-03 -1.3228819e-02 7.6000000e-02
  vertex -6.4133267e-03 -1.3559839e-02 7.6000000e-02
  vertex -5.3016834e-03 -1.1209468e-02 7.6000000e-02
 endloop
endfacet
facet normal 0.000000e+00 0.000000e+00 1.000000e+00
 outer loop
  vertex -5.8453193e-03 -1.0935823e-02 7.6000000e-02
  vertex -7.0709510e-03 -1.3228819e-02 7.6000000e-02
  vertex -5.3016834e-03 -1.1209468e-02 7.6000000e-02
 endloop
endfacet
facet normal -0.000000e+00 0.000000e+00 1.000000e+00
 outer loop
  vertex -6.4133267e-03 -1.3559839e-02 7.6000000e-02
  vertex -5.7402515e-03 -1.3858192e-02 7.6000000e-02
  vertex -4.7452745e-03 -1.1456106e-02 7.6000000e-02
 endloop
endfacet
facet normal 0.000000e+00 0.000000e+00 1.000000e+00
 outer loop
  vertex -5.3016834e-03 -1.1209468e-02 7.6000000e-02
  vertex -6.4133267e-03 -1.3559839e-02 7.6000000e-02
  vertex -4.7452745e-03 -1.1456106e-02 7.6000000e-02
 endloop
endfacet
facet normal -0.000000e+00 0.000000e+00 1.000000e+00
 outer loop
  vertex -5.7402515e-03 -1.3858192e-02 7.6000000e-02
  vertex -5.0533480e-03 -1.4123161e-02 7.6000000e-02
  vertex -4.1774344e-03 -1.1675146e-02 7.6000000e-02
 endloop
endfacet
facet normal 0.000000e+00 0.000000e+00 1.000000e+00
 outer loop
  vertex -4.7452745e-03 -1.1456106e-02 7.6000000e-02
  vertex -5.7402515e-03 -1.3858192e-02 7.6000000e-02
  vertex -4.1774344e-03 -1.1675146e-02 7.6000000e-02
 endloop
endfacet
facet normal -0.000000e+00 0.000000e+00 1.000000e+00
 outer loop
  vertex -5.0533480e-03 -1.4123161e-02 7.6000000e-02
  vertex -4.3542700e-03 -1.4354105e-02 7.6000000e-02
  vertex -3.5995300e-03 -1.1866060e-02 7.6000000e-02
 endloop
endfacet
facet normal 0.000000e+00 0.000000e+00 1.000000e+00
 outer loop
  vertex -4.1774344e-03 -1.1675146e-02 7.6000000e-02
  vertex -5.0533480e-03 -1.4123161e-02 7.6000000e-02
  vertex -3.5995300e-03 -1.1866060e-02 7.6000000e-02
 endloop
endfacet
facet normal -0.000000e+00 0.000000e+00 1.000000e+00
 outer loop
  vertex -4.3542700e-03 -1.4354105e-02 7.6000000e-02
  vertex -3.6447027e-03 -1.4550468e-02 7.6000000e-02
  vertex -3.0129542e-03 -1.2028388e-02 7.6000000e-02
 endloop
endfacet
facet normal 0.000000e+00 0.000000e+00 1.000000e+00
 outer loop
  vertex -3.5995300e-03 -1.1866060e-02 7.6000000e-02
  vertex -4.3542700e-03 -1.4354105e-02 7.6000000e-02
  vertex -3.0129542e-03 -1.2028388e-02 7.6000000e-02
 endloop
endfacet
facet normal -0.000000e+00 0.000000e+00 1.000000e+00
 outer loop
  vertex -3.6447027e-03 -1.4550468e-02 7.6000000e-02
  vertex -2.9263546e-03 -1.4711780e-02 7.6000000e-02
  vertex -2.4191198e-03 -1.2161737e-02 7.6000000e-02
 endloop
endfacet
facet normal 0.000000e+00 0.000000e+00 1.000000e+00
 outer loop
  vertex -3.0129542e-03 -1.2028388e-02 7.6000000e-02
  vertex -3.6447027e-03 -1.4550468e-02 7.6000000e-02
  vertex -2.4191198e-03 -1.2161737e-02 7.6000000e-02
 endloop
endfacet
facet normal -0.000000e+00 0.000000e+00 1.000000e+00
 outer loop
  vertex -2.9263546e-03 -1.4711780e-02 7.6000000e-02
  vertex -2.2009570e-03 -1.4837647e-02 7.6000000e-02
  vertex -1.8194579e-03 -1.2265788e-02 7.6000000e-02
 endloop
endfacet
facet normal 0.000000e+00 0.000000e+00 1.000000e+00
 outer loop
  vertex -2.4191198e-03 -1.2161737e-02 7.6000000e-02
  vertex -2.9263546e-03 -1.4711780e-02 7.6000000e-02
  vertex -1.8194579e-03 -1.2265788e-02 7.6000000e-02
 endloop
endfacet
facet normal -0.000000e+00 0.000000e+00 1.000000e+00
 outer loop
  vertex -2.2009570e-03 -1.4837647e-02 7.6000000e-02
  vertex -1.4702570e-03 -1.4927771e-02 7.6000000e-02
  vertex -1.2154125e-03 -1.2340290e-02 7.6000000e-02
 endloop
endfacet
facet normal 0.000000e+00 0.000000e+00 1.000000e+00
 outer loop
  vertex -1.8194579e-03 -1.2265788e-02 7.6000000e-02
  vertex -2.2009570e-03 -1.4837647e-02 7.6000000e-02
  vertex -1.2154125e-03 -1.2340290e-02 7.6000000e-02
 endloop
endfacet
facet normal -0.000000e+00 0.000000e+00 1.000000e+00
 outer loop
  vertex -1.4702570e-03 -1.4927771e-02 7.6000000e-02
  vertex -7.3601510e-04 -1.4981932e-02 7.6000000e-02
  vertex -6.0843915e-04 -1.2385064e-02 7.6000000e-02
 endloop
endfacet
facet normal 0.000000e+00 0.000000e+00 1.000000e+00
 outer loop
  vertex -1.2154125e-03 -1.2340290e-02 7.6000000e-02
  vertex -1.4702570e-03 -1.4927771e-02 7.6000000e-02
  vertex -6.0843915e-04 -1.2385064e-02 7.6000000e-02
 endloop
endfacet
facet normal -0.000000e+00 0.000000e+00 1.000000e+00
 outer loop
  vertex -7.3601510e-04 -1.4981932e-02 7.6000000e-02
  vertex -9.1848520e-19 -1.5000000e-02 7.6000000e-02
  vertex 0.0000000e+00 -1.2400001e-02 7.6000000e-02
 endloop
endfacet
facet normal 0.000000e+00 0.000000e+00 1.000000e+00
 outer loop
  vertex -6.0843915e-04 -1.2385064e-02 7.6000000e-02
  vertex -7.3601510e-04 -1.4981932e-02 7.6000000e-02
  vertex 0.0000000e+00 -1.2400001e-02 7.6000000e-02
 endloop
endfacet
facet normal 0.000000e+00 0.000000e+00 1.000000e+00
 outer loop
  vertex -9.1848520e-19 -1.5000000e-02 7.6000000e-02
  vertex 7.3601510e-04 -1.4981932e-02 7.6000000e-02
  vertex 6.0843915e-04 -1.2385064e-02 7.6000000e-02
 endloop
endfacet
facet normal -0.000000e+00 0.000000e+00 1.000000e+00
 outer loop
  vertex 0.0000000e+00 -1.2400001e-02 7.6000000e-02
  vertex -9.1848520e-19 -1.5000000e-02 7.6000000e-02
  vertex 6.0843915e-04 -1.2385064e-02 7.6000000e-02
 endloop
endfacet
facet normal 0.000000e+00 0.000000e+00 1.000000e+00
 outer loop
  vertex 7.3601510e-04 -1.4981932e-02 7.6000000e-02
  vertex 1.4702570e-03 -1.4927771e-02 7.6000000e-02
  vertex 1.2154125e-03 -1.2340290e-02 7.6000000e-02
 endloop
endfacet
facet normal -0.000000e+00 0.000000e+00 1.000000e+00
 outer loop
  vertex 6.0843915e-04 -1.2385064e-02 7.6000000e-02
  vertex 7.3601510e-04 -1.4981932e-02 7.6000000e-02
  vertex 1.2154125e-03 -1.2340290e-02 7.6000000e-02
 endloop
endfacet
facet normal 0.000000e+00 0.000000e+00 1.000000e+00
 outer loop
  vertex 1.4702570e-03 -1.4927771e-02 7.6000000e-02
  vertex 2.2009570e-03 -1.4837647e-02 7.6000000e-02
  vertex 1.8194579e-03 -1.2265788e-02 7.6000000e-02
 endloop
endfacet
facet normal -0.000000e+00 0.000000e+00 1.000000e+00
 outer loop
  vertex 1.2154125e-03 -1.2340290e-02 7.6000000e-02
  vertex 1.4702570e-03 -1.4927771e-02 7.6000000e-02
  vertex 1.8194579e-03 -1.2265788e-02 7.6000000e-02
 endloop
endfacet
facet normal 0.000000e+00 0.000000e+00 1.000000e+00
 outer loop
  vertex 2.2009570e-03 -1.4837647e-02 7.6000000e-02
  vertex 2.9263546e-03 -1.4711780e-02 7.6000000e-02
  vertex 2.4191198e-03 -1.2161737e-02 7.6000000e-02
 endloop
endfacet
facet normal -0.000000e+00 0.000000e+00 1.000000e+00
 outer loop
  vertex 1.8194579e-03 -1.2265788e-02 7.6000000e-02
  vertex 2.2009570e-03 -1.4837647e-02 7.6000000e-02
  vertex 2.4191198e-03 -1.2161737e-02 7.6000000e-02
 endloop
endfacet
facet normal 0.000000e+00 0.000000e+00 1.000000e+00
 outer loop
  vertex 2.9263546e-03 -1.4711780e-02 7.6000000e-02
  vertex 3.6447027e-03 -1.4550468e-02 7.6000000e-02
  vertex 3.0129542e-03 -1.2028388e-02 7.6000000e-02
 endloop
endfacet
facet normal -0.000000e+00 0.000000e+00 1.000000e+00
 outer loop
  vertex 2.4191198e-03 -1.2161737e-02 7.6000000e-02
  vertex 2.9263546e-03 -1.4711780e-02 7.6000000e-02
  vertex 3.0129542e-03 -1.2028388e-02 7.6000000e-02
 endloop
endfacet
facet normal 0.000000e+00 -0.000000e+00 1.000000e+00
 outer loop
  vertex 3.6447027e-03 -1.4550468e-02 7.6000000e-02
  vertex 4.3542700e-03 -1.4354105e-02 7.6000000e-02
  vertex 3.5995300e-03 -1.1866060e-02 7.6000000e-02
 endloop
endfacet
facet normal -0.000000e+00 0.000000e+00 1.000000e+00
 outer loop
  vertex 3.0129542e-03 -1.2028388e-02 7.6000000e-02
  vertex 3.6447027e-03 -1.4550468e-02 7.6000000e-02
  vertex 3.5995300e-03 -1.1866060e-02 7.6000000e-02
 endloop
endfacet
facet normal 0.000000e+00 -0.000000e+00 1.000000e+00
 outer loop
  vertex 4.3542700e-03 -1.4354105e-02 7.6000000e-02
  vertex 5.0533480e-03 -1.4123161e-02 7.6000000e-02
  vertex 4.1774344e-03 -1.1675146e-02 7.6000000e-02
 endloop
endfacet
facet normal -0.000000e+00 0.000000e+00 1.000000e+00
 outer loop
  vertex 3.5995300e-03 -1.1866060e-02 7.6000000e-02
  vertex 4.3542700e-03 -1.4354105e-02 7.6000000e-02
  vertex 4.1774344e-03 -1.1675146e-02 7.6000000e-02
 endloop
endfacet
facet normal 0.000000e+00 -0.000000e+00 1.000000e+00
 outer loop
  vertex 5.0533480e-03 -1.4123161e-02 7.6000000e-02
  vertex 5.7402515e-03 -1.3858192e-02 7.6000000e-02
  vertex 4.7452745e-03 -1.1456106e-02 7.6000000e-02
 endloop
endfacet
facet normal -0.000000e+00 0.000000e+00 1.000000e+00
 outer loop
  vertex 4.1774344e-03 -1.1675146e-02 7.6000000e-02
  vertex 5.0533480e-03 -1.4123161e-02 7.6000000e-02
  vertex 4.7452745e-03 -1.1456106e-02 7.6000000e-02
 endloop
endfacet
facet normal 0.000000e+00 -0.000000e+00 1.000000e+00
 outer loop
  vertex 5.7402515e-03 -1.3858192e-02 7.6000000e-02
  vertex 6.4133267e-03 -1.3559839e-02 7.6000000e-02
  vertex 5.3016834e-03 -1.1209468e-02 7.6000000e-02
 endloop
endfacet
facet normal -0.000000e+00 0.000000e+00 1.000000e+00
 outer loop
  vertex 4.7452745e-03 -1.1456106e-02 7.6000000e-02
  vertex 5.7402515e-03 -1.3858192e-02 7.6000000e-02
  vertex 5.3016834e-03 -1.1209468e-02 7.6000000e-02
 endloop
endfacet
facet normal 0.000000e+00 -0.000000e+00 1.000000e+00
 outer loop
  vertex 6.4133267e-03 -1.3559839e-02 7.6000000e-02
  vertex 7.0709510e-03 -1.3228819e-02 7.6000000e-02
  vertex 5.8453193e-03 -1.0935823e-02 7.6000000e-02
 endloop
endfacet
facet normal -0.000000e+00 0.000000e+00 1.000000e+00
 outer loop
  vertex 5.3016834e-03 -1.1209468e-02 7.6000000e-02
  vertex 6.4133267e-03 -1.3559839e-02 7.6000000e-02
  vertex 5.8453193e-03 -1.0935823e-02 7.6000000e-02
 endloop
endfacet
facet normal 0.000000e+00 -0.000000e+00 1.000000e+00
 outer loop
  vertex 7.0709510e-03 -1.3228819e-02 7.6000000e-02
  vertex 7.7115410e-03 -1.2865929e-02 7.6000000e-02
  vertex 6.3748740e-03 -1.0635835e-02 7.6000000e-02
 endloop
endfacet
facet normal -0.000000e+00 0.000000e+00 1.000000e+00
 outer loop
  vertex 5.8453193e-03 -1.0935823e-02 7.6000000e-02
  vertex 7.0709510e-03 -1.3228819e-02 7.6000000e-02
  vertex 6.3748740e-03 -1.0635835e-02 7.6000000e-02
 endloop
endfacet
facet normal 0.000000e+00 -0.000000e+00 1.000000e+00
 outer loop
  vertex 7.7115410e-03 -1.2865929e-02 7.6000000e-02
  vertex 8.3335530e-03 -1.2472044e-02 7.6000000e-02
  vertex 6.8890710e-03 -1.0310224e-02 7.6000000e-02
 endloop
endfacet
facet normal -0.000000e+00 0.000000e+00 1.000000e+00
 outer loop
  vertex 6.3748740e-03 -1.0635835e-02 7.6000000e-02
  vertex 7.7115410e-03 -1.2865929e-02 7.6000000e-02
  vertex 6.8890710e-03 -1.0310224e-02 7.6000000e-02
 endloop
endfacet
facet normal 0.000000e+00 -0.000000e+00 1.000000e+00
 outer loop
  vertex 8.3335530e-03 -1.2472044e-02 7.6000000e-02
  vertex 8.9354900e-03 -1.2048113e-02 7.6000000e-02
  vertex 7.3866715e-03 -9.9597730e-03 7.6000000e-02
 endloop
endfacet
facet normal -0.000000e+00 0.000000e+00 1.000000e+00
 outer loop
  vertex 6.8890710e-03 -1.0310224e-02 7.6000000e-02
  vertex 8.3335530e-03 -1.2472044e-02 7.6000000e-02
  vertex 7.3866715e-03 -9.9597730e-03 7.6000000e-02
 endloop
endfacet
facet normal 0.000000e+00 -0.000000e+00 1.000000e+00
 outer loop
  vertex 8.9354900e-03 -1.2048113e-02 7.6000000e-02
  vertex 9.5159000e-03 -1.1595157e-02 7.6000000e-02
  vertex 7.8664765e-03 -9.5853290e-03 7.6000000e-02
 endloop
endfacet
facet normal -0.000000e+00 0.000000e+00 1.000000e+00
 outer loop
  vertex 7.3866715e-03 -9.9597730e-03 7.6000000e-02
  vertex 8.9354900e-03 -1.2048113e-02 7.6000000e-02
  vertex 7.8664765e-03 -9.5853290e-03 7.6000000e-02
 endloop
endfacet
facet normal 0.000000e+00 -0.000000e+00 1.000000e+00
 outer loop
  vertex 9.5159000e-03 -1.1595157e-02 7.6000000e-02
  vertex 1.0073384e-02 -1.1114266e-02 7.6000000e-02
  vertex 8.3273320e-03 -9.1877950e-03 7.6000000e-02
 endloop
endfacet
facet normal -0.000000e+00 0.000000e+00 1.000000e+00
 outer loop
  vertex 7.8664765e-03 -9.5853290e-03 7.6000000e-02
  vertex 9.5159000e-03 -1.1595157e-02 7.6000000e-02
  vertex 8.3273320e-03 -9.1877950e-03 7.6000000e-02
 endloop
endfacet
facet normal 0.000000e+00 -0.000000e+00 1.000000e+00
 outer loop
  vertex 1.0073384e-02 -1.1114266e-02 7.6000000e-02
  vertex 1.0606602e-02 -1.0606602e-02 7.6000000e-02
  vertex 8.7681250e-03 -8.7681250e-03 7.6000000e-02
 endloop
endfacet
facet normal -0.000000e+00 0.000000e+00 1.000000e+00
 outer loop
  vertex 8.3273320e-03 -9.1877950e-03 7.6000000e-02
  vertex 1.0073384e-02 -1.1114266e-02 7.6000000e-02
  vertex 8.7681250e-03 -8.7681250e-03 7.6000000e-02
 endloop
endfacet
facet normal 0.000000e+00 -0.000000e+00 1.000000e+00
 outer loop
  vertex 1.0606602e-02 -1.0606602e-02 7.6000000e-02
  vertex 1.1114266e-02 -1.0073384e-02 7.6000000e-02
  vertex 9.1877950e-03 -8.3273320e-03 7.6000000e-02
 endloop
endfacet
facet normal -0.000000e+00 0.000000e+00 1.000000e+00
 outer loop
  vertex 8.7681250e-03 -8.7681250e-03 7.6000000e-02
  vertex 1.0606602e-02 -1.0606602e-02 7.6000000e-02
  vertex 9.1877950e-03 -8.3273320e-03 7.6000000e-02
 endloop
endfacet
facet normal 0.000000e+00 -0.000000e+00 1.000000e+00
 outer loop
  vertex 1.1114266e-02 -1.0073384e-02 7.6000000e-02
  vertex 1.1595157e-02 -9.5159000e-03 7.6000000e-02
  vertex 9.5853290e-03 -7.8664765e-03 7.6000000e-02
 endloop
endfacet
facet normal -0.000000e+00 0.000000e+00 1.000000e+00
 outer loop
  vertex 9.1877950e-03 -8.3273320e-03 7.6000000e-02
  vertex 1.1114266e-02 -1.0073384e-02 7.6000000e-02
  vertex 9.5853290e-03 -7.8664765e-03 7.6000000e-02
 endloop
endfacet
facet normal 0.000000e+00 -0.000000e+00 1.000000e+00
 outer loop
  vertex 1.1595157e-02 -9.5159000e-03 7.6000000e-02
  vertex 1.2048113e-02 -8.9354900e-03 7.6000000e-02
  vertex 9.9597730e-03 -7.3866715e-03 7.6000000e-02
 endloop
endfacet
facet normal -0.000000e+00 0.000000e+00 1.000000e+00
 outer loop
  vertex 9.5853290e-03 -7.8664765e-03 7.6000000e-02
  vertex 1.1595157e-02 -9.5159000e-03 7.6000000e-02
  vertex 9.9597730e-03 -7.3866715e-03 7.6000000e-02
 endloop
endfacet
facet normal 0.000000e+00 -0.000000e+00 1.000000e+00
 outer loop
  vertex 1.2048113e-02 -8.9354900e-03 7.6000000e-02
  vertex 1.2472044e-02 -8.3335530e-03 7.6000000e-02
  vertex 1.0310224e-02 -6.8890710e-03 7.6000000e-02
 endloop
endfacet
facet normal -0.000000e+00 0.000000e+00 1.000000e+00
 outer loop
  vertex 9.9597730e-03 -7.3866715e-03 7.6000000e-02
  vertex 1.2048113e-02 -8.9354900e-03 7.6000000e-02
  vertex 1.0310224e-02 -6.8890710e-03 7.6000000e-02
 endloop
endfacet
facet normal 0.000000e+00 -0.000000e+00 1.000000e+00
 outer loop
  vertex 1.2472044e-02 -8.3335530e-03 7.6000000e-02
  vertex 1.2865929e-02 -7.7115410e-03 7.6000000e-02
  vertex 1.0635835e-02 -6.3748740e-03 7.6000000e-02
 endloop
endfacet
facet normal -0.000000e+00 0.000000e+00 1.000000e+00
 outer loop
  vertex 1.0310224e-02 -6.8890710e-03 7.6000000e-02
  vertex 1.2472044e-02 -8.3335530e-03 7.6000000e-02
  vertex 1.0635835e-02 -6.3748740e-03 7.6000000e-02
 endloop
endfacet
facet normal 0.000000e+00 -0.000000e+00 1.000000e+00
 outer loop
  vertex 1.2865929e-02 -7.7115410e-03 7.6000000e-02
  vertex 1.3228819e-02 -7.0709510e-03 7.6000000e-02
  vertex 1.0935823e-02 -5.8453193e-03 7.6000000e-02
 endloop
endfacet
facet normal -0.000000e+00 0.000000e+00 1.000000e+00
 outer loop
  vertex 1.0635835e-02 -6.3748740e-03 7.6000000e-02
  vertex 1.2865929e-02 -7.7115410e-03 7.6000000e-02
  vertex 1.0935823e-02 -5.8453193e-03 7.6000000e-02
 endloop
endfacet
facet normal 0.000000e+00 -0.000000e+00 1.000000e+00
 outer loop
  vertex 1.3228819e-02 -7.0709510e-03 7.6000000e-02
  vertex 1.3559839e-02 -6.4133267e-03 7.6000000e-02
  vertex 1.1209468e-02 -5.3016834e-03 7.6000000e-02
 endloop
endfacet
facet normal -0.000000e+00 0.000000e+00 1.000000e+00
 outer loop
  vertex 1.0935823e-02 -5.8453193e-03 7.6000000e-02
  vertex 1.3228819e-02 -7.0709510e-03 7.6000000e-02
  vertex 1.1209468e-02 -5.3016834e-03 7.6000000e-02
 endloop
endfacet
facet normal 0.000000e+00 -0.000000e+00 1.000000e+00
 outer loop
  vertex 1.3559839e-02 -6.4133267e-03 7.6000000e-02
  vertex 1.3858192e-02 -5.7402515e-03 7.6000000e-02
  vertex 1.1456106e-02 -4.7452745e-03 7.6000000e-02
 endloop
endfacet
facet normal -0.000000e+00 0.000000e+00 1.000000e+00
 outer loop
  vertex 1.1209468e-02 -5.3016834e-03 7.6000000e-02
  vertex 1.3559839e-02 -6.4133267e-03 7.6000000e-02
  vertex 1.1456106e-02 -4.7452745e-03 7.6000000e-02
 endloop
endfacet
facet normal 0.000000e+00 -0.000000e+00 1.000000e+00
 outer loop
  vertex 1.3858192e-02 -5.7402515e-03 7.6000000e-02
  vertex 1.4123161e-02 -5.0533480e-03 7.6000000e-02
  vertex 1.1675146e-02 -4.1774344e-03 7.6000000e-02
 endloop
endfacet
facet normal -0.000000e+00 0.000000e+00 1.000000e+00
 outer loop
  vertex 1.1456106e-02 -4.7452745e-03 7.6000000e-02
  vertex 1.3858192e-02 -5.7402515e-03 7.6000000e-02
  vertex 1.1675146e-02 -4.1774344e-03 7.6000000e-02
 endloop
endfacet
facet normal 0.000000e+00 -0.000000e+00 1.000000e+00
 outer loop
  vertex 1.4123161e-02 -5.0533480e-03 7.6000000e-02
  vertex 1.4354105e-02 -4.3542700e-03 7.6000000e-02
  vertex 1.1866060e-02 -3.5995300e-03 7.6000000e-02
 endloop
endfacet
facet normal -0.000000e+00 0.000000e+00 1.000000e+00
 outer loop
  vertex 1.1675146e-02 -4.1774344e-03 7.6000000e-02
  vertex 1.4123161e-02 -5.0533480e-03 7.6000000e-02
  vertex 1.1866060e-02 -3.5995300e-03 7.6000000e-02
 endloop
endfacet
facet normal 0.000000e+00 -0.000000e+00 1.000000e+00
 outer loop
  vertex 1.4354105e-02 -4.3542700e-03 7.6000000e-02
  vertex 1.4550468e-02 -3.6447027e-03 7.6000000e-02
  vertex 1.2028388e-02 -3.0129542e-03 7.6000000e-02
 endloop
endfacet
facet normal -0.000000e+00 0.000000e+00 1.000000e+00
 outer loop
  vertex 1.1866060e-02 -3.5995300e-03 7.6000000e-02
  vertex 1.4354105e-02 -4.3542700e-03 7.6000000e-02
  vertex 1.2028388e-02 -3.0129542e-03 7.6000000e-02
 endloop
endfacet
facet normal 0.000000e+00 -0.000000e+00 1.000000e+00
 outer loop
  vertex 1.4550468e-02 -3.6447027e-03 7.6000000e-02
  vertex 1.4711780e-02 -2.9263546e-03 7.6000000e-02
  vertex 1.2161737e-02 -2.4191198e-03 7.6000000e-02
 endloop
endfacet
facet normal -0.000000e+00 0.000000e+00 1.000000e+00
 outer loop
  vertex 1.2028388e-02 -3.0129542e-03 7.6000000e-02
  vertex 1.4550468e-02 -3.6447027e-03 7.6000000e-02
  vertex 1.2161737e-02 -2.4191198e-03 7.6000000e-02
 endloop
endfacet
facet normal 0.000000e+00 -0.000000e+00 1.000000e+00
 outer loop
  vertex 1.4711780e-02 -2.9263546e-03 7.6000000e-02
  vertex 1.4837647e-02 -2.2009570e-03 7.6000000e-02
  vertex 1.2265788e-02 -1.8194579e-03 7.6000000e-02
 endloop
endfacet
facet normal -0.000000e+00 0.000000e+00 1.000000e+00
 outer loop
  vertex 1.2161737e-02 -2.4191198e-03 7.6000000e-02
  vertex 1.4711780e-02 -2.9263546e-03 7.6000000e-02
  vertex 1.2265788e-02 -1.8194579e-03 7.6000000e-02
 endloop
endfacet
facet normal 0.000000e+00 -0.000000e+00 1.000000e+00
 outer loop
  vertex 1.4837647e-02 -2.2009570e-03 7.6000000e-02
  vertex 1.4927771e-02 -1.4702570e-03 7.6000000e-02
  vertex 1.2340290e-02 -1.2154125e-03 7.6000000e-02
 endloop
endfacet
facet normal -0.000000e+00 0.000000e+00 1.000000e+00
 outer loop
  vertex 1.2265788e-02 -1.8194579e-03 7.6000000e-02
  vertex 1.4837647e-02 -2.2009570e-03 7.6000000e-02
  vertex 1.2340290e-02 -1.2154125e-03 7.6000000e-02
 endloop
endfacet
facet normal 0.000000e+00 -0.000000e+00 1.000000e+00
 outer loop
  vertex 1.4927771e-02 -1.4702570e-03 7.6000000e-02
  vertex 1.4981932e-02 -7.3601510e-04 7.6000000e-02
  vertex 1.2385064e-02 -6.0843915e-04 7.6000000e-02
 endloop
endfacet
facet normal -0.000000e+00 0.000000e+00 1.000000e+00
 outer loop
  vertex 1.2340290e-02 -1.2154125e-03 7.6000000e-02
  vertex 1.4927771e-02 -1.4702570e-03 7.6000000e-02
  vertex 1.2385064e-02 -6.0843915e-04 7.6000000e-02
 endloop
endfacet
facet normal 0.000000e+00 -0.000000e+00 1.000000e+00
 outer loop
  vertex 1.4981932e-02 -7.3601510e-04 7.6000000e-02
  vertex 1.5000000e-02 -0.0000000e+00 7.6000000e-02
  vertex 1.2400001e-02 -0.0000000e+00 7.6000000e-02
 endloop
endfacet
facet normal -0.000000e+00 0.000000e+00 1.000000e+00
 outer loop
  vertex 1.2385064e-02 -6.0843915e-04 7.6000000e-02
  vertex 1.4981932e-02 -7.3601510e-04 7.6000000e-02
  vertex 1.2400001e-02 -0.0000000e+00 7.6000000e-02
 endloop
endfacet
facet normal 0.000000e+00 0.000000e+00 1.000000e+00
 outer loop
  vertex 1.5000000e-02 -0.0000000e+00 7.6000000e-02
  vertex 1.4981932e-02 7.3601510e-04 7.6000000e-02
  vertex 1.2385064e-02 6.0843915e-04 7.6000000e-02
 endloop
endfacet
facet normal 0.000000e+00 -0.000000e+00 1.000000e+00
 outer loop
  vertex 1.2400001e-02 -0.0000000e+00 7.6000000e-02
  vertex 1.5000000e-02 -0.0000000e+00 7.6000000e-02
  vertex 1.2385064e-02 6.0843915e-04 7.6000000e-02
 endloop
endfacet
facet normal 0.000000e+00 0.000000e+00 1.000000e+00
 outer loop
  vertex 1.4981932e-02 7.3601510e-04 7.6000000e-02
  vertex 1.4927771e-02 1.4702570e-03 7.6000000e-02
  vertex 1.2340290e-02 1.2154125e-03 7.6000000e-02
 endloop
endfacet
facet normal 0.000000e+00 -0.000000e+00 1.000000e+00
 outer loop
  vertex 1.2385064e-02 6.0843915e-04 7.6000000e-02
  vertex 1.4981932e-02 7.3601510e-04 7.6000000e-02
  vertex 1.2340290e-02 1.2154125e-03 7.6000000e-02
 endloop
endfacet
facet normal 0.000000e+00 0.000000e+00 1.000000e+00
 outer loop
  vertex 1.4927771e-02 1.4702570e-03 7.6000000e-02
  vertex 1.4837647e-02 2.2009570e-03 7.6000000e-02
  vertex 1.2265788e-02 1.8194579e-03 7.6000000e-02
 endloop
endfacet
facet normal 0.000000e+00 -0.000000e+00 1.000000e+00
 outer loop
  vertex 1.2340290e-02 1.2154125e-03 7.6000000e-02
  vertex 1.4927771e-02 1.4702570e-03 7.6000000e-02
  vertex 1.2265788e-02 1.8194579e-03 7.6000000e-02
 endloop
endfacet
facet normal 0.000000e+00 0.000000e+00 1.000000e+00
 outer loop
  vertex 1.4837647e-02 2.2009570e-03 7.6000000e-02
  vertex 1.4711780e-02 2.9263546e-03 7.6000000e-02
  vertex 1.2161737e-02 2.4191198e-03 7.6000000e-02
 endloop
endfacet
facet normal 0.000000e+00 -0.000000e+00 1.000000e+00
 outer loop
  vertex 1.2265788e-02 1.8194579e-03 7.6000000e-02
  vertex 1.4837647e-02 2.2009570e-03 7.6000000e-02
  vertex 1.2161737e-02 2.4191198e-03 7.6000000e-02
 endloop
endfacet
facet normal 0.000000e+00 0.000000e+00 1.000000e+00
 outer loop
  vertex 1.4711780e-02 2.9263546e-03 7.6000000e-02
  vertex 1.4550468e-02 3.6447027e-03 7.6000000e-02
  vertex 1.2028388e-02 3.0129542e-03 7.6000000e-02
 endloop
endfacet
facet normal 0.000000e+00 -0.000000e+00 1.000000e+00
 outer loop
  vertex 1.2161737e-02 2.4191198e-03 7.6000000e-02
  vertex 1.4711780e-02 2.9263546e-03 7.6000000e-02
  vertex 1.2028388e-02 3.0129542e-03 7.6000000e-02
 endloop
endfacet
facet normal 0.000000e+00 0.000000e+00 1.000000e+00
 outer loop
  vertex 1.4550468e-02 3.6447027e-03 7.6000000e-02
  vertex 1.4354105e-02 4.3542700e-03 7.6000000e-02
  vertex 1.1866060e-02 3.5995300e-03 7.6000000e-02
 endloop
endfacet
facet normal 0.000000e+00 -0.000000e+00 1.000000e+00
 outer loop
  vertex 1.2028388e-02 3.0129542e-03 7.6000000e-02
  vertex 1.4550468e-02 3.6447027e-03 7.6000000e-02
  vertex 1.1866060e-02 3.5995300e-03 7.6000000e-02
 endloop
endfacet
facet normal 0.000000e+00 0.000000e+00 1.000000e+00
 outer loop
  vertex 1.4354105e-02 4.3542700e-03 7.6000000e-02
  vertex 1.4123161e-02 5.0533480e-03 7.6000000e-02
  vertex 1.1675146e-02 4.1774344e-03 7.6000000e-02
 endloop
endfacet
facet normal 0.000000e+00 -0.000000e+00 1.000000e+00
 outer loop
  vertex 1.1866060e-02 3.5995300e-03 7.6000000e-02
  vertex 1.4354105e-02 4.3542700e-03 7.6000000e-02
  vertex 1.1675146e-02 4.1774344e-03 7.6000000e-02
 endloop
endfacet
facet normal 0.000000e+00 0.000000e+00 1.000000e+00
 outer loop
  vertex 1.4123161e-02 5.0533480e-03 7.6000000e-02
  vertex 1.3858192e-02 5.7402515e-03 7.6000000e-02
  vertex 1.1456106e-02 4.7452745e-03 7.6000000e-02
 endloop
endfacet
facet normal 0.000000e+00 -0.000000e+00 1.000000e+00
 outer loop
  vertex 1.1675146e-02 4.1774344e-03 7.6000000e-02
  vertex 1.4123161e-02 5.0533480e-03 7.6000000e-02
  vertex 1.1456106e-02 4.7452745e-03 7.6000000e-02
 endloop
endfacet
facet normal 0.000000e+00 0.000000e+00 1.000000e+00
 outer loop
  vertex 1.3858192e-02 5.7402515e-03 7.6000000e-02
  vertex 1.3559839e-02 6.4133267e-03 7.6000000e-02
  vertex 1.1209468e-02 5.3016834e-03 7.6000000e-02
 endloop
endfacet
facet normal 0.000000e+00 -0.000000e+00 1.000000e+00
 outer loop
  vertex 1.1456106e-02 4.7452745e-03 7.6000000e-02
  vertex 1.3858192e-02 5.7402515e-03 7.6000000e-02
  vertex 1.1209468e-02 5.3016834e-03 7.6000000e-02
 endloop
endfacet
facet normal 0.000000e+00 0.000000e+00 1.000000e+00
 outer loop
  vertex 1.3559839e-02 6.4133267e-03 7.6000000e-02
  vertex 1.3228819e-02 7.0709510e-03 7.6000000e-02
  vertex 1.0935823e-02 5.8453193e-03 7.6000000e-02
 endloop
endfacet
facet normal 0.000000e+00 -0.000000e+00 1.000000e+00
 outer loop
  vertex 1.1209468e-02 5.3016834e-03 7.6000000e-02
  vertex 1.3559839e-02 6.4133267e-03 7.6000000e-02
  vertex 1.0935823e-02 5.8453193e-03 7.6000000e-02
 endloop
endfacet
facet normal 0.000000e+00 0.000000e+00 1.000000e+00
 outer loop
  vertex 1.3228819e-02 7.0709510e-03 7.6000000e-02
  vertex 1.2865929e-02 7.7115410e-03 7.6000000e-02
  vertex 1.0635835e-02 6.3748740e-03 7.6000000e-02
 endloop
endfacet
facet normal 0.000000e+00 -0.000000e+00 1.000000e+00
 outer loop
  vertex 1.0935823e-02 5.8453193e-03 7.6000000e-02
  vertex 1.3228819e-02 7.0709510e-03 7.6000000e-02
  vertex 1.0635835e-02 6.3748740e-03 7.6000000e-02
 endloop
endfacet
facet normal 0.000000e+00 0.000000e+00 1.000000e+00
 outer loop
  vertex 1.2865929e-02 7.7115410e-03 7.6000000e-02
  vertex 1.2472044e-02 8.3335530e-03 7.6000000e-02
  vertex 1.0310224e-02 6.8890710e-03 7.6000000e-02
 endloop
endfacet
facet normal 0.000000e+00 -0.000000e+00 1.000000e+00
 outer loop
  vertex 1.0635835e-02 6.3748740e-03 7.6000000e-02
  vertex 1.2865929e-02 7.7115410e-03 7.6000000e-02
  vertex 1.0310224e-02 6.8890710e-03 7.6000000e-02
 endloop
endfacet
facet normal 0.000000e+00 0.000000e+00 1.000000e+00
 outer loop
  vertex 1.2472044e-02 8.3335530e-03 7.6000000e-02
  vertex 1.2048113e-02 8.9354900e-03 7.6000000e-02
  vertex 9.9597730e-03 7.3866715e-03 7.6000000e-02
 endloop
endfacet
facet normal 0.000000e+00 -0.000000e+00 1.000000e+00
 outer loop
  vertex 1.0310224e-02 6.8890710e-03 7.6000000e-02
  vertex 1.2472044e-02 8.3335530e-03 7.6000000e-02
  vertex 9.9597730e-03 7.3866715e-03 7.6000000e-02
 endloop
endfacet
facet normal 0.000000e+00 0.000000e+00 1.000000e+00
 outer loop
  vertex 1.2048113e-02 8.9354900e-03 7.6000000e-02
  vertex 1.1595157e-02 9.5159000e-03 7.6000000e-02
  vertex 9.5853290e-03 7.8664765e-03 7.6000000e-02
 endloop
endfacet
facet normal 0.000000e+00 -0.000000e+00 1.000000e+00
 outer loop
  vertex 9.9597730e-03 7.3866715e-03 7.6000000e-02
  vertex 1.2048113e-02 8.9354900e-03 7.6000000e-02
  vertex 9.5853290e-03 7.8664765e-03 7.6000000e-02
 endloop
endfacet
facet normal 0.000000e+00 0.000000e+00 1.000000e+00
 outer loop
  vertex 1.1595157e-02 9.5159000e-03 7.6000000e-02
  vertex 1.1114266e-02 1.0073384e-02 7.6000000e-02
  vertex 9.1877950e-03 8.3273320e-03 7.6000000e-02
 endloop
endfacet
facet normal 0.000000e+00 -0.000000e+00 1.000000e+00
 outer loop
  vertex 9.5853290e-03 7.8664765e-03 7.6000000e-02
  vertex 1.1595157e-02 9.5159000e-03 7.6000000e-02
  vertex 9.1877950e-03 8.3273320e-03 7.6000000e-02
 endloop
endfacet
facet normal 0.000000e+00 0.000000e+00 1.000000e+00
 outer loop
  vertex 1.1114266e-02 1.0073384e-02 7.6000000e-02
  vertex 1.0606602e-02 1.0606602e-02 7.6000000e-02
  vertex 8.7681250e-03 8.7681250e-03 7.6000000e-02
 endloop
endfacet
facet normal 0.000000e+00 -0.000000e+00 1.000000e+00
 outer loop
  vertex 9.1877950e-03 8.3273320e-03 7.6000000e-02
  vertex 1.1114266e-02 1.0073384e-02 7.6000000e-02
  vertex 8.7681250e-03 8.7681250e-03 7.6000000e-02
 endloop
endfacet
facet normal 0.000000e+00 0.000000e+00 1.000000e+00
 outer loop
  vertex 1.0606602e-02 1.0606602e-02 7.6000000e-02
  vertex 1.0073384e-02 1.1114266e-02 7.6000000e-02
  vertex 8.3273320e-03 9.1877950e-03 7.6000000e-02
 endloop
endfacet
facet normal 0.000000e+00 -0.000000e+00 1.000000e+00
 outer loop
  vertex 8.7681250e-03 8.7681250e-03 7.6000000e-02
  vertex 1.0606602e-02 1.0606602e-02 7.6000000e-02
  vertex 8.3273320e-03 9.1877950e-03 7.6000000e-02
 endloop
endfacet
facet normal 0.000000e+00 0.000000e+00 1.000000e+00
 outer loop
  vertex 1.0073384e-02 1.1114266e-02 7.6000000e-02
  vertex 9.5159000e-03 1.1595157e-02 7.6000000e-02
  vertex 7.8664765e-03 9.5853290e-03 7.6000000e-02
 endloop
endfacet
facet normal 0.000000e+00 -0.000000e+00 1.000000e+00
 outer loop
  vertex 8.3273320e-03 9.1877950e-03 7.6000000e-02
  vertex 1.0073384e-02 1.1114266e-02 7.6000000e-02
  vertex 7.8664765e-03 9.5853290e-03 7.6000000e-02
 endloop
endfacet
facet normal 0.000000e+00 0.000000e+00 1.000000e+00
 outer loop
  vertex 9.5159000e-03 1.1595157e-02 7.6000000e-02
  vertex 8.9354900e-03 1.2048113e-02 7.6000000e-02
  vertex 7.3866715e-03 9.9597730e-03 7.6000000e-02
 endloop
endfacet
facet normal 0.000000e+00 -0.000000e+00 1.000000e+00
 outer loop
  vertex 7.8664765e-03 9.5853290e-03 7.6000000e-02
  vertex 9.5159000e-03 1.1595157e-02 7.6000000e-02
  vertex 7.3866715e-03 9.9597730e-03 7.6000000e-02
 endloop
endfacet
facet normal 0.000000e+00 0.000000e+00 1.000000e+00
 outer loop
  vertex 8.9354900e-03 1.2048113e-02 7.6000000e-02
  vertex 8.3335530e-03 1.2472044e-02 7.6000000e-02
  vertex 6.8890710e-03 1.0310224e-02 7.6000000e-02
 endloop
endfacet
facet normal 0.000000e+00 -0.000000e+00 1.000000e+00
 outer loop
  vertex 7.3866715e-03 9.9597730e-03 7.6000000e-02
  vertex 8.9354900e-03 1.2048113e-02 7.6000000e-02
  vertex 6.8890710e-03 1.0310224e-02 7.6000000e-02
 endloop
endfacet
facet normal 0.000000e+00 0.000000e+00 1.000000e+00
 outer loop
  vertex 8.3335530e-03 1.2472044e-02 7.6000000e-02
  vertex 7.7115410e-03 1.2865929e-02 7.6000000e-02
  vertex 6.3748740e-03 1.0635835e-02 7.6000000e-02
 endloop
endfacet
facet normal 0.000000e+00 -0.000000e+00 1.000000e+00
 outer loop
  vertex 6.8890710e-03 1.0310224e-02 7.6000000e-02
  vertex 8.3335530e-03 1.2472044e-02 7.6000000e-02
  vertex 6.3748740e-03 1.0635835e-02 7.6000000e-02
 endloop
endfacet
facet normal 0.000000e+00 0.000000e+00 1.000000e+00
 outer loop
  vertex 7.7115410e-03 1.2865929e-02 7.6000000e-02
  vertex 7.0709510e-03 1.3228819e-02 7.6000000e-02
  vertex 5.8453193e-03 1.0935823e-02 7.6000000e-02
 endloop
endfacet
facet normal 0.000000e+00 -0.000000e+00 1.000000e+00
 outer loop
  vertex 6.3748740e-03 1.0635835e-02 7.6000000e-02
  vertex 7.7115410e-03 1.2865929e-02 7.6000000e-02
  vertex 5.8453193e-03 1.0935823e-02 7.6000000e-02
 endloop
endfacet
facet normal 0.000000e+00 0.000000e+00 1.000000e+00
 outer loop
  vertex 7.0709510e-03 1.3228819e-02 7.6000000e-02
  vertex 6.4133267e-03 1.3559839e-02 7.6000000e-02
  vertex 5.3016834e-03 1.1209468e-02 7.6000000e-02
 endloop
endfacet
facet normal 0.000000e+00 -0.000000e+00 1.000000e+00
 outer loop
  vertex 5.8453193e-03 1.0935823e-02 7.6000000e-02
  vertex 7.0709510e-03 1.3228819e-02 7.6000000e-02
  vertex 5.3016834e-03 1.1209468e-02 7.6000000e-02
 endloop
endfacet
facet normal 0.000000e+00 0.000000e+00 1.000000e+00
 outer loop
  vertex 6.4133267e-03 1.3559839e-02 7.6000000e-02
  vertex 5.7402515e-03 1.3858192e-02 7.6000000e-02
  vertex 4.7452745e-03 1.1456106e-02 7.6000000e-02
 endloop
endfacet
facet normal 0.000000e+00 -0.000000e+00 1.000000e+00
 outer loop
  vertex 5.3016834e-03 1.1209468e-02 7.6000000e-02
  vertex 6.4133267e-03 1.3559839e-02 7.6000000e-02
  vertex 4.7452745e-03 1.1456106e-02 7.6000000e-02
 endloop
endfacet
facet normal 0.000000e+00 0.000000e+00 1.000000e+00
 outer loop
  vertex 5.7402515e-03 1.3858192e-02 7.6000000e-02
  vertex 5.0533480e-03 1.4123161e-02 7.6000000e-02
  vertex 4.1774344e-03 1.1675146e-02 7.6000000e-02
 endloop
endfacet
facet normal 0.000000e+00 -0.000000e+00 1.000000e+00
 outer loop
  vertex 4.7452745e-03 1.1456106e-02 7.6000000e-02
  vertex 5.7402515e-03 1.3858192e-02 7.6000000e-02
  vertex 4.1774344e-03 1.1675146e-02 7.6000000e-02
 endloop
endfacet
facet normal 0.000000e+00 0.000000e+00 1.000000e+00
 outer loop
  vertex 5.0533480e-03 1.4123161e-02 7.6000000e-02
  vertex 4.3542700e-03 1.4354105e-02 7.6000000e-02
  vertex 3.5995300e-03 1.1866060e-02 7.6000000e-02
 endloop
endfacet
facet normal 0.000000e+00 -0.000000e+00 1.000000e+00
 outer loop
  vertex 4.1774344e-03 1.1675146e-02 7.6000000e-02
  vertex 5.0533480e-03 1.4123161e-02 7.6000000e-02
  vertex 3.5995300e-03 1.1866060e-02 7.6000000e-02
 endloop
endfacet
facet normal 0.000000e+00 0.000000e+00 1.000000e+00
 outer loop
  vertex 4.3542700e-03 1.4354105e-02 7.6000000e-02
  vertex 3.6447027e-03 1.4550468e-02 7.6000000e-02
  vertex 3.0129542e-03 1.2028388e-02 7.6000000e-02
 endloop
endfacet
facet normal 0.000000e+00 -0.000000e+00 1.000000e+00
 outer loop
  vertex 3.5995300e-03 1.1866060e-02 7.6000000e-02
  vertex 4.3542700e-03 1.4354105e-02 7.6000000e-02
  vertex 3.0129542e-03 1.2028388e-02 7.6000000e-02
 endloop
endfacet
facet normal 0.000000e+00 0.000000e+00 1.000000e+00
 outer loop
  vertex 3.6447027e-03 1.4550468e-02 7.6000000e-02
  vertex 2.9263546e-03 1.4711780e-02 7.6000000e-02
  vertex 2.4191198e-03 1.2161737e-02 7.6000000e-02
 endloop
endfacet
facet normal 0.000000e+00 -0.000000e+00 1.000000e+00
 outer loop
  vertex 3.0129542e-03 1.2028388e-02 7.6000000e-02
  vertex 3.6447027e-03 1.4550468e-02 7.6000000e-02
  vertex 2.4191198e-03 1.2161737e-02 7.6000000e-02
 endloop
endfacet
facet normal 0.000000e+00 0.000000e+00 1.000000e+00
 outer loop
  vertex 2.9263546e-03 1.4711780e-02 7.6000000e-02
  vertex 2.2009570e-03 1.4837647e-02 7.6000000e-02
  vertex 1.8194579e-03 1.2265788e-02 7.6000000e-02
 endloop
endfacet
facet normal 0.000000e+00 -0.000000e+00 1.000000e+00
 outer loop
  vertex 2.4191198e-03 1.2161737e-02 7.6000000e-02
  vertex 2.9263546e-03 1.4711780e-02 7.6000000e-02
  vertex 1.8194579e-03 1.2265788e-02 7.6000000e-02
 endloop
endfacet
facet normal 0.000000e+00 0.000000e+00 1.000000e+00
 outer loop
  vertex 2.2009570e-03 1.4837647e-02 7.6000000e-02
  vertex 1.4702570e-03 1.4927771e-02 7.6000000e-02
  vertex 1.2154125e-03 1.2340290e-02 7.6000000e-02
 endloop
endfacet
facet normal 0.000000e+00 -0.000000e+00 1.000000e+00
 outer loop
  vertex 1.8194579e-03 1.2265788e-02 7.6000000e-02
  vertex 2.2009570e-03 1.4837647e-02 7.6000000e-02
  vertex 1.2154125e-03 1.2340290e-02 7.6000000e-02
 endloop
endfacet
facet normal 0.000000e+00 0.000000e+00 1.000000e+00
 outer loop
  vertex 1.4702570e-03 1.4927771e-02 7.6000000e-02
  vertex 7.3601510e-04 1.4981932e-02 7.6000000e-02
  vertex 6.0843915e-04 1.2385064e-02 7.6000000e-02
 endloop
endfacet
facet normal 0.000000e+00 -0.000000e+00 1.000000e+00
 outer loop
  vertex 1.2154125e-03 1.2340290e-02 7.6000000e-02
  vertex 1.4702570e-03 1.4927771e-02 7.6000000e-02
  vertex 6.0843915e-04 1.2385064e-02 7.6000000e-02
 endloop
endfacet
facet normal 0.000000e+00 0.000000e+00 1.000000e+00
 outer loop
  vertex 7.3601510e-04 1.4981932e-02 7.6000000e-02
  vertex 9.1848520e-19 1.5000000e-02 7.6000000e-02
  vertex 0.0000000e+00 1.2400001e-02 7.6000000e-02
 endloop
endfacet
facet normal 0.000000e+00 -0.000000e+00 1.000000e+00
 outer loop
  vertex 6.0843915e-04 1.2385064e-02 7.6000000e-02
  vertex 7.3601510e-04 1.4981932e-02 7.6000000e-02
  vertex 0.0000000e+00 1.2400001e-02 7.6000000e-02
 endloop
endfacet
facet normal 0.000000e+00 0.000000e+00 1.000000e+00
 outer loop
  vertex 9.1848520e-19 1.5000000e-02 7.6000000e-02
  vertex -7.3601510e-04 1.4981932e-02 7.6000000e-02
  vertex -6.0843915e-04 1.2385064e-02 7.6000000e-02
 endloop
endfacet
facet normal 0.000000e+00 -0.000000e+00 1.000000e+00
 outer loop
  vertex 0.0000000e+00 1.2400001e-02 7.6000000e-02
  vertex 9.1848520e-19 1.5000000e-02 7.6000000e-02
  vertex -6.0843915e-04 1.2385064e-02 7.6000000e-02
 endloop
endfacet
facet normal 0.000000e+00 0.000000e+00 1.000000e+00
 outer loop
  vertex -7.3601510e-04 1.4981932e-02 7.6000000e-02
  vertex -1.4702570e-03 1.4927771e-02 7.6000000e-02
  vertex -1.2154125e-03 1.2340290e-02 7.6000000e-02
 endloop
endfacet
facet normal 0.000000e+00 0.000000e+00 1.000000e+00
 outer loop
  vertex -6.0843915e-04 1.2385064e-02 7.6000000e-02
  vertex -7.3601510e-04 1.4981932e-02 7.6000000e-02
  vertex -1.2154125e-03 1.2340290e-02 7.6000000e-02
 endloop
endfacet
facet normal 0.000000e+00 0.000000e+00 1.000000e+00
 outer loop
  vertex -1.4702570e-03 1.4927771e-02 7.6000000e-02
  vertex -2.2009570e-03 1.4837647e-02 7.6000000e-02
  vertex -1.8194579e-03 1.2265788e-02 7.6000000e-02
 endloop
endfacet
facet normal 0.000000e+00 0.000000e+00 1.000000e+00
 outer loop
  vertex -1.2154125e-03 1.2340290e-02 7.6000000e-02
  vertex -1.4702570e-03 1.4927771e-02 7.6000000e-02
  vertex -1.8194579e-03 1.2265788e-02 7.6000000e-02
 endloop
endfacet
facet normal 0.000000e+00 0.000000e+00 1.000000e+00
 outer loop
  vertex -2.2009570e-03 1.4837647e-02 7.6000000e-02
  vertex -2.9263546e-03 1.4711780e-02 7.6000000e-02
  vertex -2.4191198e-03 1.2161737e-02 7.6000000e-02
 endloop
endfacet
facet normal 0.000000e+00 0.000000e+00 1.000000e+00
 outer loop
  vertex -1.8194579e-03 1.2265788e-02 7.6000000e-02
  vertex -2.2009570e-03 1.4837647e-02 7.6000000e-02
  vertex -2.4191198e-03 1.2161737e-02 7.6000000e-02
 endloop
endfacet
facet normal 0.000000e+00 0.000000e+00 1.000000e+00
 outer loop
  vertex -2.9263546e-03 1.4711780e-02 7.6000000e-02
  vertex -3.6447027e-03 1.4550468e-02 7.6000000e-02
  vertex -3.0129542e-03 1.2028388e-02 7.6000000e-02
 endloop
endfacet
facet normal 0.000000e+00 0.000000e+00 1.000000e+00
 outer loop
  vertex -2.4191198e-03 1.2161737e-02 7.6000000e-02
  vertex -2.9263546e-03 1.4711780e-02 7.6000000e-02
  vertex -3.0129542e-03 1.2028388e-02 7.6000000e-02
 endloop
endfacet
facet normal 0.000000e+00 0.000000e+00 1.000000e+00
 outer loop
  vertex -3.6447027e-03 1.4550468e-02 7.6000000e-02
  vertex -4.3542700e-03 1.4354105e-02 7.6000000e-02
  vertex -3.5995300e-03 1.1866060e-02 7.6000000e-02
 endloop
endfacet
facet normal 0.000000e+00 0.000000e+00 1.000000e+00
 outer loop
  vertex -3.0129542e-03 1.2028388e-02 7.6000000e-02
  vertex -3.6447027e-03 1.4550468e-02 7.6000000e-02
  vertex -3.5995300e-03 1.1866060e-02 7.6000000e-02
 endloop
endfacet
facet normal 0.000000e+00 0.000000e+00 1.000000e+00
 outer loop
  vertex -4.3542700e-03 1.4354105e-02 7.6000000e-02
  vertex -5.0533480e-03 1.4123161e-02 7.6000000e-02
  vertex -4.1774344e-03 1.1675146e-02 7.6000000e-02
 endloop
endfacet
facet normal 0.000000e+00 0.000000e+00 1.000000e+00
 outer loop
  vertex -3.5995300e-03 1.1866060e-02 7.6000000e-02
  vertex -4.3542700e-03 1.4354105e-02 7.6000000e-02
  vertex -4.1774344e-03 1.1675146e-02 7.6000000e-02
 endloop
endfacet
facet normal 0.000000e+00 0.000000e+00 1.000000e+00
 outer loop
  vertex -5.0533480e-03 1.4123161e-02 7.6000000e-02
  vertex -5.7402515e-03 1.3858192e-02 7.6000000e-02
  vertex -4.7452745e-03 1.1456106e-02 7.6000000e-02
 endloop
endfacet
facet normal 0.000000e+00 0.000000e+00 1.000000e+00
 outer loop
  vertex -4.1774344e-03 1.1675146e-02 7.6000000e-02
  vertex -5.0533480e-03 1.4123161e-02 7.6000000e-02
  vertex -4.7452745e-03 1.1456106e-02 7.6000000e-02
 endloop
endfacet
facet normal 0.000000e+00 0.000000e+00 1.000000e+00
 outer loop
  vertex -5.7402515e-03 1.3858192e-02 7.6000000e-02
  vertex -6.4133267e-03 1.3559839e-02 7.6000000e-02
  vertex -5.3016834e-03 1.1209468e-02 7.6000000e-02
 endloop
endfacet
facet normal 0.000000e+00 0.000000e+00 1.000000e+00
 outer loop
  vertex -4.7452745e-03 1.1456106e-02 7.6000000e-02
  vertex -5.7402515e-03 1.3858192e-02 7.6000000e-02
  vertex -5.3016834e-03 1.1209468e-02 7.6000000e-02
 endloop
endfacet
facet normal 0.000000e+00 0.000000e+00 1.000000e+00
 outer loop
  vertex -6.4133267e-03 1.3559839e-02 7.6000000e-02
  vertex -7.0709510e-03 1.3228819e-02 7.6000000e-02
  vertex -5.8453193e-03 1.0935823e-02 7.6000000e-02
 endloop
endfacet
facet normal 0.000000e+00 0.000000e+00 1.000000e+00
 outer loop
  vertex -5.3016834e-03 1.1209468e-02 7.6000000e-02
  vertex -6.4133267e-03 1.3559839e-02 7.6000000e-02
  vertex -5.8453193e-03 1.0935823e-02 7.6000000e-02
 endloop
endfacet
facet normal 0.000000e+00 0.000000e+00 1.000000e+00
 outer loop
  vertex -7.0709510e-03 1.3228819e-02 7.6000000e-02
  vertex -7.7115410e-03 1.2865929e-02 7.6000000e-02
  vertex -6.3748740e-03 1.0635835e-02 7.6000000e-02
 endloop
endfacet
facet normal 0.000000e+00 0.000000e+00 1.000000e+00
 outer loop
  vertex -5.8453193e-03 1.0935823e-02 7.6000000e-02
  vertex -7.0709510e-03 1.3228819e-02 7.6000000e-02
  vertex -6.3748740e-03 1.0635835e-02 7.6000000e-02
 endloop
endfacet
facet normal 0.000000e+00 0.000000e+00 1.000000e+00
 outer loop
  vertex -7.7115410e-03 1.2865929e-02 7.6000000e-02
  vertex -8.3335530e-03 1.2472044e-02 7.6000000e-02
  vertex -6.8890710e-03 1.0310224e-02 7.6000000e-02
 endloop
endfacet
facet normal 0.000000e+00 0.000000e+00 1.000000e+00
 outer loop
  vertex -6.3748740e-03 1.0635835e-02 7.6000000e-02
  vertex -7.7115410e-03 1.2865929e-02 7.6000000e-02
  vertex -6.8890710e-03 1.0310224e-02 7.6000000e-02
 endloop
endfacet
facet normal 0.000000e+00 0.000000e+00 1.000000e+00
 outer loop
  vertex -8.3335530e-03 1.2472044e-02 7.6000000e-02
  vertex -8.9354900e-03 1.2048113e-02 7.6000000e-02
  vertex -7.3866715e-03 9.9597730e-03 7.6000000e-02
 endloop
endfacet
facet normal 0.000000e+00 0.000000e+00 1.000000e+00
 outer loop
  vertex -6.8890710e-03 1.0310224e-02 7.6000000e-02
  vertex -8.3335530e-03 1.2472044e-02 7.6000000e-02
  vertex -7.3866715e-03 9.9597730e-03 7.6000000e-02
 endloop
endfacet
facet normal 0.000000e+00 0.000000e+00 1.000000e+00
 outer loop
  vertex -8.9354900e-03 1.2048113e-02 7.6000000e-02
  vertex -9.5159000e-03 1.1595157e-02 7.6000000e-02
  vertex -7.8664765e-03 9.5853290e-03 7.6000000e-02
 endloop
endfacet
facet normal 0.000000e+00 0.000000e+00 1.000000e+00
 outer loop
  vertex -7.3866715e-03 9.9597730e-03 7.6000000e-02
  vertex -8.9354900e-03 1.2048113e-02 7.6000000e-02
  vertex -7.8664765e-03 9.5853290e-03 7.6000000e-02
 endloop
endfacet
facet normal 0.000000e+00 0.000000e+00 1.000000e+00
 outer loop
  vertex -9.5159000e-03 1.1595157e-02 7.6000000e-02
  vertex -1.0073384e-02 1.1114266e-02 7.6000000e-02
  vertex -8.3273320e-03 9.1877950e-03 7.6000000e-02
 endloop
endfacet
facet normal 0.000000e+00 0.000000e+00 1.000000e+00
 outer loop
  vertex -7.8664765e-03 9.5853290e-03 7.6000000e-02
  vertex -9.5159000e-03 1.1595157e-02 7.6000000e-02
  vertex -8.3273320e-03 9.1877950e-03 7.6000000e-02
 endloop
endfacet
facet normal 0.000000e+00 0.000000e+00 1.000000e+00
 outer loop
  vertex -1.0073384e-02 1.1114266e-02 7.6000000e-02
  vertex -1.0606602e-02 1.0606602e-02 7.6000000e-02
  vertex -8.7681250e-03 8.7681250e-03 7.6000000e-02
 endloop
endfacet
facet normal 0.000000e+00 0.000000e+00 1.000000e+00
 outer loop
  vertex -8.3273320e-03 9.1877950e-03 7.6000000e-02
  vertex -1.0073384e-02 1.1114266e-02 7.6000000e-02
  vertex -8.7681250e-03 8.7681250e-03 7.6000000e-02
 endloop
endfacet
facet normal 0.000000e+00 0.000000e+00 1.000000e+00
 outer loop
  vertex -1.0606602e-02 1.0606602e-02 7.6000000e-02
  vertex -1.1114266e-02 1.0073384e-02 7.6000000e-02
  vertex -9.1877950e-03 8.3273320e-03 7.6000000e-02
 endloop
endfacet
facet normal 0.000000e+00 0.000000e+00 1.000000e+00
 outer loop
  vertex -8.7681250e-03 8.7681250e-03 7.6000000e-02
  vertex -1.0606602e-02 1.0606602e-02 7.6000000e-02
  vertex -9.1877950e-03 8.3273320e-03 7.6000000e-02
 endloop
endfacet
facet normal 0.000000e+00 0.000000e+00 1.000000e+00
 outer loop
  vertex -1.1114266e-02 1.0073384e-02 7.6000000e-02
  vertex -1.1595157e-02 9.5159000e-03 7.6000000e-02
  vertex -9.5853290e-03 7.8664765e-03 7.6000000e-02
 endloop
endfacet
facet normal 0.000000e+00 0.000000e+00 1.000000e+00
 outer loop
  vertex -9.1877950e-03 8.3273320e-03 7.6000000e-02
  vertex -1.1114266e-02 1.0073384e-02 7.6000000e-02
  vertex -9.5853290e-03 7.8664765e-03 7.6000000e-02
 endloop
endfacet
facet normal 0.000000e+00 0.000000e+00 1.000000e+00
 outer loop
  vertex -1.1595157e-02 9.5159000e-03 7.6000000e-02
  vertex -1.2048113e-02 8.9354900e-03 7.6000000e-02
  vertex -9.9597730e-03 7.3866715e-03 7.6000000e-02
 endloop
endfacet
facet normal 0.000000e+00 0.000000e+00 1.000000e+00
 outer loop
  vertex -9.5853290e-03 7.8664765e-03 7.6000000e-02
  vertex -1.1595157e-02 9.5159000e-03 7.6000000e-02
  vertex -9.9597730e-03 7.3866715e-03 7.6000000e-02
 endloop
endfacet
facet normal 0.000000e+00 0.000000e+00 1.000000e+00
 outer loop
  vertex -1.2048113e-02 8.9354900e-03 7.6000000e-02
  vertex -1.2472044e-02 8.3335530e-03 7.6000000e-02
  vertex -1.0310224e-02 6.8890710e-03 7.6000000e-02
 endloop
endfacet
facet normal 0.000000e+00 0.000000e+00 1.000000e+00
 outer loop
  vertex -9.9597730e-03 7.3866715e-03 7.6000000e-02
  vertex -1.2048113e-02 8.9354900e-03 7.6000000e-02
  vertex -1.0310224e-02 6.8890710e-03 7.6000000e-02
 endloop
endfacet
facet normal 0.000000e+00 0.000000e+00 1.000000e+00
 outer loop
  vertex -1.2472044e-02 8.3335530e-03 7.6000000e-02
  vertex -1.2865929e-02 7.7115410e-03 7.6000000e-02
  vertex -1.0635835e-02 6.3748740e-03 7.6000000e-02
 endloop
endfacet
facet normal 0.000000e+00 0.000000e+00 1.000000e+00
 outer loop
  vertex -1.0310224e-02 6.8890710e-03 7.6000000e-02
  vertex -1.2472044e-02 8.3335530e-03 7.6000000e-02
  vertex -1.0635835e-02 6.3748740e-03 7.6000000e-02
 endloop
endfacet
facet normal 0.000000e+00 0.000000e+00 1.000000e+00
 outer loop
  vertex -1.2865929e-02 7.7115410e-03 7.6000000e-02
  vertex -1.3228819e-02 7.0709510e-03 7.6000000e-02
  vertex -1.0935823e-02 5.8453193e-03 7.6000000e-02
 endloop
endfacet
facet normal 0.000000e+00 0.000000e+00 1.000000e+00
 outer loop
  vertex -1.0635835e-02 6.3748740e-03 7.6000000e-02
  vertex -1.2865929e-02 7.7115410e-03 7.6000000e-02
  vertex -1.0935823e-02 5.8453193e-03 7.6000000e-02
 endloop
endfacet
facet normal 0.000000e+00 0.000000e+00 1.000000e+00
 outer loop
  vertex -1.3228819e-02 7.0709510e-03 7.6000000e-02
  vertex -1.3559839e-02 6.4133267e-03 7.6000000e-02
  vertex -1.1209468e-02 5.3016834e-03 7.6000000e-02
 endloop
endfacet
facet normal 0.000000e+00 0.000000e+00 1.000000e+00
 outer loop
  vertex -1.0935823e-02 5.8453193e-03 7.6000000e-02
  vertex -1.3228819e-02 7.0709510e-03 7.6000000e-02
  vertex -1.1209468e-02 5.3016834e-03 7.6000000e-02
 endloop
endfacet
facet normal 0.000000e+00 0.000000e+00 1.000000e+00
 outer loop
  vertex -1.3559839e-02 6.4133267e-03 7.6000000e-02
  vertex -1.3858192e-02 5.7402515e-03 7.6000000e-02
  vertex -1.1456106e-02 4.7452745e-03 7.6000000e-02
 endloop
endfacet
facet normal 0.000000e+00 0.000000e+00 1.000000e+00
 outer loop
  vertex -1.1209468e-02 5.3016834e-03 7.6000000e-02
  vertex -1.3559839e-02 6.4133267e-03 7.6000000e-02
  vertex -1.1456106e-02 4.7452745e-03 7.6000000e-02
 endloop
endfacet
facet normal 0.000000e+00 0.000000e+00 1.000000e+00
 outer loop
  vertex -1.3858192e-02 5.7402515e-03 7.6000000e-02
  vertex -1.4123161e-02 5.0533480e-03 7.6000000e-02
  vertex -1.1675146e-02 4.1774344e-03 7.6000000e-02
 endloop
endfacet
facet normal 0.000000e+00 0.000000e+00 1.000000e+00
 outer loop
  vertex -1.1456106e-02 4.7452745e-03 7.6000000e-02
  vertex -1.3858192e-02 5.7402515e-03 7.6000000e-02
  vertex -1.1675146e-02 4.1774344e-03 7.6000000e-02
 endloop
endfacet
facet normal 0.000000e+00 0.000000e+00 1.000000e+00
 outer loop
  vertex -1.4123161e-02 5.0533480e-03 7.6000000e-02
  vertex -1.4354105e-02 4.3542700e-03 7.6000000e-02
  vertex -1.1866060e-02 3.5995300e-03 7.6000000e-02
 endloop
endfacet
facet normal 0.000000e+00 0.000000e+00 1.000000e+00
 outer loop
  vertex -1.1675146e-02 4.1774344e-03 7.6000000e-02
  vertex -1.4123161e-02 5.0533480e-03 7.6000000e-02
  vertex -1.1866060e-02 3.5995300e-03 7.6000000e-02
 endloop
endfacet
facet normal 0.000000e+00 0.000000e+00 1.000000e+00
 outer loop
  vertex -1.2400001e-02 -0.0000000e+00 7.6000000e-02
  vertex -1.4981932e-02 7.3601510e-04 7.6000000e-02
  vertex -1.5000000e-02 -0.0000000e+00 7.6000000e-02
 endloop
endfacet
facet normal 0.000000e+00 0.000000e+00 1.000000e+00
 outer loop
  vertex -1.2400001e-02 -0.0000000e+00 7.6000000e-02
  vertex -1.5000000e-02 -0.0000000e+00 7.6000000e-02
  vertex -1.4981932e-02 -7.3601510e-04 7.6000000e-02
 endloop
endfacet
facet normal 0.000000e+00 0.000000e+00 1.000000e+00
 outer loop
  vertex -7.3866715e-03 -9.9597730e-03 7.6000000e-02
  vertex -7.8664765e-03 -9.5853290e-03 7.6000000e-02
  vertex -9.5159000e-03 -1.1595157e-02 7.6000000e-02
 endloop
endfacet
facet normal 0.000000e+00 0.000000e+00 1.000000e+00
 outer loop
  vertex -1.1114266e-02 -1.0073384e-02 7.6000000e-02
  vertex -8.7681250e-03 -8.7681250e-03 7.6000000e-02
  vertex -9.1877950e-03 -8.3273320e-03 7.6000000e-02
 endloop
endfacet
facet normal 0.000000e+00 0.000000e+00 1.000000e+00
 outer loop
  vertex -8.3273320e-03 -9.1877950e-03 7.6000000e-02
  vertex -1.0606602e-02 -1.0606602e-02 7.6000000e-02
  vertex -1.0073384e-02 -1.1114266e-02 7.6000000e-02
 endloop
endfacet
facet normal 0.000000e+00 -0.000000e+00 1.000000e+00
 outer loop
  vertex -1.1595157e-02 -9.5159000e-03 7.6000000e-02
  vertex -9.5853290e-03 -7.8664765e-03 7.6000000e-02
  vertex -1.2048113e-02 -8.9354900e-03 7.6000000e-02
 endloop
endfacet
facet normal 0.000000e+00 0.000000e+00 1.000000e+00
 outer loop
  vertex -9.9597730e-03 -7.3866715e-03 7.6000000e-02
  vertex -1.0310224e-02 -6.8890710e-03 7.6000000e-02
  vertex -1.2472044e-02 -8.3335530e-03 7.6000000e-02
 endloop
endfacet
facet normal 0.000000e+00 0.000000e+00 1.000000e+00
 outer loop
  vertex -1.0635835e-02 -6.3748740e-03 7.6000000e-02
  vertex -1.3228819e-02 -7.0709510e-03 7.6000000e-02
  vertex -1.2865929e-02 -7.7115410e-03 7.6000000e-02
 endloop
endfacet
facet normal 0.000000e+00 0.000000e+00 1.000000e+00
 outer loop
  vertex -1.1209468e-02 -5.3016834e-03 7.6000000e-02
  vertex -1.3559839e-02 -6.4133267e-03 7.6000000e-02
  vertex -1.0935823e-02 -5.8453193e-03 7.6000000e-02
 endloop
endfacet
facet normal -0.000000e+00 0.000000e+00 1.000000e+00
 outer loop
  vertex -1.4123161e-02 -5.0533480e-03 7.6000000e-02
  vertex -1.3858192e-02 -5.7402515e-03 7.6000000e-02
  vertex -1.1456106e-02 -4.7452745e-03 7.6000000e-02
 endloop
endfacet
facet normal 0.000000e+00 0.000000e+00 1.000000e+00
 outer loop
  vertex -1.4354105e-02 -4.3542700e-03 7.6000000e-02
  vertex -1.1675146e-02 -4.1774344e-03 7.6000000e-02
  vertex -1.1866060e-02 -3.5995300e-03 7.6000000e-02
 endloop
endfacet
facet normal 0.000000e+00 -0.000000e+00 1.000000e+00
 outer loop
  vertex -1.4550468e-02 -3.6447027e-03 7.6000000e-02
  vertex -1.2028388e-02 -3.0129542e-03 7.6000000e-02
  vertex -1.4711780e-02 -2.9263546e-03 7.6000000e-02
 endloop
endfacet
facet normal 0.000000e+00 0.000000e+00 1.000000e+00
 outer loop
  vertex -1.4981932e-02 -7.3601510e-04 7.6000000e-02
  vertex -1.4927771e-02 -1.4702570e-03 7.6000000e-02
  vertex -1.2340290e-02 -1.2154125e-03 7.6000000e-02
 endloop
endfacet
facet normal 0.000000e+00 0.000000e+00 1.000000e+00
 outer loop
  vertex -1.4981932e-02 7.3601510e-04 7.6000000e-02
  vertex -1.2400001e-02 -0.0000000e+00 7.6000000e-02
  vertex -1.2385064e-02 6.0843915e-04 7.6000000e-02
 endloop
endfacet
facet normal 0.000000e+00 0.000000e+00 1.000000e+00
 outer loop
  vertex -1.4927771e-02 1.4702570e-03 7.6000000e-02
  vertex -1.4981932e-02 7.3601510e-04 7.6000000e-02
  vertex -1.2385064e-02 6.0843915e-04 7.6000000e-02
 endloop
endfacet
facet normal 0.000000e+00 0.000000e+00 1.000000e+00
 outer loop
  vertex -1.4927771e-02 1.4702570e-03 7.6000000e-02
  vertex -1.2385064e-02 6.0843915e-04 7.6000000e-02
  vertex -1.2340290e-02 1.2154125e-03 7.6000000e-02
 endloop
endfacet
facet normal 0.000000e+00 0.000000e+00 1.000000e+00
 outer loop
  vertex -1.4837647e-02 2.2009570e-03 7.6000000e-02
  vertex -1.4927771e-02 1.4702570e-03 7.6000000e-02
  vertex -1.2340290e-02 1.2154125e-03 7.6000000e-02
 endloop
endfacet
facet normal 0.000000e+00 0.000000e+00 1.000000e+00
 outer loop
  vertex -1.2265788e-02 1.8194579e-03 7.6000000e-02
  vertex -1.4837647e-02 2.2009570e-03 7.6000000e-02
  vertex -1.2340290e-02 1.2154125e-03 7.6000000e-02
 endloop
endfacet
facet normal 0.000000e+00 0.000000e+00 1.000000e+00
 outer loop
  vertex -1.2265788e-02 1.8194579e-03 7.6000000e-02
  vertex -1.4711780e-02 2.9263546e-03 7.6000000e-02
  vertex -1.4837647e-02 2.2009570e-03 7.6000000e-02
 endloop
endfacet
facet normal 0.000000e+00 -0.000000e+00 1.000000e+00
 outer loop
  vertex -1.2265788e-02 1.8194579e-03 7.6000000e-02
  vertex -1.2161737e-02 2.4191198e-03 7.6000000e-02
  vertex -1.4711780e-02 2.9263546e-03 7.6000000e-02
 endloop
endfacet
facet normal -0.000000e+00 0.000000e+00 1.000000e+00
 outer loop
  vertex -1.4711780e-02 2.9263546e-03 7.6000000e-02
  vertex -1.2161737e-02 2.4191198e-03 7.6000000e-02
  vertex -1.4550468e-02 3.6447027e-03 7.6000000e-02
 endloop
endfacet
facet normal 0.000000e+00 0.000000e+00 1.000000e+00
 outer loop
  vertex -1.4550468e-02 3.6447027e-03 7.6000000e-02
  vertex -1.2161737e-02 2.4191198e-03 7.6000000e-02
  vertex -1.2028388e-02 3.0129542e-03 7.6000000e-02
 endloop
endfacet
facet normal 0.000000e+00 0.000000e+00 1.000000e+00
 outer loop
  vertex -1.4354105e-02 4.3542700e-03 7.6000000e-02
  vertex -1.4550468e-02 3.6447027e-03 7.6000000e-02
  vertex -1.2028388e-02 3.0129542e-03 7.6000000e-02
 endloop
endfacet
facet normal 0.000000e+00 0.000000e+00 1.000000e+00
 outer loop
  vertex -1.1866060e-02 3.5995300e-03 7.6000000e-02
  vertex -1.4354105e-02 4.3542700e-03 7.6000000e-02
  vertex -1.2028388e-02 3.0129542e-03 7.6000000e-02
 endloop
endfacet
facet normal -0.000000e+00 0.000000e+00 1.000000e+00
 outer loop
  vertex -9.5159000e-03 -1.1595157e-02 7.6000000e-02
  vertex -8.9354900e-03 -1.2048113e-02 7.6000000e-02
  vertex -7.3866715e-03 -9.9597730e-03 7.6000000e-02
 endloop
endfacet
facet normal 0.000000e+00 0.000000e+00 1.000000e+00
 outer loop
  vertex -1.2161737e-02 -2.4191198e-03 7.6000000e-02
  vertex -1.2265788e-02 -1.8194579e-03 7.6000000e-02
  vertex -1.4837647e-02 -2.2009570e-03 7.6000000e-02
 endloop
endfacet
facet normal -9.996988e-01 -2.454102e-02 -0.000000e+00
 outer loop
  vertex -1.4981932e-02 -7.3601510e-04 7.6000000e-02
  vertex -1.5000000e-02 -0.0000000e+00 7.6000000e-02
  vertex -1.4981932e-02 -7.3601510e-04 7.2000000e-02
 endloop
endfacet
facet normal -9.972905e-01 -7.356465e-02 0.000000e+00
 outer loop
  vertex -1.4927771e-02 -1.4702570e-03 7.6000000e-02
  vertex -1.4981932e-02 -7.3601510e-04 7.6000000e-02
  vertex -1.4981932e-02 -7.3601510e-04 7.2000000e-02
 endloop
endfacet
facet normal -9.924794e-01 -1.224117e-01 0.000000e+00
 outer loop
  vertex -1.4837647e-02 -2.2009570e-03 7.6000000e-02
  vertex -1.4927771e-02 -1.4702570e-03 7.6000000e-02
  vertex -1.4927771e-02 -1.4702570e-03 7.2000000e-02
 endloop
endfacet
facet normal -9.924794e-01 -1.224117e-01 0.000000e+00
 outer loop
  vertex -1.4837647e-02 -2.2009570e-03 7.2000000e-02
  vertex -1.4837647e-02 -2.2009570e-03 7.6000000e-02
  vertex -1.4927771e-02 -1.4702570e-03 7.2000000e-02
 endloop
endfacet
facet normal -9.852780e-01 -1.709600e-01 0.000000e+00
 outer loop
  vertex -1.4711780e-02 -2.9263546e-03 7.2000000e-02
  vertex -1.4711780e-02 -2.9263546e-03 7.6000000e-02
  vertex -1.4837647e-02 -2.2009570e-03 7.2000000e-02
 endloop
endfacet
facet normal -9.757017e-01 -2.191032e-01 0.000000e+00
 outer loop
  vertex -1.4711780e-02 -2.9263546e-03 7.2000000e-02
  vertex -1.4550468e-02 -3.6447027e-03 7.6000000e-02
  vertex -1.4711780e-02 -2.9263546e-03 7.6000000e-02
 endloop
endfacet
facet normal -9.637763e-01 -2.667119e-01 0.000000e+00
 outer loop
  vertex -1.4550468e-02 -3.6447027e-03 7.2000000e-02
  vertex -1.4354105e-02 -4.3542700e-03 7.6000000e-02
  vertex -1.4550468e-02 -3.6447027e-03 7.6000000e-02
 endloop
endfacet
facet normal -9.637763e-01 -2.667119e-01 0.000000e+00
 outer loop
  vertex -1.4550468e-02 -3.6447027e-03 7.2000000e-02
  vertex -1.4354105e-02 -4.3542700e-03 7.2000000e-02
  vertex -1.4354105e-02 -4.3542700e-03 7.6000000e-02
 endloop
endfacet
facet normal -9.495283e-01 -3.136815e-01 0.000000e+00
 outer loop
  vertex -1.4354105e-02 -4.3542700e-03 7.2000000e-02
  vertex -1.4123161e-02 -5.0533480e-03 7.2000000e-02
  vertex -1.4123161e-02 -5.0533480e-03 7.6000000e-02
 endloop
endfacet
facet normal -9.329923e-01 -3.598963e-01 -0.000000e+00
 outer loop
  vertex -1.4123161e-02 -5.0533480e-03 7.6000000e-02
  vertex -1.4123161e-02 -5.0533480e-03 7.2000000e-02
  vertex -1.3858192e-02 -5.7402515e-03 7.6000000e-02
 endloop
endfacet
facet normal -9.142101e-01 -4.052405e-01 -0.000000e+00
 outer loop
  vertex -1.3858192e-02 -5.7402515e-03 7.6000000e-02
  vertex -1.3858192e-02 -5.7402515e-03 7.2000000e-02
  vertex -1.3559839e-02 -6.4133267e-03 7.6000000e-02
 endloop
endfacet
facet normal -9.142101e-01 -4.052405e-01 -0.000000e+00
 outer loop
  vertex -1.3559839e-02 -6.4133267e-03 7.6000000e-02
  vertex -1.3858192e-02 -5.7402515e-03 7.2000000e-02
  vertex -1.3559839e-02 -6.4133267e-03 7.2000000e-02
 endloop
endfacet
facet normal -8.932244e-01 -4.496111e-01 -0.000000e+00
 outer loop
  vertex -1.3228819e-02 -7.0709510e-03 7.6000000e-02
  vertex -1.3559839e-02 -6.4133267e-03 7.2000000e-02
  vertex -1.3228819e-02 -7.0709510e-03 7.2000000e-02
 endloop
endfacet
facet normal -8.700868e-01 -4.928984e-01 0.000000e+00
 outer loop
  vertex -1.2865929e-02 -7.7115410e-03 7.6000000e-02
  vertex -1.3228819e-02 -7.0709510e-03 7.6000000e-02
  vertex -1.3228819e-02 -7.0709510e-03 7.2000000e-02
 endloop
endfacet
facet normal -8.448534e-01 -5.349979e-01 0.000000e+00
 outer loop
  vertex -1.2472044e-02 -8.3335530e-03 7.6000000e-02
  vertex -1.2865929e-02 -7.7115410e-03 7.6000000e-02
  vertex -1.2865929e-02 -7.7115410e-03 7.2000000e-02
 endloop
endfacet
facet normal -8.448534e-01 -5.349979e-01 0.000000e+00
 outer loop
  vertex -1.2472044e-02 -8.3335530e-03 7.2000000e-02
  vertex -1.2472044e-02 -8.3335530e-03 7.6000000e-02
  vertex -1.2865929e-02 -7.7115410e-03 7.2000000e-02
 endloop
endfacet
facet normal -8.175854e-01 -5.758074e-01 0.000000e+00
 outer loop
  vertex -1.2048113e-02 -8.9354900e-03 7.2000000e-02
  vertex -1.2048113e-02 -8.9354900e-03 7.6000000e-02
  vertex -1.2472044e-02 -8.3335530e-03 7.2000000e-02
 endloop
endfacet
facet normal -7.883467e-01 -6.152312e-01 0.000000e+00
 outer loop
  vertex -1.2048113e-02 -8.9354900e-03 7.2000000e-02
  vertex -1.1595157e-02 -9.5159000e-03 7.6000000e-02
  vertex -1.2048113e-02 -8.9354900e-03 7.6000000e-02
 endloop
endfacet
facet normal -7.572075e-01 -6.531744e-01 0.000000e+00
 outer loop
  vertex -1.1595157e-02 -9.5159000e-03 7.2000000e-02
  vertex -1.1114266e-02 -1.0073384e-02 7.6000000e-02
  vertex -1.1595157e-02 -9.5159000e-03 7.6000000e-02
 endloop
endfacet
facet normal -7.572075e-01 -6.531744e-01 0.000000e+00
 outer loop
  vertex -1.1595157e-02 -9.5159000e-03 7.2000000e-02
  vertex -1.1114266e-02 -1.0073384e-02 7.2000000e-02
  vertex -1.1114266e-02 -1.0073384e-02 7.6000000e-02
 endloop
endfacet
facet normal -7.242483e-01 -6.895393e-01 0.000000e+00
 outer loop
  vertex -1.1114266e-02 -1.0073384e-02 7.2000000e-02
  vertex -1.0606602e-02 -1.0606602e-02 7.2000000e-02
  vertex -1.0606602e-02 -1.0606602e-02 7.6000000e-02
 endloop
endfacet
facet normal -6.895393e-01 -7.242483e-01 -0.000000e+00
 outer loop
  vertex -1.0606602e-02 -1.0606602e-02 7.6000000e-02
  vertex -1.0606602e-02 -1.0606602e-02 7.2000000e-02
  vertex -1.0073384e-02 -1.1114266e-02 7.6000000e-02
 endloop
endfacet
facet normal -6.531744e-01 -7.572075e-01 -0.000000e+00
 outer loop
  vertex -1.0073384e-02 -1.1114266e-02 7.6000000e-02
  vertex -1.0073384e-02 -1.1114266e-02 7.2000000e-02
  vertex -9.5159000e-03 -1.1595157e-02 7.6000000e-02
 endloop
endfacet
facet normal -6.531744e-01 -7.572075e-01 -0.000000e+00
 outer loop
  vertex -9.5159000e-03 -1.1595157e-02 7.6000000e-02
  vertex -1.0073384e-02 -1.1114266e-02 7.2000000e-02
  vertex -9.5159000e-03 -1.1595157e-02 7.2000000e-02
 endloop
endfacet
facet normal -6.152312e-01 -7.883467e-01 -0.000000e+00
 outer loop
  vertex -8.9354900e-03 -1.2048113e-02 7.6000000e-02
  vertex -9.5159000e-03 -1.1595157e-02 7.2000000e-02
  vertex -8.9354900e-03 -1.2048113e-02 7.2000000e-02
 endloop
endfacet
facet normal -5.758074e-01 -8.175854e-01 0.000000e+00
 outer loop
  vertex -8.3335530e-03 -1.2472044e-02 7.6000000e-02
  vertex -8.9354900e-03 -1.2048113e-02 7.6000000e-02
  vertex -8.9354900e-03 -1.2048113e-02 7.2000000e-02
 endloop
endfacet
facet normal -5.349979e-01 -8.448534e-01 0.000000e+00
 outer loop
  vertex -7.7115410e-03 -1.2865929e-02 7.6000000e-02
  vertex -8.3335530e-03 -1.2472044e-02 7.6000000e-02
  vertex -8.3335530e-03 -1.2472044e-02 7.2000000e-02
 endloop
endfacet
facet normal -5.349979e-01 -8.448534e-01 0.000000e+00
 outer loop
  vertex -7.7115410e-03 -1.2865929e-02 7.2000000e-02
  vertex -7.7115410e-03 -1.2865929e-02 7.6000000e-02
  vertex -8.3335530e-03 -1.2472044e-02 7.2000000e-02
 endloop
endfacet
facet normal -4.496111e-01 -8.932244e-01 0.000000e+00
 outer loop
  vertex -7.0709510e-03 -1.3228819e-02 7.2000000e-02
  vertex -6.4133267e-03 -1.3559839e-02 7.6000000e-02
  vertex -7.0709510e-03 -1.3228819e-02 7.6000000e-02
 endloop
endfacet
facet normal -4.052405e-01 -9.142101e-01 0.000000e+00
 outer loop
  vertex -5.7402515e-03 -1.3858192e-02 7.2000000e-02
  vertex -5.7402515e-03 -1.3858192e-02 7.6000000e-02
  vertex -6.4133267e-03 -1.3559839e-02 7.2000000e-02
 endloop
endfacet
facet normal -3.598963e-01 -9.329923e-01 0.000000e+00
 outer loop
  vertex -5.0533480e-03 -1.4123161e-02 7.2000000e-02
  vertex -5.0533480e-03 -1.4123161e-02 7.6000000e-02
  vertex -5.7402515e-03 -1.3858192e-02 7.2000000e-02
 endloop
endfacet
facet normal -3.136815e-01 -9.495283e-01 0.000000e+00
 outer loop
  vertex -4.3542700e-03 -1.4354105e-02 7.2000000e-02
  vertex -4.3542700e-03 -1.4354105e-02 7.6000000e-02
  vertex -5.0533480e-03 -1.4123161e-02 7.2000000e-02
 endloop
endfacet
facet normal -2.191032e-01 -9.757017e-01 0.000000e+00
 outer loop
  vertex -2.9263546e-03 -1.4711780e-02 7.6000000e-02
  vertex -3.6447027e-03 -1.4550468e-02 7.6000000e-02
  vertex -3.6447027e-03 -1.4550468e-02 7.2000000e-02
 endloop
endfacet
facet normal -1.709600e-01 -9.852780e-01 0.000000e+00
 outer loop
  vertex -2.2009570e-03 -1.4837647e-02 7.6000000e-02
  vertex -2.9263546e-03 -1.4711780e-02 7.6000000e-02
  vertex -2.9263546e-03 -1.4711780e-02 7.2000000e-02
 endloop
endfacet
facet normal -1.224117e-01 -9.924794e-01 -0.000000e+00
 outer loop
  vertex -1.4702570e-03 -1.4927771e-02 7.6000000e-02
  vertex -2.2009570e-03 -1.4837647e-02 7.2000000e-02
  vertex -1.4702570e-03 -1.4927771e-02 7.2000000e-02
 endloop
endfacet
facet normal -7.356465e-02 -9.972905e-01 -0.000000e+00
 outer loop
  vertex -7.3601510e-04 -1.4981932e-02 7.6000000e-02
  vertex -1.4702570e-03 -1.4927771e-02 7.2000000e-02
  vertex -7.3601510e-04 -1.4981932e-02 7.2000000e-02
 endloop
endfacet
facet normal -2.454102e-02 -9.996988e-01 -0.000000e+00
 outer loop
  vertex -9.1848520e-19 -1.5000000e-02 7.6000000e-02
  vertex -7.3601510e-04 -1.4981932e-02 7.2000000e-02
  vertex -9.1848520e-19 -1.5000000e-02 7.2000000e-02
 endloop
endfacet
facet normal 7.356465e-02 -9.972905e-01 0.000000e+00
 outer loop
  vertex 7.3601510e-04 -1.4981932e-02 7.6000000e-02
  vertex 7.3601510e-04 -1.4981932e-02 7.2000000e-02
  vertex 1.4702570e-03 -1.4927771e-02 7.6000000e-02
 endloop
endfacet
facet normal 1.224117e-01 -9.924794e-01 0.000000e+00
 outer loop
  vertex 1.4702570e-03 -1.4927771e-02 7.6000000e-02
  vertex 1.4702570e-03 -1.4927771e-02 7.2000000e-02
  vertex 2.2009570e-03 -1.4837647e-02 7.6000000e-02
 endloop
endfacet
facet normal 1.709600e-01 -9.852780e-01 0.000000e+00
 outer loop
  vertex 2.2009570e-03 -1.4837647e-02 7.6000000e-02
  vertex 2.2009570e-03 -1.4837647e-02 7.2000000e-02
  vertex 2.9263546e-03 -1.4711780e-02 7.6000000e-02
 endloop
endfacet
facet normal 2.191032e-01 -9.757017e-01 0.000000e+00
 outer loop
  vertex 2.9263546e-03 -1.4711780e-02 7.2000000e-02
  vertex 3.6447027e-03 -1.4550468e-02 7.2000000e-02
  vertex 3.6447027e-03 -1.4550468e-02 7.6000000e-02
 endloop
endfacet
facet normal 2.667119e-01 -9.637763e-01 0.000000e+00
 outer loop
  vertex 3.6447027e-03 -1.4550468e-02 7.2000000e-02
  vertex 4.3542700e-03 -1.4354105e-02 7.2000000e-02
  vertex 4.3542700e-03 -1.4354105e-02 7.6000000e-02
 endloop
endfacet
facet normal 3.136815e-01 -9.495283e-01 0.000000e+00
 outer loop
  vertex 4.3542700e-03 -1.4354105e-02 7.2000000e-02
  vertex 5.0533480e-03 -1.4123161e-02 7.2000000e-02
  vertex 5.0533480e-03 -1.4123161e-02 7.6000000e-02
 endloop
endfacet
facet normal 4.052405e-01 -9.142101e-01 0.000000e+00
 outer loop
  vertex 5.7402515e-03 -1.3858192e-02 7.2000000e-02
  vertex 6.4133267e-03 -1.3559839e-02 7.6000000e-02
  vertex 5.7402515e-03 -1.3858192e-02 7.6000000e-02
 endloop
endfacet
facet normal 4.496111e-01 -8.932244e-01 0.000000e+00
 outer loop
  vertex 6.4133267e-03 -1.3559839e-02 7.2000000e-02
  vertex 7.0709510e-03 -1.3228819e-02 7.6000000e-02
  vertex 6.4133267e-03 -1.3559839e-02 7.6000000e-02
 endloop
endfacet
facet normal 4.928984e-01 -8.700868e-01 0.000000e+00
 outer loop
  vertex 7.0709510e-03 -1.3228819e-02 7.2000000e-02
  vertex 7.7115410e-03 -1.2865929e-02 7.6000000e-02
  vertex 7.0709510e-03 -1.3228819e-02 7.6000000e-02
 endloop
endfacet
facet normal 5.349979e-01 -8.448534e-01 0.000000e+00
 outer loop
  vertex 8.3335530e-03 -1.2472044e-02 7.2000000e-02
  vertex 8.3335530e-03 -1.2472044e-02 7.6000000e-02
  vertex 7.7115410e-03 -1.2865929e-02 7.2000000e-02
 endloop
endfacet
facet normal 5.758074e-01 -8.175854e-01 0.000000e+00
 outer loop
  vertex 8.9354900e-03 -1.2048113e-02 7.2000000e-02
  vertex 8.9354900e-03 -1.2048113e-02 7.6000000e-02
  vertex 8.3335530e-03 -1.2472044e-02 7.2000000e-02
 endloop
endfacet
facet normal 6.152312e-01 -7.883467e-01 0.000000e+00
 outer loop
  vertex 9.5159000e-03 -1.1595157e-02 7.2000000e-02
  vertex 9.5159000e-03 -1.1595157e-02 7.6000000e-02
  vertex 8.9354900e-03 -1.2048113e-02 7.2000000e-02
 endloop
endfacet
facet normal 6.895393e-01 -7.242483e-01 0.000000e+00
 outer loop
  vertex 1.0606602e-02 -1.0606602e-02 7.6000000e-02
  vertex 1.0073384e-02 -1.1114266e-02 7.6000000e-02
  vertex 1.0073384e-02 -1.1114266e-02 7.2000000e-02
 endloop
endfacet
facet normal 7.242483e-01 -6.895393e-01 0.000000e+00
 outer loop
  vertex 1.1114266e-02 -1.0073384e-02 7.6000000e-02
  vertex 1.0606602e-02 -1.0606602e-02 7.6000000e-02
  vertex 1.0606602e-02 -1.0606602e-02 7.2000000e-02
 endloop
endfacet
facet normal 7.572075e-01 -6.531744e-01 0.000000e+00
 outer loop
  vertex 1.1595157e-02 -9.5159000e-03 7.6000000e-02
  vertex 1.1114266e-02 -1.0073384e-02 7.6000000e-02
  vertex 1.1114266e-02 -1.0073384e-02 7.2000000e-02
 endloop
endfacet
facet normal 7.883467e-01 -6.152312e-01 0.000000e+00
 outer loop
  vertex 1.2048113e-02 -8.9354900e-03 7.6000000e-02
  vertex 1.1595157e-02 -9.5159000e-03 7.6000000e-02
  vertex 1.1595157e-02 -9.5159000e-03 7.2000000e-02
 endloop
endfacet
facet normal 8.175854e-01 -5.758074e-01 0.000000e+00
 outer loop
  vertex 1.2472044e-02 -8.3335530e-03 7.6000000e-02
  vertex 1.2048113e-02 -8.9354900e-03 7.2000000e-02
  vertex 1.2472044e-02 -8.3335530e-03 7.2000000e-02
 endloop
endfacet
facet normal 8.448534e-01 -5.349979e-01 0.000000e+00
 outer loop
  vertex 1.2865929e-02 -7.7115410e-03 7.6000000e-02
  vertex 1.2472044e-02 -8.3335530e-03 7.2000000e-02
  vertex 1.2865929e-02 -7.7115410e-03 7.2000000e-02
 endloop
endfacet
facet normal 8.700868e-01 -4.928984e-01 0.000000e+00
 outer loop
  vertex 1.3228819e-02 -7.0709510e-03 7.6000000e-02
  vertex 1.2865929e-02 -7.7115410e-03 7.2000000e-02
  vertex 1.3228819e-02 -7.0709510e-03 7.2000000e-02
 endloop
endfacet
facet normal 8.932244e-01 -4.496111e-01 0.000000e+00
 outer loop
  vertex 1.3559839e-02 -6.4133267e-03 7.6000000e-02
  vertex 1.3228819e-02 -7.0709510e-03 7.2000000e-02
  vertex 1.3559839e-02 -6.4133267e-03 7.2000000e-02
 endloop
endfacet
facet normal 9.329923e-01 -3.598963e-01 0.000000e+00
 outer loop
  vertex 1.3858192e-02 -5.7402515e-03 7.6000000e-02
  vertex 1.3858192e-02 -5.7402515e-03 7.2000000e-02
  vertex 1.4123161e-02 -5.0533480e-03 7.6000000e-02
 endloop
endfacet
facet normal 9.495283e-01 -3.136815e-01 0.000000e+00
 outer loop
  vertex 1.4123161e-02 -5.0533480e-03 7.6000000e-02
  vertex 1.4123161e-02 -5.0533480e-03 7.2000000e-02
  vertex 1.4354105e-02 -4.3542700e-03 7.6000000e-02
 endloop
endfacet
facet normal 9.637763e-01 -2.667119e-01 0.000000e+00
 outer loop
  vertex 1.4354105e-02 -4.3542700e-03 7.6000000e-02
  vertex 1.4354105e-02 -4.3542700e-03 7.2000000e-02
  vertex 1.4550468e-02 -3.6447027e-03 7.6000000e-02
 endloop
endfacet
facet normal 9.757017e-01 -2.191032e-01 0.000000e+00
 outer loop
  vertex 1.4550468e-02 -3.6447027e-03 7.6000000e-02
  vertex 1.4550468e-02 -3.6447027e-03 7.2000000e-02
  vertex 1.4711780e-02 -2.9263546e-03 7.6000000e-02
 endloop
endfacet
facet normal 9.852780e-01 -1.709600e-01 0.000000e+00
 outer loop
  vertex 1.4711780e-02 -2.9263546e-03 7.6000000e-02
  vertex 1.4711780e-02 -2.9263546e-03 7.2000000e-02
  vertex 1.4837647e-02 -2.2009570e-03 7.6000000e-02
 endloop
endfacet
facet normal 9.996988e-01 -2.454102e-02 0.000000e+00
 outer loop
  vertex 1.5000000e-02 -0.0000000e+00 7.6000000e-02
  vertex 1.4981932e-02 -7.3601510e-04 7.2000000e-02
  vertex 1.5000000e-02 -0.0000000e+00 7.2000000e-02
 endloop
endfacet
facet normal 9.924794e-01 -1.224117e-01 0.000000e+00
 outer loop
  vertex 1.4927771e-02 -1.4702570e-03 7.6000000e-02
  vertex 1.4837647e-02 -2.2009570e-03 7.6000000e-02
  vertex 1.4837647e-02 -2.2009570e-03 7.2000000e-02
 endloop
endfacet
facet normal 9.996988e-01 -2.454102e-02 0.000000e+00
 outer loop
  vertex 1.4981932e-02 -7.3601510e-04 7.6000000e-02
  vertex 1.4981932e-02 -7.3601510e-04 7.2000000e-02
  vertex 1.5000000e-02 -0.0000000e+00 7.6000000e-02
 endloop
endfacet
facet normal 9.972905e-01 -7.356465e-02 0.000000e+00
 outer loop
  vertex 1.4927771e-02 -1.4702570e-03 7.6000000e-02
  vertex 1.4927771e-02 -1.4702570e-03 7.2000000e-02
  vertex 1.4981932e-02 -7.3601510e-04 7.6000000e-02
 endloop
endfacet
facet normal 9.924794e-01 -1.224117e-01 0.000000e+00
 outer loop
  vertex 1.4927771e-02 -1.4702570e-03 7.6000000e-02
  vertex 1.4837647e-02 -2.2009570e-03 7.2000000e-02
  vertex 1.4927771e-02 -1.4702570e-03 7.2000000e-02
 endloop
endfacet
facet normal 9.852780e-01 -1.709600e-01 0.000000e+00
 outer loop
  vertex 1.4837647e-02 -2.2009570e-03 7.6000000e-02
  vertex 1.4711780e-02 -2.9263546e-03 7.2000000e-02
  vertex 1.4837647e-02 -2.2009570e-03 7.2000000e-02
 endloop
endfacet
facet normal 9.757017e-01 -2.191032e-01 0.000000e+00
 outer loop
  vertex 1.4711780e-02 -2.9263546e-03 7.6000000e-02
  vertex 1.4550468e-02 -3.6447027e-03 7.2000000e-02
  vertex 1.4711780e-02 -2.9263546e-03 7.2000000e-02
 endloop
endfacet
facet normal 9.637763e-01 -2.667119e-01 0.000000e+00
 outer loop
  vertex 1.4550468e-02 -3.6447027e-03 7.6000000e-02
  vertex 1.4354105e-02 -4.3542700e-03 7.2000000e-02
  vertex 1.4550468e-02 -3.6447027e-03 7.2000000e-02
 endloop
endfacet
facet normal 9.495283e-01 -3.136815e-01 0.000000e+00
 outer loop
  vertex 1.4354105e-02 -4.3542700e-03 7.6000000e-02
  vertex 1.4123161e-02 -5.0533480e-03 7.2000000e-02
  vertex 1.4354105e-02 -4.3542700e-03 7.2000000e-02
 endloop
endfacet
facet normal 9.329923e-01 -3.598963e-01 0.000000e+00
 outer loop
  vertex 1.4123161e-02 -5.0533480e-03 7.6000000e-02
  vertex 1.3858192e-02 -5.7402515e-03 7.2000000e-02
  vertex 1.4123161e-02 -5.0533480e-03 7.2000000e-02
 endloop
endfacet
facet normal 9.142101e-01 -4.052405e-01 0.000000e+00
 outer loop
  vertex 1.3858192e-02 -5.7402515e-03 7.6000000e-02
  vertex 1.3559839e-02 -6.4133267e-03 7.2000000e-02
  vertex 1.3858192e-02 -5.7402515e-03 7.2000000e-02
 endloop
endfacet
facet normal 9.142101e-01 -4.052405e-01 0.000000e+00
 outer loop
  vertex 1.3858192e-02 -5.7402515e-03 7.6000000e-02
  vertex 1.3559839e-02 -6.4133267e-03 7.6000000e-02
  vertex 1.3559839e-02 -6.4133267e-03 7.2000000e-02
 endloop
endfacet
facet normal 8.932244e-01 -4.496111e-01 0.000000e+00
 outer loop
  vertex 1.3559839e-02 -6.4133267e-03 7.6000000e-02
  vertex 1.3228819e-02 -7.0709510e-03 7.6000000e-02
  vertex 1.3228819e-02 -7.0709510e-03 7.2000000e-02
 endloop
endfacet
facet normal 8.700868e-01 -4.928984e-01 0.000000e+00
 outer loop
  vertex 1.3228819e-02 -7.0709510e-03 7.6000000e-02
  vertex 1.2865929e-02 -7.7115410e-03 7.6000000e-02
  vertex 1.2865929e-02 -7.7115410e-03 7.2000000e-02
 endloop
endfacet
facet normal 8.448534e-01 -5.349979e-01 0.000000e+00
 outer loop
  vertex 1.2865929e-02 -7.7115410e-03 7.6000000e-02
  vertex 1.2472044e-02 -8.3335530e-03 7.6000000e-02
  vertex 1.2472044e-02 -8.3335530e-03 7.2000000e-02
 endloop
endfacet
facet normal 8.175854e-01 -5.758074e-01 0.000000e+00
 outer loop
  vertex 1.2472044e-02 -8.3335530e-03 7.6000000e-02
  vertex 1.2048113e-02 -8.9354900e-03 7.6000000e-02
  vertex 1.2048113e-02 -8.9354900e-03 7.2000000e-02
 endloop
endfacet
facet normal 7.883467e-01 -6.152312e-01 0.000000e+00
 outer loop
  vertex 1.2048113e-02 -8.9354900e-03 7.2000000e-02
  vertex 1.2048113e-02 -8.9354900e-03 7.6000000e-02
  vertex 1.1595157e-02 -9.5159000e-03 7.2000000e-02
 endloop
endfacet
facet normal 7.572075e-01 -6.531744e-01 0.000000e+00
 outer loop
  vertex 1.1595157e-02 -9.5159000e-03 7.2000000e-02
  vertex 1.1595157e-02 -9.5159000e-03 7.6000000e-02
  vertex 1.1114266e-02 -1.0073384e-02 7.2000000e-02
 endloop
endfacet
facet normal 7.242483e-01 -6.895393e-01 0.000000e+00
 outer loop
  vertex 1.1114266e-02 -1.0073384e-02 7.2000000e-02
  vertex 1.1114266e-02 -1.0073384e-02 7.6000000e-02
  vertex 1.0606602e-02 -1.0606602e-02 7.2000000e-02
 endloop
endfacet
facet normal 6.895393e-01 -7.242483e-01 0.000000e+00
 outer loop
  vertex 1.0606602e-02 -1.0606602e-02 7.2000000e-02
  vertex 1.0606602e-02 -1.0606602e-02 7.6000000e-02
  vertex 1.0073384e-02 -1.1114266e-02 7.2000000e-02
 endloop
endfacet
facet normal 6.531744e-01 -7.572075e-01 0.000000e+00
 outer loop
  vertex 1.0073384e-02 -1.1114266e-02 7.2000000e-02
  vertex 1.0073384e-02 -1.1114266e-02 7.6000000e-02
  vertex 9.5159000e-03 -1.1595157e-02 7.2000000e-02
 endloop
endfacet
facet normal 6.531744e-01 -7.572075e-01 0.000000e+00
 outer loop
  vertex 9.5159000e-03 -1.1595157e-02 7.2000000e-02
  vertex 1.0073384e-02 -1.1114266e-02 7.6000000e-02
  vertex 9.5159000e-03 -1.1595157e-02 7.6000000e-02
 endloop
endfacet
facet normal 6.152312e-01 -7.883467e-01 0.000000e+00
 outer loop
  vertex 8.9354900e-03 -1.2048113e-02 7.2000000e-02
  vertex 9.5159000e-03 -1.1595157e-02 7.6000000e-02
  vertex 8.9354900e-03 -1.2048113e-02 7.6000000e-02
 endloop
endfacet
facet normal 5.758074e-01 -8.175854e-01 0.000000e+00
 outer loop
  vertex 8.3335530e-03 -1.2472044e-02 7.2000000e-02
  vertex 8.9354900e-03 -1.2048113e-02 7.6000000e-02
  vertex 8.3335530e-03 -1.2472044e-02 7.6000000e-02
 endloop
endfacet
facet normal 5.349979e-01 -8.448534e-01 0.000000e+00
 outer loop
  vertex 7.7115410e-03 -1.2865929e-02 7.2000000e-02
  vertex 8.3335530e-03 -1.2472044e-02 7.6000000e-02
  vertex 7.7115410e-03 -1.2865929e-02 7.6000000e-02
 endloop
endfacet
facet normal 4.928984e-01 -8.700868e-01 0.000000e+00
 outer loop
  vertex 7.0709510e-03 -1.3228819e-02 7.2000000e-02
  vertex 7.7115410e-03 -1.2865929e-02 7.2000000e-02
  vertex 7.7115410e-03 -1.2865929e-02 7.6000000e-02
 endloop
endfacet
facet normal 4.496111e-01 -8.932244e-01 0.000000e+00
 outer loop
  vertex 6.4133267e-03 -1.3559839e-02 7.2000000e-02
  vertex 7.0709510e-03 -1.3228819e-02 7.2000000e-02
  vertex 7.0709510e-03 -1.3228819e-02 7.6000000e-02
 endloop
endfacet
facet normal 4.052405e-01 -9.142101e-01 0.000000e+00
 outer loop
  vertex 5.7402515e-03 -1.3858192e-02 7.2000000e-02
  vertex 6.4133267e-03 -1.3559839e-02 7.2000000e-02
  vertex 6.4133267e-03 -1.3559839e-02 7.6000000e-02
 endloop
endfacet
facet normal 3.598963e-01 -9.329923e-01 0.000000e+00
 outer loop
  vertex 5.0533480e-03 -1.4123161e-02 7.2000000e-02
  vertex 5.7402515e-03 -1.3858192e-02 7.2000000e-02
  vertex 5.7402515e-03 -1.3858192e-02 7.6000000e-02
 endloop
endfacet
facet normal 3.598963e-01 -9.329923e-01 0.000000e+00
 outer loop
  vertex 5.0533480e-03 -1.4123161e-02 7.6000000e-02
  vertex 5.0533480e-03 -1.4123161e-02 7.2000000e-02
  vertex 5.7402515e-03 -1.3858192e-02 7.6000000e-02
 endloop
endfacet
facet normal 3.136815e-01 -9.495283e-01 0.000000e+00
 outer loop
  vertex 4.3542700e-03 -1.4354105e-02 7.6000000e-02
  vertex 4.3542700e-03 -1.4354105e-02 7.2000000e-02
  vertex 5.0533480e-03 -1.4123161e-02 7.6000000e-02
 endloop
endfacet
facet normal 2.667119e-01 -9.637763e-01 0.000000e+00
 outer loop
  vertex 3.6447027e-03 -1.4550468e-02 7.6000000e-02
  vertex 3.6447027e-03 -1.4550468e-02 7.2000000e-02
  vertex 4.3542700e-03 -1.4354105e-02 7.6000000e-02
 endloop
endfacet
facet normal 2.191032e-01 -9.757017e-01 0.000000e+00
 outer loop
  vertex 2.9263546e-03 -1.4711780e-02 7.6000000e-02
  vertex 2.9263546e-03 -1.4711780e-02 7.2000000e-02
  vertex 3.6447027e-03 -1.4550468e-02 7.6000000e-02
 endloop
endfacet
facet normal 1.709600e-01 -9.852780e-01 0.000000e+00
 outer loop
  vertex 2.9263546e-03 -1.4711780e-02 7.6000000e-02
  vertex 2.2009570e-03 -1.4837647e-02 7.2000000e-02
  vertex 2.9263546e-03 -1.4711780e-02 7.2000000e-02
 endloop
endfacet
facet normal 1.224117e-01 -9.924794e-01 0.000000e+00
 outer loop
  vertex 2.2009570e-03 -1.4837647e-02 7.6000000e-02
  vertex 1.4702570e-03 -1.4927771e-02 7.2000000e-02
  vertex 2.2009570e-03 -1.4837647e-02 7.2000000e-02
 endloop
endfacet
facet normal 7.356465e-02 -9.972905e-01 0.000000e+00
 outer loop
  vertex 1.4702570e-03 -1.4927771e-02 7.6000000e-02
  vertex 7.3601510e-04 -1.4981932e-02 7.2000000e-02
  vertex 1.4702570e-03 -1.4927771e-02 7.2000000e-02
 endloop
endfacet
facet normal 2.454102e-02 -9.996988e-01 0.000000e+00
 outer loop
  vertex 7.3601510e-04 -1.4981932e-02 7.6000000e-02
  vertex -9.1848520e-19 -1.5000000e-02 7.2000000e-02
  vertex 7.3601510e-04 -1.4981932e-02 7.2000000e-02
 endloop
endfacet
facet normal 2.454102e-02 -9.996988e-01 0.000000e+00
 outer loop
  vertex 7.3601510e-04 -1.4981932e-02 7.6000000e-02
  vertex -9.1848520e-19 -1.5000000e-02 7.6000000e-02
  vertex -9.1848520e-19 -1.5000000e-02 7.2000000e-02
 endloop
endfacet
facet normal -2.454102e-02 -9.996988e-01 0.000000e+00
 outer loop
  vertex -9.1848520e-19 -1.5000000e-02 7.6000000e-02
  vertex -7.3601510e-04 -1.4981932e-02 7.6000000e-02
  vertex -7.3601510e-04 -1.4981932e-02 7.2000000e-02
 endloop
endfacet
facet normal -7.356465e-02 -9.972905e-01 0.000000e+00
 outer loop
  vertex -7.3601510e-04 -1.4981932e-02 7.6000000e-02
  vertex -1.4702570e-03 -1.4927771e-02 7.6000000e-02
  vertex -1.4702570e-03 -1.4927771e-02 7.2000000e-02
 endloop
endfacet
facet normal -1.224117e-01 -9.924794e-01 0.000000e+00
 outer loop
  vertex -1.4702570e-03 -1.4927771e-02 7.6000000e-02
  vertex -2.2009570e-03 -1.4837647e-02 7.6000000e-02
  vertex -2.2009570e-03 -1.4837647e-02 7.2000000e-02
 endloop
endfacet
facet normal -1.709600e-01 -9.852780e-01 0.000000e+00
 outer loop
  vertex -2.2009570e-03 -1.4837647e-02 7.2000000e-02
  vertex -2.2009570e-03 -1.4837647e-02 7.6000000e-02
  vertex -2.9263546e-03 -1.4711780e-02 7.2000000e-02
 endloop
endfacet
facet normal -2.191032e-01 -9.757017e-01 0.000000e+00
 outer loop
  vertex -2.9263546e-03 -1.4711780e-02 7.2000000e-02
  vertex -2.9263546e-03 -1.4711780e-02 7.6000000e-02
  vertex -3.6447027e-03 -1.4550468e-02 7.2000000e-02
 endloop
endfacet
facet normal -2.667119e-01 -9.637763e-01 0.000000e+00
 outer loop
  vertex -3.6447027e-03 -1.4550468e-02 7.2000000e-02
  vertex -3.6447027e-03 -1.4550468e-02 7.6000000e-02
  vertex -4.3542700e-03 -1.4354105e-02 7.2000000e-02
 endloop
endfacet
facet normal -2.667119e-01 -9.637763e-01 0.000000e+00
 outer loop
  vertex -4.3542700e-03 -1.4354105e-02 7.2000000e-02
  vertex -3.6447027e-03 -1.4550468e-02 7.6000000e-02
  vertex -4.3542700e-03 -1.4354105e-02 7.6000000e-02
 endloop
endfacet
facet normal -3.136815e-01 -9.495283e-01 0.000000e+00
 outer loop
  vertex -5.0533480e-03 -1.4123161e-02 7.2000000e-02
  vertex -4.3542700e-03 -1.4354105e-02 7.6000000e-02
  vertex -5.0533480e-03 -1.4123161e-02 7.6000000e-02
 endloop
endfacet
facet normal -3.598963e-01 -9.329923e-01 0.000000e+00
 outer loop
  vertex -5.7402515e-03 -1.3858192e-02 7.2000000e-02
  vertex -5.0533480e-03 -1.4123161e-02 7.6000000e-02
  vertex -5.7402515e-03 -1.3858192e-02 7.6000000e-02
 endloop
endfacet
facet normal -4.052405e-01 -9.142101e-01 0.000000e+00
 outer loop
  vertex -6.4133267e-03 -1.3559839e-02 7.2000000e-02
  vertex -5.7402515e-03 -1.3858192e-02 7.6000000e-02
  vertex -6.4133267e-03 -1.3559839e-02 7.6000000e-02
 endloop
endfacet
facet normal -4.496111e-01 -8.932244e-01 0.000000e+00
 outer loop
  vertex -7.0709510e-03 -1.3228819e-02 7.2000000e-02
  vertex -6.4133267e-03 -1.3559839e-02 7.2000000e-02
  vertex -6.4133267e-03 -1.3559839e-02 7.6000000e-02
 endloop
endfacet
facet normal -4.928984e-01 -8.700868e-01 0.000000e+00
 outer loop
  vertex -7.7115410e-03 -1.2865929e-02 7.2000000e-02
  vertex -7.0709510e-03 -1.3228819e-02 7.2000000e-02
  vertex -7.0709510e-03 -1.3228819e-02 7.6000000e-02
 endloop
endfacet
facet normal -4.928984e-01 -8.700868e-01 -0.000000e+00
 outer loop
  vertex -7.7115410e-03 -1.2865929e-02 7.6000000e-02
  vertex -7.7115410e-03 -1.2865929e-02 7.2000000e-02
  vertex -7.0709510e-03 -1.3228819e-02 7.6000000e-02
 endloop
endfacet
facet normal -5.758074e-01 -8.175854e-01 0.000000e+00
 outer loop
  vertex -8.9354900e-03 -1.2048113e-02 7.2000000e-02
  vertex -8.3335530e-03 -1.2472044e-02 7.2000000e-02
  vertex -8.3335530e-03 -1.2472044e-02 7.6000000e-02
 endloop
endfacet
facet normal -6.152312e-01 -7.883467e-01 0.000000e+00
 outer loop
  vertex -9.5159000e-03 -1.1595157e-02 7.2000000e-02
  vertex -8.9354900e-03 -1.2048113e-02 7.6000000e-02
  vertex -9.5159000e-03 -1.1595157e-02 7.6000000e-02
 endloop
endfacet
facet normal -6.895393e-01 -7.242483e-01 0.000000e+00
 outer loop
  vertex -1.0073384e-02 -1.1114266e-02 7.2000000e-02
  vertex -1.0073384e-02 -1.1114266e-02 7.6000000e-02
  vertex -1.0606602e-02 -1.0606602e-02 7.2000000e-02
 endloop
endfacet
facet normal -7.242483e-01 -6.895393e-01 0.000000e+00
 outer loop
  vertex -1.0606602e-02 -1.0606602e-02 7.6000000e-02
  vertex -1.1114266e-02 -1.0073384e-02 7.6000000e-02
  vertex -1.1114266e-02 -1.0073384e-02 7.2000000e-02
 endloop
endfacet
facet normal -7.883467e-01 -6.152312e-01 -0.000000e+00
 outer loop
  vertex -1.1595157e-02 -9.5159000e-03 7.6000000e-02
  vertex -1.2048113e-02 -8.9354900e-03 7.2000000e-02
  vertex -1.1595157e-02 -9.5159000e-03 7.2000000e-02
 endloop
endfacet
facet normal -8.175854e-01 -5.758074e-01 -0.000000e+00
 outer loop
  vertex -1.2472044e-02 -8.3335530e-03 7.6000000e-02
  vertex -1.2472044e-02 -8.3335530e-03 7.2000000e-02
  vertex -1.2048113e-02 -8.9354900e-03 7.6000000e-02
 endloop
endfacet
facet normal -8.700868e-01 -4.928984e-01 0.000000e+00
 outer loop
  vertex -1.3228819e-02 -7.0709510e-03 7.2000000e-02
  vertex -1.2865929e-02 -7.7115410e-03 7.2000000e-02
  vertex -1.2865929e-02 -7.7115410e-03 7.6000000e-02
 endloop
endfacet
facet normal -8.932244e-01 -4.496111e-01 0.000000e+00
 outer loop
  vertex -1.3559839e-02 -6.4133267e-03 7.2000000e-02
  vertex -1.3228819e-02 -7.0709510e-03 7.6000000e-02
  vertex -1.3559839e-02 -6.4133267e-03 7.6000000e-02
 endloop
endfacet
facet normal -9.329923e-01 -3.598963e-01 0.000000e+00
 outer loop
  vertex -1.3858192e-02 -5.7402515e-03 7.2000000e-02
  vertex -1.3858192e-02 -5.7402515e-03 7.6000000e-02
  vertex -1.4123161e-02 -5.0533480e-03 7.2000000e-02
 endloop
endfacet
facet normal -9.495283e-01 -3.136815e-01 0.000000e+00
 outer loop
  vertex -1.4123161e-02 -5.0533480e-03 7.6000000e-02
  vertex -1.4354105e-02 -4.3542700e-03 7.6000000e-02
  vertex -1.4354105e-02 -4.3542700e-03 7.2000000e-02
 endloop
endfacet
facet normal -9.757017e-01 -2.191032e-01 -0.000000e+00
 outer loop
  vertex -1.4550468e-02 -3.6447027e-03 7.6000000e-02
  vertex -1.4711780e-02 -2.9263546e-03 7.2000000e-02
  vertex -1.4550468e-02 -3.6447027e-03 7.2000000e-02
 endloop
endfacet
facet normal -9.852780e-01 -1.709600e-01 -0.000000e+00
 outer loop
  vertex -1.4837647e-02 -2.2009570e-03 7.6000000e-02
  vertex -1.4837647e-02 -2.2009570e-03 7.2000000e-02
  vertex -1.4711780e-02 -2.9263546e-03 7.6000000e-02
 endloop
endfacet
facet normal -9.996988e-01 -2.454102e-02 0.000000e+00
 outer loop
  vertex -1.4981932e-02 -7.3601510e-04 7.2000000e-02
  vertex -1.5000000e-02 -0.0000000e+00 7.6000000e-02
  vertex -1.5000000e-02 -0.0000000e+00 7.2000000e-02
 endloop
endfacet
facet normal -9.972905e-01 -7.356465e-02 -0.000000e+00
 outer loop
  vertex -1.4927771e-02 -1.4702570e-03 7.6000000e-02
  vertex -1.4981932e-02 -7.3601510e-04 7.2000000e-02
  vertex -1.4927771e-02 -1.4702570e-03 7.2000000e-02
 endloop
endfacet
facet normal 9.972905e-01 -7.356465e-02 0.000000e+00
 outer loop
  vertex 1.4927771e-02 -1.4702570e-03 7.2000000e-02
  vertex 1.4981932e-02 -7.3601510e-04 7.2000000e-02
  vertex 1.4981932e-02 -7.3601510e-04 7.6000000e-02
 endloop
endfacet
facet normal 9.996988e-01 -2.454231e-02 0.000000e+00
 outer loop
  vertex -1.2385064e-02 6.0843915e-04 7.2000000e-02
  vertex -1.2385064e-02 6.0843915e-04 7.6000000e-02
  vertex -1.2400001e-02 -0.0000000e+00 7.2000000e-02
 endloop
endfacet
facet normal 9.972903e-01 -7.356613e-02 0.000000e+00
 outer loop
  vertex -1.2340290e-02 1.2154125e-03 7.2000000e-02
  vertex -1.2385064e-02 6.0843915e-04 7.6000000e-02
  vertex -1.2385064e-02 6.0843915e-04 7.2000000e-02
 endloop
endfacet
facet normal 9.924795e-01 -1.224108e-01 0.000000e+00
 outer loop
  vertex -1.2265788e-02 1.8194579e-03 7.2000000e-02
  vertex -1.2340290e-02 1.2154125e-03 7.6000000e-02
  vertex -1.2340290e-02 1.2154125e-03 7.2000000e-02
 endloop
endfacet
facet normal 9.924795e-01 -1.224108e-01 0.000000e+00
 outer loop
  vertex -1.2265788e-02 1.8194579e-03 7.6000000e-02
  vertex -1.2340290e-02 1.2154125e-03 7.6000000e-02
  vertex -1.2265788e-02 1.8194579e-03 7.2000000e-02
 endloop
endfacet
facet normal 9.852777e-01 -1.709616e-01 0.000000e+00
 outer loop
  vertex -1.2161737e-02 2.4191198e-03 7.6000000e-02
  vertex -1.2265788e-02 1.8194579e-03 7.6000000e-02
  vertex -1.2161737e-02 2.4191198e-03 7.2000000e-02
 endloop
endfacet
facet normal 9.757025e-01 -2.190997e-01 0.000000e+00
 outer loop
  vertex -1.2161737e-02 2.4191198e-03 7.6000000e-02
  vertex -1.2161737e-02 2.4191198e-03 7.2000000e-02
  vertex -1.2028388e-02 3.0129542e-03 7.2000000e-02
 endloop
endfacet
facet normal 9.637758e-01 -2.667137e-01 0.000000e+00
 outer loop
  vertex -1.2028388e-02 3.0129542e-03 7.6000000e-02
  vertex -1.2028388e-02 3.0129542e-03 7.2000000e-02
  vertex -1.1866060e-02 3.5995300e-03 7.2000000e-02
 endloop
endfacet
facet normal 9.637758e-01 -2.667137e-01 0.000000e+00
 outer loop
  vertex -1.2028388e-02 3.0129542e-03 7.6000000e-02
  vertex -1.1866060e-02 3.5995300e-03 7.2000000e-02
  vertex -1.1866060e-02 3.5995300e-03 7.6000000e-02
 endloop
endfacet
facet normal 9.495281e-01 -3.136820e-01 0.000000e+00
 outer loop
  vertex -1.1866060e-02 3.5995300e-03 7.6000000e-02
  vertex -1.1675146e-02 4.1774344e-03 7.2000000e-02
  vertex -1.1675146e-02 4.1774344e-03 7.6000000e-02
 endloop
endfacet
facet normal 9.329929e-01 -3.598949e-01 0.000000e+00
 outer loop
  vertex -1.1675146e-02 4.1774344e-03 7.2000000e-02
  vertex -1.1456106e-02 4.7452745e-03 7.2000000e-02
  vertex -1.1675146e-02 4.1774344e-03 7.6000000e-02
 endloop
endfacet
facet normal 9.142104e-01 -4.052398e-01 0.000000e+00
 outer loop
  vertex -1.1456106e-02 4.7452745e-03 7.2000000e-02
  vertex -1.1209468e-02 5.3016834e-03 7.2000000e-02
  vertex -1.1456106e-02 4.7452745e-03 7.6000000e-02
 endloop
endfacet
facet normal 9.142104e-01 -4.052398e-01 0.000000e+00
 outer loop
  vertex -1.1209468e-02 5.3016834e-03 7.2000000e-02
  vertex -1.1209468e-02 5.3016834e-03 7.6000000e-02
  vertex -1.1456106e-02 4.7452745e-03 7.6000000e-02
 endloop
endfacet
facet normal 8.932232e-01 -4.496135e-01 0.000000e+00
 outer loop
  vertex -1.0935823e-02 5.8453193e-03 7.2000000e-02
  vertex -1.0935823e-02 5.8453193e-03 7.6000000e-02
  vertex -1.1209468e-02 5.3016834e-03 7.6000000e-02
 endloop
endfacet
facet normal 8.700877e-01 -4.928969e-01 0.000000e+00
 outer loop
  vertex -1.0635835e-02 6.3748740e-03 7.2000000e-02
  vertex -1.0935823e-02 5.8453193e-03 7.6000000e-02
  vertex -1.0935823e-02 5.8453193e-03 7.2000000e-02
 endloop
endfacet
facet normal 8.448541e-01 -5.349968e-01 0.000000e+00
 outer loop
  vertex -1.0310224e-02 6.8890710e-03 7.2000000e-02
  vertex -1.0635835e-02 6.3748740e-03 7.6000000e-02
  vertex -1.0635835e-02 6.3748740e-03 7.2000000e-02
 endloop
endfacet
facet normal 8.448541e-01 -5.349968e-01 0.000000e+00
 outer loop
  vertex -1.0310224e-02 6.8890710e-03 7.6000000e-02
  vertex -1.0635835e-02 6.3748740e-03 7.6000000e-02
  vertex -1.0310224e-02 6.8890710e-03 7.2000000e-02
 endloop
endfacet
facet normal 8.175839e-01 -5.758095e-01 0.000000e+00
 outer loop
  vertex -9.9597730e-03 7.3866715e-03 7.6000000e-02
  vertex -1.0310224e-02 6.8890710e-03 7.6000000e-02
  vertex -9.9597730e-03 7.3866715e-03 7.2000000e-02
 endloop
endfacet
facet normal 7.883460e-01 -6.152321e-01 0.000000e+00
 outer loop
  vertex -9.9597730e-03 7.3866715e-03 7.6000000e-02
  vertex -9.9597730e-03 7.3866715e-03 7.2000000e-02
  vertex -9.5853290e-03 7.8664765e-03 7.2000000e-02
 endloop
endfacet
facet normal 7.572110e-01 -6.531703e-01 0.000000e+00
 outer loop
  vertex -9.5853290e-03 7.8664765e-03 7.6000000e-02
  vertex -9.5853290e-03 7.8664765e-03 7.2000000e-02
  vertex -9.1877950e-03 8.3273320e-03 7.2000000e-02
 endloop
endfacet
facet normal 7.572110e-01 -6.531703e-01 0.000000e+00
 outer loop
  vertex -9.5853290e-03 7.8664765e-03 7.6000000e-02
  vertex -9.1877950e-03 8.3273320e-03 7.2000000e-02
  vertex -9.1877950e-03 8.3273320e-03 7.6000000e-02
 endloop
endfacet
facet normal 7.242469e-01 -6.895407e-01 0.000000e+00
 outer loop
  vertex -9.1877950e-03 8.3273320e-03 7.6000000e-02
  vertex -8.7681250e-03 8.7681250e-03 7.2000000e-02
  vertex -8.7681250e-03 8.7681250e-03 7.6000000e-02
 endloop
endfacet
facet normal 6.895407e-01 -7.242469e-01 0.000000e+00
 outer loop
  vertex -8.7681250e-03 8.7681250e-03 7.2000000e-02
  vertex -8.3273320e-03 9.1877950e-03 7.2000000e-02
  vertex -8.7681250e-03 8.7681250e-03 7.6000000e-02
 endloop
endfacet
facet normal 6.531703e-01 -7.572110e-01 0.000000e+00
 outer loop
  vertex -8.3273320e-03 9.1877950e-03 7.2000000e-02
  vertex -7.8664765e-03 9.5853290e-03 7.2000000e-02
  vertex -8.3273320e-03 9.1877950e-03 7.6000000e-02
 endloop
endfacet
facet normal 6.531703e-01 -7.572110e-01 0.000000e+00
 outer loop
  vertex -7.8664765e-03 9.5853290e-03 7.2000000e-02
  vertex -7.8664765e-03 9.5853290e-03 7.6000000e-02
  vertex -8.3273320e-03 9.1877950e-03 7.6000000e-02
 endloop
endfacet
facet normal 6.152321e-01 -7.883460e-01 0.000000e+00
 outer loop
  vertex -7.3866715e-03 9.9597730e-03 7.2000000e-02
  vertex -7.3866715e-03 9.9597730e-03 7.6000000e-02
  vertex -7.8664765e-03 9.5853290e-03 7.6000000e-02
 endloop
endfacet
facet normal 5.758095e-01 -8.175839e-01 0.000000e+00
 outer loop
  vertex -6.8890710e-03 1.0310224e-02 7.2000000e-02
  vertex -7.3866715e-03 9.9597730e-03 7.6000000e-02
  vertex -7.3866715e-03 9.9597730e-03 7.2000000e-02
 endloop
endfacet
facet normal 5.349968e-01 -8.448541e-01 0.000000e+00
 outer loop
  vertex -6.3748740e-03 1.0635835e-02 7.2000000e-02
  vertex -6.8890710e-03 1.0310224e-02 7.6000000e-02
  vertex -6.8890710e-03 1.0310224e-02 7.2000000e-02
 endloop
endfacet
facet normal 5.349968e-01 -8.448541e-01 0.000000e+00
 outer loop
  vertex -6.3748740e-03 1.0635835e-02 7.6000000e-02
  vertex -6.8890710e-03 1.0310224e-02 7.6000000e-02
  vertex -6.3748740e-03 1.0635835e-02 7.2000000e-02
 endloop
endfacet
facet normal 4.928969e-01 -8.700877e-01 0.000000e+00
 outer loop
  vertex -5.8453193e-03 1.0935823e-02 7.6000000e-02
  vertex -6.3748740e-03 1.0635835e-02 7.6000000e-02
  vertex -5.8453193e-03 1.0935823e-02 7.2000000e-02
 endloop
endfacet
facet normal 4.496135e-01 -8.932232e-01 0.000000e+00
 outer loop
  vertex -5.8453193e-03 1.0935823e-02 7.6000000e-02
  vertex -5.8453193e-03 1.0935823e-02 7.2000000e-02
  vertex -5.3016834e-03 1.1209468e-02 7.2000000e-02
 endloop
endfacet
facet normal 4.052398e-01 -9.142104e-01 0.000000e+00
 outer loop
  vertex -5.3016834e-03 1.1209468e-02 7.6000000e-02
  vertex -4.7452745e-03 1.1456106e-02 7.2000000e-02
  vertex -4.7452745e-03 1.1456106e-02 7.6000000e-02
 endloop
endfacet
facet normal 3.136820e-01 -9.495281e-01 0.000000e+00
 outer loop
  vertex -4.1774344e-03 1.1675146e-02 7.6000000e-02
  vertex -4.1774344e-03 1.1675146e-02 7.2000000e-02
  vertex -3.5995300e-03 1.1866060e-02 7.2000000e-02
 endloop
endfacet
facet normal 2.667137e-01 -9.637758e-01 0.000000e+00
 outer loop
  vertex -3.5995300e-03 1.1866060e-02 7.6000000e-02
  vertex -3.5995300e-03 1.1866060e-02 7.2000000e-02
  vertex -3.0129542e-03 1.2028388e-02 7.2000000e-02
 endloop
endfacet
facet normal 2.190997e-01 -9.757025e-01 0.000000e+00
 outer loop
  vertex -2.4191198e-03 1.2161737e-02 7.6000000e-02
  vertex -3.0129542e-03 1.2028388e-02 7.6000000e-02
  vertex -2.4191198e-03 1.2161737e-02 7.2000000e-02
 endloop
endfacet
facet normal 1.709616e-01 -9.852777e-01 0.000000e+00
 outer loop
  vertex -1.8194579e-03 1.2265788e-02 7.6000000e-02
  vertex -2.4191198e-03 1.2161737e-02 7.6000000e-02
  vertex -1.8194579e-03 1.2265788e-02 7.2000000e-02
 endloop
endfacet
facet normal 1.224108e-01 -9.924795e-01 0.000000e+00
 outer loop
  vertex -1.2154125e-03 1.2340290e-02 7.6000000e-02
  vertex -1.8194579e-03 1.2265788e-02 7.6000000e-02
  vertex -1.2154125e-03 1.2340290e-02 7.2000000e-02
 endloop
endfacet
facet normal 2.454231e-02 -9.996988e-01 0.000000e+00
 outer loop
  vertex 0.0000000e+00 1.2400001e-02 7.2000000e-02
  vertex -6.0843915e-04 1.2385064e-02 7.6000000e-02
  vertex -6.0843915e-04 1.2385064e-02 7.2000000e-02
 endloop
endfacet
facet normal -2.454231e-02 -9.996988e-01 0.000000e+00
 outer loop
  vertex 6.0843915e-04 1.2385064e-02 7.2000000e-02
  vertex 0.0000000e+00 1.2400001e-02 7.6000000e-02
  vertex 0.0000000e+00 1.2400001e-02 7.2000000e-02
 endloop
endfacet
facet normal -7.356613e-02 -9.972903e-01 0.000000e+00
 outer loop
  vertex 1.2154125e-03 1.2340290e-02 7.2000000e-02
  vertex 1.2154125e-03 1.2340290e-02 7.6000000e-02
  vertex 6.0843915e-04 1.2385064e-02 7.6000000e-02
 endloop
endfacet
facet normal -1.224108e-01 -9.924795e-01 0.000000e+00
 outer loop
  vertex 1.8194579e-03 1.2265788e-02 7.2000000e-02
  vertex 1.8194579e-03 1.2265788e-02 7.6000000e-02
  vertex 1.2154125e-03 1.2340290e-02 7.6000000e-02
 endloop
endfacet
facet normal -1.709616e-01 -9.852777e-01 0.000000e+00
 outer loop
  vertex 2.4191198e-03 1.2161737e-02 7.2000000e-02
  vertex 2.4191198e-03 1.2161737e-02 7.6000000e-02
  vertex 1.8194579e-03 1.2265788e-02 7.6000000e-02
 endloop
endfacet
facet normal -2.667137e-01 -9.637758e-01 0.000000e+00
 outer loop
  vertex 3.0129542e-03 1.2028388e-02 7.2000000e-02
  vertex 3.5995300e-03 1.1866060e-02 7.2000000e-02
  vertex 3.0129542e-03 1.2028388e-02 7.6000000e-02
 endloop
endfacet
facet normal -3.136820e-01 -9.495281e-01 0.000000e+00
 outer loop
  vertex 3.5995300e-03 1.1866060e-02 7.2000000e-02
  vertex 4.1774344e-03 1.1675146e-02 7.2000000e-02
  vertex 3.5995300e-03 1.1866060e-02 7.6000000e-02
 endloop
endfacet
facet normal -3.598949e-01 -9.329929e-01 0.000000e+00
 outer loop
  vertex 4.1774344e-03 1.1675146e-02 7.6000000e-02
  vertex 4.7452745e-03 1.1456106e-02 7.2000000e-02
  vertex 4.7452745e-03 1.1456106e-02 7.6000000e-02
 endloop
endfacet
facet normal -4.052398e-01 -9.142104e-01 0.000000e+00
 outer loop
  vertex 4.7452745e-03 1.1456106e-02 7.6000000e-02
  vertex 5.3016834e-03 1.1209468e-02 7.2000000e-02
  vertex 5.3016834e-03 1.1209468e-02 7.6000000e-02
 endloop
endfacet
facet normal -4.496135e-01 -8.932232e-01 0.000000e+00
 outer loop
  vertex 5.3016834e-03 1.1209468e-02 7.6000000e-02
  vertex 5.8453193e-03 1.0935823e-02 7.2000000e-02
  vertex 5.8453193e-03 1.0935823e-02 7.6000000e-02
 endloop
endfacet
facet normal -5.349968e-01 -8.448541e-01 -0.000000e+00
 outer loop
  vertex 6.3748740e-03 1.0635835e-02 7.6000000e-02
  vertex 6.3748740e-03 1.0635835e-02 7.2000000e-02
  vertex 6.8890710e-03 1.0310224e-02 7.2000000e-02
 endloop
endfacet
facet normal -5.758095e-01 -8.175839e-01 -0.000000e+00
 outer loop
  vertex 6.8890710e-03 1.0310224e-02 7.6000000e-02
  vertex 6.8890710e-03 1.0310224e-02 7.2000000e-02
  vertex 7.3866715e-03 9.9597730e-03 7.2000000e-02
 endloop
endfacet
facet normal -6.152321e-01 -7.883460e-01 -0.000000e+00
 outer loop
  vertex 7.3866715e-03 9.9597730e-03 7.6000000e-02
  vertex 7.3866715e-03 9.9597730e-03 7.2000000e-02
  vertex 7.8664765e-03 9.5853290e-03 7.2000000e-02
 endloop
endfacet
facet normal -6.531703e-01 -7.572110e-01 -0.000000e+00
 outer loop
  vertex 8.3273320e-03 9.1877950e-03 7.6000000e-02
  vertex 7.8664765e-03 9.5853290e-03 7.6000000e-02
  vertex 8.3273320e-03 9.1877950e-03 7.2000000e-02
 endloop
endfacet
facet normal -6.895407e-01 -7.242469e-01 -0.000000e+00
 outer loop
  vertex 8.7681250e-03 8.7681250e-03 7.6000000e-02
  vertex 8.3273320e-03 9.1877950e-03 7.6000000e-02
  vertex 8.7681250e-03 8.7681250e-03 7.2000000e-02
 endloop
endfacet
facet normal -7.242469e-01 -6.895407e-01 -0.000000e+00
 outer loop
  vertex 9.1877950e-03 8.3273320e-03 7.6000000e-02
  vertex 8.7681250e-03 8.7681250e-03 7.6000000e-02
  vertex 9.1877950e-03 8.3273320e-03 7.2000000e-02
 endloop
endfacet
facet normal -7.883460e-01 -6.152321e-01 0.000000e+00
 outer loop
  vertex 9.9597730e-03 7.3866715e-03 7.2000000e-02
  vertex 9.5853290e-03 7.8664765e-03 7.6000000e-02
  vertex 9.5853290e-03 7.8664765e-03 7.2000000e-02
 endloop
endfacet
facet normal -8.175839e-01 -5.758095e-01 0.000000e+00
 outer loop
  vertex 1.0310224e-02 6.8890710e-03 7.2000000e-02
  vertex 9.9597730e-03 7.3866715e-03 7.6000000e-02
  vertex 9.9597730e-03 7.3866715e-03 7.2000000e-02
 endloop
endfacet
facet normal -8.448541e-01 -5.349968e-01 0.000000e+00
 outer loop
  vertex 1.0635835e-02 6.3748740e-03 7.2000000e-02
  vertex 1.0310224e-02 6.8890710e-03 7.6000000e-02
  vertex 1.0310224e-02 6.8890710e-03 7.2000000e-02
 endloop
endfacet
facet normal -8.700877e-01 -4.928969e-01 0.000000e+00
 outer loop
  vertex 1.0935823e-02 5.8453193e-03 7.2000000e-02
  vertex 1.0635835e-02 6.3748740e-03 7.6000000e-02
  vertex 1.0635835e-02 6.3748740e-03 7.2000000e-02
 endloop
endfacet
facet normal -8.932232e-01 -4.496135e-01 0.000000e+00
 outer loop
  vertex 1.1209468e-02 5.3016834e-03 7.2000000e-02
  vertex 1.1209468e-02 5.3016834e-03 7.6000000e-02
  vertex 1.0935823e-02 5.8453193e-03 7.6000000e-02
 endloop
endfacet
facet normal -9.142104e-01 -4.052398e-01 0.000000e+00
 outer loop
  vertex 1.1456106e-02 4.7452745e-03 7.2000000e-02
  vertex 1.1456106e-02 4.7452745e-03 7.6000000e-02
  vertex 1.1209468e-02 5.3016834e-03 7.6000000e-02
 endloop
endfacet
facet normal -9.329929e-01 -3.598949e-01 0.000000e+00
 outer loop
  vertex 1.1675146e-02 4.1774344e-03 7.2000000e-02
  vertex 1.1675146e-02 4.1774344e-03 7.6000000e-02
  vertex 1.1456106e-02 4.7452745e-03 7.6000000e-02
 endloop
endfacet
facet normal -9.495281e-01 -3.136820e-01 0.000000e+00
 outer loop
  vertex 1.1866060e-02 3.5995300e-03 7.2000000e-02
  vertex 1.1866060e-02 3.5995300e-03 7.6000000e-02
  vertex 1.1675146e-02 4.1774344e-03 7.6000000e-02
 endloop
endfacet
facet normal -9.637758e-01 -2.667137e-01 0.000000e+00
 outer loop
  vertex 1.2028388e-02 3.0129542e-03 7.2000000e-02
  vertex 1.2028388e-02 3.0129542e-03 7.6000000e-02
  vertex 1.1866060e-02 3.5995300e-03 7.6000000e-02
 endloop
endfacet
facet normal -9.852777e-01 -1.709616e-01 0.000000e+00
 outer loop
  vertex 1.2161737e-02 2.4191198e-03 7.2000000e-02
  vertex 1.2265788e-02 1.8194579e-03 7.2000000e-02
  vertex 1.2161737e-02 2.4191198e-03 7.6000000e-02
 endloop
endfacet
facet normal -9.996988e-01 -2.454231e-02 0.000000e+00
 outer loop
  vertex 1.2400001e-02 -0.0000000e+00 7.2000000e-02
  vertex 1.2400001e-02 -0.0000000e+00 7.6000000e-02
  vertex 1.2385064e-02 6.0843915e-04 7.6000000e-02
 endloop
endfacet
facet normal -9.924795e-01 -1.224108e-01 0.000000e+00
 outer loop
  vertex 1.2340290e-02 1.2154125e-03 7.2000000e-02
  vertex 1.2265788e-02 1.8194579e-03 7.6000000e-02
  vertex 1.2265788e-02 1.8194579e-03 7.2000000e-02
 endloop
endfacet
facet normal -9.996988e-01 -2.454231e-02 0.000000e+00
 outer loop
  vertex 1.2385064e-02 6.0843915e-04 7.2000000e-02
  vertex 1.2400001e-02 -0.0000000e+00 7.2000000e-02
  vertex 1.2385064e-02 6.0843915e-04 7.6000000e-02
 endloop
endfacet
facet normal -9.972903e-01 -7.356613e-02 0.000000e+00
 outer loop
  vertex 1.2340290e-02 1.2154125e-03 7.2000000e-02
  vertex 1.2385064e-02 6.0843915e-04 7.2000000e-02
  vertex 1.2340290e-02 1.2154125e-03 7.6000000e-02
 endloop
endfacet
facet normal -9.924795e-01 -1.224108e-01 0.000000e+00
 outer loop
  vertex 1.2340290e-02 1.2154125e-03 7.2000000e-02
  vertex 1.2340290e-02 1.2154125e-03 7.6000000e-02
  vertex 1.2265788e-02 1.8194579e-03 7.6000000e-02
 endloop
endfacet
facet normal -9.852777e-01 -1.709616e-01 0.000000e+00
 outer loop
  vertex 1.2265788e-02 1.8194579e-03 7.2000000e-02
  vertex 1.2265788e-02 1.8194579e-03 7.6000000e-02
  vertex 1.2161737e-02 2.4191198e-03 7.6000000e-02
 endloop
endfacet
facet normal -9.757025e-01 -2.190997e-01 0.000000e+00
 outer loop
  vertex 1.2161737e-02 2.4191198e-03 7.2000000e-02
  vertex 1.2161737e-02 2.4191198e-03 7.6000000e-02
  vertex 1.2028388e-02 3.0129542e-03 7.6000000e-02
 endloop
endfacet
facet normal -9.757025e-01 -2.190997e-01 0.000000e+00
 outer loop
  vertex 1.2161737e-02 2.4191198e-03 7.2000000e-02
  vertex 1.2028388e-02 3.0129542e-03 7.6000000e-02
  vertex 1.2028388e-02 3.0129542e-03 7.2000000e-02
 endloop
endfacet
facet normal -9.637758e-01 -2.667137e-01 0.000000e+00
 outer loop
  vertex 1.2028388e-02 3.0129542e-03 7.2000000e-02
  vertex 1.1866060e-02 3.5995300e-03 7.6000000e-02
  vertex 1.1866060e-02 3.5995300e-03 7.2000000e-02
 endloop
endfacet
facet normal -9.495281e-01 -3.136820e-01 0.000000e+00
 outer loop
  vertex 1.1866060e-02 3.5995300e-03 7.2000000e-02
  vertex 1.1675146e-02 4.1774344e-03 7.6000000e-02
  vertex 1.1675146e-02 4.1774344e-03 7.2000000e-02
 endloop
endfacet
facet normal -9.329929e-01 -3.598949e-01 0.000000e+00
 outer loop
  vertex 1.1675146e-02 4.1774344e-03 7.2000000e-02
  vertex 1.1456106e-02 4.7452745e-03 7.6000000e-02
  vertex 1.1456106e-02 4.7452745e-03 7.2000000e-02
 endloop
endfacet
facet normal -9.142104e-01 -4.052398e-01 0.000000e+00
 outer loop
  vertex 1.1456106e-02 4.7452745e-03 7.2000000e-02
  vertex 1.1209468e-02 5.3016834e-03 7.6000000e-02
  vertex 1.1209468e-02 5.3016834e-03 7.2000000e-02
 endloop
endfacet
facet normal -8.932232e-01 -4.496135e-01 0.000000e+00
 outer loop
  vertex 1.1209468e-02 5.3016834e-03 7.2000000e-02
  vertex 1.0935823e-02 5.8453193e-03 7.6000000e-02
  vertex 1.0935823e-02 5.8453193e-03 7.2000000e-02
 endloop
endfacet
facet normal -8.700877e-01 -4.928969e-01 -0.000000e+00
 outer loop
  vertex 1.0935823e-02 5.8453193e-03 7.6000000e-02
  vertex 1.0635835e-02 6.3748740e-03 7.6000000e-02
  vertex 1.0935823e-02 5.8453193e-03 7.2000000e-02
 endloop
endfacet
facet normal -8.448541e-01 -5.349968e-01 -0.000000e+00
 outer loop
  vertex 1.0635835e-02 6.3748740e-03 7.6000000e-02
  vertex 1.0310224e-02 6.8890710e-03 7.6000000e-02
  vertex 1.0635835e-02 6.3748740e-03 7.2000000e-02
 endloop
endfacet
facet normal -8.175839e-01 -5.758095e-01 -0.000000e+00
 outer loop
  vertex 1.0310224e-02 6.8890710e-03 7.6000000e-02
  vertex 9.9597730e-03 7.3866715e-03 7.6000000e-02
  vertex 1.0310224e-02 6.8890710e-03 7.2000000e-02
 endloop
endfacet
facet normal -7.883460e-01 -6.152321e-01 -0.000000e+00
 outer loop
  vertex 9.9597730e-03 7.3866715e-03 7.6000000e-02
  vertex 9.5853290e-03 7.8664765e-03 7.6000000e-02
  vertex 9.9597730e-03 7.3866715e-03 7.2000000e-02
 endloop
endfacet
facet normal -7.572110e-01 -6.531703e-01 -0.000000e+00
 outer loop
  vertex 9.5853290e-03 7.8664765e-03 7.6000000e-02
  vertex 9.1877950e-03 8.3273320e-03 7.6000000e-02
  vertex 9.5853290e-03 7.8664765e-03 7.2000000e-02
 endloop
endfacet
facet normal -7.572110e-01 -6.531703e-01 -0.000000e+00
 outer loop
  vertex 9.1877950e-03 8.3273320e-03 7.6000000e-02
  vertex 9.1877950e-03 8.3273320e-03 7.2000000e-02
  vertex 9.5853290e-03 7.8664765e-03 7.2000000e-02
 endloop
endfacet
facet normal -7.242469e-01 -6.895407e-01 -0.000000e+00
 outer loop
  vertex 8.7681250e-03 8.7681250e-03 7.6000000e-02
  vertex 8.7681250e-03 8.7681250e-03 7.2000000e-02
  vertex 9.1877950e-03 8.3273320e-03 7.2000000e-02
 endloop
endfacet
facet normal -6.895407e-01 -7.242469e-01 -0.000000e+00
 outer loop
  vertex 8.3273320e-03 9.1877950e-03 7.6000000e-02
  vertex 8.3273320e-03 9.1877950e-03 7.2000000e-02
  vertex 8.7681250e-03 8.7681250e-03 7.2000000e-02
 endloop
endfacet
facet normal -6.531703e-01 -7.572110e-01 -0.000000e+00
 outer loop
  vertex 7.8664765e-03 9.5853290e-03 7.6000000e-02
  vertex 7.8664765e-03 9.5853290e-03 7.2000000e-02
  vertex 8.3273320e-03 9.1877950e-03 7.2000000e-02
 endloop
endfacet
facet normal -6.152321e-01 -7.883460e-01 0.000000e+00
 outer loop
  vertex 7.3866715e-03 9.9597730e-03 7.6000000e-02
  vertex 7.8664765e-03 9.5853290e-03 7.2000000e-02
  vertex 7.8664765e-03 9.5853290e-03 7.6000000e-02
 endloop
endfacet
facet normal -5.758095e-01 -8.175839e-01 0.000000e+00
 outer loop
  vertex 6.8890710e-03 1.0310224e-02 7.6000000e-02
  vertex 7.3866715e-03 9.9597730e-03 7.2000000e-02
  vertex 7.3866715e-03 9.9597730e-03 7.6000000e-02
 endloop
endfacet
facet normal -5.349968e-01 -8.448541e-01 0.000000e+00
 outer loop
  vertex 6.3748740e-03 1.0635835e-02 7.6000000e-02
  vertex 6.8890710e-03 1.0310224e-02 7.2000000e-02
  vertex 6.8890710e-03 1.0310224e-02 7.6000000e-02
 endloop
endfacet
facet normal -4.928969e-01 -8.700877e-01 0.000000e+00
 outer loop
  vertex 5.8453193e-03 1.0935823e-02 7.6000000e-02
  vertex 6.3748740e-03 1.0635835e-02 7.2000000e-02
  vertex 6.3748740e-03 1.0635835e-02 7.6000000e-02
 endloop
endfacet
facet normal -4.928969e-01 -8.700877e-01 0.000000e+00
 outer loop
  vertex 5.8453193e-03 1.0935823e-02 7.2000000e-02
  vertex 6.3748740e-03 1.0635835e-02 7.2000000e-02
  vertex 5.8453193e-03 1.0935823e-02 7.6000000e-02
 endloop
endfacet
facet normal -4.496135e-01 -8.932232e-01 0.000000e+00
 outer loop
  vertex 5.3016834e-03 1.1209468e-02 7.2000000e-02
  vertex 5.8453193e-03 1.0935823e-02 7.2000000e-02
  vertex 5.3016834e-03 1.1209468e-02 7.6000000e-02
 endloop
endfacet
facet normal -4.052398e-01 -9.142104e-01 0.000000e+00
 outer loop
  vertex 4.7452745e-03 1.1456106e-02 7.2000000e-02
  vertex 5.3016834e-03 1.1209468e-02 7.2000000e-02
  vertex 4.7452745e-03 1.1456106e-02 7.6000000e-02
 endloop
endfacet
facet normal -3.598949e-01 -9.329929e-01 0.000000e+00
 outer loop
  vertex 4.1774344e-03 1.1675146e-02 7.2000000e-02
  vertex 4.7452745e-03 1.1456106e-02 7.2000000e-02
  vertex 4.1774344e-03 1.1675146e-02 7.6000000e-02
 endloop
endfacet
facet normal -3.136820e-01 -9.495281e-01 0.000000e+00
 outer loop
  vertex 4.1774344e-03 1.1675146e-02 7.2000000e-02
  vertex 4.1774344e-03 1.1675146e-02 7.6000000e-02
  vertex 3.5995300e-03 1.1866060e-02 7.6000000e-02
 endloop
endfacet
facet normal -2.667137e-01 -9.637758e-01 0.000000e+00
 outer loop
  vertex 3.5995300e-03 1.1866060e-02 7.2000000e-02
  vertex 3.5995300e-03 1.1866060e-02 7.6000000e-02
  vertex 3.0129542e-03 1.2028388e-02 7.6000000e-02
 endloop
endfacet
facet normal -2.190997e-01 -9.757025e-01 0.000000e+00
 outer loop
  vertex 3.0129542e-03 1.2028388e-02 7.2000000e-02
  vertex 3.0129542e-03 1.2028388e-02 7.6000000e-02
  vertex 2.4191198e-03 1.2161737e-02 7.6000000e-02
 endloop
endfacet
facet normal -2.190997e-01 -9.757025e-01 0.000000e+00
 outer loop
  vertex 3.0129542e-03 1.2028388e-02 7.2000000e-02
  vertex 2.4191198e-03 1.2161737e-02 7.6000000e-02
  vertex 2.4191198e-03 1.2161737e-02 7.2000000e-02
 endloop
endfacet
facet normal -1.709616e-01 -9.852777e-01 0.000000e+00
 outer loop
  vertex 2.4191198e-03 1.2161737e-02 7.2000000e-02
  vertex 1.8194579e-03 1.2265788e-02 7.6000000e-02
  vertex 1.8194579e-03 1.2265788e-02 7.2000000e-02
 endloop
endfacet
facet normal -1.224108e-01 -9.924795e-01 0.000000e+00
 outer loop
  vertex 1.8194579e-03 1.2265788e-02 7.2000000e-02
  vertex 1.2154125e-03 1.2340290e-02 7.6000000e-02
  vertex 1.2154125e-03 1.2340290e-02 7.2000000e-02
 endloop
endfacet
facet normal -7.356613e-02 -9.972903e-01 0.000000e+00
 outer loop
  vertex 1.2154125e-03 1.2340290e-02 7.2000000e-02
  vertex 6.0843915e-04 1.2385064e-02 7.6000000e-02
  vertex 6.0843915e-04 1.2385064e-02 7.2000000e-02
 endloop
endfacet
facet normal -2.454231e-02 -9.996988e-01 -0.000000e+00
 outer loop
  vertex 6.0843915e-04 1.2385064e-02 7.6000000e-02
  vertex 0.0000000e+00 1.2400001e-02 7.6000000e-02
  vertex 6.0843915e-04 1.2385064e-02 7.2000000e-02
 endloop
endfacet
facet normal 2.454231e-02 -9.996988e-01 0.000000e+00
 outer loop
  vertex 0.0000000e+00 1.2400001e-02 7.6000000e-02
  vertex -6.0843915e-04 1.2385064e-02 7.6000000e-02
  vertex 0.0000000e+00 1.2400001e-02 7.2000000e-02
 endloop
endfacet
facet normal 7.356613e-02 -9.972903e-01 0.000000e+00
 outer loop
  vertex -6.0843915e-04 1.2385064e-02 7.6000000e-02
  vertex -1.2154125e-03 1.2340290e-02 7.6000000e-02
  vertex -6.0843915e-04 1.2385064e-02 7.2000000e-02
 endloop
endfacet
facet normal 7.356613e-02 -9.972903e-01 0.000000e+00
 outer loop
  vertex -1.2154125e-03 1.2340290e-02 7.6000000e-02
  vertex -1.2154125e-03 1.2340290e-02 7.2000000e-02
  vertex -6.0843915e-04 1.2385064e-02 7.2000000e-02
 endloop
endfacet
facet normal 1.224108e-01 -9.924795e-01 0.000000e+00
 outer loop
  vertex -1.8194579e-03 1.2265788e-02 7.6000000e-02
  vertex -1.8194579e-03 1.2265788e-02 7.2000000e-02
  vertex -1.2154125e-03 1.2340290e-02 7.2000000e-02
 endloop
endfacet
facet normal 1.709616e-01 -9.852777e-01 0.000000e+00
 outer loop
  vertex -2.4191198e-03 1.2161737e-02 7.6000000e-02
  vertex -2.4191198e-03 1.2161737e-02 7.2000000e-02
  vertex -1.8194579e-03 1.2265788e-02 7.2000000e-02
 endloop
endfacet
facet normal 2.190997e-01 -9.757025e-01 0.000000e+00
 outer loop
  vertex -3.0129542e-03 1.2028388e-02 7.6000000e-02
  vertex -3.0129542e-03 1.2028388e-02 7.2000000e-02
  vertex -2.4191198e-03 1.2161737e-02 7.2000000e-02
 endloop
endfacet
facet normal 2.667137e-01 -9.637758e-01 0.000000e+00
 outer loop
  vertex -3.5995300e-03 1.1866060e-02 7.6000000e-02
  vertex -3.0129542e-03 1.2028388e-02 7.2000000e-02
  vertex -3.0129542e-03 1.2028388e-02 7.6000000e-02
 endloop
endfacet
facet normal 3.136820e-01 -9.495281e-01 0.000000e+00
 outer loop
  vertex -4.1774344e-03 1.1675146e-02 7.6000000e-02
  vertex -3.5995300e-03 1.1866060e-02 7.2000000e-02
  vertex -3.5995300e-03 1.1866060e-02 7.6000000e-02
 endloop
endfacet
facet normal 3.598949e-01 -9.329929e-01 0.000000e+00
 outer loop
  vertex -4.7452745e-03 1.1456106e-02 7.6000000e-02
  vertex -4.1774344e-03 1.1675146e-02 7.2000000e-02
  vertex -4.1774344e-03 1.1675146e-02 7.6000000e-02
 endloop
endfacet
facet normal 3.598949e-01 -9.329929e-01 0.000000e+00
 outer loop
  vertex -4.7452745e-03 1.1456106e-02 7.2000000e-02
  vertex -4.1774344e-03 1.1675146e-02 7.2000000e-02
  vertex -4.7452745e-03 1.1456106e-02 7.6000000e-02
 endloop
endfacet
facet normal 4.052398e-01 -9.142104e-01 0.000000e+00
 outer loop
  vertex -5.3016834e-03 1.1209468e-02 7.2000000e-02
  vertex -4.7452745e-03 1.1456106e-02 7.2000000e-02
  vertex -5.3016834e-03 1.1209468e-02 7.6000000e-02
 endloop
endfacet
facet normal 4.496135e-01 -8.932232e-01 0.000000e+00
 outer loop
  vertex -5.3016834e-03 1.1209468e-02 7.2000000e-02
  vertex -5.3016834e-03 1.1209468e-02 7.6000000e-02
  vertex -5.8453193e-03 1.0935823e-02 7.6000000e-02
 endloop
endfacet
facet normal 4.928969e-01 -8.700877e-01 0.000000e+00
 outer loop
  vertex -6.3748740e-03 1.0635835e-02 7.2000000e-02
  vertex -5.8453193e-03 1.0935823e-02 7.2000000e-02
  vertex -6.3748740e-03 1.0635835e-02 7.6000000e-02
 endloop
endfacet
facet normal 5.758095e-01 -8.175839e-01 0.000000e+00
 outer loop
  vertex -7.3866715e-03 9.9597730e-03 7.6000000e-02
  vertex -6.8890710e-03 1.0310224e-02 7.2000000e-02
  vertex -6.8890710e-03 1.0310224e-02 7.6000000e-02
 endloop
endfacet
facet normal 6.152321e-01 -7.883460e-01 0.000000e+00
 outer loop
  vertex -7.8664765e-03 9.5853290e-03 7.6000000e-02
  vertex -7.8664765e-03 9.5853290e-03 7.2000000e-02
  vertex -7.3866715e-03 9.9597730e-03 7.2000000e-02
 endloop
endfacet
facet normal 6.895407e-01 -7.242469e-01 0.000000e+00
 outer loop
  vertex -8.3273320e-03 9.1877950e-03 7.6000000e-02
  vertex -8.7681250e-03 8.7681250e-03 7.6000000e-02
  vertex -8.3273320e-03 9.1877950e-03 7.2000000e-02
 endloop
endfacet
facet normal 7.242469e-01 -6.895407e-01 0.000000e+00
 outer loop
  vertex -8.7681250e-03 8.7681250e-03 7.2000000e-02
  vertex -9.1877950e-03 8.3273320e-03 7.6000000e-02
  vertex -9.1877950e-03 8.3273320e-03 7.2000000e-02
 endloop
endfacet
facet normal 7.883460e-01 -6.152321e-01 0.000000e+00
 outer loop
  vertex -9.5853290e-03 7.8664765e-03 7.2000000e-02
  vertex -9.5853290e-03 7.8664765e-03 7.6000000e-02
  vertex -9.9597730e-03 7.3866715e-03 7.6000000e-02
 endloop
endfacet
facet normal 8.175839e-01 -5.758095e-01 0.000000e+00
 outer loop
  vertex -1.0310224e-02 6.8890710e-03 7.2000000e-02
  vertex -9.9597730e-03 7.3866715e-03 7.2000000e-02
  vertex -1.0310224e-02 6.8890710e-03 7.6000000e-02
 endloop
endfacet
facet normal 8.700877e-01 -4.928969e-01 0.000000e+00
 outer loop
  vertex -1.0935823e-02 5.8453193e-03 7.6000000e-02
  vertex -1.0635835e-02 6.3748740e-03 7.2000000e-02
  vertex -1.0635835e-02 6.3748740e-03 7.6000000e-02
 endloop
endfacet
facet normal 8.932232e-01 -4.496135e-01 0.000000e+00
 outer loop
  vertex -1.1209468e-02 5.3016834e-03 7.6000000e-02
  vertex -1.1209468e-02 5.3016834e-03 7.2000000e-02
  vertex -1.0935823e-02 5.8453193e-03 7.2000000e-02
 endloop
endfacet
facet normal 9.329929e-01 -3.598949e-01 0.000000e+00
 outer loop
  vertex -1.1456106e-02 4.7452745e-03 7.6000000e-02
  vertex -1.1675146e-02 4.1774344e-03 7.6000000e-02
  vertex -1.1456106e-02 4.7452745e-03 7.2000000e-02
 endloop
endfacet
facet normal 9.495281e-01 -3.136820e-01 0.000000e+00
 outer loop
  vertex -1.1675146e-02 4.1774344e-03 7.2000000e-02
  vertex -1.1866060e-02 3.5995300e-03 7.6000000e-02
  vertex -1.1866060e-02 3.5995300e-03 7.2000000e-02
 endloop
endfacet
facet normal 9.757025e-01 -2.190997e-01 0.000000e+00
 outer loop
  vertex -1.2028388e-02 3.0129542e-03 7.2000000e-02
  vertex -1.2028388e-02 3.0129542e-03 7.6000000e-02
  vertex -1.2161737e-02 2.4191198e-03 7.6000000e-02
 endloop
endfacet
facet normal 9.852777e-01 -1.709616e-01 0.000000e+00
 outer loop
  vertex -1.2265788e-02 1.8194579e-03 7.2000000e-02
  vertex -1.2161737e-02 2.4191198e-03 7.2000000e-02
  vertex -1.2265788e-02 1.8194579e-03 7.6000000e-02
 endloop
endfacet
facet normal 9.996988e-01 -2.454231e-02 0.000000e+00
 outer loop
  vertex -1.2385064e-02 6.0843915e-04 7.6000000e-02
  vertex -1.2400001e-02 -0.0000000e+00 7.6000000e-02
  vertex -1.2400001e-02 -0.0000000e+00 7.2000000e-02
 endloop
endfacet
facet normal 9.972903e-01 -7.356613e-02 0.000000e+00
 outer loop
  vertex -1.2340290e-02 1.2154125e-03 7.2000000e-02
  vertex -1.2340290e-02 1.2154125e-03 7.6000000e-02
  vertex -1.2385064e-02 6.0843915e-04 7.6000000e-02
 endloop
endfacet
facet normal -9.972903e-01 -7.356613e-02 0.000000e+00
 outer loop
  vertex 1.2340290e-02 1.2154125e-03 7.6000000e-02
  vertex 1.2385064e-02 6.0843915e-04 7.2000000e-02
  vertex 1.2385064e-02 6.0843915e-04 7.6000000e-02
 endloop
endfacet
facet normal 9.996988e-01 2.454231e-02 0.000000e+00
 outer loop
  vertex -1.2385064e-02 -6.0843915e-04 7.6000000e-02
  vertex -1.2385064e-02 -6.0843915e-04 7.2000000e-02
  vertex -1.2400001e-02 -0.0000000e+00 7.6000000e-02
 endloop
endfacet
facet normal 9.972903e-01 7.356613e-02 0.000000e+00
 outer loop
  vertex -1.2340290e-02 -1.2154125e-03 7.6000000e-02
  vertex -1.2385064e-02 -6.0843915e-04 7.2000000e-02
  vertex -1.2385064e-02 -6.0843915e-04 7.6000000e-02
 endloop
endfacet
facet normal 9.924795e-01 1.224108e-01 0.000000e+00
 outer loop
  vertex -1.2265788e-02 -1.8194579e-03 7.6000000e-02
  vertex -1.2340290e-02 -1.2154125e-03 7.2000000e-02
  vertex -1.2340290e-02 -1.2154125e-03 7.6000000e-02
 endloop
endfacet
facet normal 9.924795e-01 1.224108e-01 -0.000000e+00
 outer loop
  vertex -1.2265788e-02 -1.8194579e-03 7.2000000e-02
  vertex -1.2340290e-02 -1.2154125e-03 7.2000000e-02
  vertex -1.2265788e-02 -1.8194579e-03 7.6000000e-02
 endloop
endfacet
facet normal 9.852777e-01 1.709616e-01 -0.000000e+00
 outer loop
  vertex -1.2161737e-02 -2.4191198e-03 7.2000000e-02
  vertex -1.2265788e-02 -1.8194579e-03 7.2000000e-02
  vertex -1.2161737e-02 -2.4191198e-03 7.6000000e-02
 endloop
endfacet
facet normal 9.757025e-01 2.190997e-01 -0.000000e+00
 outer loop
  vertex -1.2161737e-02 -2.4191198e-03 7.2000000e-02
  vertex -1.2161737e-02 -2.4191198e-03 7.6000000e-02
  vertex -1.2028388e-02 -3.0129542e-03 7.6000000e-02
 endloop
endfacet
facet normal 9.637758e-01 2.667137e-01 -0.000000e+00
 outer loop
  vertex -1.2028388e-02 -3.0129542e-03 7.2000000e-02
  vertex -1.2028388e-02 -3.0129542e-03 7.6000000e-02
  vertex -1.1866060e-02 -3.5995300e-03 7.6000000e-02
 endloop
endfacet
facet normal 9.637758e-01 2.667137e-01 0.000000e+00
 outer loop
  vertex -1.2028388e-02 -3.0129542e-03 7.2000000e-02
  vertex -1.1866060e-02 -3.5995300e-03 7.6000000e-02
  vertex -1.1866060e-02 -3.5995300e-03 7.2000000e-02
 endloop
endfacet
facet normal 9.495281e-01 3.136820e-01 0.000000e+00
 outer loop
  vertex -1.1866060e-02 -3.5995300e-03 7.2000000e-02
  vertex -1.1675146e-02 -4.1774344e-03 7.6000000e-02
  vertex -1.1675146e-02 -4.1774344e-03 7.2000000e-02
 endloop
endfacet
facet normal 9.329929e-01 3.598949e-01 0.000000e+00
 outer loop
  vertex -1.1675146e-02 -4.1774344e-03 7.6000000e-02
  vertex -1.1456106e-02 -4.7452745e-03 7.6000000e-02
  vertex -1.1675146e-02 -4.1774344e-03 7.2000000e-02
 endloop
endfacet
facet normal 9.142104e-01 4.052398e-01 0.000000e+00
 outer loop
  vertex -1.1456106e-02 -4.7452745e-03 7.6000000e-02
  vertex -1.1209468e-02 -5.3016834e-03 7.6000000e-02
  vertex -1.1456106e-02 -4.7452745e-03 7.2000000e-02
 endloop
endfacet
facet normal 9.142104e-01 4.052398e-01 0.000000e+00
 outer loop
  vertex -1.1209468e-02 -5.3016834e-03 7.6000000e-02
  vertex -1.1209468e-02 -5.3016834e-03 7.2000000e-02
  vertex -1.1456106e-02 -4.7452745e-03 7.2000000e-02
 endloop
endfacet
facet normal 8.932232e-01 4.496135e-01 0.000000e+00
 outer loop
  vertex -1.0935823e-02 -5.8453193e-03 7.6000000e-02
  vertex -1.0935823e-02 -5.8453193e-03 7.2000000e-02
  vertex -1.1209468e-02 -5.3016834e-03 7.2000000e-02
 endloop
endfacet
facet normal 8.700877e-01 4.928969e-01 0.000000e+00
 outer loop
  vertex -1.0635835e-02 -6.3748740e-03 7.6000000e-02
  vertex -1.0935823e-02 -5.8453193e-03 7.2000000e-02
  vertex -1.0935823e-02 -5.8453193e-03 7.6000000e-02
 endloop
endfacet
facet normal 8.448541e-01 5.349968e-01 0.000000e+00
 outer loop
  vertex -1.0310224e-02 -6.8890710e-03 7.6000000e-02
  vertex -1.0635835e-02 -6.3748740e-03 7.2000000e-02
  vertex -1.0635835e-02 -6.3748740e-03 7.6000000e-02
 endloop
endfacet
facet normal 8.448541e-01 5.349968e-01 -0.000000e+00
 outer loop
  vertex -1.0310224e-02 -6.8890710e-03 7.2000000e-02
  vertex -1.0635835e-02 -6.3748740e-03 7.2000000e-02
  vertex -1.0310224e-02 -6.8890710e-03 7.6000000e-02
 endloop
endfacet
facet normal 8.175839e-01 5.758095e-01 -0.000000e+00
 outer loop
  vertex -9.9597730e-03 -7.3866715e-03 7.2000000e-02
  vertex -1.0310224e-02 -6.8890710e-03 7.2000000e-02
  vertex -9.9597730e-03 -7.3866715e-03 7.6000000e-02
 endloop
endfacet
facet normal 7.883460e-01 6.152321e-01 -0.000000e+00
 outer loop
  vertex -9.9597730e-03 -7.3866715e-03 7.2000000e-02
  vertex -9.9597730e-03 -7.3866715e-03 7.6000000e-02
  vertex -9.5853290e-03 -7.8664765e-03 7.6000000e-02
 endloop
endfacet
facet normal 7.572110e-01 6.531703e-01 -0.000000e+00
 outer loop
  vertex -9.5853290e-03 -7.8664765e-03 7.2000000e-02
  vertex -9.5853290e-03 -7.8664765e-03 7.6000000e-02
  vertex -9.1877950e-03 -8.3273320e-03 7.6000000e-02
 endloop
endfacet
facet normal 7.572110e-01 6.531703e-01 0.000000e+00
 outer loop
  vertex -9.5853290e-03 -7.8664765e-03 7.2000000e-02
  vertex -9.1877950e-03 -8.3273320e-03 7.6000000e-02
  vertex -9.1877950e-03 -8.3273320e-03 7.2000000e-02
 endloop
endfacet
facet normal 7.242469e-01 6.895407e-01 0.000000e+00
 outer loop
  vertex -9.1877950e-03 -8.3273320e-03 7.2000000e-02
  vertex -8.7681250e-03 -8.7681250e-03 7.6000000e-02
  vertex -8.7681250e-03 -8.7681250e-03 7.2000000e-02
 endloop
endfacet
facet normal 6.895407e-01 7.242469e-01 0.000000e+00
 outer loop
  vertex -8.7681250e-03 -8.7681250e-03 7.6000000e-02
  vertex -8.3273320e-03 -9.1877950e-03 7.6000000e-02
  vertex -8.7681250e-03 -8.7681250e-03 7.2000000e-02
 endloop
endfacet
facet normal 6.531703e-01 7.572110e-01 0.000000e+00
 outer loop
  vertex -8.3273320e-03 -9.1877950e-03 7.6000000e-02
  vertex -7.8664765e-03 -9.5853290e-03 7.6000000e-02
  vertex -8.3273320e-03 -9.1877950e-03 7.2000000e-02
 endloop
endfacet
facet normal 6.531703e-01 7.572110e-01 0.000000e+00
 outer loop
  vertex -7.8664765e-03 -9.5853290e-03 7.6000000e-02
  vertex -7.8664765e-03 -9.5853290e-03 7.2000000e-02
  vertex -8.3273320e-03 -9.1877950e-03 7.2000000e-02
 endloop
endfacet
facet normal 6.152321e-01 7.883460e-01 0.000000e+00
 outer loop
  vertex -7.3866715e-03 -9.9597730e-03 7.6000000e-02
  vertex -7.3866715e-03 -9.9597730e-03 7.2000000e-02
  vertex -7.8664765e-03 -9.5853290e-03 7.2000000e-02
 endloop
endfacet
facet normal 5.758095e-01 8.175839e-01 0.000000e+00
 outer loop
  vertex -6.8890710e-03 -1.0310224e-02 7.6000000e-02
  vertex -7.3866715e-03 -9.9597730e-03 7.2000000e-02
  vertex -7.3866715e-03 -9.9597730e-03 7.6000000e-02
 endloop
endfacet
facet normal 5.349968e-01 8.448541e-01 0.000000e+00
 outer loop
  vertex -6.3748740e-03 -1.0635835e-02 7.6000000e-02
  vertex -6.8890710e-03 -1.0310224e-02 7.2000000e-02
  vertex -6.8890710e-03 -1.0310224e-02 7.6000000e-02
 endloop
endfacet
facet normal 5.349968e-01 8.448541e-01 -0.000000e+00
 outer loop
  vertex -6.3748740e-03 -1.0635835e-02 7.2000000e-02
  vertex -6.8890710e-03 -1.0310224e-02 7.2000000e-02
  vertex -6.3748740e-03 -1.0635835e-02 7.6000000e-02
 endloop
endfacet
facet normal 4.928969e-01 8.700877e-01 -0.000000e+00
 outer loop
  vertex -5.8453193e-03 -1.0935823e-02 7.2000000e-02
  vertex -6.3748740e-03 -1.0635835e-02 7.2000000e-02
  vertex -5.8453193e-03 -1.0935823e-02 7.6000000e-02
 endloop
endfacet
facet normal 4.496135e-01 8.932232e-01 -0.000000e+00
 outer loop
  vertex -5.8453193e-03 -1.0935823e-02 7.2000000e-02
  vertex -5.8453193e-03 -1.0935823e-02 7.6000000e-02
  vertex -5.3016834e-03 -1.1209468e-02 7.6000000e-02
 endloop
endfacet
facet normal 4.052398e-01 9.142104e-01 0.000000e+00
 outer loop
  vertex -5.3016834e-03 -1.1209468e-02 7.2000000e-02
  vertex -4.7452745e-03 -1.1456106e-02 7.6000000e-02
  vertex -4.7452745e-03 -1.1456106e-02 7.2000000e-02
 endloop
endfacet
facet normal 3.136820e-01 9.495281e-01 -0.000000e+00
 outer loop
  vertex -4.1774344e-03 -1.1675146e-02 7.2000000e-02
  vertex -4.1774344e-03 -1.1675146e-02 7.6000000e-02
  vertex -3.5995300e-03 -1.1866060e-02 7.6000000e-02
 endloop
endfacet
facet normal 2.667137e-01 9.637758e-01 -0.000000e+00
 outer loop
  vertex -3.5995300e-03 -1.1866060e-02 7.2000000e-02
  vertex -3.5995300e-03 -1.1866060e-02 7.6000000e-02
  vertex -3.0129542e-03 -1.2028388e-02 7.6000000e-02
 endloop
endfacet
facet normal 2.190997e-01 9.757025e-01 -0.000000e+00
 outer loop
  vertex -2.4191198e-03 -1.2161737e-02 7.2000000e-02
  vertex -3.0129542e-03 -1.2028388e-02 7.2000000e-02
  vertex -2.4191198e-03 -1.2161737e-02 7.6000000e-02
 endloop
endfacet
facet normal 1.709616e-01 9.852777e-01 -0.000000e+00
 outer loop
  vertex -1.8194579e-03 -1.2265788e-02 7.2000000e-02
  vertex -2.4191198e-03 -1.2161737e-02 7.2000000e-02
  vertex -1.8194579e-03 -1.2265788e-02 7.6000000e-02
 endloop
endfacet
facet normal 1.224108e-01 9.924795e-01 -0.000000e+00
 outer loop
  vertex -1.2154125e-03 -1.2340290e-02 7.2000000e-02
  vertex -1.8194579e-03 -1.2265788e-02 7.2000000e-02
  vertex -1.2154125e-03 -1.2340290e-02 7.6000000e-02
 endloop
endfacet
facet normal 2.454231e-02 9.996988e-01 0.000000e+00
 outer loop
  vertex 0.0000000e+00 -1.2400001e-02 7.6000000e-02
  vertex -6.0843915e-04 -1.2385064e-02 7.2000000e-02
  vertex -6.0843915e-04 -1.2385064e-02 7.6000000e-02
 endloop
endfacet
facet normal -2.454231e-02 9.996988e-01 0.000000e+00
 outer loop
  vertex 6.0843915e-04 -1.2385064e-02 7.6000000e-02
  vertex 0.0000000e+00 -1.2400001e-02 7.2000000e-02
  vertex 0.0000000e+00 -1.2400001e-02 7.6000000e-02
 endloop
endfacet
facet normal -7.356613e-02 9.972903e-01 0.000000e+00
 outer loop
  vertex 1.2154125e-03 -1.2340290e-02 7.6000000e-02
  vertex 1.2154125e-03 -1.2340290e-02 7.2000000e-02
  vertex 6.0843915e-04 -1.2385064e-02 7.2000000e-02
 endloop
endfacet
facet normal -1.224108e-01 9.924795e-01 0.000000e+00
 outer loop
  vertex 1.8194579e-03 -1.2265788e-02 7.6000000e-02
  vertex 1.8194579e-03 -1.2265788e-02 7.2000000e-02
  vertex 1.2154125e-03 -1.2340290e-02 7.2000000e-02
 endloop
endfacet
facet normal -1.709616e-01 9.852777e-01 0.000000e+00
 outer loop
  vertex 2.4191198e-03 -1.2161737e-02 7.6000000e-02
  vertex 2.4191198e-03 -1.2161737e-02 7.2000000e-02
  vertex 1.8194579e-03 -1.2265788e-02 7.2000000e-02
 endloop
endfacet
facet normal -2.667137e-01 9.637758e-01 0.000000e+00
 outer loop
  vertex 3.0129542e-03 -1.2028388e-02 7.6000000e-02
  vertex 3.5995300e-03 -1.1866060e-02 7.6000000e-02
  vertex 3.0129542e-03 -1.2028388e-02 7.2000000e-02
 endloop
endfacet
facet normal -3.136820e-01 9.495281e-01 0.000000e+00
 outer loop
  vertex 3.5995300e-03 -1.1866060e-02 7.6000000e-02
  vertex 4.1774344e-03 -1.1675146e-02 7.6000000e-02
  vertex 3.5995300e-03 -1.1866060e-02 7.2000000e-02
 endloop
endfacet
facet normal -3.598949e-01 9.329929e-01 0.000000e+00
 outer loop
  vertex 4.1774344e-03 -1.1675146e-02 7.2000000e-02
  vertex 4.7452745e-03 -1.1456106e-02 7.6000000e-02
  vertex 4.7452745e-03 -1.1456106e-02 7.2000000e-02
 endloop
endfacet
facet normal -4.052398e-01 9.142104e-01 0.000000e+00
 outer loop
  vertex 4.7452745e-03 -1.1456106e-02 7.2000000e-02
  vertex 5.3016834e-03 -1.1209468e-02 7.6000000e-02
  vertex 5.3016834e-03 -1.1209468e-02 7.2000000e-02
 endloop
endfacet
facet normal -4.496135e-01 8.932232e-01 0.000000e+00
 outer loop
  vertex 5.3016834e-03 -1.1209468e-02 7.2000000e-02
  vertex 5.8453193e-03 -1.0935823e-02 7.6000000e-02
  vertex 5.8453193e-03 -1.0935823e-02 7.2000000e-02
 endloop
endfacet
facet normal -5.349968e-01 8.448541e-01 0.000000e+00
 outer loop
  vertex 6.3748740e-03 -1.0635835e-02 7.2000000e-02
  vertex 6.3748740e-03 -1.0635835e-02 7.6000000e-02
  vertex 6.8890710e-03 -1.0310224e-02 7.6000000e-02
 endloop
endfacet
facet normal -5.758095e-01 8.175839e-01 0.000000e+00
 outer loop
  vertex 6.8890710e-03 -1.0310224e-02 7.2000000e-02
  vertex 6.8890710e-03 -1.0310224e-02 7.6000000e-02
  vertex 7.3866715e-03 -9.9597730e-03 7.6000000e-02
 endloop
endfacet
facet normal -6.152321e-01 7.883460e-01 0.000000e+00
 outer loop
  vertex 7.3866715e-03 -9.9597730e-03 7.2000000e-02
  vertex 7.3866715e-03 -9.9597730e-03 7.6000000e-02
  vertex 7.8664765e-03 -9.5853290e-03 7.6000000e-02
 endloop
endfacet
facet normal -6.531703e-01 7.572110e-01 0.000000e+00
 outer loop
  vertex 8.3273320e-03 -9.1877950e-03 7.2000000e-02
  vertex 7.8664765e-03 -9.5853290e-03 7.2000000e-02
  vertex 8.3273320e-03 -9.1877950e-03 7.6000000e-02
 endloop
endfacet
facet normal -6.895407e-01 7.242469e-01 0.000000e+00
 outer loop
  vertex 8.7681250e-03 -8.7681250e-03 7.2000000e-02
  vertex 8.3273320e-03 -9.1877950e-03 7.2000000e-02
  vertex 8.7681250e-03 -8.7681250e-03 7.6000000e-02
 endloop
endfacet
facet normal -7.242469e-01 6.895407e-01 0.000000e+00
 outer loop
  vertex 9.1877950e-03 -8.3273320e-03 7.2000000e-02
  vertex 8.7681250e-03 -8.7681250e-03 7.2000000e-02
  vertex 9.1877950e-03 -8.3273320e-03 7.6000000e-02
 endloop
endfacet
facet normal -7.883460e-01 6.152321e-01 0.000000e+00
 outer loop
  vertex 9.9597730e-03 -7.3866715e-03 7.6000000e-02
  vertex 9.5853290e-03 -7.8664765e-03 7.2000000e-02
  vertex 9.5853290e-03 -7.8664765e-03 7.6000000e-02
 endloop
endfacet
facet normal -8.175839e-01 5.758095e-01 0.000000e+00
 outer loop
  vertex 1.0310224e-02 -6.8890710e-03 7.6000000e-02
  vertex 9.9597730e-03 -7.3866715e-03 7.2000000e-02
  vertex 9.9597730e-03 -7.3866715e-03 7.6000000e-02
 endloop
endfacet
facet normal -8.448541e-01 5.349968e-01 0.000000e+00
 outer loop
  vertex 1.0635835e-02 -6.3748740e-03 7.6000000e-02
  vertex 1.0310224e-02 -6.8890710e-03 7.2000000e-02
  vertex 1.0310224e-02 -6.8890710e-03 7.6000000e-02
 endloop
endfacet
facet normal -8.700877e-01 4.928969e-01 0.000000e+00
 outer loop
  vertex 1.0935823e-02 -5.8453193e-03 7.6000000e-02
  vertex 1.0635835e-02 -6.3748740e-03 7.2000000e-02
  vertex 1.0635835e-02 -6.3748740e-03 7.6000000e-02
 endloop
endfacet
facet normal -8.932232e-01 4.496135e-01 0.000000e+00
 outer loop
  vertex 1.1209468e-02 -5.3016834e-03 7.6000000e-02
  vertex 1.1209468e-02 -5.3016834e-03 7.2000000e-02
  vertex 1.0935823e-02 -5.8453193e-03 7.2000000e-02
 endloop
endfacet
facet normal -9.142104e-01 4.052398e-01 0.000000e+00
 outer loop
  vertex 1.1456106e-02 -4.7452745e-03 7.6000000e-02
  vertex 1.1456106e-02 -4.7452745e-03 7.2000000e-02
  vertex 1.1209468e-02 -5.3016834e-03 7.2000000e-02
 endloop
endfacet
facet normal -9.329929e-01 3.598949e-01 0.000000e+00
 outer loop
  vertex 1.1675146e-02 -4.1774344e-03 7.6000000e-02
  vertex 1.1675146e-02 -4.1774344e-03 7.2000000e-02
  vertex 1.1456106e-02 -4.7452745e-03 7.2000000e-02
 endloop
endfacet
facet normal -9.495281e-01 3.136820e-01 0.000000e+00
 outer loop
  vertex 1.1866060e-02 -3.5995300e-03 7.6000000e-02
  vertex 1.1866060e-02 -3.5995300e-03 7.2000000e-02
  vertex 1.1675146e-02 -4.1774344e-03 7.2000000e-02
 endloop
endfacet
facet normal -9.637758e-01 2.667137e-01 0.000000e+00
 outer loop
  vertex 1.2028388e-02 -3.0129542e-03 7.6000000e-02
  vertex 1.2028388e-02 -3.0129542e-03 7.2000000e-02
  vertex 1.1866060e-02 -3.5995300e-03 7.2000000e-02
 endloop
endfacet
facet normal -9.852777e-01 1.709616e-01 0.000000e+00
 outer loop
  vertex 1.2161737e-02 -2.4191198e-03 7.6000000e-02
  vertex 1.2265788e-02 -1.8194579e-03 7.6000000e-02
  vertex 1.2161737e-02 -2.4191198e-03 7.2000000e-02
 endloop
endfacet
facet normal -9.996988e-01 2.454231e-02 0.000000e+00
 outer loop
  vertex 1.2400001e-02 -0.0000000e+00 7.6000000e-02
  vertex 1.2400001e-02 -0.0000000e+00 7.2000000e-02
  vertex 1.2385064e-02 -6.0843915e-04 7.2000000e-02
 endloop
endfacet
facet normal -9.924795e-01 1.224108e-01 0.000000e+00
 outer loop
  vertex 1.2340290e-02 -1.2154125e-03 7.6000000e-02
  vertex 1.2265788e-02 -1.8194579e-03 7.2000000e-02
  vertex 1.2265788e-02 -1.8194579e-03 7.6000000e-02
 endloop
endfacet
facet normal -9.996988e-01 2.454231e-02 0.000000e+00
 outer loop
  vertex 1.2385064e-02 -6.0843915e-04 7.6000000e-02
  vertex 1.2400001e-02 -0.0000000e+00 7.6000000e-02
  vertex 1.2385064e-02 -6.0843915e-04 7.2000000e-02
 endloop
endfacet
facet normal -9.972903e-01 7.356613e-02 0.000000e+00
 outer loop
  vertex 1.2340290e-02 -1.2154125e-03 7.6000000e-02
  vertex 1.2385064e-02 -6.0843915e-04 7.6000000e-02
  vertex 1.2340290e-02 -1.2154125e-03 7.2000000e-02
 endloop
endfacet
facet normal -9.924795e-01 1.224108e-01 0.000000e+00
 outer loop
  vertex 1.2340290e-02 -1.2154125e-03 7.6000000e-02
  vertex 1.2340290e-02 -1.2154125e-03 7.2000000e-02
  vertex 1.2265788e-02 -1.8194579e-03 7.2000000e-02
 endloop
endfacet
facet normal -9.852777e-01 1.709616e-01 0.000000e+00
 outer loop
  vertex 1.2265788e-02 -1.8194579e-03 7.6000000e-02
  vertex 1.2265788e-02 -1.8194579e-03 7.2000000e-02
  vertex 1.2161737e-02 -2.4191198e-03 7.2000000e-02
 endloop
endfacet
facet normal -9.757025e-01 2.190997e-01 0.000000e+00
 outer loop
  vertex 1.2161737e-02 -2.4191198e-03 7.6000000e-02
  vertex 1.2161737e-02 -2.4191198e-03 7.2000000e-02
  vertex 1.2028388e-02 -3.0129542e-03 7.2000000e-02
 endloop
endfacet
facet normal -9.757025e-01 2.190997e-01 0.000000e+00
 outer loop
  vertex 1.2161737e-02 -2.4191198e-03 7.6000000e-02
  vertex 1.2028388e-02 -3.0129542e-03 7.2000000e-02
  vertex 1.2028388e-02 -3.0129542e-03 7.6000000e-02
 endloop
endfacet
facet normal -9.637758e-01 2.667137e-01 0.000000e+00
 outer loop
  vertex 1.2028388e-02 -3.0129542e-03 7.6000000e-02
  vertex 1.1866060e-02 -3.5995300e-03 7.2000000e-02
  vertex 1.1866060e-02 -3.5995300e-03 7.6000000e-02
 endloop
endfacet
facet normal -9.495281e-01 3.136820e-01 0.000000e+00
 outer loop
  vertex 1.1866060e-02 -3.5995300e-03 7.6000000e-02
  vertex 1.1675146e-02 -4.1774344e-03 7.2000000e-02
  vertex 1.1675146e-02 -4.1774344e-03 7.6000000e-02
 endloop
endfacet
facet normal -9.329929e-01 3.598949e-01 0.000000e+00
 outer loop
  vertex 1.1675146e-02 -4.1774344e-03 7.6000000e-02
  vertex 1.1456106e-02 -4.7452745e-03 7.2000000e-02
  vertex 1.1456106e-02 -4.7452745e-03 7.6000000e-02
 endloop
endfacet
facet normal -9.142104e-01 4.052398e-01 0.000000e+00
 outer loop
  vertex 1.1456106e-02 -4.7452745e-03 7.6000000e-02
  vertex 1.1209468e-02 -5.3016834e-03 7.2000000e-02
  vertex 1.1209468e-02 -5.3016834e-03 7.6000000e-02
 endloop
endfacet
facet normal -8.932232e-01 4.496135e-01 0.000000e+00
 outer loop
  vertex 1.1209468e-02 -5.3016834e-03 7.6000000e-02
  vertex 1.0935823e-02 -5.8453193e-03 7.2000000e-02
  vertex 1.0935823e-02 -5.8453193e-03 7.6000000e-02
 endloop
endfacet
facet normal -8.700877e-01 4.928969e-01 0.000000e+00
 outer loop
  vertex 1.0935823e-02 -5.8453193e-03 7.2000000e-02
  vertex 1.0635835e-02 -6.3748740e-03 7.2000000e-02
  vertex 1.0935823e-02 -5.8453193e-03 7.6000000e-02
 endloop
endfacet
facet normal -8.448541e-01 5.349968e-01 0.000000e+00
 outer loop
  vertex 1.0635835e-02 -6.3748740e-03 7.2000000e-02
  vertex 1.0310224e-02 -6.8890710e-03 7.2000000e-02
  vertex 1.0635835e-02 -6.3748740e-03 7.6000000e-02
 endloop
endfacet
facet normal -8.175839e-01 5.758095e-01 0.000000e+00
 outer loop
  vertex 1.0310224e-02 -6.8890710e-03 7.2000000e-02
  vertex 9.9597730e-03 -7.3866715e-03 7.2000000e-02
  vertex 1.0310224e-02 -6.8890710e-03 7.6000000e-02
 endloop
endfacet
facet normal -7.883460e-01 6.152321e-01 0.000000e+00
 outer loop
  vertex 9.9597730e-03 -7.3866715e-03 7.2000000e-02
  vertex 9.5853290e-03 -7.8664765e-03 7.2000000e-02
  vertex 9.9597730e-03 -7.3866715e-03 7.6000000e-02
 endloop
endfacet
facet normal -7.572110e-01 6.531703e-01 0.000000e+00
 outer loop
  vertex 9.5853290e-03 -7.8664765e-03 7.2000000e-02
  vertex 9.1877950e-03 -8.3273320e-03 7.2000000e-02
  vertex 9.5853290e-03 -7.8664765e-03 7.6000000e-02
 endloop
endfacet
facet normal -7.572110e-01 6.531703e-01 0.000000e+00
 outer loop
  vertex 9.1877950e-03 -8.3273320e-03 7.2000000e-02
  vertex 9.1877950e-03 -8.3273320e-03 7.6000000e-02
  vertex 9.5853290e-03 -7.8664765e-03 7.6000000e-02
 endloop
endfacet
facet normal -7.242469e-01 6.895407e-01 0.000000e+00
 outer loop
  vertex 8.7681250e-03 -8.7681250e-03 7.2000000e-02
  vertex 8.7681250e-03 -8.7681250e-03 7.6000000e-02
  vertex 9.1877950e-03 -8.3273320e-03 7.6000000e-02
 endloop
endfacet
facet normal -6.895407e-01 7.242469e-01 0.000000e+00
 outer loop
  vertex 8.3273320e-03 -9.1877950e-03 7.2000000e-02
  vertex 8.3273320e-03 -9.1877950e-03 7.6000000e-02
  vertex 8.7681250e-03 -8.7681250e-03 7.6000000e-02
 endloop
endfacet
facet normal -6.531703e-01 7.572110e-01 0.000000e+00
 outer loop
  vertex 7.8664765e-03 -9.5853290e-03 7.2000000e-02
  vertex 7.8664765e-03 -9.5853290e-03 7.6000000e-02
  vertex 8.3273320e-03 -9.1877950e-03 7.6000000e-02
 endloop
endfacet
facet normal -6.152321e-01 7.883460e-01 0.000000e+00
 outer loop
  vertex 7.3866715e-03 -9.9597730e-03 7.2000000e-02
  vertex 7.8664765e-03 -9.5853290e-03 7.6000000e-02
  vertex 7.8664765e-03 -9.5853290e-03 7.2000000e-02
 endloop
endfacet
facet normal -5.758095e-01 8.175839e-01 0.000000e+00
 outer loop
  vertex 6.8890710e-03 -1.0310224e-02 7.2000000e-02
  vertex 7.3866715e-03 -9.9597730e-03 7.6000000e-02
  vertex 7.3866715e-03 -9.9597730e-03 7.2000000e-02
 endloop
endfacet
facet normal -5.349968e-01 8.448541e-01 0.000000e+00
 outer loop
  vertex 6.3748740e-03 -1.0635835e-02 7.2000000e-02
  vertex 6.8890710e-03 -1.0310224e-02 7.6000000e-02
  vertex 6.8890710e-03 -1.0310224e-02 7.2000000e-02
 endloop
endfacet
facet normal -4.928969e-01 8.700877e-01 0.000000e+00
 outer loop
  vertex 5.8453193e-03 -1.0935823e-02 7.2000000e-02
  vertex 6.3748740e-03 -1.0635835e-02 7.6000000e-02
  vertex 6.3748740e-03 -1.0635835e-02 7.2000000e-02
 endloop
endfacet
facet normal -4.928969e-01 8.700877e-01 0.000000e+00
 outer loop
  vertex 5.8453193e-03 -1.0935823e-02 7.6000000e-02
  vertex 6.3748740e-03 -1.0635835e-02 7.6000000e-02
  vertex 5.8453193e-03 -1.0935823e-02 7.2000000e-02
 endloop
endfacet
facet normal -4.496135e-01 8.932232e-01 0.000000e+00
 outer loop
  vertex 5.3016834e-03 -1.1209468e-02 7.6000000e-02
  vertex 5.8453193e-03 -1.0935823e-02 7.6000000e-02
  vertex 5.3016834e-03 -1.1209468e-02 7.2000000e-02
 endloop
endfacet
facet normal -4.052398e-01 9.142104e-01 0.000000e+00
 outer loop
  vertex 4.7452745e-03 -1.1456106e-02 7.6000000e-02
  vertex 5.3016834e-03 -1.1209468e-02 7.6000000e-02
  vertex 4.7452745e-03 -1.1456106e-02 7.2000000e-02
 endloop
endfacet
facet normal -3.598949e-01 9.329929e-01 0.000000e+00
 outer loop
  vertex 4.1774344e-03 -1.1675146e-02 7.6000000e-02
  vertex 4.7452745e-03 -1.1456106e-02 7.6000000e-02
  vertex 4.1774344e-03 -1.1675146e-02 7.2000000e-02
 endloop
endfacet
facet normal -3.136820e-01 9.495281e-01 0.000000e+00
 outer loop
  vertex 4.1774344e-03 -1.1675146e-02 7.6000000e-02
  vertex 4.1774344e-03 -1.1675146e-02 7.2000000e-02
  vertex 3.5995300e-03 -1.1866060e-02 7.2000000e-02
 endloop
endfacet
facet normal -2.667137e-01 9.637758e-01 0.000000e+00
 outer loop
  vertex 3.5995300e-03 -1.1866060e-02 7.6000000e-02
  vertex 3.5995300e-03 -1.1866060e-02 7.2000000e-02
  vertex 3.0129542e-03 -1.2028388e-02 7.2000000e-02
 endloop
endfacet
facet normal -2.190997e-01 9.757025e-01 0.000000e+00
 outer loop
  vertex 3.0129542e-03 -1.2028388e-02 7.6000000e-02
  vertex 3.0129542e-03 -1.2028388e-02 7.2000000e-02
  vertex 2.4191198e-03 -1.2161737e-02 7.2000000e-02
 endloop
endfacet
facet normal -2.190997e-01 9.757025e-01 0.000000e+00
 outer loop
  vertex 3.0129542e-03 -1.2028388e-02 7.6000000e-02
  vertex 2.4191198e-03 -1.2161737e-02 7.2000000e-02
  vertex 2.4191198e-03 -1.2161737e-02 7.6000000e-02
 endloop
endfacet
facet normal -1.709616e-01 9.852777e-01 0.000000e+00
 outer loop
  vertex 2.4191198e-03 -1.2161737e-02 7.6000000e-02
  vertex 1.8194579e-03 -1.2265788e-02 7.2000000e-02
  vertex 1.8194579e-03 -1.2265788e-02 7.6000000e-02
 endloop
endfacet
facet normal -1.224108e-01 9.924795e-01 0.000000e+00
 outer loop
  vertex 1.8194579e-03 -1.2265788e-02 7.6000000e-02
  vertex 1.2154125e-03 -1.2340290e-02 7.2000000e-02
  vertex 1.2154125e-03 -1.2340290e-02 7.6000000e-02
 endloop
endfacet
facet normal -7.356613e-02 9.972903e-01 0.000000e+00
 outer loop
  vertex 1.2154125e-03 -1.2340290e-02 7.6000000e-02
  vertex 6.0843915e-04 -1.2385064e-02 7.2000000e-02
  vertex 6.0843915e-04 -1.2385064e-02 7.6000000e-02
 endloop
endfacet
facet normal -2.454231e-02 9.996988e-01 0.000000e+00
 outer loop
  vertex 6.0843915e-04 -1.2385064e-02 7.2000000e-02
  vertex 0.0000000e+00 -1.2400001e-02 7.2000000e-02
  vertex 6.0843915e-04 -1.2385064e-02 7.6000000e-02
 endloop
endfacet
facet normal 2.454231e-02 9.996988e-01 -0.000000e+00
 outer loop
  vertex 0.0000000e+00 -1.2400001e-02 7.2000000e-02
  vertex -6.0843915e-04 -1.2385064e-02 7.2000000e-02
  vertex 0.0000000e+00 -1.2400001e-02 7.6000000e-02
 endloop
endfacet
facet normal 7.356613e-02 9.972903e-01 -0.000000e+00
 outer loop
  vertex -6.0843915e-04 -1.2385064e-02 7.2000000e-02
  vertex -1.2154125e-03 -1.2340290e-02 7.2000000e-02
  vertex -6.0843915e-04 -1.2385064e-02 7.6000000e-02
 endloop
endfacet
facet normal 7.356613e-02 9.972903e-01 -0.000000e+00
 outer loop
  vertex -1.2154125e-03 -1.2340290e-02 7.2000000e-02
  vertex -1.2154125e-03 -1.2340290e-02 7.6000000e-02
  vertex -6.0843915e-04 -1.2385064e-02 7.6000000e-02
 endloop
endfacet
facet normal 1.224108e-01 9.924795e-01 -0.000000e+00
 outer loop
  vertex -1.8194579e-03 -1.2265788e-02 7.2000000e-02
  vertex -1.8194579e-03 -1.2265788e-02 7.6000000e-02
  vertex -1.2154125e-03 -1.2340290e-02 7.6000000e-02
 endloop
endfacet
facet normal 1.709616e-01 9.852777e-01 -0.000000e+00
 outer loop
  vertex -2.4191198e-03 -1.2161737e-02 7.2000000e-02
  vertex -2.4191198e-03 -1.2161737e-02 7.6000000e-02
  vertex -1.8194579e-03 -1.2265788e-02 7.6000000e-02
 endloop
endfacet
facet normal 2.190997e-01 9.757025e-01 -0.000000e+00
 outer loop
  vertex -3.0129542e-03 -1.2028388e-02 7.2000000e-02
  vertex -3.0129542e-03 -1.2028388e-02 7.6000000e-02
  vertex -2.4191198e-03 -1.2161737e-02 7.6000000e-02
 endloop
endfacet
facet normal 2.667137e-01 9.637758e-01 0.000000e+00
 outer loop
  vertex -3.5995300e-03 -1.1866060e-02 7.2000000e-02
  vertex -3.0129542e-03 -1.2028388e-02 7.6000000e-02
  vertex -3.0129542e-03 -1.2028388e-02 7.2000000e-02
 endloop
endfacet
facet normal 3.136820e-01 9.495281e-01 0.000000e+00
 outer loop
  vertex -4.1774344e-03 -1.1675146e-02 7.2000000e-02
  vertex -3.5995300e-03 -1.1866060e-02 7.6000000e-02
  vertex -3.5995300e-03 -1.1866060e-02 7.2000000e-02
 endloop
endfacet
facet normal 3.598949e-01 9.329929e-01 0.000000e+00
 outer loop
  vertex -4.7452745e-03 -1.1456106e-02 7.2000000e-02
  vertex -4.1774344e-03 -1.1675146e-02 7.6000000e-02
  vertex -4.1774344e-03 -1.1675146e-02 7.2000000e-02
 endloop
endfacet
facet normal 3.598949e-01 9.329929e-01 0.000000e+00
 outer loop
  vertex -4.7452745e-03 -1.1456106e-02 7.6000000e-02
  vertex -4.1774344e-03 -1.1675146e-02 7.6000000e-02
  vertex -4.7452745e-03 -1.1456106e-02 7.2000000e-02
 endloop
endfacet
facet normal 4.052398e-01 9.142104e-01 0.000000e+00
 outer loop
  vertex -5.3016834e-03 -1.1209468e-02 7.6000000e-02
  vertex -4.7452745e-03 -1.1456106e-02 7.6000000e-02
  vertex -5.3016834e-03 -1.1209468e-02 7.2000000e-02
 endloop
endfacet
facet normal 4.496135e-01 8.932232e-01 0.000000e+00
 outer loop
  vertex -5.3016834e-03 -1.1209468e-02 7.6000000e-02
  vertex -5.3016834e-03 -1.1209468e-02 7.2000000e-02
  vertex -5.8453193e-03 -1.0935823e-02 7.2000000e-02
 endloop
endfacet
facet normal 4.928969e-01 8.700877e-01 0.000000e+00
 outer loop
  vertex -6.3748740e-03 -1.0635835e-02 7.6000000e-02
  vertex -5.8453193e-03 -1.0935823e-02 7.6000000e-02
  vertex -6.3748740e-03 -1.0635835e-02 7.2000000e-02
 endloop
endfacet
facet normal 5.758095e-01 8.175839e-01 0.000000e+00
 outer loop
  vertex -7.3866715e-03 -9.9597730e-03 7.2000000e-02
  vertex -6.8890710e-03 -1.0310224e-02 7.6000000e-02
  vertex -6.8890710e-03 -1.0310224e-02 7.2000000e-02
 endloop
endfacet
facet normal 6.152321e-01 7.883460e-01 -0.000000e+00
 outer loop
  vertex -7.8664765e-03 -9.5853290e-03 7.2000000e-02
  vertex -7.8664765e-03 -9.5853290e-03 7.6000000e-02
  vertex -7.3866715e-03 -9.9597730e-03 7.6000000e-02
 endloop
endfacet
facet normal 6.895407e-01 7.242469e-01 -0.000000e+00
 outer loop
  vertex -8.3273320e-03 -9.1877950e-03 7.2000000e-02
  vertex -8.7681250e-03 -8.7681250e-03 7.2000000e-02
  vertex -8.3273320e-03 -9.1877950e-03 7.6000000e-02
 endloop
endfacet
facet normal 7.242469e-01 6.895407e-01 0.000000e+00
 outer loop
  vertex -8.7681250e-03 -8.7681250e-03 7.6000000e-02
  vertex -9.1877950e-03 -8.3273320e-03 7.2000000e-02
  vertex -9.1877950e-03 -8.3273320e-03 7.6000000e-02
 endloop
endfacet
facet normal 7.883460e-01 6.152321e-01 0.000000e+00
 outer loop
  vertex -9.5853290e-03 -7.8664765e-03 7.6000000e-02
  vertex -9.5853290e-03 -7.8664765e-03 7.2000000e-02
  vertex -9.9597730e-03 -7.3866715e-03 7.2000000e-02
 endloop
endfacet
facet normal 8.175839e-01 5.758095e-01 0.000000e+00
 outer loop
  vertex -1.0310224e-02 -6.8890710e-03 7.6000000e-02
  vertex -9.9597730e-03 -7.3866715e-03 7.6000000e-02
  vertex -1.0310224e-02 -6.8890710e-03 7.2000000e-02
 endloop
endfacet
facet normal 8.700877e-01 4.928969e-01 0.000000e+00
 outer loop
  vertex -1.0935823e-02 -5.8453193e-03 7.2000000e-02
  vertex -1.0635835e-02 -6.3748740e-03 7.6000000e-02
  vertex -1.0635835e-02 -6.3748740e-03 7.2000000e-02
 endloop
endfacet
facet normal 8.932232e-01 4.496135e-01 -0.000000e+00
 outer loop
  vertex -1.1209468e-02 -5.3016834e-03 7.2000000e-02
  vertex -1.1209468e-02 -5.3016834e-03 7.6000000e-02
  vertex -1.0935823e-02 -5.8453193e-03 7.6000000e-02
 endloop
endfacet
facet normal 9.329929e-01 3.598949e-01 -0.000000e+00
 outer loop
  vertex -1.1456106e-02 -4.7452745e-03 7.2000000e-02
  vertex -1.1675146e-02 -4.1774344e-03 7.2000000e-02
  vertex -1.1456106e-02 -4.7452745e-03 7.6000000e-02
 endloop
endfacet
facet normal 9.495281e-01 3.136820e-01 0.000000e+00
 outer loop
  vertex -1.1675146e-02 -4.1774344e-03 7.6000000e-02
  vertex -1.1866060e-02 -3.5995300e-03 7.2000000e-02
  vertex -1.1866060e-02 -3.5995300e-03 7.6000000e-02
 endloop
endfacet
facet normal 9.757025e-01 2.190997e-01 0.000000e+00
 outer loop
  vertex -1.2028388e-02 -3.0129542e-03 7.6000000e-02
  vertex -1.2028388e-02 -3.0129542e-03 7.2000000e-02
  vertex -1.2161737e-02 -2.4191198e-03 7.2000000e-02
 endloop
endfacet
facet normal 9.852777e-01 1.709616e-01 0.000000e+00
 outer loop
  vertex -1.2265788e-02 -1.8194579e-03 7.6000000e-02
  vertex -1.2161737e-02 -2.4191198e-03 7.6000000e-02
  vertex -1.2265788e-02 -1.8194579e-03 7.2000000e-02
 endloop
endfacet
facet normal 9.996988e-01 2.454231e-02 0.000000e+00
 outer loop
  vertex -1.2385064e-02 -6.0843915e-04 7.2000000e-02
  vertex -1.2400001e-02 -0.0000000e+00 7.2000000e-02
  vertex -1.2400001e-02 -0.0000000e+00 7.6000000e-02
 endloop
endfacet
facet normal 9.972903e-01 7.356613e-02 0.000000e+00
 outer loop
  vertex -1.2340290e-02 -1.2154125e-03 7.6000000e-02
  vertex -1.2340290e-02 -1.2154125e-03 7.2000000e-02
  vertex -1.2385064e-02 -6.0843915e-04 7.2000000e-02
 endloop
endfacet
facet normal -9.972903e-01 7.356613e-02 0.000000e+00
 outer loop
  vertex 1.2340290e-02 -1.2154125e-03 7.2000000e-02
  vertex 1.2385064e-02 -6.0843915e-04 7.6000000e-02
  vertex 1.2385064e-02 -6.0843915e-04 7.2000000e-02
 endloop
endfacet
endsolid cvwt_caps
