solid cvwt_filter_original
facet normal -9.972904e-01 -7.356528e-02 -0.000000e+00
 outer loop
  vertex -1.6979523e-02 -8.3415050e-04 4.5000000e-02
  vertex -1.6979523e-02 -8.3415050e-04 2.7000000e-02
  vertex -1.6918140e-02 -1.6662914e-03 4.5000000e-02
 endloop
endfacet
facet normal -9.924798e-01 -1.224087e-01 -0.000000e+00
 outer loop
  vertex -1.6918140e-02 -1.6662914e-03 4.5000000e-02
  vertex -1.6918140e-02 -1.6662914e-03 2.7000000e-02
  vertex -1.6816002e-02 -2.4944181e-03 4.5000000e-02
 endloop
endfacet
facet normal -9.924798e-01 -1.224087e-01 -0.000000e+00
 outer loop
  vertex -1.6816002e-02 -2.4944181e-03 4.5000000e-02
  vertex -1.6918140e-02 -1.6662914e-03 2.7000000e-02
  vertex -1.6816002e-02 -2.4944181e-03 2.7000000e-02
 endloop
endfacet
facet normal -9.852774e-01 -1.709632e-01 -0.000000e+00
 outer loop
  vertex -1.6673350e-02 -3.3165355e-03 4.5000000e-02
  vertex -1.6816002e-02 -2.4944181e-03 2.7000000e-02
  vertex -1.6673350e-02 -3.3165355e-03 2.7000000e-02
 endloop
endfacet
facet normal -9.757022e-01 -2.191007e-01 0.000000e+00
 outer loop
  vertex -1.6490532e-02 -4.1306630e-03 4.5000000e-02
  vertex -1.6673350e-02 -3.3165355e-03 4.5000000e-02
  vertex -1.6673350e-02 -3.3165355e-03 2.7000000e-02
 endloop
endfacet
facet normal -9.637753e-01 -2.667155e-01 0.000000e+00
 outer loop
  vertex -1.6267984e-02 -4.9348392e-03 4.5000000e-02
  vertex -1.6490532e-02 -4.1306630e-03 4.5000000e-02
  vertex -1.6490532e-02 -4.1306630e-03 2.7000000e-02
 endloop
endfacet
facet normal -9.637753e-01 -2.667155e-01 0.000000e+00
 outer loop
  vertex -1.6267984e-02 -4.9348392e-03 2.7000000e-02
  vertex -1.6267984e-02 -4.9348392e-03 4.5000000e-02
  vertex -1.6490532e-02 -4.1306630e-03 2.7000000e-02
 endloop
endfacet
facet normal -9.495292e-01 -3.136788e-01 0.000000e+00
 outer loop
  vertex -1.6006250e-02 -5.7271276e-03 2.7000000e-02
  vertex -1.6006250e-02 -5.7271276e-03 4.5000000e-02
  vertex -1.6267984e-02 -4.9348392e-03 2.7000000e-02
 endloop
endfacet
facet normal -9.329928e-01 -3.598949e-01 0.000000e+00
 outer loop
  vertex -1.6006250e-02 -5.7271276e-03 2.7000000e-02
  vertex -1.5705953e-02 -6.5056186e-03 4.5000000e-02
  vertex -1.6006250e-02 -5.7271276e-03 4.5000000e-02
 endloop
endfacet
facet normal -9.142094e-01 -4.052422e-01 0.000000e+00
 outer loop
  vertex -1.5705953e-02 -6.5056186e-03 2.7000000e-02
  vertex -1.5367818e-02 -7.2684370e-03 4.5000000e-02
  vertex -1.5705953e-02 -6.5056186e-03 4.5000000e-02
 endloop
endfacet
facet normal -9.142094e-01 -4.052422e-01 0.000000e+00
 outer loop
  vertex -1.5705953e-02 -6.5056186e-03 2.7000000e-02
  vertex -1.5367818e-02 -7.2684370e-03 2.7000000e-02
  vertex -1.5367818e-02 -7.2684370e-03 4.5000000e-02
 endloop
endfacet
facet normal -8.932241e-01 -4.496118e-01 0.000000e+00
 outer loop
  vertex -1.5367818e-02 -7.2684370e-03 2.7000000e-02
  vertex -1.4992661e-02 -8.0137450e-03 2.7000000e-02
  vertex -1.4992661e-02 -8.0137450e-03 4.5000000e-02
 endloop
endfacet
facet normal -8.700870e-01 -4.928981e-01 -0.000000e+00
 outer loop
  vertex -1.4992661e-02 -8.0137450e-03 4.5000000e-02
  vertex -1.4992661e-02 -8.0137450e-03 2.7000000e-02
  vertex -1.4581386e-02 -8.7397470e-03 4.5000000e-02
 endloop
endfacet
facet normal -8.448534e-01 -5.349978e-01 -0.000000e+00
 outer loop
  vertex -1.4581386e-02 -8.7397470e-03 4.5000000e-02
  vertex -1.4581386e-02 -8.7397470e-03 2.7000000e-02
  vertex -1.4134983e-02 -9.4446940e-03 4.5000000e-02
 endloop
endfacet
facet normal -8.448534e-01 -5.349978e-01 -0.000000e+00
 outer loop
  vertex -1.4134983e-02 -9.4446940e-03 4.5000000e-02
  vertex -1.4581386e-02 -8.7397470e-03 2.7000000e-02
  vertex -1.4134983e-02 -9.4446940e-03 2.7000000e-02
 endloop
endfacet
facet normal -8.175855e-01 -5.758072e-01 -0.000000e+00
 outer loop
  vertex -1.3654529e-02 -1.0126888e-02 4.5000000e-02
  vertex -1.4134983e-02 -9.4446940e-03 2.7000000e-02
  vertex -1.3654529e-02 -1.0126888e-02 2.7000000e-02
 endloop
endfacet
facet normal -7.883452e-01 -6.152332e-01 0.000000e+00
 outer loop
  vertex -1.3141177e-02 -1.0784685e-02 4.5000000e-02
  vertex -1.3654529e-02 -1.0126888e-02 4.5000000e-02
  vertex -1.3654529e-02 -1.0126888e-02 2.7000000e-02
 endloop
endfacet
facet normal -7.572095e-01 -6.531721e-01 0.000000e+00
 outer loop
  vertex -1.2596169e-02 -1.1416502e-02 4.5000000e-02
  vertex -1.3141177e-02 -1.0784685e-02 4.5000000e-02
  vertex -1.3141177e-02 -1.0784685e-02 2.7000000e-02
 endloop
endfacet
facet normal -7.572095e-01 -6.531721e-01 0.000000e+00
 outer loop
  vertex -1.2596169e-02 -1.1416502e-02 2.7000000e-02
  vertex -1.2596169e-02 -1.1416502e-02 4.5000000e-02
  vertex -1.3141177e-02 -1.0784685e-02 2.7000000e-02
 endloop
endfacet
facet normal -7.242470e-01 -6.895407e-01 0.000000e+00
 outer loop
  vertex -1.2020815e-02 -1.2020815e-02 2.7000000e-02
  vertex -1.2020815e-02 -1.2020815e-02 4.5000000e-02
  vertex -1.2596169e-02 -1.1416502e-02 2.7000000e-02
 endloop
endfacet
facet normal -6.895407e-01 -7.242470e-01 0.000000e+00
 outer loop
  vertex -1.2020815e-02 -1.2020815e-02 2.7000000e-02
  vertex -1.1416502e-02 -1.2596169e-02 4.5000000e-02
  vertex -1.2020815e-02 -1.2020815e-02 4.5000000e-02
 endloop
endfacet
facet normal -6.531721e-01 -7.572095e-01 0.000000e+00
 outer loop
  vertex -1.1416502e-02 -1.2596169e-02 2.7000000e-02
  vertex -1.0784685e-02 -1.3141177e-02 4.5000000e-02
  vertex -1.1416502e-02 -1.2596169e-02 4.5000000e-02
 endloop
endfacet
facet normal -6.531721e-01 -7.572095e-01 0.000000e+00
 outer loop
  vertex -1.1416502e-02 -1.2596169e-02 2.7000000e-02
  vertex -1.0784685e-02 -1.3141177e-02 2.7000000e-02
  vertex -1.0784685e-02 -1.3141177e-02 4.5000000e-02
 endloop
endfacet
facet normal -6.152332e-01 -7.883452e-01 0.000000e+00
 outer loop
  vertex -1.0784685e-02 -1.3141177e-02 2.7000000e-02
  vertex -1.0126888e-02 -1.3654529e-02 2.7000000e-02
  vertex -1.0126888e-02 -1.3654529e-02 4.5000000e-02
 endloop
endfacet
facet normal -5.758072e-01 -8.175855e-01 -0.000000e+00
 outer loop
  vertex -1.0126888e-02 -1.3654529e-02 4.5000000e-02
  vertex -1.0126888e-02 -1.3654529e-02 2.7000000e-02
  vertex -9.4446940e-03 -1.4134983e-02 4.5000000e-02
 endloop
endfacet
facet normal -5.349978e-01 -8.448534e-01 -0.000000e+00
 outer loop
  vertex -9.4446940e-03 -1.4134983e-02 4.5000000e-02
  vertex -9.4446940e-03 -1.4134983e-02 2.7000000e-02
  vertex -8.7397470e-03 -1.4581386e-02 4.5000000e-02
 endloop
endfacet
facet normal -5.349978e-01 -8.448534e-01 -0.000000e+00
 outer loop
  vertex -8.7397470e-03 -1.4581386e-02 4.5000000e-02
  vertex -9.4446940e-03 -1.4134983e-02 2.7000000e-02
  vertex -8.7397470e-03 -1.4581386e-02 2.7000000e-02
 endloop
endfacet
facet normal -4.928981e-01 -8.700870e-01 -0.000000e+00
 outer loop
  vertex -8.0137450e-03 -1.4992661e-02 4.5000000e-02
  vertex -8.7397470e-03 -1.4581386e-02 2.7000000e-02
  vertex -8.0137450e-03 -1.4992661e-02 2.7000000e-02
 endloop
endfacet
facet normal -4.496118e-01 -8.932241e-01 0.000000e+00
 outer loop
  vertex -7.2684370e-03 -1.5367818e-02 4.5000000e-02
  vertex -8.0137450e-03 -1.4992661e-02 4.5000000e-02
  vertex -8.0137450e-03 -1.4992661e-02 2.7000000e-02
 endloop
endfacet
facet normal -4.052422e-01 -9.142094e-01 0.000000e+00
 outer loop
  vertex -6.5056186e-03 -1.5705953e-02 4.5000000e-02
  vertex -7.2684370e-03 -1.5367818e-02 4.5000000e-02
  vertex -7.2684370e-03 -1.5367818e-02 2.7000000e-02
 endloop
endfacet
facet normal -4.052422e-01 -9.142094e-01 0.000000e+00
 outer loop
  vertex -6.5056186e-03 -1.5705953e-02 2.7000000e-02
  vertex -6.5056186e-03 -1.5705953e-02 4.5000000e-02
  vertex -7.2684370e-03 -1.5367818e-02 2.7000000e-02
 endloop
endfacet
facet normal -3.598949e-01 -9.329928e-01 0.000000e+00
 outer loop
  vertex -5.7271276e-03 -1.6006250e-02 2.7000000e-02
  vertex -5.7271276e-03 -1.6006250e-02 4.5000000e-02
  vertex -6.5056186e-03 -1.5705953e-02 2.7000000e-02
 endloop
endfacet
facet normal -3.136788e-01 -9.495292e-01 0.000000e+00
 outer loop
  vertex -5.7271276e-03 -1.6006250e-02 2.7000000e-02
  vertex -4.9348392e-03 -1.6267984e-02 4.5000000e-02
  vertex -5.7271276e-03 -1.6006250e-02 4.5000000e-02
 endloop
endfacet
facet normal -2.667155e-01 -9.637753e-01 0.000000e+00
 outer loop
  vertex -4.9348392e-03 -1.6267984e-02 2.7000000e-02
  vertex -4.1306630e-03 -1.6490532e-02 4.5000000e-02
  vertex -4.9348392e-03 -1.6267984e-02 4.5000000e-02
 endloop
endfacet
facet normal -2.667155e-01 -9.637753e-01 0.000000e+00
 outer loop
  vertex -4.9348392e-03 -1.6267984e-02 2.7000000e-02
  vertex -4.1306630e-03 -1.6490532e-02 2.7000000e-02
  vertex -4.1306630e-03 -1.6490532e-02 4.5000000e-02
 endloop
endfacet
facet normal -2.191007e-01 -9.757022e-01 0.000000e+00
 outer loop
  vertex -4.1306630e-03 -1.6490532e-02 2.7000000e-02
  vertex -3.3165355e-03 -1.6673350e-02 2.7000000e-02
  vertex -3.3165355e-03 -1.6673350e-02 4.5000000e-02
 endloop
endfacet
facet normal -1.709632e-01 -9.852774e-01 -0.000000e+00
 outer loop
  vertex -3.3165355e-03 -1.6673350e-02 4.5000000e-02
  vertex -3.3165355e-03 -1.6673350e-02 2.7000000e-02
  vertex -2.4944181e-03 -1.6816002e-02 4.5000000e-02
 endloop
endfacet
facet normal -1.224087e-01 -9.924798e-01 -0.000000e+00
 outer loop
  vertex -2.4944181e-03 -1.6816002e-02 4.5000000e-02
  vertex -2.4944181e-03 -1.6816002e-02 2.7000000e-02
  vertex -1.6662914e-03 -1.6918140e-02 4.5000000e-02
 endloop
endfacet
facet normal -1.224087e-01 -9.924798e-01 -0.000000e+00
 outer loop
  vertex -1.6662914e-03 -1.6918140e-02 4.5000000e-02
  vertex -2.4944181e-03 -1.6816002e-02 2.7000000e-02
  vertex -1.6662914e-03 -1.6918140e-02 2.7000000e-02
 endloop
endfacet
facet normal -7.356528e-02 -9.972904e-01 -0.000000e+00
 outer loop
  vertex -8.3415050e-04 -1.6979523e-02 4.5000000e-02
  vertex -1.6662914e-03 -1.6918140e-02 2.7000000e-02
  vertex -8.3415050e-04 -1.6979523e-02 2.7000000e-02
 endloop
endfacet
facet normal -2.454093e-02 -9.996988e-01 0.000000e+00
 outer loop
  vertex -3.1228493e-18 -1.7000000e-02 4.5000000e-02
  vertex -8.3415050e-04 -1.6979523e-02 4.5000000e-02
  vertex -8.3415050e-04 -1.6979523e-02 2.7000000e-02
 endloop
endfacet
facet normal 2.454093e-02 -9.996988e-01 0.000000e+00
 outer loop
  vertex 8.3415050e-04 -1.6979523e-02 4.5000000e-02
  vertex -3.1228493e-18 -1.7000000e-02 4.5000000e-02
  vertex -3.1228493e-18 -1.7000000e-02 2.7000000e-02
 endloop
endfacet
facet normal 2.454093e-02 -9.996988e-01 0.000000e+00
 outer loop
  vertex 8.3415050e-04 -1.6979523e-02 2.7000000e-02
  vertex 8.3415050e-04 -1.6979523e-02 4.5000000e-02
  vertex -3.1228493e-18 -1.7000000e-02 2.7000000e-02
 endloop
endfacet
facet normal 7.356528e-02 -9.972904e-01 0.000000e+00
 outer loop
  vertex 1.6662914e-03 -1.6918140e-02 2.7000000e-02
  vertex 1.6662914e-03 -1.6918140e-02 4.5000000e-02
  vertex 8.3415050e-04 -1.6979523e-02 2.7000000e-02
 endloop
endfacet
facet normal 1.224087e-01 -9.924798e-01 0.000000e+00
 outer loop
  vertex 1.6662914e-03 -1.6918140e-02 2.7000000e-02
  vertex 2.4944181e-03 -1.6816002e-02 4.5000000e-02
  vertex 1.6662914e-03 -1.6918140e-02 4.5000000e-02
 endloop
endfacet
facet normal 1.709632e-01 -9.852774e-01 0.000000e+00
 outer loop
  vertex 2.4944181e-03 -1.6816002e-02 2.7000000e-02
  vertex 3.3165355e-03 -1.6673350e-02 4.5000000e-02
  vertex 2.4944181e-03 -1.6816002e-02 4.5000000e-02
 endloop
endfacet
facet normal 1.709632e-01 -9.852774e-01 0.000000e+00
 outer loop
  vertex 2.4944181e-03 -1.6816002e-02 2.7000000e-02
  vertex 3.3165355e-03 -1.6673350e-02 2.7000000e-02
  vertex 3.3165355e-03 -1.6673350e-02 4.5000000e-02
 endloop
endfacet
facet normal 2.191007e-01 -9.757022e-01 0.000000e+00
 outer loop
  vertex 3.3165355e-03 -1.6673350e-02 2.7000000e-02
  vertex 4.1306630e-03 -1.6490532e-02 2.7000000e-02
  vertex 4.1306630e-03 -1.6490532e-02 4.5000000e-02
 endloop
endfacet
facet normal 2.667155e-01 -9.637753e-01 0.000000e+00
 outer loop
  vertex 4.1306630e-03 -1.6490532e-02 4.5000000e-02
  vertex 4.1306630e-03 -1.6490532e-02 2.7000000e-02
  vertex 4.9348392e-03 -1.6267984e-02 4.5000000e-02
 endloop
endfacet
facet normal 3.136788e-01 -9.495292e-01 0.000000e+00
 outer loop
  vertex 4.9348392e-03 -1.6267984e-02 4.5000000e-02
  vertex 4.9348392e-03 -1.6267984e-02 2.7000000e-02
  vertex 5.7271276e-03 -1.6006250e-02 4.5000000e-02
 endloop
endfacet
facet normal 3.136788e-01 -9.495292e-01 0.000000e+00
 outer loop
  vertex 5.7271276e-03 -1.6006250e-02 4.5000000e-02
  vertex 4.9348392e-03 -1.6267984e-02 2.7000000e-02
  vertex 5.7271276e-03 -1.6006250e-02 2.7000000e-02
 endloop
endfacet
facet normal 3.598949e-01 -9.329928e-01 0.000000e+00
 outer loop
  vertex 6.5056186e-03 -1.5705953e-02 4.5000000e-02
  vertex 5.7271276e-03 -1.6006250e-02 2.7000000e-02
  vertex 6.5056186e-03 -1.5705953e-02 2.7000000e-02
 endloop
endfacet
facet normal 4.052422e-01 -9.142094e-01 0.000000e+00
 outer loop
  vertex 7.2684370e-03 -1.5367818e-02 4.5000000e-02
  vertex 6.5056186e-03 -1.5705953e-02 4.5000000e-02
  vertex 6.5056186e-03 -1.5705953e-02 2.7000000e-02
 endloop
endfacet
facet normal 4.496118e-01 -8.932241e-01 0.000000e+00
 outer loop
  vertex 8.0137450e-03 -1.4992661e-02 4.5000000e-02
  vertex 7.2684370e-03 -1.5367818e-02 4.5000000e-02
  vertex 7.2684370e-03 -1.5367818e-02 2.7000000e-02
 endloop
endfacet
facet normal 4.496118e-01 -8.932241e-01 0.000000e+00
 outer loop
  vertex 8.0137450e-03 -1.4992661e-02 2.7000000e-02
  vertex 8.0137450e-03 -1.4992661e-02 4.5000000e-02
  vertex 7.2684370e-03 -1.5367818e-02 2.7000000e-02
 endloop
endfacet
facet normal 4.928981e-01 -8.700870e-01 0.000000e+00
 outer loop
  vertex 8.7397470e-03 -1.4581386e-02 2.7000000e-02
  vertex 8.7397470e-03 -1.4581386e-02 4.5000000e-02
  vertex 8.0137450e-03 -1.4992661e-02 2.7000000e-02
 endloop
endfacet
facet normal 5.349978e-01 -8.448534e-01 0.000000e+00
 outer loop
  vertex 8.7397470e-03 -1.4581386e-02 2.7000000e-02
  vertex 9.4446940e-03 -1.4134983e-02 4.5000000e-02
  vertex 8.7397470e-03 -1.4581386e-02 4.5000000e-02
 endloop
endfacet
facet normal 5.758072e-01 -8.175855e-01 0.000000e+00
 outer loop
  vertex 9.4446940e-03 -1.4134983e-02 2.7000000e-02
  vertex 1.0126888e-02 -1.3654529e-02 4.5000000e-02
  vertex 9.4446940e-03 -1.4134983e-02 4.5000000e-02
 endloop
endfacet
facet normal 5.758072e-01 -8.175855e-01 0.000000e+00
 outer loop
  vertex 9.4446940e-03 -1.4134983e-02 2.7000000e-02
  vertex 1.0126888e-02 -1.3654529e-02 2.7000000e-02
  vertex 1.0126888e-02 -1.3654529e-02 4.5000000e-02
 endloop
endfacet
facet normal 6.152332e-01 -7.883452e-01 0.000000e+00
 outer loop
  vertex 1.0126888e-02 -1.3654529e-02 2.7000000e-02
  vertex 1.0784685e-02 -1.3141177e-02 2.7000000e-02
  vertex 1.0784685e-02 -1.3141177e-02 4.5000000e-02
 endloop
endfacet
facet normal 6.531721e-01 -7.572095e-01 0.000000e+00
 outer loop
  vertex 1.0784685e-02 -1.3141177e-02 4.5000000e-02
  vertex 1.0784685e-02 -1.3141177e-02 2.7000000e-02
  vertex 1.1416502e-02 -1.2596169e-02 4.5000000e-02
 endloop
endfacet
facet normal 8.175855e-01 -5.758072e-01 0.000000e+00
 outer loop
  vertex 1.4134983e-02 -9.4446940e-03 2.7000000e-02
  vertex 1.4134983e-02 -9.4446940e-03 4.5000000e-02
  vertex 1.3654529e-02 -1.0126888e-02 2.7000000e-02
 endloop
endfacet
facet normal 9.495292e-01 -3.136788e-01 0.000000e+00
 outer loop
  vertex 1.6006250e-02 -5.7271276e-03 2.7000000e-02
  vertex 1.6267984e-02 -4.9348392e-03 2.7000000e-02
  vertex 1.6267984e-02 -4.9348392e-03 4.5000000e-02
 endloop
endfacet
facet normal 9.637753e-01 -2.667155e-01 0.000000e+00
 outer loop
  vertex 1.6267984e-02 -4.9348392e-03 2.7000000e-02
  vertex 1.6490532e-02 -4.1306630e-03 4.5000000e-02
  vertex 1.6267984e-02 -4.9348392e-03 4.5000000e-02
 endloop
endfacet
facet normal 9.996988e-01 -2.454093e-02 0.000000e+00
 outer loop
  vertex 1.7000000e-02 -0.0000000e+00 2.7000000e-02
  vertex 1.7000000e-02 -0.0000000e+00 4.5000000e-02
  vertex 1.6979523e-02 -8.3415050e-04 2.7000000e-02
 endloop
endfacet
facet normal 9.996988e-01 -2.454093e-02 0.000000e+00
 outer loop
  vertex 1.6979523e-02 -8.3415050e-04 2.7000000e-02
  vertex 1.7000000e-02 -0.0000000e+00 4.5000000e-02
  vertex 1.6979523e-02 -8.3415050e-04 4.5000000e-02
 endloop
endfacet
facet normal 9.972904e-01 -7.356528e-02 0.000000e+00
 outer loop
  vertex 1.6918140e-02 -1.6662914e-03 2.7000000e-02
  vertex 1.6979523e-02 -8.3415050e-04 2.7000000e-02
  vertex 1.6979523e-02 -8.3415050e-04 4.5000000e-02
 endloop
endfacet
facet normal 9.972904e-01 -7.356528e-02 0.000000e+00
 outer loop
  vertex 1.6918140e-02 -1.6662914e-03 4.5000000e-02
  vertex 1.6918140e-02 -1.6662914e-03 2.7000000e-02
  vertex 1.6979523e-02 -8.3415050e-04 4.5000000e-02
 endloop
endfacet
facet normal 9.924798e-01 -1.224087e-01 0.000000e+00
 outer loop
  vertex 1.6918140e-02 -1.6662914e-03 4.5000000e-02
  vertex 1.6816002e-02 -2.4944181e-03 2.7000000e-02
  vertex 1.6918140e-02 -1.6662914e-03 2.7000000e-02
 endloop
endfacet
facet normal 9.924798e-01 -1.224087e-01 0.000000e+00
 outer loop
  vertex 1.6918140e-02 -1.6662914e-03 4.5000000e-02
  vertex 1.6816002e-02 -2.4944181e-03 4.5000000e-02
  vertex 1.6816002e-02 -2.4944181e-03 2.7000000e-02
 endloop
endfacet
facet normal 9.852774e-01 -1.709632e-01 0.000000e+00
 outer loop
  vertex 1.6816002e-02 -2.4944181e-03 2.7000000e-02
  vertex 1.6816002e-02 -2.4944181e-03 4.5000000e-02
  vertex 1.6673350e-02 -3.3165355e-03 2.7000000e-02
 endloop
endfacet
facet normal 9.852774e-01 -1.709632e-01 0.000000e+00
 outer loop
  vertex 1.6673350e-02 -3.3165355e-03 2.7000000e-02
  vertex 1.6816002e-02 -2.4944181e-03 4.5000000e-02
  vertex 1.6673350e-02 -3.3165355e-03 4.5000000e-02
 endloop
endfacet
facet normal 9.757022e-01 -2.191007e-01 0.000000e+00
 outer loop
  vertex 1.6490532e-02 -4.1306630e-03 2.7000000e-02
  vertex 1.6673350e-02 -3.3165355e-03 2.7000000e-02
  vertex 1.6673350e-02 -3.3165355e-03 4.5000000e-02
 endloop
endfacet
facet normal 9.757022e-01 -2.191007e-01 0.000000e+00
 outer loop
  vertex 1.6490532e-02 -4.1306630e-03 4.5000000e-02
  vertex 1.6490532e-02 -4.1306630e-03 2.7000000e-02
  vertex 1.6673350e-02 -3.3165355e-03 4.5000000e-02
 endloop
endfacet
facet normal 9.637753e-01 -2.667155e-01 0.000000e+00
 outer loop
  vertex 1.6490532e-02 -4.1306630e-03 4.5000000e-02
  vertex 1.6267984e-02 -4.9348392e-03 2.7000000e-02
  vertex 1.6490532e-02 -4.1306630e-03 2.7000000e-02
 endloop
endfacet
facet normal 9.495292e-01 -3.136788e-01 0.000000e+00
 outer loop
  vertex 1.6267984e-02 -4.9348392e-03 4.5000000e-02
  vertex 1.6006250e-02 -5.7271276e-03 4.5000000e-02
  vertex 1.6006250e-02 -5.7271276e-03 2.7000000e-02
 endloop
endfacet
facet normal 9.329928e-01 -3.598949e-01 0.000000e+00
 outer loop
  vertex 1.6006250e-02 -5.7271276e-03 2.7000000e-02
  vertex 1.6006250e-02 -5.7271276e-03 4.5000000e-02
  vertex 1.5705953e-02 -6.5056186e-03 2.7000000e-02
 endloop
endfacet
facet normal 9.329928e-01 -3.598949e-01 0.000000e+00
 outer loop
  vertex 1.5705953e-02 -6.5056186e-03 2.7000000e-02
  vertex 1.6006250e-02 -5.7271276e-03 4.5000000e-02
  vertex 1.5705953e-02 -6.5056186e-03 4.5000000e-02
 endloop
endfacet
facet normal 9.142094e-01 -4.052422e-01 0.000000e+00
 outer loop
  vertex 1.5367818e-02 -7.2684370e-03 2.7000000e-02
  vertex 1.5705953e-02 -6.5056186e-03 2.7000000e-02
  vertex 1.5705953e-02 -6.5056186e-03 4.5000000e-02
 endloop
endfacet
facet normal 9.142094e-01 -4.052422e-01 0.000000e+00
 outer loop
  vertex 1.5367818e-02 -7.2684370e-03 4.5000000e-02
  vertex 1.5367818e-02 -7.2684370e-03 2.7000000e-02
  vertex 1.5705953e-02 -6.5056186e-03 4.5000000e-02
 endloop
endfacet
facet normal 8.932241e-01 -4.496118e-01 0.000000e+00
 outer loop
  vertex 1.5367818e-02 -7.2684370e-03 4.5000000e-02
  vertex 1.4992661e-02 -8.0137450e-03 2.7000000e-02
  vertex 1.5367818e-02 -7.2684370e-03 2.7000000e-02
 endloop
endfacet
facet normal 8.932241e-01 -4.496118e-01 0.000000e+00
 outer loop
  vertex 1.5367818e-02 -7.2684370e-03 4.5000000e-02
  vertex 1.4992661e-02 -8.0137450e-03 4.5000000e-02
  vertex 1.4992661e-02 -8.0137450e-03 2.7000000e-02
 endloop
endfacet
facet normal 8.700870e-01 -4.928981e-01 0.000000e+00
 outer loop
  vertex 1.4992661e-02 -8.0137450e-03 2.7000000e-02
  vertex 1.4992661e-02 -8.0137450e-03 4.5000000e-02
  vertex 1.4581386e-02 -8.7397470e-03 2.7000000e-02
 endloop
endfacet
facet normal 8.700870e-01 -4.928981e-01 0.000000e+00
 outer loop
  vertex 1.4581386e-02 -8.7397470e-03 2.7000000e-02
  vertex 1.4992661e-02 -8.0137450e-03 4.5000000e-02
  vertex 1.4581386e-02 -8.7397470e-03 4.5000000e-02
 endloop
endfacet
facet normal 8.448534e-01 -5.349978e-01 0.000000e+00
 outer loop
  vertex 1.4134983e-02 -9.4446940e-03 2.7000000e-02
  vertex 1.4581386e-02 -8.7397470e-03 2.7000000e-02
  vertex 1.4581386e-02 -8.7397470e-03 4.5000000e-02
 endloop
endfacet
facet normal 8.448534e-01 -5.349978e-01 0.000000e+00
 outer loop
  vertex 1.4134983e-02 -9.4446940e-03 4.5000000e-02
  vertex 1.4134983e-02 -9.4446940e-03 2.7000000e-02
  vertex 1.4581386e-02 -8.7397470e-03 4.5000000e-02
 endloop
endfacet
facet normal 8.175855e-01 -5.758072e-01 0.000000e+00
 outer loop
  vertex 1.3654529e-02 -1.0126888e-02 4.5000000e-02
  vertex 1.3654529e-02 -1.0126888e-02 2.7000000e-02
  vertex 1.4134983e-02 -9.4446940e-03 4.5000000e-02
 endloop
endfacet
facet normal 7.883452e-01 -6.152332e-01 0.000000e+00
 outer loop
  vertex 1.3654529e-02 -1.0126888e-02 4.5000000e-02
  vertex 1.3141177e-02 -1.0784685e-02 2.7000000e-02
  vertex 1.3654529e-02 -1.0126888e-02 2.7000000e-02
 endloop
endfacet
facet normal 7.883452e-01 -6.152332e-01 0.000000e+00
 outer loop
  vertex 1.3654529e-02 -1.0126888e-02 4.5000000e-02
  vertex 1.3141177e-02 -1.0784685e-02 4.5000000e-02
  vertex 1.3141177e-02 -1.0784685e-02 2.7000000e-02
 endloop
endfacet
facet normal 7.572095e-01 -6.531721e-01 0.000000e+00
 outer loop
  vertex 1.3141177e-02 -1.0784685e-02 2.7000000e-02
  vertex 1.3141177e-02 -1.0784685e-02 4.5000000e-02
  vertex 1.2596169e-02 -1.1416502e-02 2.7000000e-02
 endloop
endfacet
facet normal 7.572095e-01 -6.531721e-01 0.000000e+00
 outer loop
  vertex 1.2596169e-02 -1.1416502e-02 2.7000000e-02
  vertex 1.3141177e-02 -1.0784685e-02 4.5000000e-02
  vertex 1.2596169e-02 -1.1416502e-02 4.5000000e-02
 endloop
endfacet
facet normal 7.242470e-01 -6.895407e-01 0.000000e+00
 outer loop
  vertex 1.2020815e-02 -1.2020815e-02 2.7000000e-02
  vertex 1.2596169e-02 -1.1416502e-02 2.7000000e-02
  vertex 1.2596169e-02 -1.1416502e-02 4.5000000e-02
 endloop
endfacet
facet normal 7.242470e-01 -6.895407e-01 0.000000e+00
 outer loop
  vertex 1.2020815e-02 -1.2020815e-02 4.5000000e-02
  vertex 1.2020815e-02 -1.2020815e-02 2.7000000e-02
  vertex 1.2596169e-02 -1.1416502e-02 4.5000000e-02
 endloop
endfacet
facet normal 6.895407e-01 -7.242470e-01 0.000000e+00
 outer loop
  vertex 1.2020815e-02 -1.2020815e-02 4.5000000e-02
  vertex 1.1416502e-02 -1.2596169e-02 2.7000000e-02
  vertex 1.2020815e-02 -1.2020815e-02 2.7000000e-02
 endloop
endfacet
facet normal 6.895407e-01 -7.242470e-01 0.000000e+00
 outer loop
  vertex 1.2020815e-02 -1.2020815e-02 4.5000000e-02
  vertex 1.1416502e-02 -1.2596169e-02 4.5000000e-02
  vertex 1.1416502e-02 -1.2596169e-02 2.7000000e-02
 endloop
endfacet
facet normal 6.531721e-01 -7.572095e-01 0.000000e+00
 outer loop
  vertex 1.1416502e-02 -1.2596169e-02 2.7000000e-02
  vertex 1.1416502e-02 -1.2596169e-02 4.5000000e-02
  vertex 1.0784685e-02 -1.3141177e-02 2.7000000e-02
 endloop
endfacet
facet normal -9.996988e-01 -2.454093e-02 0.000000e+00
 outer loop
  vertex -1.6979523e-02 -8.3415050e-04 2.7000000e-02
  vertex -1.6979523e-02 -8.3415050e-04 4.5000000e-02
  vertex -1.7000000e-02 2.0818996e-18 4.5000000e-02
 endloop
endfacet
facet normal 6.152332e-01 -7.883452e-01 0.000000e+00
 outer loop
  vertex 1.0126888e-02 -1.3654529e-02 2.7000000e-02
  vertex 1.0784685e-02 -1.3141177e-02 4.5000000e-02
  vertex 1.0126888e-02 -1.3654529e-02 4.5000000e-02
 endloop
endfacet
facet normal 5.349978e-01 -8.448534e-01 0.000000e+00
 outer loop
  vertex 9.4446940e-03 -1.4134983e-02 2.7000000e-02
  vertex 9.4446940e-03 -1.4134983e-02 4.5000000e-02
  vertex 8.7397470e-03 -1.4581386e-02 2.7000000e-02
 endloop
endfacet
facet normal 4.928981e-01 -8.700870e-01 0.000000e+00
 outer loop
  vertex 8.7397470e-03 -1.4581386e-02 4.5000000e-02
  vertex 8.0137450e-03 -1.4992661e-02 4.5000000e-02
  vertex 8.0137450e-03 -1.4992661e-02 2.7000000e-02
 endloop
endfacet
facet normal 4.052422e-01 -9.142094e-01 0.000000e+00
 outer loop
  vertex 7.2684370e-03 -1.5367818e-02 4.5000000e-02
  vertex 6.5056186e-03 -1.5705953e-02 2.7000000e-02
  vertex 7.2684370e-03 -1.5367818e-02 2.7000000e-02
 endloop
endfacet
facet normal 3.598949e-01 -9.329928e-01 0.000000e+00
 outer loop
  vertex 5.7271276e-03 -1.6006250e-02 4.5000000e-02
  vertex 5.7271276e-03 -1.6006250e-02 2.7000000e-02
  vertex 6.5056186e-03 -1.5705953e-02 4.5000000e-02
 endloop
endfacet
facet normal 2.667155e-01 -9.637753e-01 0.000000e+00
 outer loop
  vertex 4.1306630e-03 -1.6490532e-02 2.7000000e-02
  vertex 4.9348392e-03 -1.6267984e-02 2.7000000e-02
  vertex 4.9348392e-03 -1.6267984e-02 4.5000000e-02
 endloop
endfacet
facet normal 2.191007e-01 -9.757022e-01 0.000000e+00
 outer loop
  vertex 3.3165355e-03 -1.6673350e-02 2.7000000e-02
  vertex 4.1306630e-03 -1.6490532e-02 4.5000000e-02
  vertex 3.3165355e-03 -1.6673350e-02 4.5000000e-02
 endloop
endfacet
facet normal 1.224087e-01 -9.924798e-01 0.000000e+00
 outer loop
  vertex 2.4944181e-03 -1.6816002e-02 2.7000000e-02
  vertex 2.4944181e-03 -1.6816002e-02 4.5000000e-02
  vertex 1.6662914e-03 -1.6918140e-02 2.7000000e-02
 endloop
endfacet
facet normal 7.356528e-02 -9.972904e-01 0.000000e+00
 outer loop
  vertex 1.6662914e-03 -1.6918140e-02 4.5000000e-02
  vertex 8.3415050e-04 -1.6979523e-02 4.5000000e-02
  vertex 8.3415050e-04 -1.6979523e-02 2.7000000e-02
 endloop
endfacet
facet normal -2.454093e-02 -9.996988e-01 -0.000000e+00
 outer loop
  vertex -3.1228493e-18 -1.7000000e-02 4.5000000e-02
  vertex -8.3415050e-04 -1.6979523e-02 2.7000000e-02
  vertex -3.1228493e-18 -1.7000000e-02 2.7000000e-02
 endloop
endfacet
facet normal -7.356528e-02 -9.972904e-01 -0.000000e+00
 outer loop
  vertex -1.6662914e-03 -1.6918140e-02 4.5000000e-02
  vertex -1.6662914e-03 -1.6918140e-02 2.7000000e-02
  vertex -8.3415050e-04 -1.6979523e-02 4.5000000e-02
 endloop
endfacet
facet normal -1.709632e-01 -9.852774e-01 0.000000e+00
 outer loop
  vertex -3.3165355e-03 -1.6673350e-02 2.7000000e-02
  vertex -2.4944181e-03 -1.6816002e-02 2.7000000e-02
  vertex -2.4944181e-03 -1.6816002e-02 4.5000000e-02
 endloop
endfacet
facet normal -2.191007e-01 -9.757022e-01 0.000000e+00
 outer loop
  vertex -4.1306630e-03 -1.6490532e-02 2.7000000e-02
  vertex -3.3165355e-03 -1.6673350e-02 4.5000000e-02
  vertex -4.1306630e-03 -1.6490532e-02 4.5000000e-02
 endloop
endfacet
facet normal -3.136788e-01 -9.495292e-01 0.000000e+00
 outer loop
  vertex -4.9348392e-03 -1.6267984e-02 2.7000000e-02
  vertex -4.9348392e-03 -1.6267984e-02 4.5000000e-02
  vertex -5.7271276e-03 -1.6006250e-02 2.7000000e-02
 endloop
endfacet
facet normal -3.598949e-01 -9.329928e-01 0.000000e+00
 outer loop
  vertex -5.7271276e-03 -1.6006250e-02 4.5000000e-02
  vertex -6.5056186e-03 -1.5705953e-02 4.5000000e-02
  vertex -6.5056186e-03 -1.5705953e-02 2.7000000e-02
 endloop
endfacet
facet normal -4.496118e-01 -8.932241e-01 -0.000000e+00
 outer loop
  vertex -7.2684370e-03 -1.5367818e-02 4.5000000e-02
  vertex -8.0137450e-03 -1.4992661e-02 2.7000000e-02
  vertex -7.2684370e-03 -1.5367818e-02 2.7000000e-02
 endloop
endfacet
facet normal -4.928981e-01 -8.700870e-01 -0.000000e+00
 outer loop
  vertex -8.7397470e-03 -1.4581386e-02 4.5000000e-02
  vertex -8.7397470e-03 -1.4581386e-02 2.7000000e-02
  vertex -8.0137450e-03 -1.4992661e-02 4.5000000e-02
 endloop
endfacet
facet normal -5.758072e-01 -8.175855e-01 0.000000e+00
 outer loop
  vertex -1.0126888e-02 -1.3654529e-02 2.7000000e-02
  vertex -9.4446940e-03 -1.4134983e-02 2.7000000e-02
  vertex -9.4446940e-03 -1.4134983e-02 4.5000000e-02
 endloop
endfacet
facet normal -6.152332e-01 -7.883452e-01 0.000000e+00
 outer loop
  vertex -1.0784685e-02 -1.3141177e-02 2.7000000e-02
  vertex -1.0126888e-02 -1.3654529e-02 4.5000000e-02
  vertex -1.0784685e-02 -1.3141177e-02 4.5000000e-02
 endloop
endfacet
facet normal -6.895407e-01 -7.242470e-01 0.000000e+00
 outer loop
  vertex -1.1416502e-02 -1.2596169e-02 2.7000000e-02
  vertex -1.1416502e-02 -1.2596169e-02 4.5000000e-02
  vertex -1.2020815e-02 -1.2020815e-02 2.7000000e-02
 endloop
endfacet
facet normal -7.242470e-01 -6.895407e-01 0.000000e+00
 outer loop
  vertex -1.2020815e-02 -1.2020815e-02 4.5000000e-02
  vertex -1.2596169e-02 -1.1416502e-02 4.5000000e-02
  vertex -1.2596169e-02 -1.1416502e-02 2.7000000e-02
 endloop
endfacet
facet normal -7.883452e-01 -6.152332e-01 -0.000000e+00
 outer loop
  vertex -1.3141177e-02 -1.0784685e-02 4.5000000e-02
  vertex -1.3654529e-02 -1.0126888e-02 2.7000000e-02
  vertex -1.3141177e-02 -1.0784685e-02 2.7000000e-02
 endloop
endfacet
facet normal -8.175855e-01 -5.758072e-01 -0.000000e+00
 outer loop
  vertex -1.4134983e-02 -9.4446940e-03 4.5000000e-02
  vertex -1.4134983e-02 -9.4446940e-03 2.7000000e-02
  vertex -1.3654529e-02 -1.0126888e-02 4.5000000e-02
 endloop
endfacet
facet normal -8.700870e-01 -4.928981e-01 0.000000e+00
 outer loop
  vertex -1.4992661e-02 -8.0137450e-03 2.7000000e-02
  vertex -1.4581386e-02 -8.7397470e-03 2.7000000e-02
  vertex -1.4581386e-02 -8.7397470e-03 4.5000000e-02
 endloop
endfacet
facet normal -8.932241e-01 -4.496118e-01 0.000000e+00
 outer loop
  vertex -1.5367818e-02 -7.2684370e-03 2.7000000e-02
  vertex -1.4992661e-02 -8.0137450e-03 4.5000000e-02
  vertex -1.5367818e-02 -7.2684370e-03 4.5000000e-02
 endloop
endfacet
facet normal -9.329928e-01 -3.598949e-01 0.000000e+00
 outer loop
  vertex -1.5705953e-02 -6.5056186e-03 2.7000000e-02
  vertex -1.5705953e-02 -6.5056186e-03 4.5000000e-02
  vertex -1.6006250e-02 -5.7271276e-03 2.7000000e-02
 endloop
endfacet
facet normal -9.495292e-01 -3.136788e-01 0.000000e+00
 outer loop
  vertex -1.6006250e-02 -5.7271276e-03 4.5000000e-02
  vertex -1.6267984e-02 -4.9348392e-03 4.5000000e-02
  vertex -1.6267984e-02 -4.9348392e-03 2.7000000e-02
 endloop
endfacet
facet normal -9.757022e-01 -2.191007e-01 -0.000000e+00
 outer loop
  vertex -1.6490532e-02 -4.1306630e-03 4.5000000e-02
  vertex -1.6673350e-02 -3.3165355e-03 2.7000000e-02
  vertex -1.6490532e-02 -4.1306630e-03 2.7000000e-02
 endloop
endfacet
facet normal -9.852774e-01 -1.709632e-01 -0.000000e+00
 outer loop
  vertex -1.6816002e-02 -2.4944181e-03 4.5000000e-02
  vertex -1.6816002e-02 -2.4944181e-03 2.7000000e-02
  vertex -1.6673350e-02 -3.3165355e-03 4.5000000e-02
 endloop
endfacet
facet normal -9.996988e-01 -2.454093e-02 0.000000e+00
 outer loop
  vertex -1.6979523e-02 -8.3415050e-04 2.7000000e-02
  vertex -1.7000000e-02 2.0818996e-18 4.5000000e-02
  vertex -1.7000000e-02 2.0818996e-18 2.7000000e-02
 endloop
endfacet
facet normal -9.972904e-01 -7.356528e-02 -0.000000e+00
 outer loop
  vertex -1.6918140e-02 -1.6662914e-03 4.5000000e-02
  vertex -1.6979523e-02 -8.3415050e-04 2.7000000e-02
  vertex -1.6918140e-02 -1.6662914e-03 2.7000000e-02
 endloop
endfacet
facet normal 0.000000e+00 0.000000e+00 -1.000000e+00
 outer loop
  vertex 1.6918140e-02 -1.6662914e-03 2.7000000e-02
  vertex 1.7000000e-02 -0.0000000e+00 2.7000000e-02
  vertex 1.6979523e-02 -8.3415050e-04 2.7000000e-02
 endloop
endfacet
facet normal 0.000000e+00 0.000000e+00 -1.000000e+00
 outer loop
  vertex 1.6816002e-02 -2.4944181e-03 2.7000000e-02
  vertex 1.7000000e-02 -0.0000000e+00 2.7000000e-02
  vertex 1.6918140e-02 -1.6662914e-03 2.7000000e-02
 endloop
endfacet
facet normal 0.000000e+00 0.000000e+00 -1.000000e+00
 outer loop
  vertex 1.6673350e-02 -3.3165355e-03 2.7000000e-02
  vertex 1.7000000e-02 -0.0000000e+00 2.7000000e-02
  vertex 1.6816002e-02 -2.4944181e-03 2.7000000e-02
 endloop
endfacet
facet normal 0.000000e+00 0.000000e+00 -1.000000e+00
 outer loop
  vertex 1.6490532e-02 -4.1306630e-03 2.7000000e-02
  vertex 1.7000000e-02 -0.0000000e+00 2.7000000e-02
  vertex 1.6673350e-02 -3.3165355e-03 2.7000000e-02
 endloop
endfacet
facet normal 0.000000e+00 0.000000e+00 -1.000000e+00
 outer loop
  vertex 1.6267984e-02 -4.9348392e-03 2.7000000e-02
  vertex 1.7000000e-02 -0.0000000e+00 2.7000000e-02
  vertex 1.6490532e-02 -4.1306630e-03 2.7000000e-02
 endloop
endfacet
facet normal 0.000000e+00 0.000000e+00 -1.000000e+00
 outer loop
  vertex 1.6006250e-02 -5.7271276e-03 2.7000000e-02
  vertex 1.7000000e-02 -0.0000000e+00 2.7000000e-02
  vertex 1.6267984e-02 -4.9348392e-03 2.7000000e-02
 endloop
endfacet
facet normal 0.000000e+00 0.000000e+00 -1.000000e+00
 outer loop
  vertex 1.5705953e-02 -6.5056186e-03 2.7000000e-02
  vertex 1.7000000e-02 -0.0000000e+00 2.7000000e-02
  vertex 1.6006250e-02 -5.7271276e-03 2.7000000e-02
 endloop
endfacet
facet normal 0.000000e+00 0.000000e+00 -1.000000e+00
 outer loop
  vertex 1.5367818e-02 -7.2684370e-03 2.7000000e-02
  vertex 1.7000000e-02 -0.0000000e+00 2.7000000e-02
  vertex 1.5705953e-02 -6.5056186e-03 2.7000000e-02
 endloop
endfacet
facet normal 0.000000e+00 0.000000e+00 -1.000000e+00
 outer loop
  vertex 1.4992661e-02 -8.0137450e-03 2.7000000e-02
  vertex 1.7000000e-02 -0.0000000e+00 2.7000000e-02
  vertex 1.5367818e-02 -7.2684370e-03 2.7000000e-02
 endloop
endfacet
facet normal 0.000000e+00 0.000000e+00 -1.000000e+00
 outer loop
  vertex 1.4581386e-02 -8.7397470e-03 2.7000000e-02
  vertex 1.7000000e-02 -0.0000000e+00 2.7000000e-02
  vertex 1.4992661e-02 -8.0137450e-03 2.7000000e-02
 endloop
endfacet
facet normal 0.000000e+00 0.000000e+00 -1.000000e+00
 outer loop
  vertex 1.4134983e-02 -9.4446940e-03 2.7000000e-02
  vertex 1.7000000e-02 -0.0000000e+00 2.7000000e-02
  vertex 1.4581386e-02 -8.7397470e-03 2.7000000e-02
 endloop
endfacet
facet normal 0.000000e+00 0.000000e+00 -1.000000e+00
 outer loop
  vertex 1.3654529e-02 -1.0126888e-02 2.7000000e-02
  vertex 1.7000000e-02 -0.0000000e+00 2.7000000e-02
  vertex 1.4134983e-02 -9.4446940e-03 2.7000000e-02
 endloop
endfacet
facet normal 0.000000e+00 0.000000e+00 -1.000000e+00
 outer loop
  vertex 1.3141177e-02 -1.0784685e-02 2.7000000e-02
  vertex 1.7000000e-02 -0.0000000e+00 2.7000000e-02
  vertex 1.3654529e-02 -1.0126888e-02 2.7000000e-02
 endloop
endfacet
facet normal 0.000000e+00 0.000000e+00 -1.000000e+00
 outer loop
  vertex 1.2596169e-02 -1.1416502e-02 2.7000000e-02
  vertex 1.7000000e-02 -0.0000000e+00 2.7000000e-02
  vertex 1.3141177e-02 -1.0784685e-02 2.7000000e-02
 endloop
endfacet
facet normal 0.000000e+00 0.000000e+00 -1.000000e+00
 outer loop
  vertex 1.2020815e-02 -1.2020815e-02 2.7000000e-02
  vertex 1.7000000e-02 -0.0000000e+00 2.7000000e-02
  vertex 1.2596169e-02 -1.1416502e-02 2.7000000e-02
 endloop
endfacet
facet normal 0.000000e+00 0.000000e+00 -1.000000e+00
 outer loop
  vertex 1.1416502e-02 -1.2596169e-02 2.7000000e-02
  vertex 1.7000000e-02 -0.0000000e+00 2.7000000e-02
  vertex 1.2020815e-02 -1.2020815e-02 2.7000000e-02
 endloop
endfacet
facet normal 0.000000e+00 0.000000e+00 -1.000000e+00
 outer loop
  vertex 1.0784685e-02 -1.3141177e-02 2.7000000e-02
  vertex 1.7000000e-02 -0.0000000e+00 2.7000000e-02
  vertex 1.1416502e-02 -1.2596169e-02 2.7000000e-02
 endloop
endfacet
facet normal 0.000000e+00 0.000000e+00 -1.000000e+00
 outer loop
  vertex 1.0126888e-02 -1.3654529e-02 2.7000000e-02
  vertex 1.7000000e-02 -0.0000000e+00 2.7000000e-02
  vertex 1.0784685e-02 -1.3141177e-02 2.7000000e-02
 endloop
endfacet
facet normal 0.000000e+00 0.000000e+00 -1.000000e+00
 outer loop
  vertex 9.4446940e-03 -1.4134983e-02 2.7000000e-02
  vertex 1.7000000e-02 -0.0000000e+00 2.7000000e-02
  vertex 1.0126888e-02 -1.3654529e-02 2.7000000e-02
 endloop
endfacet
facet normal 0.000000e+00 0.000000e+00 -1.000000e+00
 outer loop
  vertex 8.7397470e-03 -1.4581386e-02 2.7000000e-02
  vertex 1.7000000e-02 -0.0000000e+00 2.7000000e-02
  vertex 9.4446940e-03 -1.4134983e-02 2.7000000e-02
 endloop
endfacet
facet normal 0.000000e+00 0.000000e+00 -1.000000e+00
 outer loop
  vertex 8.0137450e-03 -1.4992661e-02 2.7000000e-02
  vertex 1.7000000e-02 -0.0000000e+00 2.7000000e-02
  vertex 8.7397470e-03 -1.4581386e-02 2.7000000e-02
 endloop
endfacet
facet normal 0.000000e+00 0.000000e+00 -1.000000e+00
 outer loop
  vertex 7.2684370e-03 -1.5367818e-02 2.7000000e-02
  vertex 1.7000000e-02 -0.0000000e+00 2.7000000e-02
  vertex 8.0137450e-03 -1.4992661e-02 2.7000000e-02
 endloop
endfacet
facet normal 0.000000e+00 0.000000e+00 -1.000000e+00
 outer loop
  vertex 6.5056186e-03 -1.5705953e-02 2.7000000e-02
  vertex 1.7000000e-02 -0.0000000e+00 2.7000000e-02
  vertex 7.2684370e-03 -1.5367818e-02 2.7000000e-02
 endloop
endfacet
facet normal -0.000000e+00 0.000000e+00 -1.000000e+00
 outer loop
  vertex 5.7271276e-03 -1.6006250e-02 2.7000000e-02
  vertex 4.9348392e-03 -1.6267984e-02 2.7000000e-02
  vertex 1.7000000e-02 -0.0000000e+00 2.7000000e-02
 endloop
endfacet
facet normal 0.000000e+00 0.000000e+00 -1.000000e+00
 outer loop
  vertex 5.7271276e-03 -1.6006250e-02 2.7000000e-02
  vertex 1.7000000e-02 -0.0000000e+00 2.7000000e-02
  vertex 6.5056186e-03 -1.5705953e-02 2.7000000e-02
 endloop
endfacet
facet normal -0.000000e+00 0.000000e+00 -1.000000e+00
 outer loop
  vertex 4.9348392e-03 -1.6267984e-02 2.7000000e-02
  vertex 4.1306630e-03 -1.6490532e-02 2.7000000e-02
  vertex 1.7000000e-02 -0.0000000e+00 2.7000000e-02
 endloop
endfacet
facet normal -0.000000e+00 0.000000e+00 -1.000000e+00
 outer loop
  vertex 4.1306630e-03 -1.6490532e-02 2.7000000e-02
  vertex 3.3165355e-03 -1.6673350e-02 2.7000000e-02
  vertex 1.7000000e-02 -0.0000000e+00 2.7000000e-02
 endloop
endfacet
facet normal -0.000000e+00 0.000000e+00 -1.000000e+00
 outer loop
  vertex 3.3165355e-03 -1.6673350e-02 2.7000000e-02
  vertex 2.4944181e-03 -1.6816002e-02 2.7000000e-02
  vertex 1.7000000e-02 -0.0000000e+00 2.7000000e-02
 endloop
endfacet
facet normal -0.000000e+00 0.000000e+00 -1.000000e+00
 outer loop
  vertex 2.4944181e-03 -1.6816002e-02 2.7000000e-02
  vertex 1.6662914e-03 -1.6918140e-02 2.7000000e-02
  vertex 1.7000000e-02 -0.0000000e+00 2.7000000e-02
 endloop
endfacet
facet normal -0.000000e+00 0.000000e+00 -1.000000e+00
 outer loop
  vertex 1.6662914e-03 -1.6918140e-02 2.7000000e-02
  vertex 8.3415050e-04 -1.6979523e-02 2.7000000e-02
  vertex 1.7000000e-02 -0.0000000e+00 2.7000000e-02
 endloop
endfacet
facet normal -0.000000e+00 0.000000e+00 -1.000000e+00
 outer loop
  vertex 8.3415050e-04 -1.6979523e-02 2.7000000e-02
  vertex -3.1228493e-18 -1.7000000e-02 2.7000000e-02
  vertex 1.7000000e-02 -0.0000000e+00 2.7000000e-02
 endloop
endfacet
facet normal 0.000000e+00 0.000000e+00 -1.000000e+00
 outer loop
  vertex -3.1228493e-18 -1.7000000e-02 2.7000000e-02
  vertex -8.3415050e-04 -1.6979523e-02 2.7000000e-02
  vertex 1.7000000e-02 -0.0000000e+00 2.7000000e-02
 endloop
endfacet
facet normal 0.000000e+00 0.000000e+00 -1.000000e+00
 outer loop
  vertex -8.3415050e-04 -1.6979523e-02 2.7000000e-02
  vertex -1.6662914e-03 -1.6918140e-02 2.7000000e-02
  vertex 1.7000000e-02 -0.0000000e+00 2.7000000e-02
 endloop
endfacet
facet normal 0.000000e+00 0.000000e+00 -1.000000e+00
 outer loop
  vertex -1.6662914e-03 -1.6918140e-02 2.7000000e-02
  vertex -2.4944181e-03 -1.6816002e-02 2.7000000e-02
  vertex 1.7000000e-02 -0.0000000e+00 2.7000000e-02
 endloop
endfacet
facet normal 0.000000e+00 0.000000e+00 -1.000000e+00
 outer loop
  vertex 1.7000000e-02 -0.0000000e+00 2.7000000e-02
  vertex -2.4944181e-03 -1.6816002e-02 2.7000000e-02
  vertex -3.3165355e-03 -1.6673350e-02 2.7000000e-02
 endloop
endfacet
facet normal 0.000000e+00 0.000000e+00 -1.000000e+00
 outer loop
  vertex 1.7000000e-02 -0.0000000e+00 2.7000000e-02
  vertex -3.3165355e-03 -1.6673350e-02 2.7000000e-02
  vertex -4.1306630e-03 -1.6490532e-02 2.7000000e-02
 endloop
endfacet
facet normal 0.000000e+00 0.000000e+00 -1.000000e+00
 outer loop
  vertex 1.7000000e-02 -0.0000000e+00 2.7000000e-02
  vertex -4.1306630e-03 -1.6490532e-02 2.7000000e-02
  vertex -4.9348392e-03 -1.6267984e-02 2.7000000e-02
 endloop
endfacet
facet normal 0.000000e+00 0.000000e+00 -1.000000e+00
 outer loop
  vertex 1.7000000e-02 -0.0000000e+00 2.7000000e-02
  vertex -4.9348392e-03 -1.6267984e-02 2.7000000e-02
  vertex -5.7271276e-03 -1.6006250e-02 2.7000000e-02
 endloop
endfacet
facet normal 0.000000e+00 0.000000e+00 -1.000000e+00
 outer loop
  vertex 1.7000000e-02 -0.0000000e+00 2.7000000e-02
  vertex -5.7271276e-03 -1.6006250e-02 2.7000000e-02
  vertex -6.5056186e-03 -1.5705953e-02 2.7000000e-02
 endloop
endfacet
facet normal 0.000000e+00 0.000000e+00 -1.000000e+00
 outer loop
  vertex 1.7000000e-02 -0.0000000e+00 2.7000000e-02
  vertex -6.5056186e-03 -1.5705953e-02 2.7000000e-02
  vertex -7.2684370e-03 -1.5367818e-02 2.7000000e-02
 endloop
endfacet
facet normal 0.000000e+00 0.000000e+00 -1.000000e+00
 outer loop
  vertex 1.7000000e-02 -0.0000000e+00 2.7000000e-02
  vertex -7.2684370e-03 -1.5367818e-02 2.7000000e-02
  vertex -8.0137450e-03 -1.4992661e-02 2.7000000e-02
 endloop
endfacet
facet normal 0.000000e+00 0.000000e+00 -1.000000e+00
 outer loop
  vertex 1.7000000e-02 -0.0000000e+00 2.7000000e-02
  vertex -8.0137450e-03 -1.4992661e-02 2.7000000e-02
  vertex -8.7397470e-03 -1.4581386e-02 2.7000000e-02
 endloop
endfacet
facet normal 0.000000e+00 0.000000e+00 -1.000000e+00
 outer loop
  vertex 1.7000000e-02 -0.0000000e+00 2.7000000e-02
  vertex -8.7397470e-03 -1.4581386e-02 2.7000000e-02
  vertex -9.4446940e-03 -1.4134983e-02 2.7000000e-02
 endloop
endfacet
facet normal 0.000000e+00 0.000000e+00 -1.000000e+00
 outer loop
  vertex 1.7000000e-02 -0.0000000e+00 2.7000000e-02
  vertex -9.4446940e-03 -1.4134983e-02 2.7000000e-02
  vertex -1.0126888e-02 -1.3654529e-02 2.7000000e-02
 endloop
endfacet
facet normal 0.000000e+00 0.000000e+00 -1.000000e+00
 outer loop
  vertex 1.7000000e-02 -0.0000000e+00 2.7000000e-02
  vertex -1.0126888e-02 -1.3654529e-02 2.7000000e-02
  vertex -1.0784685e-02 -1.3141177e-02 2.7000000e-02
 endloop
endfacet
facet normal 0.000000e+00 0.000000e+00 -1.000000e+00
 outer loop
  vertex 1.7000000e-02 -0.0000000e+00 2.7000000e-02
  vertex -1.0784685e-02 -1.3141177e-02 2.7000000e-02
  vertex -1.1416502e-02 -1.2596169e-02 2.7000000e-02
 endloop
endfacet
facet normal 0.000000e+00 0.000000e+00 -1.000000e+00
 outer loop
  vertex 1.7000000e-02 -0.0000000e+00 2.7000000e-02
  vertex -1.1416502e-02 -1.2596169e-02 2.7000000e-02
  vertex -1.2020815e-02 -1.2020815e-02 2.7000000e-02
 endloop
endfacet
facet normal 0.000000e+00 0.000000e+00 -1.000000e+00
 outer loop
  vertex 1.7000000e-02 -0.0000000e+00 2.7000000e-02
  vertex -1.2020815e-02 -1.2020815e-02 2.7000000e-02
  vertex -1.2596169e-02 -1.1416502e-02 2.7000000e-02
 endloop
endfacet
facet normal 0.000000e+00 0.000000e+00 -1.000000e+00
 outer loop
  vertex 1.7000000e-02 -0.0000000e+00 2.7000000e-02
  vertex -1.2596169e-02 -1.1416502e-02 2.7000000e-02
  vertex -1.3141177e-02 -1.0784685e-02 2.7000000e-02
 endloop
endfacet
facet normal 0.000000e+00 0.000000e+00 -1.000000e+00
 outer loop
  vertex 1.7000000e-02 -0.0000000e+00 2.7000000e-02
  vertex -1.3141177e-02 -1.0784685e-02 2.7000000e-02
  vertex -1.3654529e-02 -1.0126888e-02 2.7000000e-02
 endloop
endfacet
facet normal 0.000000e+00 0.000000e+00 -1.000000e+00
 outer loop
  vertex 1.7000000e-02 -0.0000000e+00 2.7000000e-02
  vertex -1.3654529e-02 -1.0126888e-02 2.7000000e-02
  vertex -1.4134983e-02 -9.4446940e-03 2.7000000e-02
 endloop
endfacet
facet normal 0.000000e+00 0.000000e+00 -1.000000e+00
 outer loop
  vertex 1.7000000e-02 -0.0000000e+00 2.7000000e-02
  vertex -1.4134983e-02 -9.4446940e-03 2.7000000e-02
  vertex -1.4581386e-02 -8.7397470e-03 2.7000000e-02
 endloop
endfacet
facet normal 0.000000e+00 0.000000e+00 -1.000000e+00
 outer loop
  vertex -1.5367818e-02 -7.2684370e-03 2.7000000e-02
  vertex 1.7000000e-02 -0.0000000e+00 2.7000000e-02
  vertex -1.4992661e-02 -8.0137450e-03 2.7000000e-02
 endloop
endfacet
facet normal 0.000000e+00 0.000000e+00 -1.000000e+00
 outer loop
  vertex 1.7000000e-02 -0.0000000e+00 2.7000000e-02
  vertex -1.4581386e-02 -8.7397470e-03 2.7000000e-02
  vertex -1.4992661e-02 -8.0137450e-03 2.7000000e-02
 endloop
endfacet
facet normal 0.000000e+00 0.000000e+00 -1.000000e+00
 outer loop
  vertex -1.5705953e-02 -6.5056186e-03 2.7000000e-02
  vertex 1.7000000e-02 -0.0000000e+00 2.7000000e-02
  vertex -1.5367818e-02 -7.2684370e-03 2.7000000e-02
 endloop
endfacet
facet normal 0.000000e+00 0.000000e+00 -1.000000e+00
 outer loop
  vertex -1.6006250e-02 -5.7271276e-03 2.7000000e-02
  vertex 1.7000000e-02 -0.0000000e+00 2.7000000e-02
  vertex -1.5705953e-02 -6.5056186e-03 2.7000000e-02
 endloop
endfacet
facet normal 0.000000e+00 0.000000e+00 -1.000000e+00
 outer loop
  vertex -1.6267984e-02 -4.9348392e-03 2.7000000e-02
  vertex 1.7000000e-02 -0.0000000e+00 2.7000000e-02
  vertex -1.6006250e-02 -5.7271276e-03 2.7000000e-02
 endloop
endfacet
facet normal 0.000000e+00 0.000000e+00 -1.000000e+00
 outer loop
  vertex -1.6490532e-02 -4.1306630e-03 2.7000000e-02
  vertex 1.7000000e-02 -0.0000000e+00 2.7000000e-02
  vertex -1.6267984e-02 -4.9348392e-03 2.7000000e-02
 endloop
endfacet
facet normal 0.000000e+00 0.000000e+00 -1.000000e+00
 outer loop
  vertex -1.6673350e-02 -3.3165355e-03 2.7000000e-02
  vertex 1.7000000e-02 -0.0000000e+00 2.7000000e-02
  vertex -1.6490532e-02 -4.1306630e-03 2.7000000e-02
 endloop
endfacet
facet normal 0.000000e+00 0.000000e+00 -1.000000e+00
 outer loop
  vertex -1.6816002e-02 -2.4944181e-03 2.7000000e-02
  vertex 1.7000000e-02 -0.0000000e+00 2.7000000e-02
  vertex -1.6673350e-02 -3.3165355e-03 2.7000000e-02
 endloop
endfacet
facet normal 0.000000e+00 0.000000e+00 -1.000000e+00
 outer loop
  vertex -1.6918140e-02 -1.6662914e-03 2.7000000e-02
  vertex 1.7000000e-02 -0.0000000e+00 2.7000000e-02
  vertex -1.6816002e-02 -2.4944181e-03 2.7000000e-02
 endloop
endfacet
facet normal 0.000000e+00 0.000000e+00 -1.000000e+00
 outer loop
  vertex -1.6979523e-02 -8.3415050e-04 2.7000000e-02
  vertex -1.7000000e-02 2.0818996e-18 2.7000000e-02
  vertex 1.7000000e-02 -0.0000000e+00 2.7000000e-02
 endloop
endfacet
facet normal 0.000000e+00 0.000000e+00 -1.000000e+00
 outer loop
  vertex -1.7000000e-02 2.0818996e-18 2.7000000e-02
  vertex -1.6979523e-02 8.3415050e-04 2.7000000e-02
  vertex 1.7000000e-02 -0.0000000e+00 2.7000000e-02
 endloop
endfacet
facet normal 0.000000e+00 0.000000e+00 -1.000000e+00
 outer loop
  vertex -1.6979523e-02 8.3415050e-04 2.7000000e-02
  vertex -1.6918140e-02 1.6662914e-03 2.7000000e-02
  vertex 1.7000000e-02 -0.0000000e+00 2.7000000e-02
 endloop
endfacet
facet normal 0.000000e+00 0.000000e+00 -1.000000e+00
 outer loop
  vertex -1.6918140e-02 1.6662914e-03 2.7000000e-02
  vertex -1.6816002e-02 2.4944181e-03 2.7000000e-02
  vertex 1.7000000e-02 -0.0000000e+00 2.7000000e-02
 endloop
endfacet
facet normal 0.000000e+00 0.000000e+00 -1.000000e+00
 outer loop
  vertex 1.7000000e-02 -0.0000000e+00 2.7000000e-02
  vertex -1.6816002e-02 2.4944181e-03 2.7000000e-02
  vertex -1.6673350e-02 3.3165355e-03 2.7000000e-02
 endloop
endfacet
facet normal 0.000000e+00 0.000000e+00 -1.000000e+00
 outer loop
  vertex 1.7000000e-02 -0.0000000e+00 2.7000000e-02
  vertex -1.6673350e-02 3.3165355e-03 2.7000000e-02
  vertex -1.6490532e-02 4.1306630e-03 2.7000000e-02
 endloop
endfacet
facet normal 0.000000e+00 0.000000e+00 -1.000000e+00
 outer loop
  vertex 1.7000000e-02 -0.0000000e+00 2.7000000e-02
  vertex -1.6490532e-02 4.1306630e-03 2.7000000e-02
  vertex -1.6267984e-02 4.9348392e-03 2.7000000e-02
 endloop
endfacet
facet normal 0.000000e+00 0.000000e+00 -1.000000e+00
 outer loop
  vertex 1.7000000e-02 -0.0000000e+00 2.7000000e-02
  vertex -1.6267984e-02 4.9348392e-03 2.7000000e-02
  vertex -1.6006250e-02 5.7271276e-03 2.7000000e-02
 endloop
endfacet
facet normal 0.000000e+00 0.000000e+00 -1.000000e+00
 outer loop
  vertex 1.7000000e-02 -0.0000000e+00 2.7000000e-02
  vertex -1.6006250e-02 5.7271276e-03 2.7000000e-02
  vertex -1.5705953e-02 6.5056186e-03 2.7000000e-02
 endloop
endfacet
facet normal 0.000000e+00 0.000000e+00 -1.000000e+00
 outer loop
  vertex 1.7000000e-02 -0.0000000e+00 2.7000000e-02
  vertex -1.5705953e-02 6.5056186e-03 2.7000000e-02
  vertex -1.5367818e-02 7.2684370e-03 2.7000000e-02
 endloop
endfacet
facet normal 0.000000e+00 0.000000e+00 -1.000000e+00
 outer loop
  vertex 1.7000000e-02 -0.0000000e+00 2.7000000e-02
  vertex -1.5367818e-02 7.2684370e-03 2.7000000e-02
  vertex -1.4992661e-02 8.0137450e-03 2.7000000e-02
 endloop
endfacet
facet normal 0.000000e+00 0.000000e+00 -1.000000e+00
 outer loop
  vertex 1.7000000e-02 -0.0000000e+00 2.7000000e-02
  vertex -1.4992661e-02 8.0137450e-03 2.7000000e-02
  vertex -1.4581386e-02 8.7397470e-03 2.7000000e-02
 endloop
endfacet
facet normal 0.000000e+00 0.000000e+00 -1.000000e+00
 outer loop
  vertex 1.7000000e-02 -0.0000000e+00 2.7000000e-02
  vertex -1.4581386e-02 8.7397470e-03 2.7000000e-02
  vertex -1.4134983e-02 9.4446940e-03 2.7000000e-02
 endloop
endfacet
facet normal 0.000000e+00 0.000000e+00 -1.000000e+00
 outer loop
  vertex 1.7000000e-02 -0.0000000e+00 2.7000000e-02
  vertex -1.4134983e-02 9.4446940e-03 2.7000000e-02
  vertex -1.3654529e-02 1.0126888e-02 2.7000000e-02
 endloop
endfacet
facet normal 0.000000e+00 0.000000e+00 -1.000000e+00
 outer loop
  vertex 1.7000000e-02 -0.0000000e+00 2.7000000e-02
  vertex -1.3654529e-02 1.0126888e-02 2.7000000e-02
  vertex -1.3141177e-02 1.0784685e-02 2.7000000e-02
 endloop
endfacet
facet normal 0.000000e+00 0.000000e+00 -1.000000e+00
 outer loop
  vertex 1.7000000e-02 -0.0000000e+00 2.7000000e-02
  vertex -1.3141177e-02 1.0784685e-02 2.7000000e-02
  vertex -1.2596169e-02 1.1416502e-02 2.7000000e-02
 endloop
endfacet
facet normal 0.000000e+00 0.000000e+00 -1.000000e+00
 outer loop
  vertex 1.7000000e-02 -0.0000000e+00 2.7000000e-02
  vertex -1.2596169e-02 1.1416502e-02 2.7000000e-02
  vertex -1.2020815e-02 1.2020815e-02 2.7000000e-02
 endloop
endfacet
facet normal 0.000000e+00 0.000000e+00 -1.000000e+00
 outer loop
  vertex 1.7000000e-02 -0.0000000e+00 2.7000000e-02
  vertex -1.2020815e-02 1.2020815e-02 2.7000000e-02
  vertex -1.1416502e-02 1.2596169e-02 2.7000000e-02
 endloop
endfacet
facet normal 0.000000e+00 0.000000e+00 -1.000000e+00
 outer loop
  vertex 1.7000000e-02 -0.0000000e+00 2.7000000e-02
  vertex -1.1416502e-02 1.2596169e-02 2.7000000e-02
  vertex -1.0784685e-02 1.3141177e-02 2.7000000e-02
 endloop
endfacet
facet normal 0.000000e+00 0.000000e+00 -1.000000e+00
 outer loop
  vertex 1.7000000e-02 -0.0000000e+00 2.7000000e-02
  vertex -1.0784685e-02 1.3141177e-02 2.7000000e-02
  vertex -1.0126888e-02 1.3654529e-02 2.7000000e-02
 endloop
endfacet
facet normal 0.000000e+00 0.000000e+00 -1.000000e+00
 outer loop
  vertex 1.7000000e-02 -0.0000000e+00 2.7000000e-02
  vertex -1.0126888e-02 1.3654529e-02 2.7000000e-02
  vertex -9.4446940e-03 1.4134983e-02 2.7000000e-02
 endloop
endfacet
facet normal 0.000000e+00 0.000000e+00 -1.000000e+00
 outer loop
  vertex 1.7000000e-02 -0.0000000e+00 2.7000000e-02
  vertex -9.4446940e-03 1.4134983e-02 2.7000000e-02
  vertex -8.7397470e-03 1.4581386e-02 2.7000000e-02
 endloop
endfacet
facet normal 0.000000e+00 -0.000000e+00 -1.000000e+00
 outer loop
  vertex -7.2684370e-03 1.5367818e-02 2.7000000e-02
  vertex 1.7000000e-02 -0.0000000e+00 2.7000000e-02
  vertex -8.0137450e-03 1.4992661e-02 2.7000000e-02
 endloop
endfacet
facet normal 0.000000e+00 0.000000e+00 -1.000000e+00
 outer loop
  vertex 1.7000000e-02 -0.0000000e+00 2.7000000e-02
  vertex -8.7397470e-03 1.4581386e-02 2.7000000e-02
  vertex -8.0137450e-03 1.4992661e-02 2.7000000e-02
 endloop
endfacet
facet normal 0.000000e+00 -0.000000e+00 -1.000000e+00
 outer loop
  vertex -6.5056186e-03 1.5705953e-02 2.7000000e-02
  vertex 1.7000000e-02 -0.0000000e+00 2.7000000e-02
  vertex -7.2684370e-03 1.5367818e-02 2.7000000e-02
 endloop
endfacet
facet normal 0.000000e+00 -0.000000e+00 -1.000000e+00
 outer loop
  vertex -5.7271276e-03 1.6006250e-02 2.7000000e-02
  vertex 1.7000000e-02 -0.0000000e+00 2.7000000e-02
  vertex -6.5056186e-03 1.5705953e-02 2.7000000e-02
 endloop
endfacet
facet normal 0.000000e+00 -0.000000e+00 -1.000000e+00
 outer loop
  vertex -4.9348392e-03 1.6267984e-02 2.7000000e-02
  vertex 1.7000000e-02 -0.0000000e+00 2.7000000e-02
  vertex -5.7271276e-03 1.6006250e-02 2.7000000e-02
 endloop
endfacet
facet normal 0.000000e+00 -0.000000e+00 -1.000000e+00
 outer loop
  vertex -4.1306630e-03 1.6490532e-02 2.7000000e-02
  vertex 1.7000000e-02 -0.0000000e+00 2.7000000e-02
  vertex -4.9348392e-03 1.6267984e-02 2.7000000e-02
 endloop
endfacet
facet normal 0.000000e+00 -0.000000e+00 -1.000000e+00
 outer loop
  vertex -3.3165355e-03 1.6673350e-02 2.7000000e-02
  vertex 1.7000000e-02 -0.0000000e+00 2.7000000e-02
  vertex -4.1306630e-03 1.6490532e-02 2.7000000e-02
 endloop
endfacet
facet normal 0.000000e+00 -0.000000e+00 -1.000000e+00
 outer loop
  vertex -2.4944181e-03 1.6816002e-02 2.7000000e-02
  vertex 1.7000000e-02 -0.0000000e+00 2.7000000e-02
  vertex -3.3165355e-03 1.6673350e-02 2.7000000e-02
 endloop
endfacet
facet normal 0.000000e+00 -0.000000e+00 -1.000000e+00
 outer loop
  vertex -1.6662914e-03 1.6918140e-02 2.7000000e-02
  vertex 1.7000000e-02 -0.0000000e+00 2.7000000e-02
  vertex -2.4944181e-03 1.6816002e-02 2.7000000e-02
 endloop
endfacet
facet normal 0.000000e+00 -0.000000e+00 -1.000000e+00
 outer loop
  vertex -8.3415050e-04 1.6979523e-02 2.7000000e-02
  vertex 1.7000000e-02 -0.0000000e+00 2.7000000e-02
  vertex -1.6662914e-03 1.6918140e-02 2.7000000e-02
 endloop
endfacet
facet normal 0.000000e+00 -0.000000e+00 -1.000000e+00
 outer loop
  vertex 1.0409498e-18 1.7000000e-02 2.7000000e-02
  vertex 1.7000000e-02 -0.0000000e+00 2.7000000e-02
  vertex -8.3415050e-04 1.6979523e-02 2.7000000e-02
 endloop
endfacet
facet normal -0.000000e+00 -0.000000e+00 -1.000000e+00
 outer loop
  vertex 8.3415050e-04 1.6979523e-02 2.7000000e-02
  vertex 1.7000000e-02 -0.0000000e+00 2.7000000e-02
  vertex 1.0409498e-18 1.7000000e-02 2.7000000e-02
 endloop
endfacet
facet normal -0.000000e+00 -0.000000e+00 -1.000000e+00
 outer loop
  vertex 1.6662914e-03 1.6918140e-02 2.7000000e-02
  vertex 1.7000000e-02 -0.0000000e+00 2.7000000e-02
  vertex 8.3415050e-04 1.6979523e-02 2.7000000e-02
 endloop
endfacet
facet normal 0.000000e+00 0.000000e+00 -1.000000e+00
 outer loop
  vertex 1.6662914e-03 1.6918140e-02 2.7000000e-02
  vertex 2.4944181e-03 1.6816002e-02 2.7000000e-02
  vertex 1.7000000e-02 -0.0000000e+00 2.7000000e-02
 endloop
endfacet
facet normal 0.000000e+00 0.000000e+00 -1.000000e+00
 outer loop
  vertex 2.4944181e-03 1.6816002e-02 2.7000000e-02
  vertex 3.3165355e-03 1.6673350e-02 2.7000000e-02
  vertex 1.7000000e-02 -0.0000000e+00 2.7000000e-02
 endloop
endfacet
facet normal 0.000000e+00 0.000000e+00 -1.000000e+00
 outer loop
  vertex 3.3165355e-03 1.6673350e-02 2.7000000e-02
  vertex 4.1306630e-03 1.6490532e-02 2.7000000e-02
  vertex 1.7000000e-02 -0.0000000e+00 2.7000000e-02
 endloop
endfacet
facet normal 0.000000e+00 0.000000e+00 -1.000000e+00
 outer loop
  vertex 4.1306630e-03 1.6490532e-02 2.7000000e-02
  vertex 4.9348392e-03 1.6267984e-02 2.7000000e-02
  vertex 1.7000000e-02 -0.0000000e+00 2.7000000e-02
 endloop
endfacet
facet normal 0.000000e+00 0.000000e+00 -1.000000e+00
 outer loop
  vertex 4.9348392e-03 1.6267984e-02 2.7000000e-02
  vertex 5.7271276e-03 1.6006250e-02 2.7000000e-02
  vertex 1.7000000e-02 -0.0000000e+00 2.7000000e-02
 endloop
endfacet
facet normal 0.000000e+00 0.000000e+00 -1.000000e+00
 outer loop
  vertex 5.7271276e-03 1.6006250e-02 2.7000000e-02
  vertex 6.5056186e-03 1.5705953e-02 2.7000000e-02
  vertex 1.7000000e-02 -0.0000000e+00 2.7000000e-02
 endloop
endfacet
facet normal 0.000000e+00 0.000000e+00 -1.000000e+00
 outer loop
  vertex 6.5056186e-03 1.5705953e-02 2.7000000e-02
  vertex 7.2684370e-03 1.5367818e-02 2.7000000e-02
  vertex 1.7000000e-02 -0.0000000e+00 2.7000000e-02
 endloop
endfacet
facet normal 0.000000e+00 0.000000e+00 -1.000000e+00
 outer loop
  vertex 7.2684370e-03 1.5367818e-02 2.7000000e-02
  vertex 8.0137450e-03 1.4992661e-02 2.7000000e-02
  vertex 1.7000000e-02 -0.0000000e+00 2.7000000e-02
 endloop
endfacet
facet normal 0.000000e+00 0.000000e+00 -1.000000e+00
 outer loop
  vertex 8.0137450e-03 1.4992661e-02 2.7000000e-02
  vertex 8.7397470e-03 1.4581386e-02 2.7000000e-02
  vertex 1.7000000e-02 -0.0000000e+00 2.7000000e-02
 endloop
endfacet
facet normal 0.000000e+00 0.000000e+00 -1.000000e+00
 outer loop
  vertex 8.7397470e-03 1.4581386e-02 2.7000000e-02
  vertex 9.4446940e-03 1.4134983e-02 2.7000000e-02
  vertex 1.7000000e-02 -0.0000000e+00 2.7000000e-02
 endloop
endfacet
facet normal 0.000000e+00 0.000000e+00 -1.000000e+00
 outer loop
  vertex 9.4446940e-03 1.4134983e-02 2.7000000e-02
  vertex 1.0126888e-02 1.3654529e-02 2.7000000e-02
  vertex 1.7000000e-02 -0.0000000e+00 2.7000000e-02
 endloop
endfacet
facet normal 0.000000e+00 0.000000e+00 -1.000000e+00
 outer loop
  vertex 1.0126888e-02 1.3654529e-02 2.7000000e-02
  vertex 1.0784685e-02 1.3141177e-02 2.7000000e-02
  vertex 1.7000000e-02 -0.0000000e+00 2.7000000e-02
 endloop
endfacet
facet normal 0.000000e+00 0.000000e+00 -1.000000e+00
 outer loop
  vertex 1.0784685e-02 1.3141177e-02 2.7000000e-02
  vertex 1.1416502e-02 1.2596169e-02 2.7000000e-02
  vertex 1.7000000e-02 -0.0000000e+00 2.7000000e-02
 endloop
endfacet
facet normal 0.000000e+00 0.000000e+00 -1.000000e+00
 outer loop
  vertex 1.1416502e-02 1.2596169e-02 2.7000000e-02
  vertex 1.2020815e-02 1.2020815e-02 2.7000000e-02
  vertex 1.7000000e-02 -0.0000000e+00 2.7000000e-02
 endloop
endfacet
facet normal 0.000000e+00 0.000000e+00 -1.000000e+00
 outer loop
  vertex 1.2020815e-02 1.2020815e-02 2.7000000e-02
  vertex 1.2596169e-02 1.1416502e-02 2.7000000e-02
  vertex 1.7000000e-02 -0.0000000e+00 2.7000000e-02
 endloop
endfacet
facet normal 0.000000e+00 0.000000e+00 -1.000000e+00
 outer loop
  vertex 1.2596169e-02 1.1416502e-02 2.7000000e-02
  vertex 1.3141177e-02 1.0784685e-02 2.7000000e-02
  vertex 1.7000000e-02 -0.0000000e+00 2.7000000e-02
 endloop
endfacet
facet normal 0.000000e+00 0.000000e+00 -1.000000e+00
 outer loop
  vertex 1.3141177e-02 1.0784685e-02 2.7000000e-02
  vertex 1.3654529e-02 1.0126888e-02 2.7000000e-02
  vertex 1.7000000e-02 -0.0000000e+00 2.7000000e-02
 endloop
endfacet
facet normal 0.000000e+00 0.000000e+00 -1.000000e+00
 outer loop
  vertex 1.3654529e-02 1.0126888e-02 2.7000000e-02
  vertex 1.4134983e-02 9.4446940e-03 2.7000000e-02
  vertex 1.7000000e-02 -0.0000000e+00 2.7000000e-02
 endloop
endfacet
facet normal 0.000000e+00 0.000000e+00 -1.000000e+00
 outer loop
  vertex 1.7000000e-02 -0.0000000e+00 2.7000000e-02
  vertex 1.4581386e-02 8.7397470e-03 2.7000000e-02
  vertex 1.4992661e-02 8.0137450e-03 2.7000000e-02
 endloop
endfacet
facet normal 0.000000e+00 0.000000e+00 -1.000000e+00
 outer loop
  vertex 1.4134983e-02 9.4446940e-03 2.7000000e-02
  vertex 1.4581386e-02 8.7397470e-03 2.7000000e-02
  vertex 1.7000000e-02 -0.0000000e+00 2.7000000e-02
 endloop
endfacet
facet normal 0.000000e+00 0.000000e+00 -1.000000e+00
 outer loop
  vertex 1.7000000e-02 -0.0000000e+00 2.7000000e-02
  vertex 1.4992661e-02 8.0137450e-03 2.7000000e-02
  vertex 1.5367818e-02 7.2684370e-03 2.7000000e-02
 endloop
endfacet
facet normal 0.000000e+00 0.000000e+00 -1.000000e+00
 outer loop
  vertex 1.7000000e-02 -0.0000000e+00 2.7000000e-02
  vertex 1.5367818e-02 7.2684370e-03 2.7000000e-02
  vertex 1.5705953e-02 6.5056186e-03 2.7000000e-02
 endloop
endfacet
facet normal 0.000000e+00 0.000000e+00 -1.000000e+00
 outer loop
  vertex 1.7000000e-02 -0.0000000e+00 2.7000000e-02
  vertex 1.5705953e-02 6.5056186e-03 2.7000000e-02
  vertex 1.6006250e-02 5.7271276e-03 2.7000000e-02
 endloop
endfacet
facet normal 0.000000e+00 0.000000e+00 -1.000000e+00
 outer loop
  vertex 1.7000000e-02 -0.0000000e+00 2.7000000e-02
  vertex 1.6006250e-02 5.7271276e-03 2.7000000e-02
  vertex 1.6267984e-02 4.9348392e-03 2.7000000e-02
 endloop
endfacet
facet normal 0.000000e+00 0.000000e+00 -1.000000e+00
 outer loop
  vertex 1.7000000e-02 -0.0000000e+00 2.7000000e-02
  vertex 1.6267984e-02 4.9348392e-03 2.7000000e-02
  vertex 1.6490532e-02 4.1306630e-03 2.7000000e-02
 endloop
endfacet
facet normal 0.000000e+00 0.000000e+00 -1.000000e+00
 outer loop
  vertex 1.7000000e-02 -0.0000000e+00 2.7000000e-02
  vertex 1.6490532e-02 4.1306630e-03 2.7000000e-02
  vertex 1.6673350e-02 3.3165355e-03 2.7000000e-02
 endloop
endfacet
facet normal 0.000000e+00 0.000000e+00 -1.000000e+00
 outer loop
  vertex 1.7000000e-02 -0.0000000e+00 2.7000000e-02
  vertex 1.6673350e-02 3.3165355e-03 2.7000000e-02
  vertex 1.6816002e-02 2.4944181e-03 2.7000000e-02
 endloop
endfacet
facet normal 0.000000e+00 0.000000e+00 -1.000000e+00
 outer loop
  vertex 1.7000000e-02 -0.0000000e+00 2.7000000e-02
  vertex 1.6816002e-02 2.4944181e-03 2.7000000e-02
  vertex 1.6918140e-02 1.6662914e-03 2.7000000e-02
 endloop
endfacet
facet normal 0.000000e+00 0.000000e+00 -1.000000e+00
 outer loop
  vertex 1.7000000e-02 -0.0000000e+00 2.7000000e-02
  vertex 1.6918140e-02 1.6662914e-03 2.7000000e-02
  vertex 1.6979523e-02 8.3415050e-04 2.7000000e-02
 endloop
endfacet
facet normal 0.000000e+00 0.000000e+00 -1.000000e+00
 outer loop
  vertex -1.6979523e-02 -8.3415050e-04 2.7000000e-02
  vertex 1.7000000e-02 -0.0000000e+00 2.7000000e-02
  vertex -1.6918140e-02 -1.6662914e-03 2.7000000e-02
 endloop
endfacet
facet normal 0.000000e+00 0.000000e+00 1.000000e+00
 outer loop
  vertex 1.6918140e-02 -1.6662914e-03 4.5000000e-02
  vertex 1.6979523e-02 -8.3415050e-04 4.5000000e-02
  vertex 1.7000000e-02 -0.0000000e+00 4.5000000e-02
 endloop
endfacet
facet normal 0.000000e+00 0.000000e+00 1.000000e+00
 outer loop
  vertex 1.6816002e-02 -2.4944181e-03 4.5000000e-02
  vertex 1.6918140e-02 -1.6662914e-03 4.5000000e-02
  vertex 1.7000000e-02 -0.0000000e+00 4.5000000e-02
 endloop
endfacet
facet normal 0.000000e+00 0.000000e+00 1.000000e+00
 outer loop
  vertex 1.6673350e-02 -3.3165355e-03 4.5000000e-02
  vertex 1.6816002e-02 -2.4944181e-03 4.5000000e-02
  vertex 1.7000000e-02 -0.0000000e+00 4.5000000e-02
 endloop
endfacet
facet normal 0.000000e+00 0.000000e+00 1.000000e+00
 outer loop
  vertex 1.6490532e-02 -4.1306630e-03 4.5000000e-02
  vertex 1.6673350e-02 -3.3165355e-03 4.5000000e-02
  vertex 1.7000000e-02 -0.0000000e+00 4.5000000e-02
 endloop
endfacet
facet normal 0.000000e+00 0.000000e+00 1.000000e+00
 outer loop
  vertex 1.6267984e-02 -4.9348392e-03 4.5000000e-02
  vertex 1.6490532e-02 -4.1306630e-03 4.5000000e-02
  vertex 1.7000000e-02 -0.0000000e+00 4.5000000e-02
 endloop
endfacet
facet normal 0.000000e+00 0.000000e+00 1.000000e+00
 outer loop
  vertex 1.6006250e-02 -5.7271276e-03 4.5000000e-02
  vertex 1.6267984e-02 -4.9348392e-03 4.5000000e-02
  vertex 1.7000000e-02 -0.0000000e+00 4.5000000e-02
 endloop
endfacet
facet normal 0.000000e+00 0.000000e+00 1.000000e+00
 outer loop
  vertex 1.5705953e-02 -6.5056186e-03 4.5000000e-02
  vertex 1.6006250e-02 -5.7271276e-03 4.5000000e-02
  vertex 1.7000000e-02 -0.0000000e+00 4.5000000e-02
 endloop
endfacet
facet normal 0.000000e+00 0.000000e+00 1.000000e+00
 outer loop
  vertex 1.5367818e-02 -7.2684370e-03 4.5000000e-02
  vertex 1.5705953e-02 -6.5056186e-03 4.5000000e-02
  vertex 1.7000000e-02 -0.0000000e+00 4.5000000e-02
 endloop
endfacet
facet normal 0.000000e+00 0.000000e+00 1.000000e+00
 outer loop
  vertex 1.4992661e-02 -8.0137450e-03 4.5000000e-02
  vertex 1.5367818e-02 -7.2684370e-03 4.5000000e-02
  vertex 1.7000000e-02 -0.0000000e+00 4.5000000e-02
 endloop
endfacet
facet normal 0.000000e+00 0.000000e+00 1.000000e+00
 outer loop
  vertex 1.4581386e-02 -8.7397470e-03 4.5000000e-02
  vertex 1.4992661e-02 -8.0137450e-03 4.5000000e-02
  vertex 1.7000000e-02 -0.0000000e+00 4.5000000e-02
 endloop
endfacet
facet normal 0.000000e+00 0.000000e+00 1.000000e+00
 outer loop
  vertex 1.4134983e-02 -9.4446940e-03 4.5000000e-02
  vertex 1.4581386e-02 -8.7397470e-03 4.5000000e-02
  vertex 1.7000000e-02 -0.0000000e+00 4.5000000e-02
 endloop
endfacet
facet normal 0.000000e+00 0.000000e+00 1.000000e+00
 outer loop
  vertex 1.3654529e-02 -1.0126888e-02 4.5000000e-02
  vertex 1.4134983e-02 -9.4446940e-03 4.5000000e-02
  vertex 1.7000000e-02 -0.0000000e+00 4.5000000e-02
 endloop
endfacet
facet normal 0.000000e+00 0.000000e+00 1.000000e+00
 outer loop
  vertex 1.3141177e-02 -1.0784685e-02 4.5000000e-02
  vertex 1.3654529e-02 -1.0126888e-02 4.5000000e-02
  vertex 1.7000000e-02 -0.0000000e+00 4.5000000e-02
 endloop
endfacet
facet normal 0.000000e+00 0.000000e+00 1.000000e+00
 outer loop
  vertex 1.2596169e-02 -1.1416502e-02 4.5000000e-02
  vertex 1.3141177e-02 -1.0784685e-02 4.5000000e-02
  vertex 1.7000000e-02 -0.0000000e+00 4.5000000e-02
 endloop
endfacet
facet normal 0.000000e+00 0.000000e+00 1.000000e+00
 outer loop
  vertex 1.2020815e-02 -1.2020815e-02 4.5000000e-02
  vertex 1.2596169e-02 -1.1416502e-02 4.5000000e-02
  vertex 1.7000000e-02 -0.0000000e+00 4.5000000e-02
 endloop
endfacet
facet normal 0.000000e+00 0.000000e+00 1.000000e+00
 outer loop
  vertex 1.1416502e-02 -1.2596169e-02 4.5000000e-02
  vertex 1.2020815e-02 -1.2020815e-02 4.5000000e-02
  vertex 1.7000000e-02 -0.0000000e+00 4.5000000e-02
 endloop
endfacet
facet normal 0.000000e+00 0.000000e+00 1.000000e+00
 outer loop
  vertex 1.0784685e-02 -1.3141177e-02 4.5000000e-02
  vertex 1.1416502e-02 -1.2596169e-02 4.5000000e-02
  vertex 1.7000000e-02 -0.0000000e+00 4.5000000e-02
 endloop
endfacet
facet normal 0.000000e+00 0.000000e+00 1.000000e+00
 outer loop
  vertex 1.0126888e-02 -1.3654529e-02 4.5000000e-02
  vertex 1.0784685e-02 -1.3141177e-02 4.5000000e-02
  vertex 1.7000000e-02 -0.0000000e+00 4.5000000e-02
 endloop
endfacet
facet normal 0.000000e+00 0.000000e+00 1.000000e+00
 outer loop
  vertex 9.4446940e-03 -1.4134983e-02 4.5000000e-02
  vertex 1.0126888e-02 -1.3654529e-02 4.5000000e-02
  vertex 1.7000000e-02 -0.0000000e+00 4.5000000e-02
 endloop
endfacet
facet normal 0.000000e+00 0.000000e+00 1.000000e+00
 outer loop
  vertex 8.7397470e-03 -1.4581386e-02 4.5000000e-02
  vertex 9.4446940e-03 -1.4134983e-02 4.5000000e-02
  vertex 1.7000000e-02 -0.0000000e+00 4.5000000e-02
 endloop
endfacet
facet normal 0.000000e+00 0.000000e+00 1.000000e+00
 outer loop
  vertex 8.0137450e-03 -1.4992661e-02 4.5000000e-02
  vertex 8.7397470e-03 -1.4581386e-02 4.5000000e-02
  vertex 1.7000000e-02 -0.0000000e+00 4.5000000e-02
 endloop
endfacet
facet normal 0.000000e+00 0.000000e+00 1.000000e+00
 outer loop
  vertex 7.2684370e-03 -1.5367818e-02 4.5000000e-02
  vertex 8.0137450e-03 -1.4992661e-02 4.5000000e-02
  vertex 1.7000000e-02 -0.0000000e+00 4.5000000e-02
 endloop
endfacet
facet normal 0.000000e+00 0.000000e+00 1.000000e+00
 outer loop
  vertex 6.5056186e-03 -1.5705953e-02 4.5000000e-02
  vertex 7.2684370e-03 -1.5367818e-02 4.5000000e-02
  vertex 1.7000000e-02 -0.0000000e+00 4.5000000e-02
 endloop
endfacet
facet normal 0.000000e+00 -0.000000e+00 1.000000e+00
 outer loop
  vertex 5.7271276e-03 -1.6006250e-02 4.5000000e-02
  vertex 1.7000000e-02 -0.0000000e+00 4.5000000e-02
  vertex 4.9348392e-03 -1.6267984e-02 4.5000000e-02
 endloop
endfacet
facet normal 0.000000e+00 0.000000e+00 1.000000e+00
 outer loop
  vertex 5.7271276e-03 -1.6006250e-02 4.5000000e-02
  vertex 6.5056186e-03 -1.5705953e-02 4.5000000e-02
  vertex 1.7000000e-02 -0.0000000e+00 4.5000000e-02
 endloop
endfacet
facet normal 0.000000e+00 -0.000000e+00 1.000000e+00
 outer loop
  vertex 4.9348392e-03 -1.6267984e-02 4.5000000e-02
  vertex 1.7000000e-02 -0.0000000e+00 4.5000000e-02
  vertex 4.1306630e-03 -1.6490532e-02 4.5000000e-02
 endloop
endfacet
facet normal 0.000000e+00 -0.000000e+00 1.000000e+00
 outer loop
  vertex 4.1306630e-03 -1.6490532e-02 4.5000000e-02
  vertex 1.7000000e-02 -0.0000000e+00 4.5000000e-02
  vertex 3.3165355e-03 -1.6673350e-02 4.5000000e-02
 endloop
endfacet
facet normal 0.000000e+00 -0.000000e+00 1.000000e+00
 outer loop
  vertex 3.3165355e-03 -1.6673350e-02 4.5000000e-02
  vertex 1.7000000e-02 -0.0000000e+00 4.5000000e-02
  vertex 2.4944181e-03 -1.6816002e-02 4.5000000e-02
 endloop
endfacet
facet normal 0.000000e+00 -0.000000e+00 1.000000e+00
 outer loop
  vertex 2.4944181e-03 -1.6816002e-02 4.5000000e-02
  vertex 1.7000000e-02 -0.0000000e+00 4.5000000e-02
  vertex 1.6662914e-03 -1.6918140e-02 4.5000000e-02
 endloop
endfacet
facet normal 0.000000e+00 -0.000000e+00 1.000000e+00
 outer loop
  vertex 1.6662914e-03 -1.6918140e-02 4.5000000e-02
  vertex 1.7000000e-02 -0.0000000e+00 4.5000000e-02
  vertex 8.3415050e-04 -1.6979523e-02 4.5000000e-02
 endloop
endfacet
facet normal 0.000000e+00 -0.000000e+00 1.000000e+00
 outer loop
  vertex 8.3415050e-04 -1.6979523e-02 4.5000000e-02
  vertex 1.7000000e-02 -0.0000000e+00 4.5000000e-02
  vertex -3.1228493e-18 -1.7000000e-02 4.5000000e-02
 endloop
endfacet
facet normal 0.000000e+00 -0.000000e+00 1.000000e+00
 outer loop
  vertex -3.1228493e-18 -1.7000000e-02 4.5000000e-02
  vertex 1.7000000e-02 -0.0000000e+00 4.5000000e-02
  vertex -8.3415050e-04 -1.6979523e-02 4.5000000e-02
 endloop
endfacet
facet normal 0.000000e+00 -0.000000e+00 1.000000e+00
 outer loop
  vertex -8.3415050e-04 -1.6979523e-02 4.5000000e-02
  vertex 1.7000000e-02 -0.0000000e+00 4.5000000e-02
  vertex -1.6662914e-03 -1.6918140e-02 4.5000000e-02
 endloop
endfacet
facet normal 0.000000e+00 -0.000000e+00 1.000000e+00
 outer loop
  vertex -1.6662914e-03 -1.6918140e-02 4.5000000e-02
  vertex 1.7000000e-02 -0.0000000e+00 4.5000000e-02
  vertex -2.4944181e-03 -1.6816002e-02 4.5000000e-02
 endloop
endfacet
facet normal 0.000000e+00 0.000000e+00 1.000000e+00
 outer loop
  vertex 1.7000000e-02 -0.0000000e+00 4.5000000e-02
  vertex -3.3165355e-03 -1.6673350e-02 4.5000000e-02
  vertex -2.4944181e-03 -1.6816002e-02 4.5000000e-02
 endloop
endfacet
facet normal 0.000000e+00 0.000000e+00 1.000000e+00
 outer loop
  vertex 1.7000000e-02 -0.0000000e+00 4.5000000e-02
  vertex -4.1306630e-03 -1.6490532e-02 4.5000000e-02
  vertex -3.3165355e-03 -1.6673350e-02 4.5000000e-02
 endloop
endfacet
facet normal 0.000000e+00 0.000000e+00 1.000000e+00
 outer loop
  vertex 1.7000000e-02 -0.0000000e+00 4.5000000e-02
  vertex -4.9348392e-03 -1.6267984e-02 4.5000000e-02
  vertex -4.1306630e-03 -1.6490532e-02 4.5000000e-02
 endloop
endfacet
facet normal 0.000000e+00 0.000000e+00 1.000000e+00
 outer loop
  vertex 1.7000000e-02 -0.0000000e+00 4.5000000e-02
  vertex -5.7271276e-03 -1.6006250e-02 4.5000000e-02
  vertex -4.9348392e-03 -1.6267984e-02 4.5000000e-02
 endloop
endfacet
facet normal 0.000000e+00 0.000000e+00 1.000000e+00
 outer loop
  vertex 1.7000000e-02 -0.0000000e+00 4.5000000e-02
  vertex -6.5056186e-03 -1.5705953e-02 4.5000000e-02
  vertex -5.7271276e-03 -1.6006250e-02 4.5000000e-02
 endloop
endfacet
facet normal 0.000000e+00 0.000000e+00 1.000000e+00
 outer loop
  vertex 1.7000000e-02 -0.0000000e+00 4.5000000e-02
  vertex -7.2684370e-03 -1.5367818e-02 4.5000000e-02
  vertex -6.5056186e-03 -1.5705953e-02 4.5000000e-02
 endloop
endfacet
facet normal 0.000000e+00 0.000000e+00 1.000000e+00
 outer loop
  vertex 1.7000000e-02 -0.0000000e+00 4.5000000e-02
  vertex -8.0137450e-03 -1.4992661e-02 4.5000000e-02
  vertex -7.2684370e-03 -1.5367818e-02 4.5000000e-02
 endloop
endfacet
facet normal 0.000000e+00 0.000000e+00 1.000000e+00
 outer loop
  vertex 1.7000000e-02 -0.0000000e+00 4.5000000e-02
  vertex -8.7397470e-03 -1.4581386e-02 4.5000000e-02
  vertex -8.0137450e-03 -1.4992661e-02 4.5000000e-02
 endloop
endfacet
facet normal 0.000000e+00 0.000000e+00 1.000000e+00
 outer loop
  vertex 1.7000000e-02 -0.0000000e+00 4.5000000e-02
  vertex -9.4446940e-03 -1.4134983e-02 4.5000000e-02
  vertex -8.7397470e-03 -1.4581386e-02 4.5000000e-02
 endloop
endfacet
facet normal 0.000000e+00 0.000000e+00 1.000000e+00
 outer loop
  vertex 1.7000000e-02 -0.0000000e+00 4.5000000e-02
  vertex -1.0126888e-02 -1.3654529e-02 4.5000000e-02
  vertex -9.4446940e-03 -1.4134983e-02 4.5000000e-02
 endloop
endfacet
facet normal 0.000000e+00 0.000000e+00 1.000000e+00
 outer loop
  vertex 1.7000000e-02 -0.0000000e+00 4.5000000e-02
  vertex -1.0784685e-02 -1.3141177e-02 4.5000000e-02
  vertex -1.0126888e-02 -1.3654529e-02 4.5000000e-02
 endloop
endfacet
facet normal 0.000000e+00 0.000000e+00 1.000000e+00
 outer loop
  vertex 1.7000000e-02 -0.0000000e+00 4.5000000e-02
  vertex -1.1416502e-02 -1.2596169e-02 4.5000000e-02
  vertex -1.0784685e-02 -1.3141177e-02 4.5000000e-02
 endloop
endfacet
facet normal 0.000000e+00 0.000000e+00 1.000000e+00
 outer loop
  vertex 1.7000000e-02 -0.0000000e+00 4.5000000e-02
  vertex -1.2020815e-02 -1.2020815e-02 4.5000000e-02
  vertex -1.1416502e-02 -1.2596169e-02 4.5000000e-02
 endloop
endfacet
facet normal 0.000000e+00 0.000000e+00 1.000000e+00
 outer loop
  vertex 1.7000000e-02 -0.0000000e+00 4.5000000e-02
  vertex -1.2596169e-02 -1.1416502e-02 4.5000000e-02
  vertex -1.2020815e-02 -1.2020815e-02 4.5000000e-02
 endloop
endfacet
facet normal 0.000000e+00 0.000000e+00 1.000000e+00
 outer loop
  vertex 1.7000000e-02 -0.0000000e+00 4.5000000e-02
  vertex -1.3141177e-02 -1.0784685e-02 4.5000000e-02
  vertex -1.2596169e-02 -1.1416502e-02 4.5000000e-02
 endloop
endfacet
facet normal 0.000000e+00 0.000000e+00 1.000000e+00
 outer loop
  vertex 1.7000000e-02 -0.0000000e+00 4.5000000e-02
  vertex -1.3654529e-02 -1.0126888e-02 4.5000000e-02
  vertex -1.3141177e-02 -1.0784685e-02 4.5000000e-02
 endloop
endfacet
facet normal 0.000000e+00 0.000000e+00 1.000000e+00
 outer loop
  vertex 1.7000000e-02 -0.0000000e+00 4.5000000e-02
  vertex -1.4134983e-02 -9.4446940e-03 4.5000000e-02
  vertex -1.3654529e-02 -1.0126888e-02 4.5000000e-02
 endloop
endfacet
facet normal 0.000000e+00 0.000000e+00 1.000000e+00
 outer loop
  vertex 1.7000000e-02 -0.0000000e+00 4.5000000e-02
  vertex -1.4581386e-02 -8.7397470e-03 4.5000000e-02
  vertex -1.4134983e-02 -9.4446940e-03 4.5000000e-02
 endloop
endfacet
facet normal -0.000000e+00 0.000000e+00 1.000000e+00
 outer loop
  vertex -1.5367818e-02 -7.2684370e-03 4.5000000e-02
  vertex -1.4992661e-02 -8.0137450e-03 4.5000000e-02
  vertex 1.7000000e-02 -0.0000000e+00 4.5000000e-02
 endloop
endfacet
facet normal 0.000000e+00 0.000000e+00 1.000000e+00
 outer loop
  vertex 1.7000000e-02 -0.0000000e+00 4.5000000e-02
  vertex -1.4992661e-02 -8.0137450e-03 4.5000000e-02
  vertex -1.4581386e-02 -8.7397470e-03 4.5000000e-02
 endloop
endfacet
facet normal -0.000000e+00 0.000000e+00 1.000000e+00
 outer loop
  vertex -1.5705953e-02 -6.5056186e-03 4.5000000e-02
  vertex -1.5367818e-02 -7.2684370e-03 4.5000000e-02
  vertex 1.7000000e-02 -0.0000000e+00 4.5000000e-02
 endloop
endfacet
facet normal -0.000000e+00 0.000000e+00 1.000000e+00
 outer loop
  vertex -1.6006250e-02 -5.7271276e-03 4.5000000e-02
  vertex -1.5705953e-02 -6.5056186e-03 4.5000000e-02
  vertex 1.7000000e-02 -0.0000000e+00 4.5000000e-02
 endloop
endfacet
facet normal -0.000000e+00 0.000000e+00 1.000000e+00
 outer loop
  vertex -1.6267984e-02 -4.9348392e-03 4.5000000e-02
  vertex -1.6006250e-02 -5.7271276e-03 4.5000000e-02
  vertex 1.7000000e-02 -0.0000000e+00 4.5000000e-02
 endloop
endfacet
facet normal -0.000000e+00 0.000000e+00 1.000000e+00
 outer loop
  vertex -1.6490532e-02 -4.1306630e-03 4.5000000e-02
  vertex -1.6267984e-02 -4.9348392e-03 4.5000000e-02
  vertex 1.7000000e-02 -0.0000000e+00 4.5000000e-02
 endloop
endfacet
facet normal -0.000000e+00 0.000000e+00 1.000000e+00
 outer loop
  vertex -1.6673350e-02 -3.3165355e-03 4.5000000e-02
  vertex -1.6490532e-02 -4.1306630e-03 4.5000000e-02
  vertex 1.7000000e-02 -0.0000000e+00 4.5000000e-02
 endloop
endfacet
facet normal -0.000000e+00 0.000000e+00 1.000000e+00
 outer loop
  vertex -1.6816002e-02 -2.4944181e-03 4.5000000e-02
  vertex -1.6673350e-02 -3.3165355e-03 4.5000000e-02
  vertex 1.7000000e-02 -0.0000000e+00 4.5000000e-02
 endloop
endfacet
facet normal -0.000000e+00 0.000000e+00 1.000000e+00
 outer loop
  vertex -1.6918140e-02 -1.6662914e-03 4.5000000e-02
  vertex -1.6816002e-02 -2.4944181e-03 4.5000000e-02
  vertex 1.7000000e-02 -0.0000000e+00 4.5000000e-02
 endloop
endfacet
facet normal 0.000000e+00 -0.000000e+00 1.000000e+00
 outer loop
  vertex -1.6979523e-02 -8.3415050e-04 4.5000000e-02
  vertex 1.7000000e-02 -0.0000000e+00 4.5000000e-02
  vertex -1.7000000e-02 2.0818996e-18 4.5000000e-02
 endloop
endfacet
facet normal -0.000000e+00 0.000000e+00 1.000000e+00
 outer loop
  vertex -1.7000000e-02 2.0818996e-18 4.5000000e-02
  vertex 1.7000000e-02 -0.0000000e+00 4.5000000e-02
  vertex -1.6979523e-02 8.3415050e-04 4.5000000e-02
 endloop
endfacet
facet normal -0.000000e+00 0.000000e+00 1.000000e+00
 outer loop
  vertex -1.6979523e-02 8.3415050e-04 4.5000000e-02
  vertex 1.7000000e-02 -0.0000000e+00 4.5000000e-02
  vertex -1.6918140e-02 1.6662914e-03 4.5000000e-02
 endloop
endfacet
facet normal -0.000000e+00 0.000000e+00 1.000000e+00
 outer loop
  vertex -1.6918140e-02 1.6662914e-03 4.5000000e-02
  vertex 1.7000000e-02 -0.0000000e+00 4.5000000e-02
  vertex -1.6816002e-02 2.4944181e-03 4.5000000e-02
 endloop
endfacet
facet normal 0.000000e+00 0.000000e+00 1.000000e+00
 outer loop
  vertex 1.7000000e-02 -0.0000000e+00 4.5000000e-02
  vertex -1.6673350e-02 3.3165355e-03 4.5000000e-02
  vertex -1.6816002e-02 2.4944181e-03 4.5000000e-02
 endloop
endfacet
facet normal 0.000000e+00 0.000000e+00 1.000000e+00
 outer loop
  vertex 1.7000000e-02 -0.0000000e+00 4.5000000e-02
  vertex -1.6490532e-02 4.1306630e-03 4.5000000e-02
  vertex -1.6673350e-02 3.3165355e-03 4.5000000e-02
 endloop
endfacet
facet normal 0.000000e+00 0.000000e+00 1.000000e+00
 outer loop
  vertex 1.7000000e-02 -0.0000000e+00 4.5000000e-02
  vertex -1.6267984e-02 4.9348392e-03 4.5000000e-02
  vertex -1.6490532e-02 4.1306630e-03 4.5000000e-02
 endloop
endfacet
facet normal 0.000000e+00 0.000000e+00 1.000000e+00
 outer loop
  vertex 1.7000000e-02 -0.0000000e+00 4.5000000e-02
  vertex -1.6006250e-02 5.7271276e-03 4.5000000e-02
  vertex -1.6267984e-02 4.9348392e-03 4.5000000e-02
 endloop
endfacet
facet normal 0.000000e+00 0.000000e+00 1.000000e+00
 outer loop
  vertex 1.7000000e-02 -0.0000000e+00 4.5000000e-02
  vertex -1.5705953e-02 6.5056186e-03 4.5000000e-02
  vertex -1.6006250e-02 5.7271276e-03 4.5000000e-02
 endloop
endfacet
facet normal 0.000000e+00 0.000000e+00 1.000000e+00
 outer loop
  vertex 1.7000000e-02 -0.0000000e+00 4.5000000e-02
  vertex -1.5367818e-02 7.2684370e-03 4.5000000e-02
  vertex -1.5705953e-02 6.5056186e-03 4.5000000e-02
 endloop
endfacet
facet normal 0.000000e+00 0.000000e+00 1.000000e+00
 outer loop
  vertex 1.7000000e-02 -0.0000000e+00 4.5000000e-02
  vertex -1.4992661e-02 8.0137450e-03 4.5000000e-02
  vertex -1.5367818e-02 7.2684370e-03 4.5000000e-02
 endloop
endfacet
facet normal 0.000000e+00 0.000000e+00 1.000000e+00
 outer loop
  vertex 1.7000000e-02 -0.0000000e+00 4.5000000e-02
  vertex -1.4581386e-02 8.7397470e-03 4.5000000e-02
  vertex -1.4992661e-02 8.0137450e-03 4.5000000e-02
 endloop
endfacet
facet normal 0.000000e+00 0.000000e+00 1.000000e+00
 outer loop
  vertex 1.7000000e-02 -0.0000000e+00 4.5000000e-02
  vertex -1.4134983e-02 9.4446940e-03 4.5000000e-02
  vertex -1.4581386e-02 8.7397470e-03 4.5000000e-02
 endloop
endfacet
facet normal 0.000000e+00 0.000000e+00 1.000000e+00
 outer loop
  vertex 1.7000000e-02 -0.0000000e+00 4.5000000e-02
  vertex -1.3654529e-02 1.0126888e-02 4.5000000e-02
  vertex -1.4134983e-02 9.4446940e-03 4.5000000e-02
 endloop
endfacet
facet normal 0.000000e+00 0.000000e+00 1.000000e+00
 outer loop
  vertex 1.7000000e-02 -0.0000000e+00 4.5000000e-02
  vertex -1.3141177e-02 1.0784685e-02 4.5000000e-02
  vertex -1.3654529e-02 1.0126888e-02 4.5000000e-02
 endloop
endfacet
facet normal 0.000000e+00 0.000000e+00 1.000000e+00
 outer loop
  vertex 1.7000000e-02 -0.0000000e+00 4.5000000e-02
  vertex -1.2596169e-02 1.1416502e-02 4.5000000e-02
  vertex -1.3141177e-02 1.0784685e-02 4.5000000e-02
 endloop
endfacet
facet normal 0.000000e+00 0.000000e+00 1.000000e+00
 outer loop
  vertex 1.7000000e-02 -0.0000000e+00 4.5000000e-02
  vertex -1.2020815e-02 1.2020815e-02 4.5000000e-02
  vertex -1.2596169e-02 1.1416502e-02 4.5000000e-02
 endloop
endfacet
facet normal 0.000000e+00 0.000000e+00 1.000000e+00
 outer loop
  vertex 1.7000000e-02 -0.0000000e+00 4.5000000e-02
  vertex -1.1416502e-02 1.2596169e-02 4.5000000e-02
  vertex -1.2020815e-02 1.2020815e-02 4.5000000e-02
 endloop
endfacet
facet normal 0.000000e+00 0.000000e+00 1.000000e+00
 outer loop
  vertex 1.7000000e-02 -0.0000000e+00 4.5000000e-02
  vertex -1.0784685e-02 1.3141177e-02 4.5000000e-02
  vertex -1.1416502e-02 1.2596169e-02 4.5000000e-02
 endloop
endfacet
facet normal 0.000000e+00 0.000000e+00 1.000000e+00
 outer loop
  vertex 1.7000000e-02 -0.0000000e+00 4.5000000e-02
  vertex -1.0126888e-02 1.3654529e-02 4.5000000e-02
  vertex -1.0784685e-02 1.3141177e-02 4.5000000e-02
 endloop
endfacet
facet normal 0.000000e+00 0.000000e+00 1.000000e+00
 outer loop
  vertex 1.7000000e-02 -0.0000000e+00 4.5000000e-02
  vertex -9.4446940e-03 1.4134983e-02 4.5000000e-02
  vertex -1.0126888e-02 1.3654529e-02 4.5000000e-02
 endloop
endfacet
facet normal 0.000000e+00 0.000000e+00 1.000000e+00
 outer loop
  vertex 1.7000000e-02 -0.0000000e+00 4.5000000e-02
  vertex -8.7397470e-03 1.4581386e-02 4.5000000e-02
  vertex -9.4446940e-03 1.4134983e-02 4.5000000e-02
 endloop
endfacet
facet normal 0.000000e+00 0.000000e+00 1.000000e+00
 outer loop
  vertex -7.2684370e-03 1.5367818e-02 4.5000000e-02
  vertex -8.0137450e-03 1.4992661e-02 4.5000000e-02
  vertex 1.7000000e-02 -0.0000000e+00 4.5000000e-02
 endloop
endfacet
facet normal 0.000000e+00 0.000000e+00 1.000000e+00
 outer loop
  vertex 1.7000000e-02 -0.0000000e+00 4.5000000e-02
  vertex -8.0137450e-03 1.4992661e-02 4.5000000e-02
  vertex -8.7397470e-03 1.4581386e-02 4.5000000e-02
 endloop
endfacet
facet normal 0.000000e+00 0.000000e+00 1.000000e+00
 outer loop
  vertex -6.5056186e-03 1.5705953e-02 4.5000000e-02
  vertex -7.2684370e-03 1.5367818e-02 4.5000000e-02
  vertex 1.7000000e-02 -0.0000000e+00 4.5000000e-02
 endloop
endfacet
facet normal 0.000000e+00 0.000000e+00 1.000000e+00
 outer loop
  vertex -5.7271276e-03 1.6006250e-02 4.5000000e-02
  vertex -6.5056186e-03 1.5705953e-02 4.5000000e-02
  vertex 1.7000000e-02 -0.0000000e+00 4.5000000e-02
 endloop
endfacet
facet normal 0.000000e+00 0.000000e+00 1.000000e+00
 outer loop
  vertex -4.9348392e-03 1.6267984e-02 4.5000000e-02
  vertex -5.7271276e-03 1.6006250e-02 4.5000000e-02
  vertex 1.7000000e-02 -0.0000000e+00 4.5000000e-02
 endloop
endfacet
facet normal 0.000000e+00 0.000000e+00 1.000000e+00
 outer loop
  vertex -4.1306630e-03 1.6490532e-02 4.5000000e-02
  vertex -4.9348392e-03 1.6267984e-02 4.5000000e-02
  vertex 1.7000000e-02 -0.0000000e+00 4.5000000e-02
 endloop
endfacet
facet normal 0.000000e+00 0.000000e+00 1.000000e+00
 outer loop
  vertex -3.3165355e-03 1.6673350e-02 4.5000000e-02
  vertex -4.1306630e-03 1.6490532e-02 4.5000000e-02
  vertex 1.7000000e-02 -0.0000000e+00 4.5000000e-02
 endloop
endfacet
facet normal 0.000000e+00 0.000000e+00 1.000000e+00
 outer loop
  vertex -2.4944181e-03 1.6816002e-02 4.5000000e-02
  vertex -3.3165355e-03 1.6673350e-02 4.5000000e-02
  vertex 1.7000000e-02 -0.0000000e+00 4.5000000e-02
 endloop
endfacet
facet normal 0.000000e+00 0.000000e+00 1.000000e+00
 outer loop
  vertex -1.6662914e-03 1.6918140e-02 4.5000000e-02
  vertex -2.4944181e-03 1.6816002e-02 4.5000000e-02
  vertex 1.7000000e-02 -0.0000000e+00 4.5000000e-02
 endloop
endfacet
facet normal 0.000000e+00 0.000000e+00 1.000000e+00
 outer loop
  vertex -8.3415050e-04 1.6979523e-02 4.5000000e-02
  vertex -1.6662914e-03 1.6918140e-02 4.5000000e-02
  vertex 1.7000000e-02 -0.0000000e+00 4.5000000e-02
 endloop
endfacet
facet normal 0.000000e+00 0.000000e+00 1.000000e+00
 outer loop
  vertex 1.0409498e-18 1.7000000e-02 4.5000000e-02
  vertex -8.3415050e-04 1.6979523e-02 4.5000000e-02
  vertex 1.7000000e-02 -0.0000000e+00 4.5000000e-02
 endloop
endfacet
facet normal 0.000000e+00 0.000000e+00 1.000000e+00
 outer loop
  vertex 8.3415050e-04 1.6979523e-02 4.5000000e-02
  vertex 1.0409498e-18 1.7000000e-02 4.5000000e-02
  vertex 1.7000000e-02 -0.0000000e+00 4.5000000e-02
 endloop
endfacet
facet normal 0.000000e+00 0.000000e+00 1.000000e+00
 outer loop
  vertex 1.6662914e-03 1.6918140e-02 4.5000000e-02
  vertex 8.3415050e-04 1.6979523e-02 4.5000000e-02
  vertex 1.7000000e-02 -0.0000000e+00 4.5000000e-02
 endloop
endfacet
facet normal 0.000000e+00 0.000000e+00 1.000000e+00
 outer loop
  vertex 1.6662914e-03 1.6918140e-02 4.5000000e-02
  vertex 1.7000000e-02 -0.0000000e+00 4.5000000e-02
  vertex 2.4944181e-03 1.6816002e-02 4.5000000e-02
 endloop
endfacet
facet normal 0.000000e+00 0.000000e+00 1.000000e+00
 outer loop
  vertex 2.4944181e-03 1.6816002e-02 4.5000000e-02
  vertex 1.7000000e-02 -0.0000000e+00 4.5000000e-02
  vertex 3.3165355e-03 1.6673350e-02 4.5000000e-02
 endloop
endfacet
facet normal 0.000000e+00 0.000000e+00 1.000000e+00
 outer loop
  vertex 3.3165355e-03 1.6673350e-02 4.5000000e-02
  vertex 1.7000000e-02 -0.0000000e+00 4.5000000e-02
  vertex 4.1306630e-03 1.6490532e-02 4.5000000e-02
 endloop
endfacet
facet normal 0.000000e+00 0.000000e+00 1.000000e+00
 outer loop
  vertex 4.1306630e-03 1.6490532e-02 4.5000000e-02
  vertex 1.7000000e-02 -0.0000000e+00 4.5000000e-02
  vertex 4.9348392e-03 1.6267984e-02 4.5000000e-02
 endloop
endfacet
facet normal 0.000000e+00 0.000000e+00 1.000000e+00
 outer loop
  vertex 4.9348392e-03 1.6267984e-02 4.5000000e-02
  vertex 1.7000000e-02 -0.0000000e+00 4.5000000e-02
  vertex 5.7271276e-03 1.6006250e-02 4.5000000e-02
 endloop
endfacet
facet normal 0.000000e+00 0.000000e+00 1.000000e+00
 outer loop
  vertex 5.7271276e-03 1.6006250e-02 4.5000000e-02
  vertex 1.7000000e-02 -0.0000000e+00 4.5000000e-02
  vertex 6.5056186e-03 1.5705953e-02 4.5000000e-02
 endloop
endfacet
facet normal 0.000000e+00 0.000000e+00 1.000000e+00
 outer loop
  vertex 6.5056186e-03 1.5705953e-02 4.5000000e-02
  vertex 1.7000000e-02 -0.0000000e+00 4.5000000e-02
  vertex 7.2684370e-03 1.5367818e-02 4.5000000e-02
 endloop
endfacet
facet normal 0.000000e+00 0.000000e+00 1.000000e+00
 outer loop
  vertex 7.2684370e-03 1.5367818e-02 4.5000000e-02
  vertex 1.7000000e-02 -0.0000000e+00 4.5000000e-02
  vertex 8.0137450e-03 1.4992661e-02 4.5000000e-02
 endloop
endfacet
facet normal 0.000000e+00 0.000000e+00 1.000000e+00
 outer loop
  vertex 8.0137450e-03 1.4992661e-02 4.5000000e-02
  vertex 1.7000000e-02 -0.0000000e+00 4.5000000e-02
  vertex 8.7397470e-03 1.4581386e-02 4.5000000e-02
 endloop
endfacet
facet normal 0.000000e+00 0.000000e+00 1.000000e+00
 outer loop
  vertex 8.7397470e-03 1.4581386e-02 4.5000000e-02
  vertex 1.7000000e-02 -0.0000000e+00 4.5000000e-02
  vertex 9.4446940e-03 1.4134983e-02 4.5000000e-02
 endloop
endfacet
facet normal 0.000000e+00 0.000000e+00 1.000000e+00
 outer loop
  vertex 9.4446940e-03 1.4134983e-02 4.5000000e-02
  vertex 1.7000000e-02 -0.0000000e+00 4.5000000e-02
  vertex 1.0126888e-02 1.3654529e-02 4.5000000e-02
 endloop
endfacet
facet normal 0.000000e+00 0.000000e+00 1.000000e+00
 outer loop
  vertex 1.0126888e-02 1.3654529e-02 4.5000000e-02
  vertex 1.7000000e-02 -0.0000000e+00 4.5000000e-02
  vertex 1.0784685e-02 1.3141177e-02 4.5000000e-02
 endloop
endfacet
facet normal 0.000000e+00 0.000000e+00 1.000000e+00
 outer loop
  vertex 1.0784685e-02 1.3141177e-02 4.5000000e-02
  vertex 1.7000000e-02 -0.0000000e+00 4.5000000e-02
  vertex 1.1416502e-02 1.2596169e-02 4.5000000e-02
 endloop
endfacet
facet normal 0.000000e+00 0.000000e+00 1.000000e+00
 outer loop
  vertex 1.1416502e-02 1.2596169e-02 4.5000000e-02
  vertex 1.7000000e-02 -0.0000000e+00 4.5000000e-02
  vertex 1.2020815e-02 1.2020815e-02 4.5000000e-02
 endloop
endfacet
facet normal 0.000000e+00 0.000000e+00 1.000000e+00
 outer loop
  vertex 1.2020815e-02 1.2020815e-02 4.5000000e-02
  vertex 1.7000000e-02 -0.0000000e+00 4.5000000e-02
  vertex 1.2596169e-02 1.1416502e-02 4.5000000e-02
 endloop
endfacet
facet normal 0.000000e+00 0.000000e+00 1.000000e+00
 outer loop
  vertex 1.2596169e-02 1.1416502e-02 4.5000000e-02
  vertex 1.7000000e-02 -0.0000000e+00 4.5000000e-02
  vertex 1.3141177e-02 1.0784685e-02 4.5000000e-02
 endloop
endfacet
facet normal 0.000000e+00 0.000000e+00 1.000000e+00
 outer loop
  vertex 1.3141177e-02 1.0784685e-02 4.5000000e-02
  vertex 1.7000000e-02 -0.0000000e+00 4.5000000e-02
  vertex 1.3654529e-02 1.0126888e-02 4.5000000e-02
 endloop
endfacet
facet normal 0.000000e+00 0.000000e+00 1.000000e+00
 outer loop
  vertex 1.3654529e-02 1.0126888e-02 4.5000000e-02
  vertex 1.7000000e-02 -0.0000000e+00 4.5000000e-02
  vertex 1.4134983e-02 9.4446940e-03 4.5000000e-02
 endloop
endfacet
facet normal 0.000000e+00 0.000000e+00 1.000000e+00
 outer loop
  vertex 1.7000000e-02 -0.0000000e+00 4.5000000e-02
  vertex 1.4992661e-02 8.0137450e-03 4.5000000e-02
  vertex 1.4581386e-02 8.7397470e-03 4.5000000e-02
 endloop
endfacet
facet normal 0.000000e+00 0.000000e+00 1.000000e+00
 outer loop
  vertex 1.4134983e-02 9.4446940e-03 4.5000000e-02
  vertex 1.7000000e-02 -0.0000000e+00 4.5000000e-02
  vertex 1.4581386e-02 8.7397470e-03 4.5000000e-02
 endloop
endfacet
facet normal 0.000000e+00 0.000000e+00 1.000000e+00
 outer loop
  vertex 1.7000000e-02 -0.0000000e+00 4.5000000e-02
  vertex 1.5367818e-02 7.2684370e-03 4.5000000e-02
  vertex 1.4992661e-02 8.0137450e-03 4.5000000e-02
 endloop
endfacet
facet normal 0.000000e+00 0.000000e+00 1.000000e+00
 outer loop
  vertex 1.7000000e-02 -0.0000000e+00 4.5000000e-02
  vertex 1.5705953e-02 6.5056186e-03 4.5000000e-02
  vertex 1.5367818e-02 7.2684370e-03 4.5000000e-02
 endloop
endfacet
facet normal 0.000000e+00 0.000000e+00 1.000000e+00
 outer loop
  vertex 1.7000000e-02 -0.0000000e+00 4.5000000e-02
  vertex 1.6006250e-02 5.7271276e-03 4.5000000e-02
  vertex 1.5705953e-02 6.5056186e-03 4.5000000e-02
 endloop
endfacet
facet normal 0.000000e+00 0.000000e+00 1.000000e+00
 outer loop
  vertex 1.7000000e-02 -0.0000000e+00 4.5000000e-02
  vertex 1.6267984e-02 4.9348392e-03 4.5000000e-02
  vertex 1.6006250e-02 5.7271276e-03 4.5000000e-02
 endloop
endfacet
facet normal 0.000000e+00 0.000000e+00 1.000000e+00
 outer loop
  vertex 1.7000000e-02 -0.0000000e+00 4.5000000e-02
  vertex 1.6490532e-02 4.1306630e-03 4.5000000e-02
  vertex 1.6267984e-02 4.9348392e-03 4.5000000e-02
 endloop
endfacet
facet normal 0.000000e+00 0.000000e+00 1.000000e+00
 outer loop
  vertex 1.7000000e-02 -0.0000000e+00 4.5000000e-02
  vertex 1.6673350e-02 3.3165355e-03 4.5000000e-02
  vertex 1.6490532e-02 4.1306630e-03 4.5000000e-02
 endloop
endfacet
facet normal 0.000000e+00 0.000000e+00 1.000000e+00
 outer loop
  vertex 1.7000000e-02 -0.0000000e+00 4.5000000e-02
  vertex 1.6816002e-02 2.4944181e-03 4.5000000e-02
  vertex 1.6673350e-02 3.3165355e-03 4.5000000e-02
 endloop
endfacet
facet normal 0.000000e+00 0.000000e+00 1.000000e+00
 outer loop
  vertex 1.7000000e-02 -0.0000000e+00 4.5000000e-02
  vertex 1.6918140e-02 1.6662914e-03 4.5000000e-02
  vertex 1.6816002e-02 2.4944181e-03 4.5000000e-02
 endloop
endfacet
facet normal 0.000000e+00 0.000000e+00 1.000000e+00
 outer loop
  vertex 1.7000000e-02 -0.0000000e+00 4.5000000e-02
  vertex 1.6979523e-02 8.3415050e-04 4.5000000e-02
  vertex 1.6918140e-02 1.6662914e-03 4.5000000e-02
 endloop
endfacet
facet normal -0.000000e+00 0.000000e+00 1.000000e+00
 outer loop
  vertex -1.6979523e-02 -8.3415050e-04 4.5000000e-02
  vertex -1.6918140e-02 -1.6662914e-03 4.5000000e-02
  vertex 1.7000000e-02 -0.0000000e+00 4.5000000e-02
 endloop
endfacet
facet normal -9.972904e-01 7.356528e-02 0.000000e+00
 outer loop
  vertex -1.6979523e-02 8.3415050e-04 2.7000000e-02
  vertex -1.6979523e-02 8.3415050e-04 4.5000000e-02
  vertex -1.6918140e-02 1.6662914e-03 2.7000000e-02
 endloop
endfacet
facet normal -9.924798e-01 1.224087e-01 0.000000e+00
 outer loop
  vertex -1.6918140e-02 1.6662914e-03 2.7000000e-02
  vertex -1.6918140e-02 1.6662914e-03 4.5000000e-02
  vertex -1.6816002e-02 2.4944181e-03 2.7000000e-02
 endloop
endfacet
facet normal -9.924798e-01 1.224087e-01 0.000000e+00
 outer loop
  vertex -1.6816002e-02 2.4944181e-03 2.7000000e-02
  vertex -1.6918140e-02 1.6662914e-03 4.5000000e-02
  vertex -1.6816002e-02 2.4944181e-03 4.5000000e-02
 endloop
endfacet
facet normal -9.852774e-01 1.709632e-01 0.000000e+00
 outer loop
  vertex -1.6673350e-02 3.3165355e-03 2.7000000e-02
  vertex -1.6816002e-02 2.4944181e-03 4.5000000e-02
  vertex -1.6673350e-02 3.3165355e-03 4.5000000e-02
 endloop
endfacet
facet normal -9.757022e-01 2.191007e-01 0.000000e+00
 outer loop
  vertex -1.6490532e-02 4.1306630e-03 2.7000000e-02
  vertex -1.6673350e-02 3.3165355e-03 2.7000000e-02
  vertex -1.6673350e-02 3.3165355e-03 4.5000000e-02
 endloop
endfacet
facet normal -9.637753e-01 2.667155e-01 0.000000e+00
 outer loop
  vertex -1.6267984e-02 4.9348392e-03 2.7000000e-02
  vertex -1.6490532e-02 4.1306630e-03 2.7000000e-02
  vertex -1.6490532e-02 4.1306630e-03 4.5000000e-02
 endloop
endfacet
facet normal -9.637753e-01 2.667155e-01 0.000000e+00
 outer loop
  vertex -1.6267984e-02 4.9348392e-03 4.5000000e-02
  vertex -1.6267984e-02 4.9348392e-03 2.7000000e-02
  vertex -1.6490532e-02 4.1306630e-03 4.5000000e-02
 endloop
endfacet
facet normal -9.495292e-01 3.136788e-01 0.000000e+00
 outer loop
  vertex -1.6006250e-02 5.7271276e-03 4.5000000e-02
  vertex -1.6006250e-02 5.7271276e-03 2.7000000e-02
  vertex -1.6267984e-02 4.9348392e-03 4.5000000e-02
 endloop
endfacet
facet normal -9.329928e-01 3.598949e-01 0.000000e+00
 outer loop
  vertex -1.6006250e-02 5.7271276e-03 4.5000000e-02
  vertex -1.5705953e-02 6.5056186e-03 2.7000000e-02
  vertex -1.6006250e-02 5.7271276e-03 2.7000000e-02
 endloop
endfacet
facet normal -9.142094e-01 4.052422e-01 0.000000e+00
 outer loop
  vertex -1.5705953e-02 6.5056186e-03 4.5000000e-02
  vertex -1.5367818e-02 7.2684370e-03 2.7000000e-02
  vertex -1.5705953e-02 6.5056186e-03 2.7000000e-02
 endloop
endfacet
facet normal -9.142094e-01 4.052422e-01 0.000000e+00
 outer loop
  vertex -1.5705953e-02 6.5056186e-03 4.5000000e-02
  vertex -1.5367818e-02 7.2684370e-03 4.5000000e-02
  vertex -1.5367818e-02 7.2684370e-03 2.7000000e-02
 endloop
endfacet
facet normal -8.932241e-01 4.496118e-01 0.000000e+00
 outer loop
  vertex -1.5367818e-02 7.2684370e-03 4.5000000e-02
  vertex -1.4992661e-02 8.0137450e-03 4.5000000e-02
  vertex -1.4992661e-02 8.0137450e-03 2.7000000e-02
 endloop
endfacet
facet normal -8.700870e-01 4.928981e-01 0.000000e+00
 outer loop
  vertex -1.4992661e-02 8.0137450e-03 2.7000000e-02
  vertex -1.4992661e-02 8.0137450e-03 4.5000000e-02
  vertex -1.4581386e-02 8.7397470e-03 2.7000000e-02
 endloop
endfacet
facet normal -8.448534e-01 5.349978e-01 0.000000e+00
 outer loop
  vertex -1.4581386e-02 8.7397470e-03 2.7000000e-02
  vertex -1.4581386e-02 8.7397470e-03 4.5000000e-02
  vertex -1.4134983e-02 9.4446940e-03 2.7000000e-02
 endloop
endfacet
facet normal -8.448534e-01 5.349978e-01 0.000000e+00
 outer loop
  vertex -1.4134983e-02 9.4446940e-03 2.7000000e-02
  vertex -1.4581386e-02 8.7397470e-03 4.5000000e-02
  vertex -1.4134983e-02 9.4446940e-03 4.5000000e-02
 endloop
endfacet
facet normal -8.175855e-01 5.758072e-01 0.000000e+00
 outer loop
  vertex -1.3654529e-02 1.0126888e-02 2.7000000e-02
  vertex -1.4134983e-02 9.4446940e-03 4.5000000e-02
  vertex -1.3654529e-02 1.0126888e-02 4.5000000e-02
 endloop
endfacet
facet normal -7.883452e-01 6.152332e-01 0.000000e+00
 outer loop
  vertex -1.3141177e-02 1.0784685e-02 2.7000000e-02
  vertex -1.3654529e-02 1.0126888e-02 2.7000000e-02
  vertex -1.3654529e-02 1.0126888e-02 4.5000000e-02
 endloop
endfacet
facet normal -7.572095e-01 6.531721e-01 0.000000e+00
 outer loop
  vertex -1.2596169e-02 1.1416502e-02 2.7000000e-02
  vertex -1.3141177e-02 1.0784685e-02 2.7000000e-02
  vertex -1.3141177e-02 1.0784685e-02 4.5000000e-02
 endloop
endfacet
facet normal -7.572095e-01 6.531721e-01 0.000000e+00
 outer loop
  vertex -1.2596169e-02 1.1416502e-02 4.5000000e-02
  vertex -1.2596169e-02 1.1416502e-02 2.7000000e-02
  vertex -1.3141177e-02 1.0784685e-02 4.5000000e-02
 endloop
endfacet
facet normal -7.242470e-01 6.895407e-01 0.000000e+00
 outer loop
  vertex -1.2020815e-02 1.2020815e-02 4.5000000e-02
  vertex -1.2020815e-02 1.2020815e-02 2.7000000e-02
  vertex -1.2596169e-02 1.1416502e-02 4.5000000e-02
 endloop
endfacet
facet normal -6.895407e-01 7.242470e-01 0.000000e+00
 outer loop
  vertex -1.2020815e-02 1.2020815e-02 4.5000000e-02
  vertex -1.1416502e-02 1.2596169e-02 2.7000000e-02
  vertex -1.2020815e-02 1.2020815e-02 2.7000000e-02
 endloop
endfacet
facet normal -6.531721e-01 7.572095e-01 0.000000e+00
 outer loop
  vertex -1.1416502e-02 1.2596169e-02 4.5000000e-02
  vertex -1.0784685e-02 1.3141177e-02 2.7000000e-02
  vertex -1.1416502e-02 1.2596169e-02 2.7000000e-02
 endloop
endfacet
facet normal -6.531721e-01 7.572095e-01 0.000000e+00
 outer loop
  vertex -1.1416502e-02 1.2596169e-02 4.5000000e-02
  vertex -1.0784685e-02 1.3141177e-02 4.5000000e-02
  vertex -1.0784685e-02 1.3141177e-02 2.7000000e-02
 endloop
endfacet
facet normal -6.152332e-01 7.883452e-01 0.000000e+00
 outer loop
  vertex -1.0784685e-02 1.3141177e-02 4.5000000e-02
  vertex -1.0126888e-02 1.3654529e-02 4.5000000e-02
  vertex -1.0126888e-02 1.3654529e-02 2.7000000e-02
 endloop
endfacet
facet normal -5.758072e-01 8.175855e-01 0.000000e+00
 outer loop
  vertex -1.0126888e-02 1.3654529e-02 2.7000000e-02
  vertex -1.0126888e-02 1.3654529e-02 4.5000000e-02
  vertex -9.4446940e-03 1.4134983e-02 2.7000000e-02
 endloop
endfacet
facet normal -5.349978e-01 8.448534e-01 0.000000e+00
 outer loop
  vertex -9.4446940e-03 1.4134983e-02 2.7000000e-02
  vertex -9.4446940e-03 1.4134983e-02 4.5000000e-02
  vertex -8.7397470e-03 1.4581386e-02 2.7000000e-02
 endloop
endfacet
facet normal -5.349978e-01 8.448534e-01 0.000000e+00
 outer loop
  vertex -8.7397470e-03 1.4581386e-02 2.7000000e-02
  vertex -9.4446940e-03 1.4134983e-02 4.5000000e-02
  vertex -8.7397470e-03 1.4581386e-02 4.5000000e-02
 endloop
endfacet
facet normal -4.928981e-01 8.700870e-01 0.000000e+00
 outer loop
  vertex -8.0137450e-03 1.4992661e-02 2.7000000e-02
  vertex -8.7397470e-03 1.4581386e-02 4.5000000e-02
  vertex -8.0137450e-03 1.4992661e-02 4.5000000e-02
 endloop
endfacet
facet normal -4.496118e-01 8.932241e-01 0.000000e+00
 outer loop
  vertex -7.2684370e-03 1.5367818e-02 2.7000000e-02
  vertex -8.0137450e-03 1.4992661e-02 2.7000000e-02
  vertex -8.0137450e-03 1.4992661e-02 4.5000000e-02
 endloop
endfacet
facet normal -4.052422e-01 9.142094e-01 0.000000e+00
 outer loop
  vertex -6.5056186e-03 1.5705953e-02 2.7000000e-02
  vertex -7.2684370e-03 1.5367818e-02 2.7000000e-02
  vertex -7.2684370e-03 1.5367818e-02 4.5000000e-02
 endloop
endfacet
facet normal -4.052422e-01 9.142094e-01 0.000000e+00
 outer loop
  vertex -6.5056186e-03 1.5705953e-02 4.5000000e-02
  vertex -6.5056186e-03 1.5705953e-02 2.7000000e-02
  vertex -7.2684370e-03 1.5367818e-02 4.5000000e-02
 endloop
endfacet
facet normal -3.598949e-01 9.329928e-01 0.000000e+00
 outer loop
  vertex -5.7271276e-03 1.6006250e-02 4.5000000e-02
  vertex -5.7271276e-03 1.6006250e-02 2.7000000e-02
  vertex -6.5056186e-03 1.5705953e-02 4.5000000e-02
 endloop
endfacet
facet normal -3.136788e-01 9.495292e-01 0.000000e+00
 outer loop
  vertex -5.7271276e-03 1.6006250e-02 4.5000000e-02
  vertex -4.9348392e-03 1.6267984e-02 2.7000000e-02
  vertex -5.7271276e-03 1.6006250e-02 2.7000000e-02
 endloop
endfacet
facet normal -2.667155e-01 9.637753e-01 0.000000e+00
 outer loop
  vertex -4.9348392e-03 1.6267984e-02 4.5000000e-02
  vertex -4.1306630e-03 1.6490532e-02 2.7000000e-02
  vertex -4.9348392e-03 1.6267984e-02 2.7000000e-02
 endloop
endfacet
facet normal -2.667155e-01 9.637753e-01 0.000000e+00
 outer loop
  vertex -4.9348392e-03 1.6267984e-02 4.5000000e-02
  vertex -4.1306630e-03 1.6490532e-02 4.5000000e-02
  vertex -4.1306630e-03 1.6490532e-02 2.7000000e-02
 endloop
endfacet
facet normal -2.191007e-01 9.757022e-01 0.000000e+00
 outer loop
  vertex -4.1306630e-03 1.6490532e-02 4.5000000e-02
  vertex -3.3165355e-03 1.6673350e-02 4.5000000e-02
  vertex -3.3165355e-03 1.6673350e-02 2.7000000e-02
 endloop
endfacet
facet normal -1.709632e-01 9.852774e-01 0.000000e+00
 outer loop
  vertex -3.3165355e-03 1.6673350e-02 2.7000000e-02
  vertex -3.3165355e-03 1.6673350e-02 4.5000000e-02
  vertex -2.4944181e-03 1.6816002e-02 2.7000000e-02
 endloop
endfacet
facet normal -1.224087e-01 9.924798e-01 0.000000e+00
 outer loop
  vertex -2.4944181e-03 1.6816002e-02 2.7000000e-02
  vertex -2.4944181e-03 1.6816002e-02 4.5000000e-02
  vertex -1.6662914e-03 1.6918140e-02 2.7000000e-02
 endloop
endfacet
facet normal -1.224087e-01 9.924798e-01 0.000000e+00
 outer loop
  vertex -1.6662914e-03 1.6918140e-02 2.7000000e-02
  vertex -2.4944181e-03 1.6816002e-02 4.5000000e-02
  vertex -1.6662914e-03 1.6918140e-02 4.5000000e-02
 endloop
endfacet
facet normal -7.356528e-02 9.972904e-01 0.000000e+00
 outer loop
  vertex -8.3415050e-04 1.6979523e-02 2.7000000e-02
  vertex -1.6662914e-03 1.6918140e-02 4.5000000e-02
  vertex -8.3415050e-04 1.6979523e-02 4.5000000e-02
 endloop
endfacet
facet normal -2.454093e-02 9.996988e-01 0.000000e+00
 outer loop
  vertex 1.0409498e-18 1.7000000e-02 2.7000000e-02
  vertex -8.3415050e-04 1.6979523e-02 2.7000000e-02
  vertex -8.3415050e-04 1.6979523e-02 4.5000000e-02
 endloop
endfacet
facet normal 2.454093e-02 9.996988e-01 0.000000e+00
 outer loop
  vertex 8.3415050e-04 1.6979523e-02 2.7000000e-02
  vertex 1.0409498e-18 1.7000000e-02 2.7000000e-02
  vertex 1.0409498e-18 1.7000000e-02 4.5000000e-02
 endloop
endfacet
facet normal 2.454093e-02 9.996988e-01 0.000000e+00
 outer loop
  vertex 8.3415050e-04 1.6979523e-02 4.5000000e-02
  vertex 8.3415050e-04 1.6979523e-02 2.7000000e-02
  vertex 1.0409498e-18 1.7000000e-02 4.5000000e-02
 endloop
endfacet
facet normal 7.356528e-02 9.972904e-01 0.000000e+00
 outer loop
  vertex 1.6662914e-03 1.6918140e-02 4.5000000e-02
  vertex 1.6662914e-03 1.6918140e-02 2.7000000e-02
  vertex 8.3415050e-04 1.6979523e-02 4.5000000e-02
 endloop
endfacet
facet normal 1.224087e-01 9.924798e-01 0.000000e+00
 outer loop
  vertex 1.6662914e-03 1.6918140e-02 4.5000000e-02
  vertex 2.4944181e-03 1.6816002e-02 2.7000000e-02
  vertex 1.6662914e-03 1.6918140e-02 2.7000000e-02
 endloop
endfacet
facet normal 1.709632e-01 9.852774e-01 0.000000e+00
 outer loop
  vertex 2.4944181e-03 1.6816002e-02 4.5000000e-02
  vertex 3.3165355e-03 1.6673350e-02 2.7000000e-02
  vertex 2.4944181e-03 1.6816002e-02 2.7000000e-02
 endloop
endfacet
facet normal 1.709632e-01 9.852774e-01 0.000000e+00
 outer loop
  vertex 2.4944181e-03 1.6816002e-02 4.5000000e-02
  vertex 3.3165355e-03 1.6673350e-02 4.5000000e-02
  vertex 3.3165355e-03 1.6673350e-02 2.7000000e-02
 endloop
endfacet
facet normal 2.191007e-01 9.757022e-01 0.000000e+00
 outer loop
  vertex 3.3165355e-03 1.6673350e-02 4.5000000e-02
  vertex 4.1306630e-03 1.6490532e-02 4.5000000e-02
  vertex 4.1306630e-03 1.6490532e-02 2.7000000e-02
 endloop
endfacet
facet normal 2.667155e-01 9.637753e-01 -0.000000e+00
 outer loop
  vertex 4.1306630e-03 1.6490532e-02 2.7000000e-02
  vertex 4.1306630e-03 1.6490532e-02 4.5000000e-02
  vertex 4.9348392e-03 1.6267984e-02 2.7000000e-02
 endloop
endfacet
facet normal 3.136788e-01 9.495292e-01 -0.000000e+00
 outer loop
  vertex 4.9348392e-03 1.6267984e-02 2.7000000e-02
  vertex 4.9348392e-03 1.6267984e-02 4.5000000e-02
  vertex 5.7271276e-03 1.6006250e-02 2.7000000e-02
 endloop
endfacet
facet normal 3.136788e-01 9.495292e-01 -0.000000e+00
 outer loop
  vertex 5.7271276e-03 1.6006250e-02 2.7000000e-02
  vertex 4.9348392e-03 1.6267984e-02 4.5000000e-02
  vertex 5.7271276e-03 1.6006250e-02 4.5000000e-02
 endloop
endfacet
facet normal 3.598949e-01 9.329928e-01 -0.000000e+00
 outer loop
  vertex 6.5056186e-03 1.5705953e-02 2.7000000e-02
  vertex 5.7271276e-03 1.6006250e-02 4.5000000e-02
  vertex 6.5056186e-03 1.5705953e-02 4.5000000e-02
 endloop
endfacet
facet normal 4.052422e-01 9.142094e-01 0.000000e+00
 outer loop
  vertex 7.2684370e-03 1.5367818e-02 2.7000000e-02
  vertex 6.5056186e-03 1.5705953e-02 2.7000000e-02
  vertex 6.5056186e-03 1.5705953e-02 4.5000000e-02
 endloop
endfacet
facet normal 4.496118e-01 8.932241e-01 0.000000e+00
 outer loop
  vertex 8.0137450e-03 1.4992661e-02 2.7000000e-02
  vertex 7.2684370e-03 1.5367818e-02 2.7000000e-02
  vertex 7.2684370e-03 1.5367818e-02 4.5000000e-02
 endloop
endfacet
facet normal 4.496118e-01 8.932241e-01 0.000000e+00
 outer loop
  vertex 8.0137450e-03 1.4992661e-02 4.5000000e-02
  vertex 8.0137450e-03 1.4992661e-02 2.7000000e-02
  vertex 7.2684370e-03 1.5367818e-02 4.5000000e-02
 endloop
endfacet
facet normal 4.928981e-01 8.700870e-01 0.000000e+00
 outer loop
  vertex 8.7397470e-03 1.4581386e-02 4.5000000e-02
  vertex 8.7397470e-03 1.4581386e-02 2.7000000e-02
  vertex 8.0137450e-03 1.4992661e-02 4.5000000e-02
 endloop
endfacet
facet normal 5.349978e-01 8.448534e-01 0.000000e+00
 outer loop
  vertex 8.7397470e-03 1.4581386e-02 4.5000000e-02
  vertex 9.4446940e-03 1.4134983e-02 2.7000000e-02
  vertex 8.7397470e-03 1.4581386e-02 2.7000000e-02
 endloop
endfacet
facet normal 5.758072e-01 8.175855e-01 0.000000e+00
 outer loop
  vertex 9.4446940e-03 1.4134983e-02 4.5000000e-02
  vertex 1.0126888e-02 1.3654529e-02 2.7000000e-02
  vertex 9.4446940e-03 1.4134983e-02 2.7000000e-02
 endloop
endfacet
facet normal 5.758072e-01 8.175855e-01 0.000000e+00
 outer loop
  vertex 9.4446940e-03 1.4134983e-02 4.5000000e-02
  vertex 1.0126888e-02 1.3654529e-02 4.5000000e-02
  vertex 1.0126888e-02 1.3654529e-02 2.7000000e-02
 endloop
endfacet
facet normal 6.152332e-01 7.883452e-01 0.000000e+00
 outer loop
  vertex 1.0126888e-02 1.3654529e-02 4.5000000e-02
  vertex 1.0784685e-02 1.3141177e-02 4.5000000e-02
  vertex 1.0784685e-02 1.3141177e-02 2.7000000e-02
 endloop
endfacet
facet normal 6.531721e-01 7.572095e-01 -0.000000e+00
 outer loop
  vertex 1.0784685e-02 1.3141177e-02 2.7000000e-02
  vertex 1.0784685e-02 1.3141177e-02 4.5000000e-02
  vertex 1.1416502e-02 1.2596169e-02 2.7000000e-02
 endloop
endfacet
facet normal 8.175855e-01 5.758072e-01 0.000000e+00
 outer loop
  vertex 1.4134983e-02 9.4446940e-03 4.5000000e-02
  vertex 1.4134983e-02 9.4446940e-03 2.7000000e-02
  vertex 1.3654529e-02 1.0126888e-02 4.5000000e-02
 endloop
endfacet
facet normal 9.495292e-01 3.136788e-01 0.000000e+00
 outer loop
  vertex 1.6006250e-02 5.7271276e-03 4.5000000e-02
  vertex 1.6267984e-02 4.9348392e-03 4.5000000e-02
  vertex 1.6267984e-02 4.9348392e-03 2.7000000e-02
 endloop
endfacet
facet normal 9.637753e-01 2.667155e-01 0.000000e+00
 outer loop
  vertex 1.6267984e-02 4.9348392e-03 4.5000000e-02
  vertex 1.6490532e-02 4.1306630e-03 2.7000000e-02
  vertex 1.6267984e-02 4.9348392e-03 2.7000000e-02
 endloop
endfacet
facet normal 9.996988e-01 2.454093e-02 0.000000e+00
 outer loop
  vertex 1.7000000e-02 -0.0000000e+00 4.5000000e-02
  vertex 1.7000000e-02 -0.0000000e+00 2.7000000e-02
  vertex 1.6979523e-02 8.3415050e-04 4.5000000e-02
 endloop
endfacet
facet normal 9.996988e-01 2.454093e-02 0.000000e+00
 outer loop
  vertex 1.6979523e-02 8.3415050e-04 4.5000000e-02
  vertex 1.7000000e-02 -0.0000000e+00 2.7000000e-02
  vertex 1.6979523e-02 8.3415050e-04 2.7000000e-02
 endloop
endfacet
facet normal 9.972904e-01 7.356528e-02 0.000000e+00
 outer loop
  vertex 1.6918140e-02 1.6662914e-03 4.5000000e-02
  vertex 1.6979523e-02 8.3415050e-04 4.5000000e-02
  vertex 1.6979523e-02 8.3415050e-04 2.7000000e-02
 endloop
endfacet
facet normal 9.972904e-01 7.356528e-02 -0.000000e+00
 outer loop
  vertex 1.6918140e-02 1.6662914e-03 2.7000000e-02
  vertex 1.6918140e-02 1.6662914e-03 4.5000000e-02
  vertex 1.6979523e-02 8.3415050e-04 2.7000000e-02
 endloop
endfacet
facet normal 9.924798e-01 1.224087e-01 -0.000000e+00
 outer loop
  vertex 1.6918140e-02 1.6662914e-03 2.7000000e-02
  vertex 1.6816002e-02 2.4944181e-03 4.5000000e-02
  vertex 1.6918140e-02 1.6662914e-03 4.5000000e-02
 endloop
endfacet
facet normal 9.924798e-01 1.224087e-01 0.000000e+00
 outer loop
  vertex 1.6918140e-02 1.6662914e-03 2.7000000e-02
  vertex 1.6816002e-02 2.4944181e-03 2.7000000e-02
  vertex 1.6816002e-02 2.4944181e-03 4.5000000e-02
 endloop
endfacet
facet normal 9.852774e-01 1.709632e-01 0.000000e+00
 outer loop
  vertex 1.6816002e-02 2.4944181e-03 4.5000000e-02
  vertex 1.6816002e-02 2.4944181e-03 2.7000000e-02
  vertex 1.6673350e-02 3.3165355e-03 4.5000000e-02
 endloop
endfacet
facet normal 9.852774e-01 1.709632e-01 0.000000e+00
 outer loop
  vertex 1.6673350e-02 3.3165355e-03 4.5000000e-02
  vertex 1.6816002e-02 2.4944181e-03 2.7000000e-02
  vertex 1.6673350e-02 3.3165355e-03 2.7000000e-02
 endloop
endfacet
facet normal 9.757022e-01 2.191007e-01 0.000000e+00
 outer loop
  vertex 1.6490532e-02 4.1306630e-03 4.5000000e-02
  vertex 1.6673350e-02 3.3165355e-03 4.5000000e-02
  vertex 1.6673350e-02 3.3165355e-03 2.7000000e-02
 endloop
endfacet
facet normal 9.757022e-01 2.191007e-01 -0.000000e+00
 outer loop
  vertex 1.6490532e-02 4.1306630e-03 2.7000000e-02
  vertex 1.6490532e-02 4.1306630e-03 4.5000000e-02
  vertex 1.6673350e-02 3.3165355e-03 2.7000000e-02
 endloop
endfacet
facet normal 9.637753e-01 2.667155e-01 -0.000000e+00
 outer loop
  vertex 1.6490532e-02 4.1306630e-03 2.7000000e-02
  vertex 1.6267984e-02 4.9348392e-03 4.5000000e-02
  vertex 1.6490532e-02 4.1306630e-03 4.5000000e-02
 endloop
endfacet
facet normal 9.495292e-01 3.136788e-01 0.000000e+00
 outer loop
  vertex 1.6267984e-02 4.9348392e-03 2.7000000e-02
  vertex 1.6006250e-02 5.7271276e-03 2.7000000e-02
  vertex 1.6006250e-02 5.7271276e-03 4.5000000e-02
 endloop
endfacet
facet normal 9.329928e-01 3.598949e-01 0.000000e+00
 outer loop
  vertex 1.6006250e-02 5.7271276e-03 4.5000000e-02
  vertex 1.6006250e-02 5.7271276e-03 2.7000000e-02
  vertex 1.5705953e-02 6.5056186e-03 4.5000000e-02
 endloop
endfacet
facet normal 9.329928e-01 3.598949e-01 0.000000e+00
 outer loop
  vertex 1.5705953e-02 6.5056186e-03 4.5000000e-02
  vertex 1.6006250e-02 5.7271276e-03 2.7000000e-02
  vertex 1.5705953e-02 6.5056186e-03 2.7000000e-02
 endloop
endfacet
facet normal 9.142094e-01 4.052422e-01 0.000000e+00
 outer loop
  vertex 1.5367818e-02 7.2684370e-03 4.5000000e-02
  vertex 1.5705953e-02 6.5056186e-03 4.5000000e-02
  vertex 1.5705953e-02 6.5056186e-03 2.7000000e-02
 endloop
endfacet
facet normal 9.142094e-01 4.052422e-01 -0.000000e+00
 outer loop
  vertex 1.5367818e-02 7.2684370e-03 2.7000000e-02
  vertex 1.5367818e-02 7.2684370e-03 4.5000000e-02
  vertex 1.5705953e-02 6.5056186e-03 2.7000000e-02
 endloop
endfacet
facet normal 8.932241e-01 4.496118e-01 -0.000000e+00
 outer loop
  vertex 1.5367818e-02 7.2684370e-03 2.7000000e-02
  vertex 1.4992661e-02 8.0137450e-03 4.5000000e-02
  vertex 1.5367818e-02 7.2684370e-03 4.5000000e-02
 endloop
endfacet
facet normal 8.932241e-01 4.496118e-01 0.000000e+00
 outer loop
  vertex 1.5367818e-02 7.2684370e-03 2.7000000e-02
  vertex 1.4992661e-02 8.0137450e-03 2.7000000e-02
  vertex 1.4992661e-02 8.0137450e-03 4.5000000e-02
 endloop
endfacet
facet normal 8.700870e-01 4.928981e-01 0.000000e+00
 outer loop
  vertex 1.4992661e-02 8.0137450e-03 4.5000000e-02
  vertex 1.4992661e-02 8.0137450e-03 2.7000000e-02
  vertex 1.4581386e-02 8.7397470e-03 4.5000000e-02
 endloop
endfacet
facet normal 8.700870e-01 4.928981e-01 0.000000e+00
 outer loop
  vertex 1.4581386e-02 8.7397470e-03 4.5000000e-02
  vertex 1.4992661e-02 8.0137450e-03 2.7000000e-02
  vertex 1.4581386e-02 8.7397470e-03 2.7000000e-02
 endloop
endfacet
facet normal 8.448534e-01 5.349978e-01 0.000000e+00
 outer loop
  vertex 1.4134983e-02 9.4446940e-03 4.5000000e-02
  vertex 1.4581386e-02 8.7397470e-03 4.5000000e-02
  vertex 1.4581386e-02 8.7397470e-03 2.7000000e-02
 endloop
endfacet
facet normal 8.448534e-01 5.349978e-01 -0.000000e+00
 outer loop
  vertex 1.4134983e-02 9.4446940e-03 2.7000000e-02
  vertex 1.4134983e-02 9.4446940e-03 4.5000000e-02
  vertex 1.4581386e-02 8.7397470e-03 2.7000000e-02
 endloop
endfacet
facet normal 8.175855e-01 5.758072e-01 -0.000000e+00
 outer loop
  vertex 1.3654529e-02 1.0126888e-02 2.7000000e-02
  vertex 1.3654529e-02 1.0126888e-02 4.5000000e-02
  vertex 1.4134983e-02 9.4446940e-03 2.7000000e-02
 endloop
endfacet
facet normal 7.883452e-01 6.152332e-01 -0.000000e+00
 outer loop
  vertex 1.3654529e-02 1.0126888e-02 2.7000000e-02
  vertex 1.3141177e-02 1.0784685e-02 4.5000000e-02
  vertex 1.3654529e-02 1.0126888e-02 4.5000000e-02
 endloop
endfacet
facet normal 7.883452e-01 6.152332e-01 0.000000e+00
 outer loop
  vertex 1.3654529e-02 1.0126888e-02 2.7000000e-02
  vertex 1.3141177e-02 1.0784685e-02 2.7000000e-02
  vertex 1.3141177e-02 1.0784685e-02 4.5000000e-02
 endloop
endfacet
facet normal 7.572095e-01 6.531721e-01 0.000000e+00
 outer loop
  vertex 1.3141177e-02 1.0784685e-02 4.5000000e-02
  vertex 1.3141177e-02 1.0784685e-02 2.7000000e-02
  vertex 1.2596169e-02 1.1416502e-02 4.5000000e-02
 endloop
endfacet
facet normal 7.572095e-01 6.531721e-01 0.000000e+00
 outer loop
  vertex 1.2596169e-02 1.1416502e-02 4.5000000e-02
  vertex 1.3141177e-02 1.0784685e-02 2.7000000e-02
  vertex 1.2596169e-02 1.1416502e-02 2.7000000e-02
 endloop
endfacet
facet normal 7.242470e-01 6.895407e-01 0.000000e+00
 outer loop
  vertex 1.2020815e-02 1.2020815e-02 4.5000000e-02
  vertex 1.2596169e-02 1.1416502e-02 4.5000000e-02
  vertex 1.2596169e-02 1.1416502e-02 2.7000000e-02
 endloop
endfacet
facet normal 7.242470e-01 6.895407e-01 -0.000000e+00
 outer loop
  vertex 1.2020815e-02 1.2020815e-02 2.7000000e-02
  vertex 1.2020815e-02 1.2020815e-02 4.5000000e-02
  vertex 1.2596169e-02 1.1416502e-02 2.7000000e-02
 endloop
endfacet
facet normal 6.895407e-01 7.242470e-01 -0.000000e+00
 outer loop
  vertex 1.2020815e-02 1.2020815e-02 2.7000000e-02
  vertex 1.1416502e-02 1.2596169e-02 4.5000000e-02
  vertex 1.2020815e-02 1.2020815e-02 4.5000000e-02
 endloop
endfacet
facet normal 6.895407e-01 7.242470e-01 0.000000e+00
 outer loop
  vertex 1.2020815e-02 1.2020815e-02 2.7000000e-02
  vertex 1.1416502e-02 1.2596169e-02 2.7000000e-02
  vertex 1.1416502e-02 1.2596169e-02 4.5000000e-02
 endloop
endfacet
facet normal 6.531721e-01 7.572095e-01 0.000000e+00
 outer loop
  vertex 1.1416502e-02 1.2596169e-02 4.5000000e-02
  vertex 1.1416502e-02 1.2596169e-02 2.7000000e-02
  vertex 1.0784685e-02 1.3141177e-02 4.5000000e-02
 endloop
endfacet
facet normal -9.996988e-01 2.454093e-02 0.000000e+00
 outer loop
  vertex -1.6979523e-02 8.3415050e-04 4.5000000e-02
  vertex -1.6979523e-02 8.3415050e-04 2.7000000e-02
  vertex -1.7000000e-02 2.0818996e-18 2.7000000e-02
 endloop
endfacet
facet normal 6.152332e-01 7.883452e-01 0.000000e+00
 outer loop
  vertex 1.0126888e-02 1.3654529e-02 4.5000000e-02
  vertex 1.0784685e-02 1.3141177e-02 2.7000000e-02
  vertex 1.0126888e-02 1.3654529e-02 2.7000000e-02
 endloop
endfacet
facet normal 5.349978e-01 8.448534e-01 0.000000e+00
 outer loop
  vertex 9.4446940e-03 1.4134983e-02 4.5000000e-02
  vertex 9.4446940e-03 1.4134983e-02 2.7000000e-02
  vertex 8.7397470e-03 1.4581386e-02 4.5000000e-02
 endloop
endfacet
facet normal 4.928981e-01 8.700870e-01 0.000000e+00
 outer loop
  vertex 8.7397470e-03 1.4581386e-02 2.7000000e-02
  vertex 8.0137450e-03 1.4992661e-02 2.7000000e-02
  vertex 8.0137450e-03 1.4992661e-02 4.5000000e-02
 endloop
endfacet
facet normal 4.052422e-01 9.142094e-01 -0.000000e+00
 outer loop
  vertex 7.2684370e-03 1.5367818e-02 2.7000000e-02
  vertex 6.5056186e-03 1.5705953e-02 4.5000000e-02
  vertex 7.2684370e-03 1.5367818e-02 4.5000000e-02
 endloop
endfacet
facet normal 3.598949e-01 9.329928e-01 -0.000000e+00
 outer loop
  vertex 5.7271276e-03 1.6006250e-02 2.7000000e-02
  vertex 5.7271276e-03 1.6006250e-02 4.5000000e-02
  vertex 6.5056186e-03 1.5705953e-02 2.7000000e-02
 endloop
endfacet
facet normal 2.667155e-01 9.637753e-01 0.000000e+00
 outer loop
  vertex 4.1306630e-03 1.6490532e-02 4.5000000e-02
  vertex 4.9348392e-03 1.6267984e-02 4.5000000e-02
  vertex 4.9348392e-03 1.6267984e-02 2.7000000e-02
 endloop
endfacet
facet normal 2.191007e-01 9.757022e-01 0.000000e+00
 outer loop
  vertex 3.3165355e-03 1.6673350e-02 4.5000000e-02
  vertex 4.1306630e-03 1.6490532e-02 2.7000000e-02
  vertex 3.3165355e-03 1.6673350e-02 2.7000000e-02
 endloop
endfacet
facet normal 1.224087e-01 9.924798e-01 0.000000e+00
 outer loop
  vertex 2.4944181e-03 1.6816002e-02 4.5000000e-02
  vertex 2.4944181e-03 1.6816002e-02 2.7000000e-02
  vertex 1.6662914e-03 1.6918140e-02 4.5000000e-02
 endloop
endfacet
facet normal 7.356528e-02 9.972904e-01 0.000000e+00
 outer loop
  vertex 1.6662914e-03 1.6918140e-02 2.7000000e-02
  vertex 8.3415050e-04 1.6979523e-02 2.7000000e-02
  vertex 8.3415050e-04 1.6979523e-02 4.5000000e-02
 endloop
endfacet
facet normal -2.454093e-02 9.996988e-01 0.000000e+00
 outer loop
  vertex 1.0409498e-18 1.7000000e-02 2.7000000e-02
  vertex -8.3415050e-04 1.6979523e-02 4.5000000e-02
  vertex 1.0409498e-18 1.7000000e-02 4.5000000e-02
 endloop
endfacet
facet normal -7.356528e-02 9.972904e-01 0.000000e+00
 outer loop
  vertex -1.6662914e-03 1.6918140e-02 2.7000000e-02
  vertex -1.6662914e-03 1.6918140e-02 4.5000000e-02
  vertex -8.3415050e-04 1.6979523e-02 2.7000000e-02
 endloop
endfacet
facet normal -1.709632e-01 9.852774e-01 0.000000e+00
 outer loop
  vertex -3.3165355e-03 1.6673350e-02 4.5000000e-02
  vertex -2.4944181e-03 1.6816002e-02 4.5000000e-02
  vertex -2.4944181e-03 1.6816002e-02 2.7000000e-02
 endloop
endfacet
facet normal -2.191007e-01 9.757022e-01 0.000000e+00
 outer loop
  vertex -4.1306630e-03 1.6490532e-02 4.5000000e-02
  vertex -3.3165355e-03 1.6673350e-02 2.7000000e-02
  vertex -4.1306630e-03 1.6490532e-02 2.7000000e-02
 endloop
endfacet
facet normal -3.136788e-01 9.495292e-01 0.000000e+00
 outer loop
  vertex -4.9348392e-03 1.6267984e-02 4.5000000e-02
  vertex -4.9348392e-03 1.6267984e-02 2.7000000e-02
  vertex -5.7271276e-03 1.6006250e-02 4.5000000e-02
 endloop
endfacet
facet normal -3.598949e-01 9.329928e-01 0.000000e+00
 outer loop
  vertex -5.7271276e-03 1.6006250e-02 2.7000000e-02
  vertex -6.5056186e-03 1.5705953e-02 2.7000000e-02
  vertex -6.5056186e-03 1.5705953e-02 4.5000000e-02
 endloop
endfacet
facet normal -4.496118e-01 8.932241e-01 0.000000e+00
 outer loop
  vertex -7.2684370e-03 1.5367818e-02 2.7000000e-02
  vertex -8.0137450e-03 1.4992661e-02 4.5000000e-02
  vertex -7.2684370e-03 1.5367818e-02 4.5000000e-02
 endloop
endfacet
facet normal -4.928981e-01 8.700870e-01 0.000000e+00
 outer loop
  vertex -8.7397470e-03 1.4581386e-02 2.7000000e-02
  vertex -8.7397470e-03 1.4581386e-02 4.5000000e-02
  vertex -8.0137450e-03 1.4992661e-02 2.7000000e-02
 endloop
endfacet
facet normal -5.758072e-01 8.175855e-01 0.000000e+00
 outer loop
  vertex -1.0126888e-02 1.3654529e-02 4.5000000e-02
  vertex -9.4446940e-03 1.4134983e-02 4.5000000e-02
  vertex -9.4446940e-03 1.4134983e-02 2.7000000e-02
 endloop
endfacet
facet normal -6.152332e-01 7.883452e-01 0.000000e+00
 outer loop
  vertex -1.0784685e-02 1.3141177e-02 4.5000000e-02
  vertex -1.0126888e-02 1.3654529e-02 2.7000000e-02
  vertex -1.0784685e-02 1.3141177e-02 2.7000000e-02
 endloop
endfacet
facet normal -6.895407e-01 7.242470e-01 0.000000e+00
 outer loop
  vertex -1.1416502e-02 1.2596169e-02 4.5000000e-02
  vertex -1.1416502e-02 1.2596169e-02 2.7000000e-02
  vertex -1.2020815e-02 1.2020815e-02 4.5000000e-02
 endloop
endfacet
facet normal -7.242470e-01 6.895407e-01 0.000000e+00
 outer loop
  vertex -1.2020815e-02 1.2020815e-02 2.7000000e-02
  vertex -1.2596169e-02 1.1416502e-02 2.7000000e-02
  vertex -1.2596169e-02 1.1416502e-02 4.5000000e-02
 endloop
endfacet
facet normal -7.883452e-01 6.152332e-01 0.000000e+00
 outer loop
  vertex -1.3141177e-02 1.0784685e-02 2.7000000e-02
  vertex -1.3654529e-02 1.0126888e-02 4.5000000e-02
  vertex -1.3141177e-02 1.0784685e-02 4.5000000e-02
 endloop
endfacet
facet normal -8.175855e-01 5.758072e-01 0.000000e+00
 outer loop
  vertex -1.4134983e-02 9.4446940e-03 2.7000000e-02
  vertex -1.4134983e-02 9.4446940e-03 4.5000000e-02
  vertex -1.3654529e-02 1.0126888e-02 2.7000000e-02
 endloop
endfacet
facet normal -8.700870e-01 4.928981e-01 0.000000e+00
 outer loop
  vertex -1.4992661e-02 8.0137450e-03 4.5000000e-02
  vertex -1.4581386e-02 8.7397470e-03 4.5000000e-02
  vertex -1.4581386e-02 8.7397470e-03 2.7000000e-02
 endloop
endfacet
facet normal -8.932241e-01 4.496118e-01 0.000000e+00
 outer loop
  vertex -1.5367818e-02 7.2684370e-03 4.5000000e-02
  vertex -1.4992661e-02 8.0137450e-03 2.7000000e-02
  vertex -1.5367818e-02 7.2684370e-03 2.7000000e-02
 endloop
endfacet
facet normal -9.329928e-01 3.598949e-01 0.000000e+00
 outer loop
  vertex -1.5705953e-02 6.5056186e-03 4.5000000e-02
  vertex -1.5705953e-02 6.5056186e-03 2.7000000e-02
  vertex -1.6006250e-02 5.7271276e-03 4.5000000e-02
 endloop
endfacet
facet normal -9.495292e-01 3.136788e-01 0.000000e+00
 outer loop
  vertex -1.6006250e-02 5.7271276e-03 2.7000000e-02
  vertex -1.6267984e-02 4.9348392e-03 2.7000000e-02
  vertex -1.6267984e-02 4.9348392e-03 4.5000000e-02
 endloop
endfacet
facet normal -9.757022e-01 2.191007e-01 0.000000e+00
 outer loop
  vertex -1.6490532e-02 4.1306630e-03 2.7000000e-02
  vertex -1.6673350e-02 3.3165355e-03 4.5000000e-02
  vertex -1.6490532e-02 4.1306630e-03 4.5000000e-02
 endloop
endfacet
facet normal -9.852774e-01 1.709632e-01 0.000000e+00
 outer loop
  vertex -1.6816002e-02 2.4944181e-03 2.7000000e-02
  vertex -1.6816002e-02 2.4944181e-03 4.5000000e-02
  vertex -1.6673350e-02 3.3165355e-03 2.7000000e-02
 endloop
endfacet
facet normal -9.996988e-01 2.454093e-02 0.000000e+00
 outer loop
  vertex -1.6979523e-02 8.3415050e-04 4.5000000e-02
  vertex -1.7000000e-02 2.0818996e-18 2.7000000e-02
  vertex -1.7000000e-02 2.0818996e-18 4.5000000e-02
 endloop
endfacet
facet normal -9.972904e-01 7.356528e-02 0.000000e+00
 outer loop
  vertex -1.6918140e-02 1.6662914e-03 2.7000000e-02
  vertex -1.6979523e-02 8.3415050e-04 4.5000000e-02
  vertex -1.6918140e-02 1.6662914e-03 4.5000000e-02
 endloop
endfacet
endsolid cvwt_filter_original
