solid cvwt_housing_cfd_r24
facet normal 0.000000e+00 -0.000000e+00 -1.000000e+00
 outer loop
  vertex 7.4909659e-02 3.6800756e-03 0.0000000e+00
  vertex 7.5000000e-02 0.0000000e+00 0.0000000e+00
  vertex 2.4000000e-02 0.0000000e+00 0.0000000e+00
 endloop
endfacet
facet normal 0.000000e+00 0.000000e+00 -1.000000e+00
 outer loop
  vertex 2.3971091e-02 1.1776242e-03 0.0000000e+00
  vertex 7.4909659e-02 3.6800756e-03 0.0000000e+00
  vertex 2.4000000e-02 0.0000000e+00 0.0000000e+00
 endloop
endfacet
facet normal 0.000000e+00 -0.000000e+00 -1.000000e+00
 outer loop
  vertex 7.4638855e-02 7.3512855e-03 0.0000000e+00
  vertex 7.4909659e-02 3.6800756e-03 0.0000000e+00
  vertex 2.3971091e-02 1.1776242e-03 0.0000000e+00
 endloop
endfacet
facet normal 0.000000e+00 0.000000e+00 -1.000000e+00
 outer loop
  vertex 2.3884433e-02 2.3524114e-03 0.0000000e+00
  vertex 7.4638855e-02 7.3512855e-03 0.0000000e+00
  vertex 2.3971091e-02 1.1776242e-03 0.0000000e+00
 endloop
endfacet
facet normal 0.000000e+00 -0.000000e+00 -1.000000e+00
 outer loop
  vertex 7.4188238e-02 1.1004786e-02 0.0000000e+00
  vertex 7.4638855e-02 7.3512855e-03 0.0000000e+00
  vertex 2.3884433e-02 2.3524114e-03 0.0000000e+00
 endloop
endfacet
facet normal 0.000000e+00 0.000000e+00 -1.000000e+00
 outer loop
  vertex 2.3740236e-02 3.5215314e-03 0.0000000e+00
  vertex 7.4188238e-02 1.1004786e-02 0.0000000e+00
  vertex 2.3884433e-02 2.3524114e-03 0.0000000e+00
 endloop
endfacet
facet normal 0.000000e+00 -0.000000e+00 -1.000000e+00
 outer loop
  vertex 7.3558896e-02 1.4631774e-02 0.0000000e+00
  vertex 7.4188238e-02 1.1004786e-02 0.0000000e+00
  vertex 2.3740236e-02 3.5215314e-03 0.0000000e+00
 endloop
endfacet
facet normal 0.000000e+00 0.000000e+00 -1.000000e+00
 outer loop
  vertex 2.3538847e-02 4.6821677e-03 0.0000000e+00
  vertex 7.3558896e-02 1.4631774e-02 0.0000000e+00
  vertex 2.3740236e-02 3.5215314e-03 0.0000000e+00
 endloop
endfacet
facet normal 0.000000e+00 -0.000000e+00 -1.000000e+00
 outer loop
  vertex 7.2752344e-02 1.8223513e-02 0.0000000e+00
  vertex 7.3558896e-02 1.4631774e-02 0.0000000e+00
  vertex 2.3538847e-02 4.6821677e-03 0.0000000e+00
 endloop
endfacet
facet normal 0.000000e+00 0.000000e+00 -1.000000e+00
 outer loop
  vertex 2.3280750e-02 5.8315243e-03 0.0000000e+00
  vertex 7.2752344e-02 1.8223513e-02 0.0000000e+00
  vertex 2.3538847e-02 4.6821677e-03 0.0000000e+00
 endloop
endfacet
facet normal 0.000000e+00 -0.000000e+00 -1.000000e+00
 outer loop
  vertex 7.1770525e-02 2.1771351e-02 0.0000000e+00
  vertex 7.2752344e-02 1.8223513e-02 0.0000000e+00
  vertex 2.3280750e-02 5.8315243e-03 0.0000000e+00
 endloop
endfacet
facet normal 0.000000e+00 0.000000e+00 -1.000000e+00
 outer loop
  vertex 2.2966568e-02 6.9668323e-03 0.0000000e+00
  vertex 7.1770525e-02 2.1771351e-02 0.0000000e+00
  vertex 2.3280750e-02 5.8315243e-03 0.0000000e+00
 endloop
endfacet
facet normal 0.000000e+00 -0.000000e+00 -1.000000e+00
 outer loop
  vertex 7.0615805e-02 2.5266739e-02 0.0000000e+00
  vertex 7.1770525e-02 2.1771351e-02 0.0000000e+00
  vertex 2.2966568e-02 6.9668323e-03 0.0000000e+00
 endloop
endfacet
facet normal 0.000000e+00 0.000000e+00 -1.000000e+00
 outer loop
  vertex 2.2597058e-02 8.0853565e-03 0.0000000e+00
  vertex 7.0615805e-02 2.5266739e-02 0.0000000e+00
  vertex 2.2966568e-02 6.9668323e-03 0.0000000e+00
 endloop
endfacet
facet normal 0.000000e+00 -0.000000e+00 -1.000000e+00
 outer loop
  vertex 6.9290965e-02 2.8701257e-02 0.0000000e+00
  vertex 7.0615805e-02 2.5266739e-02 0.0000000e+00
  vertex 2.2597058e-02 8.0853565e-03 0.0000000e+00
 endloop
endfacet
facet normal 0.000000e+00 0.000000e+00 -1.000000e+00
 outer loop
  vertex 2.2173109e-02 9.1844024e-03 0.0000000e+00
  vertex 6.9290965e-02 2.8701257e-02 0.0000000e+00
  vertex 2.2597058e-02 8.0853565e-03 0.0000000e+00
 endloop
endfacet
facet normal 0.000000e+00 -0.000000e+00 -1.000000e+00
 outer loop
  vertex 6.7799197e-02 3.2066632e-02 0.0000000e+00
  vertex 6.9290965e-02 2.8701257e-02 0.0000000e+00
  vertex 2.2173109e-02 9.1844024e-03 0.0000000e+00
 endloop
endfacet
facet normal 0.000000e+00 0.000000e+00 -1.000000e+00
 outer loop
  vertex 2.1695743e-02 1.0261322e-02 0.0000000e+00
  vertex 6.7799197e-02 3.2066632e-02 0.0000000e+00
  vertex 2.2173109e-02 9.1844024e-03 0.0000000e+00
 endloop
endfacet
facet normal 0.000000e+00 -0.000000e+00 -1.000000e+00
 outer loop
  vertex 6.6144095e-02 3.5354755e-02 0.0000000e+00
  vertex 6.7799197e-02 3.2066632e-02 0.0000000e+00
  vertex 2.1695743e-02 1.0261322e-02 0.0000000e+00
 endloop
endfacet
facet normal 0.000000e+00 0.000000e+00 -1.000000e+00
 outer loop
  vertex 2.1166110e-02 1.1313522e-02 0.0000000e+00
  vertex 6.6144095e-02 3.5354755e-02 0.0000000e+00
  vertex 2.1695743e-02 1.0261322e-02 0.0000000e+00
 endloop
endfacet
facet normal 0.000000e+00 -0.000000e+00 -1.000000e+00
 outer loop
  vertex 6.4329646e-02 3.8557706e-02 0.0000000e+00
  vertex 6.6144095e-02 3.5354755e-02 0.0000000e+00
  vertex 2.1166110e-02 1.1313522e-02 0.0000000e+00
 endloop
endfacet
facet normal 0.000000e+00 0.000000e+00 -1.000000e+00
 outer loop
  vertex 2.0585487e-02 1.2338466e-02 0.0000000e+00
  vertex 6.4329646e-02 3.8557706e-02 0.0000000e+00
  vertex 2.1166110e-02 1.1313522e-02 0.0000000e+00
 endloop
endfacet
facet normal 0.000000e+00 -0.000000e+00 -1.000000e+00
 outer loop
  vertex 6.2360221e-02 4.1667767e-02 0.0000000e+00
  vertex 6.4329646e-02 3.8557706e-02 0.0000000e+00
  vertex 2.0585487e-02 1.2338466e-02 0.0000000e+00
 endloop
endfacet
facet normal 0.000000e+00 0.000000e+00 -1.000000e+00
 outer loop
  vertex 1.9955271e-02 1.3333686e-02 0.0000000e+00
  vertex 6.2360221e-02 4.1667767e-02 0.0000000e+00
  vertex 2.0585487e-02 1.2338466e-02 0.0000000e+00
 endloop
endfacet
facet normal 0.000000e+00 -0.000000e+00 -1.000000e+00
 outer loop
  vertex 6.0240565e-02 4.4677448e-02 0.0000000e+00
  vertex 6.2360221e-02 4.1667767e-02 0.0000000e+00
  vertex 1.9955271e-02 1.3333686e-02 0.0000000e+00
 endloop
endfacet
facet normal 0.000000e+00 0.000000e+00 -1.000000e+00
 outer loop
  vertex 1.9276981e-02 1.4296783e-02 0.0000000e+00
  vertex 6.0240565e-02 4.4677448e-02 0.0000000e+00
  vertex 1.9955271e-02 1.3333686e-02 0.0000000e+00
 endloop
endfacet
facet normal 0.000000e+00 -0.000000e+00 -1.000000e+00
 outer loop
  vertex 5.7975784e-02 4.7579496e-02 0.0000000e+00
  vertex 6.0240565e-02 4.4677448e-02 0.0000000e+00
  vertex 1.9276981e-02 1.4296783e-02 0.0000000e+00
 endloop
endfacet
facet normal 0.000000e+00 0.000000e+00 -1.000000e+00
 outer loop
  vertex 1.8552251e-02 1.5225439e-02 0.0000000e+00
  vertex 5.7975784e-02 4.7579496e-02 0.0000000e+00
  vertex 1.9276981e-02 1.4296783e-02 0.0000000e+00
 endloop
endfacet
facet normal 0.000000e+00 -0.000000e+00 -1.000000e+00
 outer loop
  vertex 5.5571334e-02 5.0366922e-02 0.0000000e+00
  vertex 5.7975784e-02 4.7579496e-02 0.0000000e+00
  vertex 1.8552251e-02 1.5225439e-02 0.0000000e+00
 endloop
endfacet
facet normal 0.000000e+00 0.000000e+00 -1.000000e+00
 outer loop
  vertex 1.7782827e-02 1.6117415e-02 0.0000000e+00
  vertex 5.5571334e-02 5.0366922e-02 0.0000000e+00
  vertex 1.8552251e-02 1.5225439e-02 0.0000000e+00
 endloop
endfacet
facet normal 0.000000e+00 -0.000000e+00 -1.000000e+00
 outer loop
  vertex 5.3033009e-02 5.3033009e-02 0.0000000e+00
  vertex 5.5571334e-02 5.0366922e-02 0.0000000e+00
  vertex 1.7782827e-02 1.6117415e-02 0.0000000e+00
 endloop
endfacet
facet normal 0.000000e+00 0.000000e+00 -1.000000e+00
 outer loop
  vertex 1.6970563e-02 1.6970563e-02 0.0000000e+00
  vertex 5.3033009e-02 5.3033009e-02 0.0000000e+00
  vertex 1.7782827e-02 1.6117415e-02 0.0000000e+00
 endloop
endfacet
facet normal 0.000000e+00 -0.000000e+00 -1.000000e+00
 outer loop
  vertex 5.0366922e-02 5.5571334e-02 0.0000000e+00
  vertex 5.3033009e-02 5.3033009e-02 0.0000000e+00
  vertex 1.6970563e-02 1.6970563e-02 0.0000000e+00
 endloop
endfacet
facet normal 0.000000e+00 0.000000e+00 -1.000000e+00
 outer loop
  vertex 1.6117415e-02 1.7782827e-02 0.0000000e+00
  vertex 5.0366922e-02 5.5571334e-02 0.0000000e+00
  vertex 1.6970563e-02 1.6970563e-02 0.0000000e+00
 endloop
endfacet
facet normal 0.000000e+00 -0.000000e+00 -1.000000e+00
 outer loop
  vertex 4.7579496e-02 5.7975784e-02 0.0000000e+00
  vertex 5.0366922e-02 5.5571334e-02 0.0000000e+00
  vertex 1.6117415e-02 1.7782827e-02 0.0000000e+00
 endloop
endfacet
facet normal 0.000000e+00 0.000000e+00 -1.000000e+00
 outer loop
  vertex 1.5225439e-02 1.8552251e-02 0.0000000e+00
  vertex 4.7579496e-02 5.7975784e-02 0.0000000e+00
  vertex 1.6117415e-02 1.7782827e-02 0.0000000e+00
 endloop
endfacet
facet normal 0.000000e+00 -0.000000e+00 -1.000000e+00
 outer loop
  vertex 4.4677448e-02 6.0240565e-02 0.0000000e+00
  vertex 4.7579496e-02 5.7975784e-02 0.0000000e+00
  vertex 1.5225439e-02 1.8552251e-02 0.0000000e+00
 endloop
endfacet
facet normal 0.000000e+00 0.000000e+00 -1.000000e+00
 outer loop
  vertex 1.4296783e-02 1.9276981e-02 0.0000000e+00
  vertex 4.4677448e-02 6.0240565e-02 0.0000000e+00
  vertex 1.5225439e-02 1.8552251e-02 0.0000000e+00
 endloop
endfacet
facet normal 0.000000e+00 -0.000000e+00 -1.000000e+00
 outer loop
  vertex 4.1667767e-02 6.2360221e-02 0.0000000e+00
  vertex 4.4677448e-02 6.0240565e-02 0.0000000e+00
  vertex 1.4296783e-02 1.9276981e-02 0.0000000e+00
 endloop
endfacet
facet normal 0.000000e+00 0.000000e+00 -1.000000e+00
 outer loop
  vertex 1.3333686e-02 1.9955271e-02 0.0000000e+00
  vertex 4.1667767e-02 6.2360221e-02 0.0000000e+00
  vertex 1.4296783e-02 1.9276981e-02 0.0000000e+00
 endloop
endfacet
facet normal 0.000000e+00 -0.000000e+00 -1.000000e+00
 outer loop
  vertex 3.8557706e-02 6.4329646e-02 0.0000000e+00
  vertex 4.1667767e-02 6.2360221e-02 0.0000000e+00
  vertex 1.3333686e-02 1.9955271e-02 0.0000000e+00
 endloop
endfacet
facet normal 0.000000e+00 0.000000e+00 -1.000000e+00
 outer loop
  vertex 1.2338466e-02 2.0585487e-02 0.0000000e+00
  vertex 3.8557706e-02 6.4329646e-02 0.0000000e+00
  vertex 1.3333686e-02 1.9955271e-02 0.0000000e+00
 endloop
endfacet
facet normal 0.000000e+00 -0.000000e+00 -1.000000e+00
 outer loop
  vertex 3.5354755e-02 6.6144095e-02 0.0000000e+00
  vertex 3.8557706e-02 6.4329646e-02 0.0000000e+00
  vertex 1.2338466e-02 2.0585487e-02 0.0000000e+00
 endloop
endfacet
facet normal 0.000000e+00 0.000000e+00 -1.000000e+00
 outer loop
  vertex 1.1313522e-02 2.1166110e-02 0.0000000e+00
  vertex 3.5354755e-02 6.6144095e-02 0.0000000e+00
  vertex 1.2338466e-02 2.0585487e-02 0.0000000e+00
 endloop
endfacet
facet normal 0.000000e+00 -0.000000e+00 -1.000000e+00
 outer loop
  vertex 3.2066632e-02 6.7799197e-02 0.0000000e+00
  vertex 3.5354755e-02 6.6144095e-02 0.0000000e+00
  vertex 1.1313522e-02 2.1166110e-02 0.0000000e+00
 endloop
endfacet
facet normal 0.000000e+00 0.000000e+00 -1.000000e+00
 outer loop
  vertex 1.0261322e-02 2.1695743e-02 0.0000000e+00
  vertex 3.2066632e-02 6.7799197e-02 0.0000000e+00
  vertex 1.1313522e-02 2.1166110e-02 0.0000000e+00
 endloop
endfacet
facet normal 0.000000e+00 -0.000000e+00 -1.000000e+00
 outer loop
  vertex 2.8701257e-02 6.9290965e-02 0.0000000e+00
  vertex 3.2066632e-02 6.7799197e-02 0.0000000e+00
  vertex 1.0261322e-02 2.1695743e-02 0.0000000e+00
 endloop
endfacet
facet normal 0.000000e+00 0.000000e+00 -1.000000e+00
 outer loop
  vertex 9.1844024e-03 2.2173109e-02 0.0000000e+00
  vertex 2.8701257e-02 6.9290965e-02 0.0000000e+00
  vertex 1.0261322e-02 2.1695743e-02 0.0000000e+00
 endloop
endfacet
facet normal 0.000000e+00 -0.000000e+00 -1.000000e+00
 outer loop
  vertex 2.5266739e-02 7.0615805e-02 0.0000000e+00
  vertex 2.8701257e-02 6.9290965e-02 0.0000000e+00
  vertex 9.1844024e-03 2.2173109e-02 0.0000000e+00
 endloop
endfacet
facet normal 0.000000e+00 0.000000e+00 -1.000000e+00
 outer loop
  vertex 8.0853565e-03 2.2597058e-02 0.0000000e+00
  vertex 2.5266739e-02 7.0615805e-02 0.0000000e+00
  vertex 9.1844024e-03 2.2173109e-02 0.0000000e+00
 endloop
endfacet
facet normal 0.000000e+00 -0.000000e+00 -1.000000e+00
 outer loop
  vertex 2.1771351e-02 7.1770525e-02 0.0000000e+00
  vertex 2.5266739e-02 7.0615805e-02 0.0000000e+00
  vertex 8.0853565e-03 2.2597058e-02 0.0000000e+00
 endloop
endfacet
facet normal 0.000000e+00 0.000000e+00 -1.000000e+00
 outer loop
  vertex 6.9668323e-03 2.2966568e-02 0.0000000e+00
  vertex 2.1771351e-02 7.1770525e-02 0.0000000e+00
  vertex 8.0853565e-03 2.2597058e-02 0.0000000e+00
 endloop
endfacet
facet normal 0.000000e+00 -0.000000e+00 -1.000000e+00
 outer loop
  vertex 1.8223513e-02 7.2752344e-02 0.0000000e+00
  vertex 2.1771351e-02 7.1770525e-02 0.0000000e+00
  vertex 6.9668323e-03 2.2966568e-02 0.0000000e+00
 endloop
endfacet
facet normal 0.000000e+00 0.000000e+00 -1.000000e+00
 outer loop
  vertex 5.8315243e-03 2.3280750e-02 0.0000000e+00
  vertex 1.8223513e-02 7.2752344e-02 0.0000000e+00
  vertex 6.9668323e-03 2.2966568e-02 0.0000000e+00
 endloop
endfacet
facet normal 0.000000e+00 -0.000000e+00 -1.000000e+00
 outer loop
  vertex 1.4631774e-02 7.3558896e-02 0.0000000e+00
  vertex 1.8223513e-02 7.2752344e-02 0.0000000e+00
  vertex 5.8315243e-03 2.3280750e-02 0.0000000e+00
 endloop
endfacet
facet normal 0.000000e+00 0.000000e+00 -1.000000e+00
 outer loop
  vertex 4.6821677e-03 2.3538847e-02 0.0000000e+00
  vertex 1.4631774e-02 7.3558896e-02 0.0000000e+00
  vertex 5.8315243e-03 2.3280750e-02 0.0000000e+00
 endloop
endfacet
facet normal 0.000000e+00 -0.000000e+00 -1.000000e+00
 outer loop
  vertex 1.1004786e-02 7.4188238e-02 0.0000000e+00
  vertex 1.4631774e-02 7.3558896e-02 0.0000000e+00
  vertex 4.6821677e-03 2.3538847e-02 0.0000000e+00
 endloop
endfacet
facet normal 0.000000e+00 0.000000e+00 -1.000000e+00
 outer loop
  vertex 3.5215314e-03 2.3740236e-02 0.0000000e+00
  vertex 1.1004786e-02 7.4188238e-02 0.0000000e+00
  vertex 4.6821677e-03 2.3538847e-02 0.0000000e+00
 endloop
endfacet
facet normal 0.000000e+00 -0.000000e+00 -1.000000e+00
 outer loop
  vertex 7.3512855e-03 7.4638855e-02 0.0000000e+00
  vertex 1.1004786e-02 7.4188238e-02 0.0000000e+00
  vertex 3.5215314e-03 2.3740236e-02 0.0000000e+00
 endloop
endfacet
facet normal 0.000000e+00 0.000000e+00 -1.000000e+00
 outer loop
  vertex 2.3524114e-03 2.3884433e-02 0.0000000e+00
  vertex 7.3512855e-03 7.4638855e-02 0.0000000e+00
  vertex 3.5215314e-03 2.3740236e-02 0.0000000e+00
 endloop
endfacet
facet normal 0.000000e+00 -0.000000e+00 -1.000000e+00
 outer loop
  vertex 3.6800756e-03 7.4909659e-02 0.0000000e+00
  vertex 7.3512855e-03 7.4638855e-02 0.0000000e+00
  vertex 2.3524114e-03 2.3884433e-02 0.0000000e+00
 endloop
endfacet
facet normal 0.000000e+00 0.000000e+00 -1.000000e+00
 outer loop
  vertex 1.1776242e-03 2.3971091e-02 0.0000000e+00
  vertex 3.6800756e-03 7.4909659e-02 0.0000000e+00
  vertex 2.3524114e-03 2.3884433e-02 0.0000000e+00
 endloop
endfacet
facet normal 0.000000e+00 0.000000e+00 -1.000000e+00
 outer loop
  vertex 4.5924255e-18 7.5000000e-02 0.0000000e+00
  vertex 3.6800756e-03 7.4909659e-02 0.0000000e+00
  vertex 1.1776242e-03 2.3971091e-02 0.0000000e+00
 endloop
endfacet
facet normal 0.000000e+00 0.000000e+00 -1.000000e+00
 outer loop
  vertex 1.4695762e-18 2.4000000e-02 0.0000000e+00
  vertex 4.5924255e-18 7.5000000e-02 0.0000000e+00
  vertex 1.1776242e-03 2.3971091e-02 0.0000000e+00
 endloop
endfacet
facet normal 0.000000e+00 0.000000e+00 -1.000000e+00
 outer loop
  vertex -3.6800756e-03 7.4909659e-02 0.0000000e+00
  vertex 4.5924255e-18 7.5000000e-02 0.0000000e+00
  vertex 1.4695762e-18 2.4000000e-02 0.0000000e+00
 endloop
endfacet
facet normal 0.000000e+00 0.000000e+00 -1.000000e+00
 outer loop
  vertex -1.1776242e-03 2.3971091e-02 0.0000000e+00
  vertex -3.6800756e-03 7.4909659e-02 0.0000000e+00
  vertex 1.4695762e-18 2.4000000e-02 0.0000000e+00
 endloop
endfacet
facet normal 0.000000e+00 0.000000e+00 -1.000000e+00
 outer loop
  vertex -7.3512855e-03 7.4638855e-02 0.0000000e+00
  vertex -3.6800756e-03 7.4909659e-02 0.0000000e+00
  vertex -1.1776242e-03 2.3971091e-02 0.0000000e+00
 endloop
endfacet
facet normal 0.000000e+00 0.000000e+00 -1.000000e+00
 outer loop
  vertex -2.3524114e-03 2.3884433e-02 0.0000000e+00
  vertex -7.3512855e-03 7.4638855e-02 0.0000000e+00
  vertex -1.1776242e-03 2.3971091e-02 0.0000000e+00
 endloop
endfacet
facet normal 0.000000e+00 0.000000e+00 -1.000000e+00
 outer loop
  vertex -1.1004786e-02 7.4188238e-02 0.0000000e+00
  vertex -7.3512855e-03 7.4638855e-02 0.0000000e+00
  vertex -2.3524114e-03 2.3884433e-02 0.0000000e+00
 endloop
endfacet
facet normal 0.000000e+00 0.000000e+00 -1.000000e+00
 outer loop
  vertex -3.5215314e-03 2.3740236e-02 0.0000000e+00
  vertex -1.1004786e-02 7.4188238e-02 0.0000000e+00
  vertex -2.3524114e-03 2.3884433e-02 0.0000000e+00
 endloop
endfacet
facet normal 0.000000e+00 0.000000e+00 -1.000000e+00
 outer loop
  vertex -1.4631774e-02 7.3558896e-02 0.0000000e+00
  vertex -1.1004786e-02 7.4188238e-02 0.0000000e+00
  vertex -3.5215314e-03 2.3740236e-02 0.0000000e+00
 endloop
endfacet
facet normal 0.000000e+00 0.000000e+00 -1.000000e+00
 outer loop
  vertex -4.6821677e-03 2.3538847e-02 0.0000000e+00
  vertex -1.4631774e-02 7.3558896e-02 0.0000000e+00
  vertex -3.5215314e-03 2.3740236e-02 0.0000000e+00
 endloop
endfacet
facet normal 0.000000e+00 0.000000e+00 -1.000000e+00
 outer loop
  vertex -1.8223513e-02 7.2752344e-02 0.0000000e+00
  vertex -1.4631774e-02 7.3558896e-02 0.0000000e+00
  vertex -4.6821677e-03 2.3538847e-02 0.0000000e+00
 endloop
endfacet
facet normal 0.000000e+00 0.000000e+00 -1.000000e+00
 outer loop
  vertex -5.8315243e-03 2.3280750e-02 0.0000000e+00
  vertex -1.8223513e-02 7.2752344e-02 0.0000000e+00
  vertex -4.6821677e-03 2.3538847e-02 0.0000000e+00
 endloop
endfacet
facet normal 0.000000e+00 0.000000e+00 -1.000000e+00
 outer loop
  vertex -2.1771351e-02 7.1770525e-02 0.0000000e+00
  vertex -1.8223513e-02 7.2752344e-02 0.0000000e+00
  vertex -5.8315243e-03 2.3280750e-02 0.0000000e+00
 endloop
endfacet
facet normal 0.000000e+00 0.000000e+00 -1.000000e+00
 outer loop
  vertex -6.9668323e-03 2.2966568e-02 0.0000000e+00
  vertex -2.1771351e-02 7.1770525e-02 0.0000000e+00
  vertex -5.8315243e-03 2.3280750e-02 0.0000000e+00
 endloop
endfacet
facet normal 0.000000e+00 0.000000e+00 -1.000000e+00
 outer loop
  vertex -2.5266739e-02 7.0615805e-02 0.0000000e+00
  vertex -2.1771351e-02 7.1770525e-02 0.0000000e+00
  vertex -6.9668323e-03 2.2966568e-02 0.0000000e+00
 endloop
endfacet
facet normal 0.000000e+00 0.000000e+00 -1.000000e+00
 outer loop
  vertex -8.0853565e-03 2.2597058e-02 0.0000000e+00
  vertex -2.5266739e-02 7.0615805e-02 0.0000000e+00
  vertex -6.9668323e-03 2.2966568e-02 0.0000000e+00
 endloop
endfacet
facet normal 0.000000e+00 0.000000e+00 -1.000000e+00
 outer loop
  vertex -2.8701257e-02 6.9290965e-02 0.0000000e+00
  vertex -2.5266739e-02 7.0615805e-02 0.0000000e+00
  vertex -8.0853565e-03 2.2597058e-02 0.0000000e+00
 endloop
endfacet
facet normal 0.000000e+00 0.000000e+00 -1.000000e+00
 outer loop
  vertex -9.1844024e-03 2.2173109e-02 0.0000000e+00
  vertex -2.8701257e-02 6.9290965e-02 0.0000000e+00
  vertex -8.0853565e-03 2.2597058e-02 0.0000000e+00
 endloop
endfacet
facet normal 0.000000e+00 0.000000e+00 -1.000000e+00
 outer loop
  vertex -3.2066632e-02 6.7799197e-02 0.0000000e+00
  vertex -2.8701257e-02 6.9290965e-02 0.0000000e+00
  vertex -9.1844024e-03 2.2173109e-02 0.0000000e+00
 endloop
endfacet
facet normal 0.000000e+00 0.000000e+00 -1.000000e+00
 outer loop
  vertex -1.0261322e-02 2.1695743e-02 0.0000000e+00
  vertex -3.2066632e-02 6.7799197e-02 0.0000000e+00
  vertex -9.1844024e-03 2.2173109e-02 0.0000000e+00
 endloop
endfacet
facet normal 0.000000e+00 0.000000e+00 -1.000000e+00
 outer loop
  vertex -3.5354755e-02 6.6144095e-02 0.0000000e+00
  vertex -3.2066632e-02 6.7799197e-02 0.0000000e+00
  vertex -1.0261322e-02 2.1695743e-02 0.0000000e+00
 endloop
endfacet
facet normal 0.000000e+00 0.000000e+00 -1.000000e+00
 outer loop
  vertex -1.1313522e-02 2.1166110e-02 0.0000000e+00
  vertex -3.5354755e-02 6.6144095e-02 0.0000000e+00
  vertex -1.0261322e-02 2.1695743e-02 0.0000000e+00
 endloop
endfacet
facet normal 0.000000e+00 0.000000e+00 -1.000000e+00
 outer loop
  vertex -3.8557706e-02 6.4329646e-02 0.0000000e+00
  vertex -3.5354755e-02 6.6144095e-02 0.0000000e+00
  vertex -1.1313522e-02 2.1166110e-02 0.0000000e+00
 endloop
endfacet
facet normal 0.000000e+00 0.000000e+00 -1.000000e+00
 outer loop
  vertex -1.2338466e-02 2.0585487e-02 0.0000000e+00
  vertex -3.8557706e-02 6.4329646e-02 0.0000000e+00
  vertex -1.1313522e-02 2.1166110e-02 0.0000000e+00
 endloop
endfacet
facet normal 0.000000e+00 0.000000e+00 -1.000000e+00
 outer loop
  vertex -4.1667767e-02 6.2360221e-02 0.0000000e+00
  vertex -3.8557706e-02 6.4329646e-02 0.0000000e+00
  vertex -1.2338466e-02 2.0585487e-02 0.0000000e+00
 endloop
endfacet
facet normal 0.000000e+00 0.000000e+00 -1.000000e+00
 outer loop
  vertex -1.3333686e-02 1.9955271e-02 0.0000000e+00
  vertex -4.1667767e-02 6.2360221e-02 0.0000000e+00
  vertex -1.2338466e-02 2.0585487e-02 0.0000000e+00
 endloop
endfacet
facet normal 0.000000e+00 0.000000e+00 -1.000000e+00
 outer loop
  vertex -4.4677448e-02 6.0240565e-02 0.0000000e+00
  vertex -4.1667767e-02 6.2360221e-02 0.0000000e+00
  vertex -1.3333686e-02 1.9955271e-02 0.0000000e+00
 endloop
endfacet
facet normal 0.000000e+00 0.000000e+00 -1.000000e+00
 outer loop
  vertex -1.4296783e-02 1.9276981e-02 0.0000000e+00
  vertex -4.4677448e-02 6.0240565e-02 0.0000000e+00
  vertex -1.3333686e-02 1.9955271e-02 0.0000000e+00
 endloop
endfacet
facet normal 0.000000e+00 0.000000e+00 -1.000000e+00
 outer loop
  vertex -4.7579496e-02 5.7975784e-02 0.0000000e+00
  vertex -4.4677448e-02 6.0240565e-02 0.0000000e+00
  vertex -1.4296783e-02 1.9276981e-02 0.0000000e+00
 endloop
endfacet
facet normal 0.000000e+00 0.000000e+00 -1.000000e+00
 outer loop
  vertex -1.5225439e-02 1.8552251e-02 0.0000000e+00
  vertex -4.7579496e-02 5.7975784e-02 0.0000000e+00
  vertex -1.4296783e-02 1.9276981e-02 0.0000000e+00
 endloop
endfacet
facet normal 0.000000e+00 0.000000e+00 -1.000000e+00
 outer loop
  vertex -5.0366922e-02 5.5571334e-02 0.0000000e+00
  vertex -4.7579496e-02 5.7975784e-02 0.0000000e+00
  vertex -1.5225439e-02 1.8552251e-02 0.0000000e+00
 endloop
endfacet
facet normal 0.000000e+00 0.000000e+00 -1.000000e+00
 outer loop
  vertex -1.6117415e-02 1.7782827e-02 0.0000000e+00
  vertex -5.0366922e-02 5.5571334e-02 0.0000000e+00
  vertex -1.5225439e-02 1.8552251e-02 0.0000000e+00
 endloop
endfacet
facet normal 0.000000e+00 0.000000e+00 -1.000000e+00
 outer loop
  vertex -5.3033009e-02 5.3033009e-02 0.0000000e+00
  vertex -5.0366922e-02 5.5571334e-02 0.0000000e+00
  vertex -1.6117415e-02 1.7782827e-02 0.0000000e+00
 endloop
endfacet
facet normal 0.000000e+00 0.000000e+00 -1.000000e+00
 outer loop
  vertex -1.6970563e-02 1.6970563e-02 0.0000000e+00
  vertex -5.3033009e-02 5.3033009e-02 0.0000000e+00
  vertex -1.6117415e-02 1.7782827e-02 0.0000000e+00
 endloop
endfacet
facet normal 0.000000e+00 0.000000e+00 -1.000000e+00
 outer loop
  vertex -5.5571334e-02 5.0366922e-02 0.0000000e+00
  vertex -5.3033009e-02 5.3033009e-02 0.0000000e+00
  vertex -1.6970563e-02 1.6970563e-02 0.0000000e+00
 endloop
endfacet
facet normal 0.000000e+00 0.000000e+00 -1.000000e+00
 outer loop
  vertex -1.7782827e-02 1.6117415e-02 0.0000000e+00
  vertex -5.5571334e-02 5.0366922e-02 0.0000000e+00
  vertex -1.6970563e-02 1.6970563e-02 0.0000000e+00
 endloop
endfacet
facet normal 0.000000e+00 0.000000e+00 -1.000000e+00
 outer loop
  vertex -5.7975784e-02 4.7579496e-02 0.0000000e+00
  vertex -5.5571334e-02 5.0366922e-02 0.0000000e+00
  vertex -1.7782827e-02 1.6117415e-02 0.0000000e+00
 endloop
endfacet
facet normal 0.000000e+00 0.000000e+00 -1.000000e+00
 outer loop
  vertex -1.8552251e-02 1.5225439e-02 0.0000000e+00
  vertex -5.7975784e-02 4.7579496e-02 0.0000000e+00
  vertex -1.7782827e-02 1.6117415e-02 0.0000000e+00
 endloop
endfacet
facet normal 0.000000e+00 0.000000e+00 -1.000000e+00
 outer loop
  vertex -6.0240565e-02 4.4677448e-02 0.0000000e+00
  vertex -5.7975784e-02 4.7579496e-02 0.0000000e+00
  vertex -1.8552251e-02 1.5225439e-02 0.0000000e+00
 endloop
endfacet
facet normal 0.000000e+00 0.000000e+00 -1.000000e+00
 outer loop
  vertex -1.9276981e-02 1.4296783e-02 0.0000000e+00
  vertex -6.0240565e-02 4.4677448e-02 0.0000000e+00
  vertex -1.8552251e-02 1.5225439e-02 0.0000000e+00
 endloop
endfacet
facet normal 0.000000e+00 0.000000e+00 -1.000000e+00
 outer loop
  vertex -6.2360221e-02 4.1667767e-02 0.0000000e+00
  vertex -6.0240565e-02 4.4677448e-02 0.0000000e+00
  vertex -1.9276981e-02 1.4296783e-02 0.0000000e+00
 endloop
endfacet
facet normal 0.000000e+00 0.000000e+00 -1.000000e+00
 outer loop
  vertex -1.9955271e-02 1.3333686e-02 0.0000000e+00
  vertex -6.2360221e-02 4.1667767e-02 0.0000000e+00
  vertex -1.9276981e-02 1.4296783e-02 0.0000000e+00
 endloop
endfacet
facet normal 0.000000e+00 0.000000e+00 -1.000000e+00
 outer loop
  vertex -6.4329646e-02 3.8557706e-02 0.0000000e+00
  vertex -6.2360221e-02 4.1667767e-02 0.0000000e+00
  vertex -1.9955271e-02 1.3333686e-02 0.0000000e+00
 endloop
endfacet
facet normal 0.000000e+00 0.000000e+00 -1.000000e+00
 outer loop
  vertex -2.0585487e-02 1.2338466e-02 0.0000000e+00
  vertex -6.4329646e-02 3.8557706e-02 0.0000000e+00
  vertex -1.9955271e-02 1.3333686e-02 0.0000000e+00
 endloop
endfacet
facet normal 0.000000e+00 0.000000e+00 -1.000000e+00
 outer loop
  vertex -6.6144095e-02 3.5354755e-02 0.0000000e+00
  vertex -6.4329646e-02 3.8557706e-02 0.0000000e+00
  vertex -2.0585487e-02 1.2338466e-02 0.0000000e+00
 endloop
endfacet
facet normal 0.000000e+00 0.000000e+00 -1.000000e+00
 outer loop
  vertex -2.1166110e-02 1.1313522e-02 0.0000000e+00
  vertex -6.6144095e-02 3.5354755e-02 0.0000000e+00
  vertex -2.0585487e-02 1.2338466e-02 0.0000000e+00
 endloop
endfacet
facet normal 0.000000e+00 0.000000e+00 -1.000000e+00
 outer loop
  vertex -6.7799197e-02 3.2066632e-02 0.0000000e+00
  vertex -6.6144095e-02 3.5354755e-02 0.0000000e+00
  vertex -2.1166110e-02 1.1313522e-02 0.0000000e+00
 endloop
endfacet
facet normal 0.000000e+00 0.000000e+00 -1.000000e+00
 outer loop
  vertex -2.1695743e-02 1.0261322e-02 0.0000000e+00
  vertex -6.7799197e-02 3.2066632e-02 0.0000000e+00
  vertex -2.1166110e-02 1.1313522e-02 0.0000000e+00
 endloop
endfacet
facet normal 0.000000e+00 0.000000e+00 -1.000000e+00
 outer loop
  vertex -6.9290965e-02 2.8701257e-02 0.0000000e+00
  vertex -6.7799197e-02 3.2066632e-02 0.0000000e+00
  vertex -2.1695743e-02 1.0261322e-02 0.0000000e+00
 endloop
endfacet
facet normal 0.000000e+00 0.000000e+00 -1.000000e+00
 outer loop
  vertex -2.2173109e-02 9.1844024e-03 0.0000000e+00
  vertex -6.9290965e-02 2.8701257e-02 0.0000000e+00
  vertex -2.1695743e-02 1.0261322e-02 0.0000000e+00
 endloop
endfacet
facet normal 0.000000e+00 0.000000e+00 -1.000000e+00
 outer loop
  vertex -7.0615805e-02 2.5266739e-02 0.0000000e+00
  vertex -6.9290965e-02 2.8701257e-02 0.0000000e+00
  vertex -2.2173109e-02 9.1844024e-03 0.0000000e+00
 endloop
endfacet
facet normal 0.000000e+00 0.000000e+00 -1.000000e+00
 outer loop
  vertex -2.2597058e-02 8.0853565e-03 0.0000000e+00
  vertex -7.0615805e-02 2.5266739e-02 0.0000000e+00
  vertex -2.2173109e-02 9.1844024e-03 0.0000000e+00
 endloop
endfacet
facet normal 0.000000e+00 0.000000e+00 -1.000000e+00
 outer loop
  vertex -7.1770525e-02 2.1771351e-02 0.0000000e+00
  vertex -7.0615805e-02 2.5266739e-02 0.0000000e+00
  vertex -2.2597058e-02 8.0853565e-03 0.0000000e+00
 endloop
endfacet
facet normal 0.000000e+00 0.000000e+00 -1.000000e+00
 outer loop
  vertex -2.2966568e-02 6.9668323e-03 0.0000000e+00
  vertex -7.1770525e-02 2.1771351e-02 0.0000000e+00
  vertex -2.2597058e-02 8.0853565e-03 0.0000000e+00
 endloop
endfacet
facet normal 0.000000e+00 0.000000e+00 -1.000000e+00
 outer loop
  vertex -7.2752344e-02 1.8223513e-02 0.0000000e+00
  vertex -7.1770525e-02 2.1771351e-02 0.0000000e+00
  vertex -2.2966568e-02 6.9668323e-03 0.0000000e+00
 endloop
endfacet
facet normal 0.000000e+00 0.000000e+00 -1.000000e+00
 outer loop
  vertex -2.3280750e-02 5.8315243e-03 0.0000000e+00
  vertex -7.2752344e-02 1.8223513e-02 0.0000000e+00
  vertex -2.2966568e-02 6.9668323e-03 0.0000000e+00
 endloop
endfacet
facet normal 0.000000e+00 0.000000e+00 -1.000000e+00
 outer loop
  vertex -7.3558896e-02 1.4631774e-02 0.0000000e+00
  vertex -7.2752344e-02 1.8223513e-02 0.0000000e+00
  vertex -2.3280750e-02 5.8315243e-03 0.0000000e+00
 endloop
endfacet
facet normal 0.000000e+00 0.000000e+00 -1.000000e+00
 outer loop
  vertex -2.3538847e-02 4.6821677e-03 0.0000000e+00
  vertex -7.3558896e-02 1.4631774e-02 0.0000000e+00
  vertex -2.3280750e-02 5.8315243e-03 0.0000000e+00
 endloop
endfacet
facet normal 0.000000e+00 0.000000e+00 -1.000000e+00
 outer loop
  vertex -7.4188238e-02 1.1004786e-02 0.0000000e+00
  vertex -7.3558896e-02 1.4631774e-02 0.0000000e+00
  vertex -2.3538847e-02 4.6821677e-03 0.0000000e+00
 endloop
endfacet
facet normal 0.000000e+00 0.000000e+00 -1.000000e+00
 outer loop
  vertex -2.3740236e-02 3.5215314e-03 0.0000000e+00
  vertex -7.4188238e-02 1.1004786e-02 0.0000000e+00
  vertex -2.3538847e-02 4.6821677e-03 0.0000000e+00
 endloop
endfacet
facet normal 0.000000e+00 0.000000e+00 -1.000000e+00
 outer loop
  vertex -7.4638855e-02 7.3512855e-03 0.0000000e+00
  vertex -7.4188238e-02 1.1004786e-02 0.0000000e+00
  vertex -2.3740236e-02 3.5215314e-03 0.0000000e+00
 endloop
endfacet
facet normal 0.000000e+00 0.000000e+00 -1.000000e+00
 outer loop
  vertex -2.3884433e-02 2.3524114e-03 0.0000000e+00
  vertex -7.4638855e-02 7.3512855e-03 0.0000000e+00
  vertex -2.3740236e-02 3.5215314e-03 0.0000000e+00
 endloop
endfacet
facet normal 0.000000e+00 0.000000e+00 -1.000000e+00
 outer loop
  vertex -7.4909659e-02 3.6800756e-03 0.0000000e+00
  vertex -7.4638855e-02 7.3512855e-03 0.0000000e+00
  vertex -2.3884433e-02 2.3524114e-03 0.0000000e+00
 endloop
endfacet
facet normal 0.000000e+00 0.000000e+00 -1.000000e+00
 outer loop
  vertex -2.3971091e-02 1.1776242e-03 0.0000000e+00
  vertex -7.4909659e-02 3.6800756e-03 0.0000000e+00
  vertex -2.3884433e-02 2.3524114e-03 0.0000000e+00
 endloop
endfacet
facet normal 0.000000e+00 0.000000e+00 -1.000000e+00
 outer loop
  vertex -7.5000000e-02 9.1848510e-18 0.0000000e+00
  vertex -7.4909659e-02 3.6800756e-03 0.0000000e+00
  vertex -2.3971091e-02 1.1776242e-03 0.0000000e+00
 endloop
endfacet
facet normal 0.000000e+00 0.000000e+00 -1.000000e+00
 outer loop
  vertex -2.4000000e-02 2.9391523e-18 0.0000000e+00
  vertex -7.5000000e-02 9.1848510e-18 0.0000000e+00
  vertex -2.3971091e-02 1.1776242e-03 0.0000000e+00
 endloop
endfacet
facet normal 0.000000e+00 0.000000e+00 -1.000000e+00
 outer loop
  vertex -7.4909659e-02 -3.6800756e-03 0.0000000e+00
  vertex -7.5000000e-02 9.1848510e-18 0.0000000e+00
  vertex -2.4000000e-02 2.9391523e-18 0.0000000e+00
 endloop
endfacet
facet normal -0.000000e+00 0.000000e+00 -1.000000e+00
 outer loop
  vertex -2.3971091e-02 -1.1776242e-03 0.0000000e+00
  vertex -7.4909659e-02 -3.6800756e-03 0.0000000e+00
  vertex -2.4000000e-02 2.9391523e-18 0.0000000e+00
 endloop
endfacet
facet normal 0.000000e+00 0.000000e+00 -1.000000e+00
 outer loop
  vertex -7.4638855e-02 -7.3512855e-03 0.0000000e+00
  vertex -7.4909659e-02 -3.6800756e-03 0.0000000e+00
  vertex -2.3971091e-02 -1.1776242e-03 0.0000000e+00
 endloop
endfacet
facet normal -0.000000e+00 0.000000e+00 -1.000000e+00
 outer loop
  vertex -2.3884433e-02 -2.3524114e-03 0.0000000e+00
  vertex -7.4638855e-02 -7.3512855e-03 0.0000000e+00
  vertex -2.3971091e-02 -1.1776242e-03 0.0000000e+00
 endloop
endfacet
facet normal 0.000000e+00 0.000000e+00 -1.000000e+00
 outer loop
  vertex -7.4188238e-02 -1.1004786e-02 0.0000000e+00
  vertex -7.4638855e-02 -7.3512855e-03 0.0000000e+00
  vertex -2.3884433e-02 -2.3524114e-03 0.0000000e+00
 endloop
endfacet
facet normal -0.000000e+00 0.000000e+00 -1.000000e+00
 outer loop
  vertex -2.3740236e-02 -3.5215314e-03 0.0000000e+00
  vertex -7.4188238e-02 -1.1004786e-02 0.0000000e+00
  vertex -2.3884433e-02 -2.3524114e-03 0.0000000e+00
 endloop
endfacet
facet normal 0.000000e+00 0.000000e+00 -1.000000e+00
 outer loop
  vertex -7.3558896e-02 -1.4631774e-02 0.0000000e+00
  vertex -7.4188238e-02 -1.1004786e-02 0.0000000e+00
  vertex -2.3740236e-02 -3.5215314e-03 0.0000000e+00
 endloop
endfacet
facet normal -0.000000e+00 0.000000e+00 -1.000000e+00
 outer loop
  vertex -2.3538847e-02 -4.6821677e-03 0.0000000e+00
  vertex -7.3558896e-02 -1.4631774e-02 0.0000000e+00
  vertex -2.3740236e-02 -3.5215314e-03 0.0000000e+00
 endloop
endfacet
facet normal 0.000000e+00 0.000000e+00 -1.000000e+00
 outer loop
  vertex -7.2752344e-02 -1.8223513e-02 0.0000000e+00
  vertex -7.3558896e-02 -1.4631774e-02 0.0000000e+00
  vertex -2.3538847e-02 -4.6821677e-03 0.0000000e+00
 endloop
endfacet
facet normal -0.000000e+00 0.000000e+00 -1.000000e+00
 outer loop
  vertex -2.3280750e-02 -5.8315243e-03 0.0000000e+00
  vertex -7.2752344e-02 -1.8223513e-02 0.0000000e+00
  vertex -2.3538847e-02 -4.6821677e-03 0.0000000e+00
 endloop
endfacet
facet normal 0.000000e+00 0.000000e+00 -1.000000e+00
 outer loop
  vertex -7.1770525e-02 -2.1771351e-02 0.0000000e+00
  vertex -7.2752344e-02 -1.8223513e-02 0.0000000e+00
  vertex -2.3280750e-02 -5.8315243e-03 0.0000000e+00
 endloop
endfacet
facet normal -0.000000e+00 0.000000e+00 -1.000000e+00
 outer loop
  vertex -2.2966568e-02 -6.9668323e-03 0.0000000e+00
  vertex -7.1770525e-02 -2.1771351e-02 0.0000000e+00
  vertex -2.3280750e-02 -5.8315243e-03 0.0000000e+00
 endloop
endfacet
facet normal 0.000000e+00 0.000000e+00 -1.000000e+00
 outer loop
  vertex -7.0615805e-02 -2.5266739e-02 0.0000000e+00
  vertex -7.1770525e-02 -2.1771351e-02 0.0000000e+00
  vertex -2.2966568e-02 -6.9668323e-03 0.0000000e+00
 endloop
endfacet
facet normal -0.000000e+00 0.000000e+00 -1.000000e+00
 outer loop
  vertex -2.2597058e-02 -8.0853565e-03 0.0000000e+00
  vertex -7.0615805e-02 -2.5266739e-02 0.0000000e+00
  vertex -2.2966568e-02 -6.9668323e-03 0.0000000e+00
 endloop
endfacet
facet normal 0.000000e+00 0.000000e+00 -1.000000e+00
 outer loop
  vertex -6.9290965e-02 -2.8701257e-02 0.0000000e+00
  vertex -7.0615805e-02 -2.5266739e-02 0.0000000e+00
  vertex -2.2597058e-02 -8.0853565e-03 0.0000000e+00
 endloop
endfacet
facet normal -0.000000e+00 0.000000e+00 -1.000000e+00
 outer loop
  vertex -2.2173109e-02 -9.1844024e-03 0.0000000e+00
  vertex -6.9290965e-02 -2.8701257e-02 0.0000000e+00
  vertex -2.2597058e-02 -8.0853565e-03 0.0000000e+00
 endloop
endfacet
facet normal 0.000000e+00 0.000000e+00 -1.000000e+00
 outer loop
  vertex -6.7799197e-02 -3.2066632e-02 0.0000000e+00
  vertex -6.9290965e-02 -2.8701257e-02 0.0000000e+00
  vertex -2.2173109e-02 -9.1844024e-03 0.0000000e+00
 endloop
endfacet
facet normal -0.000000e+00 0.000000e+00 -1.000000e+00
 outer loop
  vertex -2.1695743e-02 -1.0261322e-02 0.0000000e+00
  vertex -6.7799197e-02 -3.2066632e-02 0.0000000e+00
  vertex -2.2173109e-02 -9.1844024e-03 0.0000000e+00
 endloop
endfacet
facet normal 0.000000e+00 0.000000e+00 -1.000000e+00
 outer loop
  vertex -6.6144095e-02 -3.5354755e-02 0.0000000e+00
  vertex -6.7799197e-02 -3.2066632e-02 0.0000000e+00
  vertex -2.1695743e-02 -1.0261322e-02 0.0000000e+00
 endloop
endfacet
facet normal -0.000000e+00 0.000000e+00 -1.000000e+00
 outer loop
  vertex -2.1166110e-02 -1.1313522e-02 0.0000000e+00
  vertex -6.6144095e-02 -3.5354755e-02 0.0000000e+00
  vertex -2.1695743e-02 -1.0261322e-02 0.0000000e+00
 endloop
endfacet
facet normal 0.000000e+00 0.000000e+00 -1.000000e+00
 outer loop
  vertex -6.4329646e-02 -3.8557706e-02 0.0000000e+00
  vertex -6.6144095e-02 -3.5354755e-02 0.0000000e+00
  vertex -2.1166110e-02 -1.1313522e-02 0.0000000e+00
 endloop
endfacet
facet normal -0.000000e+00 0.000000e+00 -1.000000e+00
 outer loop
  vertex -2.0585487e-02 -1.2338466e-02 0.0000000e+00
  vertex -6.4329646e-02 -3.8557706e-02 0.0000000e+00
  vertex -2.1166110e-02 -1.1313522e-02 0.0000000e+00
 endloop
endfacet
facet normal 0.000000e+00 0.000000e+00 -1.000000e+00
 outer loop
  vertex -6.2360221e-02 -4.1667767e-02 0.0000000e+00
  vertex -6.4329646e-02 -3.8557706e-02 0.0000000e+00
  vertex -2.0585487e-02 -1.2338466e-02 0.0000000e+00
 endloop
endfacet
facet normal -0.000000e+00 0.000000e+00 -1.000000e+00
 outer loop
  vertex -1.9955271e-02 -1.3333686e-02 0.0000000e+00
  vertex -6.2360221e-02 -4.1667767e-02 0.0000000e+00
  vertex -2.0585487e-02 -1.2338466e-02 0.0000000e+00
 endloop
endfacet
facet normal 0.000000e+00 0.000000e+00 -1.000000e+00
 outer loop
  vertex -6.0240565e-02 -4.4677448e-02 0.0000000e+00
  vertex -6.2360221e-02 -4.1667767e-02 0.0000000e+00
  vertex -1.9955271e-02 -1.3333686e-02 0.0000000e+00
 endloop
endfacet
facet normal -0.000000e+00 0.000000e+00 -1.000000e+00
 outer loop
  vertex -1.9276981e-02 -1.4296783e-02 0.0000000e+00
  vertex -6.0240565e-02 -4.4677448e-02 0.0000000e+00
  vertex -1.9955271e-02 -1.3333686e-02 0.0000000e+00
 endloop
endfacet
facet normal 0.000000e+00 0.000000e+00 -1.000000e+00
 outer loop
  vertex -5.7975784e-02 -4.7579496e-02 0.0000000e+00
  vertex -6.0240565e-02 -4.4677448e-02 0.0000000e+00
  vertex -1.9276981e-02 -1.4296783e-02 0.0000000e+00
 endloop
endfacet
facet normal -0.000000e+00 0.000000e+00 -1.000000e+00
 outer loop
  vertex -1.8552251e-02 -1.5225439e-02 0.0000000e+00
  vertex -5.7975784e-02 -4.7579496e-02 0.0000000e+00
  vertex -1.9276981e-02 -1.4296783e-02 0.0000000e+00
 endloop
endfacet
facet normal 0.000000e+00 0.000000e+00 -1.000000e+00
 outer loop
  vertex -5.5571334e-02 -5.0366922e-02 0.0000000e+00
  vertex -5.7975784e-02 -4.7579496e-02 0.0000000e+00
  vertex -1.8552251e-02 -1.5225439e-02 0.0000000e+00
 endloop
endfacet
facet normal -0.000000e+00 0.000000e+00 -1.000000e+00
 outer loop
  vertex -1.7782827e-02 -1.6117415e-02 0.0000000e+00
  vertex -5.5571334e-02 -5.0366922e-02 0.0000000e+00
  vertex -1.8552251e-02 -1.5225439e-02 0.0000000e+00
 endloop
endfacet
facet normal 0.000000e+00 0.000000e+00 -1.000000e+00
 outer loop
  vertex -5.3033009e-02 -5.3033009e-02 0.0000000e+00
  vertex -5.5571334e-02 -5.0366922e-02 0.0000000e+00
  vertex -1.7782827e-02 -1.6117415e-02 0.0000000e+00
 endloop
endfacet
facet normal -0.000000e+00 0.000000e+00 -1.000000e+00
 outer loop
  vertex -1.6970563e-02 -1.6970563e-02 0.0000000e+00
  vertex -5.3033009e-02 -5.3033009e-02 0.0000000e+00
  vertex -1.7782827e-02 -1.6117415e-02 0.0000000e+00
 endloop
endfacet
facet normal 0.000000e+00 0.000000e+00 -1.000000e+00
 outer loop
  vertex -5.0366922e-02 -5.5571334e-02 0.0000000e+00
  vertex -5.3033009e-02 -5.3033009e-02 0.0000000e+00
  vertex -1.6970563e-02 -1.6970563e-02 0.0000000e+00
 endloop
endfacet
facet normal -0.000000e+00 0.000000e+00 -1.000000e+00
 outer loop
  vertex -1.6117415e-02 -1.7782827e-02 0.0000000e+00
  vertex -5.0366922e-02 -5.5571334e-02 0.0000000e+00
  vertex -1.6970563e-02 -1.6970563e-02 0.0000000e+00
 endloop
endfacet
facet normal 0.000000e+00 0.000000e+00 -1.000000e+00
 outer loop
  vertex -4.7579496e-02 -5.7975784e-02 0.0000000e+00
  vertex -5.0366922e-02 -5.5571334e-02 0.0000000e+00
  vertex -1.6117415e-02 -1.7782827e-02 0.0000000e+00
 endloop
endfacet
facet normal -0.000000e+00 0.000000e+00 -1.000000e+00
 outer loop
  vertex -1.5225439e-02 -1.8552251e-02 0.0000000e+00
  vertex -4.7579496e-02 -5.7975784e-02 0.0000000e+00
  vertex -1.6117415e-02 -1.7782827e-02 0.0000000e+00
 endloop
endfacet
facet normal 0.000000e+00 0.000000e+00 -1.000000e+00
 outer loop
  vertex -4.4677448e-02 -6.0240565e-02 0.0000000e+00
  vertex -4.7579496e-02 -5.7975784e-02 0.0000000e+00
  vertex -1.5225439e-02 -1.8552251e-02 0.0000000e+00
 endloop
endfacet
facet normal -0.000000e+00 0.000000e+00 -1.000000e+00
 outer loop
  vertex -1.4296783e-02 -1.9276981e-02 0.0000000e+00
  vertex -4.4677448e-02 -6.0240565e-02 0.0000000e+00
  vertex -1.5225439e-02 -1.8552251e-02 0.0000000e+00
 endloop
endfacet
facet normal 0.000000e+00 0.000000e+00 -1.000000e+00
 outer loop
  vertex -4.1667767e-02 -6.2360221e-02 0.0000000e+00
  vertex -4.4677448e-02 -6.0240565e-02 0.0000000e+00
  vertex -1.4296783e-02 -1.9276981e-02 0.0000000e+00
 endloop
endfacet
facet normal -0.000000e+00 0.000000e+00 -1.000000e+00
 outer loop
  vertex -1.3333686e-02 -1.9955271e-02 0.0000000e+00
  vertex -4.1667767e-02 -6.2360221e-02 0.0000000e+00
  vertex -1.4296783e-02 -1.9276981e-02 0.0000000e+00
 endloop
endfacet
facet normal 0.000000e+00 0.000000e+00 -1.000000e+00
 outer loop
  vertex -3.8557706e-02 -6.4329646e-02 0.0000000e+00
  vertex -4.1667767e-02 -6.2360221e-02 0.0000000e+00
  vertex -1.3333686e-02 -1.9955271e-02 0.0000000e+00
 endloop
endfacet
facet normal -0.000000e+00 0.000000e+00 -1.000000e+00
 outer loop
  vertex -1.2338466e-02 -2.0585487e-02 0.0000000e+00
  vertex -3.8557706e-02 -6.4329646e-02 0.0000000e+00
  vertex -1.3333686e-02 -1.9955271e-02 0.0000000e+00
 endloop
endfacet
facet normal 0.000000e+00 0.000000e+00 -1.000000e+00
 outer loop
  vertex -3.5354755e-02 -6.6144095e-02 0.0000000e+00
  vertex -3.8557706e-02 -6.4329646e-02 0.0000000e+00
  vertex -1.2338466e-02 -2.0585487e-02 0.0000000e+00
 endloop
endfacet
facet normal -0.000000e+00 0.000000e+00 -1.000000e+00
 outer loop
  vertex -1.1313522e-02 -2.1166110e-02 0.0000000e+00
  vertex -3.5354755e-02 -6.6144095e-02 0.0000000e+00
  vertex -1.2338466e-02 -2.0585487e-02 0.0000000e+00
 endloop
endfacet
facet normal 0.000000e+00 0.000000e+00 -1.000000e+00
 outer loop
  vertex -3.2066632e-02 -6.7799197e-02 0.0000000e+00
  vertex -3.5354755e-02 -6.6144095e-02 0.0000000e+00
  vertex -1.1313522e-02 -2.1166110e-02 0.0000000e+00
 endloop
endfacet
facet normal -0.000000e+00 0.000000e+00 -1.000000e+00
 outer loop
  vertex -1.0261322e-02 -2.1695743e-02 0.0000000e+00
  vertex -3.2066632e-02 -6.7799197e-02 0.0000000e+00
  vertex -1.1313522e-02 -2.1166110e-02 0.0000000e+00
 endloop
endfacet
facet normal 0.000000e+00 0.000000e+00 -1.000000e+00
 outer loop
  vertex -2.8701257e-02 -6.9290965e-02 0.0000000e+00
  vertex -3.2066632e-02 -6.7799197e-02 0.0000000e+00
  vertex -1.0261322e-02 -2.1695743e-02 0.0000000e+00
 endloop
endfacet
facet normal -0.000000e+00 0.000000e+00 -1.000000e+00
 outer loop
  vertex -9.1844024e-03 -2.2173109e-02 0.0000000e+00
  vertex -2.8701257e-02 -6.9290965e-02 0.0000000e+00
  vertex -1.0261322e-02 -2.1695743e-02 0.0000000e+00
 endloop
endfacet
facet normal 0.000000e+00 0.000000e+00 -1.000000e+00
 outer loop
  vertex -2.5266739e-02 -7.0615805e-02 0.0000000e+00
  vertex -2.8701257e-02 -6.9290965e-02 0.0000000e+00
  vertex -9.1844024e-03 -2.2173109e-02 0.0000000e+00
 endloop
endfacet
facet normal -0.000000e+00 0.000000e+00 -1.000000e+00
 outer loop
  vertex -8.0853565e-03 -2.2597058e-02 0.0000000e+00
  vertex -2.5266739e-02 -7.0615805e-02 0.0000000e+00
  vertex -9.1844024e-03 -2.2173109e-02 0.0000000e+00
 endloop
endfacet
facet normal 0.000000e+00 0.000000e+00 -1.000000e+00
 outer loop
  vertex -2.1771351e-02 -7.1770525e-02 0.0000000e+00
  vertex -2.5266739e-02 -7.0615805e-02 0.0000000e+00
  vertex -8.0853565e-03 -2.2597058e-02 0.0000000e+00
 endloop
endfacet
facet normal -0.000000e+00 0.000000e+00 -1.000000e+00
 outer loop
  vertex -6.9668323e-03 -2.2966568e-02 0.0000000e+00
  vertex -2.1771351e-02 -7.1770525e-02 0.0000000e+00
  vertex -8.0853565e-03 -2.2597058e-02 0.0000000e+00
 endloop
endfacet
facet normal 0.000000e+00 0.000000e+00 -1.000000e+00
 outer loop
  vertex -1.8223513e-02 -7.2752344e-02 0.0000000e+00
  vertex -2.1771351e-02 -7.1770525e-02 0.0000000e+00
  vertex -6.9668323e-03 -2.2966568e-02 0.0000000e+00
 endloop
endfacet
facet normal -0.000000e+00 0.000000e+00 -1.000000e+00
 outer loop
  vertex -5.8315243e-03 -2.3280750e-02 0.0000000e+00
  vertex -1.8223513e-02 -7.2752344e-02 0.0000000e+00
  vertex -6.9668323e-03 -2.2966568e-02 0.0000000e+00
 endloop
endfacet
facet normal 0.000000e+00 0.000000e+00 -1.000000e+00
 outer loop
  vertex -1.4631774e-02 -7.3558896e-02 0.0000000e+00
  vertex -1.8223513e-02 -7.2752344e-02 0.0000000e+00
  vertex -5.8315243e-03 -2.3280750e-02 0.0000000e+00
 endloop
endfacet
facet normal -0.000000e+00 0.000000e+00 -1.000000e+00
 outer loop
  vertex -4.6821677e-03 -2.3538847e-02 0.0000000e+00
  vertex -1.4631774e-02 -7.3558896e-02 0.0000000e+00
  vertex -5.8315243e-03 -2.3280750e-02 0.0000000e+00
 endloop
endfacet
facet normal 0.000000e+00 0.000000e+00 -1.000000e+00
 outer loop
  vertex -1.1004786e-02 -7.4188238e-02 0.0000000e+00
  vertex -1.4631774e-02 -7.3558896e-02 0.0000000e+00
  vertex -4.6821677e-03 -2.3538847e-02 0.0000000e+00
 endloop
endfacet
facet normal -0.000000e+00 0.000000e+00 -1.000000e+00
 outer loop
  vertex -3.5215314e-03 -2.3740236e-02 0.0000000e+00
  vertex -1.1004786e-02 -7.4188238e-02 0.0000000e+00
  vertex -4.6821677e-03 -2.3538847e-02 0.0000000e+00
 endloop
endfacet
facet normal 0.000000e+00 0.000000e+00 -1.000000e+00
 outer loop
  vertex -7.3512855e-03 -7.4638855e-02 0.0000000e+00
  vertex -1.1004786e-02 -7.4188238e-02 0.0000000e+00
  vertex -3.5215314e-03 -2.3740236e-02 0.0000000e+00
 endloop
endfacet
facet normal -0.000000e+00 0.000000e+00 -1.000000e+00
 outer loop
  vertex -2.3524114e-03 -2.3884433e-02 0.0000000e+00
  vertex -7.3512855e-03 -7.4638855e-02 0.0000000e+00
  vertex -3.5215314e-03 -2.3740236e-02 0.0000000e+00
 endloop
endfacet
facet normal 0.000000e+00 0.000000e+00 -1.000000e+00
 outer loop
  vertex -3.6800756e-03 -7.4909659e-02 0.0000000e+00
  vertex -7.3512855e-03 -7.4638855e-02 0.0000000e+00
  vertex -2.3524114e-03 -2.3884433e-02 0.0000000e+00
 endloop
endfacet
facet normal -0.000000e+00 0.000000e+00 -1.000000e+00
 outer loop
  vertex -1.1776242e-03 -2.3971091e-02 0.0000000e+00
  vertex -3.6800756e-03 -7.4909659e-02 0.0000000e+00
  vertex -2.3524114e-03 -2.3884433e-02 0.0000000e+00
 endloop
endfacet
facet normal 0.000000e+00 0.000000e+00 -1.000000e+00
 outer loop
  vertex -1.3777276e-17 -7.5000000e-02 0.0000000e+00
  vertex -3.6800756e-03 -7.4909659e-02 0.0000000e+00
  vertex -1.1776242e-03 -2.3971091e-02 0.0000000e+00
 endloop
endfacet
facet normal -0.000000e+00 0.000000e+00 -1.000000e+00
 outer loop
  vertex -4.4087285e-18 -2.4000000e-02 0.0000000e+00
  vertex -1.3777276e-17 -7.5000000e-02 0.0000000e+00
  vertex -1.1776242e-03 -2.3971091e-02 0.0000000e+00
 endloop
endfacet
facet normal -0.000000e+00 0.000000e+00 -1.000000e+00
 outer loop
  vertex 3.6800756e-03 -7.4909659e-02 0.0000000e+00
  vertex -1.3777276e-17 -7.5000000e-02 0.0000000e+00
  vertex -4.4087285e-18 -2.4000000e-02 0.0000000e+00
 endloop
endfacet
facet normal 0.000000e+00 -0.000000e+00 -1.000000e+00
 outer loop
  vertex 1.1776242e-03 -2.3971091e-02 0.0000000e+00
  vertex 3.6800756e-03 -7.4909659e-02 0.0000000e+00
  vertex -4.4087285e-18 -2.4000000e-02 0.0000000e+00
 endloop
endfacet
facet normal -0.000000e+00 0.000000e+00 -1.000000e+00
 outer loop
  vertex 7.3512855e-03 -7.4638855e-02 0.0000000e+00
  vertex 3.6800756e-03 -7.4909659e-02 0.0000000e+00
  vertex 1.1776242e-03 -2.3971091e-02 0.0000000e+00
 endloop
endfacet
facet normal 0.000000e+00 -0.000000e+00 -1.000000e+00
 outer loop
  vertex 2.3524114e-03 -2.3884433e-02 0.0000000e+00
  vertex 7.3512855e-03 -7.4638855e-02 0.0000000e+00
  vertex 1.1776242e-03 -2.3971091e-02 0.0000000e+00
 endloop
endfacet
facet normal -0.000000e+00 0.000000e+00 -1.000000e+00
 outer loop
  vertex 1.1004786e-02 -7.4188238e-02 0.0000000e+00
  vertex 7.3512855e-03 -7.4638855e-02 0.0000000e+00
  vertex 2.3524114e-03 -2.3884433e-02 0.0000000e+00
 endloop
endfacet
facet normal 0.000000e+00 -0.000000e+00 -1.000000e+00
 outer loop
  vertex 3.5215314e-03 -2.3740236e-02 0.0000000e+00
  vertex 1.1004786e-02 -7.4188238e-02 0.0000000e+00
  vertex 2.3524114e-03 -2.3884433e-02 0.0000000e+00
 endloop
endfacet
facet normal -0.000000e+00 0.000000e+00 -1.000000e+00
 outer loop
  vertex 1.4631774e-02 -7.3558896e-02 0.0000000e+00
  vertex 1.1004786e-02 -7.4188238e-02 0.0000000e+00
  vertex 3.5215314e-03 -2.3740236e-02 0.0000000e+00
 endloop
endfacet
facet normal 0.000000e+00 -0.000000e+00 -1.000000e+00
 outer loop
  vertex 4.6821677e-03 -2.3538847e-02 0.0000000e+00
  vertex 1.4631774e-02 -7.3558896e-02 0.0000000e+00
  vertex 3.5215314e-03 -2.3740236e-02 0.0000000e+00
 endloop
endfacet
facet normal -0.000000e+00 0.000000e+00 -1.000000e+00
 outer loop
  vertex 1.8223513e-02 -7.2752344e-02 0.0000000e+00
  vertex 1.4631774e-02 -7.3558896e-02 0.0000000e+00
  vertex 4.6821677e-03 -2.3538847e-02 0.0000000e+00
 endloop
endfacet
facet normal 0.000000e+00 -0.000000e+00 -1.000000e+00
 outer loop
  vertex 5.8315243e-03 -2.3280750e-02 0.0000000e+00
  vertex 1.8223513e-02 -7.2752344e-02 0.0000000e+00
  vertex 4.6821677e-03 -2.3538847e-02 0.0000000e+00
 endloop
endfacet
facet normal -0.000000e+00 0.000000e+00 -1.000000e+00
 outer loop
  vertex 2.1771351e-02 -7.1770525e-02 0.0000000e+00
  vertex 1.8223513e-02 -7.2752344e-02 0.0000000e+00
  vertex 5.8315243e-03 -2.3280750e-02 0.0000000e+00
 endloop
endfacet
facet normal 0.000000e+00 -0.000000e+00 -1.000000e+00
 outer loop
  vertex 6.9668323e-03 -2.2966568e-02 0.0000000e+00
  vertex 2.1771351e-02 -7.1770525e-02 0.0000000e+00
  vertex 5.8315243e-03 -2.3280750e-02 0.0000000e+00
 endloop
endfacet
facet normal -0.000000e+00 0.000000e+00 -1.000000e+00
 outer loop
  vertex 2.5266739e-02 -7.0615805e-02 0.0000000e+00
  vertex 2.1771351e-02 -7.1770525e-02 0.0000000e+00
  vertex 6.9668323e-03 -2.2966568e-02 0.0000000e+00
 endloop
endfacet
facet normal 0.000000e+00 -0.000000e+00 -1.000000e+00
 outer loop
  vertex 8.0853565e-03 -2.2597058e-02 0.0000000e+00
  vertex 2.5266739e-02 -7.0615805e-02 0.0000000e+00
  vertex 6.9668323e-03 -2.2966568e-02 0.0000000e+00
 endloop
endfacet
facet normal -0.000000e+00 0.000000e+00 -1.000000e+00
 outer loop
  vertex 2.8701257e-02 -6.9290965e-02 0.0000000e+00
  vertex 2.5266739e-02 -7.0615805e-02 0.0000000e+00
  vertex 8.0853565e-03 -2.2597058e-02 0.0000000e+00
 endloop
endfacet
facet normal 0.000000e+00 -0.000000e+00 -1.000000e+00
 outer loop
  vertex 9.1844024e-03 -2.2173109e-02 0.0000000e+00
  vertex 2.8701257e-02 -6.9290965e-02 0.0000000e+00
  vertex 8.0853565e-03 -2.2597058e-02 0.0000000e+00
 endloop
endfacet
facet normal -0.000000e+00 0.000000e+00 -1.000000e+00
 outer loop
  vertex 3.2066632e-02 -6.7799197e-02 0.0000000e+00
  vertex 2.8701257e-02 -6.9290965e-02 0.0000000e+00
  vertex 9.1844024e-03 -2.2173109e-02 0.0000000e+00
 endloop
endfacet
facet normal 0.000000e+00 -0.000000e+00 -1.000000e+00
 outer loop
  vertex 1.0261322e-02 -2.1695743e-02 0.0000000e+00
  vertex 3.2066632e-02 -6.7799197e-02 0.0000000e+00
  vertex 9.1844024e-03 -2.2173109e-02 0.0000000e+00
 endloop
endfacet
facet normal -0.000000e+00 0.000000e+00 -1.000000e+00
 outer loop
  vertex 3.5354755e-02 -6.6144095e-02 0.0000000e+00
  vertex 3.2066632e-02 -6.7799197e-02 0.0000000e+00
  vertex 1.0261322e-02 -2.1695743e-02 0.0000000e+00
 endloop
endfacet
facet normal 0.000000e+00 -0.000000e+00 -1.000000e+00
 outer loop
  vertex 1.1313522e-02 -2.1166110e-02 0.0000000e+00
  vertex 3.5354755e-02 -6.6144095e-02 0.0000000e+00
  vertex 1.0261322e-02 -2.1695743e-02 0.0000000e+00
 endloop
endfacet
facet normal -0.000000e+00 0.000000e+00 -1.000000e+00
 outer loop
  vertex 3.8557706e-02 -6.4329646e-02 0.0000000e+00
  vertex 3.5354755e-02 -6.6144095e-02 0.0000000e+00
  vertex 1.1313522e-02 -2.1166110e-02 0.0000000e+00
 endloop
endfacet
facet normal 0.000000e+00 -0.000000e+00 -1.000000e+00
 outer loop
  vertex 1.2338466e-02 -2.0585487e-02 0.0000000e+00
  vertex 3.8557706e-02 -6.4329646e-02 0.0000000e+00
  vertex 1.1313522e-02 -2.1166110e-02 0.0000000e+00
 endloop
endfacet
facet normal -0.000000e+00 0.000000e+00 -1.000000e+00
 outer loop
  vertex 4.1667767e-02 -6.2360221e-02 0.0000000e+00
  vertex 3.8557706e-02 -6.4329646e-02 0.0000000e+00
  vertex 1.2338466e-02 -2.0585487e-02 0.0000000e+00
 endloop
endfacet
facet normal 0.000000e+00 -0.000000e+00 -1.000000e+00
 outer loop
  vertex 1.3333686e-02 -1.9955271e-02 0.0000000e+00
  vertex 4.1667767e-02 -6.2360221e-02 0.0000000e+00
  vertex 1.2338466e-02 -2.0585487e-02 0.0000000e+00
 endloop
endfacet
facet normal -0.000000e+00 0.000000e+00 -1.000000e+00
 outer loop
  vertex 4.4677448e-02 -6.0240565e-02 0.0000000e+00
  vertex 4.1667767e-02 -6.2360221e-02 0.0000000e+00
  vertex 1.3333686e-02 -1.9955271e-02 0.0000000e+00
 endloop
endfacet
facet normal 0.000000e+00 -0.000000e+00 -1.000000e+00
 outer loop
  vertex 1.4296783e-02 -1.9276981e-02 0.0000000e+00
  vertex 4.4677448e-02 -6.0240565e-02 0.0000000e+00
  vertex 1.3333686e-02 -1.9955271e-02 0.0000000e+00
 endloop
endfacet
facet normal -0.000000e+00 0.000000e+00 -1.000000e+00
 outer loop
  vertex 4.7579496e-02 -5.7975784e-02 0.0000000e+00
  vertex 4.4677448e-02 -6.0240565e-02 0.0000000e+00
  vertex 1.4296783e-02 -1.9276981e-02 0.0000000e+00
 endloop
endfacet
facet normal 0.000000e+00 -0.000000e+00 -1.000000e+00
 outer loop
  vertex 1.5225439e-02 -1.8552251e-02 0.0000000e+00
  vertex 4.7579496e-02 -5.7975784e-02 0.0000000e+00
  vertex 1.4296783e-02 -1.9276981e-02 0.0000000e+00
 endloop
endfacet
facet normal -0.000000e+00 0.000000e+00 -1.000000e+00
 outer loop
  vertex 5.0366922e-02 -5.5571334e-02 0.0000000e+00
  vertex 4.7579496e-02 -5.7975784e-02 0.0000000e+00
  vertex 1.5225439e-02 -1.8552251e-02 0.0000000e+00
 endloop
endfacet
facet normal 0.000000e+00 -0.000000e+00 -1.000000e+00
 outer loop
  vertex 1.6117415e-02 -1.7782827e-02 0.0000000e+00
  vertex 5.0366922e-02 -5.5571334e-02 0.0000000e+00
  vertex 1.5225439e-02 -1.8552251e-02 0.0000000e+00
 endloop
endfacet
facet normal -0.000000e+00 0.000000e+00 -1.000000e+00
 outer loop
  vertex 5.3033009e-02 -5.3033009e-02 0.0000000e+00
  vertex 5.0366922e-02 -5.5571334e-02 0.0000000e+00
  vertex 1.6117415e-02 -1.7782827e-02 0.0000000e+00
 endloop
endfacet
facet normal 0.000000e+00 -0.000000e+00 -1.000000e+00
 outer loop
  vertex 1.6970563e-02 -1.6970563e-02 0.0000000e+00
  vertex 5.3033009e-02 -5.3033009e-02 0.0000000e+00
  vertex 1.6117415e-02 -1.7782827e-02 0.0000000e+00
 endloop
endfacet
facet normal -0.000000e+00 0.000000e+00 -1.000000e+00
 outer loop
  vertex 5.5571334e-02 -5.0366922e-02 0.0000000e+00
  vertex 5.3033009e-02 -5.3033009e-02 0.0000000e+00
  vertex 1.6970563e-02 -1.6970563e-02 0.0000000e+00
 endloop
endfacet
facet normal 0.000000e+00 -0.000000e+00 -1.000000e+00
 outer loop
  vertex 1.7782827e-02 -1.6117415e-02 0.0000000e+00
  vertex 5.5571334e-02 -5.0366922e-02 0.0000000e+00
  vertex 1.6970563e-02 -1.6970563e-02 0.0000000e+00
 endloop
endfacet
facet normal -0.000000e+00 0.000000e+00 -1.000000e+00
 outer loop
  vertex 5.7975784e-02 -4.7579496e-02 0.0000000e+00
  vertex 5.5571334e-02 -5.0366922e-02 0.0000000e+00
  vertex 1.7782827e-02 -1.6117415e-02 0.0000000e+00
 endloop
endfacet
facet normal 0.000000e+00 -0.000000e+00 -1.000000e+00
 outer loop
  vertex 1.8552251e-02 -1.5225439e-02 0.0000000e+00
  vertex 5.7975784e-02 -4.7579496e-02 0.0000000e+00
  vertex 1.7782827e-02 -1.6117415e-02 0.0000000e+00
 endloop
endfacet
facet normal -0.000000e+00 0.000000e+00 -1.000000e+00
 outer loop
  vertex 6.0240565e-02 -4.4677448e-02 0.0000000e+00
  vertex 5.7975784e-02 -4.7579496e-02 0.0000000e+00
  vertex 1.8552251e-02 -1.5225439e-02 0.0000000e+00
 endloop
endfacet
facet normal 0.000000e+00 -0.000000e+00 -1.000000e+00
 outer loop
  vertex 1.9276981e-02 -1.4296783e-02 0.0000000e+00
  vertex 6.0240565e-02 -4.4677448e-02 0.0000000e+00
  vertex 1.8552251e-02 -1.5225439e-02 0.0000000e+00
 endloop
endfacet
facet normal -0.000000e+00 0.000000e+00 -1.000000e+00
 outer loop
  vertex 6.2360221e-02 -4.1667767e-02 0.0000000e+00
  vertex 6.0240565e-02 -4.4677448e-02 0.0000000e+00
  vertex 1.9276981e-02 -1.4296783e-02 0.0000000e+00
 endloop
endfacet
facet normal 0.000000e+00 -0.000000e+00 -1.000000e+00
 outer loop
  vertex 1.9955271e-02 -1.3333686e-02 0.0000000e+00
  vertex 6.2360221e-02 -4.1667767e-02 0.0000000e+00
  vertex 1.9276981e-02 -1.4296783e-02 0.0000000e+00
 endloop
endfacet
facet normal -0.000000e+00 0.000000e+00 -1.000000e+00
 outer loop
  vertex 6.4329646e-02 -3.8557706e-02 0.0000000e+00
  vertex 6.2360221e-02 -4.1667767e-02 0.0000000e+00
  vertex 1.9955271e-02 -1.3333686e-02 0.0000000e+00
 endloop
endfacet
facet normal 0.000000e+00 -0.000000e+00 -1.000000e+00
 outer loop
  vertex 2.0585487e-02 -1.2338466e-02 0.0000000e+00
  vertex 6.4329646e-02 -3.8557706e-02 0.0000000e+00
  vertex 1.9955271e-02 -1.3333686e-02 0.0000000e+00
 endloop
endfacet
facet normal -0.000000e+00 0.000000e+00 -1.000000e+00
 outer loop
  vertex 6.6144095e-02 -3.5354755e-02 0.0000000e+00
  vertex 6.4329646e-02 -3.8557706e-02 0.0000000e+00
  vertex 2.0585487e-02 -1.2338466e-02 0.0000000e+00
 endloop
endfacet
facet normal 0.000000e+00 -0.000000e+00 -1.000000e+00
 outer loop
  vertex 2.1166110e-02 -1.1313522e-02 0.0000000e+00
  vertex 6.6144095e-02 -3.5354755e-02 0.0000000e+00
  vertex 2.0585487e-02 -1.2338466e-02 0.0000000e+00
 endloop
endfacet
facet normal -0.000000e+00 0.000000e+00 -1.000000e+00
 outer loop
  vertex 6.7799197e-02 -3.2066632e-02 0.0000000e+00
  vertex 6.6144095e-02 -3.5354755e-02 0.0000000e+00
  vertex 2.1166110e-02 -1.1313522e-02 0.0000000e+00
 endloop
endfacet
facet normal 0.000000e+00 -0.000000e+00 -1.000000e+00
 outer loop
  vertex 2.1695743e-02 -1.0261322e-02 0.0000000e+00
  vertex 6.7799197e-02 -3.2066632e-02 0.0000000e+00
  vertex 2.1166110e-02 -1.1313522e-02 0.0000000e+00
 endloop
endfacet
facet normal -0.000000e+00 0.000000e+00 -1.000000e+00
 outer loop
  vertex 6.9290965e-02 -2.8701257e-02 0.0000000e+00
  vertex 6.7799197e-02 -3.2066632e-02 0.0000000e+00
  vertex 2.1695743e-02 -1.0261322e-02 0.0000000e+00
 endloop
endfacet
facet normal 0.000000e+00 -0.000000e+00 -1.000000e+00
 outer loop
  vertex 2.2173109e-02 -9.1844024e-03 0.0000000e+00
  vertex 6.9290965e-02 -2.8701257e-02 0.0000000e+00
  vertex 2.1695743e-02 -1.0261322e-02 0.0000000e+00
 endloop
endfacet
facet normal -0.000000e+00 0.000000e+00 -1.000000e+00
 outer loop
  vertex 7.0615805e-02 -2.5266739e-02 0.0000000e+00
  vertex 6.9290965e-02 -2.8701257e-02 0.0000000e+00
  vertex 2.2173109e-02 -9.1844024e-03 0.0000000e+00
 endloop
endfacet
facet normal 0.000000e+00 -0.000000e+00 -1.000000e+00
 outer loop
  vertex 2.2597058e-02 -8.0853565e-03 0.0000000e+00
  vertex 7.0615805e-02 -2.5266739e-02 0.0000000e+00
  vertex 2.2173109e-02 -9.1844024e-03 0.0000000e+00
 endloop
endfacet
facet normal -0.000000e+00 0.000000e+00 -1.000000e+00
 outer loop
  vertex 7.1770525e-02 -2.1771351e-02 0.0000000e+00
  vertex 7.0615805e-02 -2.5266739e-02 0.0000000e+00
  vertex 2.2597058e-02 -8.0853565e-03 0.0000000e+00
 endloop
endfacet
facet normal 0.000000e+00 -0.000000e+00 -1.000000e+00
 outer loop
  vertex 2.2966568e-02 -6.9668323e-03 0.0000000e+00
  vertex 7.1770525e-02 -2.1771351e-02 0.0000000e+00
  vertex 2.2597058e-02 -8.0853565e-03 0.0000000e+00
 endloop
endfacet
facet normal -0.000000e+00 0.000000e+00 -1.000000e+00
 outer loop
  vertex 7.2752344e-02 -1.8223513e-02 0.0000000e+00
  vertex 7.1770525e-02 -2.1771351e-02 0.0000000e+00
  vertex 2.2966568e-02 -6.9668323e-03 0.0000000e+00
 endloop
endfacet
facet normal 0.000000e+00 -0.000000e+00 -1.000000e+00
 outer loop
  vertex 2.3280750e-02 -5.8315243e-03 0.0000000e+00
  vertex 7.2752344e-02 -1.8223513e-02 0.0000000e+00
  vertex 2.2966568e-02 -6.9668323e-03 0.0000000e+00
 endloop
endfacet
facet normal -0.000000e+00 0.000000e+00 -1.000000e+00
 outer loop
  vertex 7.3558896e-02 -1.4631774e-02 0.0000000e+00
  vertex 7.2752344e-02 -1.8223513e-02 0.0000000e+00
  vertex 2.3280750e-02 -5.8315243e-03 0.0000000e+00
 endloop
endfacet
facet normal 0.000000e+00 -0.000000e+00 -1.000000e+00
 outer loop
  vertex 2.3538847e-02 -4.6821677e-03 0.0000000e+00
  vertex 7.3558896e-02 -1.4631774e-02 0.0000000e+00
  vertex 2.3280750e-02 -5.8315243e-03 0.0000000e+00
 endloop
endfacet
facet normal -0.000000e+00 0.000000e+00 -1.000000e+00
 outer loop
  vertex 7.4188238e-02 -1.1004786e-02 0.0000000e+00
  vertex 7.3558896e-02 -1.4631774e-02 0.0000000e+00
  vertex 2.3538847e-02 -4.6821677e-03 0.0000000e+00
 endloop
endfacet
facet normal 0.000000e+00 -0.000000e+00 -1.000000e+00
 outer loop
  vertex 2.3740236e-02 -3.5215314e-03 0.0000000e+00
  vertex 7.4188238e-02 -1.1004786e-02 0.0000000e+00
  vertex 2.3538847e-02 -4.6821677e-03 0.0000000e+00
 endloop
endfacet
facet normal -0.000000e+00 0.000000e+00 -1.000000e+00
 outer loop
  vertex 7.4638855e-02 -7.3512855e-03 0.0000000e+00
  vertex 7.4188238e-02 -1.1004786e-02 0.0000000e+00
  vertex 2.3740236e-02 -3.5215314e-03 0.0000000e+00
 endloop
endfacet
facet normal 0.000000e+00 -0.000000e+00 -1.000000e+00
 outer loop
  vertex 2.3884433e-02 -2.3524114e-03 0.0000000e+00
  vertex 7.4638855e-02 -7.3512855e-03 0.0000000e+00
  vertex 2.3740236e-02 -3.5215314e-03 0.0000000e+00
 endloop
endfacet
facet normal -0.000000e+00 0.000000e+00 -1.000000e+00
 outer loop
  vertex 7.4909659e-02 -3.6800756e-03 0.0000000e+00
  vertex 7.4638855e-02 -7.3512855e-03 0.0000000e+00
  vertex 2.3884433e-02 -2.3524114e-03 0.0000000e+00
 endloop
endfacet
facet normal 0.000000e+00 -0.000000e+00 -1.000000e+00
 outer loop
  vertex 2.3971091e-02 -1.1776242e-03 0.0000000e+00
  vertex 7.4909659e-02 -3.6800756e-03 0.0000000e+00
  vertex 2.3884433e-02 -2.3524114e-03 0.0000000e+00
 endloop
endfacet
facet normal 0.000000e+00 0.000000e+00 -1.000000e+00
 outer loop
  vertex 7.5000000e-02 0.0000000e+00 0.0000000e+00
  vertex 7.4909659e-02 -3.6800756e-03 0.0000000e+00
  vertex 2.3971091e-02 -1.1776242e-03 0.0000000e+00
 endloop
endfacet
facet normal 0.000000e+00 -0.000000e+00 -1.000000e+00
 outer loop
  vertex 2.4000000e-02 0.0000000e+00 0.0000000e+00
  vertex 7.5000000e-02 0.0000000e+00 0.0000000e+00
  vertex 2.3971091e-02 -1.1776242e-03 0.0000000e+00
 endloop
endfacet
facet normal 9.996988e-01 2.454123e-02 0.000000e+00
 outer loop
  vertex 7.4909659e-02 3.6800756e-03 5.0000000e-03
  vertex 7.5000000e-02 0.0000000e+00 5.0000000e-03
  vertex 7.5000000e-02 0.0000000e+00 0.0000000e+00
 endloop
endfacet
facet normal 9.996988e-01 2.454123e-02 -0.000000e+00
 outer loop
  vertex 7.4909659e-02 3.6800756e-03 0.0000000e+00
  vertex 7.4909659e-02 3.6800756e-03 5.0000000e-03
  vertex 7.5000000e-02 0.0000000e+00 0.0000000e+00
 endloop
endfacet
facet normal 9.972905e-01 7.356456e-02 0.000000e+00
 outer loop
  vertex 7.4638855e-02 7.3512855e-03 5.0000000e-03
  vertex 7.4909659e-02 3.6800756e-03 5.0000000e-03
  vertex 7.4909659e-02 3.6800756e-03 0.0000000e+00
 endloop
endfacet
facet normal 9.972905e-01 7.356456e-02 -0.000000e+00
 outer loop
  vertex 7.4638855e-02 7.3512855e-03 0.0000000e+00
  vertex 7.4638855e-02 7.3512855e-03 5.0000000e-03
  vertex 7.4909659e-02 3.6800756e-03 0.0000000e+00
 endloop
endfacet
facet normal 9.924795e-01 1.224107e-01 0.000000e+00
 outer loop
  vertex 7.4188238e-02 1.1004786e-02 5.0000000e-03
  vertex 7.4638855e-02 7.3512855e-03 5.0000000e-03
  vertex 7.4638855e-02 7.3512855e-03 0.0000000e+00
 endloop
endfacet
facet normal 9.924795e-01 1.224107e-01 -0.000000e+00
 outer loop
  vertex 7.4188238e-02 1.1004786e-02 0.0000000e+00
  vertex 7.4188238e-02 1.1004786e-02 5.0000000e-03
  vertex 7.4638855e-02 7.3512855e-03 0.0000000e+00
 endloop
endfacet
facet normal 9.852776e-01 1.709619e-01 0.000000e+00
 outer loop
  vertex 7.3558896e-02 1.4631774e-02 5.0000000e-03
  vertex 7.4188238e-02 1.1004786e-02 5.0000000e-03
  vertex 7.4188238e-02 1.1004786e-02 0.0000000e+00
 endloop
endfacet
facet normal 9.852776e-01 1.709619e-01 -0.000000e+00
 outer loop
  vertex 7.3558896e-02 1.4631774e-02 0.0000000e+00
  vertex 7.3558896e-02 1.4631774e-02 5.0000000e-03
  vertex 7.4188238e-02 1.1004786e-02 0.0000000e+00
 endloop
endfacet
facet normal 9.757021e-01 2.191012e-01 0.000000e+00
 outer loop
  vertex 7.2752344e-02 1.8223513e-02 5.0000000e-03
  vertex 7.3558896e-02 1.4631774e-02 5.0000000e-03
  vertex 7.3558896e-02 1.4631774e-02 0.0000000e+00
 endloop
endfacet
facet normal 9.757021e-01 2.191012e-01 -0.000000e+00
 outer loop
  vertex 7.2752344e-02 1.8223513e-02 0.0000000e+00
  vertex 7.2752344e-02 1.8223513e-02 5.0000000e-03
  vertex 7.3558896e-02 1.4631774e-02 0.0000000e+00
 endloop
endfacet
facet normal 9.637761e-01 2.667128e-01 0.000000e+00
 outer loop
  vertex 7.1770525e-02 2.1771351e-02 5.0000000e-03
  vertex 7.2752344e-02 1.8223513e-02 5.0000000e-03
  vertex 7.2752344e-02 1.8223513e-02 0.0000000e+00
 endloop
endfacet
facet normal 9.637761e-01 2.667128e-01 -0.000000e+00
 outer loop
  vertex 7.1770525e-02 2.1771351e-02 0.0000000e+00
  vertex 7.1770525e-02 2.1771351e-02 5.0000000e-03
  vertex 7.2752344e-02 1.8223513e-02 0.0000000e+00
 endloop
endfacet
facet normal 9.495282e-01 3.136817e-01 0.000000e+00
 outer loop
  vertex 7.0615805e-02 2.5266739e-02 5.0000000e-03
  vertex 7.1770525e-02 2.1771351e-02 5.0000000e-03
  vertex 7.1770525e-02 2.1771351e-02 0.0000000e+00
 endloop
endfacet
facet normal 9.495282e-01 3.136817e-01 -0.000000e+00
 outer loop
  vertex 7.0615805e-02 2.5266739e-02 0.0000000e+00
  vertex 7.0615805e-02 2.5266739e-02 5.0000000e-03
  vertex 7.1770525e-02 2.1771351e-02 0.0000000e+00
 endloop
endfacet
facet normal 9.329928e-01 3.598950e-01 0.000000e+00
 outer loop
  vertex 6.9290965e-02 2.8701257e-02 5.0000000e-03
  vertex 7.0615805e-02 2.5266739e-02 5.0000000e-03
  vertex 7.0615805e-02 2.5266739e-02 0.0000000e+00
 endloop
endfacet
facet normal 9.329928e-01 3.598950e-01 -0.000000e+00
 outer loop
  vertex 6.9290965e-02 2.8701257e-02 0.0000000e+00
  vertex 6.9290965e-02 2.8701257e-02 5.0000000e-03
  vertex 7.0615805e-02 2.5266739e-02 0.0000000e+00
 endloop
endfacet
facet normal 9.142098e-01 4.052413e-01 0.000000e+00
 outer loop
  vertex 6.7799197e-02 3.2066632e-02 5.0000000e-03
  vertex 6.9290965e-02 2.8701257e-02 5.0000000e-03
  vertex 6.9290965e-02 2.8701257e-02 0.0000000e+00
 endloop
endfacet
facet normal 9.142098e-01 4.052413e-01 -0.000000e+00
 outer loop
  vertex 6.7799197e-02 3.2066632e-02 0.0000000e+00
  vertex 6.7799197e-02 3.2066632e-02 5.0000000e-03
  vertex 6.9290965e-02 2.8701257e-02 0.0000000e+00
 endloop
endfacet
facet normal 8.932243e-01 4.496113e-01 0.000000e+00
 outer loop
  vertex 6.6144095e-02 3.5354755e-02 5.0000000e-03
  vertex 6.7799197e-02 3.2066632e-02 5.0000000e-03
  vertex 6.7799197e-02 3.2066632e-02 0.0000000e+00
 endloop
endfacet
facet normal 8.932243e-01 4.496113e-01 -0.000000e+00
 outer loop
  vertex 6.6144095e-02 3.5354755e-02 0.0000000e+00
  vertex 6.6144095e-02 3.5354755e-02 5.0000000e-03
  vertex 6.7799197e-02 3.2066632e-02 0.0000000e+00
 endloop
endfacet
facet normal 8.700870e-01 4.928982e-01 0.000000e+00
 outer loop
  vertex 6.4329646e-02 3.8557706e-02 5.0000000e-03
  vertex 6.6144095e-02 3.5354755e-02 5.0000000e-03
  vertex 6.6144095e-02 3.5354755e-02 0.0000000e+00
 endloop
endfacet
facet normal 8.700870e-01 4.928982e-01 -0.000000e+00
 outer loop
  vertex 6.4329646e-02 3.8557706e-02 0.0000000e+00
  vertex 6.4329646e-02 3.8557706e-02 5.0000000e-03
  vertex 6.6144095e-02 3.5354755e-02 0.0000000e+00
 endloop
endfacet
facet normal 8.448536e-01 5.349976e-01 0.000000e+00
 outer loop
  vertex 6.2360221e-02 4.1667767e-02 5.0000000e-03
  vertex 6.4329646e-02 3.8557706e-02 5.0000000e-03
  vertex 6.4329646e-02 3.8557706e-02 0.0000000e+00
 endloop
endfacet
facet normal 8.448536e-01 5.349976e-01 -0.000000e+00
 outer loop
  vertex 6.2360221e-02 4.1667767e-02 0.0000000e+00
  vertex 6.2360221e-02 4.1667767e-02 5.0000000e-03
  vertex 6.4329646e-02 3.8557706e-02 0.0000000e+00
 endloop
endfacet
facet normal 8.175848e-01 5.758082e-01 0.000000e+00
 outer loop
  vertex 6.0240565e-02 4.4677448e-02 5.0000000e-03
  vertex 6.2360221e-02 4.1667767e-02 5.0000000e-03
  vertex 6.2360221e-02 4.1667767e-02 0.0000000e+00
 endloop
endfacet
facet normal 8.175848e-01 5.758082e-01 -0.000000e+00
 outer loop
  vertex 6.0240565e-02 4.4677448e-02 0.0000000e+00
  vertex 6.0240565e-02 4.4677448e-02 5.0000000e-03
  vertex 6.2360221e-02 4.1667767e-02 0.0000000e+00
 endloop
endfacet
facet normal 7.883464e-01 6.152316e-01 0.000000e+00
 outer loop
  vertex 5.7975784e-02 4.7579496e-02 5.0000000e-03
  vertex 6.0240565e-02 4.4677448e-02 5.0000000e-03
  vertex 6.0240565e-02 4.4677448e-02 0.0000000e+00
 endloop
endfacet
facet normal 7.883464e-01 6.152316e-01 -0.000000e+00
 outer loop
  vertex 5.7975784e-02 4.7579496e-02 0.0000000e+00
  vertex 5.7975784e-02 4.7579496e-02 5.0000000e-03
  vertex 6.0240565e-02 4.4677448e-02 0.0000000e+00
 endloop
endfacet
facet normal 7.572088e-01 6.531728e-01 0.000000e+00
 outer loop
  vertex 5.5571334e-02 5.0366922e-02 5.0000000e-03
  vertex 5.7975784e-02 4.7579496e-02 5.0000000e-03
  vertex 5.7975784e-02 4.7579496e-02 0.0000000e+00
 endloop
endfacet
facet normal 7.572088e-01 6.531728e-01 -0.000000e+00
 outer loop
  vertex 5.5571334e-02 5.0366922e-02 0.0000000e+00
  vertex 5.5571334e-02 5.0366922e-02 5.0000000e-03
  vertex 5.7975784e-02 4.7579496e-02 0.0000000e+00
 endloop
endfacet
facet normal 7.242471e-01 6.895405e-01 0.000000e+00
 outer loop
  vertex 5.3033009e-02 5.3033009e-02 5.0000000e-03
  vertex 5.5571334e-02 5.0366922e-02 5.0000000e-03
  vertex 5.5571334e-02 5.0366922e-02 0.0000000e+00
 endloop
endfacet
facet normal 7.242471e-01 6.895405e-01 -0.000000e+00
 outer loop
  vertex 5.3033009e-02 5.3033009e-02 0.0000000e+00
  vertex 5.3033009e-02 5.3033009e-02 5.0000000e-03
  vertex 5.5571334e-02 5.0366922e-02 0.0000000e+00
 endloop
endfacet
facet normal 6.895405e-01 7.242471e-01 0.000000e+00
 outer loop
  vertex 5.0366922e-02 5.5571334e-02 5.0000000e-03
  vertex 5.3033009e-02 5.3033009e-02 5.0000000e-03
  vertex 5.3033009e-02 5.3033009e-02 0.0000000e+00
 endloop
endfacet
facet normal 6.895405e-01 7.242471e-01 -0.000000e+00
 outer loop
  vertex 5.0366922e-02 5.5571334e-02 0.0000000e+00
  vertex 5.0366922e-02 5.5571334e-02 5.0000000e-03
  vertex 5.3033009e-02 5.3033009e-02 0.0000000e+00
 endloop
endfacet
facet normal 6.531728e-01 7.572088e-01 0.000000e+00
 outer loop
  vertex 4.7579496e-02 5.7975784e-02 5.0000000e-03
  vertex 5.0366922e-02 5.5571334e-02 5.0000000e-03
  vertex 5.0366922e-02 5.5571334e-02 0.0000000e+00
 endloop
endfacet
facet normal 6.531728e-01 7.572088e-01 -0.000000e+00
 outer loop
  vertex 4.7579496e-02 5.7975784e-02 0.0000000e+00
  vertex 4.7579496e-02 5.7975784e-02 5.0000000e-03
  vertex 5.0366922e-02 5.5571334e-02 0.0000000e+00
 endloop
endfacet
facet normal 6.152316e-01 7.883464e-01 0.000000e+00
 outer loop
  vertex 4.4677448e-02 6.0240565e-02 5.0000000e-03
  vertex 4.7579496e-02 5.7975784e-02 5.0000000e-03
  vertex 4.7579496e-02 5.7975784e-02 0.0000000e+00
 endloop
endfacet
facet normal 6.152316e-01 7.883464e-01 -0.000000e+00
 outer loop
  vertex 4.4677448e-02 6.0240565e-02 0.0000000e+00
  vertex 4.4677448e-02 6.0240565e-02 5.0000000e-03
  vertex 4.7579496e-02 5.7975784e-02 0.0000000e+00
 endloop
endfacet
facet normal 5.758082e-01 8.175848e-01 0.000000e+00
 outer loop
  vertex 4.1667767e-02 6.2360221e-02 5.0000000e-03
  vertex 4.4677448e-02 6.0240565e-02 5.0000000e-03
  vertex 4.4677448e-02 6.0240565e-02 0.0000000e+00
 endloop
endfacet
facet normal 5.758082e-01 8.175848e-01 -0.000000e+00
 outer loop
  vertex 4.1667767e-02 6.2360221e-02 0.0000000e+00
  vertex 4.1667767e-02 6.2360221e-02 5.0000000e-03
  vertex 4.4677448e-02 6.0240565e-02 0.0000000e+00
 endloop
endfacet
facet normal 5.349976e-01 8.448536e-01 0.000000e+00
 outer loop
  vertex 3.8557706e-02 6.4329646e-02 5.0000000e-03
  vertex 4.1667767e-02 6.2360221e-02 5.0000000e-03
  vertex 4.1667767e-02 6.2360221e-02 0.0000000e+00
 endloop
endfacet
facet normal 5.349976e-01 8.448536e-01 -0.000000e+00
 outer loop
  vertex 3.8557706e-02 6.4329646e-02 0.0000000e+00
  vertex 3.8557706e-02 6.4329646e-02 5.0000000e-03
  vertex 4.1667767e-02 6.2360221e-02 0.0000000e+00
 endloop
endfacet
facet normal 4.928982e-01 8.700870e-01 0.000000e+00
 outer loop
  vertex 3.5354755e-02 6.6144095e-02 5.0000000e-03
  vertex 3.8557706e-02 6.4329646e-02 5.0000000e-03
  vertex 3.8557706e-02 6.4329646e-02 0.0000000e+00
 endloop
endfacet
facet normal 4.928982e-01 8.700870e-01 -0.000000e+00
 outer loop
  vertex 3.5354755e-02 6.6144095e-02 0.0000000e+00
  vertex 3.5354755e-02 6.6144095e-02 5.0000000e-03
  vertex 3.8557706e-02 6.4329646e-02 0.0000000e+00
 endloop
endfacet
facet normal 4.496113e-01 8.932243e-01 0.000000e+00
 outer loop
  vertex 3.2066632e-02 6.7799197e-02 5.0000000e-03
  vertex 3.5354755e-02 6.6144095e-02 5.0000000e-03
  vertex 3.5354755e-02 6.6144095e-02 0.0000000e+00
 endloop
endfacet
facet normal 4.496113e-01 8.932243e-01 -0.000000e+00
 outer loop
  vertex 3.2066632e-02 6.7799197e-02 0.0000000e+00
  vertex 3.2066632e-02 6.7799197e-02 5.0000000e-03
  vertex 3.5354755e-02 6.6144095e-02 0.0000000e+00
 endloop
endfacet
facet normal 4.052413e-01 9.142098e-01 0.000000e+00
 outer loop
  vertex 2.8701257e-02 6.9290965e-02 5.0000000e-03
  vertex 3.2066632e-02 6.7799197e-02 5.0000000e-03
  vertex 3.2066632e-02 6.7799197e-02 0.0000000e+00
 endloop
endfacet
facet normal 4.052413e-01 9.142098e-01 -0.000000e+00
 outer loop
  vertex 2.8701257e-02 6.9290965e-02 0.0000000e+00
  vertex 2.8701257e-02 6.9290965e-02 5.0000000e-03
  vertex 3.2066632e-02 6.7799197e-02 0.0000000e+00
 endloop
endfacet
facet normal 3.598950e-01 9.329928e-01 0.000000e+00
 outer loop
  vertex 2.5266739e-02 7.0615805e-02 5.0000000e-03
  vertex 2.8701257e-02 6.9290965e-02 5.0000000e-03
  vertex 2.8701257e-02 6.9290965e-02 0.0000000e+00
 endloop
endfacet
facet normal 3.598950e-01 9.329928e-01 -0.000000e+00
 outer loop
  vertex 2.5266739e-02 7.0615805e-02 0.0000000e+00
  vertex 2.5266739e-02 7.0615805e-02 5.0000000e-03
  vertex 2.8701257e-02 6.9290965e-02 0.0000000e+00
 endloop
endfacet
facet normal 3.136817e-01 9.495282e-01 0.000000e+00
 outer loop
  vertex 2.1771351e-02 7.1770525e-02 5.0000000e-03
  vertex 2.5266739e-02 7.0615805e-02 5.0000000e-03
  vertex 2.5266739e-02 7.0615805e-02 0.0000000e+00
 endloop
endfacet
facet normal 3.136817e-01 9.495282e-01 -0.000000e+00
 outer loop
  vertex 2.1771351e-02 7.1770525e-02 0.0000000e+00
  vertex 2.1771351e-02 7.1770525e-02 5.0000000e-03
  vertex 2.5266739e-02 7.0615805e-02 0.0000000e+00
 endloop
endfacet
facet normal 2.667128e-01 9.637761e-01 0.000000e+00
 outer loop
  vertex 1.8223513e-02 7.2752344e-02 5.0000000e-03
  vertex 2.1771351e-02 7.1770525e-02 5.0000000e-03
  vertex 2.1771351e-02 7.1770525e-02 0.0000000e+00
 endloop
endfacet
facet normal 2.667128e-01 9.637761e-01 -0.000000e+00
 outer loop
  vertex 1.8223513e-02 7.2752344e-02 0.0000000e+00
  vertex 1.8223513e-02 7.2752344e-02 5.0000000e-03
  vertex 2.1771351e-02 7.1770525e-02 0.0000000e+00
 endloop
endfacet
facet normal 2.191012e-01 9.757021e-01 0.000000e+00
 outer loop
  vertex 1.4631774e-02 7.3558896e-02 5.0000000e-03
  vertex 1.8223513e-02 7.2752344e-02 5.0000000e-03
  vertex 1.8223513e-02 7.2752344e-02 0.0000000e+00
 endloop
endfacet
facet normal 2.191012e-01 9.757021e-01 -0.000000e+00
 outer loop
  vertex 1.4631774e-02 7.3558896e-02 0.0000000e+00
  vertex 1.4631774e-02 7.3558896e-02 5.0000000e-03
  vertex 1.8223513e-02 7.2752344e-02 0.0000000e+00
 endloop
endfacet
facet normal 1.709619e-01 9.852776e-01 0.000000e+00
 outer loop
  vertex 1.1004786e-02 7.4188238e-02 5.0000000e-03
  vertex 1.4631774e-02 7.3558896e-02 5.0000000e-03
  vertex 1.4631774e-02 7.3558896e-02 0.0000000e+00
 endloop
endfacet
facet normal 1.709619e-01 9.852776e-01 -0.000000e+00
 outer loop
  vertex 1.1004786e-02 7.4188238e-02 0.0000000e+00
  vertex 1.1004786e-02 7.4188238e-02 5.0000000e-03
  vertex 1.4631774e-02 7.3558896e-02 0.0000000e+00
 endloop
endfacet
facet normal 1.224107e-01 9.924795e-01 0.000000e+00
 outer loop
  vertex 7.3512855e-03 7.4638855e-02 5.0000000e-03
  vertex 1.1004786e-02 7.4188238e-02 5.0000000e-03
  vertex 1.1004786e-02 7.4188238e-02 0.0000000e+00
 endloop
endfacet
facet normal 1.224107e-01 9.924795e-01 -0.000000e+00
 outer loop
  vertex 7.3512855e-03 7.4638855e-02 0.0000000e+00
  vertex 7.3512855e-03 7.4638855e-02 5.0000000e-03
  vertex 1.1004786e-02 7.4188238e-02 0.0000000e+00
 endloop
endfacet
facet normal 7.356456e-02 9.972905e-01 0.000000e+00
 outer loop
  vertex 3.6800756e-03 7.4909659e-02 5.0000000e-03
  vertex 7.3512855e-03 7.4638855e-02 5.0000000e-03
  vertex 7.3512855e-03 7.4638855e-02 0.0000000e+00
 endloop
endfacet
facet normal 7.356456e-02 9.972905e-01 -0.000000e+00
 outer loop
  vertex 3.6800756e-03 7.4909659e-02 0.0000000e+00
  vertex 3.6800756e-03 7.4909659e-02 5.0000000e-03
  vertex 7.3512855e-03 7.4638855e-02 0.0000000e+00
 endloop
endfacet
facet normal 2.454123e-02 9.996988e-01 0.000000e+00
 outer loop
  vertex 4.5924255e-18 7.5000000e-02 5.0000000e-03
  vertex 3.6800756e-03 7.4909659e-02 5.0000000e-03
  vertex 3.6800756e-03 7.4909659e-02 0.0000000e+00
 endloop
endfacet
facet normal 2.454123e-02 9.996988e-01 -0.000000e+00
 outer loop
  vertex 4.5924255e-18 7.5000000e-02 0.0000000e+00
  vertex 4.5924255e-18 7.5000000e-02 5.0000000e-03
  vertex 3.6800756e-03 7.4909659e-02 0.0000000e+00
 endloop
endfacet
facet normal -2.454123e-02 9.996988e-01 0.000000e+00
 outer loop
  vertex -3.6800756e-03 7.4909659e-02 5.0000000e-03
  vertex 4.5924255e-18 7.5000000e-02 5.0000000e-03
  vertex 4.5924255e-18 7.5000000e-02 0.0000000e+00
 endloop
endfacet
facet normal -2.454123e-02 9.996988e-01 0.000000e+00
 outer loop
  vertex -3.6800756e-03 7.4909659e-02 0.0000000e+00
  vertex -3.6800756e-03 7.4909659e-02 5.0000000e-03
  vertex 4.5924255e-18 7.5000000e-02 0.0000000e+00
 endloop
endfacet
facet normal -7.356456e-02 9.972905e-01 0.000000e+00
 outer loop
  vertex -7.3512855e-03 7.4638855e-02 5.0000000e-03
  vertex -3.6800756e-03 7.4909659e-02 5.0000000e-03
  vertex -3.6800756e-03 7.4909659e-02 0.0000000e+00
 endloop
endfacet
facet normal -7.356456e-02 9.972905e-01 0.000000e+00
 outer loop
  vertex -7.3512855e-03 7.4638855e-02 0.0000000e+00
  vertex -7.3512855e-03 7.4638855e-02 5.0000000e-03
  vertex -3.6800756e-03 7.4909659e-02 0.0000000e+00
 endloop
endfacet
facet normal -1.224107e-01 9.924795e-01 0.000000e+00
 outer loop
  vertex -1.1004786e-02 7.4188238e-02 5.0000000e-03
  vertex -7.3512855e-03 7.4638855e-02 5.0000000e-03
  vertex -7.3512855e-03 7.4638855e-02 0.0000000e+00
 endloop
endfacet
facet normal -1.224107e-01 9.924795e-01 0.000000e+00
 outer loop
  vertex -1.1004786e-02 7.4188238e-02 0.0000000e+00
  vertex -1.1004786e-02 7.4188238e-02 5.0000000e-03
  vertex -7.3512855e-03 7.4638855e-02 0.0000000e+00
 endloop
endfacet
facet normal -1.709619e-01 9.852776e-01 0.000000e+00
 outer loop
  vertex -1.4631774e-02 7.3558896e-02 5.0000000e-03
  vertex -1.1004786e-02 7.4188238e-02 5.0000000e-03
  vertex -1.1004786e-02 7.4188238e-02 0.0000000e+00
 endloop
endfacet
facet normal -1.709619e-01 9.852776e-01 0.000000e+00
 outer loop
  vertex -1.4631774e-02 7.3558896e-02 0.0000000e+00
  vertex -1.4631774e-02 7.3558896e-02 5.0000000e-03
  vertex -1.1004786e-02 7.4188238e-02 0.0000000e+00
 endloop
endfacet
facet normal -2.191012e-01 9.757021e-01 0.000000e+00
 outer loop
  vertex -1.8223513e-02 7.2752344e-02 5.0000000e-03
  vertex -1.4631774e-02 7.3558896e-02 5.0000000e-03
  vertex -1.4631774e-02 7.3558896e-02 0.0000000e+00
 endloop
endfacet
facet normal -2.191012e-01 9.757021e-01 0.000000e+00
 outer loop
  vertex -1.8223513e-02 7.2752344e-02 0.0000000e+00
  vertex -1.8223513e-02 7.2752344e-02 5.0000000e-03
  vertex -1.4631774e-02 7.3558896e-02 0.0000000e+00
 endloop
endfacet
facet normal -2.667128e-01 9.637761e-01 0.000000e+00
 outer loop
  vertex -2.1771351e-02 7.1770525e-02 5.0000000e-03
  vertex -1.8223513e-02 7.2752344e-02 5.0000000e-03
  vertex -1.8223513e-02 7.2752344e-02 0.0000000e+00
 endloop
endfacet
facet normal -2.667128e-01 9.637761e-01 0.000000e+00
 outer loop
  vertex -2.1771351e-02 7.1770525e-02 0.0000000e+00
  vertex -2.1771351e-02 7.1770525e-02 5.0000000e-03
  vertex -1.8223513e-02 7.2752344e-02 0.0000000e+00
 endloop
endfacet
facet normal -3.136817e-01 9.495282e-01 0.000000e+00
 outer loop
  vertex -2.5266739e-02 7.0615805e-02 5.0000000e-03
  vertex -2.1771351e-02 7.1770525e-02 5.0000000e-03
  vertex -2.1771351e-02 7.1770525e-02 0.0000000e+00
 endloop
endfacet
facet normal -3.136817e-01 9.495282e-01 0.000000e+00
 outer loop
  vertex -2.5266739e-02 7.0615805e-02 0.0000000e+00
  vertex -2.5266739e-02 7.0615805e-02 5.0000000e-03
  vertex -2.1771351e-02 7.1770525e-02 0.0000000e+00
 endloop
endfacet
facet normal -3.598950e-01 9.329928e-01 0.000000e+00
 outer loop
  vertex -2.8701257e-02 6.9290965e-02 5.0000000e-03
  vertex -2.5266739e-02 7.0615805e-02 5.0000000e-03
  vertex -2.5266739e-02 7.0615805e-02 0.0000000e+00
 endloop
endfacet
facet normal -3.598950e-01 9.329928e-01 0.000000e+00
 outer loop
  vertex -2.8701257e-02 6.9290965e-02 0.0000000e+00
  vertex -2.8701257e-02 6.9290965e-02 5.0000000e-03
  vertex -2.5266739e-02 7.0615805e-02 0.0000000e+00
 endloop
endfacet
facet normal -4.052413e-01 9.142098e-01 0.000000e+00
 outer loop
  vertex -3.2066632e-02 6.7799197e-02 5.0000000e-03
  vertex -2.8701257e-02 6.9290965e-02 5.0000000e-03
  vertex -2.8701257e-02 6.9290965e-02 0.0000000e+00
 endloop
endfacet
facet normal -4.052413e-01 9.142098e-01 0.000000e+00
 outer loop
  vertex -3.2066632e-02 6.7799197e-02 0.0000000e+00
  vertex -3.2066632e-02 6.7799197e-02 5.0000000e-03
  vertex -2.8701257e-02 6.9290965e-02 0.0000000e+00
 endloop
endfacet
facet normal -4.496113e-01 8.932243e-01 0.000000e+00
 outer loop
  vertex -3.5354755e-02 6.6144095e-02 5.0000000e-03
  vertex -3.2066632e-02 6.7799197e-02 5.0000000e-03
  vertex -3.2066632e-02 6.7799197e-02 0.0000000e+00
 endloop
endfacet
facet normal -4.496113e-01 8.932243e-01 0.000000e+00
 outer loop
  vertex -3.5354755e-02 6.6144095e-02 0.0000000e+00
  vertex -3.5354755e-02 6.6144095e-02 5.0000000e-03
  vertex -3.2066632e-02 6.7799197e-02 0.0000000e+00
 endloop
endfacet
facet normal -4.928982e-01 8.700870e-01 0.000000e+00
 outer loop
  vertex -3.8557706e-02 6.4329646e-02 5.0000000e-03
  vertex -3.5354755e-02 6.6144095e-02 5.0000000e-03
  vertex -3.5354755e-02 6.6144095e-02 0.0000000e+00
 endloop
endfacet
facet normal -4.928982e-01 8.700870e-01 0.000000e+00
 outer loop
  vertex -3.8557706e-02 6.4329646e-02 0.0000000e+00
  vertex -3.8557706e-02 6.4329646e-02 5.0000000e-03
  vertex -3.5354755e-02 6.6144095e-02 0.0000000e+00
 endloop
endfacet
facet normal -5.349976e-01 8.448536e-01 0.000000e+00
 outer loop
  vertex -4.1667767e-02 6.2360221e-02 5.0000000e-03
  vertex -3.8557706e-02 6.4329646e-02 5.0000000e-03
  vertex -3.8557706e-02 6.4329646e-02 0.0000000e+00
 endloop
endfacet
facet normal -5.349976e-01 8.448536e-01 0.000000e+00
 outer loop
  vertex -4.1667767e-02 6.2360221e-02 0.0000000e+00
  vertex -4.1667767e-02 6.2360221e-02 5.0000000e-03
  vertex -3.8557706e-02 6.4329646e-02 0.0000000e+00
 endloop
endfacet
facet normal -5.758082e-01 8.175848e-01 0.000000e+00
 outer loop
  vertex -4.4677448e-02 6.0240565e-02 5.0000000e-03
  vertex -4.1667767e-02 6.2360221e-02 5.0000000e-03
  vertex -4.1667767e-02 6.2360221e-02 0.0000000e+00
 endloop
endfacet
facet normal -5.758082e-01 8.175848e-01 0.000000e+00
 outer loop
  vertex -4.4677448e-02 6.0240565e-02 0.0000000e+00
  vertex -4.4677448e-02 6.0240565e-02 5.0000000e-03
  vertex -4.1667767e-02 6.2360221e-02 0.0000000e+00
 endloop
endfacet
facet normal -6.152316e-01 7.883464e-01 0.000000e+00
 outer loop
  vertex -4.7579496e-02 5.7975784e-02 5.0000000e-03
  vertex -4.4677448e-02 6.0240565e-02 5.0000000e-03
  vertex -4.4677448e-02 6.0240565e-02 0.0000000e+00
 endloop
endfacet
facet normal -6.152316e-01 7.883464e-01 0.000000e+00
 outer loop
  vertex -4.7579496e-02 5.7975784e-02 0.0000000e+00
  vertex -4.7579496e-02 5.7975784e-02 5.0000000e-03
  vertex -4.4677448e-02 6.0240565e-02 0.0000000e+00
 endloop
endfacet
facet normal -6.531728e-01 7.572088e-01 0.000000e+00
 outer loop
  vertex -5.0366922e-02 5.5571334e-02 5.0000000e-03
  vertex -4.7579496e-02 5.7975784e-02 5.0000000e-03
  vertex -4.7579496e-02 5.7975784e-02 0.0000000e+00
 endloop
endfacet
facet normal -6.531728e-01 7.572088e-01 0.000000e+00
 outer loop
  vertex -5.0366922e-02 5.5571334e-02 0.0000000e+00
  vertex -5.0366922e-02 5.5571334e-02 5.0000000e-03
  vertex -4.7579496e-02 5.7975784e-02 0.0000000e+00
 endloop
endfacet
facet normal -6.895405e-01 7.242471e-01 0.000000e+00
 outer loop
  vertex -5.3033009e-02 5.3033009e-02 5.0000000e-03
  vertex -5.0366922e-02 5.5571334e-02 5.0000000e-03
  vertex -5.0366922e-02 5.5571334e-02 0.0000000e+00
 endloop
endfacet
facet normal -6.895405e-01 7.242471e-01 0.000000e+00
 outer loop
  vertex -5.3033009e-02 5.3033009e-02 0.0000000e+00
  vertex -5.3033009e-02 5.3033009e-02 5.0000000e-03
  vertex -5.0366922e-02 5.5571334e-02 0.0000000e+00
 endloop
endfacet
facet normal -7.242471e-01 6.895405e-01 0.000000e+00
 outer loop
  vertex -5.5571334e-02 5.0366922e-02 5.0000000e-03
  vertex -5.3033009e-02 5.3033009e-02 5.0000000e-03
  vertex -5.3033009e-02 5.3033009e-02 0.0000000e+00
 endloop
endfacet
facet normal -7.242471e-01 6.895405e-01 0.000000e+00
 outer loop
  vertex -5.5571334e-02 5.0366922e-02 0.0000000e+00
  vertex -5.5571334e-02 5.0366922e-02 5.0000000e-03
  vertex -5.3033009e-02 5.3033009e-02 0.0000000e+00
 endloop
endfacet
facet normal -7.572088e-01 6.531728e-01 0.000000e+00
 outer loop
  vertex -5.7975784e-02 4.7579496e-02 5.0000000e-03
  vertex -5.5571334e-02 5.0366922e-02 5.0000000e-03
  vertex -5.5571334e-02 5.0366922e-02 0.0000000e+00
 endloop
endfacet
facet normal -7.572088e-01 6.531728e-01 0.000000e+00
 outer loop
  vertex -5.7975784e-02 4.7579496e-02 0.0000000e+00
  vertex -5.7975784e-02 4.7579496e-02 5.0000000e-03
  vertex -5.5571334e-02 5.0366922e-02 0.0000000e+00
 endloop
endfacet
facet normal -7.883464e-01 6.152316e-01 0.000000e+00
 outer loop
  vertex -6.0240565e-02 4.4677448e-02 5.0000000e-03
  vertex -5.7975784e-02 4.7579496e-02 5.0000000e-03
  vertex -5.7975784e-02 4.7579496e-02 0.0000000e+00
 endloop
endfacet
facet normal -7.883464e-01 6.152316e-01 0.000000e+00
 outer loop
  vertex -6.0240565e-02 4.4677448e-02 0.0000000e+00
  vertex -6.0240565e-02 4.4677448e-02 5.0000000e-03
  vertex -5.7975784e-02 4.7579496e-02 0.0000000e+00
 endloop
endfacet
facet normal -8.175848e-01 5.758082e-01 0.000000e+00
 outer loop
  vertex -6.2360221e-02 4.1667767e-02 5.0000000e-03
  vertex -6.0240565e-02 4.4677448e-02 5.0000000e-03
  vertex -6.0240565e-02 4.4677448e-02 0.0000000e+00
 endloop
endfacet
facet normal -8.175848e-01 5.758082e-01 0.000000e+00
 outer loop
  vertex -6.2360221e-02 4.1667767e-02 0.0000000e+00
  vertex -6.2360221e-02 4.1667767e-02 5.0000000e-03
  vertex -6.0240565e-02 4.4677448e-02 0.0000000e+00
 endloop
endfacet
facet normal -8.448536e-01 5.349976e-01 0.000000e+00
 outer loop
  vertex -6.4329646e-02 3.8557706e-02 5.0000000e-03
  vertex -6.2360221e-02 4.1667767e-02 5.0000000e-03
  vertex -6.2360221e-02 4.1667767e-02 0.0000000e+00
 endloop
endfacet
facet normal -8.448536e-01 5.349976e-01 0.000000e+00
 outer loop
  vertex -6.4329646e-02 3.8557706e-02 0.0000000e+00
  vertex -6.4329646e-02 3.8557706e-02 5.0000000e-03
  vertex -6.2360221e-02 4.1667767e-02 0.0000000e+00
 endloop
endfacet
facet normal -8.700870e-01 4.928982e-01 0.000000e+00
 outer loop
  vertex -6.6144095e-02 3.5354755e-02 5.0000000e-03
  vertex -6.4329646e-02 3.8557706e-02 5.0000000e-03
  vertex -6.4329646e-02 3.8557706e-02 0.0000000e+00
 endloop
endfacet
facet normal -8.700870e-01 4.928982e-01 0.000000e+00
 outer loop
  vertex -6.6144095e-02 3.5354755e-02 0.0000000e+00
  vertex -6.6144095e-02 3.5354755e-02 5.0000000e-03
  vertex -6.4329646e-02 3.8557706e-02 0.0000000e+00
 endloop
endfacet
facet normal -8.932243e-01 4.496113e-01 0.000000e+00
 outer loop
  vertex -6.7799197e-02 3.2066632e-02 5.0000000e-03
  vertex -6.6144095e-02 3.5354755e-02 5.0000000e-03
  vertex -6.6144095e-02 3.5354755e-02 0.0000000e+00
 endloop
endfacet
facet normal -8.932243e-01 4.496113e-01 0.000000e+00
 outer loop
  vertex -6.7799197e-02 3.2066632e-02 0.0000000e+00
  vertex -6.7799197e-02 3.2066632e-02 5.0000000e-03
  vertex -6.6144095e-02 3.5354755e-02 0.0000000e+00
 endloop
endfacet
facet normal -9.142098e-01 4.052413e-01 0.000000e+00
 outer loop
  vertex -6.9290965e-02 2.8701257e-02 5.0000000e-03
  vertex -6.7799197e-02 3.2066632e-02 5.0000000e-03
  vertex -6.7799197e-02 3.2066632e-02 0.0000000e+00
 endloop
endfacet
facet normal -9.142098e-01 4.052413e-01 0.000000e+00
 outer loop
  vertex -6.9290965e-02 2.8701257e-02 0.0000000e+00
  vertex -6.9290965e-02 2.8701257e-02 5.0000000e-03
  vertex -6.7799197e-02 3.2066632e-02 0.0000000e+00
 endloop
endfacet
facet normal -9.329928e-01 3.598950e-01 0.000000e+00
 outer loop
  vertex -7.0615805e-02 2.5266739e-02 5.0000000e-03
  vertex -6.9290965e-02 2.8701257e-02 5.0000000e-03
  vertex -6.9290965e-02 2.8701257e-02 0.0000000e+00
 endloop
endfacet
facet normal -9.329928e-01 3.598950e-01 0.000000e+00
 outer loop
  vertex -7.0615805e-02 2.5266739e-02 0.0000000e+00
  vertex -7.0615805e-02 2.5266739e-02 5.0000000e-03
  vertex -6.9290965e-02 2.8701257e-02 0.0000000e+00
 endloop
endfacet
facet normal -9.495282e-01 3.136817e-01 0.000000e+00
 outer loop
  vertex -7.1770525e-02 2.1771351e-02 5.0000000e-03
  vertex -7.0615805e-02 2.5266739e-02 5.0000000e-03
  vertex -7.0615805e-02 2.5266739e-02 0.0000000e+00
 endloop
endfacet
facet normal -9.495282e-01 3.136817e-01 0.000000e+00
 outer loop
  vertex -7.1770525e-02 2.1771351e-02 0.0000000e+00
  vertex -7.1770525e-02 2.1771351e-02 5.0000000e-03
  vertex -7.0615805e-02 2.5266739e-02 0.0000000e+00
 endloop
endfacet
facet normal -9.637761e-01 2.667128e-01 0.000000e+00
 outer loop
  vertex -7.2752344e-02 1.8223513e-02 5.0000000e-03
  vertex -7.1770525e-02 2.1771351e-02 5.0000000e-03
  vertex -7.1770525e-02 2.1771351e-02 0.0000000e+00
 endloop
endfacet
facet normal -9.637761e-01 2.667128e-01 0.000000e+00
 outer loop
  vertex -7.2752344e-02 1.8223513e-02 0.0000000e+00
  vertex -7.2752344e-02 1.8223513e-02 5.0000000e-03
  vertex -7.1770525e-02 2.1771351e-02 0.0000000e+00
 endloop
endfacet
facet normal -9.757021e-01 2.191012e-01 0.000000e+00
 outer loop
  vertex -7.3558896e-02 1.4631774e-02 5.0000000e-03
  vertex -7.2752344e-02 1.8223513e-02 5.0000000e-03
  vertex -7.2752344e-02 1.8223513e-02 0.0000000e+00
 endloop
endfacet
facet normal -9.757021e-01 2.191012e-01 0.000000e+00
 outer loop
  vertex -7.3558896e-02 1.4631774e-02 0.0000000e+00
  vertex -7.3558896e-02 1.4631774e-02 5.0000000e-03
  vertex -7.2752344e-02 1.8223513e-02 0.0000000e+00
 endloop
endfacet
facet normal -9.852776e-01 1.709619e-01 0.000000e+00
 outer loop
  vertex -7.4188238e-02 1.1004786e-02 5.0000000e-03
  vertex -7.3558896e-02 1.4631774e-02 5.0000000e-03
  vertex -7.3558896e-02 1.4631774e-02 0.0000000e+00
 endloop
endfacet
facet normal -9.852776e-01 1.709619e-01 0.000000e+00
 outer loop
  vertex -7.4188238e-02 1.1004786e-02 0.0000000e+00
  vertex -7.4188238e-02 1.1004786e-02 5.0000000e-03
  vertex -7.3558896e-02 1.4631774e-02 0.0000000e+00
 endloop
endfacet
facet normal -9.924795e-01 1.224107e-01 0.000000e+00
 outer loop
  vertex -7.4638855e-02 7.3512855e-03 5.0000000e-03
  vertex -7.4188238e-02 1.1004786e-02 5.0000000e-03
  vertex -7.4188238e-02 1.1004786e-02 0.0000000e+00
 endloop
endfacet
facet normal -9.924795e-01 1.224107e-01 0.000000e+00
 outer loop
  vertex -7.4638855e-02 7.3512855e-03 0.0000000e+00
  vertex -7.4638855e-02 7.3512855e-03 5.0000000e-03
  vertex -7.4188238e-02 1.1004786e-02 0.0000000e+00
 endloop
endfacet
facet normal -9.972905e-01 7.356456e-02 0.000000e+00
 outer loop
  vertex -7.4909659e-02 3.6800756e-03 5.0000000e-03
  vertex -7.4638855e-02 7.3512855e-03 5.0000000e-03
  vertex -7.4638855e-02 7.3512855e-03 0.0000000e+00
 endloop
endfacet
facet normal -9.972905e-01 7.356456e-02 0.000000e+00
 outer loop
  vertex -7.4909659e-02 3.6800756e-03 0.0000000e+00
  vertex -7.4909659e-02 3.6800756e-03 5.0000000e-03
  vertex -7.4638855e-02 7.3512855e-03 0.0000000e+00
 endloop
endfacet
facet normal -9.996988e-01 2.454123e-02 0.000000e+00
 outer loop
  vertex -7.5000000e-02 9.1848510e-18 5.0000000e-03
  vertex -7.4909659e-02 3.6800756e-03 5.0000000e-03
  vertex -7.4909659e-02 3.6800756e-03 0.0000000e+00
 endloop
endfacet
facet normal -9.996988e-01 2.454123e-02 0.000000e+00
 outer loop
  vertex -7.5000000e-02 9.1848510e-18 0.0000000e+00
  vertex -7.5000000e-02 9.1848510e-18 5.0000000e-03
  vertex -7.4909659e-02 3.6800756e-03 0.0000000e+00
 endloop
endfacet
facet normal -9.996988e-01 -2.454123e-02 0.000000e+00
 outer loop
  vertex -7.4909659e-02 -3.6800756e-03 5.0000000e-03
  vertex -7.5000000e-02 9.1848510e-18 5.0000000e-03
  vertex -7.5000000e-02 9.1848510e-18 0.0000000e+00
 endloop
endfacet
facet normal -9.996988e-01 -2.454123e-02 0.000000e+00
 outer loop
  vertex -7.4909659e-02 -3.6800756e-03 0.0000000e+00
  vertex -7.4909659e-02 -3.6800756e-03 5.0000000e-03
  vertex -7.5000000e-02 9.1848510e-18 0.0000000e+00
 endloop
endfacet
facet normal -9.972905e-01 -7.356456e-02 0.000000e+00
 outer loop
  vertex -7.4638855e-02 -7.3512855e-03 5.0000000e-03
  vertex -7.4909659e-02 -3.6800756e-03 5.0000000e-03
  vertex -7.4909659e-02 -3.6800756e-03 0.0000000e+00
 endloop
endfacet
facet normal -9.972905e-01 -7.356456e-02 0.000000e+00
 outer loop
  vertex -7.4638855e-02 -7.3512855e-03 0.0000000e+00
  vertex -7.4638855e-02 -7.3512855e-03 5.0000000e-03
  vertex -7.4909659e-02 -3.6800756e-03 0.0000000e+00
 endloop
endfacet
facet normal -9.924795e-01 -1.224107e-01 0.000000e+00
 outer loop
  vertex -7.4188238e-02 -1.1004786e-02 5.0000000e-03
  vertex -7.4638855e-02 -7.3512855e-03 5.0000000e-03
  vertex -7.4638855e-02 -7.3512855e-03 0.0000000e+00
 endloop
endfacet
facet normal -9.924795e-01 -1.224107e-01 0.000000e+00
 outer loop
  vertex -7.4188238e-02 -1.1004786e-02 0.0000000e+00
  vertex -7.4188238e-02 -1.1004786e-02 5.0000000e-03
  vertex -7.4638855e-02 -7.3512855e-03 0.0000000e+00
 endloop
endfacet
facet normal -9.852776e-01 -1.709619e-01 0.000000e+00
 outer loop
  vertex -7.3558896e-02 -1.4631774e-02 5.0000000e-03
  vertex -7.4188238e-02 -1.1004786e-02 5.0000000e-03
  vertex -7.4188238e-02 -1.1004786e-02 0.0000000e+00
 endloop
endfacet
facet normal -9.852776e-01 -1.709619e-01 0.000000e+00
 outer loop
  vertex -7.3558896e-02 -1.4631774e-02 0.0000000e+00
  vertex -7.3558896e-02 -1.4631774e-02 5.0000000e-03
  vertex -7.4188238e-02 -1.1004786e-02 0.0000000e+00
 endloop
endfacet
facet normal -9.757021e-01 -2.191012e-01 0.000000e+00
 outer loop
  vertex -7.2752344e-02 -1.8223513e-02 5.0000000e-03
  vertex -7.3558896e-02 -1.4631774e-02 5.0000000e-03
  vertex -7.3558896e-02 -1.4631774e-02 0.0000000e+00
 endloop
endfacet
facet normal -9.757021e-01 -2.191012e-01 0.000000e+00
 outer loop
  vertex -7.2752344e-02 -1.8223513e-02 0.0000000e+00
  vertex -7.2752344e-02 -1.8223513e-02 5.0000000e-03
  vertex -7.3558896e-02 -1.4631774e-02 0.0000000e+00
 endloop
endfacet
facet normal -9.637761e-01 -2.667128e-01 0.000000e+00
 outer loop
  vertex -7.1770525e-02 -2.1771351e-02 5.0000000e-03
  vertex -7.2752344e-02 -1.8223513e-02 5.0000000e-03
  vertex -7.2752344e-02 -1.8223513e-02 0.0000000e+00
 endloop
endfacet
facet normal -9.637761e-01 -2.667128e-01 0.000000e+00
 outer loop
  vertex -7.1770525e-02 -2.1771351e-02 0.0000000e+00
  vertex -7.1770525e-02 -2.1771351e-02 5.0000000e-03
  vertex -7.2752344e-02 -1.8223513e-02 0.0000000e+00
 endloop
endfacet
facet normal -9.495282e-01 -3.136817e-01 0.000000e+00
 outer loop
  vertex -7.0615805e-02 -2.5266739e-02 5.0000000e-03
  vertex -7.1770525e-02 -2.1771351e-02 5.0000000e-03
  vertex -7.1770525e-02 -2.1771351e-02 0.0000000e+00
 endloop
endfacet
facet normal -9.495282e-01 -3.136817e-01 0.000000e+00
 outer loop
  vertex -7.0615805e-02 -2.5266739e-02 0.0000000e+00
  vertex -7.0615805e-02 -2.5266739e-02 5.0000000e-03
  vertex -7.1770525e-02 -2.1771351e-02 0.0000000e+00
 endloop
endfacet
facet normal -9.329928e-01 -3.598950e-01 0.000000e+00
 outer loop
  vertex -6.9290965e-02 -2.8701257e-02 5.0000000e-03
  vertex -7.0615805e-02 -2.5266739e-02 5.0000000e-03
  vertex -7.0615805e-02 -2.5266739e-02 0.0000000e+00
 endloop
endfacet
facet normal -9.329928e-01 -3.598950e-01 0.000000e+00
 outer loop
  vertex -6.9290965e-02 -2.8701257e-02 0.0000000e+00
  vertex -6.9290965e-02 -2.8701257e-02 5.0000000e-03
  vertex -7.0615805e-02 -2.5266739e-02 0.0000000e+00
 endloop
endfacet
facet normal -9.142098e-01 -4.052413e-01 0.000000e+00
 outer loop
  vertex -6.7799197e-02 -3.2066632e-02 5.0000000e-03
  vertex -6.9290965e-02 -2.8701257e-02 5.0000000e-03
  vertex -6.9290965e-02 -2.8701257e-02 0.0000000e+00
 endloop
endfacet
facet normal -9.142098e-01 -4.052413e-01 0.000000e+00
 outer loop
  vertex -6.7799197e-02 -3.2066632e-02 0.0000000e+00
  vertex -6.7799197e-02 -3.2066632e-02 5.0000000e-03
  vertex -6.9290965e-02 -2.8701257e-02 0.0000000e+00
 endloop
endfacet
facet normal -8.932243e-01 -4.496113e-01 0.000000e+00
 outer loop
  vertex -6.6144095e-02 -3.5354755e-02 5.0000000e-03
  vertex -6.7799197e-02 -3.2066632e-02 5.0000000e-03
  vertex -6.7799197e-02 -3.2066632e-02 0.0000000e+00
 endloop
endfacet
facet normal -8.932243e-01 -4.496113e-01 0.000000e+00
 outer loop
  vertex -6.6144095e-02 -3.5354755e-02 0.0000000e+00
  vertex -6.6144095e-02 -3.5354755e-02 5.0000000e-03
  vertex -6.7799197e-02 -3.2066632e-02 0.0000000e+00
 endloop
endfacet
facet normal -8.700870e-01 -4.928982e-01 0.000000e+00
 outer loop
  vertex -6.4329646e-02 -3.8557706e-02 5.0000000e-03
  vertex -6.6144095e-02 -3.5354755e-02 5.0000000e-03
  vertex -6.6144095e-02 -3.5354755e-02 0.0000000e+00
 endloop
endfacet
facet normal -8.700870e-01 -4.928982e-01 0.000000e+00
 outer loop
  vertex -6.4329646e-02 -3.8557706e-02 0.0000000e+00
  vertex -6.4329646e-02 -3.8557706e-02 5.0000000e-03
  vertex -6.6144095e-02 -3.5354755e-02 0.0000000e+00
 endloop
endfacet
facet normal -8.448536e-01 -5.349976e-01 0.000000e+00
 outer loop
  vertex -6.2360221e-02 -4.1667767e-02 5.0000000e-03
  vertex -6.4329646e-02 -3.8557706e-02 5.0000000e-03
  vertex -6.4329646e-02 -3.8557706e-02 0.0000000e+00
 endloop
endfacet
facet normal -8.448536e-01 -5.349976e-01 0.000000e+00
 outer loop
  vertex -6.2360221e-02 -4.1667767e-02 0.0000000e+00
  vertex -6.2360221e-02 -4.1667767e-02 5.0000000e-03
  vertex -6.4329646e-02 -3.8557706e-02 0.0000000e+00
 endloop
endfacet
facet normal -8.175848e-01 -5.758082e-01 0.000000e+00
 outer loop
  vertex -6.0240565e-02 -4.4677448e-02 5.0000000e-03
  vertex -6.2360221e-02 -4.1667767e-02 5.0000000e-03
  vertex -6.2360221e-02 -4.1667767e-02 0.0000000e+00
 endloop
endfacet
facet normal -8.175848e-01 -5.758082e-01 0.000000e+00
 outer loop
  vertex -6.0240565e-02 -4.4677448e-02 0.0000000e+00
  vertex -6.0240565e-02 -4.4677448e-02 5.0000000e-03
  vertex -6.2360221e-02 -4.1667767e-02 0.0000000e+00
 endloop
endfacet
facet normal -7.883464e-01 -6.152316e-01 0.000000e+00
 outer loop
  vertex -5.7975784e-02 -4.7579496e-02 5.0000000e-03
  vertex -6.0240565e-02 -4.4677448e-02 5.0000000e-03
  vertex -6.0240565e-02 -4.4677448e-02 0.0000000e+00
 endloop
endfacet
facet normal -7.883464e-01 -6.152316e-01 0.000000e+00
 outer loop
  vertex -5.7975784e-02 -4.7579496e-02 0.0000000e+00
  vertex -5.7975784e-02 -4.7579496e-02 5.0000000e-03
  vertex -6.0240565e-02 -4.4677448e-02 0.0000000e+00
 endloop
endfacet
facet normal -7.572088e-01 -6.531728e-01 0.000000e+00
 outer loop
  vertex -5.5571334e-02 -5.0366922e-02 5.0000000e-03
  vertex -5.7975784e-02 -4.7579496e-02 5.0000000e-03
  vertex -5.7975784e-02 -4.7579496e-02 0.0000000e+00
 endloop
endfacet
facet normal -7.572088e-01 -6.531728e-01 0.000000e+00
 outer loop
  vertex -5.5571334e-02 -5.0366922e-02 0.0000000e+00
  vertex -5.5571334e-02 -5.0366922e-02 5.0000000e-03
  vertex -5.7975784e-02 -4.7579496e-02 0.0000000e+00
 endloop
endfacet
facet normal -7.242471e-01 -6.895405e-01 0.000000e+00
 outer loop
  vertex -5.3033009e-02 -5.3033009e-02 5.0000000e-03
  vertex -5.5571334e-02 -5.0366922e-02 5.0000000e-03
  vertex -5.5571334e-02 -5.0366922e-02 0.0000000e+00
 endloop
endfacet
facet normal -7.242471e-01 -6.895405e-01 0.000000e+00
 outer loop
  vertex -5.3033009e-02 -5.3033009e-02 0.0000000e+00
  vertex -5.3033009e-02 -5.3033009e-02 5.0000000e-03
  vertex -5.5571334e-02 -5.0366922e-02 0.0000000e+00
 endloop
endfacet
facet normal -6.895405e-01 -7.242471e-01 0.000000e+00
 outer loop
  vertex -5.0366922e-02 -5.5571334e-02 5.0000000e-03
  vertex -5.3033009e-02 -5.3033009e-02 5.0000000e-03
  vertex -5.3033009e-02 -5.3033009e-02 0.0000000e+00
 endloop
endfacet
facet normal -6.895405e-01 -7.242471e-01 0.000000e+00
 outer loop
  vertex -5.0366922e-02 -5.5571334e-02 0.0000000e+00
  vertex -5.0366922e-02 -5.5571334e-02 5.0000000e-03
  vertex -5.3033009e-02 -5.3033009e-02 0.0000000e+00
 endloop
endfacet
facet normal -6.531728e-01 -7.572088e-01 0.000000e+00
 outer loop
  vertex -4.7579496e-02 -5.7975784e-02 5.0000000e-03
  vertex -5.0366922e-02 -5.5571334e-02 5.0000000e-03
  vertex -5.0366922e-02 -5.5571334e-02 0.0000000e+00
 endloop
endfacet
facet normal -6.531728e-01 -7.572088e-01 0.000000e+00
 outer loop
  vertex -4.7579496e-02 -5.7975784e-02 0.0000000e+00
  vertex -4.7579496e-02 -5.7975784e-02 5.0000000e-03
  vertex -5.0366922e-02 -5.5571334e-02 0.0000000e+00
 endloop
endfacet
facet normal -6.152316e-01 -7.883464e-01 0.000000e+00
 outer loop
  vertex -4.4677448e-02 -6.0240565e-02 5.0000000e-03
  vertex -4.7579496e-02 -5.7975784e-02 5.0000000e-03
  vertex -4.7579496e-02 -5.7975784e-02 0.0000000e+00
 endloop
endfacet
facet normal -6.152316e-01 -7.883464e-01 0.000000e+00
 outer loop
  vertex -4.4677448e-02 -6.0240565e-02 0.0000000e+00
  vertex -4.4677448e-02 -6.0240565e-02 5.0000000e-03
  vertex -4.7579496e-02 -5.7975784e-02 0.0000000e+00
 endloop
endfacet
facet normal -5.758082e-01 -8.175848e-01 0.000000e+00
 outer loop
  vertex -4.1667767e-02 -6.2360221e-02 5.0000000e-03
  vertex -4.4677448e-02 -6.0240565e-02 5.0000000e-03
  vertex -4.4677448e-02 -6.0240565e-02 0.0000000e+00
 endloop
endfacet
facet normal -5.758082e-01 -8.175848e-01 0.000000e+00
 outer loop
  vertex -4.1667767e-02 -6.2360221e-02 0.0000000e+00
  vertex -4.1667767e-02 -6.2360221e-02 5.0000000e-03
  vertex -4.4677448e-02 -6.0240565e-02 0.0000000e+00
 endloop
endfacet
facet normal -5.349976e-01 -8.448536e-01 0.000000e+00
 outer loop
  vertex -3.8557706e-02 -6.4329646e-02 5.0000000e-03
  vertex -4.1667767e-02 -6.2360221e-02 5.0000000e-03
  vertex -4.1667767e-02 -6.2360221e-02 0.0000000e+00
 endloop
endfacet
facet normal -5.349976e-01 -8.448536e-01 0.000000e+00
 outer loop
  vertex -3.8557706e-02 -6.4329646e-02 0.0000000e+00
  vertex -3.8557706e-02 -6.4329646e-02 5.0000000e-03
  vertex -4.1667767e-02 -6.2360221e-02 0.0000000e+00
 endloop
endfacet
facet normal -4.928982e-01 -8.700870e-01 0.000000e+00
 outer loop
  vertex -3.5354755e-02 -6.6144095e-02 5.0000000e-03
  vertex -3.8557706e-02 -6.4329646e-02 5.0000000e-03
  vertex -3.8557706e-02 -6.4329646e-02 0.0000000e+00
 endloop
endfacet
facet normal -4.928982e-01 -8.700870e-01 0.000000e+00
 outer loop
  vertex -3.5354755e-02 -6.6144095e-02 0.0000000e+00
  vertex -3.5354755e-02 -6.6144095e-02 5.0000000e-03
  vertex -3.8557706e-02 -6.4329646e-02 0.0000000e+00
 endloop
endfacet
facet normal -4.496113e-01 -8.932243e-01 0.000000e+00
 outer loop
  vertex -3.2066632e-02 -6.7799197e-02 5.0000000e-03
  vertex -3.5354755e-02 -6.6144095e-02 5.0000000e-03
  vertex -3.5354755e-02 -6.6144095e-02 0.0000000e+00
 endloop
endfacet
facet normal -4.496113e-01 -8.932243e-01 0.000000e+00
 outer loop
  vertex -3.2066632e-02 -6.7799197e-02 0.0000000e+00
  vertex -3.2066632e-02 -6.7799197e-02 5.0000000e-03
  vertex -3.5354755e-02 -6.6144095e-02 0.0000000e+00
 endloop
endfacet
facet normal -4.052413e-01 -9.142098e-01 0.000000e+00
 outer loop
  vertex -2.8701257e-02 -6.9290965e-02 5.0000000e-03
  vertex -3.2066632e-02 -6.7799197e-02 5.0000000e-03
  vertex -3.2066632e-02 -6.7799197e-02 0.0000000e+00
 endloop
endfacet
facet normal -4.052413e-01 -9.142098e-01 0.000000e+00
 outer loop
  vertex -2.8701257e-02 -6.9290965e-02 0.0000000e+00
  vertex -2.8701257e-02 -6.9290965e-02 5.0000000e-03
  vertex -3.2066632e-02 -6.7799197e-02 0.0000000e+00
 endloop
endfacet
facet normal -3.598950e-01 -9.329928e-01 0.000000e+00
 outer loop
  vertex -2.5266739e-02 -7.0615805e-02 5.0000000e-03
  vertex -2.8701257e-02 -6.9290965e-02 5.0000000e-03
  vertex -2.8701257e-02 -6.9290965e-02 0.0000000e+00
 endloop
endfacet
facet normal -3.598950e-01 -9.329928e-01 0.000000e+00
 outer loop
  vertex -2.5266739e-02 -7.0615805e-02 0.0000000e+00
  vertex -2.5266739e-02 -7.0615805e-02 5.0000000e-03
  vertex -2.8701257e-02 -6.9290965e-02 0.0000000e+00
 endloop
endfacet
facet normal -3.136817e-01 -9.495282e-01 0.000000e+00
 outer loop
  vertex -2.1771351e-02 -7.1770525e-02 5.0000000e-03
  vertex -2.5266739e-02 -7.0615805e-02 5.0000000e-03
  vertex -2.5266739e-02 -7.0615805e-02 0.0000000e+00
 endloop
endfacet
facet normal -3.136817e-01 -9.495282e-01 0.000000e+00
 outer loop
  vertex -2.1771351e-02 -7.1770525e-02 0.0000000e+00
  vertex -2.1771351e-02 -7.1770525e-02 5.0000000e-03
  vertex -2.5266739e-02 -7.0615805e-02 0.0000000e+00
 endloop
endfacet
facet normal -2.667128e-01 -9.637761e-01 0.000000e+00
 outer loop
  vertex -1.8223513e-02 -7.2752344e-02 5.0000000e-03
  vertex -2.1771351e-02 -7.1770525e-02 5.0000000e-03
  vertex -2.1771351e-02 -7.1770525e-02 0.0000000e+00
 endloop
endfacet
facet normal -2.667128e-01 -9.637761e-01 0.000000e+00
 outer loop
  vertex -1.8223513e-02 -7.2752344e-02 0.0000000e+00
  vertex -1.8223513e-02 -7.2752344e-02 5.0000000e-03
  vertex -2.1771351e-02 -7.1770525e-02 0.0000000e+00
 endloop
endfacet
facet normal -2.191012e-01 -9.757021e-01 0.000000e+00
 outer loop
  vertex -1.4631774e-02 -7.3558896e-02 5.0000000e-03
  vertex -1.8223513e-02 -7.2752344e-02 5.0000000e-03
  vertex -1.8223513e-02 -7.2752344e-02 0.0000000e+00
 endloop
endfacet
facet normal -2.191012e-01 -9.757021e-01 0.000000e+00
 outer loop
  vertex -1.4631774e-02 -7.3558896e-02 0.0000000e+00
  vertex -1.4631774e-02 -7.3558896e-02 5.0000000e-03
  vertex -1.8223513e-02 -7.2752344e-02 0.0000000e+00
 endloop
endfacet
facet normal -1.709619e-01 -9.852776e-01 0.000000e+00
 outer loop
  vertex -1.1004786e-02 -7.4188238e-02 5.0000000e-03
  vertex -1.4631774e-02 -7.3558896e-02 5.0000000e-03
  vertex -1.4631774e-02 -7.3558896e-02 0.0000000e+00
 endloop
endfacet
facet normal -1.709619e-01 -9.852776e-01 0.000000e+00
 outer loop
  vertex -1.1004786e-02 -7.4188238e-02 0.0000000e+00
  vertex -1.1004786e-02 -7.4188238e-02 5.0000000e-03
  vertex -1.4631774e-02 -7.3558896e-02 0.0000000e+00
 endloop
endfacet
facet normal -1.224107e-01 -9.924795e-01 0.000000e+00
 outer loop
  vertex -7.3512855e-03 -7.4638855e-02 5.0000000e-03
  vertex -1.1004786e-02 -7.4188238e-02 5.0000000e-03
  vertex -1.1004786e-02 -7.4188238e-02 0.0000000e+00
 endloop
endfacet
facet normal -1.224107e-01 -9.924795e-01 0.000000e+00
 outer loop
  vertex -7.3512855e-03 -7.4638855e-02 0.0000000e+00
  vertex -7.3512855e-03 -7.4638855e-02 5.0000000e-03
  vertex -1.1004786e-02 -7.4188238e-02 0.0000000e+00
 endloop
endfacet
facet normal -7.356456e-02 -9.972905e-01 0.000000e+00
 outer loop
  vertex -3.6800756e-03 -7.4909659e-02 5.0000000e-03
  vertex -7.3512855e-03 -7.4638855e-02 5.0000000e-03
  vertex -7.3512855e-03 -7.4638855e-02 0.0000000e+00
 endloop
endfacet
facet normal -7.356456e-02 -9.972905e-01 0.000000e+00
 outer loop
  vertex -3.6800756e-03 -7.4909659e-02 0.0000000e+00
  vertex -3.6800756e-03 -7.4909659e-02 5.0000000e-03
  vertex -7.3512855e-03 -7.4638855e-02 0.0000000e+00
 endloop
endfacet
facet normal -2.454123e-02 -9.996988e-01 0.000000e+00
 outer loop
  vertex -1.3777276e-17 -7.5000000e-02 5.0000000e-03
  vertex -3.6800756e-03 -7.4909659e-02 5.0000000e-03
  vertex -3.6800756e-03 -7.4909659e-02 0.0000000e+00
 endloop
endfacet
facet normal -2.454123e-02 -9.996988e-01 0.000000e+00
 outer loop
  vertex -1.3777276e-17 -7.5000000e-02 0.0000000e+00
  vertex -1.3777276e-17 -7.5000000e-02 5.0000000e-03
  vertex -3.6800756e-03 -7.4909659e-02 0.0000000e+00
 endloop
endfacet
facet normal 2.454123e-02 -9.996988e-01 0.000000e+00
 outer loop
  vertex 3.6800756e-03 -7.4909659e-02 5.0000000e-03
  vertex -1.3777276e-17 -7.5000000e-02 5.0000000e-03
  vertex -1.3777276e-17 -7.5000000e-02 0.0000000e+00
 endloop
endfacet
facet normal 2.454123e-02 -9.996988e-01 0.000000e+00
 outer loop
  vertex 3.6800756e-03 -7.4909659e-02 0.0000000e+00
  vertex 3.6800756e-03 -7.4909659e-02 5.0000000e-03
  vertex -1.3777276e-17 -7.5000000e-02 0.0000000e+00
 endloop
endfacet
facet normal 7.356456e-02 -9.972905e-01 0.000000e+00
 outer loop
  vertex 7.3512855e-03 -7.4638855e-02 5.0000000e-03
  vertex 3.6800756e-03 -7.4909659e-02 5.0000000e-03
  vertex 3.6800756e-03 -7.4909659e-02 0.0000000e+00
 endloop
endfacet
facet normal 7.356456e-02 -9.972905e-01 0.000000e+00
 outer loop
  vertex 7.3512855e-03 -7.4638855e-02 0.0000000e+00
  vertex 7.3512855e-03 -7.4638855e-02 5.0000000e-03
  vertex 3.6800756e-03 -7.4909659e-02 0.0000000e+00
 endloop
endfacet
facet normal 1.224107e-01 -9.924795e-01 0.000000e+00
 outer loop
  vertex 1.1004786e-02 -7.4188238e-02 5.0000000e-03
  vertex 7.3512855e-03 -7.4638855e-02 5.0000000e-03
  vertex 7.3512855e-03 -7.4638855e-02 0.0000000e+00
 endloop
endfacet
facet normal 1.224107e-01 -9.924795e-01 0.000000e+00
 outer loop
  vertex 1.1004786e-02 -7.4188238e-02 0.0000000e+00
  vertex 1.1004786e-02 -7.4188238e-02 5.0000000e-03
  vertex 7.3512855e-03 -7.4638855e-02 0.0000000e+00
 endloop
endfacet
facet normal 1.709619e-01 -9.852776e-01 0.000000e+00
 outer loop
  vertex 1.4631774e-02 -7.3558896e-02 5.0000000e-03
  vertex 1.1004786e-02 -7.4188238e-02 5.0000000e-03
  vertex 1.1004786e-02 -7.4188238e-02 0.0000000e+00
 endloop
endfacet
facet normal 1.709619e-01 -9.852776e-01 0.000000e+00
 outer loop
  vertex 1.4631774e-02 -7.3558896e-02 0.0000000e+00
  vertex 1.4631774e-02 -7.3558896e-02 5.0000000e-03
  vertex 1.1004786e-02 -7.4188238e-02 0.0000000e+00
 endloop
endfacet
facet normal 2.191012e-01 -9.757021e-01 0.000000e+00
 outer loop
  vertex 1.8223513e-02 -7.2752344e-02 5.0000000e-03
  vertex 1.4631774e-02 -7.3558896e-02 5.0000000e-03
  vertex 1.4631774e-02 -7.3558896e-02 0.0000000e+00
 endloop
endfacet
facet normal 2.191012e-01 -9.757021e-01 0.000000e+00
 outer loop
  vertex 1.8223513e-02 -7.2752344e-02 0.0000000e+00
  vertex 1.8223513e-02 -7.2752344e-02 5.0000000e-03
  vertex 1.4631774e-02 -7.3558896e-02 0.0000000e+00
 endloop
endfacet
facet normal 2.667128e-01 -9.637761e-01 0.000000e+00
 outer loop
  vertex 2.1771351e-02 -7.1770525e-02 5.0000000e-03
  vertex 1.8223513e-02 -7.2752344e-02 5.0000000e-03
  vertex 1.8223513e-02 -7.2752344e-02 0.0000000e+00
 endloop
endfacet
facet normal 2.667128e-01 -9.637761e-01 0.000000e+00
 outer loop
  vertex 2.1771351e-02 -7.1770525e-02 0.0000000e+00
  vertex 2.1771351e-02 -7.1770525e-02 5.0000000e-03
  vertex 1.8223513e-02 -7.2752344e-02 0.0000000e+00
 endloop
endfacet
facet normal 3.136817e-01 -9.495282e-01 0.000000e+00
 outer loop
  vertex 2.5266739e-02 -7.0615805e-02 5.0000000e-03
  vertex 2.1771351e-02 -7.1770525e-02 5.0000000e-03
  vertex 2.1771351e-02 -7.1770525e-02 0.0000000e+00
 endloop
endfacet
facet normal 3.136817e-01 -9.495282e-01 0.000000e+00
 outer loop
  vertex 2.5266739e-02 -7.0615805e-02 0.0000000e+00
  vertex 2.5266739e-02 -7.0615805e-02 5.0000000e-03
  vertex 2.1771351e-02 -7.1770525e-02 0.0000000e+00
 endloop
endfacet
facet normal 3.598950e-01 -9.329928e-01 0.000000e+00
 outer loop
  vertex 2.8701257e-02 -6.9290965e-02 5.0000000e-03
  vertex 2.5266739e-02 -7.0615805e-02 5.0000000e-03
  vertex 2.5266739e-02 -7.0615805e-02 0.0000000e+00
 endloop
endfacet
facet normal 3.598950e-01 -9.329928e-01 0.000000e+00
 outer loop
  vertex 2.8701257e-02 -6.9290965e-02 0.0000000e+00
  vertex 2.8701257e-02 -6.9290965e-02 5.0000000e-03
  vertex 2.5266739e-02 -7.0615805e-02 0.0000000e+00
 endloop
endfacet
facet normal 4.052413e-01 -9.142098e-01 0.000000e+00
 outer loop
  vertex 3.2066632e-02 -6.7799197e-02 5.0000000e-03
  vertex 2.8701257e-02 -6.9290965e-02 5.0000000e-03
  vertex 2.8701257e-02 -6.9290965e-02 0.0000000e+00
 endloop
endfacet
facet normal 4.052413e-01 -9.142098e-01 0.000000e+00
 outer loop
  vertex 3.2066632e-02 -6.7799197e-02 0.0000000e+00
  vertex 3.2066632e-02 -6.7799197e-02 5.0000000e-03
  vertex 2.8701257e-02 -6.9290965e-02 0.0000000e+00
 endloop
endfacet
facet normal 4.496113e-01 -8.932243e-01 0.000000e+00
 outer loop
  vertex 3.5354755e-02 -6.6144095e-02 5.0000000e-03
  vertex 3.2066632e-02 -6.7799197e-02 5.0000000e-03
  vertex 3.2066632e-02 -6.7799197e-02 0.0000000e+00
 endloop
endfacet
facet normal 4.496113e-01 -8.932243e-01 0.000000e+00
 outer loop
  vertex 3.5354755e-02 -6.6144095e-02 0.0000000e+00
  vertex 3.5354755e-02 -6.6144095e-02 5.0000000e-03
  vertex 3.2066632e-02 -6.7799197e-02 0.0000000e+00
 endloop
endfacet
facet normal 4.928982e-01 -8.700870e-01 0.000000e+00
 outer loop
  vertex 3.8557706e-02 -6.4329646e-02 5.0000000e-03
  vertex 3.5354755e-02 -6.6144095e-02 5.0000000e-03
  vertex 3.5354755e-02 -6.6144095e-02 0.0000000e+00
 endloop
endfacet
facet normal 4.928982e-01 -8.700870e-01 0.000000e+00
 outer loop
  vertex 3.8557706e-02 -6.4329646e-02 0.0000000e+00
  vertex 3.8557706e-02 -6.4329646e-02 5.0000000e-03
  vertex 3.5354755e-02 -6.6144095e-02 0.0000000e+00
 endloop
endfacet
facet normal 5.349976e-01 -8.448536e-01 0.000000e+00
 outer loop
  vertex 4.1667767e-02 -6.2360221e-02 5.0000000e-03
  vertex 3.8557706e-02 -6.4329646e-02 5.0000000e-03
  vertex 3.8557706e-02 -6.4329646e-02 0.0000000e+00
 endloop
endfacet
facet normal 5.349976e-01 -8.448536e-01 0.000000e+00
 outer loop
  vertex 4.1667767e-02 -6.2360221e-02 0.0000000e+00
  vertex 4.1667767e-02 -6.2360221e-02 5.0000000e-03
  vertex 3.8557706e-02 -6.4329646e-02 0.0000000e+00
 endloop
endfacet
facet normal 5.758082e-01 -8.175848e-01 0.000000e+00
 outer loop
  vertex 4.4677448e-02 -6.0240565e-02 5.0000000e-03
  vertex 4.1667767e-02 -6.2360221e-02 5.0000000e-03
  vertex 4.1667767e-02 -6.2360221e-02 0.0000000e+00
 endloop
endfacet
facet normal 5.758082e-01 -8.175848e-01 0.000000e+00
 outer loop
  vertex 4.4677448e-02 -6.0240565e-02 0.0000000e+00
  vertex 4.4677448e-02 -6.0240565e-02 5.0000000e-03
  vertex 4.1667767e-02 -6.2360221e-02 0.0000000e+00
 endloop
endfacet
facet normal 6.152316e-01 -7.883464e-01 0.000000e+00
 outer loop
  vertex 4.7579496e-02 -5.7975784e-02 5.0000000e-03
  vertex 4.4677448e-02 -6.0240565e-02 5.0000000e-03
  vertex 4.4677448e-02 -6.0240565e-02 0.0000000e+00
 endloop
endfacet
facet normal 6.152316e-01 -7.883464e-01 0.000000e+00
 outer loop
  vertex 4.7579496e-02 -5.7975784e-02 0.0000000e+00
  vertex 4.7579496e-02 -5.7975784e-02 5.0000000e-03
  vertex 4.4677448e-02 -6.0240565e-02 0.0000000e+00
 endloop
endfacet
facet normal 6.531728e-01 -7.572088e-01 0.000000e+00
 outer loop
  vertex 5.0366922e-02 -5.5571334e-02 5.0000000e-03
  vertex 4.7579496e-02 -5.7975784e-02 5.0000000e-03
  vertex 4.7579496e-02 -5.7975784e-02 0.0000000e+00
 endloop
endfacet
facet normal 6.531728e-01 -7.572088e-01 0.000000e+00
 outer loop
  vertex 5.0366922e-02 -5.5571334e-02 0.0000000e+00
  vertex 5.0366922e-02 -5.5571334e-02 5.0000000e-03
  vertex 4.7579496e-02 -5.7975784e-02 0.0000000e+00
 endloop
endfacet
facet normal 6.895405e-01 -7.242471e-01 0.000000e+00
 outer loop
  vertex 5.3033009e-02 -5.3033009e-02 5.0000000e-03
  vertex 5.0366922e-02 -5.5571334e-02 5.0000000e-03
  vertex 5.0366922e-02 -5.5571334e-02 0.0000000e+00
 endloop
endfacet
facet normal 6.895405e-01 -7.242471e-01 0.000000e+00
 outer loop
  vertex 5.3033009e-02 -5.3033009e-02 0.0000000e+00
  vertex 5.3033009e-02 -5.3033009e-02 5.0000000e-03
  vertex 5.0366922e-02 -5.5571334e-02 0.0000000e+00
 endloop
endfacet
facet normal 7.242471e-01 -6.895405e-01 0.000000e+00
 outer loop
  vertex 5.5571334e-02 -5.0366922e-02 5.0000000e-03
  vertex 5.3033009e-02 -5.3033009e-02 5.0000000e-03
  vertex 5.3033009e-02 -5.3033009e-02 0.0000000e+00
 endloop
endfacet
facet normal 7.242471e-01 -6.895405e-01 0.000000e+00
 outer loop
  vertex 5.5571334e-02 -5.0366922e-02 0.0000000e+00
  vertex 5.5571334e-02 -5.0366922e-02 5.0000000e-03
  vertex 5.3033009e-02 -5.3033009e-02 0.0000000e+00
 endloop
endfacet
facet normal 7.572088e-01 -6.531728e-01 0.000000e+00
 outer loop
  vertex 5.7975784e-02 -4.7579496e-02 5.0000000e-03
  vertex 5.5571334e-02 -5.0366922e-02 5.0000000e-03
  vertex 5.5571334e-02 -5.0366922e-02 0.0000000e+00
 endloop
endfacet
facet normal 7.572088e-01 -6.531728e-01 0.000000e+00
 outer loop
  vertex 5.7975784e-02 -4.7579496e-02 0.0000000e+00
  vertex 5.7975784e-02 -4.7579496e-02 5.0000000e-03
  vertex 5.5571334e-02 -5.0366922e-02 0.0000000e+00
 endloop
endfacet
facet normal 7.883464e-01 -6.152316e-01 0.000000e+00
 outer loop
  vertex 6.0240565e-02 -4.4677448e-02 5.0000000e-03
  vertex 5.7975784e-02 -4.7579496e-02 5.0000000e-03
  vertex 5.7975784e-02 -4.7579496e-02 0.0000000e+00
 endloop
endfacet
facet normal 7.883464e-01 -6.152316e-01 0.000000e+00
 outer loop
  vertex 6.0240565e-02 -4.4677448e-02 0.0000000e+00
  vertex 6.0240565e-02 -4.4677448e-02 5.0000000e-03
  vertex 5.7975784e-02 -4.7579496e-02 0.0000000e+00
 endloop
endfacet
facet normal 8.175848e-01 -5.758082e-01 0.000000e+00
 outer loop
  vertex 6.2360221e-02 -4.1667767e-02 5.0000000e-03
  vertex 6.0240565e-02 -4.4677448e-02 5.0000000e-03
  vertex 6.0240565e-02 -4.4677448e-02 0.0000000e+00
 endloop
endfacet
facet normal 8.175848e-01 -5.758082e-01 0.000000e+00
 outer loop
  vertex 6.2360221e-02 -4.1667767e-02 0.0000000e+00
  vertex 6.2360221e-02 -4.1667767e-02 5.0000000e-03
  vertex 6.0240565e-02 -4.4677448e-02 0.0000000e+00
 endloop
endfacet
facet normal 8.448536e-01 -5.349976e-01 0.000000e+00
 outer loop
  vertex 6.4329646e-02 -3.8557706e-02 5.0000000e-03
  vertex 6.2360221e-02 -4.1667767e-02 5.0000000e-03
  vertex 6.2360221e-02 -4.1667767e-02 0.0000000e+00
 endloop
endfacet
facet normal 8.448536e-01 -5.349976e-01 0.000000e+00
 outer loop
  vertex 6.4329646e-02 -3.8557706e-02 0.0000000e+00
  vertex 6.4329646e-02 -3.8557706e-02 5.0000000e-03
  vertex 6.2360221e-02 -4.1667767e-02 0.0000000e+00
 endloop
endfacet
facet normal 8.700870e-01 -4.928982e-01 0.000000e+00
 outer loop
  vertex 6.6144095e-02 -3.5354755e-02 5.0000000e-03
  vertex 6.4329646e-02 -3.8557706e-02 5.0000000e-03
  vertex 6.4329646e-02 -3.8557706e-02 0.0000000e+00
 endloop
endfacet
facet normal 8.700870e-01 -4.928982e-01 0.000000e+00
 outer loop
  vertex 6.6144095e-02 -3.5354755e-02 0.0000000e+00
  vertex 6.6144095e-02 -3.5354755e-02 5.0000000e-03
  vertex 6.4329646e-02 -3.8557706e-02 0.0000000e+00
 endloop
endfacet
facet normal 8.932243e-01 -4.496113e-01 0.000000e+00
 outer loop
  vertex 6.7799197e-02 -3.2066632e-02 5.0000000e-03
  vertex 6.6144095e-02 -3.5354755e-02 5.0000000e-03
  vertex 6.6144095e-02 -3.5354755e-02 0.0000000e+00
 endloop
endfacet
facet normal 8.932243e-01 -4.496113e-01 0.000000e+00
 outer loop
  vertex 6.7799197e-02 -3.2066632e-02 0.0000000e+00
  vertex 6.7799197e-02 -3.2066632e-02 5.0000000e-03
  vertex 6.6144095e-02 -3.5354755e-02 0.0000000e+00
 endloop
endfacet
facet normal 9.142098e-01 -4.052413e-01 0.000000e+00
 outer loop
  vertex 6.9290965e-02 -2.8701257e-02 5.0000000e-03
  vertex 6.7799197e-02 -3.2066632e-02 5.0000000e-03
  vertex 6.7799197e-02 -3.2066632e-02 0.0000000e+00
 endloop
endfacet
facet normal 9.142098e-01 -4.052413e-01 0.000000e+00
 outer loop
  vertex 6.9290965e-02 -2.8701257e-02 0.0000000e+00
  vertex 6.9290965e-02 -2.8701257e-02 5.0000000e-03
  vertex 6.7799197e-02 -3.2066632e-02 0.0000000e+00
 endloop
endfacet
facet normal 9.329928e-01 -3.598950e-01 0.000000e+00
 outer loop
  vertex 7.0615805e-02 -2.5266739e-02 5.0000000e-03
  vertex 6.9290965e-02 -2.8701257e-02 5.0000000e-03
  vertex 6.9290965e-02 -2.8701257e-02 0.0000000e+00
 endloop
endfacet
facet normal 9.329928e-01 -3.598950e-01 0.000000e+00
 outer loop
  vertex 7.0615805e-02 -2.5266739e-02 0.0000000e+00
  vertex 7.0615805e-02 -2.5266739e-02 5.0000000e-03
  vertex 6.9290965e-02 -2.8701257e-02 0.0000000e+00
 endloop
endfacet
facet normal 9.495282e-01 -3.136817e-01 0.000000e+00
 outer loop
  vertex 7.1770525e-02 -2.1771351e-02 5.0000000e-03
  vertex 7.0615805e-02 -2.5266739e-02 5.0000000e-03
  vertex 7.0615805e-02 -2.5266739e-02 0.0000000e+00
 endloop
endfacet
facet normal 9.495282e-01 -3.136817e-01 0.000000e+00
 outer loop
  vertex 7.1770525e-02 -2.1771351e-02 0.0000000e+00
  vertex 7.1770525e-02 -2.1771351e-02 5.0000000e-03
  vertex 7.0615805e-02 -2.5266739e-02 0.0000000e+00
 endloop
endfacet
facet normal 9.637761e-01 -2.667128e-01 0.000000e+00
 outer loop
  vertex 7.2752344e-02 -1.8223513e-02 5.0000000e-03
  vertex 7.1770525e-02 -2.1771351e-02 5.0000000e-03
  vertex 7.1770525e-02 -2.1771351e-02 0.0000000e+00
 endloop
endfacet
facet normal 9.637761e-01 -2.667128e-01 0.000000e+00
 outer loop
  vertex 7.2752344e-02 -1.8223513e-02 0.0000000e+00
  vertex 7.2752344e-02 -1.8223513e-02 5.0000000e-03
  vertex 7.1770525e-02 -2.1771351e-02 0.0000000e+00
 endloop
endfacet
facet normal 9.757021e-01 -2.191012e-01 0.000000e+00
 outer loop
  vertex 7.3558896e-02 -1.4631774e-02 5.0000000e-03
  vertex 7.2752344e-02 -1.8223513e-02 5.0000000e-03
  vertex 7.2752344e-02 -1.8223513e-02 0.0000000e+00
 endloop
endfacet
facet normal 9.757021e-01 -2.191012e-01 0.000000e+00
 outer loop
  vertex 7.3558896e-02 -1.4631774e-02 0.0000000e+00
  vertex 7.3558896e-02 -1.4631774e-02 5.0000000e-03
  vertex 7.2752344e-02 -1.8223513e-02 0.0000000e+00
 endloop
endfacet
facet normal 9.852776e-01 -1.709619e-01 0.000000e+00
 outer loop
  vertex 7.4188238e-02 -1.1004786e-02 5.0000000e-03
  vertex 7.3558896e-02 -1.4631774e-02 5.0000000e-03
  vertex 7.3558896e-02 -1.4631774e-02 0.0000000e+00
 endloop
endfacet
facet normal 9.852776e-01 -1.709619e-01 0.000000e+00
 outer loop
  vertex 7.4188238e-02 -1.1004786e-02 0.0000000e+00
  vertex 7.4188238e-02 -1.1004786e-02 5.0000000e-03
  vertex 7.3558896e-02 -1.4631774e-02 0.0000000e+00
 endloop
endfacet
facet normal 9.924795e-01 -1.224107e-01 0.000000e+00
 outer loop
  vertex 7.4638855e-02 -7.3512855e-03 5.0000000e-03
  vertex 7.4188238e-02 -1.1004786e-02 5.0000000e-03
  vertex 7.4188238e-02 -1.1004786e-02 0.0000000e+00
 endloop
endfacet
facet normal 9.924795e-01 -1.224107e-01 0.000000e+00
 outer loop
  vertex 7.4638855e-02 -7.3512855e-03 0.0000000e+00
  vertex 7.4638855e-02 -7.3512855e-03 5.0000000e-03
  vertex 7.4188238e-02 -1.1004786e-02 0.0000000e+00
 endloop
endfacet
facet normal 9.972905e-01 -7.356456e-02 0.000000e+00
 outer loop
  vertex 7.4909659e-02 -3.6800756e-03 5.0000000e-03
  vertex 7.4638855e-02 -7.3512855e-03 5.0000000e-03
  vertex 7.4638855e-02 -7.3512855e-03 0.0000000e+00
 endloop
endfacet
facet normal 9.972905e-01 -7.356456e-02 0.000000e+00
 outer loop
  vertex 7.4909659e-02 -3.6800756e-03 0.0000000e+00
  vertex 7.4909659e-02 -3.6800756e-03 5.0000000e-03
  vertex 7.4638855e-02 -7.3512855e-03 0.0000000e+00
 endloop
endfacet
facet normal 9.996988e-01 -2.454123e-02 0.000000e+00
 outer loop
  vertex 7.5000000e-02 0.0000000e+00 5.0000000e-03
  vertex 7.4909659e-02 -3.6800756e-03 5.0000000e-03
  vertex 7.4909659e-02 -3.6800756e-03 0.0000000e+00
 endloop
endfacet
facet normal 9.996988e-01 -2.454123e-02 0.000000e+00
 outer loop
  vertex 7.5000000e-02 0.0000000e+00 0.0000000e+00
  vertex 7.5000000e-02 0.0000000e+00 5.0000000e-03
  vertex 7.4909659e-02 -3.6800756e-03 0.0000000e+00
 endloop
endfacet
facet normal 0.000000e+00 0.000000e+00 1.000000e+00
 outer loop
  vertex 2.9963864e-02 1.4720302e-03 5.0000000e-03
  vertex 3.0000000e-02 0.0000000e+00 5.0000000e-03
  vertex 7.5000000e-02 0.0000000e+00 5.0000000e-03
 endloop
endfacet
facet normal 0.000000e+00 0.000000e+00 1.000000e+00
 outer loop
  vertex 7.4909659e-02 3.6800756e-03 5.0000000e-03
  vertex 2.9963864e-02 1.4720302e-03 5.0000000e-03
  vertex 7.5000000e-02 0.0000000e+00 5.0000000e-03
 endloop
endfacet
facet normal -0.000000e+00 0.000000e+00 1.000000e+00
 outer loop
  vertex 2.9855542e-02 2.9405142e-03 5.0000000e-03
  vertex 2.9963864e-02 1.4720302e-03 5.0000000e-03
  vertex 7.4909659e-02 3.6800756e-03 5.0000000e-03
 endloop
endfacet
facet normal 0.000000e+00 0.000000e+00 1.000000e+00
 outer loop
  vertex 7.4638855e-02 7.3512855e-03 5.0000000e-03
  vertex 2.9855542e-02 2.9405142e-03 5.0000000e-03
  vertex 7.4909659e-02 3.6800756e-03 5.0000000e-03
 endloop
endfacet
facet normal -0.000000e+00 0.000000e+00 1.000000e+00
 outer loop
  vertex 2.9675295e-02 4.4019142e-03 5.0000000e-03
  vertex 2.9855542e-02 2.9405142e-03 5.0000000e-03
  vertex 7.4638855e-02 7.3512855e-03 5.0000000e-03
 endloop
endfacet
facet normal 0.000000e+00 0.000000e+00 1.000000e+00
 outer loop
  vertex 7.4188238e-02 1.1004786e-02 5.0000000e-03
  vertex 2.9675295e-02 4.4019142e-03 5.0000000e-03
  vertex 7.4638855e-02 7.3512855e-03 5.0000000e-03
 endloop
endfacet
facet normal -0.000000e+00 0.000000e+00 1.000000e+00
 outer loop
  vertex 2.9423558e-02 5.8527097e-03 5.0000000e-03
  vertex 2.9675295e-02 4.4019142e-03 5.0000000e-03
  vertex 7.4188238e-02 1.1004786e-02 5.0000000e-03
 endloop
endfacet
facet normal 0.000000e+00 0.000000e+00 1.000000e+00
 outer loop
  vertex 7.3558896e-02 1.4631774e-02 5.0000000e-03
  vertex 2.9423558e-02 5.8527097e-03 5.0000000e-03
  vertex 7.4188238e-02 1.1004786e-02 5.0000000e-03
 endloop
endfacet
facet normal -0.000000e+00 0.000000e+00 1.000000e+00
 outer loop
  vertex 2.9100938e-02 7.2894054e-03 5.0000000e-03
  vertex 2.9423558e-02 5.8527097e-03 5.0000000e-03
  vertex 7.3558896e-02 1.4631774e-02 5.0000000e-03
 endloop
endfacet
facet normal 0.000000e+00 0.000000e+00 1.000000e+00
 outer loop
  vertex 7.2752344e-02 1.8223513e-02 5.0000000e-03
  vertex 2.9100938e-02 7.2894054e-03 5.0000000e-03
  vertex 7.3558896e-02 1.4631774e-02 5.0000000e-03
 endloop
endfacet
facet normal -0.000000e+00 0.000000e+00 1.000000e+00
 outer loop
  vertex 2.8708210e-02 8.7085403e-03 5.0000000e-03
  vertex 2.9100938e-02 7.2894054e-03 5.0000000e-03
  vertex 7.2752344e-02 1.8223513e-02 5.0000000e-03
 endloop
endfacet
facet normal 0.000000e+00 0.000000e+00 1.000000e+00
 outer loop
  vertex 7.1770525e-02 2.1771351e-02 5.0000000e-03
  vertex 2.8708210e-02 8.7085403e-03 5.0000000e-03
  vertex 7.2752344e-02 1.8223513e-02 5.0000000e-03
 endloop
endfacet
facet normal -0.000000e+00 0.000000e+00 1.000000e+00
 outer loop
  vertex 2.8246322e-02 1.0106696e-02 5.0000000e-03
  vertex 2.8708210e-02 8.7085403e-03 5.0000000e-03
  vertex 7.1770525e-02 2.1771351e-02 5.0000000e-03
 endloop
endfacet
facet normal 0.000000e+00 0.000000e+00 1.000000e+00
 outer loop
  vertex 7.0615805e-02 2.5266739e-02 5.0000000e-03
  vertex 2.8246322e-02 1.0106696e-02 5.0000000e-03
  vertex 7.1770525e-02 2.1771351e-02 5.0000000e-03
 endloop
endfacet
facet normal -0.000000e+00 0.000000e+00 1.000000e+00
 outer loop
  vertex 2.7716386e-02 1.1480503e-02 5.0000000e-03
  vertex 2.8246322e-02 1.0106696e-02 5.0000000e-03
  vertex 7.0615805e-02 2.5266739e-02 5.0000000e-03
 endloop
endfacet
facet normal 0.000000e+00 0.000000e+00 1.000000e+00
 outer loop
  vertex 6.9290965e-02 2.8701257e-02 5.0000000e-03
  vertex 2.7716386e-02 1.1480503e-02 5.0000000e-03
  vertex 7.0615805e-02 2.5266739e-02 5.0000000e-03
 endloop
endfacet
facet normal -0.000000e+00 0.000000e+00 1.000000e+00
 outer loop
  vertex 2.7119679e-02 1.2826653e-02 5.0000000e-03
  vertex 2.7716386e-02 1.1480503e-02 5.0000000e-03
  vertex 6.9290965e-02 2.8701257e-02 5.0000000e-03
 endloop
endfacet
facet normal 0.000000e+00 0.000000e+00 1.000000e+00
 outer loop
  vertex 6.7799197e-02 3.2066632e-02 5.0000000e-03
  vertex 2.7119679e-02 1.2826653e-02 5.0000000e-03
  vertex 6.9290965e-02 2.8701257e-02 5.0000000e-03
 endloop
endfacet
facet normal -0.000000e+00 0.000000e+00 1.000000e+00
 outer loop
  vertex 2.6457638e-02 1.4141902e-02 5.0000000e-03
  vertex 2.7119679e-02 1.2826653e-02 5.0000000e-03
  vertex 6.7799197e-02 3.2066632e-02 5.0000000e-03
 endloop
endfacet
facet normal 0.000000e+00 0.000000e+00 1.000000e+00
 outer loop
  vertex 6.6144095e-02 3.5354755e-02 5.0000000e-03
  vertex 2.6457638e-02 1.4141902e-02 5.0000000e-03
  vertex 6.7799197e-02 3.2066632e-02 5.0000000e-03
 endloop
endfacet
facet normal -0.000000e+00 0.000000e+00 1.000000e+00
 outer loop
  vertex 2.5731858e-02 1.5423082e-02 5.0000000e-03
  vertex 2.6457638e-02 1.4141902e-02 5.0000000e-03
  vertex 6.6144095e-02 3.5354755e-02 5.0000000e-03
 endloop
endfacet
facet normal 0.000000e+00 0.000000e+00 1.000000e+00
 outer loop
  vertex 6.4329646e-02 3.8557706e-02 5.0000000e-03
  vertex 2.5731858e-02 1.5423082e-02 5.0000000e-03
  vertex 6.6144095e-02 3.5354755e-02 5.0000000e-03
 endloop
endfacet
facet normal -0.000000e+00 0.000000e+00 1.000000e+00
 outer loop
  vertex 2.4944088e-02 1.6667107e-02 5.0000000e-03
  vertex 2.5731858e-02 1.5423082e-02 5.0000000e-03
  vertex 6.4329646e-02 3.8557706e-02 5.0000000e-03
 endloop
endfacet
facet normal 0.000000e+00 0.000000e+00 1.000000e+00
 outer loop
  vertex 6.2360221e-02 4.1667767e-02 5.0000000e-03
  vertex 2.4944088e-02 1.6667107e-02 5.0000000e-03
  vertex 6.4329646e-02 3.8557706e-02 5.0000000e-03
 endloop
endfacet
facet normal -0.000000e+00 0.000000e+00 1.000000e+00
 outer loop
  vertex 2.4096226e-02 1.7870979e-02 5.0000000e-03
  vertex 2.4944088e-02 1.6667107e-02 5.0000000e-03
  vertex 6.2360221e-02 4.1667767e-02 5.0000000e-03
 endloop
endfacet
facet normal 0.000000e+00 0.000000e+00 1.000000e+00
 outer loop
  vertex 6.0240565e-02 4.4677448e-02 5.0000000e-03
  vertex 2.4096226e-02 1.7870979e-02 5.0000000e-03
  vertex 6.2360221e-02 4.1667767e-02 5.0000000e-03
 endloop
endfacet
facet normal -0.000000e+00 0.000000e+00 1.000000e+00
 outer loop
  vertex 2.3190314e-02 1.9031799e-02 5.0000000e-03
  vertex 2.4096226e-02 1.7870979e-02 5.0000000e-03
  vertex 6.0240565e-02 4.4677448e-02 5.0000000e-03
 endloop
endfacet
facet normal 0.000000e+00 0.000000e+00 1.000000e+00
 outer loop
  vertex 5.7975784e-02 4.7579496e-02 5.0000000e-03
  vertex 2.3190314e-02 1.9031799e-02 5.0000000e-03
  vertex 6.0240565e-02 4.4677448e-02 5.0000000e-03
 endloop
endfacet
facet normal -0.000000e+00 0.000000e+00 1.000000e+00
 outer loop
  vertex 2.2228534e-02 2.0146769e-02 5.0000000e-03
  vertex 2.3190314e-02 1.9031799e-02 5.0000000e-03
  vertex 5.7975784e-02 4.7579496e-02 5.0000000e-03
 endloop
endfacet
facet normal 0.000000e+00 0.000000e+00 1.000000e+00
 outer loop
  vertex 5.5571334e-02 5.0366922e-02 5.0000000e-03
  vertex 2.2228534e-02 2.0146769e-02 5.0000000e-03
  vertex 5.7975784e-02 4.7579496e-02 5.0000000e-03
 endloop
endfacet
facet normal -0.000000e+00 0.000000e+00 1.000000e+00
 outer loop
  vertex 2.1213203e-02 2.1213203e-02 5.0000000e-03
  vertex 2.2228534e-02 2.0146769e-02 5.0000000e-03
  vertex 5.5571334e-02 5.0366922e-02 5.0000000e-03
 endloop
endfacet
facet normal 0.000000e+00 0.000000e+00 1.000000e+00
 outer loop
  vertex 5.3033009e-02 5.3033009e-02 5.0000000e-03
  vertex 2.1213203e-02 2.1213203e-02 5.0000000e-03
  vertex 5.5571334e-02 5.0366922e-02 5.0000000e-03
 endloop
endfacet
facet normal -0.000000e+00 0.000000e+00 1.000000e+00
 outer loop
  vertex 2.0146769e-02 2.2228534e-02 5.0000000e-03
  vertex 2.1213203e-02 2.1213203e-02 5.0000000e-03
  vertex 5.3033009e-02 5.3033009e-02 5.0000000e-03
 endloop
endfacet
facet normal 0.000000e+00 0.000000e+00 1.000000e+00
 outer loop
  vertex 5.0366922e-02 5.5571334e-02 5.0000000e-03
  vertex 2.0146769e-02 2.2228534e-02 5.0000000e-03
  vertex 5.3033009e-02 5.3033009e-02 5.0000000e-03
 endloop
endfacet
facet normal -0.000000e+00 0.000000e+00 1.000000e+00
 outer loop
  vertex 1.9031799e-02 2.3190314e-02 5.0000000e-03
  vertex 2.0146769e-02 2.2228534e-02 5.0000000e-03
  vertex 5.0366922e-02 5.5571334e-02 5.0000000e-03
 endloop
endfacet
facet normal 0.000000e+00 0.000000e+00 1.000000e+00
 outer loop
  vertex 4.7579496e-02 5.7975784e-02 5.0000000e-03
  vertex 1.9031799e-02 2.3190314e-02 5.0000000e-03
  vertex 5.0366922e-02 5.5571334e-02 5.0000000e-03
 endloop
endfacet
facet normal -0.000000e+00 0.000000e+00 1.000000e+00
 outer loop
  vertex 1.7870979e-02 2.4096226e-02 5.0000000e-03
  vertex 1.9031799e-02 2.3190314e-02 5.0000000e-03
  vertex 4.7579496e-02 5.7975784e-02 5.0000000e-03
 endloop
endfacet
facet normal 0.000000e+00 0.000000e+00 1.000000e+00
 outer loop
  vertex 4.4677448e-02 6.0240565e-02 5.0000000e-03
  vertex 1.7870979e-02 2.4096226e-02 5.0000000e-03
  vertex 4.7579496e-02 5.7975784e-02 5.0000000e-03
 endloop
endfacet
facet normal -0.000000e+00 0.000000e+00 1.000000e+00
 outer loop
  vertex 1.6667107e-02 2.4944088e-02 5.0000000e-03
  vertex 1.7870979e-02 2.4096226e-02 5.0000000e-03
  vertex 4.4677448e-02 6.0240565e-02 5.0000000e-03
 endloop
endfacet
facet normal 0.000000e+00 0.000000e+00 1.000000e+00
 outer loop
  vertex 4.1667767e-02 6.2360221e-02 5.0000000e-03
  vertex 1.6667107e-02 2.4944088e-02 5.0000000e-03
  vertex 4.4677448e-02 6.0240565e-02 5.0000000e-03
 endloop
endfacet
facet normal -0.000000e+00 0.000000e+00 1.000000e+00
 outer loop
  vertex 1.5423082e-02 2.5731858e-02 5.0000000e-03
  vertex 1.6667107e-02 2.4944088e-02 5.0000000e-03
  vertex 4.1667767e-02 6.2360221e-02 5.0000000e-03
 endloop
endfacet
facet normal 0.000000e+00 0.000000e+00 1.000000e+00
 outer loop
  vertex 3.8557706e-02 6.4329646e-02 5.0000000e-03
  vertex 1.5423082e-02 2.5731858e-02 5.0000000e-03
  vertex 4.1667767e-02 6.2360221e-02 5.0000000e-03
 endloop
endfacet
facet normal -0.000000e+00 0.000000e+00 1.000000e+00
 outer loop
  vertex 1.4141902e-02 2.6457638e-02 5.0000000e-03
  vertex 1.5423082e-02 2.5731858e-02 5.0000000e-03
  vertex 3.8557706e-02 6.4329646e-02 5.0000000e-03
 endloop
endfacet
facet normal 0.000000e+00 0.000000e+00 1.000000e+00
 outer loop
  vertex 3.5354755e-02 6.6144095e-02 5.0000000e-03
  vertex 1.4141902e-02 2.6457638e-02 5.0000000e-03
  vertex 3.8557706e-02 6.4329646e-02 5.0000000e-03
 endloop
endfacet
facet normal -0.000000e+00 0.000000e+00 1.000000e+00
 outer loop
  vertex 1.2826653e-02 2.7119679e-02 5.0000000e-03
  vertex 1.4141902e-02 2.6457638e-02 5.0000000e-03
  vertex 3.5354755e-02 6.6144095e-02 5.0000000e-03
 endloop
endfacet
facet normal 0.000000e+00 0.000000e+00 1.000000e+00
 outer loop
  vertex 3.2066632e-02 6.7799197e-02 5.0000000e-03
  vertex 1.2826653e-02 2.7119679e-02 5.0000000e-03
  vertex 3.5354755e-02 6.6144095e-02 5.0000000e-03
 endloop
endfacet
facet normal -0.000000e+00 0.000000e+00 1.000000e+00
 outer loop
  vertex 1.1480503e-02 2.7716386e-02 5.0000000e-03
  vertex 1.2826653e-02 2.7119679e-02 5.0000000e-03
  vertex 3.2066632e-02 6.7799197e-02 5.0000000e-03
 endloop
endfacet
facet normal 0.000000e+00 0.000000e+00 1.000000e+00
 outer loop
  vertex 2.8701257e-02 6.9290965e-02 5.0000000e-03
  vertex 1.1480503e-02 2.7716386e-02 5.0000000e-03
  vertex 3.2066632e-02 6.7799197e-02 5.0000000e-03
 endloop
endfacet
facet normal -0.000000e+00 0.000000e+00 1.000000e+00
 outer loop
  vertex 1.0106696e-02 2.8246322e-02 5.0000000e-03
  vertex 1.1480503e-02 2.7716386e-02 5.0000000e-03
  vertex 2.8701257e-02 6.9290965e-02 5.0000000e-03
 endloop
endfacet
facet normal 0.000000e+00 0.000000e+00 1.000000e+00
 outer loop
  vertex 2.5266739e-02 7.0615805e-02 5.0000000e-03
  vertex 1.0106696e-02 2.8246322e-02 5.0000000e-03
  vertex 2.8701257e-02 6.9290965e-02 5.0000000e-03
 endloop
endfacet
facet normal -0.000000e+00 0.000000e+00 1.000000e+00
 outer loop
  vertex 8.7085403e-03 2.8708210e-02 5.0000000e-03
  vertex 1.0106696e-02 2.8246322e-02 5.0000000e-03
  vertex 2.5266739e-02 7.0615805e-02 5.0000000e-03
 endloop
endfacet
facet normal 0.000000e+00 0.000000e+00 1.000000e+00
 outer loop
  vertex 2.1771351e-02 7.1770525e-02 5.0000000e-03
  vertex 8.7085403e-03 2.8708210e-02 5.0000000e-03
  vertex 2.5266739e-02 7.0615805e-02 5.0000000e-03
 endloop
endfacet
facet normal -0.000000e+00 0.000000e+00 1.000000e+00
 outer loop
  vertex 7.2894054e-03 2.9100938e-02 5.0000000e-03
  vertex 8.7085403e-03 2.8708210e-02 5.0000000e-03
  vertex 2.1771351e-02 7.1770525e-02 5.0000000e-03
 endloop
endfacet
facet normal 0.000000e+00 0.000000e+00 1.000000e+00
 outer loop
  vertex 1.8223513e-02 7.2752344e-02 5.0000000e-03
  vertex 7.2894054e-03 2.9100938e-02 5.0000000e-03
  vertex 2.1771351e-02 7.1770525e-02 5.0000000e-03
 endloop
endfacet
facet normal -0.000000e+00 0.000000e+00 1.000000e+00
 outer loop
  vertex 5.8527097e-03 2.9423558e-02 5.0000000e-03
  vertex 7.2894054e-03 2.9100938e-02 5.0000000e-03
  vertex 1.8223513e-02 7.2752344e-02 5.0000000e-03
 endloop
endfacet
facet normal 0.000000e+00 0.000000e+00 1.000000e+00
 outer loop
  vertex 1.4631774e-02 7.3558896e-02 5.0000000e-03
  vertex 5.8527097e-03 2.9423558e-02 5.0000000e-03
  vertex 1.8223513e-02 7.2752344e-02 5.0000000e-03
 endloop
endfacet
facet normal -0.000000e+00 0.000000e+00 1.000000e+00
 outer loop
  vertex 4.4019142e-03 2.9675295e-02 5.0000000e-03
  vertex 5.8527097e-03 2.9423558e-02 5.0000000e-03
  vertex 1.4631774e-02 7.3558896e-02 5.0000000e-03
 endloop
endfacet
facet normal 0.000000e+00 0.000000e+00 1.000000e+00
 outer loop
  vertex 1.1004786e-02 7.4188238e-02 5.0000000e-03
  vertex 4.4019142e-03 2.9675295e-02 5.0000000e-03
  vertex 1.4631774e-02 7.3558896e-02 5.0000000e-03
 endloop
endfacet
facet normal -0.000000e+00 0.000000e+00 1.000000e+00
 outer loop
  vertex 2.9405142e-03 2.9855542e-02 5.0000000e-03
  vertex 4.4019142e-03 2.9675295e-02 5.0000000e-03
  vertex 1.1004786e-02 7.4188238e-02 5.0000000e-03
 endloop
endfacet
facet normal 0.000000e+00 0.000000e+00 1.000000e+00
 outer loop
  vertex 7.3512855e-03 7.4638855e-02 5.0000000e-03
  vertex 2.9405142e-03 2.9855542e-02 5.0000000e-03
  vertex 1.1004786e-02 7.4188238e-02 5.0000000e-03
 endloop
endfacet
facet normal -0.000000e+00 0.000000e+00 1.000000e+00
 outer loop
  vertex 1.4720302e-03 2.9963864e-02 5.0000000e-03
  vertex 2.9405142e-03 2.9855542e-02 5.0000000e-03
  vertex 7.3512855e-03 7.4638855e-02 5.0000000e-03
 endloop
endfacet
facet normal 0.000000e+00 0.000000e+00 1.000000e+00
 outer loop
  vertex 3.6800756e-03 7.4909659e-02 5.0000000e-03
  vertex 1.4720302e-03 2.9963864e-02 5.0000000e-03
  vertex 7.3512855e-03 7.4638855e-02 5.0000000e-03
 endloop
endfacet
facet normal -0.000000e+00 0.000000e+00 1.000000e+00
 outer loop
  vertex 1.8369702e-18 3.0000000e-02 5.0000000e-03
  vertex 1.4720302e-03 2.9963864e-02 5.0000000e-03
  vertex 3.6800756e-03 7.4909659e-02 5.0000000e-03
 endloop
endfacet
facet normal 0.000000e+00 0.000000e+00 1.000000e+00
 outer loop
  vertex 4.5924255e-18 7.5000000e-02 5.0000000e-03
  vertex 1.8369702e-18 3.0000000e-02 5.0000000e-03
  vertex 3.6800756e-03 7.4909659e-02 5.0000000e-03
 endloop
endfacet
facet normal 0.000000e+00 0.000000e+00 1.000000e+00
 outer loop
  vertex -1.4720302e-03 2.9963864e-02 5.0000000e-03
  vertex 1.8369702e-18 3.0000000e-02 5.0000000e-03
  vertex 4.5924255e-18 7.5000000e-02 5.0000000e-03
 endloop
endfacet
facet normal -0.000000e+00 0.000000e+00 1.000000e+00
 outer loop
  vertex -3.6800756e-03 7.4909659e-02 5.0000000e-03
  vertex -1.4720302e-03 2.9963864e-02 5.0000000e-03
  vertex 4.5924255e-18 7.5000000e-02 5.0000000e-03
 endloop
endfacet
facet normal 0.000000e+00 -0.000000e+00 1.000000e+00
 outer loop
  vertex -2.9405142e-03 2.9855542e-02 5.0000000e-03
  vertex -1.4720302e-03 2.9963864e-02 5.0000000e-03
  vertex -3.6800756e-03 7.4909659e-02 5.0000000e-03
 endloop
endfacet
facet normal -0.000000e+00 0.000000e+00 1.000000e+00
 outer loop
  vertex -7.3512855e-03 7.4638855e-02 5.0000000e-03
  vertex -2.9405142e-03 2.9855542e-02 5.0000000e-03
  vertex -3.6800756e-03 7.4909659e-02 5.0000000e-03
 endloop
endfacet
facet normal 0.000000e+00 -0.000000e+00 1.000000e+00
 outer loop
  vertex -4.4019142e-03 2.9675295e-02 5.0000000e-03
  vertex -2.9405142e-03 2.9855542e-02 5.0000000e-03
  vertex -7.3512855e-03 7.4638855e-02 5.0000000e-03
 endloop
endfacet
facet normal -0.000000e+00 0.000000e+00 1.000000e+00
 outer loop
  vertex -1.1004786e-02 7.4188238e-02 5.0000000e-03
  vertex -4.4019142e-03 2.9675295e-02 5.0000000e-03
  vertex -7.3512855e-03 7.4638855e-02 5.0000000e-03
 endloop
endfacet
facet normal 0.000000e+00 -0.000000e+00 1.000000e+00
 outer loop
  vertex -5.8527097e-03 2.9423558e-02 5.0000000e-03
  vertex -4.4019142e-03 2.9675295e-02 5.0000000e-03
  vertex -1.1004786e-02 7.4188238e-02 5.0000000e-03
 endloop
endfacet
facet normal -0.000000e+00 0.000000e+00 1.000000e+00
 outer loop
  vertex -1.4631774e-02 7.3558896e-02 5.0000000e-03
  vertex -5.8527097e-03 2.9423558e-02 5.0000000e-03
  vertex -1.1004786e-02 7.4188238e-02 5.0000000e-03
 endloop
endfacet
facet normal 0.000000e+00 -0.000000e+00 1.000000e+00
 outer loop
  vertex -7.2894054e-03 2.9100938e-02 5.0000000e-03
  vertex -5.8527097e-03 2.9423558e-02 5.0000000e-03
  vertex -1.4631774e-02 7.3558896e-02 5.0000000e-03
 endloop
endfacet
facet normal -0.000000e+00 0.000000e+00 1.000000e+00
 outer loop
  vertex -1.8223513e-02 7.2752344e-02 5.0000000e-03
  vertex -7.2894054e-03 2.9100938e-02 5.0000000e-03
  vertex -1.4631774e-02 7.3558896e-02 5.0000000e-03
 endloop
endfacet
facet normal 0.000000e+00 -0.000000e+00 1.000000e+00
 outer loop
  vertex -8.7085403e-03 2.8708210e-02 5.0000000e-03
  vertex -7.2894054e-03 2.9100938e-02 5.0000000e-03
  vertex -1.8223513e-02 7.2752344e-02 5.0000000e-03
 endloop
endfacet
facet normal -0.000000e+00 0.000000e+00 1.000000e+00
 outer loop
  vertex -2.1771351e-02 7.1770525e-02 5.0000000e-03
  vertex -8.7085403e-03 2.8708210e-02 5.0000000e-03
  vertex -1.8223513e-02 7.2752344e-02 5.0000000e-03
 endloop
endfacet
facet normal 0.000000e+00 -0.000000e+00 1.000000e+00
 outer loop
  vertex -1.0106696e-02 2.8246322e-02 5.0000000e-03
  vertex -8.7085403e-03 2.8708210e-02 5.0000000e-03
  vertex -2.1771351e-02 7.1770525e-02 5.0000000e-03
 endloop
endfacet
facet normal -0.000000e+00 0.000000e+00 1.000000e+00
 outer loop
  vertex -2.5266739e-02 7.0615805e-02 5.0000000e-03
  vertex -1.0106696e-02 2.8246322e-02 5.0000000e-03
  vertex -2.1771351e-02 7.1770525e-02 5.0000000e-03
 endloop
endfacet
facet normal 0.000000e+00 -0.000000e+00 1.000000e+00
 outer loop
  vertex -1.1480503e-02 2.7716386e-02 5.0000000e-03
  vertex -1.0106696e-02 2.8246322e-02 5.0000000e-03
  vertex -2.5266739e-02 7.0615805e-02 5.0000000e-03
 endloop
endfacet
facet normal -0.000000e+00 0.000000e+00 1.000000e+00
 outer loop
  vertex -2.8701257e-02 6.9290965e-02 5.0000000e-03
  vertex -1.1480503e-02 2.7716386e-02 5.0000000e-03
  vertex -2.5266739e-02 7.0615805e-02 5.0000000e-03
 endloop
endfacet
facet normal 0.000000e+00 -0.000000e+00 1.000000e+00
 outer loop
  vertex -1.2826653e-02 2.7119679e-02 5.0000000e-03
  vertex -1.1480503e-02 2.7716386e-02 5.0000000e-03
  vertex -2.8701257e-02 6.9290965e-02 5.0000000e-03
 endloop
endfacet
facet normal -0.000000e+00 0.000000e+00 1.000000e+00
 outer loop
  vertex -3.2066632e-02 6.7799197e-02 5.0000000e-03
  vertex -1.2826653e-02 2.7119679e-02 5.0000000e-03
  vertex -2.8701257e-02 6.9290965e-02 5.0000000e-03
 endloop
endfacet
facet normal 0.000000e+00 -0.000000e+00 1.000000e+00
 outer loop
  vertex -1.4141902e-02 2.6457638e-02 5.0000000e-03
  vertex -1.2826653e-02 2.7119679e-02 5.0000000e-03
  vertex -3.2066632e-02 6.7799197e-02 5.0000000e-03
 endloop
endfacet
facet normal -0.000000e+00 0.000000e+00 1.000000e+00
 outer loop
  vertex -3.5354755e-02 6.6144095e-02 5.0000000e-03
  vertex -1.4141902e-02 2.6457638e-02 5.0000000e-03
  vertex -3.2066632e-02 6.7799197e-02 5.0000000e-03
 endloop
endfacet
facet normal 0.000000e+00 -0.000000e+00 1.000000e+00
 outer loop
  vertex -1.5423082e-02 2.5731858e-02 5.0000000e-03
  vertex -1.4141902e-02 2.6457638e-02 5.0000000e-03
  vertex -3.5354755e-02 6.6144095e-02 5.0000000e-03
 endloop
endfacet
facet normal -0.000000e+00 0.000000e+00 1.000000e+00
 outer loop
  vertex -3.8557706e-02 6.4329646e-02 5.0000000e-03
  vertex -1.5423082e-02 2.5731858e-02 5.0000000e-03
  vertex -3.5354755e-02 6.6144095e-02 5.0000000e-03
 endloop
endfacet
facet normal 0.000000e+00 -0.000000e+00 1.000000e+00
 outer loop
  vertex -1.6667107e-02 2.4944088e-02 5.0000000e-03
  vertex -1.5423082e-02 2.5731858e-02 5.0000000e-03
  vertex -3.8557706e-02 6.4329646e-02 5.0000000e-03
 endloop
endfacet
facet normal -0.000000e+00 0.000000e+00 1.000000e+00
 outer loop
  vertex -4.1667767e-02 6.2360221e-02 5.0000000e-03
  vertex -1.6667107e-02 2.4944088e-02 5.0000000e-03
  vertex -3.8557706e-02 6.4329646e-02 5.0000000e-03
 endloop
endfacet
facet normal 0.000000e+00 -0.000000e+00 1.000000e+00
 outer loop
  vertex -1.7870979e-02 2.4096226e-02 5.0000000e-03
  vertex -1.6667107e-02 2.4944088e-02 5.0000000e-03
  vertex -4.1667767e-02 6.2360221e-02 5.0000000e-03
 endloop
endfacet
facet normal -0.000000e+00 0.000000e+00 1.000000e+00
 outer loop
  vertex -4.4677448e-02 6.0240565e-02 5.0000000e-03
  vertex -1.7870979e-02 2.4096226e-02 5.0000000e-03
  vertex -4.1667767e-02 6.2360221e-02 5.0000000e-03
 endloop
endfacet
facet normal 0.000000e+00 -0.000000e+00 1.000000e+00
 outer loop
  vertex -1.9031799e-02 2.3190314e-02 5.0000000e-03
  vertex -1.7870979e-02 2.4096226e-02 5.0000000e-03
  vertex -4.4677448e-02 6.0240565e-02 5.0000000e-03
 endloop
endfacet
facet normal -0.000000e+00 0.000000e+00 1.000000e+00
 outer loop
  vertex -4.7579496e-02 5.7975784e-02 5.0000000e-03
  vertex -1.9031799e-02 2.3190314e-02 5.0000000e-03
  vertex -4.4677448e-02 6.0240565e-02 5.0000000e-03
 endloop
endfacet
facet normal 0.000000e+00 -0.000000e+00 1.000000e+00
 outer loop
  vertex -2.0146769e-02 2.2228534e-02 5.0000000e-03
  vertex -1.9031799e-02 2.3190314e-02 5.0000000e-03
  vertex -4.7579496e-02 5.7975784e-02 5.0000000e-03
 endloop
endfacet
facet normal -0.000000e+00 0.000000e+00 1.000000e+00
 outer loop
  vertex -5.0366922e-02 5.5571334e-02 5.0000000e-03
  vertex -2.0146769e-02 2.2228534e-02 5.0000000e-03
  vertex -4.7579496e-02 5.7975784e-02 5.0000000e-03
 endloop
endfacet
facet normal 0.000000e+00 -0.000000e+00 1.000000e+00
 outer loop
  vertex -2.1213203e-02 2.1213203e-02 5.0000000e-03
  vertex -2.0146769e-02 2.2228534e-02 5.0000000e-03
  vertex -5.0366922e-02 5.5571334e-02 5.0000000e-03
 endloop
endfacet
facet normal -0.000000e+00 0.000000e+00 1.000000e+00
 outer loop
  vertex -5.3033009e-02 5.3033009e-02 5.0000000e-03
  vertex -2.1213203e-02 2.1213203e-02 5.0000000e-03
  vertex -5.0366922e-02 5.5571334e-02 5.0000000e-03
 endloop
endfacet
facet normal 0.000000e+00 -0.000000e+00 1.000000e+00
 outer loop
  vertex -2.2228534e-02 2.0146769e-02 5.0000000e-03
  vertex -2.1213203e-02 2.1213203e-02 5.0000000e-03
  vertex -5.3033009e-02 5.3033009e-02 5.0000000e-03
 endloop
endfacet
facet normal -0.000000e+00 0.000000e+00 1.000000e+00
 outer loop
  vertex -5.5571334e-02 5.0366922e-02 5.0000000e-03
  vertex -2.2228534e-02 2.0146769e-02 5.0000000e-03
  vertex -5.3033009e-02 5.3033009e-02 5.0000000e-03
 endloop
endfacet
facet normal 0.000000e+00 -0.000000e+00 1.000000e+00
 outer loop
  vertex -2.3190314e-02 1.9031799e-02 5.0000000e-03
  vertex -2.2228534e-02 2.0146769e-02 5.0000000e-03
  vertex -5.5571334e-02 5.0366922e-02 5.0000000e-03
 endloop
endfacet
facet normal -0.000000e+00 0.000000e+00 1.000000e+00
 outer loop
  vertex -5.7975784e-02 4.7579496e-02 5.0000000e-03
  vertex -2.3190314e-02 1.9031799e-02 5.0000000e-03
  vertex -5.5571334e-02 5.0366922e-02 5.0000000e-03
 endloop
endfacet
facet normal 0.000000e+00 -0.000000e+00 1.000000e+00
 outer loop
  vertex -2.4096226e-02 1.7870979e-02 5.0000000e-03
  vertex -2.3190314e-02 1.9031799e-02 5.0000000e-03
  vertex -5.7975784e-02 4.7579496e-02 5.0000000e-03
 endloop
endfacet
facet normal -0.000000e+00 0.000000e+00 1.000000e+00
 outer loop
  vertex -6.0240565e-02 4.4677448e-02 5.0000000e-03
  vertex -2.4096226e-02 1.7870979e-02 5.0000000e-03
  vertex -5.7975784e-02 4.7579496e-02 5.0000000e-03
 endloop
endfacet
facet normal 0.000000e+00 -0.000000e+00 1.000000e+00
 outer loop
  vertex -2.4944088e-02 1.6667107e-02 5.0000000e-03
  vertex -2.4096226e-02 1.7870979e-02 5.0000000e-03
  vertex -6.0240565e-02 4.4677448e-02 5.0000000e-03
 endloop
endfacet
facet normal -0.000000e+00 0.000000e+00 1.000000e+00
 outer loop
  vertex -6.2360221e-02 4.1667767e-02 5.0000000e-03
  vertex -2.4944088e-02 1.6667107e-02 5.0000000e-03
  vertex -6.0240565e-02 4.4677448e-02 5.0000000e-03
 endloop
endfacet
facet normal 0.000000e+00 -0.000000e+00 1.000000e+00
 outer loop
  vertex -2.5731858e-02 1.5423082e-02 5.0000000e-03
  vertex -2.4944088e-02 1.6667107e-02 5.0000000e-03
  vertex -6.2360221e-02 4.1667767e-02 5.0000000e-03
 endloop
endfacet
facet normal -0.000000e+00 0.000000e+00 1.000000e+00
 outer loop
  vertex -6.4329646e-02 3.8557706e-02 5.0000000e-03
  vertex -2.5731858e-02 1.5423082e-02 5.0000000e-03
  vertex -6.2360221e-02 4.1667767e-02 5.0000000e-03
 endloop
endfacet
facet normal 0.000000e+00 -0.000000e+00 1.000000e+00
 outer loop
  vertex -2.6457638e-02 1.4141902e-02 5.0000000e-03
  vertex -2.5731858e-02 1.5423082e-02 5.0000000e-03
  vertex -6.4329646e-02 3.8557706e-02 5.0000000e-03
 endloop
endfacet
facet normal -0.000000e+00 0.000000e+00 1.000000e+00
 outer loop
  vertex -6.6144095e-02 3.5354755e-02 5.0000000e-03
  vertex -2.6457638e-02 1.4141902e-02 5.0000000e-03
  vertex -6.4329646e-02 3.8557706e-02 5.0000000e-03
 endloop
endfacet
facet normal 0.000000e+00 -0.000000e+00 1.000000e+00
 outer loop
  vertex -2.7119679e-02 1.2826653e-02 5.0000000e-03
  vertex -2.6457638e-02 1.4141902e-02 5.0000000e-03
  vertex -6.6144095e-02 3.5354755e-02 5.0000000e-03
 endloop
endfacet
facet normal -0.000000e+00 0.000000e+00 1.000000e+00
 outer loop
  vertex -6.7799197e-02 3.2066632e-02 5.0000000e-03
  vertex -2.7119679e-02 1.2826653e-02 5.0000000e-03
  vertex -6.6144095e-02 3.5354755e-02 5.0000000e-03
 endloop
endfacet
facet normal 0.000000e+00 -0.000000e+00 1.000000e+00
 outer loop
  vertex -2.7716386e-02 1.1480503e-02 5.0000000e-03
  vertex -2.7119679e-02 1.2826653e-02 5.0000000e-03
  vertex -6.7799197e-02 3.2066632e-02 5.0000000e-03
 endloop
endfacet
facet normal -0.000000e+00 0.000000e+00 1.000000e+00
 outer loop
  vertex -6.9290965e-02 2.8701257e-02 5.0000000e-03
  vertex -2.7716386e-02 1.1480503e-02 5.0000000e-03
  vertex -6.7799197e-02 3.2066632e-02 5.0000000e-03
 endloop
endfacet
facet normal 0.000000e+00 -0.000000e+00 1.000000e+00
 outer loop
  vertex -2.8246322e-02 1.0106696e-02 5.0000000e-03
  vertex -2.7716386e-02 1.1480503e-02 5.0000000e-03
  vertex -6.9290965e-02 2.8701257e-02 5.0000000e-03
 endloop
endfacet
facet normal -0.000000e+00 0.000000e+00 1.000000e+00
 outer loop
  vertex -7.0615805e-02 2.5266739e-02 5.0000000e-03
  vertex -2.8246322e-02 1.0106696e-02 5.0000000e-03
  vertex -6.9290965e-02 2.8701257e-02 5.0000000e-03
 endloop
endfacet
facet normal 0.000000e+00 -0.000000e+00 1.000000e+00
 outer loop
  vertex -2.8708210e-02 8.7085403e-03 5.0000000e-03
  vertex -2.8246322e-02 1.0106696e-02 5.0000000e-03
  vertex -7.0615805e-02 2.5266739e-02 5.0000000e-03
 endloop
endfacet
facet normal -0.000000e+00 0.000000e+00 1.000000e+00
 outer loop
  vertex -7.1770525e-02 2.1771351e-02 5.0000000e-03
  vertex -2.8708210e-02 8.7085403e-03 5.0000000e-03
  vertex -7.0615805e-02 2.5266739e-02 5.0000000e-03
 endloop
endfacet
facet normal 0.000000e+00 -0.000000e+00 1.000000e+00
 outer loop
  vertex -2.9100938e-02 7.2894054e-03 5.0000000e-03
  vertex -2.8708210e-02 8.7085403e-03 5.0000000e-03
  vertex -7.1770525e-02 2.1771351e-02 5.0000000e-03
 endloop
endfacet
facet normal -0.000000e+00 0.000000e+00 1.000000e+00
 outer loop
  vertex -7.2752344e-02 1.8223513e-02 5.0000000e-03
  vertex -2.9100938e-02 7.2894054e-03 5.0000000e-03
  vertex -7.1770525e-02 2.1771351e-02 5.0000000e-03
 endloop
endfacet
facet normal 0.000000e+00 -0.000000e+00 1.000000e+00
 outer loop
  vertex -2.9423558e-02 5.8527097e-03 5.0000000e-03
  vertex -2.9100938e-02 7.2894054e-03 5.0000000e-03
  vertex -7.2752344e-02 1.8223513e-02 5.0000000e-03
 endloop
endfacet
facet normal -0.000000e+00 0.000000e+00 1.000000e+00
 outer loop
  vertex -7.3558896e-02 1.4631774e-02 5.0000000e-03
  vertex -2.9423558e-02 5.8527097e-03 5.0000000e-03
  vertex -7.2752344e-02 1.8223513e-02 5.0000000e-03
 endloop
endfacet
facet normal 0.000000e+00 -0.000000e+00 1.000000e+00
 outer loop
  vertex -2.9675295e-02 4.4019142e-03 5.0000000e-03
  vertex -2.9423558e-02 5.8527097e-03 5.0000000e-03
  vertex -7.3558896e-02 1.4631774e-02 5.0000000e-03
 endloop
endfacet
facet normal -0.000000e+00 0.000000e+00 1.000000e+00
 outer loop
  vertex -7.4188238e-02 1.1004786e-02 5.0000000e-03
  vertex -2.9675295e-02 4.4019142e-03 5.0000000e-03
  vertex -7.3558896e-02 1.4631774e-02 5.0000000e-03
 endloop
endfacet
facet normal 0.000000e+00 -0.000000e+00 1.000000e+00
 outer loop
  vertex -2.9855542e-02 2.9405142e-03 5.0000000e-03
  vertex -2.9675295e-02 4.4019142e-03 5.0000000e-03
  vertex -7.4188238e-02 1.1004786e-02 5.0000000e-03
 endloop
endfacet
facet normal -0.000000e+00 0.000000e+00 1.000000e+00
 outer loop
  vertex -7.4638855e-02 7.3512855e-03 5.0000000e-03
  vertex -2.9855542e-02 2.9405142e-03 5.0000000e-03
  vertex -7.4188238e-02 1.1004786e-02 5.0000000e-03
 endloop
endfacet
facet normal 0.000000e+00 -0.000000e+00 1.000000e+00
 outer loop
  vertex -2.9963864e-02 1.4720302e-03 5.0000000e-03
  vertex -2.9855542e-02 2.9405142e-03 5.0000000e-03
  vertex -7.4638855e-02 7.3512855e-03 5.0000000e-03
 endloop
endfacet
facet normal -0.000000e+00 0.000000e+00 1.000000e+00
 outer loop
  vertex -7.4909659e-02 3.6800756e-03 5.0000000e-03
  vertex -2.9963864e-02 1.4720302e-03 5.0000000e-03
  vertex -7.4638855e-02 7.3512855e-03 5.0000000e-03
 endloop
endfacet
facet normal 0.000000e+00 -0.000000e+00 1.000000e+00
 outer loop
  vertex -3.0000000e-02 3.6739404e-18 5.0000000e-03
  vertex -2.9963864e-02 1.4720302e-03 5.0000000e-03
  vertex -7.4909659e-02 3.6800756e-03 5.0000000e-03
 endloop
endfacet
facet normal -0.000000e+00 0.000000e+00 1.000000e+00
 outer loop
  vertex -7.5000000e-02 9.1848510e-18 5.0000000e-03
  vertex -3.0000000e-02 3.6739404e-18 5.0000000e-03
  vertex -7.4909659e-02 3.6800756e-03 5.0000000e-03
 endloop
endfacet
facet normal 0.000000e+00 0.000000e+00 1.000000e+00
 outer loop
  vertex -2.9963864e-02 -1.4720302e-03 5.0000000e-03
  vertex -3.0000000e-02 3.6739404e-18 5.0000000e-03
  vertex -7.5000000e-02 9.1848510e-18 5.0000000e-03
 endloop
endfacet
facet normal 0.000000e+00 -0.000000e+00 1.000000e+00
 outer loop
  vertex -7.4909659e-02 -3.6800756e-03 5.0000000e-03
  vertex -2.9963864e-02 -1.4720302e-03 5.0000000e-03
  vertex -7.5000000e-02 9.1848510e-18 5.0000000e-03
 endloop
endfacet
facet normal 0.000000e+00 0.000000e+00 1.000000e+00
 outer loop
  vertex -2.9855542e-02 -2.9405142e-03 5.0000000e-03
  vertex -2.9963864e-02 -1.4720302e-03 5.0000000e-03
  vertex -7.4909659e-02 -3.6800756e-03 5.0000000e-03
 endloop
endfacet
facet normal 0.000000e+00 -0.000000e+00 1.000000e+00
 outer loop
  vertex -7.4638855e-02 -7.3512855e-03 5.0000000e-03
  vertex -2.9855542e-02 -2.9405142e-03 5.0000000e-03
  vertex -7.4909659e-02 -3.6800756e-03 5.0000000e-03
 endloop
endfacet
facet normal 0.000000e+00 0.000000e+00 1.000000e+00
 outer loop
  vertex -2.9675295e-02 -4.4019142e-03 5.0000000e-03
  vertex -2.9855542e-02 -2.9405142e-03 5.0000000e-03
  vertex -7.4638855e-02 -7.3512855e-03 5.0000000e-03
 endloop
endfacet
facet normal 0.000000e+00 -0.000000e+00 1.000000e+00
 outer loop
  vertex -7.4188238e-02 -1.1004786e-02 5.0000000e-03
  vertex -2.9675295e-02 -4.4019142e-03 5.0000000e-03
  vertex -7.4638855e-02 -7.3512855e-03 5.0000000e-03
 endloop
endfacet
facet normal 0.000000e+00 0.000000e+00 1.000000e+00
 outer loop
  vertex -2.9423558e-02 -5.8527097e-03 5.0000000e-03
  vertex -2.9675295e-02 -4.4019142e-03 5.0000000e-03
  vertex -7.4188238e-02 -1.1004786e-02 5.0000000e-03
 endloop
endfacet
facet normal 0.000000e+00 -0.000000e+00 1.000000e+00
 outer loop
  vertex -7.3558896e-02 -1.4631774e-02 5.0000000e-03
  vertex -2.9423558e-02 -5.8527097e-03 5.0000000e-03
  vertex -7.4188238e-02 -1.1004786e-02 5.0000000e-03
 endloop
endfacet
facet normal 0.000000e+00 0.000000e+00 1.000000e+00
 outer loop
  vertex -2.9100938e-02 -7.2894054e-03 5.0000000e-03
  vertex -2.9423558e-02 -5.8527097e-03 5.0000000e-03
  vertex -7.3558896e-02 -1.4631774e-02 5.0000000e-03
 endloop
endfacet
facet normal 0.000000e+00 -0.000000e+00 1.000000e+00
 outer loop
  vertex -7.2752344e-02 -1.8223513e-02 5.0000000e-03
  vertex -2.9100938e-02 -7.2894054e-03 5.0000000e-03
  vertex -7.3558896e-02 -1.4631774e-02 5.0000000e-03
 endloop
endfacet
facet normal 0.000000e+00 0.000000e+00 1.000000e+00
 outer loop
  vertex -2.8708210e-02 -8.7085403e-03 5.0000000e-03
  vertex -2.9100938e-02 -7.2894054e-03 5.0000000e-03
  vertex -7.2752344e-02 -1.8223513e-02 5.0000000e-03
 endloop
endfacet
facet normal 0.000000e+00 -0.000000e+00 1.000000e+00
 outer loop
  vertex -7.1770525e-02 -2.1771351e-02 5.0000000e-03
  vertex -2.8708210e-02 -8.7085403e-03 5.0000000e-03
  vertex -7.2752344e-02 -1.8223513e-02 5.0000000e-03
 endloop
endfacet
facet normal 0.000000e+00 0.000000e+00 1.000000e+00
 outer loop
  vertex -2.8246322e-02 -1.0106696e-02 5.0000000e-03
  vertex -2.8708210e-02 -8.7085403e-03 5.0000000e-03
  vertex -7.1770525e-02 -2.1771351e-02 5.0000000e-03
 endloop
endfacet
facet normal 0.000000e+00 -0.000000e+00 1.000000e+00
 outer loop
  vertex -7.0615805e-02 -2.5266739e-02 5.0000000e-03
  vertex -2.8246322e-02 -1.0106696e-02 5.0000000e-03
  vertex -7.1770525e-02 -2.1771351e-02 5.0000000e-03
 endloop
endfacet
facet normal 0.000000e+00 0.000000e+00 1.000000e+00
 outer loop
  vertex -2.7716386e-02 -1.1480503e-02 5.0000000e-03
  vertex -2.8246322e-02 -1.0106696e-02 5.0000000e-03
  vertex -7.0615805e-02 -2.5266739e-02 5.0000000e-03
 endloop
endfacet
facet normal 0.000000e+00 -0.000000e+00 1.000000e+00
 outer loop
  vertex -6.9290965e-02 -2.8701257e-02 5.0000000e-03
  vertex -2.7716386e-02 -1.1480503e-02 5.0000000e-03
  vertex -7.0615805e-02 -2.5266739e-02 5.0000000e-03
 endloop
endfacet
facet normal 0.000000e+00 0.000000e+00 1.000000e+00
 outer loop
  vertex -2.7119679e-02 -1.2826653e-02 5.0000000e-03
  vertex -2.7716386e-02 -1.1480503e-02 5.0000000e-03
  vertex -6.9290965e-02 -2.8701257e-02 5.0000000e-03
 endloop
endfacet
facet normal 0.000000e+00 -0.000000e+00 1.000000e+00
 outer loop
  vertex -6.7799197e-02 -3.2066632e-02 5.0000000e-03
  vertex -2.7119679e-02 -1.2826653e-02 5.0000000e-03
  vertex -6.9290965e-02 -2.8701257e-02 5.0000000e-03
 endloop
endfacet
facet normal 0.000000e+00 0.000000e+00 1.000000e+00
 outer loop
  vertex -2.6457638e-02 -1.4141902e-02 5.0000000e-03
  vertex -2.7119679e-02 -1.2826653e-02 5.0000000e-03
  vertex -6.7799197e-02 -3.2066632e-02 5.0000000e-03
 endloop
endfacet
facet normal 0.000000e+00 -0.000000e+00 1.000000e+00
 outer loop
  vertex -6.6144095e-02 -3.5354755e-02 5.0000000e-03
  vertex -2.6457638e-02 -1.4141902e-02 5.0000000e-03
  vertex -6.7799197e-02 -3.2066632e-02 5.0000000e-03
 endloop
endfacet
facet normal 0.000000e+00 0.000000e+00 1.000000e+00
 outer loop
  vertex -2.5731858e-02 -1.5423082e-02 5.0000000e-03
  vertex -2.6457638e-02 -1.4141902e-02 5.0000000e-03
  vertex -6.6144095e-02 -3.5354755e-02 5.0000000e-03
 endloop
endfacet
facet normal 0.000000e+00 -0.000000e+00 1.000000e+00
 outer loop
  vertex -6.4329646e-02 -3.8557706e-02 5.0000000e-03
  vertex -2.5731858e-02 -1.5423082e-02 5.0000000e-03
  vertex -6.6144095e-02 -3.5354755e-02 5.0000000e-03
 endloop
endfacet
facet normal 0.000000e+00 0.000000e+00 1.000000e+00
 outer loop
  vertex -2.4944088e-02 -1.6667107e-02 5.0000000e-03
  vertex -2.5731858e-02 -1.5423082e-02 5.0000000e-03
  vertex -6.4329646e-02 -3.8557706e-02 5.0000000e-03
 endloop
endfacet
facet normal 0.000000e+00 -0.000000e+00 1.000000e+00
 outer loop
  vertex -6.2360221e-02 -4.1667767e-02 5.0000000e-03
  vertex -2.4944088e-02 -1.6667107e-02 5.0000000e-03
  vertex -6.4329646e-02 -3.8557706e-02 5.0000000e-03
 endloop
endfacet
facet normal 0.000000e+00 0.000000e+00 1.000000e+00
 outer loop
  vertex -2.4096226e-02 -1.7870979e-02 5.0000000e-03
  vertex -2.4944088e-02 -1.6667107e-02 5.0000000e-03
  vertex -6.2360221e-02 -4.1667767e-02 5.0000000e-03
 endloop
endfacet
facet normal 0.000000e+00 -0.000000e+00 1.000000e+00
 outer loop
  vertex -6.0240565e-02 -4.4677448e-02 5.0000000e-03
  vertex -2.4096226e-02 -1.7870979e-02 5.0000000e-03
  vertex -6.2360221e-02 -4.1667767e-02 5.0000000e-03
 endloop
endfacet
facet normal 0.000000e+00 0.000000e+00 1.000000e+00
 outer loop
  vertex -2.3190314e-02 -1.9031799e-02 5.0000000e-03
  vertex -2.4096226e-02 -1.7870979e-02 5.0000000e-03
  vertex -6.0240565e-02 -4.4677448e-02 5.0000000e-03
 endloop
endfacet
facet normal 0.000000e+00 -0.000000e+00 1.000000e+00
 outer loop
  vertex -5.7975784e-02 -4.7579496e-02 5.0000000e-03
  vertex -2.3190314e-02 -1.9031799e-02 5.0000000e-03
  vertex -6.0240565e-02 -4.4677448e-02 5.0000000e-03
 endloop
endfacet
facet normal 0.000000e+00 0.000000e+00 1.000000e+00
 outer loop
  vertex -2.2228534e-02 -2.0146769e-02 5.0000000e-03
  vertex -2.3190314e-02 -1.9031799e-02 5.0000000e-03
  vertex -5.7975784e-02 -4.7579496e-02 5.0000000e-03
 endloop
endfacet
facet normal 0.000000e+00 -0.000000e+00 1.000000e+00
 outer loop
  vertex -5.5571334e-02 -5.0366922e-02 5.0000000e-03
  vertex -2.2228534e-02 -2.0146769e-02 5.0000000e-03
  vertex -5.7975784e-02 -4.7579496e-02 5.0000000e-03
 endloop
endfacet
facet normal 0.000000e+00 0.000000e+00 1.000000e+00
 outer loop
  vertex -2.1213203e-02 -2.1213203e-02 5.0000000e-03
  vertex -2.2228534e-02 -2.0146769e-02 5.0000000e-03
  vertex -5.5571334e-02 -5.0366922e-02 5.0000000e-03
 endloop
endfacet
facet normal 0.000000e+00 -0.000000e+00 1.000000e+00
 outer loop
  vertex -5.3033009e-02 -5.3033009e-02 5.0000000e-03
  vertex -2.1213203e-02 -2.1213203e-02 5.0000000e-03
  vertex -5.5571334e-02 -5.0366922e-02 5.0000000e-03
 endloop
endfacet
facet normal 0.000000e+00 0.000000e+00 1.000000e+00
 outer loop
  vertex -2.0146769e-02 -2.2228534e-02 5.0000000e-03
  vertex -2.1213203e-02 -2.1213203e-02 5.0000000e-03
  vertex -5.3033009e-02 -5.3033009e-02 5.0000000e-03
 endloop
endfacet
facet normal 0.000000e+00 -0.000000e+00 1.000000e+00
 outer loop
  vertex -5.0366922e-02 -5.5571334e-02 5.0000000e-03
  vertex -2.0146769e-02 -2.2228534e-02 5.0000000e-03
  vertex -5.3033009e-02 -5.3033009e-02 5.0000000e-03
 endloop
endfacet
facet normal 0.000000e+00 0.000000e+00 1.000000e+00
 outer loop
  vertex -1.9031799e-02 -2.3190314e-02 5.0000000e-03
  vertex -2.0146769e-02 -2.2228534e-02 5.0000000e-03
  vertex -5.0366922e-02 -5.5571334e-02 5.0000000e-03
 endloop
endfacet
facet normal 0.000000e+00 -0.000000e+00 1.000000e+00
 outer loop
  vertex -4.7579496e-02 -5.7975784e-02 5.0000000e-03
  vertex -1.9031799e-02 -2.3190314e-02 5.0000000e-03
  vertex -5.0366922e-02 -5.5571334e-02 5.0000000e-03
 endloop
endfacet
facet normal 0.000000e+00 0.000000e+00 1.000000e+00
 outer loop
  vertex -1.7870979e-02 -2.4096226e-02 5.0000000e-03
  vertex -1.9031799e-02 -2.3190314e-02 5.0000000e-03
  vertex -4.7579496e-02 -5.7975784e-02 5.0000000e-03
 endloop
endfacet
facet normal 0.000000e+00 -0.000000e+00 1.000000e+00
 outer loop
  vertex -4.4677448e-02 -6.0240565e-02 5.0000000e-03
  vertex -1.7870979e-02 -2.4096226e-02 5.0000000e-03
  vertex -4.7579496e-02 -5.7975784e-02 5.0000000e-03
 endloop
endfacet
facet normal 0.000000e+00 0.000000e+00 1.000000e+00
 outer loop
  vertex -1.6667107e-02 -2.4944088e-02 5.0000000e-03
  vertex -1.7870979e-02 -2.4096226e-02 5.0000000e-03
  vertex -4.4677448e-02 -6.0240565e-02 5.0000000e-03
 endloop
endfacet
facet normal 0.000000e+00 -0.000000e+00 1.000000e+00
 outer loop
  vertex -4.1667767e-02 -6.2360221e-02 5.0000000e-03
  vertex -1.6667107e-02 -2.4944088e-02 5.0000000e-03
  vertex -4.4677448e-02 -6.0240565e-02 5.0000000e-03
 endloop
endfacet
facet normal 0.000000e+00 0.000000e+00 1.000000e+00
 outer loop
  vertex -1.5423082e-02 -2.5731858e-02 5.0000000e-03
  vertex -1.6667107e-02 -2.4944088e-02 5.0000000e-03
  vertex -4.1667767e-02 -6.2360221e-02 5.0000000e-03
 endloop
endfacet
facet normal 0.000000e+00 -0.000000e+00 1.000000e+00
 outer loop
  vertex -3.8557706e-02 -6.4329646e-02 5.0000000e-03
  vertex -1.5423082e-02 -2.5731858e-02 5.0000000e-03
  vertex -4.1667767e-02 -6.2360221e-02 5.0000000e-03
 endloop
endfacet
facet normal 0.000000e+00 0.000000e+00 1.000000e+00
 outer loop
  vertex -1.4141902e-02 -2.6457638e-02 5.0000000e-03
  vertex -1.5423082e-02 -2.5731858e-02 5.0000000e-03
  vertex -3.8557706e-02 -6.4329646e-02 5.0000000e-03
 endloop
endfacet
facet normal 0.000000e+00 -0.000000e+00 1.000000e+00
 outer loop
  vertex -3.5354755e-02 -6.6144095e-02 5.0000000e-03
  vertex -1.4141902e-02 -2.6457638e-02 5.0000000e-03
  vertex -3.8557706e-02 -6.4329646e-02 5.0000000e-03
 endloop
endfacet
facet normal 0.000000e+00 0.000000e+00 1.000000e+00
 outer loop
  vertex -1.2826653e-02 -2.7119679e-02 5.0000000e-03
  vertex -1.4141902e-02 -2.6457638e-02 5.0000000e-03
  vertex -3.5354755e-02 -6.6144095e-02 5.0000000e-03
 endloop
endfacet
facet normal 0.000000e+00 -0.000000e+00 1.000000e+00
 outer loop
  vertex -3.2066632e-02 -6.7799197e-02 5.0000000e-03
  vertex -1.2826653e-02 -2.7119679e-02 5.0000000e-03
  vertex -3.5354755e-02 -6.6144095e-02 5.0000000e-03
 endloop
endfacet
facet normal 0.000000e+00 0.000000e+00 1.000000e+00
 outer loop
  vertex -1.1480503e-02 -2.7716386e-02 5.0000000e-03
  vertex -1.2826653e-02 -2.7119679e-02 5.0000000e-03
  vertex -3.2066632e-02 -6.7799197e-02 5.0000000e-03
 endloop
endfacet
facet normal 0.000000e+00 -0.000000e+00 1.000000e+00
 outer loop
  vertex -2.8701257e-02 -6.9290965e-02 5.0000000e-03
  vertex -1.1480503e-02 -2.7716386e-02 5.0000000e-03
  vertex -3.2066632e-02 -6.7799197e-02 5.0000000e-03
 endloop
endfacet
facet normal 0.000000e+00 0.000000e+00 1.000000e+00
 outer loop
  vertex -1.0106696e-02 -2.8246322e-02 5.0000000e-03
  vertex -1.1480503e-02 -2.7716386e-02 5.0000000e-03
  vertex -2.8701257e-02 -6.9290965e-02 5.0000000e-03
 endloop
endfacet
facet normal 0.000000e+00 -0.000000e+00 1.000000e+00
 outer loop
  vertex -2.5266739e-02 -7.0615805e-02 5.0000000e-03
  vertex -1.0106696e-02 -2.8246322e-02 5.0000000e-03
  vertex -2.8701257e-02 -6.9290965e-02 5.0000000e-03
 endloop
endfacet
facet normal 0.000000e+00 0.000000e+00 1.000000e+00
 outer loop
  vertex -8.7085403e-03 -2.8708210e-02 5.0000000e-03
  vertex -1.0106696e-02 -2.8246322e-02 5.0000000e-03
  vertex -2.5266739e-02 -7.0615805e-02 5.0000000e-03
 endloop
endfacet
facet normal 0.000000e+00 -0.000000e+00 1.000000e+00
 outer loop
  vertex -2.1771351e-02 -7.1770525e-02 5.0000000e-03
  vertex -8.7085403e-03 -2.8708210e-02 5.0000000e-03
  vertex -2.5266739e-02 -7.0615805e-02 5.0000000e-03
 endloop
endfacet
facet normal 0.000000e+00 0.000000e+00 1.000000e+00
 outer loop
  vertex -7.2894054e-03 -2.9100938e-02 5.0000000e-03
  vertex -8.7085403e-03 -2.8708210e-02 5.0000000e-03
  vertex -2.1771351e-02 -7.1770525e-02 5.0000000e-03
 endloop
endfacet
facet normal 0.000000e+00 -0.000000e+00 1.000000e+00
 outer loop
  vertex -1.8223513e-02 -7.2752344e-02 5.0000000e-03
  vertex -7.2894054e-03 -2.9100938e-02 5.0000000e-03
  vertex -2.1771351e-02 -7.1770525e-02 5.0000000e-03
 endloop
endfacet
facet normal 0.000000e+00 0.000000e+00 1.000000e+00
 outer loop
  vertex -5.8527097e-03 -2.9423558e-02 5.0000000e-03
  vertex -7.2894054e-03 -2.9100938e-02 5.0000000e-03
  vertex -1.8223513e-02 -7.2752344e-02 5.0000000e-03
 endloop
endfacet
facet normal 0.000000e+00 -0.000000e+00 1.000000e+00
 outer loop
  vertex -1.4631774e-02 -7.3558896e-02 5.0000000e-03
  vertex -5.8527097e-03 -2.9423558e-02 5.0000000e-03
  vertex -1.8223513e-02 -7.2752344e-02 5.0000000e-03
 endloop
endfacet
facet normal 0.000000e+00 0.000000e+00 1.000000e+00
 outer loop
  vertex -4.4019142e-03 -2.9675295e-02 5.0000000e-03
  vertex -5.8527097e-03 -2.9423558e-02 5.0000000e-03
  vertex -1.4631774e-02 -7.3558896e-02 5.0000000e-03
 endloop
endfacet
facet normal 0.000000e+00 -0.000000e+00 1.000000e+00
 outer loop
  vertex -1.1004786e-02 -7.4188238e-02 5.0000000e-03
  vertex -4.4019142e-03 -2.9675295e-02 5.0000000e-03
  vertex -1.4631774e-02 -7.3558896e-02 5.0000000e-03
 endloop
endfacet
facet normal 0.000000e+00 0.000000e+00 1.000000e+00
 outer loop
  vertex -2.9405142e-03 -2.9855542e-02 5.0000000e-03
  vertex -4.4019142e-03 -2.9675295e-02 5.0000000e-03
  vertex -1.1004786e-02 -7.4188238e-02 5.0000000e-03
 endloop
endfacet
facet normal 0.000000e+00 -0.000000e+00 1.000000e+00
 outer loop
  vertex -7.3512855e-03 -7.4638855e-02 5.0000000e-03
  vertex -2.9405142e-03 -2.9855542e-02 5.0000000e-03
  vertex -1.1004786e-02 -7.4188238e-02 5.0000000e-03
 endloop
endfacet
facet normal 0.000000e+00 0.000000e+00 1.000000e+00
 outer loop
  vertex -1.4720302e-03 -2.9963864e-02 5.0000000e-03
  vertex -2.9405142e-03 -2.9855542e-02 5.0000000e-03
  vertex -7.3512855e-03 -7.4638855e-02 5.0000000e-03
 endloop
endfacet
facet normal 0.000000e+00 -0.000000e+00 1.000000e+00
 outer loop
  vertex -3.6800756e-03 -7.4909659e-02 5.0000000e-03
  vertex -1.4720302e-03 -2.9963864e-02 5.0000000e-03
  vertex -7.3512855e-03 -7.4638855e-02 5.0000000e-03
 endloop
endfacet
facet normal 0.000000e+00 0.000000e+00 1.000000e+00
 outer loop
  vertex -5.5109106e-18 -3.0000000e-02 5.0000000e-03
  vertex -1.4720302e-03 -2.9963864e-02 5.0000000e-03
  vertex -3.6800756e-03 -7.4909659e-02 5.0000000e-03
 endloop
endfacet
facet normal 0.000000e+00 -0.000000e+00 1.000000e+00
 outer loop
  vertex -1.3777276e-17 -7.5000000e-02 5.0000000e-03
  vertex -5.5109106e-18 -3.0000000e-02 5.0000000e-03
  vertex -3.6800756e-03 -7.4909659e-02 5.0000000e-03
 endloop
endfacet
facet normal 0.000000e+00 0.000000e+00 1.000000e+00
 outer loop
  vertex 1.4720302e-03 -2.9963864e-02 5.0000000e-03
  vertex -5.5109106e-18 -3.0000000e-02 5.0000000e-03
  vertex -1.3777276e-17 -7.5000000e-02 5.0000000e-03
 endloop
endfacet
facet normal 0.000000e+00 0.000000e+00 1.000000e+00
 outer loop
  vertex 3.6800756e-03 -7.4909659e-02 5.0000000e-03
  vertex 1.4720302e-03 -2.9963864e-02 5.0000000e-03
  vertex -1.3777276e-17 -7.5000000e-02 5.0000000e-03
 endloop
endfacet
facet normal 0.000000e+00 0.000000e+00 1.000000e+00
 outer loop
  vertex 2.9405142e-03 -2.9855542e-02 5.0000000e-03
  vertex 1.4720302e-03 -2.9963864e-02 5.0000000e-03
  vertex 3.6800756e-03 -7.4909659e-02 5.0000000e-03
 endloop
endfacet
facet normal 0.000000e+00 0.000000e+00 1.000000e+00
 outer loop
  vertex 7.3512855e-03 -7.4638855e-02 5.0000000e-03
  vertex 2.9405142e-03 -2.9855542e-02 5.0000000e-03
  vertex 3.6800756e-03 -7.4909659e-02 5.0000000e-03
 endloop
endfacet
facet normal 0.000000e+00 0.000000e+00 1.000000e+00
 outer loop
  vertex 4.4019142e-03 -2.9675295e-02 5.0000000e-03
  vertex 2.9405142e-03 -2.9855542e-02 5.0000000e-03
  vertex 7.3512855e-03 -7.4638855e-02 5.0000000e-03
 endloop
endfacet
facet normal 0.000000e+00 0.000000e+00 1.000000e+00
 outer loop
  vertex 1.1004786e-02 -7.4188238e-02 5.0000000e-03
  vertex 4.4019142e-03 -2.9675295e-02 5.0000000e-03
  vertex 7.3512855e-03 -7.4638855e-02 5.0000000e-03
 endloop
endfacet
facet normal 0.000000e+00 0.000000e+00 1.000000e+00
 outer loop
  vertex 5.8527097e-03 -2.9423558e-02 5.0000000e-03
  vertex 4.4019142e-03 -2.9675295e-02 5.0000000e-03
  vertex 1.1004786e-02 -7.4188238e-02 5.0000000e-03
 endloop
endfacet
facet normal 0.000000e+00 0.000000e+00 1.000000e+00
 outer loop
  vertex 1.4631774e-02 -7.3558896e-02 5.0000000e-03
  vertex 5.8527097e-03 -2.9423558e-02 5.0000000e-03
  vertex 1.1004786e-02 -7.4188238e-02 5.0000000e-03
 endloop
endfacet
facet normal 0.000000e+00 0.000000e+00 1.000000e+00
 outer loop
  vertex 7.2894054e-03 -2.9100938e-02 5.0000000e-03
  vertex 5.8527097e-03 -2.9423558e-02 5.0000000e-03
  vertex 1.4631774e-02 -7.3558896e-02 5.0000000e-03
 endloop
endfacet
facet normal 0.000000e+00 0.000000e+00 1.000000e+00
 outer loop
  vertex 1.8223513e-02 -7.2752344e-02 5.0000000e-03
  vertex 7.2894054e-03 -2.9100938e-02 5.0000000e-03
  vertex 1.4631774e-02 -7.3558896e-02 5.0000000e-03
 endloop
endfacet
facet normal 0.000000e+00 0.000000e+00 1.000000e+00
 outer loop
  vertex 8.7085403e-03 -2.8708210e-02 5.0000000e-03
  vertex 7.2894054e-03 -2.9100938e-02 5.0000000e-03
  vertex 1.8223513e-02 -7.2752344e-02 5.0000000e-03
 endloop
endfacet
facet normal 0.000000e+00 0.000000e+00 1.000000e+00
 outer loop
  vertex 2.1771351e-02 -7.1770525e-02 5.0000000e-03
  vertex 8.7085403e-03 -2.8708210e-02 5.0000000e-03
  vertex 1.8223513e-02 -7.2752344e-02 5.0000000e-03
 endloop
endfacet
facet normal 0.000000e+00 0.000000e+00 1.000000e+00
 outer loop
  vertex 1.0106696e-02 -2.8246322e-02 5.0000000e-03
  vertex 8.7085403e-03 -2.8708210e-02 5.0000000e-03
  vertex 2.1771351e-02 -7.1770525e-02 5.0000000e-03
 endloop
endfacet
facet normal 0.000000e+00 0.000000e+00 1.000000e+00
 outer loop
  vertex 2.5266739e-02 -7.0615805e-02 5.0000000e-03
  vertex 1.0106696e-02 -2.8246322e-02 5.0000000e-03
  vertex 2.1771351e-02 -7.1770525e-02 5.0000000e-03
 endloop
endfacet
facet normal 0.000000e+00 0.000000e+00 1.000000e+00
 outer loop
  vertex 1.1480503e-02 -2.7716386e-02 5.0000000e-03
  vertex 1.0106696e-02 -2.8246322e-02 5.0000000e-03
  vertex 2.5266739e-02 -7.0615805e-02 5.0000000e-03
 endloop
endfacet
facet normal 0.000000e+00 0.000000e+00 1.000000e+00
 outer loop
  vertex 2.8701257e-02 -6.9290965e-02 5.0000000e-03
  vertex 1.1480503e-02 -2.7716386e-02 5.0000000e-03
  vertex 2.5266739e-02 -7.0615805e-02 5.0000000e-03
 endloop
endfacet
facet normal 0.000000e+00 0.000000e+00 1.000000e+00
 outer loop
  vertex 1.2826653e-02 -2.7119679e-02 5.0000000e-03
  vertex 1.1480503e-02 -2.7716386e-02 5.0000000e-03
  vertex 2.8701257e-02 -6.9290965e-02 5.0000000e-03
 endloop
endfacet
facet normal 0.000000e+00 0.000000e+00 1.000000e+00
 outer loop
  vertex 3.2066632e-02 -6.7799197e-02 5.0000000e-03
  vertex 1.2826653e-02 -2.7119679e-02 5.0000000e-03
  vertex 2.8701257e-02 -6.9290965e-02 5.0000000e-03
 endloop
endfacet
facet normal 0.000000e+00 0.000000e+00 1.000000e+00
 outer loop
  vertex 1.4141902e-02 -2.6457638e-02 5.0000000e-03
  vertex 1.2826653e-02 -2.7119679e-02 5.0000000e-03
  vertex 3.2066632e-02 -6.7799197e-02 5.0000000e-03
 endloop
endfacet
facet normal 0.000000e+00 0.000000e+00 1.000000e+00
 outer loop
  vertex 3.5354755e-02 -6.6144095e-02 5.0000000e-03
  vertex 1.4141902e-02 -2.6457638e-02 5.0000000e-03
  vertex 3.2066632e-02 -6.7799197e-02 5.0000000e-03
 endloop
endfacet
facet normal 0.000000e+00 0.000000e+00 1.000000e+00
 outer loop
  vertex 1.5423082e-02 -2.5731858e-02 5.0000000e-03
  vertex 1.4141902e-02 -2.6457638e-02 5.0000000e-03
  vertex 3.5354755e-02 -6.6144095e-02 5.0000000e-03
 endloop
endfacet
facet normal 0.000000e+00 0.000000e+00 1.000000e+00
 outer loop
  vertex 3.8557706e-02 -6.4329646e-02 5.0000000e-03
  vertex 1.5423082e-02 -2.5731858e-02 5.0000000e-03
  vertex 3.5354755e-02 -6.6144095e-02 5.0000000e-03
 endloop
endfacet
facet normal 0.000000e+00 0.000000e+00 1.000000e+00
 outer loop
  vertex 1.6667107e-02 -2.4944088e-02 5.0000000e-03
  vertex 1.5423082e-02 -2.5731858e-02 5.0000000e-03
  vertex 3.8557706e-02 -6.4329646e-02 5.0000000e-03
 endloop
endfacet
facet normal 0.000000e+00 0.000000e+00 1.000000e+00
 outer loop
  vertex 4.1667767e-02 -6.2360221e-02 5.0000000e-03
  vertex 1.6667107e-02 -2.4944088e-02 5.0000000e-03
  vertex 3.8557706e-02 -6.4329646e-02 5.0000000e-03
 endloop
endfacet
facet normal 0.000000e+00 0.000000e+00 1.000000e+00
 outer loop
  vertex 1.7870979e-02 -2.4096226e-02 5.0000000e-03
  vertex 1.6667107e-02 -2.4944088e-02 5.0000000e-03
  vertex 4.1667767e-02 -6.2360221e-02 5.0000000e-03
 endloop
endfacet
facet normal 0.000000e+00 0.000000e+00 1.000000e+00
 outer loop
  vertex 4.4677448e-02 -6.0240565e-02 5.0000000e-03
  vertex 1.7870979e-02 -2.4096226e-02 5.0000000e-03
  vertex 4.1667767e-02 -6.2360221e-02 5.0000000e-03
 endloop
endfacet
facet normal 0.000000e+00 0.000000e+00 1.000000e+00
 outer loop
  vertex 1.9031799e-02 -2.3190314e-02 5.0000000e-03
  vertex 1.7870979e-02 -2.4096226e-02 5.0000000e-03
  vertex 4.4677448e-02 -6.0240565e-02 5.0000000e-03
 endloop
endfacet
facet normal 0.000000e+00 0.000000e+00 1.000000e+00
 outer loop
  vertex 4.7579496e-02 -5.7975784e-02 5.0000000e-03
  vertex 1.9031799e-02 -2.3190314e-02 5.0000000e-03
  vertex 4.4677448e-02 -6.0240565e-02 5.0000000e-03
 endloop
endfacet
facet normal 0.000000e+00 0.000000e+00 1.000000e+00
 outer loop
  vertex 2.0146769e-02 -2.2228534e-02 5.0000000e-03
  vertex 1.9031799e-02 -2.3190314e-02 5.0000000e-03
  vertex 4.7579496e-02 -5.7975784e-02 5.0000000e-03
 endloop
endfacet
facet normal 0.000000e+00 0.000000e+00 1.000000e+00
 outer loop
  vertex 5.0366922e-02 -5.5571334e-02 5.0000000e-03
  vertex 2.0146769e-02 -2.2228534e-02 5.0000000e-03
  vertex 4.7579496e-02 -5.7975784e-02 5.0000000e-03
 endloop
endfacet
facet normal 0.000000e+00 0.000000e+00 1.000000e+00
 outer loop
  vertex 2.1213203e-02 -2.1213203e-02 5.0000000e-03
  vertex 2.0146769e-02 -2.2228534e-02 5.0000000e-03
  vertex 5.0366922e-02 -5.5571334e-02 5.0000000e-03
 endloop
endfacet
facet normal 0.000000e+00 0.000000e+00 1.000000e+00
 outer loop
  vertex 5.3033009e-02 -5.3033009e-02 5.0000000e-03
  vertex 2.1213203e-02 -2.1213203e-02 5.0000000e-03
  vertex 5.0366922e-02 -5.5571334e-02 5.0000000e-03
 endloop
endfacet
facet normal 0.000000e+00 0.000000e+00 1.000000e+00
 outer loop
  vertex 2.2228534e-02 -2.0146769e-02 5.0000000e-03
  vertex 2.1213203e-02 -2.1213203e-02 5.0000000e-03
  vertex 5.3033009e-02 -5.3033009e-02 5.0000000e-03
 endloop
endfacet
facet normal 0.000000e+00 0.000000e+00 1.000000e+00
 outer loop
  vertex 5.5571334e-02 -5.0366922e-02 5.0000000e-03
  vertex 2.2228534e-02 -2.0146769e-02 5.0000000e-03
  vertex 5.3033009e-02 -5.3033009e-02 5.0000000e-03
 endloop
endfacet
facet normal 0.000000e+00 0.000000e+00 1.000000e+00
 outer loop
  vertex 2.3190314e-02 -1.9031799e-02 5.0000000e-03
  vertex 2.2228534e-02 -2.0146769e-02 5.0000000e-03
  vertex 5.5571334e-02 -5.0366922e-02 5.0000000e-03
 endloop
endfacet
facet normal 0.000000e+00 0.000000e+00 1.000000e+00
 outer loop
  vertex 5.7975784e-02 -4.7579496e-02 5.0000000e-03
  vertex 2.3190314e-02 -1.9031799e-02 5.0000000e-03
  vertex 5.5571334e-02 -5.0366922e-02 5.0000000e-03
 endloop
endfacet
facet normal 0.000000e+00 0.000000e+00 1.000000e+00
 outer loop
  vertex 2.4096226e-02 -1.7870979e-02 5.0000000e-03
  vertex 2.3190314e-02 -1.9031799e-02 5.0000000e-03
  vertex 5.7975784e-02 -4.7579496e-02 5.0000000e-03
 endloop
endfacet
facet normal 0.000000e+00 0.000000e+00 1.000000e+00
 outer loop
  vertex 6.0240565e-02 -4.4677448e-02 5.0000000e-03
  vertex 2.4096226e-02 -1.7870979e-02 5.0000000e-03
  vertex 5.7975784e-02 -4.7579496e-02 5.0000000e-03
 endloop
endfacet
facet normal 0.000000e+00 0.000000e+00 1.000000e+00
 outer loop
  vertex 2.4944088e-02 -1.6667107e-02 5.0000000e-03
  vertex 2.4096226e-02 -1.7870979e-02 5.0000000e-03
  vertex 6.0240565e-02 -4.4677448e-02 5.0000000e-03
 endloop
endfacet
facet normal 0.000000e+00 0.000000e+00 1.000000e+00
 outer loop
  vertex 6.2360221e-02 -4.1667767e-02 5.0000000e-03
  vertex 2.4944088e-02 -1.6667107e-02 5.0000000e-03
  vertex 6.0240565e-02 -4.4677448e-02 5.0000000e-03
 endloop
endfacet
facet normal 0.000000e+00 0.000000e+00 1.000000e+00
 outer loop
  vertex 2.5731858e-02 -1.5423082e-02 5.0000000e-03
  vertex 2.4944088e-02 -1.6667107e-02 5.0000000e-03
  vertex 6.2360221e-02 -4.1667767e-02 5.0000000e-03
 endloop
endfacet
facet normal 0.000000e+00 0.000000e+00 1.000000e+00
 outer loop
  vertex 6.4329646e-02 -3.8557706e-02 5.0000000e-03
  vertex 2.5731858e-02 -1.5423082e-02 5.0000000e-03
  vertex 6.2360221e-02 -4.1667767e-02 5.0000000e-03
 endloop
endfacet
facet normal 0.000000e+00 0.000000e+00 1.000000e+00
 outer loop
  vertex 2.6457638e-02 -1.4141902e-02 5.0000000e-03
  vertex 2.5731858e-02 -1.5423082e-02 5.0000000e-03
  vertex 6.4329646e-02 -3.8557706e-02 5.0000000e-03
 endloop
endfacet
facet normal 0.000000e+00 0.000000e+00 1.000000e+00
 outer loop
  vertex 6.6144095e-02 -3.5354755e-02 5.0000000e-03
  vertex 2.6457638e-02 -1.4141902e-02 5.0000000e-03
  vertex 6.4329646e-02 -3.8557706e-02 5.0000000e-03
 endloop
endfacet
facet normal 0.000000e+00 0.000000e+00 1.000000e+00
 outer loop
  vertex 2.7119679e-02 -1.2826653e-02 5.0000000e-03
  vertex 2.6457638e-02 -1.4141902e-02 5.0000000e-03
  vertex 6.6144095e-02 -3.5354755e-02 5.0000000e-03
 endloop
endfacet
facet normal 0.000000e+00 0.000000e+00 1.000000e+00
 outer loop
  vertex 6.7799197e-02 -3.2066632e-02 5.0000000e-03
  vertex 2.7119679e-02 -1.2826653e-02 5.0000000e-03
  vertex 6.6144095e-02 -3.5354755e-02 5.0000000e-03
 endloop
endfacet
facet normal 0.000000e+00 0.000000e+00 1.000000e+00
 outer loop
  vertex 2.7716386e-02 -1.1480503e-02 5.0000000e-03
  vertex 2.7119679e-02 -1.2826653e-02 5.0000000e-03
  vertex 6.7799197e-02 -3.2066632e-02 5.0000000e-03
 endloop
endfacet
facet normal 0.000000e+00 0.000000e+00 1.000000e+00
 outer loop
  vertex 6.9290965e-02 -2.8701257e-02 5.0000000e-03
  vertex 2.7716386e-02 -1.1480503e-02 5.0000000e-03
  vertex 6.7799197e-02 -3.2066632e-02 5.0000000e-03
 endloop
endfacet
facet normal 0.000000e+00 0.000000e+00 1.000000e+00
 outer loop
  vertex 2.8246322e-02 -1.0106696e-02 5.0000000e-03
  vertex 2.7716386e-02 -1.1480503e-02 5.0000000e-03
  vertex 6.9290965e-02 -2.8701257e-02 5.0000000e-03
 endloop
endfacet
facet normal 0.000000e+00 0.000000e+00 1.000000e+00
 outer loop
  vertex 7.0615805e-02 -2.5266739e-02 5.0000000e-03
  vertex 2.8246322e-02 -1.0106696e-02 5.0000000e-03
  vertex 6.9290965e-02 -2.8701257e-02 5.0000000e-03
 endloop
endfacet
facet normal 0.000000e+00 0.000000e+00 1.000000e+00
 outer loop
  vertex 2.8708210e-02 -8.7085403e-03 5.0000000e-03
  vertex 2.8246322e-02 -1.0106696e-02 5.0000000e-03
  vertex 7.0615805e-02 -2.5266739e-02 5.0000000e-03
 endloop
endfacet
facet normal 0.000000e+00 0.000000e+00 1.000000e+00
 outer loop
  vertex 7.1770525e-02 -2.1771351e-02 5.0000000e-03
  vertex 2.8708210e-02 -8.7085403e-03 5.0000000e-03
  vertex 7.0615805e-02 -2.5266739e-02 5.0000000e-03
 endloop
endfacet
facet normal 0.000000e+00 0.000000e+00 1.000000e+00
 outer loop
  vertex 2.9100938e-02 -7.2894054e-03 5.0000000e-03
  vertex 2.8708210e-02 -8.7085403e-03 5.0000000e-03
  vertex 7.1770525e-02 -2.1771351e-02 5.0000000e-03
 endloop
endfacet
facet normal 0.000000e+00 0.000000e+00 1.000000e+00
 outer loop
  vertex 7.2752344e-02 -1.8223513e-02 5.0000000e-03
  vertex 2.9100938e-02 -7.2894054e-03 5.0000000e-03
  vertex 7.1770525e-02 -2.1771351e-02 5.0000000e-03
 endloop
endfacet
facet normal 0.000000e+00 0.000000e+00 1.000000e+00
 outer loop
  vertex 2.9423558e-02 -5.8527097e-03 5.0000000e-03
  vertex 2.9100938e-02 -7.2894054e-03 5.0000000e-03
  vertex 7.2752344e-02 -1.8223513e-02 5.0000000e-03
 endloop
endfacet
facet normal 0.000000e+00 0.000000e+00 1.000000e+00
 outer loop
  vertex 7.3558896e-02 -1.4631774e-02 5.0000000e-03
  vertex 2.9423558e-02 -5.8527097e-03 5.0000000e-03
  vertex 7.2752344e-02 -1.8223513e-02 5.0000000e-03
 endloop
endfacet
facet normal 0.000000e+00 0.000000e+00 1.000000e+00
 outer loop
  vertex 2.9675295e-02 -4.4019142e-03 5.0000000e-03
  vertex 2.9423558e-02 -5.8527097e-03 5.0000000e-03
  vertex 7.3558896e-02 -1.4631774e-02 5.0000000e-03
 endloop
endfacet
facet normal 0.000000e+00 0.000000e+00 1.000000e+00
 outer loop
  vertex 7.4188238e-02 -1.1004786e-02 5.0000000e-03
  vertex 2.9675295e-02 -4.4019142e-03 5.0000000e-03
  vertex 7.3558896e-02 -1.4631774e-02 5.0000000e-03
 endloop
endfacet
facet normal 0.000000e+00 0.000000e+00 1.000000e+00
 outer loop
  vertex 2.9855542e-02 -2.9405142e-03 5.0000000e-03
  vertex 2.9675295e-02 -4.4019142e-03 5.0000000e-03
  vertex 7.4188238e-02 -1.1004786e-02 5.0000000e-03
 endloop
endfacet
facet normal 0.000000e+00 0.000000e+00 1.000000e+00
 outer loop
  vertex 7.4638855e-02 -7.3512855e-03 5.0000000e-03
  vertex 2.9855542e-02 -2.9405142e-03 5.0000000e-03
  vertex 7.4188238e-02 -1.1004786e-02 5.0000000e-03
 endloop
endfacet
facet normal 0.000000e+00 0.000000e+00 1.000000e+00
 outer loop
  vertex 2.9963864e-02 -1.4720302e-03 5.0000000e-03
  vertex 2.9855542e-02 -2.9405142e-03 5.0000000e-03
  vertex 7.4638855e-02 -7.3512855e-03 5.0000000e-03
 endloop
endfacet
facet normal 0.000000e+00 0.000000e+00 1.000000e+00
 outer loop
  vertex 7.4909659e-02 -3.6800756e-03 5.0000000e-03
  vertex 2.9963864e-02 -1.4720302e-03 5.0000000e-03
  vertex 7.4638855e-02 -7.3512855e-03 5.0000000e-03
 endloop
endfacet
facet normal 0.000000e+00 0.000000e+00 1.000000e+00
 outer loop
  vertex 3.0000000e-02 0.0000000e+00 5.0000000e-03
  vertex 2.9963864e-02 -1.4720302e-03 5.0000000e-03
  vertex 7.4909659e-02 -3.6800756e-03 5.0000000e-03
 endloop
endfacet
facet normal 0.000000e+00 0.000000e+00 1.000000e+00
 outer loop
  vertex 7.5000000e-02 0.0000000e+00 5.0000000e-03
  vertex 3.0000000e-02 0.0000000e+00 5.0000000e-03
  vertex 7.4909659e-02 -3.6800756e-03 5.0000000e-03
 endloop
endfacet
facet normal 9.135817e-01 2.242717e-02 4.060363e-01
 outer loop
  vertex 2.5968682e-02 1.2757595e-03 1.4000000e-02
  vertex 2.6000000e-02 0.0000000e+00 1.4000000e-02
  vertex 3.0000000e-02 0.0000000e+00 5.0000000e-03
 endloop
endfacet
facet normal 9.135817e-01 2.242717e-02 4.060363e-01
 outer loop
  vertex 2.9963864e-02 1.4720302e-03 5.0000000e-03
  vertex 2.5968682e-02 1.2757595e-03 1.4000000e-02
  vertex 3.0000000e-02 0.0000000e+00 5.0000000e-03
 endloop
endfacet
facet normal 9.113808e-01 6.722749e-02 4.060363e-01
 outer loop
  vertex 2.5874803e-02 2.5484456e-03 1.4000000e-02
  vertex 2.5968682e-02 1.2757595e-03 1.4000000e-02
  vertex 2.9963864e-02 1.4720302e-03 5.0000000e-03
 endloop
endfacet
facet normal 9.113808e-01 6.722749e-02 4.060363e-01
 outer loop
  vertex 2.9855542e-02 2.9405142e-03 5.0000000e-03
  vertex 2.5874803e-02 2.5484456e-03 1.4000000e-02
  vertex 2.9963864e-02 1.4720302e-03 5.0000000e-03
 endloop
endfacet
facet normal 9.069843e-01 1.118658e-01 4.060363e-01
 outer loop
  vertex 2.5718589e-02 3.8149923e-03 1.4000000e-02
  vertex 2.5874803e-02 2.5484456e-03 1.4000000e-02
  vertex 2.9855542e-02 2.9405142e-03 5.0000000e-03
 endloop
endfacet
facet normal 9.069843e-01 1.118658e-01 4.060363e-01
 outer loop
  vertex 2.9675295e-02 4.4019142e-03 5.0000000e-03
  vertex 2.5718589e-02 3.8149923e-03 1.4000000e-02
  vertex 2.9855542e-02 2.9405142e-03 5.0000000e-03
 endloop
endfacet
facet normal 9.004028e-01 1.562347e-01 4.060363e-01
 outer loop
  vertex 2.5500417e-02 5.0723484e-03 1.4000000e-02
  vertex 2.5718589e-02 3.8149923e-03 1.4000000e-02
  vertex 2.9675295e-02 4.4019142e-03 5.0000000e-03
 endloop
endfacet
facet normal 9.004028e-01 1.562347e-01 4.060363e-01
 outer loop
  vertex 2.9423558e-02 5.8527097e-03 5.0000000e-03
  vertex 2.5500417e-02 5.0723484e-03 1.4000000e-02
  vertex 2.9675295e-02 4.4019142e-03 5.0000000e-03
 endloop
endfacet
facet normal 8.916522e-01 2.002272e-01 4.060363e-01
 outer loop
  vertex 2.5220813e-02 6.3174847e-03 1.4000000e-02
  vertex 2.5500417e-02 5.0723484e-03 1.4000000e-02
  vertex 2.9423558e-02 5.8527097e-03 5.0000000e-03
 endloop
endfacet
facet normal 8.916522e-01 2.002272e-01 4.060363e-01
 outer loop
  vertex 2.9100938e-02 7.2894054e-03 5.0000000e-03
  vertex 2.5220813e-02 6.3174847e-03 1.4000000e-02
  vertex 2.9423558e-02 5.8527097e-03 5.0000000e-03
 endloop
endfacet
facet normal 8.807534e-01 2.437373e-01 4.060363e-01
 outer loop
  vertex 2.4880449e-02 7.5474016e-03 1.4000000e-02
  vertex 2.5220813e-02 6.3174847e-03 1.4000000e-02
  vertex 2.9100938e-02 7.2894054e-03 5.0000000e-03
 endloop
endfacet
facet normal 8.807534e-01 2.437373e-01 4.060363e-01
 outer loop
  vertex 2.8708210e-02 8.7085403e-03 5.0000000e-03
  vertex 2.4880449e-02 7.5474016e-03 1.4000000e-02
  vertex 2.9100938e-02 7.2894054e-03 5.0000000e-03
 endloop
endfacet
facet normal 8.677329e-01 2.866602e-01 4.060363e-01
 outer loop
  vertex 2.4480146e-02 8.7591362e-03 1.4000000e-02
  vertex 2.4880449e-02 7.5474016e-03 1.4000000e-02
  vertex 2.8708210e-02 8.7085403e-03 5.0000000e-03
 endloop
endfacet
facet normal 8.677329e-01 2.866602e-01 4.060363e-01
 outer loop
  vertex 2.8246322e-02 1.0106696e-02 5.0000000e-03
  vertex 2.4480146e-02 8.7591362e-03 1.4000000e-02
  vertex 2.8708210e-02 8.7085403e-03 5.0000000e-03
 endloop
endfacet
facet normal 8.526219e-01 3.288926e-01 4.060363e-01
 outer loop
  vertex 2.4020868e-02 9.9497692e-03 1.4000000e-02
  vertex 2.4480146e-02 8.7591362e-03 1.4000000e-02
  vertex 2.8246322e-02 1.0106696e-02 5.0000000e-03
 endloop
endfacet
facet normal 8.526219e-01 3.288926e-01 4.060363e-01
 outer loop
  vertex 2.7716386e-02 1.1480503e-02 5.0000000e-03
  vertex 2.4020868e-02 9.9497692e-03 1.4000000e-02
  vertex 2.8246322e-02 1.0106696e-02 5.0000000e-03
 endloop
endfacet
facet normal 8.354569e-01 3.703326e-01 4.060363e-01
 outer loop
  vertex 2.3503722e-02 1.1116432e-02 1.4000000e-02
  vertex 2.4020868e-02 9.9497692e-03 1.4000000e-02
  vertex 2.7716386e-02 1.1480503e-02 5.0000000e-03
 endloop
endfacet
facet normal 8.354569e-01 3.703326e-01 4.060363e-01
 outer loop
  vertex 2.7119679e-02 1.2826653e-02 5.0000000e-03
  vertex 2.3503722e-02 1.1116432e-02 1.4000000e-02
  vertex 2.7716386e-02 1.1480503e-02 5.0000000e-03
 endloop
endfacet
facet normal 8.162792e-01 4.108804e-01 4.060363e-01
 outer loop
  vertex 2.2929953e-02 1.2256315e-02 1.4000000e-02
  vertex 2.3503722e-02 1.1116432e-02 1.4000000e-02
  vertex 2.7119679e-02 1.2826653e-02 5.0000000e-03
 endloop
endfacet
facet normal 8.162792e-01 4.108804e-01 4.060363e-01
 outer loop
  vertex 2.6457638e-02 1.4141902e-02 5.0000000e-03
  vertex 2.2929953e-02 1.2256315e-02 1.4000000e-02
  vertex 2.7119679e-02 1.2826653e-02 5.0000000e-03
 endloop
endfacet
facet normal 7.951350e-01 4.504384e-01 4.060363e-01
 outer loop
  vertex 2.2300944e-02 1.3366671e-02 1.4000000e-02
  vertex 2.2929953e-02 1.2256315e-02 1.4000000e-02
  vertex 2.6457638e-02 1.4141902e-02 5.0000000e-03
 endloop
endfacet
facet normal 7.951350e-01 4.504384e-01 4.060363e-01
 outer loop
  vertex 2.5731858e-02 1.5423082e-02 5.0000000e-03
  vertex 2.2300944e-02 1.3366671e-02 1.4000000e-02
  vertex 2.6457638e-02 1.4141902e-02 5.0000000e-03
 endloop
endfacet
facet normal 7.720753e-01 4.889113e-01 4.060363e-01
 outer loop
  vertex 2.1618210e-02 1.4444826e-02 1.4000000e-02
  vertex 2.2300944e-02 1.3366671e-02 1.4000000e-02
  vertex 2.5731858e-02 1.5423082e-02 5.0000000e-03
 endloop
endfacet
facet normal 7.720753e-01 4.889113e-01 4.060363e-01
 outer loop
  vertex 2.4944088e-02 1.6667107e-02 5.0000000e-03
  vertex 2.1618210e-02 1.4444826e-02 1.4000000e-02
  vertex 2.5731858e-02 1.5423082e-02 5.0000000e-03
 endloop
endfacet
facet normal 7.471556e-01 5.262063e-01 4.060363e-01
 outer loop
  vertex 2.0883396e-02 1.5488182e-02 1.4000000e-02
  vertex 2.1618210e-02 1.4444826e-02 1.4000000e-02
  vertex 2.4944088e-02 1.6667107e-02 5.0000000e-03
 endloop
endfacet
facet normal 7.471556e-01 5.262063e-01 4.060363e-01
 outer loop
  vertex 2.4096226e-02 1.7870979e-02 5.0000000e-03
  vertex 2.0883396e-02 1.5488182e-02 1.4000000e-02
  vertex 2.4944088e-02 1.6667107e-02 5.0000000e-03
 endloop
endfacet
facet normal 7.204359e-01 5.622337e-01 4.060363e-01
 outer loop
  vertex 2.0098272e-02 1.6494225e-02 1.4000000e-02
  vertex 2.0883396e-02 1.5488182e-02 1.4000000e-02
  vertex 2.4096226e-02 1.7870979e-02 5.0000000e-03
 endloop
endfacet
facet normal 7.204359e-01 5.622337e-01 4.060363e-01
 outer loop
  vertex 2.3190314e-02 1.9031799e-02 5.0000000e-03
  vertex 2.0098272e-02 1.6494225e-02 1.4000000e-02
  vertex 2.4096226e-02 1.7870979e-02 5.0000000e-03
 endloop
endfacet
facet normal 6.919806e-01 5.969065e-01 4.060363e-01
 outer loop
  vertex 1.9264729e-02 1.7460533e-02 1.4000000e-02
  vertex 2.0098272e-02 1.6494225e-02 1.4000000e-02
  vertex 2.3190314e-02 1.9031799e-02 5.0000000e-03
 endloop
endfacet
facet normal 6.919806e-01 5.969065e-01 4.060363e-01
 outer loop
  vertex 2.2228534e-02 2.0146769e-02 5.0000000e-03
  vertex 1.9264729e-02 1.7460533e-02 1.4000000e-02
  vertex 2.3190314e-02 1.9031799e-02 5.0000000e-03
 endloop
endfacet
facet normal 6.618582e-01 6.301414e-01 4.060363e-01
 outer loop
  vertex 1.8384776e-02 1.8384776e-02 1.4000000e-02
  vertex 1.9264729e-02 1.7460533e-02 1.4000000e-02
  vertex 2.2228534e-02 2.0146769e-02 5.0000000e-03
 endloop
endfacet
facet normal 6.618582e-01 6.301414e-01 4.060363e-01
 outer loop
  vertex 2.1213203e-02 2.1213203e-02 5.0000000e-03
  vertex 1.8384776e-02 1.8384776e-02 1.4000000e-02
  vertex 2.2228534e-02 2.0146769e-02 5.0000000e-03
 endloop
endfacet
facet normal 6.301414e-01 6.618582e-01 4.060363e-01
 outer loop
  vertex 1.7460533e-02 1.9264729e-02 1.4000000e-02
  vertex 1.8384776e-02 1.8384776e-02 1.4000000e-02
  vertex 2.1213203e-02 2.1213203e-02 5.0000000e-03
 endloop
endfacet
facet normal 6.301414e-01 6.618582e-01 4.060363e-01
 outer loop
  vertex 2.0146769e-02 2.2228534e-02 5.0000000e-03
  vertex 1.7460533e-02 1.9264729e-02 1.4000000e-02
  vertex 2.1213203e-02 2.1213203e-02 5.0000000e-03
 endloop
endfacet
facet normal 5.969065e-01 6.919806e-01 4.060363e-01
 outer loop
  vertex 1.6494225e-02 2.0098272e-02 1.4000000e-02
  vertex 1.7460533e-02 1.9264729e-02 1.4000000e-02
  vertex 2.0146769e-02 2.2228534e-02 5.0000000e-03
 endloop
endfacet
facet normal 5.969065e-01 6.919806e-01 4.060363e-01
 outer loop
  vertex 1.9031799e-02 2.3190314e-02 5.0000000e-03
  vertex 1.6494225e-02 2.0098272e-02 1.4000000e-02
  vertex 2.0146769e-02 2.2228534e-02 5.0000000e-03
 endloop
endfacet
facet normal 5.622337e-01 7.204359e-01 4.060363e-01
 outer loop
  vertex 1.5488182e-02 2.0883396e-02 1.4000000e-02
  vertex 1.6494225e-02 2.0098272e-02 1.4000000e-02
  vertex 1.9031799e-02 2.3190314e-02 5.0000000e-03
 endloop
endfacet
facet normal 5.622337e-01 7.204359e-01 4.060363e-01
 outer loop
  vertex 1.7870979e-02 2.4096226e-02 5.0000000e-03
  vertex 1.5488182e-02 2.0883396e-02 1.4000000e-02
  vertex 1.9031799e-02 2.3190314e-02 5.0000000e-03
 endloop
endfacet
facet normal 5.262063e-01 7.471556e-01 4.060363e-01
 outer loop
  vertex 1.4444826e-02 2.1618210e-02 1.4000000e-02
  vertex 1.5488182e-02 2.0883396e-02 1.4000000e-02
  vertex 1.7870979e-02 2.4096226e-02 5.0000000e-03
 endloop
endfacet
facet normal 5.262063e-01 7.471556e-01 4.060363e-01
 outer loop
  vertex 1.6667107e-02 2.4944088e-02 5.0000000e-03
  vertex 1.4444826e-02 2.1618210e-02 1.4000000e-02
  vertex 1.7870979e-02 2.4096226e-02 5.0000000e-03
 endloop
endfacet
facet normal 4.889113e-01 7.720753e-01 4.060363e-01
 outer loop
  vertex 1.3366671e-02 2.2300944e-02 1.4000000e-02
  vertex 1.4444826e-02 2.1618210e-02 1.4000000e-02
  vertex 1.6667107e-02 2.4944088e-02 5.0000000e-03
 endloop
endfacet
facet normal 4.889113e-01 7.720753e-01 4.060363e-01
 outer loop
  vertex 1.5423082e-02 2.5731858e-02 5.0000000e-03
  vertex 1.3366671e-02 2.2300944e-02 1.4000000e-02
  vertex 1.6667107e-02 2.4944088e-02 5.0000000e-03
 endloop
endfacet
facet normal 4.504384e-01 7.951350e-01 4.060363e-01
 outer loop
  vertex 1.2256315e-02 2.2929953e-02 1.4000000e-02
  vertex 1.3366671e-02 2.2300944e-02 1.4000000e-02
  vertex 1.5423082e-02 2.5731858e-02 5.0000000e-03
 endloop
endfacet
facet normal 4.504384e-01 7.951350e-01 4.060363e-01
 outer loop
  vertex 1.4141902e-02 2.6457638e-02 5.0000000e-03
  vertex 1.2256315e-02 2.2929953e-02 1.4000000e-02
  vertex 1.5423082e-02 2.5731858e-02 5.0000000e-03
 endloop
endfacet
facet normal 4.108804e-01 8.162792e-01 4.060363e-01
 outer loop
  vertex 1.1116432e-02 2.3503722e-02 1.4000000e-02
  vertex 1.2256315e-02 2.2929953e-02 1.4000000e-02
  vertex 1.4141902e-02 2.6457638e-02 5.0000000e-03
 endloop
endfacet
facet normal 4.108804e-01 8.162792e-01 4.060363e-01
 outer loop
  vertex 1.2826653e-02 2.7119679e-02 5.0000000e-03
  vertex 1.1116432e-02 2.3503722e-02 1.4000000e-02
  vertex 1.4141902e-02 2.6457638e-02 5.0000000e-03
 endloop
endfacet
facet normal 3.703326e-01 8.354569e-01 4.060363e-01
 outer loop
  vertex 9.9497692e-03 2.4020868e-02 1.4000000e-02
  vertex 1.1116432e-02 2.3503722e-02 1.4000000e-02
  vertex 1.2826653e-02 2.7119679e-02 5.0000000e-03
 endloop
endfacet
facet normal 3.703326e-01 8.354569e-01 4.060363e-01
 outer loop
  vertex 1.1480503e-02 2.7716386e-02 5.0000000e-03
  vertex 9.9497692e-03 2.4020868e-02 1.4000000e-02
  vertex 1.2826653e-02 2.7119679e-02 5.0000000e-03
 endloop
endfacet
facet normal 3.288926e-01 8.526219e-01 4.060363e-01
 outer loop
  vertex 8.7591362e-03 2.4480146e-02 1.4000000e-02
  vertex 9.9497692e-03 2.4020868e-02 1.4000000e-02
  vertex 1.1480503e-02 2.7716386e-02 5.0000000e-03
 endloop
endfacet
facet normal 3.288926e-01 8.526219e-01 4.060363e-01
 outer loop
  vertex 1.0106696e-02 2.8246322e-02 5.0000000e-03
  vertex 8.7591362e-03 2.4480146e-02 1.4000000e-02
  vertex 1.1480503e-02 2.7716386e-02 5.0000000e-03
 endloop
endfacet
facet normal 2.866602e-01 8.677329e-01 4.060363e-01
 outer loop
  vertex 7.5474016e-03 2.4880449e-02 1.4000000e-02
  vertex 8.7591362e-03 2.4480146e-02 1.4000000e-02
  vertex 1.0106696e-02 2.8246322e-02 5.0000000e-03
 endloop
endfacet
facet normal 2.866602e-01 8.677329e-01 4.060363e-01
 outer loop
  vertex 8.7085403e-03 2.8708210e-02 5.0000000e-03
  vertex 7.5474016e-03 2.4880449e-02 1.4000000e-02
  vertex 1.0106696e-02 2.8246322e-02 5.0000000e-03
 endloop
endfacet
facet normal 2.437373e-01 8.807534e-01 4.060363e-01
 outer loop
  vertex 6.3174847e-03 2.5220813e-02 1.4000000e-02
  vertex 7.5474016e-03 2.4880449e-02 1.4000000e-02
  vertex 8.7085403e-03 2.8708210e-02 5.0000000e-03
 endloop
endfacet
facet normal 2.437373e-01 8.807534e-01 4.060363e-01
 outer loop
  vertex 7.2894054e-03 2.9100938e-02 5.0000000e-03
  vertex 6.3174847e-03 2.5220813e-02 1.4000000e-02
  vertex 8.7085403e-03 2.8708210e-02 5.0000000e-03
 endloop
endfacet
facet normal 2.002272e-01 8.916522e-01 4.060363e-01
 outer loop
  vertex 5.0723484e-03 2.5500417e-02 1.4000000e-02
  vertex 6.3174847e-03 2.5220813e-02 1.4000000e-02
  vertex 7.2894054e-03 2.9100938e-02 5.0000000e-03
 endloop
endfacet
facet normal 2.002272e-01 8.916522e-01 4.060363e-01
 outer loop
  vertex 5.8527097e-03 2.9423558e-02 5.0000000e-03
  vertex 5.0723484e-03 2.5500417e-02 1.4000000e-02
  vertex 7.2894054e-03 2.9100938e-02 5.0000000e-03
 endloop
endfacet
facet normal 1.562347e-01 9.004028e-01 4.060363e-01
 outer loop
  vertex 3.8149923e-03 2.5718589e-02 1.4000000e-02
  vertex 5.0723484e-03 2.5500417e-02 1.4000000e-02
  vertex 5.8527097e-03 2.9423558e-02 5.0000000e-03
 endloop
endfacet
facet normal 1.562347e-01 9.004028e-01 4.060363e-01
 outer loop
  vertex 4.4019142e-03 2.9675295e-02 5.0000000e-03
  vertex 3.8149923e-03 2.5718589e-02 1.4000000e-02
  vertex 5.8527097e-03 2.9423558e-02 5.0000000e-03
 endloop
endfacet
facet normal 1.118658e-01 9.069843e-01 4.060363e-01
 outer loop
  vertex 2.5484456e-03 2.5874803e-02 1.4000000e-02
  vertex 3.8149923e-03 2.5718589e-02 1.4000000e-02
  vertex 4.4019142e-03 2.9675295e-02 5.0000000e-03
 endloop
endfacet
facet normal 1.118658e-01 9.069843e-01 4.060363e-01
 outer loop
  vertex 2.9405142e-03 2.9855542e-02 5.0000000e-03
  vertex 2.5484456e-03 2.5874803e-02 1.4000000e-02
  vertex 4.4019142e-03 2.9675295e-02 5.0000000e-03
 endloop
endfacet
facet normal 6.722749e-02 9.113808e-01 4.060363e-01
 outer loop
  vertex 1.2757595e-03 2.5968682e-02 1.4000000e-02
  vertex 2.5484456e-03 2.5874803e-02 1.4000000e-02
  vertex 2.9405142e-03 2.9855542e-02 5.0000000e-03
 endloop
endfacet
facet normal 6.722749e-02 9.113808e-01 4.060363e-01
 outer loop
  vertex 1.4720302e-03 2.9963864e-02 5.0000000e-03
  vertex 1.2757595e-03 2.5968682e-02 1.4000000e-02
  vertex 2.9405142e-03 2.9855542e-02 5.0000000e-03
 endloop
endfacet
facet normal 2.242717e-02 9.135817e-01 4.060363e-01
 outer loop
  vertex 1.5920408e-18 2.6000000e-02 1.4000000e-02
  vertex 1.2757595e-03 2.5968682e-02 1.4000000e-02
  vertex 1.4720302e-03 2.9963864e-02 5.0000000e-03
 endloop
endfacet
facet normal 2.242717e-02 9.135817e-01 4.060363e-01
 outer loop
  vertex 1.8369702e-18 3.0000000e-02 5.0000000e-03
  vertex 1.5920408e-18 2.6000000e-02 1.4000000e-02
  vertex 1.4720302e-03 2.9963864e-02 5.0000000e-03
 endloop
endfacet
facet normal -2.242717e-02 9.135817e-01 4.060363e-01
 outer loop
  vertex -1.2757595e-03 2.5968682e-02 1.4000000e-02
  vertex 1.5920408e-18 2.6000000e-02 1.4000000e-02
  vertex 1.8369702e-18 3.0000000e-02 5.0000000e-03
 endloop
endfacet
facet normal -2.242717e-02 9.135817e-01 4.060363e-01
 outer loop
  vertex -1.4720302e-03 2.9963864e-02 5.0000000e-03
  vertex -1.2757595e-03 2.5968682e-02 1.4000000e-02
  vertex 1.8369702e-18 3.0000000e-02 5.0000000e-03
 endloop
endfacet
facet normal -6.722749e-02 9.113808e-01 4.060363e-01
 outer loop
  vertex -2.5484456e-03 2.5874803e-02 1.4000000e-02
  vertex -1.2757595e-03 2.5968682e-02 1.4000000e-02
  vertex -1.4720302e-03 2.9963864e-02 5.0000000e-03
 endloop
endfacet
facet normal -6.722749e-02 9.113808e-01 4.060363e-01
 outer loop
  vertex -2.9405142e-03 2.9855542e-02 5.0000000e-03
  vertex -2.5484456e-03 2.5874803e-02 1.4000000e-02
  vertex -1.4720302e-03 2.9963864e-02 5.0000000e-03
 endloop
endfacet
facet normal -1.118658e-01 9.069843e-01 4.060363e-01
 outer loop
  vertex -3.8149923e-03 2.5718589e-02 1.4000000e-02
  vertex -2.5484456e-03 2.5874803e-02 1.4000000e-02
  vertex -2.9405142e-03 2.9855542e-02 5.0000000e-03
 endloop
endfacet
facet normal -1.118658e-01 9.069843e-01 4.060363e-01
 outer loop
  vertex -4.4019142e-03 2.9675295e-02 5.0000000e-03
  vertex -3.8149923e-03 2.5718589e-02 1.4000000e-02
  vertex -2.9405142e-03 2.9855542e-02 5.0000000e-03
 endloop
endfacet
facet normal -1.562347e-01 9.004028e-01 4.060363e-01
 outer loop
  vertex -5.0723484e-03 2.5500417e-02 1.4000000e-02
  vertex -3.8149923e-03 2.5718589e-02 1.4000000e-02
  vertex -4.4019142e-03 2.9675295e-02 5.0000000e-03
 endloop
endfacet
facet normal -1.562347e-01 9.004028e-01 4.060363e-01
 outer loop
  vertex -5.8527097e-03 2.9423558e-02 5.0000000e-03
  vertex -5.0723484e-03 2.5500417e-02 1.4000000e-02
  vertex -4.4019142e-03 2.9675295e-02 5.0000000e-03
 endloop
endfacet
facet normal -2.002272e-01 8.916522e-01 4.060363e-01
 outer loop
  vertex -6.3174847e-03 2.5220813e-02 1.4000000e-02
  vertex -5.0723484e-03 2.5500417e-02 1.4000000e-02
  vertex -5.8527097e-03 2.9423558e-02 5.0000000e-03
 endloop
endfacet
facet normal -2.002272e-01 8.916522e-01 4.060363e-01
 outer loop
  vertex -7.2894054e-03 2.9100938e-02 5.0000000e-03
  vertex -6.3174847e-03 2.5220813e-02 1.4000000e-02
  vertex -5.8527097e-03 2.9423558e-02 5.0000000e-03
 endloop
endfacet
facet normal -2.437373e-01 8.807534e-01 4.060363e-01
 outer loop
  vertex -7.5474016e-03 2.4880449e-02 1.4000000e-02
  vertex -6.3174847e-03 2.5220813e-02 1.4000000e-02
  vertex -7.2894054e-03 2.9100938e-02 5.0000000e-03
 endloop
endfacet
facet normal -2.437373e-01 8.807534e-01 4.060363e-01
 outer loop
  vertex -8.7085403e-03 2.8708210e-02 5.0000000e-03
  vertex -7.5474016e-03 2.4880449e-02 1.4000000e-02
  vertex -7.2894054e-03 2.9100938e-02 5.0000000e-03
 endloop
endfacet
facet normal -2.866602e-01 8.677329e-01 4.060363e-01
 outer loop
  vertex -8.7591362e-03 2.4480146e-02 1.4000000e-02
  vertex -7.5474016e-03 2.4880449e-02 1.4000000e-02
  vertex -8.7085403e-03 2.8708210e-02 5.0000000e-03
 endloop
endfacet
facet normal -2.866602e-01 8.677329e-01 4.060363e-01
 outer loop
  vertex -1.0106696e-02 2.8246322e-02 5.0000000e-03
  vertex -8.7591362e-03 2.4480146e-02 1.4000000e-02
  vertex -8.7085403e-03 2.8708210e-02 5.0000000e-03
 endloop
endfacet
facet normal -3.288926e-01 8.526219e-01 4.060363e-01
 outer loop
  vertex -9.9497692e-03 2.4020868e-02 1.4000000e-02
  vertex -8.7591362e-03 2.4480146e-02 1.4000000e-02
  vertex -1.0106696e-02 2.8246322e-02 5.0000000e-03
 endloop
endfacet
facet normal -3.288926e-01 8.526219e-01 4.060363e-01
 outer loop
  vertex -1.1480503e-02 2.7716386e-02 5.0000000e-03
  vertex -9.9497692e-03 2.4020868e-02 1.4000000e-02
  vertex -1.0106696e-02 2.8246322e-02 5.0000000e-03
 endloop
endfacet
facet normal -3.703326e-01 8.354569e-01 4.060363e-01
 outer loop
  vertex -1.1116432e-02 2.3503722e-02 1.4000000e-02
  vertex -9.9497692e-03 2.4020868e-02 1.4000000e-02
  vertex -1.1480503e-02 2.7716386e-02 5.0000000e-03
 endloop
endfacet
facet normal -3.703326e-01 8.354569e-01 4.060363e-01
 outer loop
  vertex -1.2826653e-02 2.7119679e-02 5.0000000e-03
  vertex -1.1116432e-02 2.3503722e-02 1.4000000e-02
  vertex -1.1480503e-02 2.7716386e-02 5.0000000e-03
 endloop
endfacet
facet normal -4.108804e-01 8.162792e-01 4.060363e-01
 outer loop
  vertex -1.2256315e-02 2.2929953e-02 1.4000000e-02
  vertex -1.1116432e-02 2.3503722e-02 1.4000000e-02
  vertex -1.2826653e-02 2.7119679e-02 5.0000000e-03
 endloop
endfacet
facet normal -4.108804e-01 8.162792e-01 4.060363e-01
 outer loop
  vertex -1.4141902e-02 2.6457638e-02 5.0000000e-03
  vertex -1.2256315e-02 2.2929953e-02 1.4000000e-02
  vertex -1.2826653e-02 2.7119679e-02 5.0000000e-03
 endloop
endfacet
facet normal -4.504384e-01 7.951350e-01 4.060363e-01
 outer loop
  vertex -1.3366671e-02 2.2300944e-02 1.4000000e-02
  vertex -1.2256315e-02 2.2929953e-02 1.4000000e-02
  vertex -1.4141902e-02 2.6457638e-02 5.0000000e-03
 endloop
endfacet
facet normal -4.504384e-01 7.951350e-01 4.060363e-01
 outer loop
  vertex -1.5423082e-02 2.5731858e-02 5.0000000e-03
  vertex -1.3366671e-02 2.2300944e-02 1.4000000e-02
  vertex -1.4141902e-02 2.6457638e-02 5.0000000e-03
 endloop
endfacet
facet normal -4.889113e-01 7.720753e-01 4.060363e-01
 outer loop
  vertex -1.4444826e-02 2.1618210e-02 1.4000000e-02
  vertex -1.3366671e-02 2.2300944e-02 1.4000000e-02
  vertex -1.5423082e-02 2.5731858e-02 5.0000000e-03
 endloop
endfacet
facet normal -4.889113e-01 7.720753e-01 4.060363e-01
 outer loop
  vertex -1.6667107e-02 2.4944088e-02 5.0000000e-03
  vertex -1.4444826e-02 2.1618210e-02 1.4000000e-02
  vertex -1.5423082e-02 2.5731858e-02 5.0000000e-03
 endloop
endfacet
facet normal -5.262063e-01 7.471556e-01 4.060363e-01
 outer loop
  vertex -1.5488182e-02 2.0883396e-02 1.4000000e-02
  vertex -1.4444826e-02 2.1618210e-02 1.4000000e-02
  vertex -1.6667107e-02 2.4944088e-02 5.0000000e-03
 endloop
endfacet
facet normal -5.262063e-01 7.471556e-01 4.060363e-01
 outer loop
  vertex -1.7870979e-02 2.4096226e-02 5.0000000e-03
  vertex -1.5488182e-02 2.0883396e-02 1.4000000e-02
  vertex -1.6667107e-02 2.4944088e-02 5.0000000e-03
 endloop
endfacet
facet normal -5.622337e-01 7.204359e-01 4.060363e-01
 outer loop
  vertex -1.6494225e-02 2.0098272e-02 1.4000000e-02
  vertex -1.5488182e-02 2.0883396e-02 1.4000000e-02
  vertex -1.7870979e-02 2.4096226e-02 5.0000000e-03
 endloop
endfacet
facet normal -5.622337e-01 7.204359e-01 4.060363e-01
 outer loop
  vertex -1.9031799e-02 2.3190314e-02 5.0000000e-03
  vertex -1.6494225e-02 2.0098272e-02 1.4000000e-02
  vertex -1.7870979e-02 2.4096226e-02 5.0000000e-03
 endloop
endfacet
facet normal -5.969065e-01 6.919806e-01 4.060363e-01
 outer loop
  vertex -1.7460533e-02 1.9264729e-02 1.4000000e-02
  vertex -1.6494225e-02 2.0098272e-02 1.4000000e-02
  vertex -1.9031799e-02 2.3190314e-02 5.0000000e-03
 endloop
endfacet
facet normal -5.969065e-01 6.919806e-01 4.060363e-01
 outer loop
  vertex -2.0146769e-02 2.2228534e-02 5.0000000e-03
  vertex -1.7460533e-02 1.9264729e-02 1.4000000e-02
  vertex -1.9031799e-02 2.3190314e-02 5.0000000e-03
 endloop
endfacet
facet normal -6.301414e-01 6.618582e-01 4.060363e-01
 outer loop
  vertex -1.8384776e-02 1.8384776e-02 1.4000000e-02
  vertex -1.7460533e-02 1.9264729e-02 1.4000000e-02
  vertex -2.0146769e-02 2.2228534e-02 5.0000000e-03
 endloop
endfacet
facet normal -6.301414e-01 6.618582e-01 4.060363e-01
 outer loop
  vertex -2.1213203e-02 2.1213203e-02 5.0000000e-03
  vertex -1.8384776e-02 1.8384776e-02 1.4000000e-02
  vertex -2.0146769e-02 2.2228534e-02 5.0000000e-03
 endloop
endfacet
facet normal -6.618582e-01 6.301414e-01 4.060363e-01
 outer loop
  vertex -1.9264729e-02 1.7460533e-02 1.4000000e-02
  vertex -1.8384776e-02 1.8384776e-02 1.4000000e-02
  vertex -2.1213203e-02 2.1213203e-02 5.0000000e-03
 endloop
endfacet
facet normal -6.618582e-01 6.301414e-01 4.060363e-01
 outer loop
  vertex -2.2228534e-02 2.0146769e-02 5.0000000e-03
  vertex -1.9264729e-02 1.7460533e-02 1.4000000e-02
  vertex -2.1213203e-02 2.1213203e-02 5.0000000e-03
 endloop
endfacet
facet normal -6.919806e-01 5.969065e-01 4.060363e-01
 outer loop
  vertex -2.0098272e-02 1.6494225e-02 1.4000000e-02
  vertex -1.9264729e-02 1.7460533e-02 1.4000000e-02
  vertex -2.2228534e-02 2.0146769e-02 5.0000000e-03
 endloop
endfacet
facet normal -6.919806e-01 5.969065e-01 4.060363e-01
 outer loop
  vertex -2.3190314e-02 1.9031799e-02 5.0000000e-03
  vertex -2.0098272e-02 1.6494225e-02 1.4000000e-02
  vertex -2.2228534e-02 2.0146769e-02 5.0000000e-03
 endloop
endfacet
facet normal -7.204359e-01 5.622337e-01 4.060363e-01
 outer loop
  vertex -2.0883396e-02 1.5488182e-02 1.4000000e-02
  vertex -2.0098272e-02 1.6494225e-02 1.4000000e-02
  vertex -2.3190314e-02 1.9031799e-02 5.0000000e-03
 endloop
endfacet
facet normal -7.204359e-01 5.622337e-01 4.060363e-01
 outer loop
  vertex -2.4096226e-02 1.7870979e-02 5.0000000e-03
  vertex -2.0883396e-02 1.5488182e-02 1.4000000e-02
  vertex -2.3190314e-02 1.9031799e-02 5.0000000e-03
 endloop
endfacet
facet normal -7.471556e-01 5.262063e-01 4.060363e-01
 outer loop
  vertex -2.1618210e-02 1.4444826e-02 1.4000000e-02
  vertex -2.0883396e-02 1.5488182e-02 1.4000000e-02
  vertex -2.4096226e-02 1.7870979e-02 5.0000000e-03
 endloop
endfacet
facet normal -7.471556e-01 5.262063e-01 4.060363e-01
 outer loop
  vertex -2.4944088e-02 1.6667107e-02 5.0000000e-03
  vertex -2.1618210e-02 1.4444826e-02 1.4000000e-02
  vertex -2.4096226e-02 1.7870979e-02 5.0000000e-03
 endloop
endfacet
facet normal -7.720753e-01 4.889113e-01 4.060363e-01
 outer loop
  vertex -2.2300944e-02 1.3366671e-02 1.4000000e-02
  vertex -2.1618210e-02 1.4444826e-02 1.4000000e-02
  vertex -2.4944088e-02 1.6667107e-02 5.0000000e-03
 endloop
endfacet
facet normal -7.720753e-01 4.889113e-01 4.060363e-01
 outer loop
  vertex -2.5731858e-02 1.5423082e-02 5.0000000e-03
  vertex -2.2300944e-02 1.3366671e-02 1.4000000e-02
  vertex -2.4944088e-02 1.6667107e-02 5.0000000e-03
 endloop
endfacet
facet normal -7.951350e-01 4.504384e-01 4.060363e-01
 outer loop
  vertex -2.2929953e-02 1.2256315e-02 1.4000000e-02
  vertex -2.2300944e-02 1.3366671e-02 1.4000000e-02
  vertex -2.5731858e-02 1.5423082e-02 5.0000000e-03
 endloop
endfacet
facet normal -7.951350e-01 4.504384e-01 4.060363e-01
 outer loop
  vertex -2.6457638e-02 1.4141902e-02 5.0000000e-03
  vertex -2.2929953e-02 1.2256315e-02 1.4000000e-02
  vertex -2.5731858e-02 1.5423082e-02 5.0000000e-03
 endloop
endfacet
facet normal -8.162792e-01 4.108804e-01 4.060363e-01
 outer loop
  vertex -2.3503722e-02 1.1116432e-02 1.4000000e-02
  vertex -2.2929953e-02 1.2256315e-02 1.4000000e-02
  vertex -2.6457638e-02 1.4141902e-02 5.0000000e-03
 endloop
endfacet
facet normal -8.162792e-01 4.108804e-01 4.060363e-01
 outer loop
  vertex -2.7119679e-02 1.2826653e-02 5.0000000e-03
  vertex -2.3503722e-02 1.1116432e-02 1.4000000e-02
  vertex -2.6457638e-02 1.4141902e-02 5.0000000e-03
 endloop
endfacet
facet normal -8.354569e-01 3.703326e-01 4.060363e-01
 outer loop
  vertex -2.4020868e-02 9.9497692e-03 1.4000000e-02
  vertex -2.3503722e-02 1.1116432e-02 1.4000000e-02
  vertex -2.7119679e-02 1.2826653e-02 5.0000000e-03
 endloop
endfacet
facet normal -8.354569e-01 3.703326e-01 4.060363e-01
 outer loop
  vertex -2.7716386e-02 1.1480503e-02 5.0000000e-03
  vertex -2.4020868e-02 9.9497692e-03 1.4000000e-02
  vertex -2.7119679e-02 1.2826653e-02 5.0000000e-03
 endloop
endfacet
facet normal -8.526219e-01 3.288926e-01 4.060363e-01
 outer loop
  vertex -2.4480146e-02 8.7591362e-03 1.4000000e-02
  vertex -2.4020868e-02 9.9497692e-03 1.4000000e-02
  vertex -2.7716386e-02 1.1480503e-02 5.0000000e-03
 endloop
endfacet
facet normal -8.526219e-01 3.288926e-01 4.060363e-01
 outer loop
  vertex -2.8246322e-02 1.0106696e-02 5.0000000e-03
  vertex -2.4480146e-02 8.7591362e-03 1.4000000e-02
  vertex -2.7716386e-02 1.1480503e-02 5.0000000e-03
 endloop
endfacet
facet normal -8.677329e-01 2.866602e-01 4.060363e-01
 outer loop
  vertex -2.4880449e-02 7.5474016e-03 1.4000000e-02
  vertex -2.4480146e-02 8.7591362e-03 1.4000000e-02
  vertex -2.8246322e-02 1.0106696e-02 5.0000000e-03
 endloop
endfacet
facet normal -8.677329e-01 2.866602e-01 4.060363e-01
 outer loop
  vertex -2.8708210e-02 8.7085403e-03 5.0000000e-03
  vertex -2.4880449e-02 7.5474016e-03 1.4000000e-02
  vertex -2.8246322e-02 1.0106696e-02 5.0000000e-03
 endloop
endfacet
facet normal -8.807534e-01 2.437373e-01 4.060363e-01
 outer loop
  vertex -2.5220813e-02 6.3174847e-03 1.4000000e-02
  vertex -2.4880449e-02 7.5474016e-03 1.4000000e-02
  vertex -2.8708210e-02 8.7085403e-03 5.0000000e-03
 endloop
endfacet
facet normal -8.807534e-01 2.437373e-01 4.060363e-01
 outer loop
  vertex -2.9100938e-02 7.2894054e-03 5.0000000e-03
  vertex -2.5220813e-02 6.3174847e-03 1.4000000e-02
  vertex -2.8708210e-02 8.7085403e-03 5.0000000e-03
 endloop
endfacet
facet normal -8.916522e-01 2.002272e-01 4.060363e-01
 outer loop
  vertex -2.5500417e-02 5.0723484e-03 1.4000000e-02
  vertex -2.5220813e-02 6.3174847e-03 1.4000000e-02
  vertex -2.9100938e-02 7.2894054e-03 5.0000000e-03
 endloop
endfacet
facet normal -8.916522e-01 2.002272e-01 4.060363e-01
 outer loop
  vertex -2.9423558e-02 5.8527097e-03 5.0000000e-03
  vertex -2.5500417e-02 5.0723484e-03 1.4000000e-02
  vertex -2.9100938e-02 7.2894054e-03 5.0000000e-03
 endloop
endfacet
facet normal -9.004028e-01 1.562347e-01 4.060363e-01
 outer loop
  vertex -2.5718589e-02 3.8149923e-03 1.4000000e-02
  vertex -2.5500417e-02 5.0723484e-03 1.4000000e-02
  vertex -2.9423558e-02 5.8527097e-03 5.0000000e-03
 endloop
endfacet
facet normal -9.004028e-01 1.562347e-01 4.060363e-01
 outer loop
  vertex -2.9675295e-02 4.4019142e-03 5.0000000e-03
  vertex -2.5718589e-02 3.8149923e-03 1.4000000e-02
  vertex -2.9423558e-02 5.8527097e-03 5.0000000e-03
 endloop
endfacet
facet normal -9.069843e-01 1.118658e-01 4.060363e-01
 outer loop
  vertex -2.5874803e-02 2.5484456e-03 1.4000000e-02
  vertex -2.5718589e-02 3.8149923e-03 1.4000000e-02
  vertex -2.9675295e-02 4.4019142e-03 5.0000000e-03
 endloop
endfacet
facet normal -9.069843e-01 1.118658e-01 4.060363e-01
 outer loop
  vertex -2.9855542e-02 2.9405142e-03 5.0000000e-03
  vertex -2.5874803e-02 2.5484456e-03 1.4000000e-02
  vertex -2.9675295e-02 4.4019142e-03 5.0000000e-03
 endloop
endfacet
facet normal -9.113808e-01 6.722749e-02 4.060363e-01
 outer loop
  vertex -2.5968682e-02 1.2757595e-03 1.4000000e-02
  vertex -2.5874803e-02 2.5484456e-03 1.4000000e-02
  vertex -2.9855542e-02 2.9405142e-03 5.0000000e-03
 endloop
endfacet
facet normal -9.113808e-01 6.722749e-02 4.060363e-01
 outer loop
  vertex -2.9963864e-02 1.4720302e-03 5.0000000e-03
  vertex -2.5968682e-02 1.2757595e-03 1.4000000e-02
  vertex -2.9855542e-02 2.9405142e-03 5.0000000e-03
 endloop
endfacet
facet normal -9.135817e-01 2.242717e-02 4.060363e-01
 outer loop
  vertex -2.6000000e-02 3.1840817e-18 1.4000000e-02
  vertex -2.5968682e-02 1.2757595e-03 1.4000000e-02
  vertex -2.9963864e-02 1.4720302e-03 5.0000000e-03
 endloop
endfacet
facet normal -9.135817e-01 2.242717e-02 4.060363e-01
 outer loop
  vertex -3.0000000e-02 3.6739404e-18 5.0000000e-03
  vertex -2.6000000e-02 3.1840817e-18 1.4000000e-02
  vertex -2.9963864e-02 1.4720302e-03 5.0000000e-03
 endloop
endfacet
facet normal -9.135817e-01 -2.242717e-02 4.060363e-01
 outer loop
  vertex -2.5968682e-02 -1.2757595e-03 1.4000000e-02
  vertex -2.6000000e-02 3.1840817e-18 1.4000000e-02
  vertex -3.0000000e-02 3.6739404e-18 5.0000000e-03
 endloop
endfacet
facet normal -9.135817e-01 -2.242717e-02 4.060363e-01
 outer loop
  vertex -2.9963864e-02 -1.4720302e-03 5.0000000e-03
  vertex -2.5968682e-02 -1.2757595e-03 1.4000000e-02
  vertex -3.0000000e-02 3.6739404e-18 5.0000000e-03
 endloop
endfacet
facet normal -9.113808e-01 -6.722749e-02 4.060363e-01
 outer loop
  vertex -2.5874803e-02 -2.5484456e-03 1.4000000e-02
  vertex -2.5968682e-02 -1.2757595e-03 1.4000000e-02
  vertex -2.9963864e-02 -1.4720302e-03 5.0000000e-03
 endloop
endfacet
facet normal -9.113808e-01 -6.722749e-02 4.060363e-01
 outer loop
  vertex -2.9855542e-02 -2.9405142e-03 5.0000000e-03
  vertex -2.5874803e-02 -2.5484456e-03 1.4000000e-02
  vertex -2.9963864e-02 -1.4720302e-03 5.0000000e-03
 endloop
endfacet
facet normal -9.069843e-01 -1.118658e-01 4.060363e-01
 outer loop
  vertex -2.5718589e-02 -3.8149923e-03 1.4000000e-02
  vertex -2.5874803e-02 -2.5484456e-03 1.4000000e-02
  vertex -2.9855542e-02 -2.9405142e-03 5.0000000e-03
 endloop
endfacet
facet normal -9.069843e-01 -1.118658e-01 4.060363e-01
 outer loop
  vertex -2.9675295e-02 -4.4019142e-03 5.0000000e-03
  vertex -2.5718589e-02 -3.8149923e-03 1.4000000e-02
  vertex -2.9855542e-02 -2.9405142e-03 5.0000000e-03
 endloop
endfacet
facet normal -9.004028e-01 -1.562347e-01 4.060363e-01
 outer loop
  vertex -2.5500417e-02 -5.0723484e-03 1.4000000e-02
  vertex -2.5718589e-02 -3.8149923e-03 1.4000000e-02
  vertex -2.9675295e-02 -4.4019142e-03 5.0000000e-03
 endloop
endfacet
facet normal -9.004028e-01 -1.562347e-01 4.060363e-01
 outer loop
  vertex -2.9423558e-02 -5.8527097e-03 5.0000000e-03
  vertex -2.5500417e-02 -5.0723484e-03 1.4000000e-02
  vertex -2.9675295e-02 -4.4019142e-03 5.0000000e-03
 endloop
endfacet
facet normal -8.916522e-01 -2.002272e-01 4.060363e-01
 outer loop
  vertex -2.5220813e-02 -6.3174847e-03 1.4000000e-02
  vertex -2.5500417e-02 -5.0723484e-03 1.4000000e-02
  vertex -2.9423558e-02 -5.8527097e-03 5.0000000e-03
 endloop
endfacet
facet normal -8.916522e-01 -2.002272e-01 4.060363e-01
 outer loop
  vertex -2.9100938e-02 -7.2894054e-03 5.0000000e-03
  vertex -2.5220813e-02 -6.3174847e-03 1.4000000e-02
  vertex -2.9423558e-02 -5.8527097e-03 5.0000000e-03
 endloop
endfacet
facet normal -8.807534e-01 -2.437373e-01 4.060363e-01
 outer loop
  vertex -2.4880449e-02 -7.5474016e-03 1.4000000e-02
  vertex -2.5220813e-02 -6.3174847e-03 1.4000000e-02
  vertex -2.9100938e-02 -7.2894054e-03 5.0000000e-03
 endloop
endfacet
facet normal -8.807534e-01 -2.437373e-01 4.060363e-01
 outer loop
  vertex -2.8708210e-02 -8.7085403e-03 5.0000000e-03
  vertex -2.4880449e-02 -7.5474016e-03 1.4000000e-02
  vertex -2.9100938e-02 -7.2894054e-03 5.0000000e-03
 endloop
endfacet
facet normal -8.677329e-01 -2.866602e-01 4.060363e-01
 outer loop
  vertex -2.4480146e-02 -8.7591362e-03 1.4000000e-02
  vertex -2.4880449e-02 -7.5474016e-03 1.4000000e-02
  vertex -2.8708210e-02 -8.7085403e-03 5.0000000e-03
 endloop
endfacet
facet normal -8.677329e-01 -2.866602e-01 4.060363e-01
 outer loop
  vertex -2.8246322e-02 -1.0106696e-02 5.0000000e-03
  vertex -2.4480146e-02 -8.7591362e-03 1.4000000e-02
  vertex -2.8708210e-02 -8.7085403e-03 5.0000000e-03
 endloop
endfacet
facet normal -8.526219e-01 -3.288926e-01 4.060363e-01
 outer loop
  vertex -2.4020868e-02 -9.9497692e-03 1.4000000e-02
  vertex -2.4480146e-02 -8.7591362e-03 1.4000000e-02
  vertex -2.8246322e-02 -1.0106696e-02 5.0000000e-03
 endloop
endfacet
facet normal -8.526219e-01 -3.288926e-01 4.060363e-01
 outer loop
  vertex -2.7716386e-02 -1.1480503e-02 5.0000000e-03
  vertex -2.4020868e-02 -9.9497692e-03 1.4000000e-02
  vertex -2.8246322e-02 -1.0106696e-02 5.0000000e-03
 endloop
endfacet
facet normal -8.354569e-01 -3.703326e-01 4.060363e-01
 outer loop
  vertex -2.3503722e-02 -1.1116432e-02 1.4000000e-02
  vertex -2.4020868e-02 -9.9497692e-03 1.4000000e-02
  vertex -2.7716386e-02 -1.1480503e-02 5.0000000e-03
 endloop
endfacet
facet normal -8.354569e-01 -3.703326e-01 4.060363e-01
 outer loop
  vertex -2.7119679e-02 -1.2826653e-02 5.0000000e-03
  vertex -2.3503722e-02 -1.1116432e-02 1.4000000e-02
  vertex -2.7716386e-02 -1.1480503e-02 5.0000000e-03
 endloop
endfacet
facet normal -8.162792e-01 -4.108804e-01 4.060363e-01
 outer loop
  vertex -2.2929953e-02 -1.2256315e-02 1.4000000e-02
  vertex -2.3503722e-02 -1.1116432e-02 1.4000000e-02
  vertex -2.7119679e-02 -1.2826653e-02 5.0000000e-03
 endloop
endfacet
facet normal -8.162792e-01 -4.108804e-01 4.060363e-01
 outer loop
  vertex -2.6457638e-02 -1.4141902e-02 5.0000000e-03
  vertex -2.2929953e-02 -1.2256315e-02 1.4000000e-02
  vertex -2.7119679e-02 -1.2826653e-02 5.0000000e-03
 endloop
endfacet
facet normal -7.951350e-01 -4.504384e-01 4.060363e-01
 outer loop
  vertex -2.2300944e-02 -1.3366671e-02 1.4000000e-02
  vertex -2.2929953e-02 -1.2256315e-02 1.4000000e-02
  vertex -2.6457638e-02 -1.4141902e-02 5.0000000e-03
 endloop
endfacet
facet normal -7.951350e-01 -4.504384e-01 4.060363e-01
 outer loop
  vertex -2.5731858e-02 -1.5423082e-02 5.0000000e-03
  vertex -2.2300944e-02 -1.3366671e-02 1.4000000e-02
  vertex -2.6457638e-02 -1.4141902e-02 5.0000000e-03
 endloop
endfacet
facet normal -7.720753e-01 -4.889113e-01 4.060363e-01
 outer loop
  vertex -2.1618210e-02 -1.4444826e-02 1.4000000e-02
  vertex -2.2300944e-02 -1.3366671e-02 1.4000000e-02
  vertex -2.5731858e-02 -1.5423082e-02 5.0000000e-03
 endloop
endfacet
facet normal -7.720753e-01 -4.889113e-01 4.060363e-01
 outer loop
  vertex -2.4944088e-02 -1.6667107e-02 5.0000000e-03
  vertex -2.1618210e-02 -1.4444826e-02 1.4000000e-02
  vertex -2.5731858e-02 -1.5423082e-02 5.0000000e-03
 endloop
endfacet
facet normal -7.471556e-01 -5.262063e-01 4.060363e-01
 outer loop
  vertex -2.0883396e-02 -1.5488182e-02 1.4000000e-02
  vertex -2.1618210e-02 -1.4444826e-02 1.4000000e-02
  vertex -2.4944088e-02 -1.6667107e-02 5.0000000e-03
 endloop
endfacet
facet normal -7.471556e-01 -5.262063e-01 4.060363e-01
 outer loop
  vertex -2.4096226e-02 -1.7870979e-02 5.0000000e-03
  vertex -2.0883396e-02 -1.5488182e-02 1.4000000e-02
  vertex -2.4944088e-02 -1.6667107e-02 5.0000000e-03
 endloop
endfacet
facet normal -7.204359e-01 -5.622337e-01 4.060363e-01
 outer loop
  vertex -2.0098272e-02 -1.6494225e-02 1.4000000e-02
  vertex -2.0883396e-02 -1.5488182e-02 1.4000000e-02
  vertex -2.4096226e-02 -1.7870979e-02 5.0000000e-03
 endloop
endfacet
facet normal -7.204359e-01 -5.622337e-01 4.060363e-01
 outer loop
  vertex -2.3190314e-02 -1.9031799e-02 5.0000000e-03
  vertex -2.0098272e-02 -1.6494225e-02 1.4000000e-02
  vertex -2.4096226e-02 -1.7870979e-02 5.0000000e-03
 endloop
endfacet
facet normal -6.919806e-01 -5.969065e-01 4.060363e-01
 outer loop
  vertex -1.9264729e-02 -1.7460533e-02 1.4000000e-02
  vertex -2.0098272e-02 -1.6494225e-02 1.4000000e-02
  vertex -2.3190314e-02 -1.9031799e-02 5.0000000e-03
 endloop
endfacet
facet normal -6.919806e-01 -5.969065e-01 4.060363e-01
 outer loop
  vertex -2.2228534e-02 -2.0146769e-02 5.0000000e-03
  vertex -1.9264729e-02 -1.7460533e-02 1.4000000e-02
  vertex -2.3190314e-02 -1.9031799e-02 5.0000000e-03
 endloop
endfacet
facet normal -6.618582e-01 -6.301414e-01 4.060363e-01
 outer loop
  vertex -1.8384776e-02 -1.8384776e-02 1.4000000e-02
  vertex -1.9264729e-02 -1.7460533e-02 1.4000000e-02
  vertex -2.2228534e-02 -2.0146769e-02 5.0000000e-03
 endloop
endfacet
facet normal -6.618582e-01 -6.301414e-01 4.060363e-01
 outer loop
  vertex -2.1213203e-02 -2.1213203e-02 5.0000000e-03
  vertex -1.8384776e-02 -1.8384776e-02 1.4000000e-02
  vertex -2.2228534e-02 -2.0146769e-02 5.0000000e-03
 endloop
endfacet
facet normal -6.301414e-01 -6.618582e-01 4.060363e-01
 outer loop
  vertex -1.7460533e-02 -1.9264729e-02 1.4000000e-02
  vertex -1.8384776e-02 -1.8384776e-02 1.4000000e-02
  vertex -2.1213203e-02 -2.1213203e-02 5.0000000e-03
 endloop
endfacet
facet normal -6.301414e-01 -6.618582e-01 4.060363e-01
 outer loop
  vertex -2.0146769e-02 -2.2228534e-02 5.0000000e-03
  vertex -1.7460533e-02 -1.9264729e-02 1.4000000e-02
  vertex -2.1213203e-02 -2.1213203e-02 5.0000000e-03
 endloop
endfacet
facet normal -5.969065e-01 -6.919806e-01 4.060363e-01
 outer loop
  vertex -1.6494225e-02 -2.0098272e-02 1.4000000e-02
  vertex -1.7460533e-02 -1.9264729e-02 1.4000000e-02
  vertex -2.0146769e-02 -2.2228534e-02 5.0000000e-03
 endloop
endfacet
facet normal -5.969065e-01 -6.919806e-01 4.060363e-01
 outer loop
  vertex -1.9031799e-02 -2.3190314e-02 5.0000000e-03
  vertex -1.6494225e-02 -2.0098272e-02 1.4000000e-02
  vertex -2.0146769e-02 -2.2228534e-02 5.0000000e-03
 endloop
endfacet
facet normal -5.622337e-01 -7.204359e-01 4.060363e-01
 outer loop
  vertex -1.5488182e-02 -2.0883396e-02 1.4000000e-02
  vertex -1.6494225e-02 -2.0098272e-02 1.4000000e-02
  vertex -1.9031799e-02 -2.3190314e-02 5.0000000e-03
 endloop
endfacet
facet normal -5.622337e-01 -7.204359e-01 4.060363e-01
 outer loop
  vertex -1.7870979e-02 -2.4096226e-02 5.0000000e-03
  vertex -1.5488182e-02 -2.0883396e-02 1.4000000e-02
  vertex -1.9031799e-02 -2.3190314e-02 5.0000000e-03
 endloop
endfacet
facet normal -5.262063e-01 -7.471556e-01 4.060363e-01
 outer loop
  vertex -1.4444826e-02 -2.1618210e-02 1.4000000e-02
  vertex -1.5488182e-02 -2.0883396e-02 1.4000000e-02
  vertex -1.7870979e-02 -2.4096226e-02 5.0000000e-03
 endloop
endfacet
facet normal -5.262063e-01 -7.471556e-01 4.060363e-01
 outer loop
  vertex -1.6667107e-02 -2.4944088e-02 5.0000000e-03
  vertex -1.4444826e-02 -2.1618210e-02 1.4000000e-02
  vertex -1.7870979e-02 -2.4096226e-02 5.0000000e-03
 endloop
endfacet
facet normal -4.889113e-01 -7.720753e-01 4.060363e-01
 outer loop
  vertex -1.3366671e-02 -2.2300944e-02 1.4000000e-02
  vertex -1.4444826e-02 -2.1618210e-02 1.4000000e-02
  vertex -1.6667107e-02 -2.4944088e-02 5.0000000e-03
 endloop
endfacet
facet normal -4.889113e-01 -7.720753e-01 4.060363e-01
 outer loop
  vertex -1.5423082e-02 -2.5731858e-02 5.0000000e-03
  vertex -1.3366671e-02 -2.2300944e-02 1.4000000e-02
  vertex -1.6667107e-02 -2.4944088e-02 5.0000000e-03
 endloop
endfacet
facet normal -4.504384e-01 -7.951350e-01 4.060363e-01
 outer loop
  vertex -1.2256315e-02 -2.2929953e-02 1.4000000e-02
  vertex -1.3366671e-02 -2.2300944e-02 1.4000000e-02
  vertex -1.5423082e-02 -2.5731858e-02 5.0000000e-03
 endloop
endfacet
facet normal -4.504384e-01 -7.951350e-01 4.060363e-01
 outer loop
  vertex -1.4141902e-02 -2.6457638e-02 5.0000000e-03
  vertex -1.2256315e-02 -2.2929953e-02 1.4000000e-02
  vertex -1.5423082e-02 -2.5731858e-02 5.0000000e-03
 endloop
endfacet
facet normal -4.108804e-01 -8.162792e-01 4.060363e-01
 outer loop
  vertex -1.1116432e-02 -2.3503722e-02 1.4000000e-02
  vertex -1.2256315e-02 -2.2929953e-02 1.4000000e-02
  vertex -1.4141902e-02 -2.6457638e-02 5.0000000e-03
 endloop
endfacet
facet normal -4.108804e-01 -8.162792e-01 4.060363e-01
 outer loop
  vertex -1.2826653e-02 -2.7119679e-02 5.0000000e-03
  vertex -1.1116432e-02 -2.3503722e-02 1.4000000e-02
  vertex -1.4141902e-02 -2.6457638e-02 5.0000000e-03
 endloop
endfacet
facet normal -3.703326e-01 -8.354569e-01 4.060363e-01
 outer loop
  vertex -9.9497692e-03 -2.4020868e-02 1.4000000e-02
  vertex -1.1116432e-02 -2.3503722e-02 1.4000000e-02
  vertex -1.2826653e-02 -2.7119679e-02 5.0000000e-03
 endloop
endfacet
facet normal -3.703326e-01 -8.354569e-01 4.060363e-01
 outer loop
  vertex -1.1480503e-02 -2.7716386e-02 5.0000000e-03
  vertex -9.9497692e-03 -2.4020868e-02 1.4000000e-02
  vertex -1.2826653e-02 -2.7119679e-02 5.0000000e-03
 endloop
endfacet
facet normal -3.288926e-01 -8.526219e-01 4.060363e-01
 outer loop
  vertex -8.7591362e-03 -2.4480146e-02 1.4000000e-02
  vertex -9.9497692e-03 -2.4020868e-02 1.4000000e-02
  vertex -1.1480503e-02 -2.7716386e-02 5.0000000e-03
 endloop
endfacet
facet normal -3.288926e-01 -8.526219e-01 4.060363e-01
 outer loop
  vertex -1.0106696e-02 -2.8246322e-02 5.0000000e-03
  vertex -8.7591362e-03 -2.4480146e-02 1.4000000e-02
  vertex -1.1480503e-02 -2.7716386e-02 5.0000000e-03
 endloop
endfacet
facet normal -2.866602e-01 -8.677329e-01 4.060363e-01
 outer loop
  vertex -7.5474016e-03 -2.4880449e-02 1.4000000e-02
  vertex -8.7591362e-03 -2.4480146e-02 1.4000000e-02
  vertex -1.0106696e-02 -2.8246322e-02 5.0000000e-03
 endloop
endfacet
facet normal -2.866602e-01 -8.677329e-01 4.060363e-01
 outer loop
  vertex -8.7085403e-03 -2.8708210e-02 5.0000000e-03
  vertex -7.5474016e-03 -2.4880449e-02 1.4000000e-02
  vertex -1.0106696e-02 -2.8246322e-02 5.0000000e-03
 endloop
endfacet
facet normal -2.437373e-01 -8.807534e-01 4.060363e-01
 outer loop
  vertex -6.3174847e-03 -2.5220813e-02 1.4000000e-02
  vertex -7.5474016e-03 -2.4880449e-02 1.4000000e-02
  vertex -8.7085403e-03 -2.8708210e-02 5.0000000e-03
 endloop
endfacet
facet normal -2.437373e-01 -8.807534e-01 4.060363e-01
 outer loop
  vertex -7.2894054e-03 -2.9100938e-02 5.0000000e-03
  vertex -6.3174847e-03 -2.5220813e-02 1.4000000e-02
  vertex -8.7085403e-03 -2.8708210e-02 5.0000000e-03
 endloop
endfacet
facet normal -2.002272e-01 -8.916522e-01 4.060363e-01
 outer loop
  vertex -5.0723484e-03 -2.5500417e-02 1.4000000e-02
  vertex -6.3174847e-03 -2.5220813e-02 1.4000000e-02
  vertex -7.2894054e-03 -2.9100938e-02 5.0000000e-03
 endloop
endfacet
facet normal -2.002272e-01 -8.916522e-01 4.060363e-01
 outer loop
  vertex -5.8527097e-03 -2.9423558e-02 5.0000000e-03
  vertex -5.0723484e-03 -2.5500417e-02 1.4000000e-02
  vertex -7.2894054e-03 -2.9100938e-02 5.0000000e-03
 endloop
endfacet
facet normal -1.562347e-01 -9.004028e-01 4.060363e-01
 outer loop
  vertex -3.8149923e-03 -2.5718589e-02 1.4000000e-02
  vertex -5.0723484e-03 -2.5500417e-02 1.4000000e-02
  vertex -5.8527097e-03 -2.9423558e-02 5.0000000e-03
 endloop
endfacet
facet normal -1.562347e-01 -9.004028e-01 4.060363e-01
 outer loop
  vertex -4.4019142e-03 -2.9675295e-02 5.0000000e-03
  vertex -3.8149923e-03 -2.5718589e-02 1.4000000e-02
  vertex -5.8527097e-03 -2.9423558e-02 5.0000000e-03
 endloop
endfacet
facet normal -1.118658e-01 -9.069843e-01 4.060363e-01
 outer loop
  vertex -2.5484456e-03 -2.5874803e-02 1.4000000e-02
  vertex -3.8149923e-03 -2.5718589e-02 1.4000000e-02
  vertex -4.4019142e-03 -2.9675295e-02 5.0000000e-03
 endloop
endfacet
facet normal -1.118658e-01 -9.069843e-01 4.060363e-01
 outer loop
  vertex -2.9405142e-03 -2.9855542e-02 5.0000000e-03
  vertex -2.5484456e-03 -2.5874803e-02 1.4000000e-02
  vertex -4.4019142e-03 -2.9675295e-02 5.0000000e-03
 endloop
endfacet
facet normal -6.722749e-02 -9.113808e-01 4.060363e-01
 outer loop
  vertex -1.2757595e-03 -2.5968682e-02 1.4000000e-02
  vertex -2.5484456e-03 -2.5874803e-02 1.4000000e-02
  vertex -2.9405142e-03 -2.9855542e-02 5.0000000e-03
 endloop
endfacet
facet normal -6.722749e-02 -9.113808e-01 4.060363e-01
 outer loop
  vertex -1.4720302e-03 -2.9963864e-02 5.0000000e-03
  vertex -1.2757595e-03 -2.5968682e-02 1.4000000e-02
  vertex -2.9405142e-03 -2.9855542e-02 5.0000000e-03
 endloop
endfacet
facet normal -2.242717e-02 -9.135817e-01 4.060363e-01
 outer loop
  vertex -4.7761225e-18 -2.6000000e-02 1.4000000e-02
  vertex -1.2757595e-03 -2.5968682e-02 1.4000000e-02
  vertex -1.4720302e-03 -2.9963864e-02 5.0000000e-03
 endloop
endfacet
facet normal -2.242717e-02 -9.135817e-01 4.060363e-01
 outer loop
  vertex -5.5109106e-18 -3.0000000e-02 5.0000000e-03
  vertex -4.7761225e-18 -2.6000000e-02 1.4000000e-02
  vertex -1.4720302e-03 -2.9963864e-02 5.0000000e-03
 endloop
endfacet
facet normal 2.242717e-02 -9.135817e-01 4.060363e-01
 outer loop
  vertex 1.2757595e-03 -2.5968682e-02 1.4000000e-02
  vertex -4.7761225e-18 -2.6000000e-02 1.4000000e-02
  vertex -5.5109106e-18 -3.0000000e-02 5.0000000e-03
 endloop
endfacet
facet normal 2.242717e-02 -9.135817e-01 4.060363e-01
 outer loop
  vertex 1.4720302e-03 -2.9963864e-02 5.0000000e-03
  vertex 1.2757595e-03 -2.5968682e-02 1.4000000e-02
  vertex -5.5109106e-18 -3.0000000e-02 5.0000000e-03
 endloop
endfacet
facet normal 6.722749e-02 -9.113808e-01 4.060363e-01
 outer loop
  vertex 2.5484456e-03 -2.5874803e-02 1.4000000e-02
  vertex 1.2757595e-03 -2.5968682e-02 1.4000000e-02
  vertex 1.4720302e-03 -2.9963864e-02 5.0000000e-03
 endloop
endfacet
facet normal 6.722749e-02 -9.113808e-01 4.060363e-01
 outer loop
  vertex 2.9405142e-03 -2.9855542e-02 5.0000000e-03
  vertex 2.5484456e-03 -2.5874803e-02 1.4000000e-02
  vertex 1.4720302e-03 -2.9963864e-02 5.0000000e-03
 endloop
endfacet
facet normal 1.118658e-01 -9.069843e-01 4.060363e-01
 outer loop
  vertex 3.8149923e-03 -2.5718589e-02 1.4000000e-02
  vertex 2.5484456e-03 -2.5874803e-02 1.4000000e-02
  vertex 2.9405142e-03 -2.9855542e-02 5.0000000e-03
 endloop
endfacet
facet normal 1.118658e-01 -9.069843e-01 4.060363e-01
 outer loop
  vertex 4.4019142e-03 -2.9675295e-02 5.0000000e-03
  vertex 3.8149923e-03 -2.5718589e-02 1.4000000e-02
  vertex 2.9405142e-03 -2.9855542e-02 5.0000000e-03
 endloop
endfacet
facet normal 1.562347e-01 -9.004028e-01 4.060363e-01
 outer loop
  vertex 5.0723484e-03 -2.5500417e-02 1.4000000e-02
  vertex 3.8149923e-03 -2.5718589e-02 1.4000000e-02
  vertex 4.4019142e-03 -2.9675295e-02 5.0000000e-03
 endloop
endfacet
facet normal 1.562347e-01 -9.004028e-01 4.060363e-01
 outer loop
  vertex 5.8527097e-03 -2.9423558e-02 5.0000000e-03
  vertex 5.0723484e-03 -2.5500417e-02 1.4000000e-02
  vertex 4.4019142e-03 -2.9675295e-02 5.0000000e-03
 endloop
endfacet
facet normal 2.002272e-01 -8.916522e-01 4.060363e-01
 outer loop
  vertex 6.3174847e-03 -2.5220813e-02 1.4000000e-02
  vertex 5.0723484e-03 -2.5500417e-02 1.4000000e-02
  vertex 5.8527097e-03 -2.9423558e-02 5.0000000e-03
 endloop
endfacet
facet normal 2.002272e-01 -8.916522e-01 4.060363e-01
 outer loop
  vertex 7.2894054e-03 -2.9100938e-02 5.0000000e-03
  vertex 6.3174847e-03 -2.5220813e-02 1.4000000e-02
  vertex 5.8527097e-03 -2.9423558e-02 5.0000000e-03
 endloop
endfacet
facet normal 2.437373e-01 -8.807534e-01 4.060363e-01
 outer loop
  vertex 7.5474016e-03 -2.4880449e-02 1.4000000e-02
  vertex 6.3174847e-03 -2.5220813e-02 1.4000000e-02
  vertex 7.2894054e-03 -2.9100938e-02 5.0000000e-03
 endloop
endfacet
facet normal 2.437373e-01 -8.807534e-01 4.060363e-01
 outer loop
  vertex 8.7085403e-03 -2.8708210e-02 5.0000000e-03
  vertex 7.5474016e-03 -2.4880449e-02 1.4000000e-02
  vertex 7.2894054e-03 -2.9100938e-02 5.0000000e-03
 endloop
endfacet
facet normal 2.866602e-01 -8.677329e-01 4.060363e-01
 outer loop
  vertex 8.7591362e-03 -2.4480146e-02 1.4000000e-02
  vertex 7.5474016e-03 -2.4880449e-02 1.4000000e-02
  vertex 8.7085403e-03 -2.8708210e-02 5.0000000e-03
 endloop
endfacet
facet normal 2.866602e-01 -8.677329e-01 4.060363e-01
 outer loop
  vertex 1.0106696e-02 -2.8246322e-02 5.0000000e-03
  vertex 8.7591362e-03 -2.4480146e-02 1.4000000e-02
  vertex 8.7085403e-03 -2.8708210e-02 5.0000000e-03
 endloop
endfacet
facet normal 3.288926e-01 -8.526219e-01 4.060363e-01
 outer loop
  vertex 9.9497692e-03 -2.4020868e-02 1.4000000e-02
  vertex 8.7591362e-03 -2.4480146e-02 1.4000000e-02
  vertex 1.0106696e-02 -2.8246322e-02 5.0000000e-03
 endloop
endfacet
facet normal 3.288926e-01 -8.526219e-01 4.060363e-01
 outer loop
  vertex 1.1480503e-02 -2.7716386e-02 5.0000000e-03
  vertex 9.9497692e-03 -2.4020868e-02 1.4000000e-02
  vertex 1.0106696e-02 -2.8246322e-02 5.0000000e-03
 endloop
endfacet
facet normal 3.703326e-01 -8.354569e-01 4.060363e-01
 outer loop
  vertex 1.1116432e-02 -2.3503722e-02 1.4000000e-02
  vertex 9.9497692e-03 -2.4020868e-02 1.4000000e-02
  vertex 1.1480503e-02 -2.7716386e-02 5.0000000e-03
 endloop
endfacet
facet normal 3.703326e-01 -8.354569e-01 4.060363e-01
 outer loop
  vertex 1.2826653e-02 -2.7119679e-02 5.0000000e-03
  vertex 1.1116432e-02 -2.3503722e-02 1.4000000e-02
  vertex 1.1480503e-02 -2.7716386e-02 5.0000000e-03
 endloop
endfacet
facet normal 4.108804e-01 -8.162792e-01 4.060363e-01
 outer loop
  vertex 1.2256315e-02 -2.2929953e-02 1.4000000e-02
  vertex 1.1116432e-02 -2.3503722e-02 1.4000000e-02
  vertex 1.2826653e-02 -2.7119679e-02 5.0000000e-03
 endloop
endfacet
facet normal 4.108804e-01 -8.162792e-01 4.060363e-01
 outer loop
  vertex 1.4141902e-02 -2.6457638e-02 5.0000000e-03
  vertex 1.2256315e-02 -2.2929953e-02 1.4000000e-02
  vertex 1.2826653e-02 -2.7119679e-02 5.0000000e-03
 endloop
endfacet
facet normal 4.504384e-01 -7.951350e-01 4.060363e-01
 outer loop
  vertex 1.3366671e-02 -2.2300944e-02 1.4000000e-02
  vertex 1.2256315e-02 -2.2929953e-02 1.4000000e-02
  vertex 1.4141902e-02 -2.6457638e-02 5.0000000e-03
 endloop
endfacet
facet normal 4.504384e-01 -7.951350e-01 4.060363e-01
 outer loop
  vertex 1.5423082e-02 -2.5731858e-02 5.0000000e-03
  vertex 1.3366671e-02 -2.2300944e-02 1.4000000e-02
  vertex 1.4141902e-02 -2.6457638e-02 5.0000000e-03
 endloop
endfacet
facet normal 4.889113e-01 -7.720753e-01 4.060363e-01
 outer loop
  vertex 1.4444826e-02 -2.1618210e-02 1.4000000e-02
  vertex 1.3366671e-02 -2.2300944e-02 1.4000000e-02
  vertex 1.5423082e-02 -2.5731858e-02 5.0000000e-03
 endloop
endfacet
facet normal 4.889113e-01 -7.720753e-01 4.060363e-01
 outer loop
  vertex 1.6667107e-02 -2.4944088e-02 5.0000000e-03
  vertex 1.4444826e-02 -2.1618210e-02 1.4000000e-02
  vertex 1.5423082e-02 -2.5731858e-02 5.0000000e-03
 endloop
endfacet
facet normal 5.262063e-01 -7.471556e-01 4.060363e-01
 outer loop
  vertex 1.5488182e-02 -2.0883396e-02 1.4000000e-02
  vertex 1.4444826e-02 -2.1618210e-02 1.4000000e-02
  vertex 1.6667107e-02 -2.4944088e-02 5.0000000e-03
 endloop
endfacet
facet normal 5.262063e-01 -7.471556e-01 4.060363e-01
 outer loop
  vertex 1.7870979e-02 -2.4096226e-02 5.0000000e-03
  vertex 1.5488182e-02 -2.0883396e-02 1.4000000e-02
  vertex 1.6667107e-02 -2.4944088e-02 5.0000000e-03
 endloop
endfacet
facet normal 5.622337e-01 -7.204359e-01 4.060363e-01
 outer loop
  vertex 1.6494225e-02 -2.0098272e-02 1.4000000e-02
  vertex 1.5488182e-02 -2.0883396e-02 1.4000000e-02
  vertex 1.7870979e-02 -2.4096226e-02 5.0000000e-03
 endloop
endfacet
facet normal 5.622337e-01 -7.204359e-01 4.060363e-01
 outer loop
  vertex 1.9031799e-02 -2.3190314e-02 5.0000000e-03
  vertex 1.6494225e-02 -2.0098272e-02 1.4000000e-02
  vertex 1.7870979e-02 -2.4096226e-02 5.0000000e-03
 endloop
endfacet
facet normal 5.969065e-01 -6.919806e-01 4.060363e-01
 outer loop
  vertex 1.7460533e-02 -1.9264729e-02 1.4000000e-02
  vertex 1.6494225e-02 -2.0098272e-02 1.4000000e-02
  vertex 1.9031799e-02 -2.3190314e-02 5.0000000e-03
 endloop
endfacet
facet normal 5.969065e-01 -6.919806e-01 4.060363e-01
 outer loop
  vertex 2.0146769e-02 -2.2228534e-02 5.0000000e-03
  vertex 1.7460533e-02 -1.9264729e-02 1.4000000e-02
  vertex 1.9031799e-02 -2.3190314e-02 5.0000000e-03
 endloop
endfacet
facet normal 6.301414e-01 -6.618582e-01 4.060363e-01
 outer loop
  vertex 1.8384776e-02 -1.8384776e-02 1.4000000e-02
  vertex 1.7460533e-02 -1.9264729e-02 1.4000000e-02
  vertex 2.0146769e-02 -2.2228534e-02 5.0000000e-03
 endloop
endfacet
facet normal 6.301414e-01 -6.618582e-01 4.060363e-01
 outer loop
  vertex 2.1213203e-02 -2.1213203e-02 5.0000000e-03
  vertex 1.8384776e-02 -1.8384776e-02 1.4000000e-02
  vertex 2.0146769e-02 -2.2228534e-02 5.0000000e-03
 endloop
endfacet
facet normal 6.618582e-01 -6.301414e-01 4.060363e-01
 outer loop
  vertex 1.9264729e-02 -1.7460533e-02 1.4000000e-02
  vertex 1.8384776e-02 -1.8384776e-02 1.4000000e-02
  vertex 2.1213203e-02 -2.1213203e-02 5.0000000e-03
 endloop
endfacet
facet normal 6.618582e-01 -6.301414e-01 4.060363e-01
 outer loop
  vertex 2.2228534e-02 -2.0146769e-02 5.0000000e-03
  vertex 1.9264729e-02 -1.7460533e-02 1.4000000e-02
  vertex 2.1213203e-02 -2.1213203e-02 5.0000000e-03
 endloop
endfacet
facet normal 6.919806e-01 -5.969065e-01 4.060363e-01
 outer loop
  vertex 2.0098272e-02 -1.6494225e-02 1.4000000e-02
  vertex 1.9264729e-02 -1.7460533e-02 1.4000000e-02
  vertex 2.2228534e-02 -2.0146769e-02 5.0000000e-03
 endloop
endfacet
facet normal 6.919806e-01 -5.969065e-01 4.060363e-01
 outer loop
  vertex 2.3190314e-02 -1.9031799e-02 5.0000000e-03
  vertex 2.0098272e-02 -1.6494225e-02 1.4000000e-02
  vertex 2.2228534e-02 -2.0146769e-02 5.0000000e-03
 endloop
endfacet
facet normal 7.204359e-01 -5.622337e-01 4.060363e-01
 outer loop
  vertex 2.0883396e-02 -1.5488182e-02 1.4000000e-02
  vertex 2.0098272e-02 -1.6494225e-02 1.4000000e-02
  vertex 2.3190314e-02 -1.9031799e-02 5.0000000e-03
 endloop
endfacet
facet normal 7.204359e-01 -5.622337e-01 4.060363e-01
 outer loop
  vertex 2.4096226e-02 -1.7870979e-02 5.0000000e-03
  vertex 2.0883396e-02 -1.5488182e-02 1.4000000e-02
  vertex 2.3190314e-02 -1.9031799e-02 5.0000000e-03
 endloop
endfacet
facet normal 7.471556e-01 -5.262063e-01 4.060363e-01
 outer loop
  vertex 2.1618210e-02 -1.4444826e-02 1.4000000e-02
  vertex 2.0883396e-02 -1.5488182e-02 1.4000000e-02
  vertex 2.4096226e-02 -1.7870979e-02 5.0000000e-03
 endloop
endfacet
facet normal 7.471556e-01 -5.262063e-01 4.060363e-01
 outer loop
  vertex 2.4944088e-02 -1.6667107e-02 5.0000000e-03
  vertex 2.1618210e-02 -1.4444826e-02 1.4000000e-02
  vertex 2.4096226e-02 -1.7870979e-02 5.0000000e-03
 endloop
endfacet
facet normal 7.720753e-01 -4.889113e-01 4.060363e-01
 outer loop
  vertex 2.2300944e-02 -1.3366671e-02 1.4000000e-02
  vertex 2.1618210e-02 -1.4444826e-02 1.4000000e-02
  vertex 2.4944088e-02 -1.6667107e-02 5.0000000e-03
 endloop
endfacet
facet normal 7.720753e-01 -4.889113e-01 4.060363e-01
 outer loop
  vertex 2.5731858e-02 -1.5423082e-02 5.0000000e-03
  vertex 2.2300944e-02 -1.3366671e-02 1.4000000e-02
  vertex 2.4944088e-02 -1.6667107e-02 5.0000000e-03
 endloop
endfacet
facet normal 7.951350e-01 -4.504384e-01 4.060363e-01
 outer loop
  vertex 2.2929953e-02 -1.2256315e-02 1.4000000e-02
  vertex 2.2300944e-02 -1.3366671e-02 1.4000000e-02
  vertex 2.5731858e-02 -1.5423082e-02 5.0000000e-03
 endloop
endfacet
facet normal 7.951350e-01 -4.504384e-01 4.060363e-01
 outer loop
  vertex 2.6457638e-02 -1.4141902e-02 5.0000000e-03
  vertex 2.2929953e-02 -1.2256315e-02 1.4000000e-02
  vertex 2.5731858e-02 -1.5423082e-02 5.0000000e-03
 endloop
endfacet
facet normal 8.162792e-01 -4.108804e-01 4.060363e-01
 outer loop
  vertex 2.3503722e-02 -1.1116432e-02 1.4000000e-02
  vertex 2.2929953e-02 -1.2256315e-02 1.4000000e-02
  vertex 2.6457638e-02 -1.4141902e-02 5.0000000e-03
 endloop
endfacet
facet normal 8.162792e-01 -4.108804e-01 4.060363e-01
 outer loop
  vertex 2.7119679e-02 -1.2826653e-02 5.0000000e-03
  vertex 2.3503722e-02 -1.1116432e-02 1.4000000e-02
  vertex 2.6457638e-02 -1.4141902e-02 5.0000000e-03
 endloop
endfacet
facet normal 8.354569e-01 -3.703326e-01 4.060363e-01
 outer loop
  vertex 2.4020868e-02 -9.9497692e-03 1.4000000e-02
  vertex 2.3503722e-02 -1.1116432e-02 1.4000000e-02
  vertex 2.7119679e-02 -1.2826653e-02 5.0000000e-03
 endloop
endfacet
facet normal 8.354569e-01 -3.703326e-01 4.060363e-01
 outer loop
  vertex 2.7716386e-02 -1.1480503e-02 5.0000000e-03
  vertex 2.4020868e-02 -9.9497692e-03 1.4000000e-02
  vertex 2.7119679e-02 -1.2826653e-02 5.0000000e-03
 endloop
endfacet
facet normal 8.526219e-01 -3.288926e-01 4.060363e-01
 outer loop
  vertex 2.4480146e-02 -8.7591362e-03 1.4000000e-02
  vertex 2.4020868e-02 -9.9497692e-03 1.4000000e-02
  vertex 2.7716386e-02 -1.1480503e-02 5.0000000e-03
 endloop
endfacet
facet normal 8.526219e-01 -3.288926e-01 4.060363e-01
 outer loop
  vertex 2.8246322e-02 -1.0106696e-02 5.0000000e-03
  vertex 2.4480146e-02 -8.7591362e-03 1.4000000e-02
  vertex 2.7716386e-02 -1.1480503e-02 5.0000000e-03
 endloop
endfacet
facet normal 8.677329e-01 -2.866602e-01 4.060363e-01
 outer loop
  vertex 2.4880449e-02 -7.5474016e-03 1.4000000e-02
  vertex 2.4480146e-02 -8.7591362e-03 1.4000000e-02
  vertex 2.8246322e-02 -1.0106696e-02 5.0000000e-03
 endloop
endfacet
facet normal 8.677329e-01 -2.866602e-01 4.060363e-01
 outer loop
  vertex 2.8708210e-02 -8.7085403e-03 5.0000000e-03
  vertex 2.4880449e-02 -7.5474016e-03 1.4000000e-02
  vertex 2.8246322e-02 -1.0106696e-02 5.0000000e-03
 endloop
endfacet
facet normal 8.807534e-01 -2.437373e-01 4.060363e-01
 outer loop
  vertex 2.5220813e-02 -6.3174847e-03 1.4000000e-02
  vertex 2.4880449e-02 -7.5474016e-03 1.4000000e-02
  vertex 2.8708210e-02 -8.7085403e-03 5.0000000e-03
 endloop
endfacet
facet normal 8.807534e-01 -2.437373e-01 4.060363e-01
 outer loop
  vertex 2.9100938e-02 -7.2894054e-03 5.0000000e-03
  vertex 2.5220813e-02 -6.3174847e-03 1.4000000e-02
  vertex 2.8708210e-02 -8.7085403e-03 5.0000000e-03
 endloop
endfacet
facet normal 8.916522e-01 -2.002272e-01 4.060363e-01
 outer loop
  vertex 2.5500417e-02 -5.0723484e-03 1.4000000e-02
  vertex 2.5220813e-02 -6.3174847e-03 1.4000000e-02
  vertex 2.9100938e-02 -7.2894054e-03 5.0000000e-03
 endloop
endfacet
facet normal 8.916522e-01 -2.002272e-01 4.060363e-01
 outer loop
  vertex 2.9423558e-02 -5.8527097e-03 5.0000000e-03
  vertex 2.5500417e-02 -5.0723484e-03 1.4000000e-02
  vertex 2.9100938e-02 -7.2894054e-03 5.0000000e-03
 endloop
endfacet
facet normal 9.004028e-01 -1.562347e-01 4.060363e-01
 outer loop
  vertex 2.5718589e-02 -3.8149923e-03 1.4000000e-02
  vertex 2.5500417e-02 -5.0723484e-03 1.4000000e-02
  vertex 2.9423558e-02 -5.8527097e-03 5.0000000e-03
 endloop
endfacet
facet normal 9.004028e-01 -1.562347e-01 4.060363e-01
 outer loop
  vertex 2.9675295e-02 -4.4019142e-03 5.0000000e-03
  vertex 2.5718589e-02 -3.8149923e-03 1.4000000e-02
  vertex 2.9423558e-02 -5.8527097e-03 5.0000000e-03
 endloop
endfacet
facet normal 9.069843e-01 -1.118658e-01 4.060363e-01
 outer loop
  vertex 2.5874803e-02 -2.5484456e-03 1.4000000e-02
  vertex 2.5718589e-02 -3.8149923e-03 1.4000000e-02
  vertex 2.9675295e-02 -4.4019142e-03 5.0000000e-03
 endloop
endfacet
facet normal 9.069843e-01 -1.118658e-01 4.060363e-01
 outer loop
  vertex 2.9855542e-02 -2.9405142e-03 5.0000000e-03
  vertex 2.5874803e-02 -2.5484456e-03 1.4000000e-02
  vertex 2.9675295e-02 -4.4019142e-03 5.0000000e-03
 endloop
endfacet
facet normal 9.113808e-01 -6.722749e-02 4.060363e-01
 outer loop
  vertex 2.5968682e-02 -1.2757595e-03 1.4000000e-02
  vertex 2.5874803e-02 -2.5484456e-03 1.4000000e-02
  vertex 2.9855542e-02 -2.9405142e-03 5.0000000e-03
 endloop
endfacet
facet normal 9.113808e-01 -6.722749e-02 4.060363e-01
 outer loop
  vertex 2.9963864e-02 -1.4720302e-03 5.0000000e-03
  vertex 2.5968682e-02 -1.2757595e-03 1.4000000e-02
  vertex 2.9855542e-02 -2.9405142e-03 5.0000000e-03
 endloop
endfacet
facet normal 9.135817e-01 -2.242717e-02 4.060363e-01
 outer loop
  vertex 2.6000000e-02 0.0000000e+00 1.4000000e-02
  vertex 2.5968682e-02 -1.2757595e-03 1.4000000e-02
  vertex 2.9963864e-02 -1.4720302e-03 5.0000000e-03
 endloop
endfacet
facet normal 9.135817e-01 -2.242717e-02 4.060363e-01
 outer loop
  vertex 3.0000000e-02 0.0000000e+00 5.0000000e-03
  vertex 2.6000000e-02 0.0000000e+00 1.4000000e-02
  vertex 2.9963864e-02 -1.4720302e-03 5.0000000e-03
 endloop
endfacet
facet normal 9.996988e-01 2.454123e-02 0.000000e+00
 outer loop
  vertex 2.5968682e-02 1.2757595e-03 7.2000000e-02
  vertex 2.6000000e-02 0.0000000e+00 7.2000000e-02
  vertex 2.6000000e-02 0.0000000e+00 1.4000000e-02
 endloop
endfacet
facet normal 9.996988e-01 2.454123e-02 -0.000000e+00
 outer loop
  vertex 2.5968682e-02 1.2757595e-03 1.4000000e-02
  vertex 2.5968682e-02 1.2757595e-03 7.2000000e-02
  vertex 2.6000000e-02 0.0000000e+00 1.4000000e-02
 endloop
endfacet
facet normal 9.972905e-01 7.356456e-02 0.000000e+00
 outer loop
  vertex 2.5874803e-02 2.5484456e-03 7.2000000e-02
  vertex 2.5968682e-02 1.2757595e-03 7.2000000e-02
  vertex 2.5968682e-02 1.2757595e-03 1.4000000e-02
 endloop
endfacet
facet normal 9.972905e-01 7.356456e-02 -0.000000e+00
 outer loop
  vertex 2.5874803e-02 2.5484456e-03 1.4000000e-02
  vertex 2.5874803e-02 2.5484456e-03 7.2000000e-02
  vertex 2.5968682e-02 1.2757595e-03 1.4000000e-02
 endloop
endfacet
facet normal 9.924795e-01 1.224107e-01 0.000000e+00
 outer loop
  vertex 2.5718589e-02 3.8149923e-03 7.2000000e-02
  vertex 2.5874803e-02 2.5484456e-03 7.2000000e-02
  vertex 2.5874803e-02 2.5484456e-03 1.4000000e-02
 endloop
endfacet
facet normal 9.924795e-01 1.224107e-01 -0.000000e+00
 outer loop
  vertex 2.5718589e-02 3.8149923e-03 1.4000000e-02
  vertex 2.5718589e-02 3.8149923e-03 7.2000000e-02
  vertex 2.5874803e-02 2.5484456e-03 1.4000000e-02
 endloop
endfacet
facet normal 9.852776e-01 1.709619e-01 0.000000e+00
 outer loop
  vertex 2.5500417e-02 5.0723484e-03 7.2000000e-02
  vertex 2.5718589e-02 3.8149923e-03 7.2000000e-02
  vertex 2.5718589e-02 3.8149923e-03 1.4000000e-02
 endloop
endfacet
facet normal 9.852776e-01 1.709619e-01 -0.000000e+00
 outer loop
  vertex 2.5500417e-02 5.0723484e-03 1.4000000e-02
  vertex 2.5500417e-02 5.0723484e-03 7.2000000e-02
  vertex 2.5718589e-02 3.8149923e-03 1.4000000e-02
 endloop
endfacet
facet normal 9.757021e-01 2.191012e-01 0.000000e+00
 outer loop
  vertex 2.5220813e-02 6.3174847e-03 7.2000000e-02
  vertex 2.5500417e-02 5.0723484e-03 7.2000000e-02
  vertex 2.5500417e-02 5.0723484e-03 1.4000000e-02
 endloop
endfacet
facet normal 9.757021e-01 2.191012e-01 -0.000000e+00
 outer loop
  vertex 2.5220813e-02 6.3174847e-03 1.4000000e-02
  vertex 2.5220813e-02 6.3174847e-03 7.2000000e-02
  vertex 2.5500417e-02 5.0723484e-03 1.4000000e-02
 endloop
endfacet
facet normal 9.637761e-01 2.667128e-01 0.000000e+00
 outer loop
  vertex 2.4880449e-02 7.5474016e-03 7.2000000e-02
  vertex 2.5220813e-02 6.3174847e-03 7.2000000e-02
  vertex 2.5220813e-02 6.3174847e-03 1.4000000e-02
 endloop
endfacet
facet normal 9.637761e-01 2.667128e-01 -0.000000e+00
 outer loop
  vertex 2.4880449e-02 7.5474016e-03 1.4000000e-02
  vertex 2.4880449e-02 7.5474016e-03 7.2000000e-02
  vertex 2.5220813e-02 6.3174847e-03 1.4000000e-02
 endloop
endfacet
facet normal 9.495282e-01 3.136817e-01 0.000000e+00
 outer loop
  vertex 2.4480146e-02 8.7591362e-03 7.2000000e-02
  vertex 2.4880449e-02 7.5474016e-03 7.2000000e-02
  vertex 2.4880449e-02 7.5474016e-03 1.4000000e-02
 endloop
endfacet
facet normal 9.495282e-01 3.136817e-01 -0.000000e+00
 outer loop
  vertex 2.4480146e-02 8.7591362e-03 1.4000000e-02
  vertex 2.4480146e-02 8.7591362e-03 7.2000000e-02
  vertex 2.4880449e-02 7.5474016e-03 1.4000000e-02
 endloop
endfacet
facet normal 9.329928e-01 3.598950e-01 0.000000e+00
 outer loop
  vertex 2.4020868e-02 9.9497692e-03 7.2000000e-02
  vertex 2.4480146e-02 8.7591362e-03 7.2000000e-02
  vertex 2.4480146e-02 8.7591362e-03 1.4000000e-02
 endloop
endfacet
facet normal 9.329928e-01 3.598950e-01 -0.000000e+00
 outer loop
  vertex 2.4020868e-02 9.9497692e-03 1.4000000e-02
  vertex 2.4020868e-02 9.9497692e-03 7.2000000e-02
  vertex 2.4480146e-02 8.7591362e-03 1.4000000e-02
 endloop
endfacet
facet normal 9.142098e-01 4.052413e-01 0.000000e+00
 outer loop
  vertex 2.3503722e-02 1.1116432e-02 7.2000000e-02
  vertex 2.4020868e-02 9.9497692e-03 7.2000000e-02
  vertex 2.4020868e-02 9.9497692e-03 1.4000000e-02
 endloop
endfacet
facet normal 9.142098e-01 4.052413e-01 -0.000000e+00
 outer loop
  vertex 2.3503722e-02 1.1116432e-02 1.4000000e-02
  vertex 2.3503722e-02 1.1116432e-02 7.2000000e-02
  vertex 2.4020868e-02 9.9497692e-03 1.4000000e-02
 endloop
endfacet
facet normal 8.932243e-01 4.496113e-01 0.000000e+00
 outer loop
  vertex 2.2929953e-02 1.2256315e-02 7.2000000e-02
  vertex 2.3503722e-02 1.1116432e-02 7.2000000e-02
  vertex 2.3503722e-02 1.1116432e-02 1.4000000e-02
 endloop
endfacet
facet normal 8.932243e-01 4.496113e-01 -0.000000e+00
 outer loop
  vertex 2.2929953e-02 1.2256315e-02 1.4000000e-02
  vertex 2.2929953e-02 1.2256315e-02 7.2000000e-02
  vertex 2.3503722e-02 1.1116432e-02 1.4000000e-02
 endloop
endfacet
facet normal 8.700870e-01 4.928982e-01 0.000000e+00
 outer loop
  vertex 2.2300944e-02 1.3366671e-02 7.2000000e-02
  vertex 2.2929953e-02 1.2256315e-02 7.2000000e-02
  vertex 2.2929953e-02 1.2256315e-02 1.4000000e-02
 endloop
endfacet
facet normal 8.700870e-01 4.928982e-01 -0.000000e+00
 outer loop
  vertex 2.2300944e-02 1.3366671e-02 1.4000000e-02
  vertex 2.2300944e-02 1.3366671e-02 7.2000000e-02
  vertex 2.2929953e-02 1.2256315e-02 1.4000000e-02
 endloop
endfacet
facet normal 8.448536e-01 5.349976e-01 0.000000e+00
 outer loop
  vertex 2.1618210e-02 1.4444826e-02 7.2000000e-02
  vertex 2.2300944e-02 1.3366671e-02 7.2000000e-02
  vertex 2.2300944e-02 1.3366671e-02 1.4000000e-02
 endloop
endfacet
facet normal 8.448536e-01 5.349976e-01 -0.000000e+00
 outer loop
  vertex 2.1618210e-02 1.4444826e-02 1.4000000e-02
  vertex 2.1618210e-02 1.4444826e-02 7.2000000e-02
  vertex 2.2300944e-02 1.3366671e-02 1.4000000e-02
 endloop
endfacet
facet normal 8.175848e-01 5.758082e-01 0.000000e+00
 outer loop
  vertex 2.0883396e-02 1.5488182e-02 7.2000000e-02
  vertex 2.1618210e-02 1.4444826e-02 7.2000000e-02
  vertex 2.1618210e-02 1.4444826e-02 1.4000000e-02
 endloop
endfacet
facet normal 8.175848e-01 5.758082e-01 -0.000000e+00
 outer loop
  vertex 2.0883396e-02 1.5488182e-02 1.4000000e-02
  vertex 2.0883396e-02 1.5488182e-02 7.2000000e-02
  vertex 2.1618210e-02 1.4444826e-02 1.4000000e-02
 endloop
endfacet
facet normal 7.883464e-01 6.152316e-01 0.000000e+00
 outer loop
  vertex 2.0098272e-02 1.6494225e-02 7.2000000e-02
  vertex 2.0883396e-02 1.5488182e-02 7.2000000e-02
  vertex 2.0883396e-02 1.5488182e-02 1.4000000e-02
 endloop
endfacet
facet normal 7.883464e-01 6.152316e-01 -0.000000e+00
 outer loop
  vertex 2.0098272e-02 1.6494225e-02 1.4000000e-02
  vertex 2.0098272e-02 1.6494225e-02 7.2000000e-02
  vertex 2.0883396e-02 1.5488182e-02 1.4000000e-02
 endloop
endfacet
facet normal 7.572088e-01 6.531728e-01 0.000000e+00
 outer loop
  vertex 1.9264729e-02 1.7460533e-02 7.2000000e-02
  vertex 2.0098272e-02 1.6494225e-02 7.2000000e-02
  vertex 2.0098272e-02 1.6494225e-02 1.4000000e-02
 endloop
endfacet
facet normal 7.572088e-01 6.531728e-01 -0.000000e+00
 outer loop
  vertex 1.9264729e-02 1.7460533e-02 1.4000000e-02
  vertex 1.9264729e-02 1.7460533e-02 7.2000000e-02
  vertex 2.0098272e-02 1.6494225e-02 1.4000000e-02
 endloop
endfacet
facet normal 7.242471e-01 6.895405e-01 0.000000e+00
 outer loop
  vertex 1.8384776e-02 1.8384776e-02 7.2000000e-02
  vertex 1.9264729e-02 1.7460533e-02 7.2000000e-02
  vertex 1.9264729e-02 1.7460533e-02 1.4000000e-02
 endloop
endfacet
facet normal 7.242471e-01 6.895405e-01 -0.000000e+00
 outer loop
  vertex 1.8384776e-02 1.8384776e-02 1.4000000e-02
  vertex 1.8384776e-02 1.8384776e-02 7.2000000e-02
  vertex 1.9264729e-02 1.7460533e-02 1.4000000e-02
 endloop
endfacet
facet normal 6.895405e-01 7.242471e-01 0.000000e+00
 outer loop
  vertex 1.7460533e-02 1.9264729e-02 7.2000000e-02
  vertex 1.8384776e-02 1.8384776e-02 7.2000000e-02
  vertex 1.8384776e-02 1.8384776e-02 1.4000000e-02
 endloop
endfacet
facet normal 6.895405e-01 7.242471e-01 -0.000000e+00
 outer loop
  vertex 1.7460533e-02 1.9264729e-02 1.4000000e-02
  vertex 1.7460533e-02 1.9264729e-02 7.2000000e-02
  vertex 1.8384776e-02 1.8384776e-02 1.4000000e-02
 endloop
endfacet
facet normal 6.531728e-01 7.572088e-01 0.000000e+00
 outer loop
  vertex 1.6494225e-02 2.0098272e-02 7.2000000e-02
  vertex 1.7460533e-02 1.9264729e-02 7.2000000e-02
  vertex 1.7460533e-02 1.9264729e-02 1.4000000e-02
 endloop
endfacet
facet normal 6.531728e-01 7.572088e-01 -0.000000e+00
 outer loop
  vertex 1.6494225e-02 2.0098272e-02 1.4000000e-02
  vertex 1.6494225e-02 2.0098272e-02 7.2000000e-02
  vertex 1.7460533e-02 1.9264729e-02 1.4000000e-02
 endloop
endfacet
facet normal 6.152316e-01 7.883464e-01 0.000000e+00
 outer loop
  vertex 1.5488182e-02 2.0883396e-02 7.2000000e-02
  vertex 1.6494225e-02 2.0098272e-02 7.2000000e-02
  vertex 1.6494225e-02 2.0098272e-02 1.4000000e-02
 endloop
endfacet
facet normal 6.152316e-01 7.883464e-01 -0.000000e+00
 outer loop
  vertex 1.5488182e-02 2.0883396e-02 1.4000000e-02
  vertex 1.5488182e-02 2.0883396e-02 7.2000000e-02
  vertex 1.6494225e-02 2.0098272e-02 1.4000000e-02
 endloop
endfacet
facet normal 5.758082e-01 8.175848e-01 0.000000e+00
 outer loop
  vertex 1.4444826e-02 2.1618210e-02 7.2000000e-02
  vertex 1.5488182e-02 2.0883396e-02 7.2000000e-02
  vertex 1.5488182e-02 2.0883396e-02 1.4000000e-02
 endloop
endfacet
facet normal 5.758082e-01 8.175848e-01 -0.000000e+00
 outer loop
  vertex 1.4444826e-02 2.1618210e-02 1.4000000e-02
  vertex 1.4444826e-02 2.1618210e-02 7.2000000e-02
  vertex 1.5488182e-02 2.0883396e-02 1.4000000e-02
 endloop
endfacet
facet normal 5.349976e-01 8.448536e-01 0.000000e+00
 outer loop
  vertex 1.3366671e-02 2.2300944e-02 7.2000000e-02
  vertex 1.4444826e-02 2.1618210e-02 7.2000000e-02
  vertex 1.4444826e-02 2.1618210e-02 1.4000000e-02
 endloop
endfacet
facet normal 5.349976e-01 8.448536e-01 -0.000000e+00
 outer loop
  vertex 1.3366671e-02 2.2300944e-02 1.4000000e-02
  vertex 1.3366671e-02 2.2300944e-02 7.2000000e-02
  vertex 1.4444826e-02 2.1618210e-02 1.4000000e-02
 endloop
endfacet
facet normal 4.928982e-01 8.700870e-01 0.000000e+00
 outer loop
  vertex 1.2256315e-02 2.2929953e-02 7.2000000e-02
  vertex 1.3366671e-02 2.2300944e-02 7.2000000e-02
  vertex 1.3366671e-02 2.2300944e-02 1.4000000e-02
 endloop
endfacet
facet normal 4.928982e-01 8.700870e-01 -0.000000e+00
 outer loop
  vertex 1.2256315e-02 2.2929953e-02 1.4000000e-02
  vertex 1.2256315e-02 2.2929953e-02 7.2000000e-02
  vertex 1.3366671e-02 2.2300944e-02 1.4000000e-02
 endloop
endfacet
facet normal 4.496113e-01 8.932243e-01 0.000000e+00
 outer loop
  vertex 1.1116432e-02 2.3503722e-02 7.2000000e-02
  vertex 1.2256315e-02 2.2929953e-02 7.2000000e-02
  vertex 1.2256315e-02 2.2929953e-02 1.4000000e-02
 endloop
endfacet
facet normal 4.496113e-01 8.932243e-01 -0.000000e+00
 outer loop
  vertex 1.1116432e-02 2.3503722e-02 1.4000000e-02
  vertex 1.1116432e-02 2.3503722e-02 7.2000000e-02
  vertex 1.2256315e-02 2.2929953e-02 1.4000000e-02
 endloop
endfacet
facet normal 4.052413e-01 9.142098e-01 0.000000e+00
 outer loop
  vertex 9.9497692e-03 2.4020868e-02 7.2000000e-02
  vertex 1.1116432e-02 2.3503722e-02 7.2000000e-02
  vertex 1.1116432e-02 2.3503722e-02 1.4000000e-02
 endloop
endfacet
facet normal 4.052413e-01 9.142098e-01 -0.000000e+00
 outer loop
  vertex 9.9497692e-03 2.4020868e-02 1.4000000e-02
  vertex 9.9497692e-03 2.4020868e-02 7.2000000e-02
  vertex 1.1116432e-02 2.3503722e-02 1.4000000e-02
 endloop
endfacet
facet normal 3.598950e-01 9.329928e-01 0.000000e+00
 outer loop
  vertex 8.7591362e-03 2.4480146e-02 7.2000000e-02
  vertex 9.9497692e-03 2.4020868e-02 7.2000000e-02
  vertex 9.9497692e-03 2.4020868e-02 1.4000000e-02
 endloop
endfacet
facet normal 3.598950e-01 9.329928e-01 -0.000000e+00
 outer loop
  vertex 8.7591362e-03 2.4480146e-02 1.4000000e-02
  vertex 8.7591362e-03 2.4480146e-02 7.2000000e-02
  vertex 9.9497692e-03 2.4020868e-02 1.4000000e-02
 endloop
endfacet
facet normal 3.136817e-01 9.495282e-01 0.000000e+00
 outer loop
  vertex 7.5474016e-03 2.4880449e-02 7.2000000e-02
  vertex 8.7591362e-03 2.4480146e-02 7.2000000e-02
  vertex 8.7591362e-03 2.4480146e-02 1.4000000e-02
 endloop
endfacet
facet normal 3.136817e-01 9.495282e-01 -0.000000e+00
 outer loop
  vertex 7.5474016e-03 2.4880449e-02 1.4000000e-02
  vertex 7.5474016e-03 2.4880449e-02 7.2000000e-02
  vertex 8.7591362e-03 2.4480146e-02 1.4000000e-02
 endloop
endfacet
facet normal 2.667128e-01 9.637761e-01 0.000000e+00
 outer loop
  vertex 6.3174847e-03 2.5220813e-02 7.2000000e-02
  vertex 7.5474016e-03 2.4880449e-02 7.2000000e-02
  vertex 7.5474016e-03 2.4880449e-02 1.4000000e-02
 endloop
endfacet
facet normal 2.667128e-01 9.637761e-01 -0.000000e+00
 outer loop
  vertex 6.3174847e-03 2.5220813e-02 1.4000000e-02
  vertex 6.3174847e-03 2.5220813e-02 7.2000000e-02
  vertex 7.5474016e-03 2.4880449e-02 1.4000000e-02
 endloop
endfacet
facet normal 2.191012e-01 9.757021e-01 0.000000e+00
 outer loop
  vertex 5.0723484e-03 2.5500417e-02 7.2000000e-02
  vertex 6.3174847e-03 2.5220813e-02 7.2000000e-02
  vertex 6.3174847e-03 2.5220813e-02 1.4000000e-02
 endloop
endfacet
facet normal 2.191012e-01 9.757021e-01 -0.000000e+00
 outer loop
  vertex 5.0723484e-03 2.5500417e-02 1.4000000e-02
  vertex 5.0723484e-03 2.5500417e-02 7.2000000e-02
  vertex 6.3174847e-03 2.5220813e-02 1.4000000e-02
 endloop
endfacet
facet normal 1.709619e-01 9.852776e-01 0.000000e+00
 outer loop
  vertex 3.8149923e-03 2.5718589e-02 7.2000000e-02
  vertex 5.0723484e-03 2.5500417e-02 7.2000000e-02
  vertex 5.0723484e-03 2.5500417e-02 1.4000000e-02
 endloop
endfacet
facet normal 1.709619e-01 9.852776e-01 -0.000000e+00
 outer loop
  vertex 3.8149923e-03 2.5718589e-02 1.4000000e-02
  vertex 3.8149923e-03 2.5718589e-02 7.2000000e-02
  vertex 5.0723484e-03 2.5500417e-02 1.4000000e-02
 endloop
endfacet
facet normal 1.224107e-01 9.924795e-01 0.000000e+00
 outer loop
  vertex 2.5484456e-03 2.5874803e-02 7.2000000e-02
  vertex 3.8149923e-03 2.5718589e-02 7.2000000e-02
  vertex 3.8149923e-03 2.5718589e-02 1.4000000e-02
 endloop
endfacet
facet normal 1.224107e-01 9.924795e-01 -0.000000e+00
 outer loop
  vertex 2.5484456e-03 2.5874803e-02 1.4000000e-02
  vertex 2.5484456e-03 2.5874803e-02 7.2000000e-02
  vertex 3.8149923e-03 2.5718589e-02 1.4000000e-02
 endloop
endfacet
facet normal 7.356456e-02 9.972905e-01 0.000000e+00
 outer loop
  vertex 1.2757595e-03 2.5968682e-02 7.2000000e-02
  vertex 2.5484456e-03 2.5874803e-02 7.2000000e-02
  vertex 2.5484456e-03 2.5874803e-02 1.4000000e-02
 endloop
endfacet
facet normal 7.356456e-02 9.972905e-01 -0.000000e+00
 outer loop
  vertex 1.2757595e-03 2.5968682e-02 1.4000000e-02
  vertex 1.2757595e-03 2.5968682e-02 7.2000000e-02
  vertex 2.5484456e-03 2.5874803e-02 1.4000000e-02
 endloop
endfacet
facet normal 2.454123e-02 9.996988e-01 0.000000e+00
 outer loop
  vertex 1.5920408e-18 2.6000000e-02 7.2000000e-02
  vertex 1.2757595e-03 2.5968682e-02 7.2000000e-02
  vertex 1.2757595e-03 2.5968682e-02 1.4000000e-02
 endloop
endfacet
facet normal 2.454123e-02 9.996988e-01 -0.000000e+00
 outer loop
  vertex 1.5920408e-18 2.6000000e-02 1.4000000e-02
  vertex 1.5920408e-18 2.6000000e-02 7.2000000e-02
  vertex 1.2757595e-03 2.5968682e-02 1.4000000e-02
 endloop
endfacet
facet normal -2.454123e-02 9.996988e-01 0.000000e+00
 outer loop
  vertex -1.2757595e-03 2.5968682e-02 7.2000000e-02
  vertex 1.5920408e-18 2.6000000e-02 7.2000000e-02
  vertex 1.5920408e-18 2.6000000e-02 1.4000000e-02
 endloop
endfacet
facet normal -2.454123e-02 9.996988e-01 0.000000e+00
 outer loop
  vertex -1.2757595e-03 2.5968682e-02 1.4000000e-02
  vertex -1.2757595e-03 2.5968682e-02 7.2000000e-02
  vertex 1.5920408e-18 2.6000000e-02 1.4000000e-02
 endloop
endfacet
facet normal -7.356456e-02 9.972905e-01 0.000000e+00
 outer loop
  vertex -2.5484456e-03 2.5874803e-02 7.2000000e-02
  vertex -1.2757595e-03 2.5968682e-02 7.2000000e-02
  vertex -1.2757595e-03 2.5968682e-02 1.4000000e-02
 endloop
endfacet
facet normal -7.356456e-02 9.972905e-01 0.000000e+00
 outer loop
  vertex -2.5484456e-03 2.5874803e-02 1.4000000e-02
  vertex -2.5484456e-03 2.5874803e-02 7.2000000e-02
  vertex -1.2757595e-03 2.5968682e-02 1.4000000e-02
 endloop
endfacet
facet normal -1.224107e-01 9.924795e-01 0.000000e+00
 outer loop
  vertex -3.8149923e-03 2.5718589e-02 7.2000000e-02
  vertex -2.5484456e-03 2.5874803e-02 7.2000000e-02
  vertex -2.5484456e-03 2.5874803e-02 1.4000000e-02
 endloop
endfacet
facet normal -1.224107e-01 9.924795e-01 0.000000e+00
 outer loop
  vertex -3.8149923e-03 2.5718589e-02 1.4000000e-02
  vertex -3.8149923e-03 2.5718589e-02 7.2000000e-02
  vertex -2.5484456e-03 2.5874803e-02 1.4000000e-02
 endloop
endfacet
facet normal -1.709619e-01 9.852776e-01 0.000000e+00
 outer loop
  vertex -5.0723484e-03 2.5500417e-02 7.2000000e-02
  vertex -3.8149923e-03 2.5718589e-02 7.2000000e-02
  vertex -3.8149923e-03 2.5718589e-02 1.4000000e-02
 endloop
endfacet
facet normal -1.709619e-01 9.852776e-01 0.000000e+00
 outer loop
  vertex -5.0723484e-03 2.5500417e-02 1.4000000e-02
  vertex -5.0723484e-03 2.5500417e-02 7.2000000e-02
  vertex -3.8149923e-03 2.5718589e-02 1.4000000e-02
 endloop
endfacet
facet normal -2.191012e-01 9.757021e-01 0.000000e+00
 outer loop
  vertex -6.3174847e-03 2.5220813e-02 7.2000000e-02
  vertex -5.0723484e-03 2.5500417e-02 7.2000000e-02
  vertex -5.0723484e-03 2.5500417e-02 1.4000000e-02
 endloop
endfacet
facet normal -2.191012e-01 9.757021e-01 0.000000e+00
 outer loop
  vertex -6.3174847e-03 2.5220813e-02 1.4000000e-02
  vertex -6.3174847e-03 2.5220813e-02 7.2000000e-02
  vertex -5.0723484e-03 2.5500417e-02 1.4000000e-02
 endloop
endfacet
facet normal -2.667128e-01 9.637761e-01 0.000000e+00
 outer loop
  vertex -7.5474016e-03 2.4880449e-02 7.2000000e-02
  vertex -6.3174847e-03 2.5220813e-02 7.2000000e-02
  vertex -6.3174847e-03 2.5220813e-02 1.4000000e-02
 endloop
endfacet
facet normal -2.667128e-01 9.637761e-01 0.000000e+00
 outer loop
  vertex -7.5474016e-03 2.4880449e-02 1.4000000e-02
  vertex -7.5474016e-03 2.4880449e-02 7.2000000e-02
  vertex -6.3174847e-03 2.5220813e-02 1.4000000e-02
 endloop
endfacet
facet normal -3.136817e-01 9.495282e-01 0.000000e+00
 outer loop
  vertex -8.7591362e-03 2.4480146e-02 7.2000000e-02
  vertex -7.5474016e-03 2.4880449e-02 7.2000000e-02
  vertex -7.5474016e-03 2.4880449e-02 1.4000000e-02
 endloop
endfacet
facet normal -3.136817e-01 9.495282e-01 0.000000e+00
 outer loop
  vertex -8.7591362e-03 2.4480146e-02 1.4000000e-02
  vertex -8.7591362e-03 2.4480146e-02 7.2000000e-02
  vertex -7.5474016e-03 2.4880449e-02 1.4000000e-02
 endloop
endfacet
facet normal -3.598950e-01 9.329928e-01 0.000000e+00
 outer loop
  vertex -9.9497692e-03 2.4020868e-02 7.2000000e-02
  vertex -8.7591362e-03 2.4480146e-02 7.2000000e-02
  vertex -8.7591362e-03 2.4480146e-02 1.4000000e-02
 endloop
endfacet
facet normal -3.598950e-01 9.329928e-01 0.000000e+00
 outer loop
  vertex -9.9497692e-03 2.4020868e-02 1.4000000e-02
  vertex -9.9497692e-03 2.4020868e-02 7.2000000e-02
  vertex -8.7591362e-03 2.4480146e-02 1.4000000e-02
 endloop
endfacet
facet normal -4.052413e-01 9.142098e-01 0.000000e+00
 outer loop
  vertex -1.1116432e-02 2.3503722e-02 7.2000000e-02
  vertex -9.9497692e-03 2.4020868e-02 7.2000000e-02
  vertex -9.9497692e-03 2.4020868e-02 1.4000000e-02
 endloop
endfacet
facet normal -4.052413e-01 9.142098e-01 0.000000e+00
 outer loop
  vertex -1.1116432e-02 2.3503722e-02 1.4000000e-02
  vertex -1.1116432e-02 2.3503722e-02 7.2000000e-02
  vertex -9.9497692e-03 2.4020868e-02 1.4000000e-02
 endloop
endfacet
facet normal -4.496113e-01 8.932243e-01 0.000000e+00
 outer loop
  vertex -1.2256315e-02 2.2929953e-02 7.2000000e-02
  vertex -1.1116432e-02 2.3503722e-02 7.2000000e-02
  vertex -1.1116432e-02 2.3503722e-02 1.4000000e-02
 endloop
endfacet
facet normal -4.496113e-01 8.932243e-01 0.000000e+00
 outer loop
  vertex -1.2256315e-02 2.2929953e-02 1.4000000e-02
  vertex -1.2256315e-02 2.2929953e-02 7.2000000e-02
  vertex -1.1116432e-02 2.3503722e-02 1.4000000e-02
 endloop
endfacet
facet normal -4.928982e-01 8.700870e-01 0.000000e+00
 outer loop
  vertex -1.3366671e-02 2.2300944e-02 7.2000000e-02
  vertex -1.2256315e-02 2.2929953e-02 7.2000000e-02
  vertex -1.2256315e-02 2.2929953e-02 1.4000000e-02
 endloop
endfacet
facet normal -4.928982e-01 8.700870e-01 0.000000e+00
 outer loop
  vertex -1.3366671e-02 2.2300944e-02 1.4000000e-02
  vertex -1.3366671e-02 2.2300944e-02 7.2000000e-02
  vertex -1.2256315e-02 2.2929953e-02 1.4000000e-02
 endloop
endfacet
facet normal -5.349976e-01 8.448536e-01 0.000000e+00
 outer loop
  vertex -1.4444826e-02 2.1618210e-02 7.2000000e-02
  vertex -1.3366671e-02 2.2300944e-02 7.2000000e-02
  vertex -1.3366671e-02 2.2300944e-02 1.4000000e-02
 endloop
endfacet
facet normal -5.349976e-01 8.448536e-01 0.000000e+00
 outer loop
  vertex -1.4444826e-02 2.1618210e-02 1.4000000e-02
  vertex -1.4444826e-02 2.1618210e-02 7.2000000e-02
  vertex -1.3366671e-02 2.2300944e-02 1.4000000e-02
 endloop
endfacet
facet normal -5.758082e-01 8.175848e-01 0.000000e+00
 outer loop
  vertex -1.5488182e-02 2.0883396e-02 7.2000000e-02
  vertex -1.4444826e-02 2.1618210e-02 7.2000000e-02
  vertex -1.4444826e-02 2.1618210e-02 1.4000000e-02
 endloop
endfacet
facet normal -5.758082e-01 8.175848e-01 0.000000e+00
 outer loop
  vertex -1.5488182e-02 2.0883396e-02 1.4000000e-02
  vertex -1.5488182e-02 2.0883396e-02 7.2000000e-02
  vertex -1.4444826e-02 2.1618210e-02 1.4000000e-02
 endloop
endfacet
facet normal -6.152316e-01 7.883464e-01 0.000000e+00
 outer loop
  vertex -1.6494225e-02 2.0098272e-02 7.2000000e-02
  vertex -1.5488182e-02 2.0883396e-02 7.2000000e-02
  vertex -1.5488182e-02 2.0883396e-02 1.4000000e-02
 endloop
endfacet
facet normal -6.152316e-01 7.883464e-01 0.000000e+00
 outer loop
  vertex -1.6494225e-02 2.0098272e-02 1.4000000e-02
  vertex -1.6494225e-02 2.0098272e-02 7.2000000e-02
  vertex -1.5488182e-02 2.0883396e-02 1.4000000e-02
 endloop
endfacet
facet normal -6.531728e-01 7.572088e-01 0.000000e+00
 outer loop
  vertex -1.7460533e-02 1.9264729e-02 7.2000000e-02
  vertex -1.6494225e-02 2.0098272e-02 7.2000000e-02
  vertex -1.6494225e-02 2.0098272e-02 1.4000000e-02
 endloop
endfacet
facet normal -6.531728e-01 7.572088e-01 0.000000e+00
 outer loop
  vertex -1.7460533e-02 1.9264729e-02 1.4000000e-02
  vertex -1.7460533e-02 1.9264729e-02 7.2000000e-02
  vertex -1.6494225e-02 2.0098272e-02 1.4000000e-02
 endloop
endfacet
facet normal -6.895405e-01 7.242471e-01 0.000000e+00
 outer loop
  vertex -1.8384776e-02 1.8384776e-02 7.2000000e-02
  vertex -1.7460533e-02 1.9264729e-02 7.2000000e-02
  vertex -1.7460533e-02 1.9264729e-02 1.4000000e-02
 endloop
endfacet
facet normal -6.895405e-01 7.242471e-01 0.000000e+00
 outer loop
  vertex -1.8384776e-02 1.8384776e-02 1.4000000e-02
  vertex -1.8384776e-02 1.8384776e-02 7.2000000e-02
  vertex -1.7460533e-02 1.9264729e-02 1.4000000e-02
 endloop
endfacet
facet normal -7.242471e-01 6.895405e-01 0.000000e+00
 outer loop
  vertex -1.9264729e-02 1.7460533e-02 7.2000000e-02
  vertex -1.8384776e-02 1.8384776e-02 7.2000000e-02
  vertex -1.8384776e-02 1.8384776e-02 1.4000000e-02
 endloop
endfacet
facet normal -7.242471e-01 6.895405e-01 0.000000e+00
 outer loop
  vertex -1.9264729e-02 1.7460533e-02 1.4000000e-02
  vertex -1.9264729e-02 1.7460533e-02 7.2000000e-02
  vertex -1.8384776e-02 1.8384776e-02 1.4000000e-02
 endloop
endfacet
facet normal -7.572088e-01 6.531728e-01 0.000000e+00
 outer loop
  vertex -2.0098272e-02 1.6494225e-02 7.2000000e-02
  vertex -1.9264729e-02 1.7460533e-02 7.2000000e-02
  vertex -1.9264729e-02 1.7460533e-02 1.4000000e-02
 endloop
endfacet
facet normal -7.572088e-01 6.531728e-01 0.000000e+00
 outer loop
  vertex -2.0098272e-02 1.6494225e-02 1.4000000e-02
  vertex -2.0098272e-02 1.6494225e-02 7.2000000e-02
  vertex -1.9264729e-02 1.7460533e-02 1.4000000e-02
 endloop
endfacet
facet normal -7.883464e-01 6.152316e-01 0.000000e+00
 outer loop
  vertex -2.0883396e-02 1.5488182e-02 7.2000000e-02
  vertex -2.0098272e-02 1.6494225e-02 7.2000000e-02
  vertex -2.0098272e-02 1.6494225e-02 1.4000000e-02
 endloop
endfacet
facet normal -7.883464e-01 6.152316e-01 0.000000e+00
 outer loop
  vertex -2.0883396e-02 1.5488182e-02 1.4000000e-02
  vertex -2.0883396e-02 1.5488182e-02 7.2000000e-02
  vertex -2.0098272e-02 1.6494225e-02 1.4000000e-02
 endloop
endfacet
facet normal -8.175848e-01 5.758082e-01 0.000000e+00
 outer loop
  vertex -2.1618210e-02 1.4444826e-02 7.2000000e-02
  vertex -2.0883396e-02 1.5488182e-02 7.2000000e-02
  vertex -2.0883396e-02 1.5488182e-02 1.4000000e-02
 endloop
endfacet
facet normal -8.175848e-01 5.758082e-01 0.000000e+00
 outer loop
  vertex -2.1618210e-02 1.4444826e-02 1.4000000e-02
  vertex -2.1618210e-02 1.4444826e-02 7.2000000e-02
  vertex -2.0883396e-02 1.5488182e-02 1.4000000e-02
 endloop
endfacet
facet normal -8.448536e-01 5.349976e-01 0.000000e+00
 outer loop
  vertex -2.2300944e-02 1.3366671e-02 7.2000000e-02
  vertex -2.1618210e-02 1.4444826e-02 7.2000000e-02
  vertex -2.1618210e-02 1.4444826e-02 1.4000000e-02
 endloop
endfacet
facet normal -8.448536e-01 5.349976e-01 0.000000e+00
 outer loop
  vertex -2.2300944e-02 1.3366671e-02 1.4000000e-02
  vertex -2.2300944e-02 1.3366671e-02 7.2000000e-02
  vertex -2.1618210e-02 1.4444826e-02 1.4000000e-02
 endloop
endfacet
facet normal -8.700870e-01 4.928982e-01 0.000000e+00
 outer loop
  vertex -2.2929953e-02 1.2256315e-02 7.2000000e-02
  vertex -2.2300944e-02 1.3366671e-02 7.2000000e-02
  vertex -2.2300944e-02 1.3366671e-02 1.4000000e-02
 endloop
endfacet
facet normal -8.700870e-01 4.928982e-01 0.000000e+00
 outer loop
  vertex -2.2929953e-02 1.2256315e-02 1.4000000e-02
  vertex -2.2929953e-02 1.2256315e-02 7.2000000e-02
  vertex -2.2300944e-02 1.3366671e-02 1.4000000e-02
 endloop
endfacet
facet normal -8.932243e-01 4.496113e-01 0.000000e+00
 outer loop
  vertex -2.3503722e-02 1.1116432e-02 7.2000000e-02
  vertex -2.2929953e-02 1.2256315e-02 7.2000000e-02
  vertex -2.2929953e-02 1.2256315e-02 1.4000000e-02
 endloop
endfacet
facet normal -8.932243e-01 4.496113e-01 0.000000e+00
 outer loop
  vertex -2.3503722e-02 1.1116432e-02 1.4000000e-02
  vertex -2.3503722e-02 1.1116432e-02 7.2000000e-02
  vertex -2.2929953e-02 1.2256315e-02 1.4000000e-02
 endloop
endfacet
facet normal -9.142098e-01 4.052413e-01 0.000000e+00
 outer loop
  vertex -2.4020868e-02 9.9497692e-03 7.2000000e-02
  vertex -2.3503722e-02 1.1116432e-02 7.2000000e-02
  vertex -2.3503722e-02 1.1116432e-02 1.4000000e-02
 endloop
endfacet
facet normal -9.142098e-01 4.052413e-01 0.000000e+00
 outer loop
  vertex -2.4020868e-02 9.9497692e-03 1.4000000e-02
  vertex -2.4020868e-02 9.9497692e-03 7.2000000e-02
  vertex -2.3503722e-02 1.1116432e-02 1.4000000e-02
 endloop
endfacet
facet normal -9.329928e-01 3.598950e-01 0.000000e+00
 outer loop
  vertex -2.4480146e-02 8.7591362e-03 7.2000000e-02
  vertex -2.4020868e-02 9.9497692e-03 7.2000000e-02
  vertex -2.4020868e-02 9.9497692e-03 1.4000000e-02
 endloop
endfacet
facet normal -9.329928e-01 3.598950e-01 0.000000e+00
 outer loop
  vertex -2.4480146e-02 8.7591362e-03 1.4000000e-02
  vertex -2.4480146e-02 8.7591362e-03 7.2000000e-02
  vertex -2.4020868e-02 9.9497692e-03 1.4000000e-02
 endloop
endfacet
facet normal -9.495282e-01 3.136817e-01 0.000000e+00
 outer loop
  vertex -2.4880449e-02 7.5474016e-03 7.2000000e-02
  vertex -2.4480146e-02 8.7591362e-03 7.2000000e-02
  vertex -2.4480146e-02 8.7591362e-03 1.4000000e-02
 endloop
endfacet
facet normal -9.495282e-01 3.136817e-01 0.000000e+00
 outer loop
  vertex -2.4880449e-02 7.5474016e-03 1.4000000e-02
  vertex -2.4880449e-02 7.5474016e-03 7.2000000e-02
  vertex -2.4480146e-02 8.7591362e-03 1.4000000e-02
 endloop
endfacet
facet normal -9.637761e-01 2.667128e-01 0.000000e+00
 outer loop
  vertex -2.5220813e-02 6.3174847e-03 7.2000000e-02
  vertex -2.4880449e-02 7.5474016e-03 7.2000000e-02
  vertex -2.4880449e-02 7.5474016e-03 1.4000000e-02
 endloop
endfacet
facet normal -9.637761e-01 2.667128e-01 0.000000e+00
 outer loop
  vertex -2.5220813e-02 6.3174847e-03 1.4000000e-02
  vertex -2.5220813e-02 6.3174847e-03 7.2000000e-02
  vertex -2.4880449e-02 7.5474016e-03 1.4000000e-02
 endloop
endfacet
facet normal -9.757021e-01 2.191012e-01 0.000000e+00
 outer loop
  vertex -2.5500417e-02 5.0723484e-03 7.2000000e-02
  vertex -2.5220813e-02 6.3174847e-03 7.2000000e-02
  vertex -2.5220813e-02 6.3174847e-03 1.4000000e-02
 endloop
endfacet
facet normal -9.757021e-01 2.191012e-01 0.000000e+00
 outer loop
  vertex -2.5500417e-02 5.0723484e-03 1.4000000e-02
  vertex -2.5500417e-02 5.0723484e-03 7.2000000e-02
  vertex -2.5220813e-02 6.3174847e-03 1.4000000e-02
 endloop
endfacet
facet normal -9.852776e-01 1.709619e-01 0.000000e+00
 outer loop
  vertex -2.5718589e-02 3.8149923e-03 7.2000000e-02
  vertex -2.5500417e-02 5.0723484e-03 7.2000000e-02
  vertex -2.5500417e-02 5.0723484e-03 1.4000000e-02
 endloop
endfacet
facet normal -9.852776e-01 1.709619e-01 0.000000e+00
 outer loop
  vertex -2.5718589e-02 3.8149923e-03 1.4000000e-02
  vertex -2.5718589e-02 3.8149923e-03 7.2000000e-02
  vertex -2.5500417e-02 5.0723484e-03 1.4000000e-02
 endloop
endfacet
facet normal -9.924795e-01 1.224107e-01 0.000000e+00
 outer loop
  vertex -2.5874803e-02 2.5484456e-03 7.2000000e-02
  vertex -2.5718589e-02 3.8149923e-03 7.2000000e-02
  vertex -2.5718589e-02 3.8149923e-03 1.4000000e-02
 endloop
endfacet
facet normal -9.924795e-01 1.224107e-01 0.000000e+00
 outer loop
  vertex -2.5874803e-02 2.5484456e-03 1.4000000e-02
  vertex -2.5874803e-02 2.5484456e-03 7.2000000e-02
  vertex -2.5718589e-02 3.8149923e-03 1.4000000e-02
 endloop
endfacet
facet normal -9.972905e-01 7.356456e-02 0.000000e+00
 outer loop
  vertex -2.5968682e-02 1.2757595e-03 7.2000000e-02
  vertex -2.5874803e-02 2.5484456e-03 7.2000000e-02
  vertex -2.5874803e-02 2.5484456e-03 1.4000000e-02
 endloop
endfacet
facet normal -9.972905e-01 7.356456e-02 0.000000e+00
 outer loop
  vertex -2.5968682e-02 1.2757595e-03 1.4000000e-02
  vertex -2.5968682e-02 1.2757595e-03 7.2000000e-02
  vertex -2.5874803e-02 2.5484456e-03 1.4000000e-02
 endloop
endfacet
facet normal -9.996988e-01 2.454123e-02 0.000000e+00
 outer loop
  vertex -2.6000000e-02 3.1840817e-18 7.2000000e-02
  vertex -2.5968682e-02 1.2757595e-03 7.2000000e-02
  vertex -2.5968682e-02 1.2757595e-03 1.4000000e-02
 endloop
endfacet
facet normal -9.996988e-01 2.454123e-02 0.000000e+00
 outer loop
  vertex -2.6000000e-02 3.1840817e-18 1.4000000e-02
  vertex -2.6000000e-02 3.1840817e-18 7.2000000e-02
  vertex -2.5968682e-02 1.2757595e-03 1.4000000e-02
 endloop
endfacet
facet normal -9.996988e-01 -2.454123e-02 0.000000e+00
 outer loop
  vertex -2.5968682e-02 -1.2757595e-03 7.2000000e-02
  vertex -2.6000000e-02 3.1840817e-18 7.2000000e-02
  vertex -2.6000000e-02 3.1840817e-18 1.4000000e-02
 endloop
endfacet
facet normal -9.996988e-01 -2.454123e-02 0.000000e+00
 outer loop
  vertex -2.5968682e-02 -1.2757595e-03 1.4000000e-02
  vertex -2.5968682e-02 -1.2757595e-03 7.2000000e-02
  vertex -2.6000000e-02 3.1840817e-18 1.4000000e-02
 endloop
endfacet
facet normal -9.972905e-01 -7.356456e-02 0.000000e+00
 outer loop
  vertex -2.5874803e-02 -2.5484456e-03 7.2000000e-02
  vertex -2.5968682e-02 -1.2757595e-03 7.2000000e-02
  vertex -2.5968682e-02 -1.2757595e-03 1.4000000e-02
 endloop
endfacet
facet normal -9.972905e-01 -7.356456e-02 0.000000e+00
 outer loop
  vertex -2.5874803e-02 -2.5484456e-03 1.4000000e-02
  vertex -2.5874803e-02 -2.5484456e-03 7.2000000e-02
  vertex -2.5968682e-02 -1.2757595e-03 1.4000000e-02
 endloop
endfacet
facet normal -9.924795e-01 -1.224107e-01 0.000000e+00
 outer loop
  vertex -2.5718589e-02 -3.8149923e-03 7.2000000e-02
  vertex -2.5874803e-02 -2.5484456e-03 7.2000000e-02
  vertex -2.5874803e-02 -2.5484456e-03 1.4000000e-02
 endloop
endfacet
facet normal -9.924795e-01 -1.224107e-01 0.000000e+00
 outer loop
  vertex -2.5718589e-02 -3.8149923e-03 1.4000000e-02
  vertex -2.5718589e-02 -3.8149923e-03 7.2000000e-02
  vertex -2.5874803e-02 -2.5484456e-03 1.4000000e-02
 endloop
endfacet
facet normal -9.852776e-01 -1.709619e-01 0.000000e+00
 outer loop
  vertex -2.5500417e-02 -5.0723484e-03 7.2000000e-02
  vertex -2.5718589e-02 -3.8149923e-03 7.2000000e-02
  vertex -2.5718589e-02 -3.8149923e-03 1.4000000e-02
 endloop
endfacet
facet normal -9.852776e-01 -1.709619e-01 0.000000e+00
 outer loop
  vertex -2.5500417e-02 -5.0723484e-03 1.4000000e-02
  vertex -2.5500417e-02 -5.0723484e-03 7.2000000e-02
  vertex -2.5718589e-02 -3.8149923e-03 1.4000000e-02
 endloop
endfacet
facet normal -9.757021e-01 -2.191012e-01 0.000000e+00
 outer loop
  vertex -2.5220813e-02 -6.3174847e-03 7.2000000e-02
  vertex -2.5500417e-02 -5.0723484e-03 7.2000000e-02
  vertex -2.5500417e-02 -5.0723484e-03 1.4000000e-02
 endloop
endfacet
facet normal -9.757021e-01 -2.191012e-01 0.000000e+00
 outer loop
  vertex -2.5220813e-02 -6.3174847e-03 1.4000000e-02
  vertex -2.5220813e-02 -6.3174847e-03 7.2000000e-02
  vertex -2.5500417e-02 -5.0723484e-03 1.4000000e-02
 endloop
endfacet
facet normal -9.637761e-01 -2.667128e-01 0.000000e+00
 outer loop
  vertex -2.4880449e-02 -7.5474016e-03 7.2000000e-02
  vertex -2.5220813e-02 -6.3174847e-03 7.2000000e-02
  vertex -2.5220813e-02 -6.3174847e-03 1.4000000e-02
 endloop
endfacet
facet normal -9.637761e-01 -2.667128e-01 0.000000e+00
 outer loop
  vertex -2.4880449e-02 -7.5474016e-03 1.4000000e-02
  vertex -2.4880449e-02 -7.5474016e-03 7.2000000e-02
  vertex -2.5220813e-02 -6.3174847e-03 1.4000000e-02
 endloop
endfacet
facet normal -9.495282e-01 -3.136817e-01 0.000000e+00
 outer loop
  vertex -2.4480146e-02 -8.7591362e-03 7.2000000e-02
  vertex -2.4880449e-02 -7.5474016e-03 7.2000000e-02
  vertex -2.4880449e-02 -7.5474016e-03 1.4000000e-02
 endloop
endfacet
facet normal -9.495282e-01 -3.136817e-01 0.000000e+00
 outer loop
  vertex -2.4480146e-02 -8.7591362e-03 1.4000000e-02
  vertex -2.4480146e-02 -8.7591362e-03 7.2000000e-02
  vertex -2.4880449e-02 -7.5474016e-03 1.4000000e-02
 endloop
endfacet
facet normal -9.329928e-01 -3.598950e-01 0.000000e+00
 outer loop
  vertex -2.4020868e-02 -9.9497692e-03 7.2000000e-02
  vertex -2.4480146e-02 -8.7591362e-03 7.2000000e-02
  vertex -2.4480146e-02 -8.7591362e-03 1.4000000e-02
 endloop
endfacet
facet normal -9.329928e-01 -3.598950e-01 0.000000e+00
 outer loop
  vertex -2.4020868e-02 -9.9497692e-03 1.4000000e-02
  vertex -2.4020868e-02 -9.9497692e-03 7.2000000e-02
  vertex -2.4480146e-02 -8.7591362e-03 1.4000000e-02
 endloop
endfacet
facet normal -9.142098e-01 -4.052413e-01 0.000000e+00
 outer loop
  vertex -2.3503722e-02 -1.1116432e-02 7.2000000e-02
  vertex -2.4020868e-02 -9.9497692e-03 7.2000000e-02
  vertex -2.4020868e-02 -9.9497692e-03 1.4000000e-02
 endloop
endfacet
facet normal -9.142098e-01 -4.052413e-01 0.000000e+00
 outer loop
  vertex -2.3503722e-02 -1.1116432e-02 1.4000000e-02
  vertex -2.3503722e-02 -1.1116432e-02 7.2000000e-02
  vertex -2.4020868e-02 -9.9497692e-03 1.4000000e-02
 endloop
endfacet
facet normal -8.932243e-01 -4.496113e-01 0.000000e+00
 outer loop
  vertex -2.2929953e-02 -1.2256315e-02 7.2000000e-02
  vertex -2.3503722e-02 -1.1116432e-02 7.2000000e-02
  vertex -2.3503722e-02 -1.1116432e-02 1.4000000e-02
 endloop
endfacet
facet normal -8.932243e-01 -4.496113e-01 0.000000e+00
 outer loop
  vertex -2.2929953e-02 -1.2256315e-02 1.4000000e-02
  vertex -2.2929953e-02 -1.2256315e-02 7.2000000e-02
  vertex -2.3503722e-02 -1.1116432e-02 1.4000000e-02
 endloop
endfacet
facet normal -8.700870e-01 -4.928982e-01 0.000000e+00
 outer loop
  vertex -2.2300944e-02 -1.3366671e-02 7.2000000e-02
  vertex -2.2929953e-02 -1.2256315e-02 7.2000000e-02
  vertex -2.2929953e-02 -1.2256315e-02 1.4000000e-02
 endloop
endfacet
facet normal -8.700870e-01 -4.928982e-01 0.000000e+00
 outer loop
  vertex -2.2300944e-02 -1.3366671e-02 1.4000000e-02
  vertex -2.2300944e-02 -1.3366671e-02 7.2000000e-02
  vertex -2.2929953e-02 -1.2256315e-02 1.4000000e-02
 endloop
endfacet
facet normal -8.448536e-01 -5.349976e-01 0.000000e+00
 outer loop
  vertex -2.1618210e-02 -1.4444826e-02 7.2000000e-02
  vertex -2.2300944e-02 -1.3366671e-02 7.2000000e-02
  vertex -2.2300944e-02 -1.3366671e-02 1.4000000e-02
 endloop
endfacet
facet normal -8.448536e-01 -5.349976e-01 0.000000e+00
 outer loop
  vertex -2.1618210e-02 -1.4444826e-02 1.4000000e-02
  vertex -2.1618210e-02 -1.4444826e-02 7.2000000e-02
  vertex -2.2300944e-02 -1.3366671e-02 1.4000000e-02
 endloop
endfacet
facet normal -8.175848e-01 -5.758082e-01 0.000000e+00
 outer loop
  vertex -2.0883396e-02 -1.5488182e-02 7.2000000e-02
  vertex -2.1618210e-02 -1.4444826e-02 7.2000000e-02
  vertex -2.1618210e-02 -1.4444826e-02 1.4000000e-02
 endloop
endfacet
facet normal -8.175848e-01 -5.758082e-01 0.000000e+00
 outer loop
  vertex -2.0883396e-02 -1.5488182e-02 1.4000000e-02
  vertex -2.0883396e-02 -1.5488182e-02 7.2000000e-02
  vertex -2.1618210e-02 -1.4444826e-02 1.4000000e-02
 endloop
endfacet
facet normal -7.883464e-01 -6.152316e-01 0.000000e+00
 outer loop
  vertex -2.0098272e-02 -1.6494225e-02 7.2000000e-02
  vertex -2.0883396e-02 -1.5488182e-02 7.2000000e-02
  vertex -2.0883396e-02 -1.5488182e-02 1.4000000e-02
 endloop
endfacet
facet normal -7.883464e-01 -6.152316e-01 0.000000e+00
 outer loop
  vertex -2.0098272e-02 -1.6494225e-02 1.4000000e-02
  vertex -2.0098272e-02 -1.6494225e-02 7.2000000e-02
  vertex -2.0883396e-02 -1.5488182e-02 1.4000000e-02
 endloop
endfacet
facet normal -7.572088e-01 -6.531728e-01 0.000000e+00
 outer loop
  vertex -1.9264729e-02 -1.7460533e-02 7.2000000e-02
  vertex -2.0098272e-02 -1.6494225e-02 7.2000000e-02
  vertex -2.0098272e-02 -1.6494225e-02 1.4000000e-02
 endloop
endfacet
facet normal -7.572088e-01 -6.531728e-01 0.000000e+00
 outer loop
  vertex -1.9264729e-02 -1.7460533e-02 1.4000000e-02
  vertex -1.9264729e-02 -1.7460533e-02 7.2000000e-02
  vertex -2.0098272e-02 -1.6494225e-02 1.4000000e-02
 endloop
endfacet
facet normal -7.242471e-01 -6.895405e-01 0.000000e+00
 outer loop
  vertex -1.8384776e-02 -1.8384776e-02 7.2000000e-02
  vertex -1.9264729e-02 -1.7460533e-02 7.2000000e-02
  vertex -1.9264729e-02 -1.7460533e-02 1.4000000e-02
 endloop
endfacet
facet normal -7.242471e-01 -6.895405e-01 0.000000e+00
 outer loop
  vertex -1.8384776e-02 -1.8384776e-02 1.4000000e-02
  vertex -1.8384776e-02 -1.8384776e-02 7.2000000e-02
  vertex -1.9264729e-02 -1.7460533e-02 1.4000000e-02
 endloop
endfacet
facet normal -6.895405e-01 -7.242471e-01 0.000000e+00
 outer loop
  vertex -1.7460533e-02 -1.9264729e-02 7.2000000e-02
  vertex -1.8384776e-02 -1.8384776e-02 7.2000000e-02
  vertex -1.8384776e-02 -1.8384776e-02 1.4000000e-02
 endloop
endfacet
facet normal -6.895405e-01 -7.242471e-01 0.000000e+00
 outer loop
  vertex -1.7460533e-02 -1.9264729e-02 1.4000000e-02
  vertex -1.7460533e-02 -1.9264729e-02 7.2000000e-02
  vertex -1.8384776e-02 -1.8384776e-02 1.4000000e-02
 endloop
endfacet
facet normal -6.531728e-01 -7.572088e-01 0.000000e+00
 outer loop
  vertex -1.6494225e-02 -2.0098272e-02 7.2000000e-02
  vertex -1.7460533e-02 -1.9264729e-02 7.2000000e-02
  vertex -1.7460533e-02 -1.9264729e-02 1.4000000e-02
 endloop
endfacet
facet normal -6.531728e-01 -7.572088e-01 0.000000e+00
 outer loop
  vertex -1.6494225e-02 -2.0098272e-02 1.4000000e-02
  vertex -1.6494225e-02 -2.0098272e-02 7.2000000e-02
  vertex -1.7460533e-02 -1.9264729e-02 1.4000000e-02
 endloop
endfacet
facet normal -6.152316e-01 -7.883464e-01 0.000000e+00
 outer loop
  vertex -1.5488182e-02 -2.0883396e-02 7.2000000e-02
  vertex -1.6494225e-02 -2.0098272e-02 7.2000000e-02
  vertex -1.6494225e-02 -2.0098272e-02 1.4000000e-02
 endloop
endfacet
facet normal -6.152316e-01 -7.883464e-01 0.000000e+00
 outer loop
  vertex -1.5488182e-02 -2.0883396e-02 1.4000000e-02
  vertex -1.5488182e-02 -2.0883396e-02 7.2000000e-02
  vertex -1.6494225e-02 -2.0098272e-02 1.4000000e-02
 endloop
endfacet
facet normal -5.758082e-01 -8.175848e-01 0.000000e+00
 outer loop
  vertex -1.4444826e-02 -2.1618210e-02 7.2000000e-02
  vertex -1.5488182e-02 -2.0883396e-02 7.2000000e-02
  vertex -1.5488182e-02 -2.0883396e-02 1.4000000e-02
 endloop
endfacet
facet normal -5.758082e-01 -8.175848e-01 0.000000e+00
 outer loop
  vertex -1.4444826e-02 -2.1618210e-02 1.4000000e-02
  vertex -1.4444826e-02 -2.1618210e-02 7.2000000e-02
  vertex -1.5488182e-02 -2.0883396e-02 1.4000000e-02
 endloop
endfacet
facet normal -5.349976e-01 -8.448536e-01 0.000000e+00
 outer loop
  vertex -1.3366671e-02 -2.2300944e-02 7.2000000e-02
  vertex -1.4444826e-02 -2.1618210e-02 7.2000000e-02
  vertex -1.4444826e-02 -2.1618210e-02 1.4000000e-02
 endloop
endfacet
facet normal -5.349976e-01 -8.448536e-01 0.000000e+00
 outer loop
  vertex -1.3366671e-02 -2.2300944e-02 1.4000000e-02
  vertex -1.3366671e-02 -2.2300944e-02 7.2000000e-02
  vertex -1.4444826e-02 -2.1618210e-02 1.4000000e-02
 endloop
endfacet
facet normal -4.928982e-01 -8.700870e-01 0.000000e+00
 outer loop
  vertex -1.2256315e-02 -2.2929953e-02 7.2000000e-02
  vertex -1.3366671e-02 -2.2300944e-02 7.2000000e-02
  vertex -1.3366671e-02 -2.2300944e-02 1.4000000e-02
 endloop
endfacet
facet normal -4.928982e-01 -8.700870e-01 0.000000e+00
 outer loop
  vertex -1.2256315e-02 -2.2929953e-02 1.4000000e-02
  vertex -1.2256315e-02 -2.2929953e-02 7.2000000e-02
  vertex -1.3366671e-02 -2.2300944e-02 1.4000000e-02
 endloop
endfacet
facet normal -4.496113e-01 -8.932243e-01 0.000000e+00
 outer loop
  vertex -1.1116432e-02 -2.3503722e-02 7.2000000e-02
  vertex -1.2256315e-02 -2.2929953e-02 7.2000000e-02
  vertex -1.2256315e-02 -2.2929953e-02 1.4000000e-02
 endloop
endfacet
facet normal -4.496113e-01 -8.932243e-01 0.000000e+00
 outer loop
  vertex -1.1116432e-02 -2.3503722e-02 1.4000000e-02
  vertex -1.1116432e-02 -2.3503722e-02 7.2000000e-02
  vertex -1.2256315e-02 -2.2929953e-02 1.4000000e-02
 endloop
endfacet
facet normal -4.052413e-01 -9.142098e-01 0.000000e+00
 outer loop
  vertex -9.9497692e-03 -2.4020868e-02 7.2000000e-02
  vertex -1.1116432e-02 -2.3503722e-02 7.2000000e-02
  vertex -1.1116432e-02 -2.3503722e-02 1.4000000e-02
 endloop
endfacet
facet normal -4.052413e-01 -9.142098e-01 0.000000e+00
 outer loop
  vertex -9.9497692e-03 -2.4020868e-02 1.4000000e-02
  vertex -9.9497692e-03 -2.4020868e-02 7.2000000e-02
  vertex -1.1116432e-02 -2.3503722e-02 1.4000000e-02
 endloop
endfacet
facet normal -3.598950e-01 -9.329928e-01 0.000000e+00
 outer loop
  vertex -8.7591362e-03 -2.4480146e-02 7.2000000e-02
  vertex -9.9497692e-03 -2.4020868e-02 7.2000000e-02
  vertex -9.9497692e-03 -2.4020868e-02 1.4000000e-02
 endloop
endfacet
facet normal -3.598950e-01 -9.329928e-01 0.000000e+00
 outer loop
  vertex -8.7591362e-03 -2.4480146e-02 1.4000000e-02
  vertex -8.7591362e-03 -2.4480146e-02 7.2000000e-02
  vertex -9.9497692e-03 -2.4020868e-02 1.4000000e-02
 endloop
endfacet
facet normal -3.136817e-01 -9.495282e-01 0.000000e+00
 outer loop
  vertex -7.5474016e-03 -2.4880449e-02 7.2000000e-02
  vertex -8.7591362e-03 -2.4480146e-02 7.2000000e-02
  vertex -8.7591362e-03 -2.4480146e-02 1.4000000e-02
 endloop
endfacet
facet normal -3.136817e-01 -9.495282e-01 0.000000e+00
 outer loop
  vertex -7.5474016e-03 -2.4880449e-02 1.4000000e-02
  vertex -7.5474016e-03 -2.4880449e-02 7.2000000e-02
  vertex -8.7591362e-03 -2.4480146e-02 1.4000000e-02
 endloop
endfacet
facet normal -2.667128e-01 -9.637761e-01 0.000000e+00
 outer loop
  vertex -6.3174847e-03 -2.5220813e-02 7.2000000e-02
  vertex -7.5474016e-03 -2.4880449e-02 7.2000000e-02
  vertex -7.5474016e-03 -2.4880449e-02 1.4000000e-02
 endloop
endfacet
facet normal -2.667128e-01 -9.637761e-01 0.000000e+00
 outer loop
  vertex -6.3174847e-03 -2.5220813e-02 1.4000000e-02
  vertex -6.3174847e-03 -2.5220813e-02 7.2000000e-02
  vertex -7.5474016e-03 -2.4880449e-02 1.4000000e-02
 endloop
endfacet
facet normal -2.191012e-01 -9.757021e-01 0.000000e+00
 outer loop
  vertex -5.0723484e-03 -2.5500417e-02 7.2000000e-02
  vertex -6.3174847e-03 -2.5220813e-02 7.2000000e-02
  vertex -6.3174847e-03 -2.5220813e-02 1.4000000e-02
 endloop
endfacet
facet normal -2.191012e-01 -9.757021e-01 0.000000e+00
 outer loop
  vertex -5.0723484e-03 -2.5500417e-02 1.4000000e-02
  vertex -5.0723484e-03 -2.5500417e-02 7.2000000e-02
  vertex -6.3174847e-03 -2.5220813e-02 1.4000000e-02
 endloop
endfacet
facet normal -1.709619e-01 -9.852776e-01 0.000000e+00
 outer loop
  vertex -3.8149923e-03 -2.5718589e-02 7.2000000e-02
  vertex -5.0723484e-03 -2.5500417e-02 7.2000000e-02
  vertex -5.0723484e-03 -2.5500417e-02 1.4000000e-02
 endloop
endfacet
facet normal -1.709619e-01 -9.852776e-01 0.000000e+00
 outer loop
  vertex -3.8149923e-03 -2.5718589e-02 1.4000000e-02
  vertex -3.8149923e-03 -2.5718589e-02 7.2000000e-02
  vertex -5.0723484e-03 -2.5500417e-02 1.4000000e-02
 endloop
endfacet
facet normal -1.224107e-01 -9.924795e-01 0.000000e+00
 outer loop
  vertex -2.5484456e-03 -2.5874803e-02 7.2000000e-02
  vertex -3.8149923e-03 -2.5718589e-02 7.2000000e-02
  vertex -3.8149923e-03 -2.5718589e-02 1.4000000e-02
 endloop
endfacet
facet normal -1.224107e-01 -9.924795e-01 0.000000e+00
 outer loop
  vertex -2.5484456e-03 -2.5874803e-02 1.4000000e-02
  vertex -2.5484456e-03 -2.5874803e-02 7.2000000e-02
  vertex -3.8149923e-03 -2.5718589e-02 1.4000000e-02
 endloop
endfacet
facet normal -7.356456e-02 -9.972905e-01 0.000000e+00
 outer loop
  vertex -1.2757595e-03 -2.5968682e-02 7.2000000e-02
  vertex -2.5484456e-03 -2.5874803e-02 7.2000000e-02
  vertex -2.5484456e-03 -2.5874803e-02 1.4000000e-02
 endloop
endfacet
facet normal -7.356456e-02 -9.972905e-01 0.000000e+00
 outer loop
  vertex -1.2757595e-03 -2.5968682e-02 1.4000000e-02
  vertex -1.2757595e-03 -2.5968682e-02 7.2000000e-02
  vertex -2.5484456e-03 -2.5874803e-02 1.4000000e-02
 endloop
endfacet
facet normal -2.454123e-02 -9.996988e-01 0.000000e+00
 outer loop
  vertex -4.7761225e-18 -2.6000000e-02 7.2000000e-02
  vertex -1.2757595e-03 -2.5968682e-02 7.2000000e-02
  vertex -1.2757595e-03 -2.5968682e-02 1.4000000e-02
 endloop
endfacet
facet normal -2.454123e-02 -9.996988e-01 0.000000e+00
 outer loop
  vertex -4.7761225e-18 -2.6000000e-02 1.4000000e-02
  vertex -4.7761225e-18 -2.6000000e-02 7.2000000e-02
  vertex -1.2757595e-03 -2.5968682e-02 1.4000000e-02
 endloop
endfacet
facet normal 2.454123e-02 -9.996988e-01 0.000000e+00
 outer loop
  vertex 1.2757595e-03 -2.5968682e-02 7.2000000e-02
  vertex -4.7761225e-18 -2.6000000e-02 7.2000000e-02
  vertex -4.7761225e-18 -2.6000000e-02 1.4000000e-02
 endloop
endfacet
facet normal 2.454123e-02 -9.996988e-01 0.000000e+00
 outer loop
  vertex 1.2757595e-03 -2.5968682e-02 1.4000000e-02
  vertex 1.2757595e-03 -2.5968682e-02 7.2000000e-02
  vertex -4.7761225e-18 -2.6000000e-02 1.4000000e-02
 endloop
endfacet
facet normal 7.356456e-02 -9.972905e-01 0.000000e+00
 outer loop
  vertex 2.5484456e-03 -2.5874803e-02 7.2000000e-02
  vertex 1.2757595e-03 -2.5968682e-02 7.2000000e-02
  vertex 1.2757595e-03 -2.5968682e-02 1.4000000e-02
 endloop
endfacet
facet normal 7.356456e-02 -9.972905e-01 0.000000e+00
 outer loop
  vertex 2.5484456e-03 -2.5874803e-02 1.4000000e-02
  vertex 2.5484456e-03 -2.5874803e-02 7.2000000e-02
  vertex 1.2757595e-03 -2.5968682e-02 1.4000000e-02
 endloop
endfacet
facet normal 1.224107e-01 -9.924795e-01 0.000000e+00
 outer loop
  vertex 3.8149923e-03 -2.5718589e-02 7.2000000e-02
  vertex 2.5484456e-03 -2.5874803e-02 7.2000000e-02
  vertex 2.5484456e-03 -2.5874803e-02 1.4000000e-02
 endloop
endfacet
facet normal 1.224107e-01 -9.924795e-01 0.000000e+00
 outer loop
  vertex 3.8149923e-03 -2.5718589e-02 1.4000000e-02
  vertex 3.8149923e-03 -2.5718589e-02 7.2000000e-02
  vertex 2.5484456e-03 -2.5874803e-02 1.4000000e-02
 endloop
endfacet
facet normal 1.709619e-01 -9.852776e-01 0.000000e+00
 outer loop
  vertex 5.0723484e-03 -2.5500417e-02 7.2000000e-02
  vertex 3.8149923e-03 -2.5718589e-02 7.2000000e-02
  vertex 3.8149923e-03 -2.5718589e-02 1.4000000e-02
 endloop
endfacet
facet normal 1.709619e-01 -9.852776e-01 0.000000e+00
 outer loop
  vertex 5.0723484e-03 -2.5500417e-02 1.4000000e-02
  vertex 5.0723484e-03 -2.5500417e-02 7.2000000e-02
  vertex 3.8149923e-03 -2.5718589e-02 1.4000000e-02
 endloop
endfacet
facet normal 2.191012e-01 -9.757021e-01 0.000000e+00
 outer loop
  vertex 6.3174847e-03 -2.5220813e-02 7.2000000e-02
  vertex 5.0723484e-03 -2.5500417e-02 7.2000000e-02
  vertex 5.0723484e-03 -2.5500417e-02 1.4000000e-02
 endloop
endfacet
facet normal 2.191012e-01 -9.757021e-01 0.000000e+00
 outer loop
  vertex 6.3174847e-03 -2.5220813e-02 1.4000000e-02
  vertex 6.3174847e-03 -2.5220813e-02 7.2000000e-02
  vertex 5.0723484e-03 -2.5500417e-02 1.4000000e-02
 endloop
endfacet
facet normal 2.667128e-01 -9.637761e-01 0.000000e+00
 outer loop
  vertex 7.5474016e-03 -2.4880449e-02 7.2000000e-02
  vertex 6.3174847e-03 -2.5220813e-02 7.2000000e-02
  vertex 6.3174847e-03 -2.5220813e-02 1.4000000e-02
 endloop
endfacet
facet normal 2.667128e-01 -9.637761e-01 0.000000e+00
 outer loop
  vertex 7.5474016e-03 -2.4880449e-02 1.4000000e-02
  vertex 7.5474016e-03 -2.4880449e-02 7.2000000e-02
  vertex 6.3174847e-03 -2.5220813e-02 1.4000000e-02
 endloop
endfacet
facet normal 3.136817e-01 -9.495282e-01 0.000000e+00
 outer loop
  vertex 8.7591362e-03 -2.4480146e-02 7.2000000e-02
  vertex 7.5474016e-03 -2.4880449e-02 7.2000000e-02
  vertex 7.5474016e-03 -2.4880449e-02 1.4000000e-02
 endloop
endfacet
facet normal 3.136817e-01 -9.495282e-01 0.000000e+00
 outer loop
  vertex 8.7591362e-03 -2.4480146e-02 1.4000000e-02
  vertex 8.7591362e-03 -2.4480146e-02 7.2000000e-02
  vertex 7.5474016e-03 -2.4880449e-02 1.4000000e-02
 endloop
endfacet
facet normal 3.598950e-01 -9.329928e-01 0.000000e+00
 outer loop
  vertex 9.9497692e-03 -2.4020868e-02 7.2000000e-02
  vertex 8.7591362e-03 -2.4480146e-02 7.2000000e-02
  vertex 8.7591362e-03 -2.4480146e-02 1.4000000e-02
 endloop
endfacet
facet normal 3.598950e-01 -9.329928e-01 0.000000e+00
 outer loop
  vertex 9.9497692e-03 -2.4020868e-02 1.4000000e-02
  vertex 9.9497692e-03 -2.4020868e-02 7.2000000e-02
  vertex 8.7591362e-03 -2.4480146e-02 1.4000000e-02
 endloop
endfacet
facet normal 4.052413e-01 -9.142098e-01 0.000000e+00
 outer loop
  vertex 1.1116432e-02 -2.3503722e-02 7.2000000e-02
  vertex 9.9497692e-03 -2.4020868e-02 7.2000000e-02
  vertex 9.9497692e-03 -2.4020868e-02 1.4000000e-02
 endloop
endfacet
facet normal 4.052413e-01 -9.142098e-01 0.000000e+00
 outer loop
  vertex 1.1116432e-02 -2.3503722e-02 1.4000000e-02
  vertex 1.1116432e-02 -2.3503722e-02 7.2000000e-02
  vertex 9.9497692e-03 -2.4020868e-02 1.4000000e-02
 endloop
endfacet
facet normal 4.496113e-01 -8.932243e-01 0.000000e+00
 outer loop
  vertex 1.2256315e-02 -2.2929953e-02 7.2000000e-02
  vertex 1.1116432e-02 -2.3503722e-02 7.2000000e-02
  vertex 1.1116432e-02 -2.3503722e-02 1.4000000e-02
 endloop
endfacet
facet normal 4.496113e-01 -8.932243e-01 0.000000e+00
 outer loop
  vertex 1.2256315e-02 -2.2929953e-02 1.4000000e-02
  vertex 1.2256315e-02 -2.2929953e-02 7.2000000e-02
  vertex 1.1116432e-02 -2.3503722e-02 1.4000000e-02
 endloop
endfacet
facet normal 4.928982e-01 -8.700870e-01 0.000000e+00
 outer loop
  vertex 1.3366671e-02 -2.2300944e-02 7.2000000e-02
  vertex 1.2256315e-02 -2.2929953e-02 7.2000000e-02
  vertex 1.2256315e-02 -2.2929953e-02 1.4000000e-02
 endloop
endfacet
facet normal 4.928982e-01 -8.700870e-01 0.000000e+00
 outer loop
  vertex 1.3366671e-02 -2.2300944e-02 1.4000000e-02
  vertex 1.3366671e-02 -2.2300944e-02 7.2000000e-02
  vertex 1.2256315e-02 -2.2929953e-02 1.4000000e-02
 endloop
endfacet
facet normal 5.349976e-01 -8.448536e-01 0.000000e+00
 outer loop
  vertex 1.4444826e-02 -2.1618210e-02 7.2000000e-02
  vertex 1.3366671e-02 -2.2300944e-02 7.2000000e-02
  vertex 1.3366671e-02 -2.2300944e-02 1.4000000e-02
 endloop
endfacet
facet normal 5.349976e-01 -8.448536e-01 0.000000e+00
 outer loop
  vertex 1.4444826e-02 -2.1618210e-02 1.4000000e-02
  vertex 1.4444826e-02 -2.1618210e-02 7.2000000e-02
  vertex 1.3366671e-02 -2.2300944e-02 1.4000000e-02
 endloop
endfacet
facet normal 5.758082e-01 -8.175848e-01 0.000000e+00
 outer loop
  vertex 1.5488182e-02 -2.0883396e-02 7.2000000e-02
  vertex 1.4444826e-02 -2.1618210e-02 7.2000000e-02
  vertex 1.4444826e-02 -2.1618210e-02 1.4000000e-02
 endloop
endfacet
facet normal 5.758082e-01 -8.175848e-01 0.000000e+00
 outer loop
  vertex 1.5488182e-02 -2.0883396e-02 1.4000000e-02
  vertex 1.5488182e-02 -2.0883396e-02 7.2000000e-02
  vertex 1.4444826e-02 -2.1618210e-02 1.4000000e-02
 endloop
endfacet
facet normal 6.152316e-01 -7.883464e-01 0.000000e+00
 outer loop
  vertex 1.6494225e-02 -2.0098272e-02 7.2000000e-02
  vertex 1.5488182e-02 -2.0883396e-02 7.2000000e-02
  vertex 1.5488182e-02 -2.0883396e-02 1.4000000e-02
 endloop
endfacet
facet normal 6.152316e-01 -7.883464e-01 0.000000e+00
 outer loop
  vertex 1.6494225e-02 -2.0098272e-02 1.4000000e-02
  vertex 1.6494225e-02 -2.0098272e-02 7.2000000e-02
  vertex 1.5488182e-02 -2.0883396e-02 1.4000000e-02
 endloop
endfacet
facet normal 6.531728e-01 -7.572088e-01 0.000000e+00
 outer loop
  vertex 1.7460533e-02 -1.9264729e-02 7.2000000e-02
  vertex 1.6494225e-02 -2.0098272e-02 7.2000000e-02
  vertex 1.6494225e-02 -2.0098272e-02 1.4000000e-02
 endloop
endfacet
facet normal 6.531728e-01 -7.572088e-01 0.000000e+00
 outer loop
  vertex 1.7460533e-02 -1.9264729e-02 1.4000000e-02
  vertex 1.7460533e-02 -1.9264729e-02 7.2000000e-02
  vertex 1.6494225e-02 -2.0098272e-02 1.4000000e-02
 endloop
endfacet
facet normal 6.895405e-01 -7.242471e-01 0.000000e+00
 outer loop
  vertex 1.8384776e-02 -1.8384776e-02 7.2000000e-02
  vertex 1.7460533e-02 -1.9264729e-02 7.2000000e-02
  vertex 1.7460533e-02 -1.9264729e-02 1.4000000e-02
 endloop
endfacet
facet normal 6.895405e-01 -7.242471e-01 0.000000e+00
 outer loop
  vertex 1.8384776e-02 -1.8384776e-02 1.4000000e-02
  vertex 1.8384776e-02 -1.8384776e-02 7.2000000e-02
  vertex 1.7460533e-02 -1.9264729e-02 1.4000000e-02
 endloop
endfacet
facet normal 7.242471e-01 -6.895405e-01 0.000000e+00
 outer loop
  vertex 1.9264729e-02 -1.7460533e-02 7.2000000e-02
  vertex 1.8384776e-02 -1.8384776e-02 7.2000000e-02
  vertex 1.8384776e-02 -1.8384776e-02 1.4000000e-02
 endloop
endfacet
facet normal 7.242471e-01 -6.895405e-01 0.000000e+00
 outer loop
  vertex 1.9264729e-02 -1.7460533e-02 1.4000000e-02
  vertex 1.9264729e-02 -1.7460533e-02 7.2000000e-02
  vertex 1.8384776e-02 -1.8384776e-02 1.4000000e-02
 endloop
endfacet
facet normal 7.572088e-01 -6.531728e-01 0.000000e+00
 outer loop
  vertex 2.0098272e-02 -1.6494225e-02 7.2000000e-02
  vertex 1.9264729e-02 -1.7460533e-02 7.2000000e-02
  vertex 1.9264729e-02 -1.7460533e-02 1.4000000e-02
 endloop
endfacet
facet normal 7.572088e-01 -6.531728e-01 0.000000e+00
 outer loop
  vertex 2.0098272e-02 -1.6494225e-02 1.4000000e-02
  vertex 2.0098272e-02 -1.6494225e-02 7.2000000e-02
  vertex 1.9264729e-02 -1.7460533e-02 1.4000000e-02
 endloop
endfacet
facet normal 7.883464e-01 -6.152316e-01 0.000000e+00
 outer loop
  vertex 2.0883396e-02 -1.5488182e-02 7.2000000e-02
  vertex 2.0098272e-02 -1.6494225e-02 7.2000000e-02
  vertex 2.0098272e-02 -1.6494225e-02 1.4000000e-02
 endloop
endfacet
facet normal 7.883464e-01 -6.152316e-01 0.000000e+00
 outer loop
  vertex 2.0883396e-02 -1.5488182e-02 1.4000000e-02
  vertex 2.0883396e-02 -1.5488182e-02 7.2000000e-02
  vertex 2.0098272e-02 -1.6494225e-02 1.4000000e-02
 endloop
endfacet
facet normal 8.175848e-01 -5.758082e-01 0.000000e+00
 outer loop
  vertex 2.1618210e-02 -1.4444826e-02 7.2000000e-02
  vertex 2.0883396e-02 -1.5488182e-02 7.2000000e-02
  vertex 2.0883396e-02 -1.5488182e-02 1.4000000e-02
 endloop
endfacet
facet normal 8.175848e-01 -5.758082e-01 0.000000e+00
 outer loop
  vertex 2.1618210e-02 -1.4444826e-02 1.4000000e-02
  vertex 2.1618210e-02 -1.4444826e-02 7.2000000e-02
  vertex 2.0883396e-02 -1.5488182e-02 1.4000000e-02
 endloop
endfacet
facet normal 8.448536e-01 -5.349976e-01 0.000000e+00
 outer loop
  vertex 2.2300944e-02 -1.3366671e-02 7.2000000e-02
  vertex 2.1618210e-02 -1.4444826e-02 7.2000000e-02
  vertex 2.1618210e-02 -1.4444826e-02 1.4000000e-02
 endloop
endfacet
facet normal 8.448536e-01 -5.349976e-01 0.000000e+00
 outer loop
  vertex 2.2300944e-02 -1.3366671e-02 1.4000000e-02
  vertex 2.2300944e-02 -1.3366671e-02 7.2000000e-02
  vertex 2.1618210e-02 -1.4444826e-02 1.4000000e-02
 endloop
endfacet
facet normal 8.700870e-01 -4.928982e-01 0.000000e+00
 outer loop
  vertex 2.2929953e-02 -1.2256315e-02 7.2000000e-02
  vertex 2.2300944e-02 -1.3366671e-02 7.2000000e-02
  vertex 2.2300944e-02 -1.3366671e-02 1.4000000e-02
 endloop
endfacet
facet normal 8.700870e-01 -4.928982e-01 0.000000e+00
 outer loop
  vertex 2.2929953e-02 -1.2256315e-02 1.4000000e-02
  vertex 2.2929953e-02 -1.2256315e-02 7.2000000e-02
  vertex 2.2300944e-02 -1.3366671e-02 1.4000000e-02
 endloop
endfacet
facet normal 8.932243e-01 -4.496113e-01 0.000000e+00
 outer loop
  vertex 2.3503722e-02 -1.1116432e-02 7.2000000e-02
  vertex 2.2929953e-02 -1.2256315e-02 7.2000000e-02
  vertex 2.2929953e-02 -1.2256315e-02 1.4000000e-02
 endloop
endfacet
facet normal 8.932243e-01 -4.496113e-01 0.000000e+00
 outer loop
  vertex 2.3503722e-02 -1.1116432e-02 1.4000000e-02
  vertex 2.3503722e-02 -1.1116432e-02 7.2000000e-02
  vertex 2.2929953e-02 -1.2256315e-02 1.4000000e-02
 endloop
endfacet
facet normal 9.142098e-01 -4.052413e-01 0.000000e+00
 outer loop
  vertex 2.4020868e-02 -9.9497692e-03 7.2000000e-02
  vertex 2.3503722e-02 -1.1116432e-02 7.2000000e-02
  vertex 2.3503722e-02 -1.1116432e-02 1.4000000e-02
 endloop
endfacet
facet normal 9.142098e-01 -4.052413e-01 0.000000e+00
 outer loop
  vertex 2.4020868e-02 -9.9497692e-03 1.4000000e-02
  vertex 2.4020868e-02 -9.9497692e-03 7.2000000e-02
  vertex 2.3503722e-02 -1.1116432e-02 1.4000000e-02
 endloop
endfacet
facet normal 9.329928e-01 -3.598950e-01 0.000000e+00
 outer loop
  vertex 2.4480146e-02 -8.7591362e-03 7.2000000e-02
  vertex 2.4020868e-02 -9.9497692e-03 7.2000000e-02
  vertex 2.4020868e-02 -9.9497692e-03 1.4000000e-02
 endloop
endfacet
facet normal 9.329928e-01 -3.598950e-01 0.000000e+00
 outer loop
  vertex 2.4480146e-02 -8.7591362e-03 1.4000000e-02
  vertex 2.4480146e-02 -8.7591362e-03 7.2000000e-02
  vertex 2.4020868e-02 -9.9497692e-03 1.4000000e-02
 endloop
endfacet
facet normal 9.495282e-01 -3.136817e-01 0.000000e+00
 outer loop
  vertex 2.4880449e-02 -7.5474016e-03 7.2000000e-02
  vertex 2.4480146e-02 -8.7591362e-03 7.2000000e-02
  vertex 2.4480146e-02 -8.7591362e-03 1.4000000e-02
 endloop
endfacet
facet normal 9.495282e-01 -3.136817e-01 0.000000e+00
 outer loop
  vertex 2.4880449e-02 -7.5474016e-03 1.4000000e-02
  vertex 2.4880449e-02 -7.5474016e-03 7.2000000e-02
  vertex 2.4480146e-02 -8.7591362e-03 1.4000000e-02
 endloop
endfacet
facet normal 9.637761e-01 -2.667128e-01 0.000000e+00
 outer loop
  vertex 2.5220813e-02 -6.3174847e-03 7.2000000e-02
  vertex 2.4880449e-02 -7.5474016e-03 7.2000000e-02
  vertex 2.4880449e-02 -7.5474016e-03 1.4000000e-02
 endloop
endfacet
facet normal 9.637761e-01 -2.667128e-01 0.000000e+00
 outer loop
  vertex 2.5220813e-02 -6.3174847e-03 1.4000000e-02
  vertex 2.5220813e-02 -6.3174847e-03 7.2000000e-02
  vertex 2.4880449e-02 -7.5474016e-03 1.4000000e-02
 endloop
endfacet
facet normal 9.757021e-01 -2.191012e-01 0.000000e+00
 outer loop
  vertex 2.5500417e-02 -5.0723484e-03 7.2000000e-02
  vertex 2.5220813e-02 -6.3174847e-03 7.2000000e-02
  vertex 2.5220813e-02 -6.3174847e-03 1.4000000e-02
 endloop
endfacet
facet normal 9.757021e-01 -2.191012e-01 0.000000e+00
 outer loop
  vertex 2.5500417e-02 -5.0723484e-03 1.4000000e-02
  vertex 2.5500417e-02 -5.0723484e-03 7.2000000e-02
  vertex 2.5220813e-02 -6.3174847e-03 1.4000000e-02
 endloop
endfacet
facet normal 9.852776e-01 -1.709619e-01 0.000000e+00
 outer loop
  vertex 2.5718589e-02 -3.8149923e-03 7.2000000e-02
  vertex 2.5500417e-02 -5.0723484e-03 7.2000000e-02
  vertex 2.5500417e-02 -5.0723484e-03 1.4000000e-02
 endloop
endfacet
facet normal 9.852776e-01 -1.709619e-01 0.000000e+00
 outer loop
  vertex 2.5718589e-02 -3.8149923e-03 1.4000000e-02
  vertex 2.5718589e-02 -3.8149923e-03 7.2000000e-02
  vertex 2.5500417e-02 -5.0723484e-03 1.4000000e-02
 endloop
endfacet
facet normal 9.924795e-01 -1.224107e-01 0.000000e+00
 outer loop
  vertex 2.5874803e-02 -2.5484456e-03 7.2000000e-02
  vertex 2.5718589e-02 -3.8149923e-03 7.2000000e-02
  vertex 2.5718589e-02 -3.8149923e-03 1.4000000e-02
 endloop
endfacet
facet normal 9.924795e-01 -1.224107e-01 0.000000e+00
 outer loop
  vertex 2.5874803e-02 -2.5484456e-03 1.4000000e-02
  vertex 2.5874803e-02 -2.5484456e-03 7.2000000e-02
  vertex 2.5718589e-02 -3.8149923e-03 1.4000000e-02
 endloop
endfacet
facet normal 9.972905e-01 -7.356456e-02 0.000000e+00
 outer loop
  vertex 2.5968682e-02 -1.2757595e-03 7.2000000e-02
  vertex 2.5874803e-02 -2.5484456e-03 7.2000000e-02
  vertex 2.5874803e-02 -2.5484456e-03 1.4000000e-02
 endloop
endfacet
facet normal 9.972905e-01 -7.356456e-02 0.000000e+00
 outer loop
  vertex 2.5968682e-02 -1.2757595e-03 1.4000000e-02
  vertex 2.5968682e-02 -1.2757595e-03 7.2000000e-02
  vertex 2.5874803e-02 -2.5484456e-03 1.4000000e-02
 endloop
endfacet
facet normal 9.996988e-01 -2.454123e-02 0.000000e+00
 outer loop
  vertex 2.6000000e-02 0.0000000e+00 7.2000000e-02
  vertex 2.5968682e-02 -1.2757595e-03 7.2000000e-02
  vertex 2.5968682e-02 -1.2757595e-03 1.4000000e-02
 endloop
endfacet
facet normal 9.996988e-01 -2.454123e-02 0.000000e+00
 outer loop
  vertex 2.6000000e-02 0.0000000e+00 1.4000000e-02
  vertex 2.6000000e-02 0.0000000e+00 7.2000000e-02
  vertex 2.5968682e-02 -1.2757595e-03 1.4000000e-02
 endloop
endfacet
facet normal 0.000000e+00 0.000000e+00 1.000000e+00
 outer loop
  vertex 1.1985545e-02 5.8881209e-04 7.2000000e-02
  vertex 1.2000000e-02 0.0000000e+00 7.2000000e-02
  vertex 2.6000000e-02 0.0000000e+00 7.2000000e-02
 endloop
endfacet
facet normal 0.000000e+00 0.000000e+00 1.000000e+00
 outer loop
  vertex 2.5968682e-02 1.2757595e-03 7.2000000e-02
  vertex 1.1985545e-02 5.8881209e-04 7.2000000e-02
  vertex 2.6000000e-02 0.0000000e+00 7.2000000e-02
 endloop
endfacet
facet normal -0.000000e+00 0.000000e+00 1.000000e+00
 outer loop
  vertex 1.1942217e-02 1.1762057e-03 7.2000000e-02
  vertex 1.1985545e-02 5.8881209e-04 7.2000000e-02
  vertex 2.5968682e-02 1.2757595e-03 7.2000000e-02
 endloop
endfacet
facet normal 0.000000e+00 0.000000e+00 1.000000e+00
 outer loop
  vertex 2.5874803e-02 2.5484456e-03 7.2000000e-02
  vertex 1.1942217e-02 1.1762057e-03 7.2000000e-02
  vertex 2.5968682e-02 1.2757595e-03 7.2000000e-02
 endloop
endfacet
facet normal -0.000000e+00 0.000000e+00 1.000000e+00
 outer loop
  vertex 1.1870118e-02 1.7607657e-03 7.2000000e-02
  vertex 1.1942217e-02 1.1762057e-03 7.2000000e-02
  vertex 2.5874803e-02 2.5484456e-03 7.2000000e-02
 endloop
endfacet
facet normal 0.000000e+00 0.000000e+00 1.000000e+00
 outer loop
  vertex 2.5718589e-02 3.8149923e-03 7.2000000e-02
  vertex 1.1870118e-02 1.7607657e-03 7.2000000e-02
  vertex 2.5874803e-02 2.5484456e-03 7.2000000e-02
 endloop
endfacet
facet normal -0.000000e+00 0.000000e+00 1.000000e+00
 outer loop
  vertex 1.1769423e-02 2.3410839e-03 7.2000000e-02
  vertex 1.1870118e-02 1.7607657e-03 7.2000000e-02
  vertex 2.5718589e-02 3.8149923e-03 7.2000000e-02
 endloop
endfacet
facet normal 0.000000e+00 0.000000e+00 1.000000e+00
 outer loop
  vertex 2.5500417e-02 5.0723484e-03 7.2000000e-02
  vertex 1.1769423e-02 2.3410839e-03 7.2000000e-02
  vertex 2.5718589e-02 3.8149923e-03 7.2000000e-02
 endloop
endfacet
facet normal -0.000000e+00 0.000000e+00 1.000000e+00
 outer loop
  vertex 1.1640375e-02 2.9157622e-03 7.2000000e-02
  vertex 1.1769423e-02 2.3410839e-03 7.2000000e-02
  vertex 2.5500417e-02 5.0723484e-03 7.2000000e-02
 endloop
endfacet
facet normal 0.000000e+00 0.000000e+00 1.000000e+00
 outer loop
  vertex 2.5220813e-02 6.3174847e-03 7.2000000e-02
  vertex 1.1640375e-02 2.9157622e-03 7.2000000e-02
  vertex 2.5500417e-02 5.0723484e-03 7.2000000e-02
 endloop
endfacet
facet normal -0.000000e+00 0.000000e+00 1.000000e+00
 outer loop
  vertex 1.1483284e-02 3.4834161e-03 7.2000000e-02
  vertex 1.1640375e-02 2.9157622e-03 7.2000000e-02
  vertex 2.5220813e-02 6.3174847e-03 7.2000000e-02
 endloop
endfacet
facet normal 0.000000e+00 0.000000e+00 1.000000e+00
 outer loop
  vertex 2.4880449e-02 7.5474016e-03 7.2000000e-02
  vertex 1.1483284e-02 3.4834161e-03 7.2000000e-02
  vertex 2.5220813e-02 6.3174847e-03 7.2000000e-02
 endloop
endfacet
facet normal -0.000000e+00 0.000000e+00 1.000000e+00
 outer loop
  vertex 1.1298529e-02 4.0426782e-03 7.2000000e-02
  vertex 1.1483284e-02 3.4834161e-03 7.2000000e-02
  vertex 2.4880449e-02 7.5474016e-03 7.2000000e-02
 endloop
endfacet
facet normal 0.000000e+00 0.000000e+00 1.000000e+00
 outer loop
  vertex 2.4480146e-02 8.7591362e-03 7.2000000e-02
  vertex 1.1298529e-02 4.0426782e-03 7.2000000e-02
  vertex 2.4880449e-02 7.5474016e-03 7.2000000e-02
 endloop
endfacet
facet normal -0.000000e+00 0.000000e+00 1.000000e+00
 outer loop
  vertex 1.1086554e-02 4.5922012e-03 7.2000000e-02
  vertex 1.1298529e-02 4.0426782e-03 7.2000000e-02
  vertex 2.4480146e-02 8.7591362e-03 7.2000000e-02
 endloop
endfacet
facet normal 0.000000e+00 0.000000e+00 1.000000e+00
 outer loop
  vertex 2.4020868e-02 9.9497692e-03 7.2000000e-02
  vertex 1.1086554e-02 4.5922012e-03 7.2000000e-02
  vertex 2.4480146e-02 8.7591362e-03 7.2000000e-02
 endloop
endfacet
facet normal -0.000000e+00 0.000000e+00 1.000000e+00
 outer loop
  vertex 1.0847872e-02 5.1306611e-03 7.2000000e-02
  vertex 1.1086554e-02 4.5922012e-03 7.2000000e-02
  vertex 2.4020868e-02 9.9497692e-03 7.2000000e-02
 endloop
endfacet
facet normal 0.000000e+00 0.000000e+00 1.000000e+00
 outer loop
  vertex 2.3503722e-02 1.1116432e-02 7.2000000e-02
  vertex 1.0847872e-02 5.1306611e-03 7.2000000e-02
  vertex 2.4020868e-02 9.9497692e-03 7.2000000e-02
 endloop
endfacet
facet normal -0.000000e+00 0.000000e+00 1.000000e+00
 outer loop
  vertex 1.0583055e-02 5.6567608e-03 7.2000000e-02
  vertex 1.0847872e-02 5.1306611e-03 7.2000000e-02
  vertex 2.3503722e-02 1.1116432e-02 7.2000000e-02
 endloop
endfacet
facet normal 0.000000e+00 0.000000e+00 1.000000e+00
 outer loop
  vertex 2.2929953e-02 1.2256315e-02 7.2000000e-02
  vertex 1.0583055e-02 5.6567608e-03 7.2000000e-02
  vertex 2.3503722e-02 1.1116432e-02 7.2000000e-02
 endloop
endfacet
facet normal -0.000000e+00 0.000000e+00 1.000000e+00
 outer loop
  vertex 1.0292743e-02 6.1692329e-03 7.2000000e-02
  vertex 1.0583055e-02 5.6567608e-03 7.2000000e-02
  vertex 2.2929953e-02 1.2256315e-02 7.2000000e-02
 endloop
endfacet
facet normal 0.000000e+00 0.000000e+00 1.000000e+00
 outer loop
  vertex 2.2300944e-02 1.3366671e-02 7.2000000e-02
  vertex 1.0292743e-02 6.1692329e-03 7.2000000e-02
  vertex 2.2929953e-02 1.2256315e-02 7.2000000e-02
 endloop
endfacet
facet normal -0.000000e+00 0.000000e+00 1.000000e+00
 outer loop
  vertex 9.9776353e-03 6.6668428e-03 7.2000000e-02
  vertex 1.0292743e-02 6.1692329e-03 7.2000000e-02
  vertex 2.2300944e-02 1.3366671e-02 7.2000000e-02
 endloop
endfacet
facet normal 0.000000e+00 0.000000e+00 1.000000e+00
 outer loop
  vertex 2.1618210e-02 1.4444826e-02 7.2000000e-02
  vertex 9.9776353e-03 6.6668428e-03 7.2000000e-02
  vertex 2.2300944e-02 1.3366671e-02 7.2000000e-02
 endloop
endfacet
facet normal -0.000000e+00 0.000000e+00 1.000000e+00
 outer loop
  vertex 9.6384904e-03 7.1483917e-03 7.2000000e-02
  vertex 9.9776353e-03 6.6668428e-03 7.2000000e-02
  vertex 2.1618210e-02 1.4444826e-02 7.2000000e-02
 endloop
endfacet
facet normal 0.000000e+00 0.000000e+00 1.000000e+00
 outer loop
  vertex 2.0883396e-02 1.5488182e-02 7.2000000e-02
  vertex 9.6384904e-03 7.1483917e-03 7.2000000e-02
  vertex 2.1618210e-02 1.4444826e-02 7.2000000e-02
 endloop
endfacet
facet normal -0.000000e+00 0.000000e+00 1.000000e+00
 outer loop
  vertex 9.2761254e-03 7.6127194e-03 7.2000000e-02
  vertex 9.6384904e-03 7.1483917e-03 7.2000000e-02
  vertex 2.0883396e-02 1.5488182e-02 7.2000000e-02
 endloop
endfacet
facet normal 0.000000e+00 0.000000e+00 1.000000e+00
 outer loop
  vertex 2.0098272e-02 1.6494225e-02 7.2000000e-02
  vertex 9.2761254e-03 7.6127194e-03 7.2000000e-02
  vertex 2.0883396e-02 1.5488182e-02 7.2000000e-02
 endloop
endfacet
facet normal -0.000000e+00 0.000000e+00 1.000000e+00
 outer loop
  vertex 8.8914135e-03 8.0587075e-03 7.2000000e-02
  vertex 9.2761254e-03 7.6127194e-03 7.2000000e-02
  vertex 2.0098272e-02 1.6494225e-02 7.2000000e-02
 endloop
endfacet
facet normal 0.000000e+00 0.000000e+00 1.000000e+00
 outer loop
  vertex 1.9264729e-02 1.7460533e-02 7.2000000e-02
  vertex 8.8914135e-03 8.0587075e-03 7.2000000e-02
  vertex 2.0098272e-02 1.6494225e-02 7.2000000e-02
 endloop
endfacet
facet normal -0.000000e+00 0.000000e+00 1.000000e+00
 outer loop
  vertex 8.4852814e-03 8.4852814e-03 7.2000000e-02
  vertex 8.8914135e-03 8.0587075e-03 7.2000000e-02
  vertex 1.9264729e-02 1.7460533e-02 7.2000000e-02
 endloop
endfacet
facet normal 0.000000e+00 0.000000e+00 1.000000e+00
 outer loop
  vertex 1.8384776e-02 1.8384776e-02 7.2000000e-02
  vertex 8.4852814e-03 8.4852814e-03 7.2000000e-02
  vertex 1.9264729e-02 1.7460533e-02 7.2000000e-02
 endloop
endfacet
facet normal -0.000000e+00 0.000000e+00 1.000000e+00
 outer loop
  vertex 8.0587075e-03 8.8914135e-03 7.2000000e-02
  vertex 8.4852814e-03 8.4852814e-03 7.2000000e-02
  vertex 1.8384776e-02 1.8384776e-02 7.2000000e-02
 endloop
endfacet
facet normal 0.000000e+00 0.000000e+00 1.000000e+00
 outer loop
  vertex 1.7460533e-02 1.9264729e-02 7.2000000e-02
  vertex 8.0587075e-03 8.8914135e-03 7.2000000e-02
  vertex 1.8384776e-02 1.8384776e-02 7.2000000e-02
 endloop
endfacet
facet normal -0.000000e+00 0.000000e+00 1.000000e+00
 outer loop
  vertex 7.6127194e-03 9.2761254e-03 7.2000000e-02
  vertex 8.0587075e-03 8.8914135e-03 7.2000000e-02
  vertex 1.7460533e-02 1.9264729e-02 7.2000000e-02
 endloop
endfacet
facet normal 0.000000e+00 0.000000e+00 1.000000e+00
 outer loop
  vertex 1.6494225e-02 2.0098272e-02 7.2000000e-02
  vertex 7.6127194e-03 9.2761254e-03 7.2000000e-02
  vertex 1.7460533e-02 1.9264729e-02 7.2000000e-02
 endloop
endfacet
facet normal -0.000000e+00 0.000000e+00 1.000000e+00
 outer loop
  vertex 7.1483917e-03 9.6384904e-03 7.2000000e-02
  vertex 7.6127194e-03 9.2761254e-03 7.2000000e-02
  vertex 1.6494225e-02 2.0098272e-02 7.2000000e-02
 endloop
endfacet
facet normal 0.000000e+00 0.000000e+00 1.000000e+00
 outer loop
  vertex 1.5488182e-02 2.0883396e-02 7.2000000e-02
  vertex 7.1483917e-03 9.6384904e-03 7.2000000e-02
  vertex 1.6494225e-02 2.0098272e-02 7.2000000e-02
 endloop
endfacet
facet normal -0.000000e+00 0.000000e+00 1.000000e+00
 outer loop
  vertex 6.6668428e-03 9.9776353e-03 7.2000000e-02
  vertex 7.1483917e-03 9.6384904e-03 7.2000000e-02
  vertex 1.5488182e-02 2.0883396e-02 7.2000000e-02
 endloop
endfacet
facet normal 0.000000e+00 0.000000e+00 1.000000e+00
 outer loop
  vertex 1.4444826e-02 2.1618210e-02 7.2000000e-02
  vertex 6.6668428e-03 9.9776353e-03 7.2000000e-02
  vertex 1.5488182e-02 2.0883396e-02 7.2000000e-02
 endloop
endfacet
facet normal -0.000000e+00 0.000000e+00 1.000000e+00
 outer loop
  vertex 6.1692329e-03 1.0292743e-02 7.2000000e-02
  vertex 6.6668428e-03 9.9776353e-03 7.2000000e-02
  vertex 1.4444826e-02 2.1618210e-02 7.2000000e-02
 endloop
endfacet
facet normal 0.000000e+00 0.000000e+00 1.000000e+00
 outer loop
  vertex 1.3366671e-02 2.2300944e-02 7.2000000e-02
  vertex 6.1692329e-03 1.0292743e-02 7.2000000e-02
  vertex 1.4444826e-02 2.1618210e-02 7.2000000e-02
 endloop
endfacet
facet normal -0.000000e+00 0.000000e+00 1.000000e+00
 outer loop
  vertex 5.6567608e-03 1.0583055e-02 7.2000000e-02
  vertex 6.1692329e-03 1.0292743e-02 7.2000000e-02
  vertex 1.3366671e-02 2.2300944e-02 7.2000000e-02
 endloop
endfacet
facet normal 0.000000e+00 0.000000e+00 1.000000e+00
 outer loop
  vertex 1.2256315e-02 2.2929953e-02 7.2000000e-02
  vertex 5.6567608e-03 1.0583055e-02 7.2000000e-02
  vertex 1.3366671e-02 2.2300944e-02 7.2000000e-02
 endloop
endfacet
facet normal -0.000000e+00 0.000000e+00 1.000000e+00
 outer loop
  vertex 5.1306611e-03 1.0847872e-02 7.2000000e-02
  vertex 5.6567608e-03 1.0583055e-02 7.2000000e-02
  vertex 1.2256315e-02 2.2929953e-02 7.2000000e-02
 endloop
endfacet
facet normal 0.000000e+00 0.000000e+00 1.000000e+00
 outer loop
  vertex 1.1116432e-02 2.3503722e-02 7.2000000e-02
  vertex 5.1306611e-03 1.0847872e-02 7.2000000e-02
  vertex 1.2256315e-02 2.2929953e-02 7.2000000e-02
 endloop
endfacet
facet normal -0.000000e+00 0.000000e+00 1.000000e+00
 outer loop
  vertex 4.5922012e-03 1.1086554e-02 7.2000000e-02
  vertex 5.1306611e-03 1.0847872e-02 7.2000000e-02
  vertex 1.1116432e-02 2.3503722e-02 7.2000000e-02
 endloop
endfacet
facet normal 0.000000e+00 0.000000e+00 1.000000e+00
 outer loop
  vertex 9.9497692e-03 2.4020868e-02 7.2000000e-02
  vertex 4.5922012e-03 1.1086554e-02 7.2000000e-02
  vertex 1.1116432e-02 2.3503722e-02 7.2000000e-02
 endloop
endfacet
facet normal -0.000000e+00 0.000000e+00 1.000000e+00
 outer loop
  vertex 4.0426782e-03 1.1298529e-02 7.2000000e-02
  vertex 4.5922012e-03 1.1086554e-02 7.2000000e-02
  vertex 9.9497692e-03 2.4020868e-02 7.2000000e-02
 endloop
endfacet
facet normal 0.000000e+00 0.000000e+00 1.000000e+00
 outer loop
  vertex 8.7591362e-03 2.4480146e-02 7.2000000e-02
  vertex 4.0426782e-03 1.1298529e-02 7.2000000e-02
  vertex 9.9497692e-03 2.4020868e-02 7.2000000e-02
 endloop
endfacet
facet normal -0.000000e+00 0.000000e+00 1.000000e+00
 outer loop
  vertex 3.4834161e-03 1.1483284e-02 7.2000000e-02
  vertex 4.0426782e-03 1.1298529e-02 7.2000000e-02
  vertex 8.7591362e-03 2.4480146e-02 7.2000000e-02
 endloop
endfacet
facet normal 0.000000e+00 0.000000e+00 1.000000e+00
 outer loop
  vertex 7.5474016e-03 2.4880449e-02 7.2000000e-02
  vertex 3.4834161e-03 1.1483284e-02 7.2000000e-02
  vertex 8.7591362e-03 2.4480146e-02 7.2000000e-02
 endloop
endfacet
facet normal -0.000000e+00 0.000000e+00 1.000000e+00
 outer loop
  vertex 2.9157622e-03 1.1640375e-02 7.2000000e-02
  vertex 3.4834161e-03 1.1483284e-02 7.2000000e-02
  vertex 7.5474016e-03 2.4880449e-02 7.2000000e-02
 endloop
endfacet
facet normal 0.000000e+00 0.000000e+00 1.000000e+00
 outer loop
  vertex 6.3174847e-03 2.5220813e-02 7.2000000e-02
  vertex 2.9157622e-03 1.1640375e-02 7.2000000e-02
  vertex 7.5474016e-03 2.4880449e-02 7.2000000e-02
 endloop
endfacet
facet normal -0.000000e+00 0.000000e+00 1.000000e+00
 outer loop
  vertex 2.3410839e-03 1.1769423e-02 7.2000000e-02
  vertex 2.9157622e-03 1.1640375e-02 7.2000000e-02
  vertex 6.3174847e-03 2.5220813e-02 7.2000000e-02
 endloop
endfacet
facet normal 0.000000e+00 0.000000e+00 1.000000e+00
 outer loop
  vertex 5.0723484e-03 2.5500417e-02 7.2000000e-02
  vertex 2.3410839e-03 1.1769423e-02 7.2000000e-02
  vertex 6.3174847e-03 2.5220813e-02 7.2000000e-02
 endloop
endfacet
facet normal -0.000000e+00 0.000000e+00 1.000000e+00
 outer loop
  vertex 1.7607657e-03 1.1870118e-02 7.2000000e-02
  vertex 2.3410839e-03 1.1769423e-02 7.2000000e-02
  vertex 5.0723484e-03 2.5500417e-02 7.2000000e-02
 endloop
endfacet
facet normal 0.000000e+00 0.000000e+00 1.000000e+00
 outer loop
  vertex 3.8149923e-03 2.5718589e-02 7.2000000e-02
  vertex 1.7607657e-03 1.1870118e-02 7.2000000e-02
  vertex 5.0723484e-03 2.5500417e-02 7.2000000e-02
 endloop
endfacet
facet normal -0.000000e+00 0.000000e+00 1.000000e+00
 outer loop
  vertex 1.1762057e-03 1.1942217e-02 7.2000000e-02
  vertex 1.7607657e-03 1.1870118e-02 7.2000000e-02
  vertex 3.8149923e-03 2.5718589e-02 7.2000000e-02
 endloop
endfacet
facet normal 0.000000e+00 0.000000e+00 1.000000e+00
 outer loop
  vertex 2.5484456e-03 2.5874803e-02 7.2000000e-02
  vertex 1.1762057e-03 1.1942217e-02 7.2000000e-02
  vertex 3.8149923e-03 2.5718589e-02 7.2000000e-02
 endloop
endfacet
facet normal -0.000000e+00 0.000000e+00 1.000000e+00
 outer loop
  vertex 5.8881209e-04 1.1985545e-02 7.2000000e-02
  vertex 1.1762057e-03 1.1942217e-02 7.2000000e-02
  vertex 2.5484456e-03 2.5874803e-02 7.2000000e-02
 endloop
endfacet
facet normal 0.000000e+00 0.000000e+00 1.000000e+00
 outer loop
  vertex 1.2757595e-03 2.5968682e-02 7.2000000e-02
  vertex 5.8881209e-04 1.1985545e-02 7.2000000e-02
  vertex 2.5484456e-03 2.5874803e-02 7.2000000e-02
 endloop
endfacet
facet normal -0.000000e+00 0.000000e+00 1.000000e+00
 outer loop
  vertex 7.3478808e-19 1.2000000e-02 7.2000000e-02
  vertex 5.8881209e-04 1.1985545e-02 7.2000000e-02
  vertex 1.2757595e-03 2.5968682e-02 7.2000000e-02
 endloop
endfacet
facet normal 0.000000e+00 0.000000e+00 1.000000e+00
 outer loop
  vertex 1.5920408e-18 2.6000000e-02 7.2000000e-02
  vertex 7.3478808e-19 1.2000000e-02 7.2000000e-02
  vertex 1.2757595e-03 2.5968682e-02 7.2000000e-02
 endloop
endfacet
facet normal 0.000000e+00 0.000000e+00 1.000000e+00
 outer loop
  vertex -5.8881209e-04 1.1985545e-02 7.2000000e-02
  vertex 7.3478808e-19 1.2000000e-02 7.2000000e-02
  vertex 1.5920408e-18 2.6000000e-02 7.2000000e-02
 endloop
endfacet
facet normal -0.000000e+00 0.000000e+00 1.000000e+00
 outer loop
  vertex -1.2757595e-03 2.5968682e-02 7.2000000e-02
  vertex -5.8881209e-04 1.1985545e-02 7.2000000e-02
  vertex 1.5920408e-18 2.6000000e-02 7.2000000e-02
 endloop
endfacet
facet normal 0.000000e+00 -0.000000e+00 1.000000e+00
 outer loop
  vertex -1.1762057e-03 1.1942217e-02 7.2000000e-02
  vertex -5.8881209e-04 1.1985545e-02 7.2000000e-02
  vertex -1.2757595e-03 2.5968682e-02 7.2000000e-02
 endloop
endfacet
facet normal -0.000000e+00 0.000000e+00 1.000000e+00
 outer loop
  vertex -2.5484456e-03 2.5874803e-02 7.2000000e-02
  vertex -1.1762057e-03 1.1942217e-02 7.2000000e-02
  vertex -1.2757595e-03 2.5968682e-02 7.2000000e-02
 endloop
endfacet
facet normal 0.000000e+00 -0.000000e+00 1.000000e+00
 outer loop
  vertex -1.7607657e-03 1.1870118e-02 7.2000000e-02
  vertex -1.1762057e-03 1.1942217e-02 7.2000000e-02
  vertex -2.5484456e-03 2.5874803e-02 7.2000000e-02
 endloop
endfacet
facet normal -0.000000e+00 0.000000e+00 1.000000e+00
 outer loop
  vertex -3.8149923e-03 2.5718589e-02 7.2000000e-02
  vertex -1.7607657e-03 1.1870118e-02 7.2000000e-02
  vertex -2.5484456e-03 2.5874803e-02 7.2000000e-02
 endloop
endfacet
facet normal 0.000000e+00 -0.000000e+00 1.000000e+00
 outer loop
  vertex -2.3410839e-03 1.1769423e-02 7.2000000e-02
  vertex -1.7607657e-03 1.1870118e-02 7.2000000e-02
  vertex -3.8149923e-03 2.5718589e-02 7.2000000e-02
 endloop
endfacet
facet normal -0.000000e+00 0.000000e+00 1.000000e+00
 outer loop
  vertex -5.0723484e-03 2.5500417e-02 7.2000000e-02
  vertex -2.3410839e-03 1.1769423e-02 7.2000000e-02
  vertex -3.8149923e-03 2.5718589e-02 7.2000000e-02
 endloop
endfacet
facet normal 0.000000e+00 -0.000000e+00 1.000000e+00
 outer loop
  vertex -2.9157622e-03 1.1640375e-02 7.2000000e-02
  vertex -2.3410839e-03 1.1769423e-02 7.2000000e-02
  vertex -5.0723484e-03 2.5500417e-02 7.2000000e-02
 endloop
endfacet
facet normal -0.000000e+00 0.000000e+00 1.000000e+00
 outer loop
  vertex -6.3174847e-03 2.5220813e-02 7.2000000e-02
  vertex -2.9157622e-03 1.1640375e-02 7.2000000e-02
  vertex -5.0723484e-03 2.5500417e-02 7.2000000e-02
 endloop
endfacet
facet normal 0.000000e+00 -0.000000e+00 1.000000e+00
 outer loop
  vertex -3.4834161e-03 1.1483284e-02 7.2000000e-02
  vertex -2.9157622e-03 1.1640375e-02 7.2000000e-02
  vertex -6.3174847e-03 2.5220813e-02 7.2000000e-02
 endloop
endfacet
facet normal -0.000000e+00 0.000000e+00 1.000000e+00
 outer loop
  vertex -7.5474016e-03 2.4880449e-02 7.2000000e-02
  vertex -3.4834161e-03 1.1483284e-02 7.2000000e-02
  vertex -6.3174847e-03 2.5220813e-02 7.2000000e-02
 endloop
endfacet
facet normal 0.000000e+00 -0.000000e+00 1.000000e+00
 outer loop
  vertex -4.0426782e-03 1.1298529e-02 7.2000000e-02
  vertex -3.4834161e-03 1.1483284e-02 7.2000000e-02
  vertex -7.5474016e-03 2.4880449e-02 7.2000000e-02
 endloop
endfacet
facet normal -0.000000e+00 0.000000e+00 1.000000e+00
 outer loop
  vertex -8.7591362e-03 2.4480146e-02 7.2000000e-02
  vertex -4.0426782e-03 1.1298529e-02 7.2000000e-02
  vertex -7.5474016e-03 2.4880449e-02 7.2000000e-02
 endloop
endfacet
facet normal 0.000000e+00 -0.000000e+00 1.000000e+00
 outer loop
  vertex -4.5922012e-03 1.1086554e-02 7.2000000e-02
  vertex -4.0426782e-03 1.1298529e-02 7.2000000e-02
  vertex -8.7591362e-03 2.4480146e-02 7.2000000e-02
 endloop
endfacet
facet normal -0.000000e+00 0.000000e+00 1.000000e+00
 outer loop
  vertex -9.9497692e-03 2.4020868e-02 7.2000000e-02
  vertex -4.5922012e-03 1.1086554e-02 7.2000000e-02
  vertex -8.7591362e-03 2.4480146e-02 7.2000000e-02
 endloop
endfacet
facet normal 0.000000e+00 -0.000000e+00 1.000000e+00
 outer loop
  vertex -5.1306611e-03 1.0847872e-02 7.2000000e-02
  vertex -4.5922012e-03 1.1086554e-02 7.2000000e-02
  vertex -9.9497692e-03 2.4020868e-02 7.2000000e-02
 endloop
endfacet
facet normal -0.000000e+00 0.000000e+00 1.000000e+00
 outer loop
  vertex -1.1116432e-02 2.3503722e-02 7.2000000e-02
  vertex -5.1306611e-03 1.0847872e-02 7.2000000e-02
  vertex -9.9497692e-03 2.4020868e-02 7.2000000e-02
 endloop
endfacet
facet normal 0.000000e+00 -0.000000e+00 1.000000e+00
 outer loop
  vertex -5.6567608e-03 1.0583055e-02 7.2000000e-02
  vertex -5.1306611e-03 1.0847872e-02 7.2000000e-02
  vertex -1.1116432e-02 2.3503722e-02 7.2000000e-02
 endloop
endfacet
facet normal -0.000000e+00 0.000000e+00 1.000000e+00
 outer loop
  vertex -1.2256315e-02 2.2929953e-02 7.2000000e-02
  vertex -5.6567608e-03 1.0583055e-02 7.2000000e-02
  vertex -1.1116432e-02 2.3503722e-02 7.2000000e-02
 endloop
endfacet
facet normal 0.000000e+00 -0.000000e+00 1.000000e+00
 outer loop
  vertex -6.1692329e-03 1.0292743e-02 7.2000000e-02
  vertex -5.6567608e-03 1.0583055e-02 7.2000000e-02
  vertex -1.2256315e-02 2.2929953e-02 7.2000000e-02
 endloop
endfacet
facet normal -0.000000e+00 0.000000e+00 1.000000e+00
 outer loop
  vertex -1.3366671e-02 2.2300944e-02 7.2000000e-02
  vertex -6.1692329e-03 1.0292743e-02 7.2000000e-02
  vertex -1.2256315e-02 2.2929953e-02 7.2000000e-02
 endloop
endfacet
facet normal 0.000000e+00 -0.000000e+00 1.000000e+00
 outer loop
  vertex -6.6668428e-03 9.9776353e-03 7.2000000e-02
  vertex -6.1692329e-03 1.0292743e-02 7.2000000e-02
  vertex -1.3366671e-02 2.2300944e-02 7.2000000e-02
 endloop
endfacet
facet normal -0.000000e+00 0.000000e+00 1.000000e+00
 outer loop
  vertex -1.4444826e-02 2.1618210e-02 7.2000000e-02
  vertex -6.6668428e-03 9.9776353e-03 7.2000000e-02
  vertex -1.3366671e-02 2.2300944e-02 7.2000000e-02
 endloop
endfacet
facet normal 0.000000e+00 -0.000000e+00 1.000000e+00
 outer loop
  vertex -7.1483917e-03 9.6384904e-03 7.2000000e-02
  vertex -6.6668428e-03 9.9776353e-03 7.2000000e-02
  vertex -1.4444826e-02 2.1618210e-02 7.2000000e-02
 endloop
endfacet
facet normal -0.000000e+00 0.000000e+00 1.000000e+00
 outer loop
  vertex -1.5488182e-02 2.0883396e-02 7.2000000e-02
  vertex -7.1483917e-03 9.6384904e-03 7.2000000e-02
  vertex -1.4444826e-02 2.1618210e-02 7.2000000e-02
 endloop
endfacet
facet normal 0.000000e+00 -0.000000e+00 1.000000e+00
 outer loop
  vertex -7.6127194e-03 9.2761254e-03 7.2000000e-02
  vertex -7.1483917e-03 9.6384904e-03 7.2000000e-02
  vertex -1.5488182e-02 2.0883396e-02 7.2000000e-02
 endloop
endfacet
facet normal -0.000000e+00 0.000000e+00 1.000000e+00
 outer loop
  vertex -1.6494225e-02 2.0098272e-02 7.2000000e-02
  vertex -7.6127194e-03 9.2761254e-03 7.2000000e-02
  vertex -1.5488182e-02 2.0883396e-02 7.2000000e-02
 endloop
endfacet
facet normal 0.000000e+00 -0.000000e+00 1.000000e+00
 outer loop
  vertex -8.0587075e-03 8.8914135e-03 7.2000000e-02
  vertex -7.6127194e-03 9.2761254e-03 7.2000000e-02
  vertex -1.6494225e-02 2.0098272e-02 7.2000000e-02
 endloop
endfacet
facet normal -0.000000e+00 0.000000e+00 1.000000e+00
 outer loop
  vertex -1.7460533e-02 1.9264729e-02 7.2000000e-02
  vertex -8.0587075e-03 8.8914135e-03 7.2000000e-02
  vertex -1.6494225e-02 2.0098272e-02 7.2000000e-02
 endloop
endfacet
facet normal 0.000000e+00 -0.000000e+00 1.000000e+00
 outer loop
  vertex -8.4852814e-03 8.4852814e-03 7.2000000e-02
  vertex -8.0587075e-03 8.8914135e-03 7.2000000e-02
  vertex -1.7460533e-02 1.9264729e-02 7.2000000e-02
 endloop
endfacet
facet normal -0.000000e+00 0.000000e+00 1.000000e+00
 outer loop
  vertex -1.8384776e-02 1.8384776e-02 7.2000000e-02
  vertex -8.4852814e-03 8.4852814e-03 7.2000000e-02
  vertex -1.7460533e-02 1.9264729e-02 7.2000000e-02
 endloop
endfacet
facet normal 0.000000e+00 -0.000000e+00 1.000000e+00
 outer loop
  vertex -8.8914135e-03 8.0587075e-03 7.2000000e-02
  vertex -8.4852814e-03 8.4852814e-03 7.2000000e-02
  vertex -1.8384776e-02 1.8384776e-02 7.2000000e-02
 endloop
endfacet
facet normal -0.000000e+00 0.000000e+00 1.000000e+00
 outer loop
  vertex -1.9264729e-02 1.7460533e-02 7.2000000e-02
  vertex -8.8914135e-03 8.0587075e-03 7.2000000e-02
  vertex -1.8384776e-02 1.8384776e-02 7.2000000e-02
 endloop
endfacet
facet normal 0.000000e+00 -0.000000e+00 1.000000e+00
 outer loop
  vertex -9.2761254e-03 7.6127194e-03 7.2000000e-02
  vertex -8.8914135e-03 8.0587075e-03 7.2000000e-02
  vertex -1.9264729e-02 1.7460533e-02 7.2000000e-02
 endloop
endfacet
facet normal -0.000000e+00 0.000000e+00 1.000000e+00
 outer loop
  vertex -2.0098272e-02 1.6494225e-02 7.2000000e-02
  vertex -9.2761254e-03 7.6127194e-03 7.2000000e-02
  vertex -1.9264729e-02 1.7460533e-02 7.2000000e-02
 endloop
endfacet
facet normal 0.000000e+00 -0.000000e+00 1.000000e+00
 outer loop
  vertex -9.6384904e-03 7.1483917e-03 7.2000000e-02
  vertex -9.2761254e-03 7.6127194e-03 7.2000000e-02
  vertex -2.0098272e-02 1.6494225e-02 7.2000000e-02
 endloop
endfacet
facet normal -0.000000e+00 0.000000e+00 1.000000e+00
 outer loop
  vertex -2.0883396e-02 1.5488182e-02 7.2000000e-02
  vertex -9.6384904e-03 7.1483917e-03 7.2000000e-02
  vertex -2.0098272e-02 1.6494225e-02 7.2000000e-02
 endloop
endfacet
facet normal 0.000000e+00 -0.000000e+00 1.000000e+00
 outer loop
  vertex -9.9776353e-03 6.6668428e-03 7.2000000e-02
  vertex -9.6384904e-03 7.1483917e-03 7.2000000e-02
  vertex -2.0883396e-02 1.5488182e-02 7.2000000e-02
 endloop
endfacet
facet normal -0.000000e+00 0.000000e+00 1.000000e+00
 outer loop
  vertex -2.1618210e-02 1.4444826e-02 7.2000000e-02
  vertex -9.9776353e-03 6.6668428e-03 7.2000000e-02
  vertex -2.0883396e-02 1.5488182e-02 7.2000000e-02
 endloop
endfacet
facet normal 0.000000e+00 -0.000000e+00 1.000000e+00
 outer loop
  vertex -1.0292743e-02 6.1692329e-03 7.2000000e-02
  vertex -9.9776353e-03 6.6668428e-03 7.2000000e-02
  vertex -2.1618210e-02 1.4444826e-02 7.2000000e-02
 endloop
endfacet
facet normal -0.000000e+00 0.000000e+00 1.000000e+00
 outer loop
  vertex -2.2300944e-02 1.3366671e-02 7.2000000e-02
  vertex -1.0292743e-02 6.1692329e-03 7.2000000e-02
  vertex -2.1618210e-02 1.4444826e-02 7.2000000e-02
 endloop
endfacet
facet normal 0.000000e+00 -0.000000e+00 1.000000e+00
 outer loop
  vertex -1.0583055e-02 5.6567608e-03 7.2000000e-02
  vertex -1.0292743e-02 6.1692329e-03 7.2000000e-02
  vertex -2.2300944e-02 1.3366671e-02 7.2000000e-02
 endloop
endfacet
facet normal -0.000000e+00 0.000000e+00 1.000000e+00
 outer loop
  vertex -2.2929953e-02 1.2256315e-02 7.2000000e-02
  vertex -1.0583055e-02 5.6567608e-03 7.2000000e-02
  vertex -2.2300944e-02 1.3366671e-02 7.2000000e-02
 endloop
endfacet
facet normal 0.000000e+00 -0.000000e+00 1.000000e+00
 outer loop
  vertex -1.0847872e-02 5.1306611e-03 7.2000000e-02
  vertex -1.0583055e-02 5.6567608e-03 7.2000000e-02
  vertex -2.2929953e-02 1.2256315e-02 7.2000000e-02
 endloop
endfacet
facet normal -0.000000e+00 0.000000e+00 1.000000e+00
 outer loop
  vertex -2.3503722e-02 1.1116432e-02 7.2000000e-02
  vertex -1.0847872e-02 5.1306611e-03 7.2000000e-02
  vertex -2.2929953e-02 1.2256315e-02 7.2000000e-02
 endloop
endfacet
facet normal 0.000000e+00 -0.000000e+00 1.000000e+00
 outer loop
  vertex -1.1086554e-02 4.5922012e-03 7.2000000e-02
  vertex -1.0847872e-02 5.1306611e-03 7.2000000e-02
  vertex -2.3503722e-02 1.1116432e-02 7.2000000e-02
 endloop
endfacet
facet normal -0.000000e+00 0.000000e+00 1.000000e+00
 outer loop
  vertex -2.4020868e-02 9.9497692e-03 7.2000000e-02
  vertex -1.1086554e-02 4.5922012e-03 7.2000000e-02
  vertex -2.3503722e-02 1.1116432e-02 7.2000000e-02
 endloop
endfacet
facet normal 0.000000e+00 -0.000000e+00 1.000000e+00
 outer loop
  vertex -1.1298529e-02 4.0426782e-03 7.2000000e-02
  vertex -1.1086554e-02 4.5922012e-03 7.2000000e-02
  vertex -2.4020868e-02 9.9497692e-03 7.2000000e-02
 endloop
endfacet
facet normal -0.000000e+00 0.000000e+00 1.000000e+00
 outer loop
  vertex -2.4480146e-02 8.7591362e-03 7.2000000e-02
  vertex -1.1298529e-02 4.0426782e-03 7.2000000e-02
  vertex -2.4020868e-02 9.9497692e-03 7.2000000e-02
 endloop
endfacet
facet normal 0.000000e+00 -0.000000e+00 1.000000e+00
 outer loop
  vertex -1.1483284e-02 3.4834161e-03 7.2000000e-02
  vertex -1.1298529e-02 4.0426782e-03 7.2000000e-02
  vertex -2.4480146e-02 8.7591362e-03 7.2000000e-02
 endloop
endfacet
facet normal -0.000000e+00 0.000000e+00 1.000000e+00
 outer loop
  vertex -2.4880449e-02 7.5474016e-03 7.2000000e-02
  vertex -1.1483284e-02 3.4834161e-03 7.2000000e-02
  vertex -2.4480146e-02 8.7591362e-03 7.2000000e-02
 endloop
endfacet
facet normal 0.000000e+00 -0.000000e+00 1.000000e+00
 outer loop
  vertex -1.1640375e-02 2.9157622e-03 7.2000000e-02
  vertex -1.1483284e-02 3.4834161e-03 7.2000000e-02
  vertex -2.4880449e-02 7.5474016e-03 7.2000000e-02
 endloop
endfacet
facet normal -0.000000e+00 0.000000e+00 1.000000e+00
 outer loop
  vertex -2.5220813e-02 6.3174847e-03 7.2000000e-02
  vertex -1.1640375e-02 2.9157622e-03 7.2000000e-02
  vertex -2.4880449e-02 7.5474016e-03 7.2000000e-02
 endloop
endfacet
facet normal 0.000000e+00 -0.000000e+00 1.000000e+00
 outer loop
  vertex -1.1769423e-02 2.3410839e-03 7.2000000e-02
  vertex -1.1640375e-02 2.9157622e-03 7.2000000e-02
  vertex -2.5220813e-02 6.3174847e-03 7.2000000e-02
 endloop
endfacet
facet normal -0.000000e+00 0.000000e+00 1.000000e+00
 outer loop
  vertex -2.5500417e-02 5.0723484e-03 7.2000000e-02
  vertex -1.1769423e-02 2.3410839e-03 7.2000000e-02
  vertex -2.5220813e-02 6.3174847e-03 7.2000000e-02
 endloop
endfacet
facet normal 0.000000e+00 -0.000000e+00 1.000000e+00
 outer loop
  vertex -1.1870118e-02 1.7607657e-03 7.2000000e-02
  vertex -1.1769423e-02 2.3410839e-03 7.2000000e-02
  vertex -2.5500417e-02 5.0723484e-03 7.2000000e-02
 endloop
endfacet
facet normal -0.000000e+00 0.000000e+00 1.000000e+00
 outer loop
  vertex -2.5718589e-02 3.8149923e-03 7.2000000e-02
  vertex -1.1870118e-02 1.7607657e-03 7.2000000e-02
  vertex -2.5500417e-02 5.0723484e-03 7.2000000e-02
 endloop
endfacet
facet normal 0.000000e+00 -0.000000e+00 1.000000e+00
 outer loop
  vertex -1.1942217e-02 1.1762057e-03 7.2000000e-02
  vertex -1.1870118e-02 1.7607657e-03 7.2000000e-02
  vertex -2.5718589e-02 3.8149923e-03 7.2000000e-02
 endloop
endfacet
facet normal -0.000000e+00 0.000000e+00 1.000000e+00
 outer loop
  vertex -2.5874803e-02 2.5484456e-03 7.2000000e-02
  vertex -1.1942217e-02 1.1762057e-03 7.2000000e-02
  vertex -2.5718589e-02 3.8149923e-03 7.2000000e-02
 endloop
endfacet
facet normal 0.000000e+00 -0.000000e+00 1.000000e+00
 outer loop
  vertex -1.1985545e-02 5.8881209e-04 7.2000000e-02
  vertex -1.1942217e-02 1.1762057e-03 7.2000000e-02
  vertex -2.5874803e-02 2.5484456e-03 7.2000000e-02
 endloop
endfacet
facet normal -0.000000e+00 0.000000e+00 1.000000e+00
 outer loop
  vertex -2.5968682e-02 1.2757595e-03 7.2000000e-02
  vertex -1.1985545e-02 5.8881209e-04 7.2000000e-02
  vertex -2.5874803e-02 2.5484456e-03 7.2000000e-02
 endloop
endfacet
facet normal 0.000000e+00 -0.000000e+00 1.000000e+00
 outer loop
  vertex -1.2000000e-02 1.4695762e-18 7.2000000e-02
  vertex -1.1985545e-02 5.8881209e-04 7.2000000e-02
  vertex -2.5968682e-02 1.2757595e-03 7.2000000e-02
 endloop
endfacet
facet normal -0.000000e+00 0.000000e+00 1.000000e+00
 outer loop
  vertex -2.6000000e-02 3.1840817e-18 7.2000000e-02
  vertex -1.2000000e-02 1.4695762e-18 7.2000000e-02
  vertex -2.5968682e-02 1.2757595e-03 7.2000000e-02
 endloop
endfacet
facet normal 0.000000e+00 0.000000e+00 1.000000e+00
 outer loop
  vertex -1.1985545e-02 -5.8881209e-04 7.2000000e-02
  vertex -1.2000000e-02 1.4695762e-18 7.2000000e-02
  vertex -2.6000000e-02 3.1840817e-18 7.2000000e-02
 endloop
endfacet
facet normal 0.000000e+00 -0.000000e+00 1.000000e+00
 outer loop
  vertex -2.5968682e-02 -1.2757595e-03 7.2000000e-02
  vertex -1.1985545e-02 -5.8881209e-04 7.2000000e-02
  vertex -2.6000000e-02 3.1840817e-18 7.2000000e-02
 endloop
endfacet
facet normal 0.000000e+00 0.000000e+00 1.000000e+00
 outer loop
  vertex -1.1942217e-02 -1.1762057e-03 7.2000000e-02
  vertex -1.1985545e-02 -5.8881209e-04 7.2000000e-02
  vertex -2.5968682e-02 -1.2757595e-03 7.2000000e-02
 endloop
endfacet
facet normal 0.000000e+00 -0.000000e+00 1.000000e+00
 outer loop
  vertex -2.5874803e-02 -2.5484456e-03 7.2000000e-02
  vertex -1.1942217e-02 -1.1762057e-03 7.2000000e-02
  vertex -2.5968682e-02 -1.2757595e-03 7.2000000e-02
 endloop
endfacet
facet normal 0.000000e+00 0.000000e+00 1.000000e+00
 outer loop
  vertex -1.1870118e-02 -1.7607657e-03 7.2000000e-02
  vertex -1.1942217e-02 -1.1762057e-03 7.2000000e-02
  vertex -2.5874803e-02 -2.5484456e-03 7.2000000e-02
 endloop
endfacet
facet normal 0.000000e+00 -0.000000e+00 1.000000e+00
 outer loop
  vertex -2.5718589e-02 -3.8149923e-03 7.2000000e-02
  vertex -1.1870118e-02 -1.7607657e-03 7.2000000e-02
  vertex -2.5874803e-02 -2.5484456e-03 7.2000000e-02
 endloop
endfacet
facet normal 0.000000e+00 0.000000e+00 1.000000e+00
 outer loop
  vertex -1.1769423e-02 -2.3410839e-03 7.2000000e-02
  vertex -1.1870118e-02 -1.7607657e-03 7.2000000e-02
  vertex -2.5718589e-02 -3.8149923e-03 7.2000000e-02
 endloop
endfacet
facet normal 0.000000e+00 -0.000000e+00 1.000000e+00
 outer loop
  vertex -2.5500417e-02 -5.0723484e-03 7.2000000e-02
  vertex -1.1769423e-02 -2.3410839e-03 7.2000000e-02
  vertex -2.5718589e-02 -3.8149923e-03 7.2000000e-02
 endloop
endfacet
facet normal 0.000000e+00 0.000000e+00 1.000000e+00
 outer loop
  vertex -1.1640375e-02 -2.9157622e-03 7.2000000e-02
  vertex -1.1769423e-02 -2.3410839e-03 7.2000000e-02
  vertex -2.5500417e-02 -5.0723484e-03 7.2000000e-02
 endloop
endfacet
facet normal 0.000000e+00 -0.000000e+00 1.000000e+00
 outer loop
  vertex -2.5220813e-02 -6.3174847e-03 7.2000000e-02
  vertex -1.1640375e-02 -2.9157622e-03 7.2000000e-02
  vertex -2.5500417e-02 -5.0723484e-03 7.2000000e-02
 endloop
endfacet
facet normal 0.000000e+00 0.000000e+00 1.000000e+00
 outer loop
  vertex -1.1483284e-02 -3.4834161e-03 7.2000000e-02
  vertex -1.1640375e-02 -2.9157622e-03 7.2000000e-02
  vertex -2.5220813e-02 -6.3174847e-03 7.2000000e-02
 endloop
endfacet
facet normal 0.000000e+00 -0.000000e+00 1.000000e+00
 outer loop
  vertex -2.4880449e-02 -7.5474016e-03 7.2000000e-02
  vertex -1.1483284e-02 -3.4834161e-03 7.2000000e-02
  vertex -2.5220813e-02 -6.3174847e-03 7.2000000e-02
 endloop
endfacet
facet normal 0.000000e+00 0.000000e+00 1.000000e+00
 outer loop
  vertex -1.1298529e-02 -4.0426782e-03 7.2000000e-02
  vertex -1.1483284e-02 -3.4834161e-03 7.2000000e-02
  vertex -2.4880449e-02 -7.5474016e-03 7.2000000e-02
 endloop
endfacet
facet normal 0.000000e+00 -0.000000e+00 1.000000e+00
 outer loop
  vertex -2.4480146e-02 -8.7591362e-03 7.2000000e-02
  vertex -1.1298529e-02 -4.0426782e-03 7.2000000e-02
  vertex -2.4880449e-02 -7.5474016e-03 7.2000000e-02
 endloop
endfacet
facet normal 0.000000e+00 0.000000e+00 1.000000e+00
 outer loop
  vertex -1.1086554e-02 -4.5922012e-03 7.2000000e-02
  vertex -1.1298529e-02 -4.0426782e-03 7.2000000e-02
  vertex -2.4480146e-02 -8.7591362e-03 7.2000000e-02
 endloop
endfacet
facet normal 0.000000e+00 -0.000000e+00 1.000000e+00
 outer loop
  vertex -2.4020868e-02 -9.9497692e-03 7.2000000e-02
  vertex -1.1086554e-02 -4.5922012e-03 7.2000000e-02
  vertex -2.4480146e-02 -8.7591362e-03 7.2000000e-02
 endloop
endfacet
facet normal 0.000000e+00 0.000000e+00 1.000000e+00
 outer loop
  vertex -1.0847872e-02 -5.1306611e-03 7.2000000e-02
  vertex -1.1086554e-02 -4.5922012e-03 7.2000000e-02
  vertex -2.4020868e-02 -9.9497692e-03 7.2000000e-02
 endloop
endfacet
facet normal 0.000000e+00 -0.000000e+00 1.000000e+00
 outer loop
  vertex -2.3503722e-02 -1.1116432e-02 7.2000000e-02
  vertex -1.0847872e-02 -5.1306611e-03 7.2000000e-02
  vertex -2.4020868e-02 -9.9497692e-03 7.2000000e-02
 endloop
endfacet
facet normal 0.000000e+00 0.000000e+00 1.000000e+00
 outer loop
  vertex -1.0583055e-02 -5.6567608e-03 7.2000000e-02
  vertex -1.0847872e-02 -5.1306611e-03 7.2000000e-02
  vertex -2.3503722e-02 -1.1116432e-02 7.2000000e-02
 endloop
endfacet
facet normal 0.000000e+00 -0.000000e+00 1.000000e+00
 outer loop
  vertex -2.2929953e-02 -1.2256315e-02 7.2000000e-02
  vertex -1.0583055e-02 -5.6567608e-03 7.2000000e-02
  vertex -2.3503722e-02 -1.1116432e-02 7.2000000e-02
 endloop
endfacet
facet normal 0.000000e+00 0.000000e+00 1.000000e+00
 outer loop
  vertex -1.0292743e-02 -6.1692329e-03 7.2000000e-02
  vertex -1.0583055e-02 -5.6567608e-03 7.2000000e-02
  vertex -2.2929953e-02 -1.2256315e-02 7.2000000e-02
 endloop
endfacet
facet normal 0.000000e+00 -0.000000e+00 1.000000e+00
 outer loop
  vertex -2.2300944e-02 -1.3366671e-02 7.2000000e-02
  vertex -1.0292743e-02 -6.1692329e-03 7.2000000e-02
  vertex -2.2929953e-02 -1.2256315e-02 7.2000000e-02
 endloop
endfacet
facet normal 0.000000e+00 0.000000e+00 1.000000e+00
 outer loop
  vertex -9.9776353e-03 -6.6668428e-03 7.2000000e-02
  vertex -1.0292743e-02 -6.1692329e-03 7.2000000e-02
  vertex -2.2300944e-02 -1.3366671e-02 7.2000000e-02
 endloop
endfacet
facet normal 0.000000e+00 -0.000000e+00 1.000000e+00
 outer loop
  vertex -2.1618210e-02 -1.4444826e-02 7.2000000e-02
  vertex -9.9776353e-03 -6.6668428e-03 7.2000000e-02
  vertex -2.2300944e-02 -1.3366671e-02 7.2000000e-02
 endloop
endfacet
facet normal 0.000000e+00 0.000000e+00 1.000000e+00
 outer loop
  vertex -9.6384904e-03 -7.1483917e-03 7.2000000e-02
  vertex -9.9776353e-03 -6.6668428e-03 7.2000000e-02
  vertex -2.1618210e-02 -1.4444826e-02 7.2000000e-02
 endloop
endfacet
facet normal 0.000000e+00 -0.000000e+00 1.000000e+00
 outer loop
  vertex -2.0883396e-02 -1.5488182e-02 7.2000000e-02
  vertex -9.6384904e-03 -7.1483917e-03 7.2000000e-02
  vertex -2.1618210e-02 -1.4444826e-02 7.2000000e-02
 endloop
endfacet
facet normal 0.000000e+00 0.000000e+00 1.000000e+00
 outer loop
  vertex -9.2761254e-03 -7.6127194e-03 7.2000000e-02
  vertex -9.6384904e-03 -7.1483917e-03 7.2000000e-02
  vertex -2.0883396e-02 -1.5488182e-02 7.2000000e-02
 endloop
endfacet
facet normal 0.000000e+00 -0.000000e+00 1.000000e+00
 outer loop
  vertex -2.0098272e-02 -1.6494225e-02 7.2000000e-02
  vertex -9.2761254e-03 -7.6127194e-03 7.2000000e-02
  vertex -2.0883396e-02 -1.5488182e-02 7.2000000e-02
 endloop
endfacet
facet normal 0.000000e+00 0.000000e+00 1.000000e+00
 outer loop
  vertex -8.8914135e-03 -8.0587075e-03 7.2000000e-02
  vertex -9.2761254e-03 -7.6127194e-03 7.2000000e-02
  vertex -2.0098272e-02 -1.6494225e-02 7.2000000e-02
 endloop
endfacet
facet normal 0.000000e+00 -0.000000e+00 1.000000e+00
 outer loop
  vertex -1.9264729e-02 -1.7460533e-02 7.2000000e-02
  vertex -8.8914135e-03 -8.0587075e-03 7.2000000e-02
  vertex -2.0098272e-02 -1.6494225e-02 7.2000000e-02
 endloop
endfacet
facet normal 0.000000e+00 0.000000e+00 1.000000e+00
 outer loop
  vertex -8.4852814e-03 -8.4852814e-03 7.2000000e-02
  vertex -8.8914135e-03 -8.0587075e-03 7.2000000e-02
  vertex -1.9264729e-02 -1.7460533e-02 7.2000000e-02
 endloop
endfacet
facet normal 0.000000e+00 -0.000000e+00 1.000000e+00
 outer loop
  vertex -1.8384776e-02 -1.8384776e-02 7.2000000e-02
  vertex -8.4852814e-03 -8.4852814e-03 7.2000000e-02
  vertex -1.9264729e-02 -1.7460533e-02 7.2000000e-02
 endloop
endfacet
facet normal 0.000000e+00 0.000000e+00 1.000000e+00
 outer loop
  vertex -8.0587075e-03 -8.8914135e-03 7.2000000e-02
  vertex -8.4852814e-03 -8.4852814e-03 7.2000000e-02
  vertex -1.8384776e-02 -1.8384776e-02 7.2000000e-02
 endloop
endfacet
facet normal 0.000000e+00 -0.000000e+00 1.000000e+00
 outer loop
  vertex -1.7460533e-02 -1.9264729e-02 7.2000000e-02
  vertex -8.0587075e-03 -8.8914135e-03 7.2000000e-02
  vertex -1.8384776e-02 -1.8384776e-02 7.2000000e-02
 endloop
endfacet
facet normal 0.000000e+00 0.000000e+00 1.000000e+00
 outer loop
  vertex -7.6127194e-03 -9.2761254e-03 7.2000000e-02
  vertex -8.0587075e-03 -8.8914135e-03 7.2000000e-02
  vertex -1.7460533e-02 -1.9264729e-02 7.2000000e-02
 endloop
endfacet
facet normal 0.000000e+00 -0.000000e+00 1.000000e+00
 outer loop
  vertex -1.6494225e-02 -2.0098272e-02 7.2000000e-02
  vertex -7.6127194e-03 -9.2761254e-03 7.2000000e-02
  vertex -1.7460533e-02 -1.9264729e-02 7.2000000e-02
 endloop
endfacet
facet normal 0.000000e+00 0.000000e+00 1.000000e+00
 outer loop
  vertex -7.1483917e-03 -9.6384904e-03 7.2000000e-02
  vertex -7.6127194e-03 -9.2761254e-03 7.2000000e-02
  vertex -1.6494225e-02 -2.0098272e-02 7.2000000e-02
 endloop
endfacet
facet normal 0.000000e+00 -0.000000e+00 1.000000e+00
 outer loop
  vertex -1.5488182e-02 -2.0883396e-02 7.2000000e-02
  vertex -7.1483917e-03 -9.6384904e-03 7.2000000e-02
  vertex -1.6494225e-02 -2.0098272e-02 7.2000000e-02
 endloop
endfacet
facet normal 0.000000e+00 0.000000e+00 1.000000e+00
 outer loop
  vertex -6.6668428e-03 -9.9776353e-03 7.2000000e-02
  vertex -7.1483917e-03 -9.6384904e-03 7.2000000e-02
  vertex -1.5488182e-02 -2.0883396e-02 7.2000000e-02
 endloop
endfacet
facet normal 0.000000e+00 -0.000000e+00 1.000000e+00
 outer loop
  vertex -1.4444826e-02 -2.1618210e-02 7.2000000e-02
  vertex -6.6668428e-03 -9.9776353e-03 7.2000000e-02
  vertex -1.5488182e-02 -2.0883396e-02 7.2000000e-02
 endloop
endfacet
facet normal 0.000000e+00 0.000000e+00 1.000000e+00
 outer loop
  vertex -6.1692329e-03 -1.0292743e-02 7.2000000e-02
  vertex -6.6668428e-03 -9.9776353e-03 7.2000000e-02
  vertex -1.4444826e-02 -2.1618210e-02 7.2000000e-02
 endloop
endfacet
facet normal 0.000000e+00 -0.000000e+00 1.000000e+00
 outer loop
  vertex -1.3366671e-02 -2.2300944e-02 7.2000000e-02
  vertex -6.1692329e-03 -1.0292743e-02 7.2000000e-02
  vertex -1.4444826e-02 -2.1618210e-02 7.2000000e-02
 endloop
endfacet
facet normal 0.000000e+00 0.000000e+00 1.000000e+00
 outer loop
  vertex -5.6567608e-03 -1.0583055e-02 7.2000000e-02
  vertex -6.1692329e-03 -1.0292743e-02 7.2000000e-02
  vertex -1.3366671e-02 -2.2300944e-02 7.2000000e-02
 endloop
endfacet
facet normal 0.000000e+00 -0.000000e+00 1.000000e+00
 outer loop
  vertex -1.2256315e-02 -2.2929953e-02 7.2000000e-02
  vertex -5.6567608e-03 -1.0583055e-02 7.2000000e-02
  vertex -1.3366671e-02 -2.2300944e-02 7.2000000e-02
 endloop
endfacet
facet normal 0.000000e+00 0.000000e+00 1.000000e+00
 outer loop
  vertex -5.1306611e-03 -1.0847872e-02 7.2000000e-02
  vertex -5.6567608e-03 -1.0583055e-02 7.2000000e-02
  vertex -1.2256315e-02 -2.2929953e-02 7.2000000e-02
 endloop
endfacet
facet normal 0.000000e+00 -0.000000e+00 1.000000e+00
 outer loop
  vertex -1.1116432e-02 -2.3503722e-02 7.2000000e-02
  vertex -5.1306611e-03 -1.0847872e-02 7.2000000e-02
  vertex -1.2256315e-02 -2.2929953e-02 7.2000000e-02
 endloop
endfacet
facet normal 0.000000e+00 0.000000e+00 1.000000e+00
 outer loop
  vertex -4.5922012e-03 -1.1086554e-02 7.2000000e-02
  vertex -5.1306611e-03 -1.0847872e-02 7.2000000e-02
  vertex -1.1116432e-02 -2.3503722e-02 7.2000000e-02
 endloop
endfacet
facet normal 0.000000e+00 -0.000000e+00 1.000000e+00
 outer loop
  vertex -9.9497692e-03 -2.4020868e-02 7.2000000e-02
  vertex -4.5922012e-03 -1.1086554e-02 7.2000000e-02
  vertex -1.1116432e-02 -2.3503722e-02 7.2000000e-02
 endloop
endfacet
facet normal 0.000000e+00 0.000000e+00 1.000000e+00
 outer loop
  vertex -4.0426782e-03 -1.1298529e-02 7.2000000e-02
  vertex -4.5922012e-03 -1.1086554e-02 7.2000000e-02
  vertex -9.9497692e-03 -2.4020868e-02 7.2000000e-02
 endloop
endfacet
facet normal 0.000000e+00 -0.000000e+00 1.000000e+00
 outer loop
  vertex -8.7591362e-03 -2.4480146e-02 7.2000000e-02
  vertex -4.0426782e-03 -1.1298529e-02 7.2000000e-02
  vertex -9.9497692e-03 -2.4020868e-02 7.2000000e-02
 endloop
endfacet
facet normal 0.000000e+00 0.000000e+00 1.000000e+00
 outer loop
  vertex -3.4834161e-03 -1.1483284e-02 7.2000000e-02
  vertex -4.0426782e-03 -1.1298529e-02 7.2000000e-02
  vertex -8.7591362e-03 -2.4480146e-02 7.2000000e-02
 endloop
endfacet
facet normal 0.000000e+00 -0.000000e+00 1.000000e+00
 outer loop
  vertex -7.5474016e-03 -2.4880449e-02 7.2000000e-02
  vertex -3.4834161e-03 -1.1483284e-02 7.2000000e-02
  vertex -8.7591362e-03 -2.4480146e-02 7.2000000e-02
 endloop
endfacet
facet normal 0.000000e+00 0.000000e+00 1.000000e+00
 outer loop
  vertex -2.9157622e-03 -1.1640375e-02 7.2000000e-02
  vertex -3.4834161e-03 -1.1483284e-02 7.2000000e-02
  vertex -7.5474016e-03 -2.4880449e-02 7.2000000e-02
 endloop
endfacet
facet normal 0.000000e+00 -0.000000e+00 1.000000e+00
 outer loop
  vertex -6.3174847e-03 -2.5220813e-02 7.2000000e-02
  vertex -2.9157622e-03 -1.1640375e-02 7.2000000e-02
  vertex -7.5474016e-03 -2.4880449e-02 7.2000000e-02
 endloop
endfacet
facet normal 0.000000e+00 0.000000e+00 1.000000e+00
 outer loop
  vertex -2.3410839e-03 -1.1769423e-02 7.2000000e-02
  vertex -2.9157622e-03 -1.1640375e-02 7.2000000e-02
  vertex -6.3174847e-03 -2.5220813e-02 7.2000000e-02
 endloop
endfacet
facet normal 0.000000e+00 -0.000000e+00 1.000000e+00
 outer loop
  vertex -5.0723484e-03 -2.5500417e-02 7.2000000e-02
  vertex -2.3410839e-03 -1.1769423e-02 7.2000000e-02
  vertex -6.3174847e-03 -2.5220813e-02 7.2000000e-02
 endloop
endfacet
facet normal 0.000000e+00 0.000000e+00 1.000000e+00
 outer loop
  vertex -1.7607657e-03 -1.1870118e-02 7.2000000e-02
  vertex -2.3410839e-03 -1.1769423e-02 7.2000000e-02
  vertex -5.0723484e-03 -2.5500417e-02 7.2000000e-02
 endloop
endfacet
facet normal 0.000000e+00 -0.000000e+00 1.000000e+00
 outer loop
  vertex -3.8149923e-03 -2.5718589e-02 7.2000000e-02
  vertex -1.7607657e-03 -1.1870118e-02 7.2000000e-02
  vertex -5.0723484e-03 -2.5500417e-02 7.2000000e-02
 endloop
endfacet
facet normal 0.000000e+00 0.000000e+00 1.000000e+00
 outer loop
  vertex -1.1762057e-03 -1.1942217e-02 7.2000000e-02
  vertex -1.7607657e-03 -1.1870118e-02 7.2000000e-02
  vertex -3.8149923e-03 -2.5718589e-02 7.2000000e-02
 endloop
endfacet
facet normal 0.000000e+00 -0.000000e+00 1.000000e+00
 outer loop
  vertex -2.5484456e-03 -2.5874803e-02 7.2000000e-02
  vertex -1.1762057e-03 -1.1942217e-02 7.2000000e-02
  vertex -3.8149923e-03 -2.5718589e-02 7.2000000e-02
 endloop
endfacet
facet normal 0.000000e+00 0.000000e+00 1.000000e+00
 outer loop
  vertex -5.8881209e-04 -1.1985545e-02 7.2000000e-02
  vertex -1.1762057e-03 -1.1942217e-02 7.2000000e-02
  vertex -2.5484456e-03 -2.5874803e-02 7.2000000e-02
 endloop
endfacet
facet normal 0.000000e+00 -0.000000e+00 1.000000e+00
 outer loop
  vertex -1.2757595e-03 -2.5968682e-02 7.2000000e-02
  vertex -5.8881209e-04 -1.1985545e-02 7.2000000e-02
  vertex -2.5484456e-03 -2.5874803e-02 7.2000000e-02
 endloop
endfacet
facet normal 0.000000e+00 0.000000e+00 1.000000e+00
 outer loop
  vertex -2.2043642e-18 -1.2000000e-02 7.2000000e-02
  vertex -5.8881209e-04 -1.1985545e-02 7.2000000e-02
  vertex -1.2757595e-03 -2.5968682e-02 7.2000000e-02
 endloop
endfacet
facet normal 0.000000e+00 -0.000000e+00 1.000000e+00
 outer loop
  vertex -4.7761225e-18 -2.6000000e-02 7.2000000e-02
  vertex -2.2043642e-18 -1.2000000e-02 7.2000000e-02
  vertex -1.2757595e-03 -2.5968682e-02 7.2000000e-02
 endloop
endfacet
facet normal 0.000000e+00 0.000000e+00 1.000000e+00
 outer loop
  vertex 5.8881209e-04 -1.1985545e-02 7.2000000e-02
  vertex -2.2043642e-18 -1.2000000e-02 7.2000000e-02
  vertex -4.7761225e-18 -2.6000000e-02 7.2000000e-02
 endloop
endfacet
facet normal 0.000000e+00 0.000000e+00 1.000000e+00
 outer loop
  vertex 1.2757595e-03 -2.5968682e-02 7.2000000e-02
  vertex 5.8881209e-04 -1.1985545e-02 7.2000000e-02
  vertex -4.7761225e-18 -2.6000000e-02 7.2000000e-02
 endloop
endfacet
facet normal 0.000000e+00 0.000000e+00 1.000000e+00
 outer loop
  vertex 1.1762057e-03 -1.1942217e-02 7.2000000e-02
  vertex 5.8881209e-04 -1.1985545e-02 7.2000000e-02
  vertex 1.2757595e-03 -2.5968682e-02 7.2000000e-02
 endloop
endfacet
facet normal 0.000000e+00 0.000000e+00 1.000000e+00
 outer loop
  vertex 2.5484456e-03 -2.5874803e-02 7.2000000e-02
  vertex 1.1762057e-03 -1.1942217e-02 7.2000000e-02
  vertex 1.2757595e-03 -2.5968682e-02 7.2000000e-02
 endloop
endfacet
facet normal 0.000000e+00 0.000000e+00 1.000000e+00
 outer loop
  vertex 1.7607657e-03 -1.1870118e-02 7.2000000e-02
  vertex 1.1762057e-03 -1.1942217e-02 7.2000000e-02
  vertex 2.5484456e-03 -2.5874803e-02 7.2000000e-02
 endloop
endfacet
facet normal 0.000000e+00 0.000000e+00 1.000000e+00
 outer loop
  vertex 3.8149923e-03 -2.5718589e-02 7.2000000e-02
  vertex 1.7607657e-03 -1.1870118e-02 7.2000000e-02
  vertex 2.5484456e-03 -2.5874803e-02 7.2000000e-02
 endloop
endfacet
facet normal 0.000000e+00 0.000000e+00 1.000000e+00
 outer loop
  vertex 2.3410839e-03 -1.1769423e-02 7.2000000e-02
  vertex 1.7607657e-03 -1.1870118e-02 7.2000000e-02
  vertex 3.8149923e-03 -2.5718589e-02 7.2000000e-02
 endloop
endfacet
facet normal 0.000000e+00 0.000000e+00 1.000000e+00
 outer loop
  vertex 5.0723484e-03 -2.5500417e-02 7.2000000e-02
  vertex 2.3410839e-03 -1.1769423e-02 7.2000000e-02
  vertex 3.8149923e-03 -2.5718589e-02 7.2000000e-02
 endloop
endfacet
facet normal 0.000000e+00 0.000000e+00 1.000000e+00
 outer loop
  vertex 2.9157622e-03 -1.1640375e-02 7.2000000e-02
  vertex 2.3410839e-03 -1.1769423e-02 7.2000000e-02
  vertex 5.0723484e-03 -2.5500417e-02 7.2000000e-02
 endloop
endfacet
facet normal 0.000000e+00 0.000000e+00 1.000000e+00
 outer loop
  vertex 6.3174847e-03 -2.5220813e-02 7.2000000e-02
  vertex 2.9157622e-03 -1.1640375e-02 7.2000000e-02
  vertex 5.0723484e-03 -2.5500417e-02 7.2000000e-02
 endloop
endfacet
facet normal 0.000000e+00 0.000000e+00 1.000000e+00
 outer loop
  vertex 3.4834161e-03 -1.1483284e-02 7.2000000e-02
  vertex 2.9157622e-03 -1.1640375e-02 7.2000000e-02
  vertex 6.3174847e-03 -2.5220813e-02 7.2000000e-02
 endloop
endfacet
facet normal 0.000000e+00 0.000000e+00 1.000000e+00
 outer loop
  vertex 7.5474016e-03 -2.4880449e-02 7.2000000e-02
  vertex 3.4834161e-03 -1.1483284e-02 7.2000000e-02
  vertex 6.3174847e-03 -2.5220813e-02 7.2000000e-02
 endloop
endfacet
facet normal 0.000000e+00 0.000000e+00 1.000000e+00
 outer loop
  vertex 4.0426782e-03 -1.1298529e-02 7.2000000e-02
  vertex 3.4834161e-03 -1.1483284e-02 7.2000000e-02
  vertex 7.5474016e-03 -2.4880449e-02 7.2000000e-02
 endloop
endfacet
facet normal 0.000000e+00 0.000000e+00 1.000000e+00
 outer loop
  vertex 8.7591362e-03 -2.4480146e-02 7.2000000e-02
  vertex 4.0426782e-03 -1.1298529e-02 7.2000000e-02
  vertex 7.5474016e-03 -2.4880449e-02 7.2000000e-02
 endloop
endfacet
facet normal 0.000000e+00 0.000000e+00 1.000000e+00
 outer loop
  vertex 4.5922012e-03 -1.1086554e-02 7.2000000e-02
  vertex 4.0426782e-03 -1.1298529e-02 7.2000000e-02
  vertex 8.7591362e-03 -2.4480146e-02 7.2000000e-02
 endloop
endfacet
facet normal 0.000000e+00 0.000000e+00 1.000000e+00
 outer loop
  vertex 9.9497692e-03 -2.4020868e-02 7.2000000e-02
  vertex 4.5922012e-03 -1.1086554e-02 7.2000000e-02
  vertex 8.7591362e-03 -2.4480146e-02 7.2000000e-02
 endloop
endfacet
facet normal 0.000000e+00 0.000000e+00 1.000000e+00
 outer loop
  vertex 5.1306611e-03 -1.0847872e-02 7.2000000e-02
  vertex 4.5922012e-03 -1.1086554e-02 7.2000000e-02
  vertex 9.9497692e-03 -2.4020868e-02 7.2000000e-02
 endloop
endfacet
facet normal 0.000000e+00 0.000000e+00 1.000000e+00
 outer loop
  vertex 1.1116432e-02 -2.3503722e-02 7.2000000e-02
  vertex 5.1306611e-03 -1.0847872e-02 7.2000000e-02
  vertex 9.9497692e-03 -2.4020868e-02 7.2000000e-02
 endloop
endfacet
facet normal 0.000000e+00 0.000000e+00 1.000000e+00
 outer loop
  vertex 5.6567608e-03 -1.0583055e-02 7.2000000e-02
  vertex 5.1306611e-03 -1.0847872e-02 7.2000000e-02
  vertex 1.1116432e-02 -2.3503722e-02 7.2000000e-02
 endloop
endfacet
facet normal 0.000000e+00 0.000000e+00 1.000000e+00
 outer loop
  vertex 1.2256315e-02 -2.2929953e-02 7.2000000e-02
  vertex 5.6567608e-03 -1.0583055e-02 7.2000000e-02
  vertex 1.1116432e-02 -2.3503722e-02 7.2000000e-02
 endloop
endfacet
facet normal 0.000000e+00 0.000000e+00 1.000000e+00
 outer loop
  vertex 6.1692329e-03 -1.0292743e-02 7.2000000e-02
  vertex 5.6567608e-03 -1.0583055e-02 7.2000000e-02
  vertex 1.2256315e-02 -2.2929953e-02 7.2000000e-02
 endloop
endfacet
facet normal 0.000000e+00 0.000000e+00 1.000000e+00
 outer loop
  vertex 1.3366671e-02 -2.2300944e-02 7.2000000e-02
  vertex 6.1692329e-03 -1.0292743e-02 7.2000000e-02
  vertex 1.2256315e-02 -2.2929953e-02 7.2000000e-02
 endloop
endfacet
facet normal 0.000000e+00 0.000000e+00 1.000000e+00
 outer loop
  vertex 6.6668428e-03 -9.9776353e-03 7.2000000e-02
  vertex 6.1692329e-03 -1.0292743e-02 7.2000000e-02
  vertex 1.3366671e-02 -2.2300944e-02 7.2000000e-02
 endloop
endfacet
facet normal 0.000000e+00 0.000000e+00 1.000000e+00
 outer loop
  vertex 1.4444826e-02 -2.1618210e-02 7.2000000e-02
  vertex 6.6668428e-03 -9.9776353e-03 7.2000000e-02
  vertex 1.3366671e-02 -2.2300944e-02 7.2000000e-02
 endloop
endfacet
facet normal 0.000000e+00 0.000000e+00 1.000000e+00
 outer loop
  vertex 7.1483917e-03 -9.6384904e-03 7.2000000e-02
  vertex 6.6668428e-03 -9.9776353e-03 7.2000000e-02
  vertex 1.4444826e-02 -2.1618210e-02 7.2000000e-02
 endloop
endfacet
facet normal 0.000000e+00 0.000000e+00 1.000000e+00
 outer loop
  vertex 1.5488182e-02 -2.0883396e-02 7.2000000e-02
  vertex 7.1483917e-03 -9.6384904e-03 7.2000000e-02
  vertex 1.4444826e-02 -2.1618210e-02 7.2000000e-02
 endloop
endfacet
facet normal 0.000000e+00 0.000000e+00 1.000000e+00
 outer loop
  vertex 7.6127194e-03 -9.2761254e-03 7.2000000e-02
  vertex 7.1483917e-03 -9.6384904e-03 7.2000000e-02
  vertex 1.5488182e-02 -2.0883396e-02 7.2000000e-02
 endloop
endfacet
facet normal 0.000000e+00 0.000000e+00 1.000000e+00
 outer loop
  vertex 1.6494225e-02 -2.0098272e-02 7.2000000e-02
  vertex 7.6127194e-03 -9.2761254e-03 7.2000000e-02
  vertex 1.5488182e-02 -2.0883396e-02 7.2000000e-02
 endloop
endfacet
facet normal 0.000000e+00 0.000000e+00 1.000000e+00
 outer loop
  vertex 8.0587075e-03 -8.8914135e-03 7.2000000e-02
  vertex 7.6127194e-03 -9.2761254e-03 7.2000000e-02
  vertex 1.6494225e-02 -2.0098272e-02 7.2000000e-02
 endloop
endfacet
facet normal 0.000000e+00 0.000000e+00 1.000000e+00
 outer loop
  vertex 1.7460533e-02 -1.9264729e-02 7.2000000e-02
  vertex 8.0587075e-03 -8.8914135e-03 7.2000000e-02
  vertex 1.6494225e-02 -2.0098272e-02 7.2000000e-02
 endloop
endfacet
facet normal 0.000000e+00 0.000000e+00 1.000000e+00
 outer loop
  vertex 8.4852814e-03 -8.4852814e-03 7.2000000e-02
  vertex 8.0587075e-03 -8.8914135e-03 7.2000000e-02
  vertex 1.7460533e-02 -1.9264729e-02 7.2000000e-02
 endloop
endfacet
facet normal 0.000000e+00 0.000000e+00 1.000000e+00
 outer loop
  vertex 1.8384776e-02 -1.8384776e-02 7.2000000e-02
  vertex 8.4852814e-03 -8.4852814e-03 7.2000000e-02
  vertex 1.7460533e-02 -1.9264729e-02 7.2000000e-02
 endloop
endfacet
facet normal 0.000000e+00 0.000000e+00 1.000000e+00
 outer loop
  vertex 8.8914135e-03 -8.0587075e-03 7.2000000e-02
  vertex 8.4852814e-03 -8.4852814e-03 7.2000000e-02
  vertex 1.8384776e-02 -1.8384776e-02 7.2000000e-02
 endloop
endfacet
facet normal 0.000000e+00 0.000000e+00 1.000000e+00
 outer loop
  vertex 1.9264729e-02 -1.7460533e-02 7.2000000e-02
  vertex 8.8914135e-03 -8.0587075e-03 7.2000000e-02
  vertex 1.8384776e-02 -1.8384776e-02 7.2000000e-02
 endloop
endfacet
facet normal 0.000000e+00 0.000000e+00 1.000000e+00
 outer loop
  vertex 9.2761254e-03 -7.6127194e-03 7.2000000e-02
  vertex 8.8914135e-03 -8.0587075e-03 7.2000000e-02
  vertex 1.9264729e-02 -1.7460533e-02 7.2000000e-02
 endloop
endfacet
facet normal 0.000000e+00 0.000000e+00 1.000000e+00
 outer loop
  vertex 2.0098272e-02 -1.6494225e-02 7.2000000e-02
  vertex 9.2761254e-03 -7.6127194e-03 7.2000000e-02
  vertex 1.9264729e-02 -1.7460533e-02 7.2000000e-02
 endloop
endfacet
facet normal 0.000000e+00 0.000000e+00 1.000000e+00
 outer loop
  vertex 9.6384904e-03 -7.1483917e-03 7.2000000e-02
  vertex 9.2761254e-03 -7.6127194e-03 7.2000000e-02
  vertex 2.0098272e-02 -1.6494225e-02 7.2000000e-02
 endloop
endfacet
facet normal 0.000000e+00 0.000000e+00 1.000000e+00
 outer loop
  vertex 2.0883396e-02 -1.5488182e-02 7.2000000e-02
  vertex 9.6384904e-03 -7.1483917e-03 7.2000000e-02
  vertex 2.0098272e-02 -1.6494225e-02 7.2000000e-02
 endloop
endfacet
facet normal 0.000000e+00 0.000000e+00 1.000000e+00
 outer loop
  vertex 9.9776353e-03 -6.6668428e-03 7.2000000e-02
  vertex 9.6384904e-03 -7.1483917e-03 7.2000000e-02
  vertex 2.0883396e-02 -1.5488182e-02 7.2000000e-02
 endloop
endfacet
facet normal 0.000000e+00 0.000000e+00 1.000000e+00
 outer loop
  vertex 2.1618210e-02 -1.4444826e-02 7.2000000e-02
  vertex 9.9776353e-03 -6.6668428e-03 7.2000000e-02
  vertex 2.0883396e-02 -1.5488182e-02 7.2000000e-02
 endloop
endfacet
facet normal 0.000000e+00 0.000000e+00 1.000000e+00
 outer loop
  vertex 1.0292743e-02 -6.1692329e-03 7.2000000e-02
  vertex 9.9776353e-03 -6.6668428e-03 7.2000000e-02
  vertex 2.1618210e-02 -1.4444826e-02 7.2000000e-02
 endloop
endfacet
facet normal 0.000000e+00 0.000000e+00 1.000000e+00
 outer loop
  vertex 2.2300944e-02 -1.3366671e-02 7.2000000e-02
  vertex 1.0292743e-02 -6.1692329e-03 7.2000000e-02
  vertex 2.1618210e-02 -1.4444826e-02 7.2000000e-02
 endloop
endfacet
facet normal 0.000000e+00 0.000000e+00 1.000000e+00
 outer loop
  vertex 1.0583055e-02 -5.6567608e-03 7.2000000e-02
  vertex 1.0292743e-02 -6.1692329e-03 7.2000000e-02
  vertex 2.2300944e-02 -1.3366671e-02 7.2000000e-02
 endloop
endfacet
facet normal 0.000000e+00 0.000000e+00 1.000000e+00
 outer loop
  vertex 2.2929953e-02 -1.2256315e-02 7.2000000e-02
  vertex 1.0583055e-02 -5.6567608e-03 7.2000000e-02
  vertex 2.2300944e-02 -1.3366671e-02 7.2000000e-02
 endloop
endfacet
facet normal 0.000000e+00 0.000000e+00 1.000000e+00
 outer loop
  vertex 1.0847872e-02 -5.1306611e-03 7.2000000e-02
  vertex 1.0583055e-02 -5.6567608e-03 7.2000000e-02
  vertex 2.2929953e-02 -1.2256315e-02 7.2000000e-02
 endloop
endfacet
facet normal 0.000000e+00 0.000000e+00 1.000000e+00
 outer loop
  vertex 2.3503722e-02 -1.1116432e-02 7.2000000e-02
  vertex 1.0847872e-02 -5.1306611e-03 7.2000000e-02
  vertex 2.2929953e-02 -1.2256315e-02 7.2000000e-02
 endloop
endfacet
facet normal 0.000000e+00 0.000000e+00 1.000000e+00
 outer loop
  vertex 1.1086554e-02 -4.5922012e-03 7.2000000e-02
  vertex 1.0847872e-02 -5.1306611e-03 7.2000000e-02
  vertex 2.3503722e-02 -1.1116432e-02 7.2000000e-02
 endloop
endfacet
facet normal 0.000000e+00 0.000000e+00 1.000000e+00
 outer loop
  vertex 2.4020868e-02 -9.9497692e-03 7.2000000e-02
  vertex 1.1086554e-02 -4.5922012e-03 7.2000000e-02
  vertex 2.3503722e-02 -1.1116432e-02 7.2000000e-02
 endloop
endfacet
facet normal 0.000000e+00 0.000000e+00 1.000000e+00
 outer loop
  vertex 1.1298529e-02 -4.0426782e-03 7.2000000e-02
  vertex 1.1086554e-02 -4.5922012e-03 7.2000000e-02
  vertex 2.4020868e-02 -9.9497692e-03 7.2000000e-02
 endloop
endfacet
facet normal 0.000000e+00 0.000000e+00 1.000000e+00
 outer loop
  vertex 2.4480146e-02 -8.7591362e-03 7.2000000e-02
  vertex 1.1298529e-02 -4.0426782e-03 7.2000000e-02
  vertex 2.4020868e-02 -9.9497692e-03 7.2000000e-02
 endloop
endfacet
facet normal 0.000000e+00 0.000000e+00 1.000000e+00
 outer loop
  vertex 1.1483284e-02 -3.4834161e-03 7.2000000e-02
  vertex 1.1298529e-02 -4.0426782e-03 7.2000000e-02
  vertex 2.4480146e-02 -8.7591362e-03 7.2000000e-02
 endloop
endfacet
facet normal 0.000000e+00 0.000000e+00 1.000000e+00
 outer loop
  vertex 2.4880449e-02 -7.5474016e-03 7.2000000e-02
  vertex 1.1483284e-02 -3.4834161e-03 7.2000000e-02
  vertex 2.4480146e-02 -8.7591362e-03 7.2000000e-02
 endloop
endfacet
facet normal 0.000000e+00 0.000000e+00 1.000000e+00
 outer loop
  vertex 1.1640375e-02 -2.9157622e-03 7.2000000e-02
  vertex 1.1483284e-02 -3.4834161e-03 7.2000000e-02
  vertex 2.4880449e-02 -7.5474016e-03 7.2000000e-02
 endloop
endfacet
facet normal 0.000000e+00 0.000000e+00 1.000000e+00
 outer loop
  vertex 2.5220813e-02 -6.3174847e-03 7.2000000e-02
  vertex 1.1640375e-02 -2.9157622e-03 7.2000000e-02
  vertex 2.4880449e-02 -7.5474016e-03 7.2000000e-02
 endloop
endfacet
facet normal 0.000000e+00 0.000000e+00 1.000000e+00
 outer loop
  vertex 1.1769423e-02 -2.3410839e-03 7.2000000e-02
  vertex 1.1640375e-02 -2.9157622e-03 7.2000000e-02
  vertex 2.5220813e-02 -6.3174847e-03 7.2000000e-02
 endloop
endfacet
facet normal 0.000000e+00 0.000000e+00 1.000000e+00
 outer loop
  vertex 2.5500417e-02 -5.0723484e-03 7.2000000e-02
  vertex 1.1769423e-02 -2.3410839e-03 7.2000000e-02
  vertex 2.5220813e-02 -6.3174847e-03 7.2000000e-02
 endloop
endfacet
facet normal 0.000000e+00 0.000000e+00 1.000000e+00
 outer loop
  vertex 1.1870118e-02 -1.7607657e-03 7.2000000e-02
  vertex 1.1769423e-02 -2.3410839e-03 7.2000000e-02
  vertex 2.5500417e-02 -5.0723484e-03 7.2000000e-02
 endloop
endfacet
facet normal 0.000000e+00 0.000000e+00 1.000000e+00
 outer loop
  vertex 2.5718589e-02 -3.8149923e-03 7.2000000e-02
  vertex 1.1870118e-02 -1.7607657e-03 7.2000000e-02
  vertex 2.5500417e-02 -5.0723484e-03 7.2000000e-02
 endloop
endfacet
facet normal 0.000000e+00 0.000000e+00 1.000000e+00
 outer loop
  vertex 1.1942217e-02 -1.1762057e-03 7.2000000e-02
  vertex 1.1870118e-02 -1.7607657e-03 7.2000000e-02
  vertex 2.5718589e-02 -3.8149923e-03 7.2000000e-02
 endloop
endfacet
facet normal 0.000000e+00 0.000000e+00 1.000000e+00
 outer loop
  vertex 2.5874803e-02 -2.5484456e-03 7.2000000e-02
  vertex 1.1942217e-02 -1.1762057e-03 7.2000000e-02
  vertex 2.5718589e-02 -3.8149923e-03 7.2000000e-02
 endloop
endfacet
facet normal 0.000000e+00 0.000000e+00 1.000000e+00
 outer loop
  vertex 1.1985545e-02 -5.8881209e-04 7.2000000e-02
  vertex 1.1942217e-02 -1.1762057e-03 7.2000000e-02
  vertex 2.5874803e-02 -2.5484456e-03 7.2000000e-02
 endloop
endfacet
facet normal 0.000000e+00 0.000000e+00 1.000000e+00
 outer loop
  vertex 2.5968682e-02 -1.2757595e-03 7.2000000e-02
  vertex 1.1985545e-02 -5.8881209e-04 7.2000000e-02
  vertex 2.5874803e-02 -2.5484456e-03 7.2000000e-02
 endloop
endfacet
facet normal 0.000000e+00 0.000000e+00 1.000000e+00
 outer loop
  vertex 1.2000000e-02 0.0000000e+00 7.2000000e-02
  vertex 1.1985545e-02 -5.8881209e-04 7.2000000e-02
  vertex 2.5968682e-02 -1.2757595e-03 7.2000000e-02
 endloop
endfacet
facet normal 0.000000e+00 0.000000e+00 1.000000e+00
 outer loop
  vertex 2.6000000e-02 0.0000000e+00 7.2000000e-02
  vertex 1.2000000e-02 0.0000000e+00 7.2000000e-02
  vertex 2.5968682e-02 -1.2757595e-03 7.2000000e-02
 endloop
endfacet
facet normal -9.996988e-01 -2.454123e-02 0.000000e+00
 outer loop
  vertex 1.1985545e-02 5.8881209e-04 7.0000000e-02
  vertex 1.2000000e-02 0.0000000e+00 7.0000000e-02
  vertex 1.2000000e-02 0.0000000e+00 7.2000000e-02
 endloop
endfacet
facet normal -9.996988e-01 -2.454123e-02 -0.000000e+00
 outer loop
  vertex 1.1985545e-02 5.8881209e-04 7.2000000e-02
  vertex 1.1985545e-02 5.8881209e-04 7.0000000e-02
  vertex 1.2000000e-02 0.0000000e+00 7.2000000e-02
 endloop
endfacet
facet normal -9.972905e-01 -7.356456e-02 0.000000e+00
 outer loop
  vertex 1.1942217e-02 1.1762057e-03 7.0000000e-02
  vertex 1.1985545e-02 5.8881209e-04 7.0000000e-02
  vertex 1.1985545e-02 5.8881209e-04 7.2000000e-02
 endloop
endfacet
facet normal -9.972905e-01 -7.356456e-02 -0.000000e+00
 outer loop
  vertex 1.1942217e-02 1.1762057e-03 7.2000000e-02
  vertex 1.1942217e-02 1.1762057e-03 7.0000000e-02
  vertex 1.1985545e-02 5.8881209e-04 7.2000000e-02
 endloop
endfacet
facet normal -9.924795e-01 -1.224107e-01 0.000000e+00
 outer loop
  vertex 1.1870118e-02 1.7607657e-03 7.0000000e-02
  vertex 1.1942217e-02 1.1762057e-03 7.0000000e-02
  vertex 1.1942217e-02 1.1762057e-03 7.2000000e-02
 endloop
endfacet
facet normal -9.924795e-01 -1.224107e-01 -0.000000e+00
 outer loop
  vertex 1.1870118e-02 1.7607657e-03 7.2000000e-02
  vertex 1.1870118e-02 1.7607657e-03 7.0000000e-02
  vertex 1.1942217e-02 1.1762057e-03 7.2000000e-02
 endloop
endfacet
facet normal -9.852776e-01 -1.709619e-01 0.000000e+00
 outer loop
  vertex 1.1769423e-02 2.3410839e-03 7.0000000e-02
  vertex 1.1870118e-02 1.7607657e-03 7.0000000e-02
  vertex 1.1870118e-02 1.7607657e-03 7.2000000e-02
 endloop
endfacet
facet normal -9.852776e-01 -1.709619e-01 -0.000000e+00
 outer loop
  vertex 1.1769423e-02 2.3410839e-03 7.2000000e-02
  vertex 1.1769423e-02 2.3410839e-03 7.0000000e-02
  vertex 1.1870118e-02 1.7607657e-03 7.2000000e-02
 endloop
endfacet
facet normal -9.757021e-01 -2.191012e-01 0.000000e+00
 outer loop
  vertex 1.1640375e-02 2.9157622e-03 7.0000000e-02
  vertex 1.1769423e-02 2.3410839e-03 7.0000000e-02
  vertex 1.1769423e-02 2.3410839e-03 7.2000000e-02
 endloop
endfacet
facet normal -9.757021e-01 -2.191012e-01 -0.000000e+00
 outer loop
  vertex 1.1640375e-02 2.9157622e-03 7.2000000e-02
  vertex 1.1640375e-02 2.9157622e-03 7.0000000e-02
  vertex 1.1769423e-02 2.3410839e-03 7.2000000e-02
 endloop
endfacet
facet normal -9.637761e-01 -2.667128e-01 0.000000e+00
 outer loop
  vertex 1.1483284e-02 3.4834161e-03 7.0000000e-02
  vertex 1.1640375e-02 2.9157622e-03 7.0000000e-02
  vertex 1.1640375e-02 2.9157622e-03 7.2000000e-02
 endloop
endfacet
facet normal -9.637761e-01 -2.667128e-01 -0.000000e+00
 outer loop
  vertex 1.1483284e-02 3.4834161e-03 7.2000000e-02
  vertex 1.1483284e-02 3.4834161e-03 7.0000000e-02
  vertex 1.1640375e-02 2.9157622e-03 7.2000000e-02
 endloop
endfacet
facet normal -9.495282e-01 -3.136817e-01 0.000000e+00
 outer loop
  vertex 1.1298529e-02 4.0426782e-03 7.0000000e-02
  vertex 1.1483284e-02 3.4834161e-03 7.0000000e-02
  vertex 1.1483284e-02 3.4834161e-03 7.2000000e-02
 endloop
endfacet
facet normal -9.495282e-01 -3.136817e-01 -0.000000e+00
 outer loop
  vertex 1.1298529e-02 4.0426782e-03 7.2000000e-02
  vertex 1.1298529e-02 4.0426782e-03 7.0000000e-02
  vertex 1.1483284e-02 3.4834161e-03 7.2000000e-02
 endloop
endfacet
facet normal -9.329928e-01 -3.598950e-01 0.000000e+00
 outer loop
  vertex 1.1086554e-02 4.5922012e-03 7.0000000e-02
  vertex 1.1298529e-02 4.0426782e-03 7.0000000e-02
  vertex 1.1298529e-02 4.0426782e-03 7.2000000e-02
 endloop
endfacet
facet normal -9.329928e-01 -3.598950e-01 -0.000000e+00
 outer loop
  vertex 1.1086554e-02 4.5922012e-03 7.2000000e-02
  vertex 1.1086554e-02 4.5922012e-03 7.0000000e-02
  vertex 1.1298529e-02 4.0426782e-03 7.2000000e-02
 endloop
endfacet
facet normal -9.142098e-01 -4.052413e-01 0.000000e+00
 outer loop
  vertex 1.0847872e-02 5.1306611e-03 7.0000000e-02
  vertex 1.1086554e-02 4.5922012e-03 7.0000000e-02
  vertex 1.1086554e-02 4.5922012e-03 7.2000000e-02
 endloop
endfacet
facet normal -9.142098e-01 -4.052413e-01 -0.000000e+00
 outer loop
  vertex 1.0847872e-02 5.1306611e-03 7.2000000e-02
  vertex 1.0847872e-02 5.1306611e-03 7.0000000e-02
  vertex 1.1086554e-02 4.5922012e-03 7.2000000e-02
 endloop
endfacet
facet normal -8.932243e-01 -4.496113e-01 0.000000e+00
 outer loop
  vertex 1.0583055e-02 5.6567608e-03 7.0000000e-02
  vertex 1.0847872e-02 5.1306611e-03 7.0000000e-02
  vertex 1.0847872e-02 5.1306611e-03 7.2000000e-02
 endloop
endfacet
facet normal -8.932243e-01 -4.496113e-01 -0.000000e+00
 outer loop
  vertex 1.0583055e-02 5.6567608e-03 7.2000000e-02
  vertex 1.0583055e-02 5.6567608e-03 7.0000000e-02
  vertex 1.0847872e-02 5.1306611e-03 7.2000000e-02
 endloop
endfacet
facet normal -8.700870e-01 -4.928982e-01 0.000000e+00
 outer loop
  vertex 1.0292743e-02 6.1692329e-03 7.0000000e-02
  vertex 1.0583055e-02 5.6567608e-03 7.0000000e-02
  vertex 1.0583055e-02 5.6567608e-03 7.2000000e-02
 endloop
endfacet
facet normal -8.700870e-01 -4.928982e-01 -0.000000e+00
 outer loop
  vertex 1.0292743e-02 6.1692329e-03 7.2000000e-02
  vertex 1.0292743e-02 6.1692329e-03 7.0000000e-02
  vertex 1.0583055e-02 5.6567608e-03 7.2000000e-02
 endloop
endfacet
facet normal -8.448536e-01 -5.349976e-01 0.000000e+00
 outer loop
  vertex 9.9776353e-03 6.6668428e-03 7.0000000e-02
  vertex 1.0292743e-02 6.1692329e-03 7.0000000e-02
  vertex 1.0292743e-02 6.1692329e-03 7.2000000e-02
 endloop
endfacet
facet normal -8.448536e-01 -5.349976e-01 -0.000000e+00
 outer loop
  vertex 9.9776353e-03 6.6668428e-03 7.2000000e-02
  vertex 9.9776353e-03 6.6668428e-03 7.0000000e-02
  vertex 1.0292743e-02 6.1692329e-03 7.2000000e-02
 endloop
endfacet
facet normal -8.175848e-01 -5.758082e-01 0.000000e+00
 outer loop
  vertex 9.6384904e-03 7.1483917e-03 7.0000000e-02
  vertex 9.9776353e-03 6.6668428e-03 7.0000000e-02
  vertex 9.9776353e-03 6.6668428e-03 7.2000000e-02
 endloop
endfacet
facet normal -8.175848e-01 -5.758082e-01 -0.000000e+00
 outer loop
  vertex 9.6384904e-03 7.1483917e-03 7.2000000e-02
  vertex 9.6384904e-03 7.1483917e-03 7.0000000e-02
  vertex 9.9776353e-03 6.6668428e-03 7.2000000e-02
 endloop
endfacet
facet normal -7.883464e-01 -6.152316e-01 0.000000e+00
 outer loop
  vertex 9.2761254e-03 7.6127194e-03 7.0000000e-02
  vertex 9.6384904e-03 7.1483917e-03 7.0000000e-02
  vertex 9.6384904e-03 7.1483917e-03 7.2000000e-02
 endloop
endfacet
facet normal -7.883464e-01 -6.152316e-01 -0.000000e+00
 outer loop
  vertex 9.2761254e-03 7.6127194e-03 7.2000000e-02
  vertex 9.2761254e-03 7.6127194e-03 7.0000000e-02
  vertex 9.6384904e-03 7.1483917e-03 7.2000000e-02
 endloop
endfacet
facet normal -7.572088e-01 -6.531728e-01 0.000000e+00
 outer loop
  vertex 8.8914135e-03 8.0587075e-03 7.0000000e-02
  vertex 9.2761254e-03 7.6127194e-03 7.0000000e-02
  vertex 9.2761254e-03 7.6127194e-03 7.2000000e-02
 endloop
endfacet
facet normal -7.572088e-01 -6.531728e-01 -0.000000e+00
 outer loop
  vertex 8.8914135e-03 8.0587075e-03 7.2000000e-02
  vertex 8.8914135e-03 8.0587075e-03 7.0000000e-02
  vertex 9.2761254e-03 7.6127194e-03 7.2000000e-02
 endloop
endfacet
facet normal -7.242471e-01 -6.895405e-01 0.000000e+00
 outer loop
  vertex 8.4852814e-03 8.4852814e-03 7.0000000e-02
  vertex 8.8914135e-03 8.0587075e-03 7.0000000e-02
  vertex 8.8914135e-03 8.0587075e-03 7.2000000e-02
 endloop
endfacet
facet normal -7.242471e-01 -6.895405e-01 -0.000000e+00
 outer loop
  vertex 8.4852814e-03 8.4852814e-03 7.2000000e-02
  vertex 8.4852814e-03 8.4852814e-03 7.0000000e-02
  vertex 8.8914135e-03 8.0587075e-03 7.2000000e-02
 endloop
endfacet
facet normal -6.895405e-01 -7.242471e-01 0.000000e+00
 outer loop
  vertex 8.0587075e-03 8.8914135e-03 7.0000000e-02
  vertex 8.4852814e-03 8.4852814e-03 7.0000000e-02
  vertex 8.4852814e-03 8.4852814e-03 7.2000000e-02
 endloop
endfacet
facet normal -6.895405e-01 -7.242471e-01 -0.000000e+00
 outer loop
  vertex 8.0587075e-03 8.8914135e-03 7.2000000e-02
  vertex 8.0587075e-03 8.8914135e-03 7.0000000e-02
  vertex 8.4852814e-03 8.4852814e-03 7.2000000e-02
 endloop
endfacet
facet normal -6.531728e-01 -7.572088e-01 0.000000e+00
 outer loop
  vertex 7.6127194e-03 9.2761254e-03 7.0000000e-02
  vertex 8.0587075e-03 8.8914135e-03 7.0000000e-02
  vertex 8.0587075e-03 8.8914135e-03 7.2000000e-02
 endloop
endfacet
facet normal -6.531728e-01 -7.572088e-01 -0.000000e+00
 outer loop
  vertex 7.6127194e-03 9.2761254e-03 7.2000000e-02
  vertex 7.6127194e-03 9.2761254e-03 7.0000000e-02
  vertex 8.0587075e-03 8.8914135e-03 7.2000000e-02
 endloop
endfacet
facet normal -6.152316e-01 -7.883464e-01 0.000000e+00
 outer loop
  vertex 7.1483917e-03 9.6384904e-03 7.0000000e-02
  vertex 7.6127194e-03 9.2761254e-03 7.0000000e-02
  vertex 7.6127194e-03 9.2761254e-03 7.2000000e-02
 endloop
endfacet
facet normal -6.152316e-01 -7.883464e-01 -0.000000e+00
 outer loop
  vertex 7.1483917e-03 9.6384904e-03 7.2000000e-02
  vertex 7.1483917e-03 9.6384904e-03 7.0000000e-02
  vertex 7.6127194e-03 9.2761254e-03 7.2000000e-02
 endloop
endfacet
facet normal -5.758082e-01 -8.175848e-01 0.000000e+00
 outer loop
  vertex 6.6668428e-03 9.9776353e-03 7.0000000e-02
  vertex 7.1483917e-03 9.6384904e-03 7.0000000e-02
  vertex 7.1483917e-03 9.6384904e-03 7.2000000e-02
 endloop
endfacet
facet normal -5.758082e-01 -8.175848e-01 -0.000000e+00
 outer loop
  vertex 6.6668428e-03 9.9776353e-03 7.2000000e-02
  vertex 6.6668428e-03 9.9776353e-03 7.0000000e-02
  vertex 7.1483917e-03 9.6384904e-03 7.2000000e-02
 endloop
endfacet
facet normal -5.349976e-01 -8.448536e-01 0.000000e+00
 outer loop
  vertex 6.1692329e-03 1.0292743e-02 7.0000000e-02
  vertex 6.6668428e-03 9.9776353e-03 7.0000000e-02
  vertex 6.6668428e-03 9.9776353e-03 7.2000000e-02
 endloop
endfacet
facet normal -5.349976e-01 -8.448536e-01 -0.000000e+00
 outer loop
  vertex 6.1692329e-03 1.0292743e-02 7.2000000e-02
  vertex 6.1692329e-03 1.0292743e-02 7.0000000e-02
  vertex 6.6668428e-03 9.9776353e-03 7.2000000e-02
 endloop
endfacet
facet normal -4.928982e-01 -8.700870e-01 0.000000e+00
 outer loop
  vertex 5.6567608e-03 1.0583055e-02 7.0000000e-02
  vertex 6.1692329e-03 1.0292743e-02 7.0000000e-02
  vertex 6.1692329e-03 1.0292743e-02 7.2000000e-02
 endloop
endfacet
facet normal -4.928982e-01 -8.700870e-01 -0.000000e+00
 outer loop
  vertex 5.6567608e-03 1.0583055e-02 7.2000000e-02
  vertex 5.6567608e-03 1.0583055e-02 7.0000000e-02
  vertex 6.1692329e-03 1.0292743e-02 7.2000000e-02
 endloop
endfacet
facet normal -4.496113e-01 -8.932243e-01 0.000000e+00
 outer loop
  vertex 5.1306611e-03 1.0847872e-02 7.0000000e-02
  vertex 5.6567608e-03 1.0583055e-02 7.0000000e-02
  vertex 5.6567608e-03 1.0583055e-02 7.2000000e-02
 endloop
endfacet
facet normal -4.496113e-01 -8.932243e-01 -0.000000e+00
 outer loop
  vertex 5.1306611e-03 1.0847872e-02 7.2000000e-02
  vertex 5.1306611e-03 1.0847872e-02 7.0000000e-02
  vertex 5.6567608e-03 1.0583055e-02 7.2000000e-02
 endloop
endfacet
facet normal -4.052413e-01 -9.142098e-01 0.000000e+00
 outer loop
  vertex 4.5922012e-03 1.1086554e-02 7.0000000e-02
  vertex 5.1306611e-03 1.0847872e-02 7.0000000e-02
  vertex 5.1306611e-03 1.0847872e-02 7.2000000e-02
 endloop
endfacet
facet normal -4.052413e-01 -9.142098e-01 -0.000000e+00
 outer loop
  vertex 4.5922012e-03 1.1086554e-02 7.2000000e-02
  vertex 4.5922012e-03 1.1086554e-02 7.0000000e-02
  vertex 5.1306611e-03 1.0847872e-02 7.2000000e-02
 endloop
endfacet
facet normal -3.598950e-01 -9.329928e-01 0.000000e+00
 outer loop
  vertex 4.0426782e-03 1.1298529e-02 7.0000000e-02
  vertex 4.5922012e-03 1.1086554e-02 7.0000000e-02
  vertex 4.5922012e-03 1.1086554e-02 7.2000000e-02
 endloop
endfacet
facet normal -3.598950e-01 -9.329928e-01 -0.000000e+00
 outer loop
  vertex 4.0426782e-03 1.1298529e-02 7.2000000e-02
  vertex 4.0426782e-03 1.1298529e-02 7.0000000e-02
  vertex 4.5922012e-03 1.1086554e-02 7.2000000e-02
 endloop
endfacet
facet normal -3.136817e-01 -9.495282e-01 0.000000e+00
 outer loop
  vertex 3.4834161e-03 1.1483284e-02 7.0000000e-02
  vertex 4.0426782e-03 1.1298529e-02 7.0000000e-02
  vertex 4.0426782e-03 1.1298529e-02 7.2000000e-02
 endloop
endfacet
facet normal -3.136817e-01 -9.495282e-01 -0.000000e+00
 outer loop
  vertex 3.4834161e-03 1.1483284e-02 7.2000000e-02
  vertex 3.4834161e-03 1.1483284e-02 7.0000000e-02
  vertex 4.0426782e-03 1.1298529e-02 7.2000000e-02
 endloop
endfacet
facet normal -2.667128e-01 -9.637761e-01 0.000000e+00
 outer loop
  vertex 2.9157622e-03 1.1640375e-02 7.0000000e-02
  vertex 3.4834161e-03 1.1483284e-02 7.0000000e-02
  vertex 3.4834161e-03 1.1483284e-02 7.2000000e-02
 endloop
endfacet
facet normal -2.667128e-01 -9.637761e-01 -0.000000e+00
 outer loop
  vertex 2.9157622e-03 1.1640375e-02 7.2000000e-02
  vertex 2.9157622e-03 1.1640375e-02 7.0000000e-02
  vertex 3.4834161e-03 1.1483284e-02 7.2000000e-02
 endloop
endfacet
facet normal -2.191012e-01 -9.757021e-01 0.000000e+00
 outer loop
  vertex 2.3410839e-03 1.1769423e-02 7.0000000e-02
  vertex 2.9157622e-03 1.1640375e-02 7.0000000e-02
  vertex 2.9157622e-03 1.1640375e-02 7.2000000e-02
 endloop
endfacet
facet normal -2.191012e-01 -9.757021e-01 -0.000000e+00
 outer loop
  vertex 2.3410839e-03 1.1769423e-02 7.2000000e-02
  vertex 2.3410839e-03 1.1769423e-02 7.0000000e-02
  vertex 2.9157622e-03 1.1640375e-02 7.2000000e-02
 endloop
endfacet
facet normal -1.709619e-01 -9.852776e-01 0.000000e+00
 outer loop
  vertex 1.7607657e-03 1.1870118e-02 7.0000000e-02
  vertex 2.3410839e-03 1.1769423e-02 7.0000000e-02
  vertex 2.3410839e-03 1.1769423e-02 7.2000000e-02
 endloop
endfacet
facet normal -1.709619e-01 -9.852776e-01 -0.000000e+00
 outer loop
  vertex 1.7607657e-03 1.1870118e-02 7.2000000e-02
  vertex 1.7607657e-03 1.1870118e-02 7.0000000e-02
  vertex 2.3410839e-03 1.1769423e-02 7.2000000e-02
 endloop
endfacet
facet normal -1.224107e-01 -9.924795e-01 0.000000e+00
 outer loop
  vertex 1.1762057e-03 1.1942217e-02 7.0000000e-02
  vertex 1.7607657e-03 1.1870118e-02 7.0000000e-02
  vertex 1.7607657e-03 1.1870118e-02 7.2000000e-02
 endloop
endfacet
facet normal -1.224107e-01 -9.924795e-01 -0.000000e+00
 outer loop
  vertex 1.1762057e-03 1.1942217e-02 7.2000000e-02
  vertex 1.1762057e-03 1.1942217e-02 7.0000000e-02
  vertex 1.7607657e-03 1.1870118e-02 7.2000000e-02
 endloop
endfacet
facet normal -7.356456e-02 -9.972905e-01 0.000000e+00
 outer loop
  vertex 5.8881209e-04 1.1985545e-02 7.0000000e-02
  vertex 1.1762057e-03 1.1942217e-02 7.0000000e-02
  vertex 1.1762057e-03 1.1942217e-02 7.2000000e-02
 endloop
endfacet
facet normal -7.356456e-02 -9.972905e-01 -0.000000e+00
 outer loop
  vertex 5.8881209e-04 1.1985545e-02 7.2000000e-02
  vertex 5.8881209e-04 1.1985545e-02 7.0000000e-02
  vertex 1.1762057e-03 1.1942217e-02 7.2000000e-02
 endloop
endfacet
facet normal -2.454123e-02 -9.996988e-01 0.000000e+00
 outer loop
  vertex 7.3478808e-19 1.2000000e-02 7.0000000e-02
  vertex 5.8881209e-04 1.1985545e-02 7.0000000e-02
  vertex 5.8881209e-04 1.1985545e-02 7.2000000e-02
 endloop
endfacet
facet normal -2.454123e-02 -9.996988e-01 -0.000000e+00
 outer loop
  vertex 7.3478808e-19 1.2000000e-02 7.2000000e-02
  vertex 7.3478808e-19 1.2000000e-02 7.0000000e-02
  vertex 5.8881209e-04 1.1985545e-02 7.2000000e-02
 endloop
endfacet
facet normal 2.454123e-02 -9.996988e-01 0.000000e+00
 outer loop
  vertex -5.8881209e-04 1.1985545e-02 7.0000000e-02
  vertex 7.3478808e-19 1.2000000e-02 7.0000000e-02
  vertex 7.3478808e-19 1.2000000e-02 7.2000000e-02
 endloop
endfacet
facet normal 2.454123e-02 -9.996988e-01 0.000000e+00
 outer loop
  vertex -5.8881209e-04 1.1985545e-02 7.2000000e-02
  vertex -5.8881209e-04 1.1985545e-02 7.0000000e-02
  vertex 7.3478808e-19 1.2000000e-02 7.2000000e-02
 endloop
endfacet
facet normal 7.356456e-02 -9.972905e-01 0.000000e+00
 outer loop
  vertex -1.1762057e-03 1.1942217e-02 7.0000000e-02
  vertex -5.8881209e-04 1.1985545e-02 7.0000000e-02
  vertex -5.8881209e-04 1.1985545e-02 7.2000000e-02
 endloop
endfacet
facet normal 7.356456e-02 -9.972905e-01 0.000000e+00
 outer loop
  vertex -1.1762057e-03 1.1942217e-02 7.2000000e-02
  vertex -1.1762057e-03 1.1942217e-02 7.0000000e-02
  vertex -5.8881209e-04 1.1985545e-02 7.2000000e-02
 endloop
endfacet
facet normal 1.224107e-01 -9.924795e-01 0.000000e+00
 outer loop
  vertex -1.7607657e-03 1.1870118e-02 7.0000000e-02
  vertex -1.1762057e-03 1.1942217e-02 7.0000000e-02
  vertex -1.1762057e-03 1.1942217e-02 7.2000000e-02
 endloop
endfacet
facet normal 1.224107e-01 -9.924795e-01 0.000000e+00
 outer loop
  vertex -1.7607657e-03 1.1870118e-02 7.2000000e-02
  vertex -1.7607657e-03 1.1870118e-02 7.0000000e-02
  vertex -1.1762057e-03 1.1942217e-02 7.2000000e-02
 endloop
endfacet
facet normal 1.709619e-01 -9.852776e-01 0.000000e+00
 outer loop
  vertex -2.3410839e-03 1.1769423e-02 7.0000000e-02
  vertex -1.7607657e-03 1.1870118e-02 7.0000000e-02
  vertex -1.7607657e-03 1.1870118e-02 7.2000000e-02
 endloop
endfacet
facet normal 1.709619e-01 -9.852776e-01 0.000000e+00
 outer loop
  vertex -2.3410839e-03 1.1769423e-02 7.2000000e-02
  vertex -2.3410839e-03 1.1769423e-02 7.0000000e-02
  vertex -1.7607657e-03 1.1870118e-02 7.2000000e-02
 endloop
endfacet
facet normal 2.191012e-01 -9.757021e-01 0.000000e+00
 outer loop
  vertex -2.9157622e-03 1.1640375e-02 7.0000000e-02
  vertex -2.3410839e-03 1.1769423e-02 7.0000000e-02
  vertex -2.3410839e-03 1.1769423e-02 7.2000000e-02
 endloop
endfacet
facet normal 2.191012e-01 -9.757021e-01 0.000000e+00
 outer loop
  vertex -2.9157622e-03 1.1640375e-02 7.2000000e-02
  vertex -2.9157622e-03 1.1640375e-02 7.0000000e-02
  vertex -2.3410839e-03 1.1769423e-02 7.2000000e-02
 endloop
endfacet
facet normal 2.667128e-01 -9.637761e-01 0.000000e+00
 outer loop
  vertex -3.4834161e-03 1.1483284e-02 7.0000000e-02
  vertex -2.9157622e-03 1.1640375e-02 7.0000000e-02
  vertex -2.9157622e-03 1.1640375e-02 7.2000000e-02
 endloop
endfacet
facet normal 2.667128e-01 -9.637761e-01 0.000000e+00
 outer loop
  vertex -3.4834161e-03 1.1483284e-02 7.2000000e-02
  vertex -3.4834161e-03 1.1483284e-02 7.0000000e-02
  vertex -2.9157622e-03 1.1640375e-02 7.2000000e-02
 endloop
endfacet
facet normal 3.136817e-01 -9.495282e-01 0.000000e+00
 outer loop
  vertex -4.0426782e-03 1.1298529e-02 7.0000000e-02
  vertex -3.4834161e-03 1.1483284e-02 7.0000000e-02
  vertex -3.4834161e-03 1.1483284e-02 7.2000000e-02
 endloop
endfacet
facet normal 3.136817e-01 -9.495282e-01 0.000000e+00
 outer loop
  vertex -4.0426782e-03 1.1298529e-02 7.2000000e-02
  vertex -4.0426782e-03 1.1298529e-02 7.0000000e-02
  vertex -3.4834161e-03 1.1483284e-02 7.2000000e-02
 endloop
endfacet
facet normal 3.598950e-01 -9.329928e-01 0.000000e+00
 outer loop
  vertex -4.5922012e-03 1.1086554e-02 7.0000000e-02
  vertex -4.0426782e-03 1.1298529e-02 7.0000000e-02
  vertex -4.0426782e-03 1.1298529e-02 7.2000000e-02
 endloop
endfacet
facet normal 3.598950e-01 -9.329928e-01 0.000000e+00
 outer loop
  vertex -4.5922012e-03 1.1086554e-02 7.2000000e-02
  vertex -4.5922012e-03 1.1086554e-02 7.0000000e-02
  vertex -4.0426782e-03 1.1298529e-02 7.2000000e-02
 endloop
endfacet
facet normal 4.052413e-01 -9.142098e-01 0.000000e+00
 outer loop
  vertex -5.1306611e-03 1.0847872e-02 7.0000000e-02
  vertex -4.5922012e-03 1.1086554e-02 7.0000000e-02
  vertex -4.5922012e-03 1.1086554e-02 7.2000000e-02
 endloop
endfacet
facet normal 4.052413e-01 -9.142098e-01 0.000000e+00
 outer loop
  vertex -5.1306611e-03 1.0847872e-02 7.2000000e-02
  vertex -5.1306611e-03 1.0847872e-02 7.0000000e-02
  vertex -4.5922012e-03 1.1086554e-02 7.2000000e-02
 endloop
endfacet
facet normal 4.496113e-01 -8.932243e-01 0.000000e+00
 outer loop
  vertex -5.6567608e-03 1.0583055e-02 7.0000000e-02
  vertex -5.1306611e-03 1.0847872e-02 7.0000000e-02
  vertex -5.1306611e-03 1.0847872e-02 7.2000000e-02
 endloop
endfacet
facet normal 4.496113e-01 -8.932243e-01 0.000000e+00
 outer loop
  vertex -5.6567608e-03 1.0583055e-02 7.2000000e-02
  vertex -5.6567608e-03 1.0583055e-02 7.0000000e-02
  vertex -5.1306611e-03 1.0847872e-02 7.2000000e-02
 endloop
endfacet
facet normal 4.928982e-01 -8.700870e-01 0.000000e+00
 outer loop
  vertex -6.1692329e-03 1.0292743e-02 7.0000000e-02
  vertex -5.6567608e-03 1.0583055e-02 7.0000000e-02
  vertex -5.6567608e-03 1.0583055e-02 7.2000000e-02
 endloop
endfacet
facet normal 4.928982e-01 -8.700870e-01 0.000000e+00
 outer loop
  vertex -6.1692329e-03 1.0292743e-02 7.2000000e-02
  vertex -6.1692329e-03 1.0292743e-02 7.0000000e-02
  vertex -5.6567608e-03 1.0583055e-02 7.2000000e-02
 endloop
endfacet
facet normal 5.349976e-01 -8.448536e-01 0.000000e+00
 outer loop
  vertex -6.6668428e-03 9.9776353e-03 7.0000000e-02
  vertex -6.1692329e-03 1.0292743e-02 7.0000000e-02
  vertex -6.1692329e-03 1.0292743e-02 7.2000000e-02
 endloop
endfacet
facet normal 5.349976e-01 -8.448536e-01 0.000000e+00
 outer loop
  vertex -6.6668428e-03 9.9776353e-03 7.2000000e-02
  vertex -6.6668428e-03 9.9776353e-03 7.0000000e-02
  vertex -6.1692329e-03 1.0292743e-02 7.2000000e-02
 endloop
endfacet
facet normal 5.758082e-01 -8.175848e-01 0.000000e+00
 outer loop
  vertex -7.1483917e-03 9.6384904e-03 7.0000000e-02
  vertex -6.6668428e-03 9.9776353e-03 7.0000000e-02
  vertex -6.6668428e-03 9.9776353e-03 7.2000000e-02
 endloop
endfacet
facet normal 5.758082e-01 -8.175848e-01 0.000000e+00
 outer loop
  vertex -7.1483917e-03 9.6384904e-03 7.2000000e-02
  vertex -7.1483917e-03 9.6384904e-03 7.0000000e-02
  vertex -6.6668428e-03 9.9776353e-03 7.2000000e-02
 endloop
endfacet
facet normal 6.152316e-01 -7.883464e-01 0.000000e+00
 outer loop
  vertex -7.6127194e-03 9.2761254e-03 7.0000000e-02
  vertex -7.1483917e-03 9.6384904e-03 7.0000000e-02
  vertex -7.1483917e-03 9.6384904e-03 7.2000000e-02
 endloop
endfacet
facet normal 6.152316e-01 -7.883464e-01 0.000000e+00
 outer loop
  vertex -7.6127194e-03 9.2761254e-03 7.2000000e-02
  vertex -7.6127194e-03 9.2761254e-03 7.0000000e-02
  vertex -7.1483917e-03 9.6384904e-03 7.2000000e-02
 endloop
endfacet
facet normal 6.531728e-01 -7.572088e-01 0.000000e+00
 outer loop
  vertex -8.0587075e-03 8.8914135e-03 7.0000000e-02
  vertex -7.6127194e-03 9.2761254e-03 7.0000000e-02
  vertex -7.6127194e-03 9.2761254e-03 7.2000000e-02
 endloop
endfacet
facet normal 6.531728e-01 -7.572088e-01 0.000000e+00
 outer loop
  vertex -8.0587075e-03 8.8914135e-03 7.2000000e-02
  vertex -8.0587075e-03 8.8914135e-03 7.0000000e-02
  vertex -7.6127194e-03 9.2761254e-03 7.2000000e-02
 endloop
endfacet
facet normal 6.895405e-01 -7.242471e-01 0.000000e+00
 outer loop
  vertex -8.4852814e-03 8.4852814e-03 7.0000000e-02
  vertex -8.0587075e-03 8.8914135e-03 7.0000000e-02
  vertex -8.0587075e-03 8.8914135e-03 7.2000000e-02
 endloop
endfacet
facet normal 6.895405e-01 -7.242471e-01 0.000000e+00
 outer loop
  vertex -8.4852814e-03 8.4852814e-03 7.2000000e-02
  vertex -8.4852814e-03 8.4852814e-03 7.0000000e-02
  vertex -8.0587075e-03 8.8914135e-03 7.2000000e-02
 endloop
endfacet
facet normal 7.242471e-01 -6.895405e-01 0.000000e+00
 outer loop
  vertex -8.8914135e-03 8.0587075e-03 7.0000000e-02
  vertex -8.4852814e-03 8.4852814e-03 7.0000000e-02
  vertex -8.4852814e-03 8.4852814e-03 7.2000000e-02
 endloop
endfacet
facet normal 7.242471e-01 -6.895405e-01 0.000000e+00
 outer loop
  vertex -8.8914135e-03 8.0587075e-03 7.2000000e-02
  vertex -8.8914135e-03 8.0587075e-03 7.0000000e-02
  vertex -8.4852814e-03 8.4852814e-03 7.2000000e-02
 endloop
endfacet
facet normal 7.572088e-01 -6.531728e-01 0.000000e+00
 outer loop
  vertex -9.2761254e-03 7.6127194e-03 7.0000000e-02
  vertex -8.8914135e-03 8.0587075e-03 7.0000000e-02
  vertex -8.8914135e-03 8.0587075e-03 7.2000000e-02
 endloop
endfacet
facet normal 7.572088e-01 -6.531728e-01 0.000000e+00
 outer loop
  vertex -9.2761254e-03 7.6127194e-03 7.2000000e-02
  vertex -9.2761254e-03 7.6127194e-03 7.0000000e-02
  vertex -8.8914135e-03 8.0587075e-03 7.2000000e-02
 endloop
endfacet
facet normal 7.883464e-01 -6.152316e-01 0.000000e+00
 outer loop
  vertex -9.6384904e-03 7.1483917e-03 7.0000000e-02
  vertex -9.2761254e-03 7.6127194e-03 7.0000000e-02
  vertex -9.2761254e-03 7.6127194e-03 7.2000000e-02
 endloop
endfacet
facet normal 7.883464e-01 -6.152316e-01 0.000000e+00
 outer loop
  vertex -9.6384904e-03 7.1483917e-03 7.2000000e-02
  vertex -9.6384904e-03 7.1483917e-03 7.0000000e-02
  vertex -9.2761254e-03 7.6127194e-03 7.2000000e-02
 endloop
endfacet
facet normal 8.175848e-01 -5.758082e-01 0.000000e+00
 outer loop
  vertex -9.9776353e-03 6.6668428e-03 7.0000000e-02
  vertex -9.6384904e-03 7.1483917e-03 7.0000000e-02
  vertex -9.6384904e-03 7.1483917e-03 7.2000000e-02
 endloop
endfacet
facet normal 8.175848e-01 -5.758082e-01 0.000000e+00
 outer loop
  vertex -9.9776353e-03 6.6668428e-03 7.2000000e-02
  vertex -9.9776353e-03 6.6668428e-03 7.0000000e-02
  vertex -9.6384904e-03 7.1483917e-03 7.2000000e-02
 endloop
endfacet
facet normal 8.448536e-01 -5.349976e-01 0.000000e+00
 outer loop
  vertex -1.0292743e-02 6.1692329e-03 7.0000000e-02
  vertex -9.9776353e-03 6.6668428e-03 7.0000000e-02
  vertex -9.9776353e-03 6.6668428e-03 7.2000000e-02
 endloop
endfacet
facet normal 8.448536e-01 -5.349976e-01 0.000000e+00
 outer loop
  vertex -1.0292743e-02 6.1692329e-03 7.2000000e-02
  vertex -1.0292743e-02 6.1692329e-03 7.0000000e-02
  vertex -9.9776353e-03 6.6668428e-03 7.2000000e-02
 endloop
endfacet
facet normal 8.700870e-01 -4.928982e-01 0.000000e+00
 outer loop
  vertex -1.0583055e-02 5.6567608e-03 7.0000000e-02
  vertex -1.0292743e-02 6.1692329e-03 7.0000000e-02
  vertex -1.0292743e-02 6.1692329e-03 7.2000000e-02
 endloop
endfacet
facet normal 8.700870e-01 -4.928982e-01 0.000000e+00
 outer loop
  vertex -1.0583055e-02 5.6567608e-03 7.2000000e-02
  vertex -1.0583055e-02 5.6567608e-03 7.0000000e-02
  vertex -1.0292743e-02 6.1692329e-03 7.2000000e-02
 endloop
endfacet
facet normal 8.932243e-01 -4.496113e-01 0.000000e+00
 outer loop
  vertex -1.0847872e-02 5.1306611e-03 7.0000000e-02
  vertex -1.0583055e-02 5.6567608e-03 7.0000000e-02
  vertex -1.0583055e-02 5.6567608e-03 7.2000000e-02
 endloop
endfacet
facet normal 8.932243e-01 -4.496113e-01 0.000000e+00
 outer loop
  vertex -1.0847872e-02 5.1306611e-03 7.2000000e-02
  vertex -1.0847872e-02 5.1306611e-03 7.0000000e-02
  vertex -1.0583055e-02 5.6567608e-03 7.2000000e-02
 endloop
endfacet
facet normal 9.142098e-01 -4.052413e-01 0.000000e+00
 outer loop
  vertex -1.1086554e-02 4.5922012e-03 7.0000000e-02
  vertex -1.0847872e-02 5.1306611e-03 7.0000000e-02
  vertex -1.0847872e-02 5.1306611e-03 7.2000000e-02
 endloop
endfacet
facet normal 9.142098e-01 -4.052413e-01 0.000000e+00
 outer loop
  vertex -1.1086554e-02 4.5922012e-03 7.2000000e-02
  vertex -1.1086554e-02 4.5922012e-03 7.0000000e-02
  vertex -1.0847872e-02 5.1306611e-03 7.2000000e-02
 endloop
endfacet
facet normal 9.329928e-01 -3.598950e-01 0.000000e+00
 outer loop
  vertex -1.1298529e-02 4.0426782e-03 7.0000000e-02
  vertex -1.1086554e-02 4.5922012e-03 7.0000000e-02
  vertex -1.1086554e-02 4.5922012e-03 7.2000000e-02
 endloop
endfacet
facet normal 9.329928e-01 -3.598950e-01 0.000000e+00
 outer loop
  vertex -1.1298529e-02 4.0426782e-03 7.2000000e-02
  vertex -1.1298529e-02 4.0426782e-03 7.0000000e-02
  vertex -1.1086554e-02 4.5922012e-03 7.2000000e-02
 endloop
endfacet
facet normal 9.495282e-01 -3.136817e-01 0.000000e+00
 outer loop
  vertex -1.1483284e-02 3.4834161e-03 7.0000000e-02
  vertex -1.1298529e-02 4.0426782e-03 7.0000000e-02
  vertex -1.1298529e-02 4.0426782e-03 7.2000000e-02
 endloop
endfacet
facet normal 9.495282e-01 -3.136817e-01 0.000000e+00
 outer loop
  vertex -1.1483284e-02 3.4834161e-03 7.2000000e-02
  vertex -1.1483284e-02 3.4834161e-03 7.0000000e-02
  vertex -1.1298529e-02 4.0426782e-03 7.2000000e-02
 endloop
endfacet
facet normal 9.637761e-01 -2.667128e-01 0.000000e+00
 outer loop
  vertex -1.1640375e-02 2.9157622e-03 7.0000000e-02
  vertex -1.1483284e-02 3.4834161e-03 7.0000000e-02
  vertex -1.1483284e-02 3.4834161e-03 7.2000000e-02
 endloop
endfacet
facet normal 9.637761e-01 -2.667128e-01 0.000000e+00
 outer loop
  vertex -1.1640375e-02 2.9157622e-03 7.2000000e-02
  vertex -1.1640375e-02 2.9157622e-03 7.0000000e-02
  vertex -1.1483284e-02 3.4834161e-03 7.2000000e-02
 endloop
endfacet
facet normal 9.757021e-01 -2.191012e-01 0.000000e+00
 outer loop
  vertex -1.1769423e-02 2.3410839e-03 7.0000000e-02
  vertex -1.1640375e-02 2.9157622e-03 7.0000000e-02
  vertex -1.1640375e-02 2.9157622e-03 7.2000000e-02
 endloop
endfacet
facet normal 9.757021e-01 -2.191012e-01 0.000000e+00
 outer loop
  vertex -1.1769423e-02 2.3410839e-03 7.2000000e-02
  vertex -1.1769423e-02 2.3410839e-03 7.0000000e-02
  vertex -1.1640375e-02 2.9157622e-03 7.2000000e-02
 endloop
endfacet
facet normal 9.852776e-01 -1.709619e-01 0.000000e+00
 outer loop
  vertex -1.1870118e-02 1.7607657e-03 7.0000000e-02
  vertex -1.1769423e-02 2.3410839e-03 7.0000000e-02
  vertex -1.1769423e-02 2.3410839e-03 7.2000000e-02
 endloop
endfacet
facet normal 9.852776e-01 -1.709619e-01 0.000000e+00
 outer loop
  vertex -1.1870118e-02 1.7607657e-03 7.2000000e-02
  vertex -1.1870118e-02 1.7607657e-03 7.0000000e-02
  vertex -1.1769423e-02 2.3410839e-03 7.2000000e-02
 endloop
endfacet
facet normal 9.924795e-01 -1.224107e-01 0.000000e+00
 outer loop
  vertex -1.1942217e-02 1.1762057e-03 7.0000000e-02
  vertex -1.1870118e-02 1.7607657e-03 7.0000000e-02
  vertex -1.1870118e-02 1.7607657e-03 7.2000000e-02
 endloop
endfacet
facet normal 9.924795e-01 -1.224107e-01 0.000000e+00
 outer loop
  vertex -1.1942217e-02 1.1762057e-03 7.2000000e-02
  vertex -1.1942217e-02 1.1762057e-03 7.0000000e-02
  vertex -1.1870118e-02 1.7607657e-03 7.2000000e-02
 endloop
endfacet
facet normal 9.972905e-01 -7.356456e-02 0.000000e+00
 outer loop
  vertex -1.1985545e-02 5.8881209e-04 7.0000000e-02
  vertex -1.1942217e-02 1.1762057e-03 7.0000000e-02
  vertex -1.1942217e-02 1.1762057e-03 7.2000000e-02
 endloop
endfacet
facet normal 9.972905e-01 -7.356456e-02 0.000000e+00
 outer loop
  vertex -1.1985545e-02 5.8881209e-04 7.2000000e-02
  vertex -1.1985545e-02 5.8881209e-04 7.0000000e-02
  vertex -1.1942217e-02 1.1762057e-03 7.2000000e-02
 endloop
endfacet
facet normal 9.996988e-01 -2.454123e-02 0.000000e+00
 outer loop
  vertex -1.2000000e-02 1.4695762e-18 7.0000000e-02
  vertex -1.1985545e-02 5.8881209e-04 7.0000000e-02
  vertex -1.1985545e-02 5.8881209e-04 7.2000000e-02
 endloop
endfacet
facet normal 9.996988e-01 -2.454123e-02 0.000000e+00
 outer loop
  vertex -1.2000000e-02 1.4695762e-18 7.2000000e-02
  vertex -1.2000000e-02 1.4695762e-18 7.0000000e-02
  vertex -1.1985545e-02 5.8881209e-04 7.2000000e-02
 endloop
endfacet
facet normal 9.996988e-01 2.454123e-02 0.000000e+00
 outer loop
  vertex -1.1985545e-02 -5.8881209e-04 7.0000000e-02
  vertex -1.2000000e-02 1.4695762e-18 7.0000000e-02
  vertex -1.2000000e-02 1.4695762e-18 7.2000000e-02
 endloop
endfacet
facet normal 9.996988e-01 2.454123e-02 0.000000e+00
 outer loop
  vertex -1.1985545e-02 -5.8881209e-04 7.2000000e-02
  vertex -1.1985545e-02 -5.8881209e-04 7.0000000e-02
  vertex -1.2000000e-02 1.4695762e-18 7.2000000e-02
 endloop
endfacet
facet normal 9.972905e-01 7.356456e-02 0.000000e+00
 outer loop
  vertex -1.1942217e-02 -1.1762057e-03 7.0000000e-02
  vertex -1.1985545e-02 -5.8881209e-04 7.0000000e-02
  vertex -1.1985545e-02 -5.8881209e-04 7.2000000e-02
 endloop
endfacet
facet normal 9.972905e-01 7.356456e-02 0.000000e+00
 outer loop
  vertex -1.1942217e-02 -1.1762057e-03 7.2000000e-02
  vertex -1.1942217e-02 -1.1762057e-03 7.0000000e-02
  vertex -1.1985545e-02 -5.8881209e-04 7.2000000e-02
 endloop
endfacet
facet normal 9.924795e-01 1.224107e-01 0.000000e+00
 outer loop
  vertex -1.1870118e-02 -1.7607657e-03 7.0000000e-02
  vertex -1.1942217e-02 -1.1762057e-03 7.0000000e-02
  vertex -1.1942217e-02 -1.1762057e-03 7.2000000e-02
 endloop
endfacet
facet normal 9.924795e-01 1.224107e-01 0.000000e+00
 outer loop
  vertex -1.1870118e-02 -1.7607657e-03 7.2000000e-02
  vertex -1.1870118e-02 -1.7607657e-03 7.0000000e-02
  vertex -1.1942217e-02 -1.1762057e-03 7.2000000e-02
 endloop
endfacet
facet normal 9.852776e-01 1.709619e-01 0.000000e+00
 outer loop
  vertex -1.1769423e-02 -2.3410839e-03 7.0000000e-02
  vertex -1.1870118e-02 -1.7607657e-03 7.0000000e-02
  vertex -1.1870118e-02 -1.7607657e-03 7.2000000e-02
 endloop
endfacet
facet normal 9.852776e-01 1.709619e-01 0.000000e+00
 outer loop
  vertex -1.1769423e-02 -2.3410839e-03 7.2000000e-02
  vertex -1.1769423e-02 -2.3410839e-03 7.0000000e-02
  vertex -1.1870118e-02 -1.7607657e-03 7.2000000e-02
 endloop
endfacet
facet normal 9.757021e-01 2.191012e-01 0.000000e+00
 outer loop
  vertex -1.1640375e-02 -2.9157622e-03 7.0000000e-02
  vertex -1.1769423e-02 -2.3410839e-03 7.0000000e-02
  vertex -1.1769423e-02 -2.3410839e-03 7.2000000e-02
 endloop
endfacet
facet normal 9.757021e-01 2.191012e-01 0.000000e+00
 outer loop
  vertex -1.1640375e-02 -2.9157622e-03 7.2000000e-02
  vertex -1.1640375e-02 -2.9157622e-03 7.0000000e-02
  vertex -1.1769423e-02 -2.3410839e-03 7.2000000e-02
 endloop
endfacet
facet normal 9.637761e-01 2.667128e-01 0.000000e+00
 outer loop
  vertex -1.1483284e-02 -3.4834161e-03 7.0000000e-02
  vertex -1.1640375e-02 -2.9157622e-03 7.0000000e-02
  vertex -1.1640375e-02 -2.9157622e-03 7.2000000e-02
 endloop
endfacet
facet normal 9.637761e-01 2.667128e-01 0.000000e+00
 outer loop
  vertex -1.1483284e-02 -3.4834161e-03 7.2000000e-02
  vertex -1.1483284e-02 -3.4834161e-03 7.0000000e-02
  vertex -1.1640375e-02 -2.9157622e-03 7.2000000e-02
 endloop
endfacet
facet normal 9.495282e-01 3.136817e-01 0.000000e+00
 outer loop
  vertex -1.1298529e-02 -4.0426782e-03 7.0000000e-02
  vertex -1.1483284e-02 -3.4834161e-03 7.0000000e-02
  vertex -1.1483284e-02 -3.4834161e-03 7.2000000e-02
 endloop
endfacet
facet normal 9.495282e-01 3.136817e-01 0.000000e+00
 outer loop
  vertex -1.1298529e-02 -4.0426782e-03 7.2000000e-02
  vertex -1.1298529e-02 -4.0426782e-03 7.0000000e-02
  vertex -1.1483284e-02 -3.4834161e-03 7.2000000e-02
 endloop
endfacet
facet normal 9.329928e-01 3.598950e-01 0.000000e+00
 outer loop
  vertex -1.1086554e-02 -4.5922012e-03 7.0000000e-02
  vertex -1.1298529e-02 -4.0426782e-03 7.0000000e-02
  vertex -1.1298529e-02 -4.0426782e-03 7.2000000e-02
 endloop
endfacet
facet normal 9.329928e-01 3.598950e-01 0.000000e+00
 outer loop
  vertex -1.1086554e-02 -4.5922012e-03 7.2000000e-02
  vertex -1.1086554e-02 -4.5922012e-03 7.0000000e-02
  vertex -1.1298529e-02 -4.0426782e-03 7.2000000e-02
 endloop
endfacet
facet normal 9.142098e-01 4.052413e-01 0.000000e+00
 outer loop
  vertex -1.0847872e-02 -5.1306611e-03 7.0000000e-02
  vertex -1.1086554e-02 -4.5922012e-03 7.0000000e-02
  vertex -1.1086554e-02 -4.5922012e-03 7.2000000e-02
 endloop
endfacet
facet normal 9.142098e-01 4.052413e-01 0.000000e+00
 outer loop
  vertex -1.0847872e-02 -5.1306611e-03 7.2000000e-02
  vertex -1.0847872e-02 -5.1306611e-03 7.0000000e-02
  vertex -1.1086554e-02 -4.5922012e-03 7.2000000e-02
 endloop
endfacet
facet normal 8.932243e-01 4.496113e-01 0.000000e+00
 outer loop
  vertex -1.0583055e-02 -5.6567608e-03 7.0000000e-02
  vertex -1.0847872e-02 -5.1306611e-03 7.0000000e-02
  vertex -1.0847872e-02 -5.1306611e-03 7.2000000e-02
 endloop
endfacet
facet normal 8.932243e-01 4.496113e-01 0.000000e+00
 outer loop
  vertex -1.0583055e-02 -5.6567608e-03 7.2000000e-02
  vertex -1.0583055e-02 -5.6567608e-03 7.0000000e-02
  vertex -1.0847872e-02 -5.1306611e-03 7.2000000e-02
 endloop
endfacet
facet normal 8.700870e-01 4.928982e-01 0.000000e+00
 outer loop
  vertex -1.0292743e-02 -6.1692329e-03 7.0000000e-02
  vertex -1.0583055e-02 -5.6567608e-03 7.0000000e-02
  vertex -1.0583055e-02 -5.6567608e-03 7.2000000e-02
 endloop
endfacet
facet normal 8.700870e-01 4.928982e-01 0.000000e+00
 outer loop
  vertex -1.0292743e-02 -6.1692329e-03 7.2000000e-02
  vertex -1.0292743e-02 -6.1692329e-03 7.0000000e-02
  vertex -1.0583055e-02 -5.6567608e-03 7.2000000e-02
 endloop
endfacet
facet normal 8.448536e-01 5.349976e-01 0.000000e+00
 outer loop
  vertex -9.9776353e-03 -6.6668428e-03 7.0000000e-02
  vertex -1.0292743e-02 -6.1692329e-03 7.0000000e-02
  vertex -1.0292743e-02 -6.1692329e-03 7.2000000e-02
 endloop
endfacet
facet normal 8.448536e-01 5.349976e-01 0.000000e+00
 outer loop
  vertex -9.9776353e-03 -6.6668428e-03 7.2000000e-02
  vertex -9.9776353e-03 -6.6668428e-03 7.0000000e-02
  vertex -1.0292743e-02 -6.1692329e-03 7.2000000e-02
 endloop
endfacet
facet normal 8.175848e-01 5.758082e-01 0.000000e+00
 outer loop
  vertex -9.6384904e-03 -7.1483917e-03 7.0000000e-02
  vertex -9.9776353e-03 -6.6668428e-03 7.0000000e-02
  vertex -9.9776353e-03 -6.6668428e-03 7.2000000e-02
 endloop
endfacet
facet normal 8.175848e-01 5.758082e-01 0.000000e+00
 outer loop
  vertex -9.6384904e-03 -7.1483917e-03 7.2000000e-02
  vertex -9.6384904e-03 -7.1483917e-03 7.0000000e-02
  vertex -9.9776353e-03 -6.6668428e-03 7.2000000e-02
 endloop
endfacet
facet normal 7.883464e-01 6.152316e-01 0.000000e+00
 outer loop
  vertex -9.2761254e-03 -7.6127194e-03 7.0000000e-02
  vertex -9.6384904e-03 -7.1483917e-03 7.0000000e-02
  vertex -9.6384904e-03 -7.1483917e-03 7.2000000e-02
 endloop
endfacet
facet normal 7.883464e-01 6.152316e-01 0.000000e+00
 outer loop
  vertex -9.2761254e-03 -7.6127194e-03 7.2000000e-02
  vertex -9.2761254e-03 -7.6127194e-03 7.0000000e-02
  vertex -9.6384904e-03 -7.1483917e-03 7.2000000e-02
 endloop
endfacet
facet normal 7.572088e-01 6.531728e-01 0.000000e+00
 outer loop
  vertex -8.8914135e-03 -8.0587075e-03 7.0000000e-02
  vertex -9.2761254e-03 -7.6127194e-03 7.0000000e-02
  vertex -9.2761254e-03 -7.6127194e-03 7.2000000e-02
 endloop
endfacet
facet normal 7.572088e-01 6.531728e-01 0.000000e+00
 outer loop
  vertex -8.8914135e-03 -8.0587075e-03 7.2000000e-02
  vertex -8.8914135e-03 -8.0587075e-03 7.0000000e-02
  vertex -9.2761254e-03 -7.6127194e-03 7.2000000e-02
 endloop
endfacet
facet normal 7.242471e-01 6.895405e-01 0.000000e+00
 outer loop
  vertex -8.4852814e-03 -8.4852814e-03 7.0000000e-02
  vertex -8.8914135e-03 -8.0587075e-03 7.0000000e-02
  vertex -8.8914135e-03 -8.0587075e-03 7.2000000e-02
 endloop
endfacet
facet normal 7.242471e-01 6.895405e-01 0.000000e+00
 outer loop
  vertex -8.4852814e-03 -8.4852814e-03 7.2000000e-02
  vertex -8.4852814e-03 -8.4852814e-03 7.0000000e-02
  vertex -8.8914135e-03 -8.0587075e-03 7.2000000e-02
 endloop
endfacet
facet normal 6.895405e-01 7.242471e-01 0.000000e+00
 outer loop
  vertex -8.0587075e-03 -8.8914135e-03 7.0000000e-02
  vertex -8.4852814e-03 -8.4852814e-03 7.0000000e-02
  vertex -8.4852814e-03 -8.4852814e-03 7.2000000e-02
 endloop
endfacet
facet normal 6.895405e-01 7.242471e-01 0.000000e+00
 outer loop
  vertex -8.0587075e-03 -8.8914135e-03 7.2000000e-02
  vertex -8.0587075e-03 -8.8914135e-03 7.0000000e-02
  vertex -8.4852814e-03 -8.4852814e-03 7.2000000e-02
 endloop
endfacet
facet normal 6.531728e-01 7.572088e-01 0.000000e+00
 outer loop
  vertex -7.6127194e-03 -9.2761254e-03 7.0000000e-02
  vertex -8.0587075e-03 -8.8914135e-03 7.0000000e-02
  vertex -8.0587075e-03 -8.8914135e-03 7.2000000e-02
 endloop
endfacet
facet normal 6.531728e-01 7.572088e-01 0.000000e+00
 outer loop
  vertex -7.6127194e-03 -9.2761254e-03 7.2000000e-02
  vertex -7.6127194e-03 -9.2761254e-03 7.0000000e-02
  vertex -8.0587075e-03 -8.8914135e-03 7.2000000e-02
 endloop
endfacet
facet normal 6.152316e-01 7.883464e-01 0.000000e+00
 outer loop
  vertex -7.1483917e-03 -9.6384904e-03 7.0000000e-02
  vertex -7.6127194e-03 -9.2761254e-03 7.0000000e-02
  vertex -7.6127194e-03 -9.2761254e-03 7.2000000e-02
 endloop
endfacet
facet normal 6.152316e-01 7.883464e-01 0.000000e+00
 outer loop
  vertex -7.1483917e-03 -9.6384904e-03 7.2000000e-02
  vertex -7.1483917e-03 -9.6384904e-03 7.0000000e-02
  vertex -7.6127194e-03 -9.2761254e-03 7.2000000e-02
 endloop
endfacet
facet normal 5.758082e-01 8.175848e-01 0.000000e+00
 outer loop
  vertex -6.6668428e-03 -9.9776353e-03 7.0000000e-02
  vertex -7.1483917e-03 -9.6384904e-03 7.0000000e-02
  vertex -7.1483917e-03 -9.6384904e-03 7.2000000e-02
 endloop
endfacet
facet normal 5.758082e-01 8.175848e-01 0.000000e+00
 outer loop
  vertex -6.6668428e-03 -9.9776353e-03 7.2000000e-02
  vertex -6.6668428e-03 -9.9776353e-03 7.0000000e-02
  vertex -7.1483917e-03 -9.6384904e-03 7.2000000e-02
 endloop
endfacet
facet normal 5.349976e-01 8.448536e-01 0.000000e+00
 outer loop
  vertex -6.1692329e-03 -1.0292743e-02 7.0000000e-02
  vertex -6.6668428e-03 -9.9776353e-03 7.0000000e-02
  vertex -6.6668428e-03 -9.9776353e-03 7.2000000e-02
 endloop
endfacet
facet normal 5.349976e-01 8.448536e-01 0.000000e+00
 outer loop
  vertex -6.1692329e-03 -1.0292743e-02 7.2000000e-02
  vertex -6.1692329e-03 -1.0292743e-02 7.0000000e-02
  vertex -6.6668428e-03 -9.9776353e-03 7.2000000e-02
 endloop
endfacet
facet normal 4.928982e-01 8.700870e-01 0.000000e+00
 outer loop
  vertex -5.6567608e-03 -1.0583055e-02 7.0000000e-02
  vertex -6.1692329e-03 -1.0292743e-02 7.0000000e-02
  vertex -6.1692329e-03 -1.0292743e-02 7.2000000e-02
 endloop
endfacet
facet normal 4.928982e-01 8.700870e-01 0.000000e+00
 outer loop
  vertex -5.6567608e-03 -1.0583055e-02 7.2000000e-02
  vertex -5.6567608e-03 -1.0583055e-02 7.0000000e-02
  vertex -6.1692329e-03 -1.0292743e-02 7.2000000e-02
 endloop
endfacet
facet normal 4.496113e-01 8.932243e-01 0.000000e+00
 outer loop
  vertex -5.1306611e-03 -1.0847872e-02 7.0000000e-02
  vertex -5.6567608e-03 -1.0583055e-02 7.0000000e-02
  vertex -5.6567608e-03 -1.0583055e-02 7.2000000e-02
 endloop
endfacet
facet normal 4.496113e-01 8.932243e-01 0.000000e+00
 outer loop
  vertex -5.1306611e-03 -1.0847872e-02 7.2000000e-02
  vertex -5.1306611e-03 -1.0847872e-02 7.0000000e-02
  vertex -5.6567608e-03 -1.0583055e-02 7.2000000e-02
 endloop
endfacet
facet normal 4.052413e-01 9.142098e-01 0.000000e+00
 outer loop
  vertex -4.5922012e-03 -1.1086554e-02 7.0000000e-02
  vertex -5.1306611e-03 -1.0847872e-02 7.0000000e-02
  vertex -5.1306611e-03 -1.0847872e-02 7.2000000e-02
 endloop
endfacet
facet normal 4.052413e-01 9.142098e-01 0.000000e+00
 outer loop
  vertex -4.5922012e-03 -1.1086554e-02 7.2000000e-02
  vertex -4.5922012e-03 -1.1086554e-02 7.0000000e-02
  vertex -5.1306611e-03 -1.0847872e-02 7.2000000e-02
 endloop
endfacet
facet normal 3.598950e-01 9.329928e-01 0.000000e+00
 outer loop
  vertex -4.0426782e-03 -1.1298529e-02 7.0000000e-02
  vertex -4.5922012e-03 -1.1086554e-02 7.0000000e-02
  vertex -4.5922012e-03 -1.1086554e-02 7.2000000e-02
 endloop
endfacet
facet normal 3.598950e-01 9.329928e-01 0.000000e+00
 outer loop
  vertex -4.0426782e-03 -1.1298529e-02 7.2000000e-02
  vertex -4.0426782e-03 -1.1298529e-02 7.0000000e-02
  vertex -4.5922012e-03 -1.1086554e-02 7.2000000e-02
 endloop
endfacet
facet normal 3.136817e-01 9.495282e-01 0.000000e+00
 outer loop
  vertex -3.4834161e-03 -1.1483284e-02 7.0000000e-02
  vertex -4.0426782e-03 -1.1298529e-02 7.0000000e-02
  vertex -4.0426782e-03 -1.1298529e-02 7.2000000e-02
 endloop
endfacet
facet normal 3.136817e-01 9.495282e-01 0.000000e+00
 outer loop
  vertex -3.4834161e-03 -1.1483284e-02 7.2000000e-02
  vertex -3.4834161e-03 -1.1483284e-02 7.0000000e-02
  vertex -4.0426782e-03 -1.1298529e-02 7.2000000e-02
 endloop
endfacet
facet normal 2.667128e-01 9.637761e-01 0.000000e+00
 outer loop
  vertex -2.9157622e-03 -1.1640375e-02 7.0000000e-02
  vertex -3.4834161e-03 -1.1483284e-02 7.0000000e-02
  vertex -3.4834161e-03 -1.1483284e-02 7.2000000e-02
 endloop
endfacet
facet normal 2.667128e-01 9.637761e-01 0.000000e+00
 outer loop
  vertex -2.9157622e-03 -1.1640375e-02 7.2000000e-02
  vertex -2.9157622e-03 -1.1640375e-02 7.0000000e-02
  vertex -3.4834161e-03 -1.1483284e-02 7.2000000e-02
 endloop
endfacet
facet normal 2.191012e-01 9.757021e-01 0.000000e+00
 outer loop
  vertex -2.3410839e-03 -1.1769423e-02 7.0000000e-02
  vertex -2.9157622e-03 -1.1640375e-02 7.0000000e-02
  vertex -2.9157622e-03 -1.1640375e-02 7.2000000e-02
 endloop
endfacet
facet normal 2.191012e-01 9.757021e-01 0.000000e+00
 outer loop
  vertex -2.3410839e-03 -1.1769423e-02 7.2000000e-02
  vertex -2.3410839e-03 -1.1769423e-02 7.0000000e-02
  vertex -2.9157622e-03 -1.1640375e-02 7.2000000e-02
 endloop
endfacet
facet normal 1.709619e-01 9.852776e-01 0.000000e+00
 outer loop
  vertex -1.7607657e-03 -1.1870118e-02 7.0000000e-02
  vertex -2.3410839e-03 -1.1769423e-02 7.0000000e-02
  vertex -2.3410839e-03 -1.1769423e-02 7.2000000e-02
 endloop
endfacet
facet normal 1.709619e-01 9.852776e-01 0.000000e+00
 outer loop
  vertex -1.7607657e-03 -1.1870118e-02 7.2000000e-02
  vertex -1.7607657e-03 -1.1870118e-02 7.0000000e-02
  vertex -2.3410839e-03 -1.1769423e-02 7.2000000e-02
 endloop
endfacet
facet normal 1.224107e-01 9.924795e-01 0.000000e+00
 outer loop
  vertex -1.1762057e-03 -1.1942217e-02 7.0000000e-02
  vertex -1.7607657e-03 -1.1870118e-02 7.0000000e-02
  vertex -1.7607657e-03 -1.1870118e-02 7.2000000e-02
 endloop
endfacet
facet normal 1.224107e-01 9.924795e-01 0.000000e+00
 outer loop
  vertex -1.1762057e-03 -1.1942217e-02 7.2000000e-02
  vertex -1.1762057e-03 -1.1942217e-02 7.0000000e-02
  vertex -1.7607657e-03 -1.1870118e-02 7.2000000e-02
 endloop
endfacet
facet normal 7.356456e-02 9.972905e-01 0.000000e+00
 outer loop
  vertex -5.8881209e-04 -1.1985545e-02 7.0000000e-02
  vertex -1.1762057e-03 -1.1942217e-02 7.0000000e-02
  vertex -1.1762057e-03 -1.1942217e-02 7.2000000e-02
 endloop
endfacet
facet normal 7.356456e-02 9.972905e-01 0.000000e+00
 outer loop
  vertex -5.8881209e-04 -1.1985545e-02 7.2000000e-02
  vertex -5.8881209e-04 -1.1985545e-02 7.0000000e-02
  vertex -1.1762057e-03 -1.1942217e-02 7.2000000e-02
 endloop
endfacet
facet normal 2.454123e-02 9.996988e-01 0.000000e+00
 outer loop
  vertex -2.2043642e-18 -1.2000000e-02 7.0000000e-02
  vertex -5.8881209e-04 -1.1985545e-02 7.0000000e-02
  vertex -5.8881209e-04 -1.1985545e-02 7.2000000e-02
 endloop
endfacet
facet normal 2.454123e-02 9.996988e-01 0.000000e+00
 outer loop
  vertex -2.2043642e-18 -1.2000000e-02 7.2000000e-02
  vertex -2.2043642e-18 -1.2000000e-02 7.0000000e-02
  vertex -5.8881209e-04 -1.1985545e-02 7.2000000e-02
 endloop
endfacet
facet normal -2.454123e-02 9.996988e-01 0.000000e+00
 outer loop
  vertex 5.8881209e-04 -1.1985545e-02 7.0000000e-02
  vertex -2.2043642e-18 -1.2000000e-02 7.0000000e-02
  vertex -2.2043642e-18 -1.2000000e-02 7.2000000e-02
 endloop
endfacet
facet normal -2.454123e-02 9.996988e-01 0.000000e+00
 outer loop
  vertex 5.8881209e-04 -1.1985545e-02 7.2000000e-02
  vertex 5.8881209e-04 -1.1985545e-02 7.0000000e-02
  vertex -2.2043642e-18 -1.2000000e-02 7.2000000e-02
 endloop
endfacet
facet normal -7.356456e-02 9.972905e-01 0.000000e+00
 outer loop
  vertex 1.1762057e-03 -1.1942217e-02 7.0000000e-02
  vertex 5.8881209e-04 -1.1985545e-02 7.0000000e-02
  vertex 5.8881209e-04 -1.1985545e-02 7.2000000e-02
 endloop
endfacet
facet normal -7.356456e-02 9.972905e-01 0.000000e+00
 outer loop
  vertex 1.1762057e-03 -1.1942217e-02 7.2000000e-02
  vertex 1.1762057e-03 -1.1942217e-02 7.0000000e-02
  vertex 5.8881209e-04 -1.1985545e-02 7.2000000e-02
 endloop
endfacet
facet normal -1.224107e-01 9.924795e-01 0.000000e+00
 outer loop
  vertex 1.7607657e-03 -1.1870118e-02 7.0000000e-02
  vertex 1.1762057e-03 -1.1942217e-02 7.0000000e-02
  vertex 1.1762057e-03 -1.1942217e-02 7.2000000e-02
 endloop
endfacet
facet normal -1.224107e-01 9.924795e-01 0.000000e+00
 outer loop
  vertex 1.7607657e-03 -1.1870118e-02 7.2000000e-02
  vertex 1.7607657e-03 -1.1870118e-02 7.0000000e-02
  vertex 1.1762057e-03 -1.1942217e-02 7.2000000e-02
 endloop
endfacet
facet normal -1.709619e-01 9.852776e-01 0.000000e+00
 outer loop
  vertex 2.3410839e-03 -1.1769423e-02 7.0000000e-02
  vertex 1.7607657e-03 -1.1870118e-02 7.0000000e-02
  vertex 1.7607657e-03 -1.1870118e-02 7.2000000e-02
 endloop
endfacet
facet normal -1.709619e-01 9.852776e-01 0.000000e+00
 outer loop
  vertex 2.3410839e-03 -1.1769423e-02 7.2000000e-02
  vertex 2.3410839e-03 -1.1769423e-02 7.0000000e-02
  vertex 1.7607657e-03 -1.1870118e-02 7.2000000e-02
 endloop
endfacet
facet normal -2.191012e-01 9.757021e-01 0.000000e+00
 outer loop
  vertex 2.9157622e-03 -1.1640375e-02 7.0000000e-02
  vertex 2.3410839e-03 -1.1769423e-02 7.0000000e-02
  vertex 2.3410839e-03 -1.1769423e-02 7.2000000e-02
 endloop
endfacet
facet normal -2.191012e-01 9.757021e-01 0.000000e+00
 outer loop
  vertex 2.9157622e-03 -1.1640375e-02 7.2000000e-02
  vertex 2.9157622e-03 -1.1640375e-02 7.0000000e-02
  vertex 2.3410839e-03 -1.1769423e-02 7.2000000e-02
 endloop
endfacet
facet normal -2.667128e-01 9.637761e-01 0.000000e+00
 outer loop
  vertex 3.4834161e-03 -1.1483284e-02 7.0000000e-02
  vertex 2.9157622e-03 -1.1640375e-02 7.0000000e-02
  vertex 2.9157622e-03 -1.1640375e-02 7.2000000e-02
 endloop
endfacet
facet normal -2.667128e-01 9.637761e-01 0.000000e+00
 outer loop
  vertex 3.4834161e-03 -1.1483284e-02 7.2000000e-02
  vertex 3.4834161e-03 -1.1483284e-02 7.0000000e-02
  vertex 2.9157622e-03 -1.1640375e-02 7.2000000e-02
 endloop
endfacet
facet normal -3.136817e-01 9.495282e-01 0.000000e+00
 outer loop
  vertex 4.0426782e-03 -1.1298529e-02 7.0000000e-02
  vertex 3.4834161e-03 -1.1483284e-02 7.0000000e-02
  vertex 3.4834161e-03 -1.1483284e-02 7.2000000e-02
 endloop
endfacet
facet normal -3.136817e-01 9.495282e-01 0.000000e+00
 outer loop
  vertex 4.0426782e-03 -1.1298529e-02 7.2000000e-02
  vertex 4.0426782e-03 -1.1298529e-02 7.0000000e-02
  vertex 3.4834161e-03 -1.1483284e-02 7.2000000e-02
 endloop
endfacet
facet normal -3.598950e-01 9.329928e-01 0.000000e+00
 outer loop
  vertex 4.5922012e-03 -1.1086554e-02 7.0000000e-02
  vertex 4.0426782e-03 -1.1298529e-02 7.0000000e-02
  vertex 4.0426782e-03 -1.1298529e-02 7.2000000e-02
 endloop
endfacet
facet normal -3.598950e-01 9.329928e-01 0.000000e+00
 outer loop
  vertex 4.5922012e-03 -1.1086554e-02 7.2000000e-02
  vertex 4.5922012e-03 -1.1086554e-02 7.0000000e-02
  vertex 4.0426782e-03 -1.1298529e-02 7.2000000e-02
 endloop
endfacet
facet normal -4.052413e-01 9.142098e-01 0.000000e+00
 outer loop
  vertex 5.1306611e-03 -1.0847872e-02 7.0000000e-02
  vertex 4.5922012e-03 -1.1086554e-02 7.0000000e-02
  vertex 4.5922012e-03 -1.1086554e-02 7.2000000e-02
 endloop
endfacet
facet normal -4.052413e-01 9.142098e-01 0.000000e+00
 outer loop
  vertex 5.1306611e-03 -1.0847872e-02 7.2000000e-02
  vertex 5.1306611e-03 -1.0847872e-02 7.0000000e-02
  vertex 4.5922012e-03 -1.1086554e-02 7.2000000e-02
 endloop
endfacet
facet normal -4.496113e-01 8.932243e-01 0.000000e+00
 outer loop
  vertex 5.6567608e-03 -1.0583055e-02 7.0000000e-02
  vertex 5.1306611e-03 -1.0847872e-02 7.0000000e-02
  vertex 5.1306611e-03 -1.0847872e-02 7.2000000e-02
 endloop
endfacet
facet normal -4.496113e-01 8.932243e-01 0.000000e+00
 outer loop
  vertex 5.6567608e-03 -1.0583055e-02 7.2000000e-02
  vertex 5.6567608e-03 -1.0583055e-02 7.0000000e-02
  vertex 5.1306611e-03 -1.0847872e-02 7.2000000e-02
 endloop
endfacet
facet normal -4.928982e-01 8.700870e-01 0.000000e+00
 outer loop
  vertex 6.1692329e-03 -1.0292743e-02 7.0000000e-02
  vertex 5.6567608e-03 -1.0583055e-02 7.0000000e-02
  vertex 5.6567608e-03 -1.0583055e-02 7.2000000e-02
 endloop
endfacet
facet normal -4.928982e-01 8.700870e-01 0.000000e+00
 outer loop
  vertex 6.1692329e-03 -1.0292743e-02 7.2000000e-02
  vertex 6.1692329e-03 -1.0292743e-02 7.0000000e-02
  vertex 5.6567608e-03 -1.0583055e-02 7.2000000e-02
 endloop
endfacet
facet normal -5.349976e-01 8.448536e-01 0.000000e+00
 outer loop
  vertex 6.6668428e-03 -9.9776353e-03 7.0000000e-02
  vertex 6.1692329e-03 -1.0292743e-02 7.0000000e-02
  vertex 6.1692329e-03 -1.0292743e-02 7.2000000e-02
 endloop
endfacet
facet normal -5.349976e-01 8.448536e-01 0.000000e+00
 outer loop
  vertex 6.6668428e-03 -9.9776353e-03 7.2000000e-02
  vertex 6.6668428e-03 -9.9776353e-03 7.0000000e-02
  vertex 6.1692329e-03 -1.0292743e-02 7.2000000e-02
 endloop
endfacet
facet normal -5.758082e-01 8.175848e-01 0.000000e+00
 outer loop
  vertex 7.1483917e-03 -9.6384904e-03 7.0000000e-02
  vertex 6.6668428e-03 -9.9776353e-03 7.0000000e-02
  vertex 6.6668428e-03 -9.9776353e-03 7.2000000e-02
 endloop
endfacet
facet normal -5.758082e-01 8.175848e-01 0.000000e+00
 outer loop
  vertex 7.1483917e-03 -9.6384904e-03 7.2000000e-02
  vertex 7.1483917e-03 -9.6384904e-03 7.0000000e-02
  vertex 6.6668428e-03 -9.9776353e-03 7.2000000e-02
 endloop
endfacet
facet normal -6.152316e-01 7.883464e-01 0.000000e+00
 outer loop
  vertex 7.6127194e-03 -9.2761254e-03 7.0000000e-02
  vertex 7.1483917e-03 -9.6384904e-03 7.0000000e-02
  vertex 7.1483917e-03 -9.6384904e-03 7.2000000e-02
 endloop
endfacet
facet normal -6.152316e-01 7.883464e-01 0.000000e+00
 outer loop
  vertex 7.6127194e-03 -9.2761254e-03 7.2000000e-02
  vertex 7.6127194e-03 -9.2761254e-03 7.0000000e-02
  vertex 7.1483917e-03 -9.6384904e-03 7.2000000e-02
 endloop
endfacet
facet normal -6.531728e-01 7.572088e-01 0.000000e+00
 outer loop
  vertex 8.0587075e-03 -8.8914135e-03 7.0000000e-02
  vertex 7.6127194e-03 -9.2761254e-03 7.0000000e-02
  vertex 7.6127194e-03 -9.2761254e-03 7.2000000e-02
 endloop
endfacet
facet normal -6.531728e-01 7.572088e-01 0.000000e+00
 outer loop
  vertex 8.0587075e-03 -8.8914135e-03 7.2000000e-02
  vertex 8.0587075e-03 -8.8914135e-03 7.0000000e-02
  vertex 7.6127194e-03 -9.2761254e-03 7.2000000e-02
 endloop
endfacet
facet normal -6.895405e-01 7.242471e-01 0.000000e+00
 outer loop
  vertex 8.4852814e-03 -8.4852814e-03 7.0000000e-02
  vertex 8.0587075e-03 -8.8914135e-03 7.0000000e-02
  vertex 8.0587075e-03 -8.8914135e-03 7.2000000e-02
 endloop
endfacet
facet normal -6.895405e-01 7.242471e-01 0.000000e+00
 outer loop
  vertex 8.4852814e-03 -8.4852814e-03 7.2000000e-02
  vertex 8.4852814e-03 -8.4852814e-03 7.0000000e-02
  vertex 8.0587075e-03 -8.8914135e-03 7.2000000e-02
 endloop
endfacet
facet normal -7.242471e-01 6.895405e-01 0.000000e+00
 outer loop
  vertex 8.8914135e-03 -8.0587075e-03 7.0000000e-02
  vertex 8.4852814e-03 -8.4852814e-03 7.0000000e-02
  vertex 8.4852814e-03 -8.4852814e-03 7.2000000e-02
 endloop
endfacet
facet normal -7.242471e-01 6.895405e-01 0.000000e+00
 outer loop
  vertex 8.8914135e-03 -8.0587075e-03 7.2000000e-02
  vertex 8.8914135e-03 -8.0587075e-03 7.0000000e-02
  vertex 8.4852814e-03 -8.4852814e-03 7.2000000e-02
 endloop
endfacet
facet normal -7.572088e-01 6.531728e-01 0.000000e+00
 outer loop
  vertex 9.2761254e-03 -7.6127194e-03 7.0000000e-02
  vertex 8.8914135e-03 -8.0587075e-03 7.0000000e-02
  vertex 8.8914135e-03 -8.0587075e-03 7.2000000e-02
 endloop
endfacet
facet normal -7.572088e-01 6.531728e-01 0.000000e+00
 outer loop
  vertex 9.2761254e-03 -7.6127194e-03 7.2000000e-02
  vertex 9.2761254e-03 -7.6127194e-03 7.0000000e-02
  vertex 8.8914135e-03 -8.0587075e-03 7.2000000e-02
 endloop
endfacet
facet normal -7.883464e-01 6.152316e-01 0.000000e+00
 outer loop
  vertex 9.6384904e-03 -7.1483917e-03 7.0000000e-02
  vertex 9.2761254e-03 -7.6127194e-03 7.0000000e-02
  vertex 9.2761254e-03 -7.6127194e-03 7.2000000e-02
 endloop
endfacet
facet normal -7.883464e-01 6.152316e-01 0.000000e+00
 outer loop
  vertex 9.6384904e-03 -7.1483917e-03 7.2000000e-02
  vertex 9.6384904e-03 -7.1483917e-03 7.0000000e-02
  vertex 9.2761254e-03 -7.6127194e-03 7.2000000e-02
 endloop
endfacet
facet normal -8.175848e-01 5.758082e-01 0.000000e+00
 outer loop
  vertex 9.9776353e-03 -6.6668428e-03 7.0000000e-02
  vertex 9.6384904e-03 -7.1483917e-03 7.0000000e-02
  vertex 9.6384904e-03 -7.1483917e-03 7.2000000e-02
 endloop
endfacet
facet normal -8.175848e-01 5.758082e-01 0.000000e+00
 outer loop
  vertex 9.9776353e-03 -6.6668428e-03 7.2000000e-02
  vertex 9.9776353e-03 -6.6668428e-03 7.0000000e-02
  vertex 9.6384904e-03 -7.1483917e-03 7.2000000e-02
 endloop
endfacet
facet normal -8.448536e-01 5.349976e-01 0.000000e+00
 outer loop
  vertex 1.0292743e-02 -6.1692329e-03 7.0000000e-02
  vertex 9.9776353e-03 -6.6668428e-03 7.0000000e-02
  vertex 9.9776353e-03 -6.6668428e-03 7.2000000e-02
 endloop
endfacet
facet normal -8.448536e-01 5.349976e-01 0.000000e+00
 outer loop
  vertex 1.0292743e-02 -6.1692329e-03 7.2000000e-02
  vertex 1.0292743e-02 -6.1692329e-03 7.0000000e-02
  vertex 9.9776353e-03 -6.6668428e-03 7.2000000e-02
 endloop
endfacet
facet normal -8.700870e-01 4.928982e-01 0.000000e+00
 outer loop
  vertex 1.0583055e-02 -5.6567608e-03 7.0000000e-02
  vertex 1.0292743e-02 -6.1692329e-03 7.0000000e-02
  vertex 1.0292743e-02 -6.1692329e-03 7.2000000e-02
 endloop
endfacet
facet normal -8.700870e-01 4.928982e-01 0.000000e+00
 outer loop
  vertex 1.0583055e-02 -5.6567608e-03 7.2000000e-02
  vertex 1.0583055e-02 -5.6567608e-03 7.0000000e-02
  vertex 1.0292743e-02 -6.1692329e-03 7.2000000e-02
 endloop
endfacet
facet normal -8.932243e-01 4.496113e-01 0.000000e+00
 outer loop
  vertex 1.0847872e-02 -5.1306611e-03 7.0000000e-02
  vertex 1.0583055e-02 -5.6567608e-03 7.0000000e-02
  vertex 1.0583055e-02 -5.6567608e-03 7.2000000e-02
 endloop
endfacet
facet normal -8.932243e-01 4.496113e-01 0.000000e+00
 outer loop
  vertex 1.0847872e-02 -5.1306611e-03 7.2000000e-02
  vertex 1.0847872e-02 -5.1306611e-03 7.0000000e-02
  vertex 1.0583055e-02 -5.6567608e-03 7.2000000e-02
 endloop
endfacet
facet normal -9.142098e-01 4.052413e-01 0.000000e+00
 outer loop
  vertex 1.1086554e-02 -4.5922012e-03 7.0000000e-02
  vertex 1.0847872e-02 -5.1306611e-03 7.0000000e-02
  vertex 1.0847872e-02 -5.1306611e-03 7.2000000e-02
 endloop
endfacet
facet normal -9.142098e-01 4.052413e-01 0.000000e+00
 outer loop
  vertex 1.1086554e-02 -4.5922012e-03 7.2000000e-02
  vertex 1.1086554e-02 -4.5922012e-03 7.0000000e-02
  vertex 1.0847872e-02 -5.1306611e-03 7.2000000e-02
 endloop
endfacet
facet normal -9.329928e-01 3.598950e-01 0.000000e+00
 outer loop
  vertex 1.1298529e-02 -4.0426782e-03 7.0000000e-02
  vertex 1.1086554e-02 -4.5922012e-03 7.0000000e-02
  vertex 1.1086554e-02 -4.5922012e-03 7.2000000e-02
 endloop
endfacet
facet normal -9.329928e-01 3.598950e-01 0.000000e+00
 outer loop
  vertex 1.1298529e-02 -4.0426782e-03 7.2000000e-02
  vertex 1.1298529e-02 -4.0426782e-03 7.0000000e-02
  vertex 1.1086554e-02 -4.5922012e-03 7.2000000e-02
 endloop
endfacet
facet normal -9.495282e-01 3.136817e-01 0.000000e+00
 outer loop
  vertex 1.1483284e-02 -3.4834161e-03 7.0000000e-02
  vertex 1.1298529e-02 -4.0426782e-03 7.0000000e-02
  vertex 1.1298529e-02 -4.0426782e-03 7.2000000e-02
 endloop
endfacet
facet normal -9.495282e-01 3.136817e-01 0.000000e+00
 outer loop
  vertex 1.1483284e-02 -3.4834161e-03 7.2000000e-02
  vertex 1.1483284e-02 -3.4834161e-03 7.0000000e-02
  vertex 1.1298529e-02 -4.0426782e-03 7.2000000e-02
 endloop
endfacet
facet normal -9.637761e-01 2.667128e-01 0.000000e+00
 outer loop
  vertex 1.1640375e-02 -2.9157622e-03 7.0000000e-02
  vertex 1.1483284e-02 -3.4834161e-03 7.0000000e-02
  vertex 1.1483284e-02 -3.4834161e-03 7.2000000e-02
 endloop
endfacet
facet normal -9.637761e-01 2.667128e-01 0.000000e+00
 outer loop
  vertex 1.1640375e-02 -2.9157622e-03 7.2000000e-02
  vertex 1.1640375e-02 -2.9157622e-03 7.0000000e-02
  vertex 1.1483284e-02 -3.4834161e-03 7.2000000e-02
 endloop
endfacet
facet normal -9.757021e-01 2.191012e-01 0.000000e+00
 outer loop
  vertex 1.1769423e-02 -2.3410839e-03 7.0000000e-02
  vertex 1.1640375e-02 -2.9157622e-03 7.0000000e-02
  vertex 1.1640375e-02 -2.9157622e-03 7.2000000e-02
 endloop
endfacet
facet normal -9.757021e-01 2.191012e-01 0.000000e+00
 outer loop
  vertex 1.1769423e-02 -2.3410839e-03 7.2000000e-02
  vertex 1.1769423e-02 -2.3410839e-03 7.0000000e-02
  vertex 1.1640375e-02 -2.9157622e-03 7.2000000e-02
 endloop
endfacet
facet normal -9.852776e-01 1.709619e-01 0.000000e+00
 outer loop
  vertex 1.1870118e-02 -1.7607657e-03 7.0000000e-02
  vertex 1.1769423e-02 -2.3410839e-03 7.0000000e-02
  vertex 1.1769423e-02 -2.3410839e-03 7.2000000e-02
 endloop
endfacet
facet normal -9.852776e-01 1.709619e-01 0.000000e+00
 outer loop
  vertex 1.1870118e-02 -1.7607657e-03 7.2000000e-02
  vertex 1.1870118e-02 -1.7607657e-03 7.0000000e-02
  vertex 1.1769423e-02 -2.3410839e-03 7.2000000e-02
 endloop
endfacet
facet normal -9.924795e-01 1.224107e-01 0.000000e+00
 outer loop
  vertex 1.1942217e-02 -1.1762057e-03 7.0000000e-02
  vertex 1.1870118e-02 -1.7607657e-03 7.0000000e-02
  vertex 1.1870118e-02 -1.7607657e-03 7.2000000e-02
 endloop
endfacet
facet normal -9.924795e-01 1.224107e-01 0.000000e+00
 outer loop
  vertex 1.1942217e-02 -1.1762057e-03 7.2000000e-02
  vertex 1.1942217e-02 -1.1762057e-03 7.0000000e-02
  vertex 1.1870118e-02 -1.7607657e-03 7.2000000e-02
 endloop
endfacet
facet normal -9.972905e-01 7.356456e-02 0.000000e+00
 outer loop
  vertex 1.1985545e-02 -5.8881209e-04 7.0000000e-02
  vertex 1.1942217e-02 -1.1762057e-03 7.0000000e-02
  vertex 1.1942217e-02 -1.1762057e-03 7.2000000e-02
 endloop
endfacet
facet normal -9.972905e-01 7.356456e-02 0.000000e+00
 outer loop
  vertex 1.1985545e-02 -5.8881209e-04 7.2000000e-02
  vertex 1.1985545e-02 -5.8881209e-04 7.0000000e-02
  vertex 1.1942217e-02 -1.1762057e-03 7.2000000e-02
 endloop
endfacet
facet normal -9.996988e-01 2.454123e-02 0.000000e+00
 outer loop
  vertex 1.2000000e-02 0.0000000e+00 7.0000000e-02
  vertex 1.1985545e-02 -5.8881209e-04 7.0000000e-02
  vertex 1.1985545e-02 -5.8881209e-04 7.2000000e-02
 endloop
endfacet
facet normal -9.996988e-01 2.454123e-02 0.000000e+00
 outer loop
  vertex 1.2000000e-02 0.0000000e+00 7.2000000e-02
  vertex 1.2000000e-02 0.0000000e+00 7.0000000e-02
  vertex 1.1985545e-02 -5.8881209e-04 7.2000000e-02
 endloop
endfacet
facet normal 0.000000e+00 -0.000000e+00 -1.000000e+00
 outer loop
  vertex 2.3971091e-02 1.1776242e-03 7.0000000e-02
  vertex 2.4000000e-02 0.0000000e+00 7.0000000e-02
  vertex 1.2000000e-02 0.0000000e+00 7.0000000e-02
 endloop
endfacet
facet normal 0.000000e+00 0.000000e+00 -1.000000e+00
 outer loop
  vertex 1.1985545e-02 5.8881209e-04 7.0000000e-02
  vertex 2.3971091e-02 1.1776242e-03 7.0000000e-02
  vertex 1.2000000e-02 0.0000000e+00 7.0000000e-02
 endloop
endfacet
facet normal 0.000000e+00 -0.000000e+00 -1.000000e+00
 outer loop
  vertex 2.3884433e-02 2.3524114e-03 7.0000000e-02
  vertex 2.3971091e-02 1.1776242e-03 7.0000000e-02
  vertex 1.1985545e-02 5.8881209e-04 7.0000000e-02
 endloop
endfacet
facet normal 0.000000e+00 0.000000e+00 -1.000000e+00
 outer loop
  vertex 1.1942217e-02 1.1762057e-03 7.0000000e-02
  vertex 2.3884433e-02 2.3524114e-03 7.0000000e-02
  vertex 1.1985545e-02 5.8881209e-04 7.0000000e-02
 endloop
endfacet
facet normal 0.000000e+00 -0.000000e+00 -1.000000e+00
 outer loop
  vertex 2.3740236e-02 3.5215314e-03 7.0000000e-02
  vertex 2.3884433e-02 2.3524114e-03 7.0000000e-02
  vertex 1.1942217e-02 1.1762057e-03 7.0000000e-02
 endloop
endfacet
facet normal 0.000000e+00 0.000000e+00 -1.000000e+00
 outer loop
  vertex 1.1870118e-02 1.7607657e-03 7.0000000e-02
  vertex 2.3740236e-02 3.5215314e-03 7.0000000e-02
  vertex 1.1942217e-02 1.1762057e-03 7.0000000e-02
 endloop
endfacet
facet normal 0.000000e+00 -0.000000e+00 -1.000000e+00
 outer loop
  vertex 2.3538847e-02 4.6821677e-03 7.0000000e-02
  vertex 2.3740236e-02 3.5215314e-03 7.0000000e-02
  vertex 1.1870118e-02 1.7607657e-03 7.0000000e-02
 endloop
endfacet
facet normal 0.000000e+00 0.000000e+00 -1.000000e+00
 outer loop
  vertex 1.1769423e-02 2.3410839e-03 7.0000000e-02
  vertex 2.3538847e-02 4.6821677e-03 7.0000000e-02
  vertex 1.1870118e-02 1.7607657e-03 7.0000000e-02
 endloop
endfacet
facet normal 0.000000e+00 -0.000000e+00 -1.000000e+00
 outer loop
  vertex 2.3280750e-02 5.8315243e-03 7.0000000e-02
  vertex 2.3538847e-02 4.6821677e-03 7.0000000e-02
  vertex 1.1769423e-02 2.3410839e-03 7.0000000e-02
 endloop
endfacet
facet normal 0.000000e+00 0.000000e+00 -1.000000e+00
 outer loop
  vertex 1.1640375e-02 2.9157622e-03 7.0000000e-02
  vertex 2.3280750e-02 5.8315243e-03 7.0000000e-02
  vertex 1.1769423e-02 2.3410839e-03 7.0000000e-02
 endloop
endfacet
facet normal 0.000000e+00 -0.000000e+00 -1.000000e+00
 outer loop
  vertex 2.2966568e-02 6.9668323e-03 7.0000000e-02
  vertex 2.3280750e-02 5.8315243e-03 7.0000000e-02
  vertex 1.1640375e-02 2.9157622e-03 7.0000000e-02
 endloop
endfacet
facet normal 0.000000e+00 0.000000e+00 -1.000000e+00
 outer loop
  vertex 1.1483284e-02 3.4834161e-03 7.0000000e-02
  vertex 2.2966568e-02 6.9668323e-03 7.0000000e-02
  vertex 1.1640375e-02 2.9157622e-03 7.0000000e-02
 endloop
endfacet
facet normal 0.000000e+00 -0.000000e+00 -1.000000e+00
 outer loop
  vertex 2.2597058e-02 8.0853565e-03 7.0000000e-02
  vertex 2.2966568e-02 6.9668323e-03 7.0000000e-02
  vertex 1.1483284e-02 3.4834161e-03 7.0000000e-02
 endloop
endfacet
facet normal 0.000000e+00 0.000000e+00 -1.000000e+00
 outer loop
  vertex 1.1298529e-02 4.0426782e-03 7.0000000e-02
  vertex 2.2597058e-02 8.0853565e-03 7.0000000e-02
  vertex 1.1483284e-02 3.4834161e-03 7.0000000e-02
 endloop
endfacet
facet normal 0.000000e+00 -0.000000e+00 -1.000000e+00
 outer loop
  vertex 2.2173109e-02 9.1844024e-03 7.0000000e-02
  vertex 2.2597058e-02 8.0853565e-03 7.0000000e-02
  vertex 1.1298529e-02 4.0426782e-03 7.0000000e-02
 endloop
endfacet
facet normal 0.000000e+00 0.000000e+00 -1.000000e+00
 outer loop
  vertex 1.1086554e-02 4.5922012e-03 7.0000000e-02
  vertex 2.2173109e-02 9.1844024e-03 7.0000000e-02
  vertex 1.1298529e-02 4.0426782e-03 7.0000000e-02
 endloop
endfacet
facet normal 0.000000e+00 -0.000000e+00 -1.000000e+00
 outer loop
  vertex 2.1695743e-02 1.0261322e-02 7.0000000e-02
  vertex 2.2173109e-02 9.1844024e-03 7.0000000e-02
  vertex 1.1086554e-02 4.5922012e-03 7.0000000e-02
 endloop
endfacet
facet normal 0.000000e+00 0.000000e+00 -1.000000e+00
 outer loop
  vertex 1.0847872e-02 5.1306611e-03 7.0000000e-02
  vertex 2.1695743e-02 1.0261322e-02 7.0000000e-02
  vertex 1.1086554e-02 4.5922012e-03 7.0000000e-02
 endloop
endfacet
facet normal 0.000000e+00 -0.000000e+00 -1.000000e+00
 outer loop
  vertex 2.1166110e-02 1.1313522e-02 7.0000000e-02
  vertex 2.1695743e-02 1.0261322e-02 7.0000000e-02
  vertex 1.0847872e-02 5.1306611e-03 7.0000000e-02
 endloop
endfacet
facet normal 0.000000e+00 0.000000e+00 -1.000000e+00
 outer loop
  vertex 1.0583055e-02 5.6567608e-03 7.0000000e-02
  vertex 2.1166110e-02 1.1313522e-02 7.0000000e-02
  vertex 1.0847872e-02 5.1306611e-03 7.0000000e-02
 endloop
endfacet
facet normal 0.000000e+00 -0.000000e+00 -1.000000e+00
 outer loop
  vertex 2.0585487e-02 1.2338466e-02 7.0000000e-02
  vertex 2.1166110e-02 1.1313522e-02 7.0000000e-02
  vertex 1.0583055e-02 5.6567608e-03 7.0000000e-02
 endloop
endfacet
facet normal 0.000000e+00 0.000000e+00 -1.000000e+00
 outer loop
  vertex 1.0292743e-02 6.1692329e-03 7.0000000e-02
  vertex 2.0585487e-02 1.2338466e-02 7.0000000e-02
  vertex 1.0583055e-02 5.6567608e-03 7.0000000e-02
 endloop
endfacet
facet normal 0.000000e+00 -0.000000e+00 -1.000000e+00
 outer loop
  vertex 1.9955271e-02 1.3333686e-02 7.0000000e-02
  vertex 2.0585487e-02 1.2338466e-02 7.0000000e-02
  vertex 1.0292743e-02 6.1692329e-03 7.0000000e-02
 endloop
endfacet
facet normal 0.000000e+00 0.000000e+00 -1.000000e+00
 outer loop
  vertex 9.9776353e-03 6.6668428e-03 7.0000000e-02
  vertex 1.9955271e-02 1.3333686e-02 7.0000000e-02
  vertex 1.0292743e-02 6.1692329e-03 7.0000000e-02
 endloop
endfacet
facet normal 0.000000e+00 -0.000000e+00 -1.000000e+00
 outer loop
  vertex 1.9276981e-02 1.4296783e-02 7.0000000e-02
  vertex 1.9955271e-02 1.3333686e-02 7.0000000e-02
  vertex 9.9776353e-03 6.6668428e-03 7.0000000e-02
 endloop
endfacet
facet normal 0.000000e+00 0.000000e+00 -1.000000e+00
 outer loop
  vertex 9.6384904e-03 7.1483917e-03 7.0000000e-02
  vertex 1.9276981e-02 1.4296783e-02 7.0000000e-02
  vertex 9.9776353e-03 6.6668428e-03 7.0000000e-02
 endloop
endfacet
facet normal 0.000000e+00 -0.000000e+00 -1.000000e+00
 outer loop
  vertex 1.8552251e-02 1.5225439e-02 7.0000000e-02
  vertex 1.9276981e-02 1.4296783e-02 7.0000000e-02
  vertex 9.6384904e-03 7.1483917e-03 7.0000000e-02
 endloop
endfacet
facet normal 0.000000e+00 0.000000e+00 -1.000000e+00
 outer loop
  vertex 9.2761254e-03 7.6127194e-03 7.0000000e-02
  vertex 1.8552251e-02 1.5225439e-02 7.0000000e-02
  vertex 9.6384904e-03 7.1483917e-03 7.0000000e-02
 endloop
endfacet
facet normal 0.000000e+00 -0.000000e+00 -1.000000e+00
 outer loop
  vertex 1.7782827e-02 1.6117415e-02 7.0000000e-02
  vertex 1.8552251e-02 1.5225439e-02 7.0000000e-02
  vertex 9.2761254e-03 7.6127194e-03 7.0000000e-02
 endloop
endfacet
facet normal 0.000000e+00 0.000000e+00 -1.000000e+00
 outer loop
  vertex 8.8914135e-03 8.0587075e-03 7.0000000e-02
  vertex 1.7782827e-02 1.6117415e-02 7.0000000e-02
  vertex 9.2761254e-03 7.6127194e-03 7.0000000e-02
 endloop
endfacet
facet normal 0.000000e+00 -0.000000e+00 -1.000000e+00
 outer loop
  vertex 1.6970563e-02 1.6970563e-02 7.0000000e-02
  vertex 1.7782827e-02 1.6117415e-02 7.0000000e-02
  vertex 8.8914135e-03 8.0587075e-03 7.0000000e-02
 endloop
endfacet
facet normal 0.000000e+00 0.000000e+00 -1.000000e+00
 outer loop
  vertex 8.4852814e-03 8.4852814e-03 7.0000000e-02
  vertex 1.6970563e-02 1.6970563e-02 7.0000000e-02
  vertex 8.8914135e-03 8.0587075e-03 7.0000000e-02
 endloop
endfacet
facet normal 0.000000e+00 -0.000000e+00 -1.000000e+00
 outer loop
  vertex 1.6117415e-02 1.7782827e-02 7.0000000e-02
  vertex 1.6970563e-02 1.6970563e-02 7.0000000e-02
  vertex 8.4852814e-03 8.4852814e-03 7.0000000e-02
 endloop
endfacet
facet normal 0.000000e+00 0.000000e+00 -1.000000e+00
 outer loop
  vertex 8.0587075e-03 8.8914135e-03 7.0000000e-02
  vertex 1.6117415e-02 1.7782827e-02 7.0000000e-02
  vertex 8.4852814e-03 8.4852814e-03 7.0000000e-02
 endloop
endfacet
facet normal 0.000000e+00 -0.000000e+00 -1.000000e+00
 outer loop
  vertex 1.5225439e-02 1.8552251e-02 7.0000000e-02
  vertex 1.6117415e-02 1.7782827e-02 7.0000000e-02
  vertex 8.0587075e-03 8.8914135e-03 7.0000000e-02
 endloop
endfacet
facet normal 0.000000e+00 0.000000e+00 -1.000000e+00
 outer loop
  vertex 7.6127194e-03 9.2761254e-03 7.0000000e-02
  vertex 1.5225439e-02 1.8552251e-02 7.0000000e-02
  vertex 8.0587075e-03 8.8914135e-03 7.0000000e-02
 endloop
endfacet
facet normal 0.000000e+00 -0.000000e+00 -1.000000e+00
 outer loop
  vertex 1.4296783e-02 1.9276981e-02 7.0000000e-02
  vertex 1.5225439e-02 1.8552251e-02 7.0000000e-02
  vertex 7.6127194e-03 9.2761254e-03 7.0000000e-02
 endloop
endfacet
facet normal 0.000000e+00 0.000000e+00 -1.000000e+00
 outer loop
  vertex 7.1483917e-03 9.6384904e-03 7.0000000e-02
  vertex 1.4296783e-02 1.9276981e-02 7.0000000e-02
  vertex 7.6127194e-03 9.2761254e-03 7.0000000e-02
 endloop
endfacet
facet normal 0.000000e+00 -0.000000e+00 -1.000000e+00
 outer loop
  vertex 1.3333686e-02 1.9955271e-02 7.0000000e-02
  vertex 1.4296783e-02 1.9276981e-02 7.0000000e-02
  vertex 7.1483917e-03 9.6384904e-03 7.0000000e-02
 endloop
endfacet
facet normal 0.000000e+00 0.000000e+00 -1.000000e+00
 outer loop
  vertex 6.6668428e-03 9.9776353e-03 7.0000000e-02
  vertex 1.3333686e-02 1.9955271e-02 7.0000000e-02
  vertex 7.1483917e-03 9.6384904e-03 7.0000000e-02
 endloop
endfacet
facet normal 0.000000e+00 -0.000000e+00 -1.000000e+00
 outer loop
  vertex 1.2338466e-02 2.0585487e-02 7.0000000e-02
  vertex 1.3333686e-02 1.9955271e-02 7.0000000e-02
  vertex 6.6668428e-03 9.9776353e-03 7.0000000e-02
 endloop
endfacet
facet normal 0.000000e+00 0.000000e+00 -1.000000e+00
 outer loop
  vertex 6.1692329e-03 1.0292743e-02 7.0000000e-02
  vertex 1.2338466e-02 2.0585487e-02 7.0000000e-02
  vertex 6.6668428e-03 9.9776353e-03 7.0000000e-02
 endloop
endfacet
facet normal 0.000000e+00 -0.000000e+00 -1.000000e+00
 outer loop
  vertex 1.1313522e-02 2.1166110e-02 7.0000000e-02
  vertex 1.2338466e-02 2.0585487e-02 7.0000000e-02
  vertex 6.1692329e-03 1.0292743e-02 7.0000000e-02
 endloop
endfacet
facet normal 0.000000e+00 0.000000e+00 -1.000000e+00
 outer loop
  vertex 5.6567608e-03 1.0583055e-02 7.0000000e-02
  vertex 1.1313522e-02 2.1166110e-02 7.0000000e-02
  vertex 6.1692329e-03 1.0292743e-02 7.0000000e-02
 endloop
endfacet
facet normal 0.000000e+00 -0.000000e+00 -1.000000e+00
 outer loop
  vertex 1.0261322e-02 2.1695743e-02 7.0000000e-02
  vertex 1.1313522e-02 2.1166110e-02 7.0000000e-02
  vertex 5.6567608e-03 1.0583055e-02 7.0000000e-02
 endloop
endfacet
facet normal 0.000000e+00 0.000000e+00 -1.000000e+00
 outer loop
  vertex 5.1306611e-03 1.0847872e-02 7.0000000e-02
  vertex 1.0261322e-02 2.1695743e-02 7.0000000e-02
  vertex 5.6567608e-03 1.0583055e-02 7.0000000e-02
 endloop
endfacet
facet normal 0.000000e+00 -0.000000e+00 -1.000000e+00
 outer loop
  vertex 9.1844024e-03 2.2173109e-02 7.0000000e-02
  vertex 1.0261322e-02 2.1695743e-02 7.0000000e-02
  vertex 5.1306611e-03 1.0847872e-02 7.0000000e-02
 endloop
endfacet
facet normal 0.000000e+00 0.000000e+00 -1.000000e+00
 outer loop
  vertex 4.5922012e-03 1.1086554e-02 7.0000000e-02
  vertex 9.1844024e-03 2.2173109e-02 7.0000000e-02
  vertex 5.1306611e-03 1.0847872e-02 7.0000000e-02
 endloop
endfacet
facet normal 0.000000e+00 -0.000000e+00 -1.000000e+00
 outer loop
  vertex 8.0853565e-03 2.2597058e-02 7.0000000e-02
  vertex 9.1844024e-03 2.2173109e-02 7.0000000e-02
  vertex 4.5922012e-03 1.1086554e-02 7.0000000e-02
 endloop
endfacet
facet normal 0.000000e+00 0.000000e+00 -1.000000e+00
 outer loop
  vertex 4.0426782e-03 1.1298529e-02 7.0000000e-02
  vertex 8.0853565e-03 2.2597058e-02 7.0000000e-02
  vertex 4.5922012e-03 1.1086554e-02 7.0000000e-02
 endloop
endfacet
facet normal 0.000000e+00 -0.000000e+00 -1.000000e+00
 outer loop
  vertex 6.9668323e-03 2.2966568e-02 7.0000000e-02
  vertex 8.0853565e-03 2.2597058e-02 7.0000000e-02
  vertex 4.0426782e-03 1.1298529e-02 7.0000000e-02
 endloop
endfacet
facet normal 0.000000e+00 0.000000e+00 -1.000000e+00
 outer loop
  vertex 3.4834161e-03 1.1483284e-02 7.0000000e-02
  vertex 6.9668323e-03 2.2966568e-02 7.0000000e-02
  vertex 4.0426782e-03 1.1298529e-02 7.0000000e-02
 endloop
endfacet
facet normal 0.000000e+00 -0.000000e+00 -1.000000e+00
 outer loop
  vertex 5.8315243e-03 2.3280750e-02 7.0000000e-02
  vertex 6.9668323e-03 2.2966568e-02 7.0000000e-02
  vertex 3.4834161e-03 1.1483284e-02 7.0000000e-02
 endloop
endfacet
facet normal 0.000000e+00 0.000000e+00 -1.000000e+00
 outer loop
  vertex 2.9157622e-03 1.1640375e-02 7.0000000e-02
  vertex 5.8315243e-03 2.3280750e-02 7.0000000e-02
  vertex 3.4834161e-03 1.1483284e-02 7.0000000e-02
 endloop
endfacet
facet normal 0.000000e+00 -0.000000e+00 -1.000000e+00
 outer loop
  vertex 4.6821677e-03 2.3538847e-02 7.0000000e-02
  vertex 5.8315243e-03 2.3280750e-02 7.0000000e-02
  vertex 2.9157622e-03 1.1640375e-02 7.0000000e-02
 endloop
endfacet
facet normal 0.000000e+00 0.000000e+00 -1.000000e+00
 outer loop
  vertex 2.3410839e-03 1.1769423e-02 7.0000000e-02
  vertex 4.6821677e-03 2.3538847e-02 7.0000000e-02
  vertex 2.9157622e-03 1.1640375e-02 7.0000000e-02
 endloop
endfacet
facet normal 0.000000e+00 -0.000000e+00 -1.000000e+00
 outer loop
  vertex 3.5215314e-03 2.3740236e-02 7.0000000e-02
  vertex 4.6821677e-03 2.3538847e-02 7.0000000e-02
  vertex 2.3410839e-03 1.1769423e-02 7.0000000e-02
 endloop
endfacet
facet normal 0.000000e+00 0.000000e+00 -1.000000e+00
 outer loop
  vertex 1.7607657e-03 1.1870118e-02 7.0000000e-02
  vertex 3.5215314e-03 2.3740236e-02 7.0000000e-02
  vertex 2.3410839e-03 1.1769423e-02 7.0000000e-02
 endloop
endfacet
facet normal 0.000000e+00 -0.000000e+00 -1.000000e+00
 outer loop
  vertex 2.3524114e-03 2.3884433e-02 7.0000000e-02
  vertex 3.5215314e-03 2.3740236e-02 7.0000000e-02
  vertex 1.7607657e-03 1.1870118e-02 7.0000000e-02
 endloop
endfacet
facet normal 0.000000e+00 0.000000e+00 -1.000000e+00
 outer loop
  vertex 1.1762057e-03 1.1942217e-02 7.0000000e-02
  vertex 2.3524114e-03 2.3884433e-02 7.0000000e-02
  vertex 1.7607657e-03 1.1870118e-02 7.0000000e-02
 endloop
endfacet
facet normal 0.000000e+00 -0.000000e+00 -1.000000e+00
 outer loop
  vertex 1.1776242e-03 2.3971091e-02 7.0000000e-02
  vertex 2.3524114e-03 2.3884433e-02 7.0000000e-02
  vertex 1.1762057e-03 1.1942217e-02 7.0000000e-02
 endloop
endfacet
facet normal 0.000000e+00 0.000000e+00 -1.000000e+00
 outer loop
  vertex 5.8881209e-04 1.1985545e-02 7.0000000e-02
  vertex 1.1776242e-03 2.3971091e-02 7.0000000e-02
  vertex 1.1762057e-03 1.1942217e-02 7.0000000e-02
 endloop
endfacet
facet normal 0.000000e+00 0.000000e+00 -1.000000e+00
 outer loop
  vertex 1.4695762e-18 2.4000000e-02 7.0000000e-02
  vertex 1.1776242e-03 2.3971091e-02 7.0000000e-02
  vertex 5.8881209e-04 1.1985545e-02 7.0000000e-02
 endloop
endfacet
facet normal 0.000000e+00 0.000000e+00 -1.000000e+00
 outer loop
  vertex 7.3478808e-19 1.2000000e-02 7.0000000e-02
  vertex 1.4695762e-18 2.4000000e-02 7.0000000e-02
  vertex 5.8881209e-04 1.1985545e-02 7.0000000e-02
 endloop
endfacet
facet normal 0.000000e+00 0.000000e+00 -1.000000e+00
 outer loop
  vertex -1.1776242e-03 2.3971091e-02 7.0000000e-02
  vertex 1.4695762e-18 2.4000000e-02 7.0000000e-02
  vertex 7.3478808e-19 1.2000000e-02 7.0000000e-02
 endloop
endfacet
facet normal 0.000000e+00 0.000000e+00 -1.000000e+00
 outer loop
  vertex -5.8881209e-04 1.1985545e-02 7.0000000e-02
  vertex -1.1776242e-03 2.3971091e-02 7.0000000e-02
  vertex 7.3478808e-19 1.2000000e-02 7.0000000e-02
 endloop
endfacet
facet normal 0.000000e+00 0.000000e+00 -1.000000e+00
 outer loop
  vertex -2.3524114e-03 2.3884433e-02 7.0000000e-02
  vertex -1.1776242e-03 2.3971091e-02 7.0000000e-02
  vertex -5.8881209e-04 1.1985545e-02 7.0000000e-02
 endloop
endfacet
facet normal 0.000000e+00 0.000000e+00 -1.000000e+00
 outer loop
  vertex -1.1762057e-03 1.1942217e-02 7.0000000e-02
  vertex -2.3524114e-03 2.3884433e-02 7.0000000e-02
  vertex -5.8881209e-04 1.1985545e-02 7.0000000e-02
 endloop
endfacet
facet normal 0.000000e+00 0.000000e+00 -1.000000e+00
 outer loop
  vertex -3.5215314e-03 2.3740236e-02 7.0000000e-02
  vertex -2.3524114e-03 2.3884433e-02 7.0000000e-02
  vertex -1.1762057e-03 1.1942217e-02 7.0000000e-02
 endloop
endfacet
facet normal 0.000000e+00 0.000000e+00 -1.000000e+00
 outer loop
  vertex -1.7607657e-03 1.1870118e-02 7.0000000e-02
  vertex -3.5215314e-03 2.3740236e-02 7.0000000e-02
  vertex -1.1762057e-03 1.1942217e-02 7.0000000e-02
 endloop
endfacet
facet normal 0.000000e+00 0.000000e+00 -1.000000e+00
 outer loop
  vertex -4.6821677e-03 2.3538847e-02 7.0000000e-02
  vertex -3.5215314e-03 2.3740236e-02 7.0000000e-02
  vertex -1.7607657e-03 1.1870118e-02 7.0000000e-02
 endloop
endfacet
facet normal 0.000000e+00 0.000000e+00 -1.000000e+00
 outer loop
  vertex -2.3410839e-03 1.1769423e-02 7.0000000e-02
  vertex -4.6821677e-03 2.3538847e-02 7.0000000e-02
  vertex -1.7607657e-03 1.1870118e-02 7.0000000e-02
 endloop
endfacet
facet normal 0.000000e+00 0.000000e+00 -1.000000e+00
 outer loop
  vertex -5.8315243e-03 2.3280750e-02 7.0000000e-02
  vertex -4.6821677e-03 2.3538847e-02 7.0000000e-02
  vertex -2.3410839e-03 1.1769423e-02 7.0000000e-02
 endloop
endfacet
facet normal 0.000000e+00 0.000000e+00 -1.000000e+00
 outer loop
  vertex -2.9157622e-03 1.1640375e-02 7.0000000e-02
  vertex -5.8315243e-03 2.3280750e-02 7.0000000e-02
  vertex -2.3410839e-03 1.1769423e-02 7.0000000e-02
 endloop
endfacet
facet normal 0.000000e+00 0.000000e+00 -1.000000e+00
 outer loop
  vertex -6.9668323e-03 2.2966568e-02 7.0000000e-02
  vertex -5.8315243e-03 2.3280750e-02 7.0000000e-02
  vertex -2.9157622e-03 1.1640375e-02 7.0000000e-02
 endloop
endfacet
facet normal 0.000000e+00 0.000000e+00 -1.000000e+00
 outer loop
  vertex -3.4834161e-03 1.1483284e-02 7.0000000e-02
  vertex -6.9668323e-03 2.2966568e-02 7.0000000e-02
  vertex -2.9157622e-03 1.1640375e-02 7.0000000e-02
 endloop
endfacet
facet normal 0.000000e+00 0.000000e+00 -1.000000e+00
 outer loop
  vertex -8.0853565e-03 2.2597058e-02 7.0000000e-02
  vertex -6.9668323e-03 2.2966568e-02 7.0000000e-02
  vertex -3.4834161e-03 1.1483284e-02 7.0000000e-02
 endloop
endfacet
facet normal 0.000000e+00 0.000000e+00 -1.000000e+00
 outer loop
  vertex -4.0426782e-03 1.1298529e-02 7.0000000e-02
  vertex -8.0853565e-03 2.2597058e-02 7.0000000e-02
  vertex -3.4834161e-03 1.1483284e-02 7.0000000e-02
 endloop
endfacet
facet normal 0.000000e+00 0.000000e+00 -1.000000e+00
 outer loop
  vertex -9.1844024e-03 2.2173109e-02 7.0000000e-02
  vertex -8.0853565e-03 2.2597058e-02 7.0000000e-02
  vertex -4.0426782e-03 1.1298529e-02 7.0000000e-02
 endloop
endfacet
facet normal 0.000000e+00 0.000000e+00 -1.000000e+00
 outer loop
  vertex -4.5922012e-03 1.1086554e-02 7.0000000e-02
  vertex -9.1844024e-03 2.2173109e-02 7.0000000e-02
  vertex -4.0426782e-03 1.1298529e-02 7.0000000e-02
 endloop
endfacet
facet normal 0.000000e+00 0.000000e+00 -1.000000e+00
 outer loop
  vertex -1.0261322e-02 2.1695743e-02 7.0000000e-02
  vertex -9.1844024e-03 2.2173109e-02 7.0000000e-02
  vertex -4.5922012e-03 1.1086554e-02 7.0000000e-02
 endloop
endfacet
facet normal 0.000000e+00 0.000000e+00 -1.000000e+00
 outer loop
  vertex -5.1306611e-03 1.0847872e-02 7.0000000e-02
  vertex -1.0261322e-02 2.1695743e-02 7.0000000e-02
  vertex -4.5922012e-03 1.1086554e-02 7.0000000e-02
 endloop
endfacet
facet normal 0.000000e+00 0.000000e+00 -1.000000e+00
 outer loop
  vertex -1.1313522e-02 2.1166110e-02 7.0000000e-02
  vertex -1.0261322e-02 2.1695743e-02 7.0000000e-02
  vertex -5.1306611e-03 1.0847872e-02 7.0000000e-02
 endloop
endfacet
facet normal 0.000000e+00 0.000000e+00 -1.000000e+00
 outer loop
  vertex -5.6567608e-03 1.0583055e-02 7.0000000e-02
  vertex -1.1313522e-02 2.1166110e-02 7.0000000e-02
  vertex -5.1306611e-03 1.0847872e-02 7.0000000e-02
 endloop
endfacet
facet normal 0.000000e+00 0.000000e+00 -1.000000e+00
 outer loop
  vertex -1.2338466e-02 2.0585487e-02 7.0000000e-02
  vertex -1.1313522e-02 2.1166110e-02 7.0000000e-02
  vertex -5.6567608e-03 1.0583055e-02 7.0000000e-02
 endloop
endfacet
facet normal 0.000000e+00 0.000000e+00 -1.000000e+00
 outer loop
  vertex -6.1692329e-03 1.0292743e-02 7.0000000e-02
  vertex -1.2338466e-02 2.0585487e-02 7.0000000e-02
  vertex -5.6567608e-03 1.0583055e-02 7.0000000e-02
 endloop
endfacet
facet normal 0.000000e+00 0.000000e+00 -1.000000e+00
 outer loop
  vertex -1.3333686e-02 1.9955271e-02 7.0000000e-02
  vertex -1.2338466e-02 2.0585487e-02 7.0000000e-02
  vertex -6.1692329e-03 1.0292743e-02 7.0000000e-02
 endloop
endfacet
facet normal 0.000000e+00 0.000000e+00 -1.000000e+00
 outer loop
  vertex -6.6668428e-03 9.9776353e-03 7.0000000e-02
  vertex -1.3333686e-02 1.9955271e-02 7.0000000e-02
  vertex -6.1692329e-03 1.0292743e-02 7.0000000e-02
 endloop
endfacet
facet normal 0.000000e+00 0.000000e+00 -1.000000e+00
 outer loop
  vertex -1.4296783e-02 1.9276981e-02 7.0000000e-02
  vertex -1.3333686e-02 1.9955271e-02 7.0000000e-02
  vertex -6.6668428e-03 9.9776353e-03 7.0000000e-02
 endloop
endfacet
facet normal 0.000000e+00 0.000000e+00 -1.000000e+00
 outer loop
  vertex -7.1483917e-03 9.6384904e-03 7.0000000e-02
  vertex -1.4296783e-02 1.9276981e-02 7.0000000e-02
  vertex -6.6668428e-03 9.9776353e-03 7.0000000e-02
 endloop
endfacet
facet normal 0.000000e+00 0.000000e+00 -1.000000e+00
 outer loop
  vertex -1.5225439e-02 1.8552251e-02 7.0000000e-02
  vertex -1.4296783e-02 1.9276981e-02 7.0000000e-02
  vertex -7.1483917e-03 9.6384904e-03 7.0000000e-02
 endloop
endfacet
facet normal 0.000000e+00 0.000000e+00 -1.000000e+00
 outer loop
  vertex -7.6127194e-03 9.2761254e-03 7.0000000e-02
  vertex -1.5225439e-02 1.8552251e-02 7.0000000e-02
  vertex -7.1483917e-03 9.6384904e-03 7.0000000e-02
 endloop
endfacet
facet normal 0.000000e+00 0.000000e+00 -1.000000e+00
 outer loop
  vertex -1.6117415e-02 1.7782827e-02 7.0000000e-02
  vertex -1.5225439e-02 1.8552251e-02 7.0000000e-02
  vertex -7.6127194e-03 9.2761254e-03 7.0000000e-02
 endloop
endfacet
facet normal 0.000000e+00 0.000000e+00 -1.000000e+00
 outer loop
  vertex -8.0587075e-03 8.8914135e-03 7.0000000e-02
  vertex -1.6117415e-02 1.7782827e-02 7.0000000e-02
  vertex -7.6127194e-03 9.2761254e-03 7.0000000e-02
 endloop
endfacet
facet normal 0.000000e+00 0.000000e+00 -1.000000e+00
 outer loop
  vertex -1.6970563e-02 1.6970563e-02 7.0000000e-02
  vertex -1.6117415e-02 1.7782827e-02 7.0000000e-02
  vertex -8.0587075e-03 8.8914135e-03 7.0000000e-02
 endloop
endfacet
facet normal 0.000000e+00 0.000000e+00 -1.000000e+00
 outer loop
  vertex -8.4852814e-03 8.4852814e-03 7.0000000e-02
  vertex -1.6970563e-02 1.6970563e-02 7.0000000e-02
  vertex -8.0587075e-03 8.8914135e-03 7.0000000e-02
 endloop
endfacet
facet normal 0.000000e+00 0.000000e+00 -1.000000e+00
 outer loop
  vertex -1.7782827e-02 1.6117415e-02 7.0000000e-02
  vertex -1.6970563e-02 1.6970563e-02 7.0000000e-02
  vertex -8.4852814e-03 8.4852814e-03 7.0000000e-02
 endloop
endfacet
facet normal 0.000000e+00 0.000000e+00 -1.000000e+00
 outer loop
  vertex -8.8914135e-03 8.0587075e-03 7.0000000e-02
  vertex -1.7782827e-02 1.6117415e-02 7.0000000e-02
  vertex -8.4852814e-03 8.4852814e-03 7.0000000e-02
 endloop
endfacet
facet normal 0.000000e+00 0.000000e+00 -1.000000e+00
 outer loop
  vertex -1.8552251e-02 1.5225439e-02 7.0000000e-02
  vertex -1.7782827e-02 1.6117415e-02 7.0000000e-02
  vertex -8.8914135e-03 8.0587075e-03 7.0000000e-02
 endloop
endfacet
facet normal 0.000000e+00 0.000000e+00 -1.000000e+00
 outer loop
  vertex -9.2761254e-03 7.6127194e-03 7.0000000e-02
  vertex -1.8552251e-02 1.5225439e-02 7.0000000e-02
  vertex -8.8914135e-03 8.0587075e-03 7.0000000e-02
 endloop
endfacet
facet normal 0.000000e+00 0.000000e+00 -1.000000e+00
 outer loop
  vertex -1.9276981e-02 1.4296783e-02 7.0000000e-02
  vertex -1.8552251e-02 1.5225439e-02 7.0000000e-02
  vertex -9.2761254e-03 7.6127194e-03 7.0000000e-02
 endloop
endfacet
facet normal 0.000000e+00 0.000000e+00 -1.000000e+00
 outer loop
  vertex -9.6384904e-03 7.1483917e-03 7.0000000e-02
  vertex -1.9276981e-02 1.4296783e-02 7.0000000e-02
  vertex -9.2761254e-03 7.6127194e-03 7.0000000e-02
 endloop
endfacet
facet normal 0.000000e+00 0.000000e+00 -1.000000e+00
 outer loop
  vertex -1.9955271e-02 1.3333686e-02 7.0000000e-02
  vertex -1.9276981e-02 1.4296783e-02 7.0000000e-02
  vertex -9.6384904e-03 7.1483917e-03 7.0000000e-02
 endloop
endfacet
facet normal 0.000000e+00 0.000000e+00 -1.000000e+00
 outer loop
  vertex -9.9776353e-03 6.6668428e-03 7.0000000e-02
  vertex -1.9955271e-02 1.3333686e-02 7.0000000e-02
  vertex -9.6384904e-03 7.1483917e-03 7.0000000e-02
 endloop
endfacet
facet normal 0.000000e+00 0.000000e+00 -1.000000e+00
 outer loop
  vertex -2.0585487e-02 1.2338466e-02 7.0000000e-02
  vertex -1.9955271e-02 1.3333686e-02 7.0000000e-02
  vertex -9.9776353e-03 6.6668428e-03 7.0000000e-02
 endloop
endfacet
facet normal 0.000000e+00 0.000000e+00 -1.000000e+00
 outer loop
  vertex -1.0292743e-02 6.1692329e-03 7.0000000e-02
  vertex -2.0585487e-02 1.2338466e-02 7.0000000e-02
  vertex -9.9776353e-03 6.6668428e-03 7.0000000e-02
 endloop
endfacet
facet normal 0.000000e+00 0.000000e+00 -1.000000e+00
 outer loop
  vertex -2.1166110e-02 1.1313522e-02 7.0000000e-02
  vertex -2.0585487e-02 1.2338466e-02 7.0000000e-02
  vertex -1.0292743e-02 6.1692329e-03 7.0000000e-02
 endloop
endfacet
facet normal 0.000000e+00 0.000000e+00 -1.000000e+00
 outer loop
  vertex -1.0583055e-02 5.6567608e-03 7.0000000e-02
  vertex -2.1166110e-02 1.1313522e-02 7.0000000e-02
  vertex -1.0292743e-02 6.1692329e-03 7.0000000e-02
 endloop
endfacet
facet normal 0.000000e+00 0.000000e+00 -1.000000e+00
 outer loop
  vertex -2.1695743e-02 1.0261322e-02 7.0000000e-02
  vertex -2.1166110e-02 1.1313522e-02 7.0000000e-02
  vertex -1.0583055e-02 5.6567608e-03 7.0000000e-02
 endloop
endfacet
facet normal 0.000000e+00 0.000000e+00 -1.000000e+00
 outer loop
  vertex -1.0847872e-02 5.1306611e-03 7.0000000e-02
  vertex -2.1695743e-02 1.0261322e-02 7.0000000e-02
  vertex -1.0583055e-02 5.6567608e-03 7.0000000e-02
 endloop
endfacet
facet normal 0.000000e+00 0.000000e+00 -1.000000e+00
 outer loop
  vertex -2.2173109e-02 9.1844024e-03 7.0000000e-02
  vertex -2.1695743e-02 1.0261322e-02 7.0000000e-02
  vertex -1.0847872e-02 5.1306611e-03 7.0000000e-02
 endloop
endfacet
facet normal 0.000000e+00 0.000000e+00 -1.000000e+00
 outer loop
  vertex -1.1086554e-02 4.5922012e-03 7.0000000e-02
  vertex -2.2173109e-02 9.1844024e-03 7.0000000e-02
  vertex -1.0847872e-02 5.1306611e-03 7.0000000e-02
 endloop
endfacet
facet normal 0.000000e+00 0.000000e+00 -1.000000e+00
 outer loop
  vertex -2.2597058e-02 8.0853565e-03 7.0000000e-02
  vertex -2.2173109e-02 9.1844024e-03 7.0000000e-02
  vertex -1.1086554e-02 4.5922012e-03 7.0000000e-02
 endloop
endfacet
facet normal 0.000000e+00 0.000000e+00 -1.000000e+00
 outer loop
  vertex -1.1298529e-02 4.0426782e-03 7.0000000e-02
  vertex -2.2597058e-02 8.0853565e-03 7.0000000e-02
  vertex -1.1086554e-02 4.5922012e-03 7.0000000e-02
 endloop
endfacet
facet normal 0.000000e+00 0.000000e+00 -1.000000e+00
 outer loop
  vertex -2.2966568e-02 6.9668323e-03 7.0000000e-02
  vertex -2.2597058e-02 8.0853565e-03 7.0000000e-02
  vertex -1.1298529e-02 4.0426782e-03 7.0000000e-02
 endloop
endfacet
facet normal 0.000000e+00 0.000000e+00 -1.000000e+00
 outer loop
  vertex -1.1483284e-02 3.4834161e-03 7.0000000e-02
  vertex -2.2966568e-02 6.9668323e-03 7.0000000e-02
  vertex -1.1298529e-02 4.0426782e-03 7.0000000e-02
 endloop
endfacet
facet normal 0.000000e+00 0.000000e+00 -1.000000e+00
 outer loop
  vertex -2.3280750e-02 5.8315243e-03 7.0000000e-02
  vertex -2.2966568e-02 6.9668323e-03 7.0000000e-02
  vertex -1.1483284e-02 3.4834161e-03 7.0000000e-02
 endloop
endfacet
facet normal 0.000000e+00 0.000000e+00 -1.000000e+00
 outer loop
  vertex -1.1640375e-02 2.9157622e-03 7.0000000e-02
  vertex -2.3280750e-02 5.8315243e-03 7.0000000e-02
  vertex -1.1483284e-02 3.4834161e-03 7.0000000e-02
 endloop
endfacet
facet normal 0.000000e+00 0.000000e+00 -1.000000e+00
 outer loop
  vertex -2.3538847e-02 4.6821677e-03 7.0000000e-02
  vertex -2.3280750e-02 5.8315243e-03 7.0000000e-02
  vertex -1.1640375e-02 2.9157622e-03 7.0000000e-02
 endloop
endfacet
facet normal 0.000000e+00 0.000000e+00 -1.000000e+00
 outer loop
  vertex -1.1769423e-02 2.3410839e-03 7.0000000e-02
  vertex -2.3538847e-02 4.6821677e-03 7.0000000e-02
  vertex -1.1640375e-02 2.9157622e-03 7.0000000e-02
 endloop
endfacet
facet normal 0.000000e+00 0.000000e+00 -1.000000e+00
 outer loop
  vertex -2.3740236e-02 3.5215314e-03 7.0000000e-02
  vertex -2.3538847e-02 4.6821677e-03 7.0000000e-02
  vertex -1.1769423e-02 2.3410839e-03 7.0000000e-02
 endloop
endfacet
facet normal 0.000000e+00 0.000000e+00 -1.000000e+00
 outer loop
  vertex -1.1870118e-02 1.7607657e-03 7.0000000e-02
  vertex -2.3740236e-02 3.5215314e-03 7.0000000e-02
  vertex -1.1769423e-02 2.3410839e-03 7.0000000e-02
 endloop
endfacet
facet normal 0.000000e+00 0.000000e+00 -1.000000e+00
 outer loop
  vertex -2.3884433e-02 2.3524114e-03 7.0000000e-02
  vertex -2.3740236e-02 3.5215314e-03 7.0000000e-02
  vertex -1.1870118e-02 1.7607657e-03 7.0000000e-02
 endloop
endfacet
facet normal 0.000000e+00 0.000000e+00 -1.000000e+00
 outer loop
  vertex -1.1942217e-02 1.1762057e-03 7.0000000e-02
  vertex -2.3884433e-02 2.3524114e-03 7.0000000e-02
  vertex -1.1870118e-02 1.7607657e-03 7.0000000e-02
 endloop
endfacet
facet normal 0.000000e+00 0.000000e+00 -1.000000e+00
 outer loop
  vertex -2.3971091e-02 1.1776242e-03 7.0000000e-02
  vertex -2.3884433e-02 2.3524114e-03 7.0000000e-02
  vertex -1.1942217e-02 1.1762057e-03 7.0000000e-02
 endloop
endfacet
facet normal 0.000000e+00 0.000000e+00 -1.000000e+00
 outer loop
  vertex -1.1985545e-02 5.8881209e-04 7.0000000e-02
  vertex -2.3971091e-02 1.1776242e-03 7.0000000e-02
  vertex -1.1942217e-02 1.1762057e-03 7.0000000e-02
 endloop
endfacet
facet normal 0.000000e+00 0.000000e+00 -1.000000e+00
 outer loop
  vertex -2.4000000e-02 2.9391523e-18 7.0000000e-02
  vertex -2.3971091e-02 1.1776242e-03 7.0000000e-02
  vertex -1.1985545e-02 5.8881209e-04 7.0000000e-02
 endloop
endfacet
facet normal 0.000000e+00 0.000000e+00 -1.000000e+00
 outer loop
  vertex -1.2000000e-02 1.4695762e-18 7.0000000e-02
  vertex -2.4000000e-02 2.9391523e-18 7.0000000e-02
  vertex -1.1985545e-02 5.8881209e-04 7.0000000e-02
 endloop
endfacet
facet normal 0.000000e+00 0.000000e+00 -1.000000e+00
 outer loop
  vertex -2.3971091e-02 -1.1776242e-03 7.0000000e-02
  vertex -2.4000000e-02 2.9391523e-18 7.0000000e-02
  vertex -1.2000000e-02 1.4695762e-18 7.0000000e-02
 endloop
endfacet
facet normal -0.000000e+00 0.000000e+00 -1.000000e+00
 outer loop
  vertex -1.1985545e-02 -5.8881209e-04 7.0000000e-02
  vertex -2.3971091e-02 -1.1776242e-03 7.0000000e-02
  vertex -1.2000000e-02 1.4695762e-18 7.0000000e-02
 endloop
endfacet
facet normal 0.000000e+00 0.000000e+00 -1.000000e+00
 outer loop
  vertex -2.3884433e-02 -2.3524114e-03 7.0000000e-02
  vertex -2.3971091e-02 -1.1776242e-03 7.0000000e-02
  vertex -1.1985545e-02 -5.8881209e-04 7.0000000e-02
 endloop
endfacet
facet normal -0.000000e+00 0.000000e+00 -1.000000e+00
 outer loop
  vertex -1.1942217e-02 -1.1762057e-03 7.0000000e-02
  vertex -2.3884433e-02 -2.3524114e-03 7.0000000e-02
  vertex -1.1985545e-02 -5.8881209e-04 7.0000000e-02
 endloop
endfacet
facet normal 0.000000e+00 0.000000e+00 -1.000000e+00
 outer loop
  vertex -2.3740236e-02 -3.5215314e-03 7.0000000e-02
  vertex -2.3884433e-02 -2.3524114e-03 7.0000000e-02
  vertex -1.1942217e-02 -1.1762057e-03 7.0000000e-02
 endloop
endfacet
facet normal -0.000000e+00 0.000000e+00 -1.000000e+00
 outer loop
  vertex -1.1870118e-02 -1.7607657e-03 7.0000000e-02
  vertex -2.3740236e-02 -3.5215314e-03 7.0000000e-02
  vertex -1.1942217e-02 -1.1762057e-03 7.0000000e-02
 endloop
endfacet
facet normal 0.000000e+00 0.000000e+00 -1.000000e+00
 outer loop
  vertex -2.3538847e-02 -4.6821677e-03 7.0000000e-02
  vertex -2.3740236e-02 -3.5215314e-03 7.0000000e-02
  vertex -1.1870118e-02 -1.7607657e-03 7.0000000e-02
 endloop
endfacet
facet normal -0.000000e+00 0.000000e+00 -1.000000e+00
 outer loop
  vertex -1.1769423e-02 -2.3410839e-03 7.0000000e-02
  vertex -2.3538847e-02 -4.6821677e-03 7.0000000e-02
  vertex -1.1870118e-02 -1.7607657e-03 7.0000000e-02
 endloop
endfacet
facet normal 0.000000e+00 0.000000e+00 -1.000000e+00
 outer loop
  vertex -2.3280750e-02 -5.8315243e-03 7.0000000e-02
  vertex -2.3538847e-02 -4.6821677e-03 7.0000000e-02
  vertex -1.1769423e-02 -2.3410839e-03 7.0000000e-02
 endloop
endfacet
facet normal -0.000000e+00 0.000000e+00 -1.000000e+00
 outer loop
  vertex -1.1640375e-02 -2.9157622e-03 7.0000000e-02
  vertex -2.3280750e-02 -5.8315243e-03 7.0000000e-02
  vertex -1.1769423e-02 -2.3410839e-03 7.0000000e-02
 endloop
endfacet
facet normal 0.000000e+00 0.000000e+00 -1.000000e+00
 outer loop
  vertex -2.2966568e-02 -6.9668323e-03 7.0000000e-02
  vertex -2.3280750e-02 -5.8315243e-03 7.0000000e-02
  vertex -1.1640375e-02 -2.9157622e-03 7.0000000e-02
 endloop
endfacet
facet normal -0.000000e+00 0.000000e+00 -1.000000e+00
 outer loop
  vertex -1.1483284e-02 -3.4834161e-03 7.0000000e-02
  vertex -2.2966568e-02 -6.9668323e-03 7.0000000e-02
  vertex -1.1640375e-02 -2.9157622e-03 7.0000000e-02
 endloop
endfacet
facet normal 0.000000e+00 0.000000e+00 -1.000000e+00
 outer loop
  vertex -2.2597058e-02 -8.0853565e-03 7.0000000e-02
  vertex -2.2966568e-02 -6.9668323e-03 7.0000000e-02
  vertex -1.1483284e-02 -3.4834161e-03 7.0000000e-02
 endloop
endfacet
facet normal -0.000000e+00 0.000000e+00 -1.000000e+00
 outer loop
  vertex -1.1298529e-02 -4.0426782e-03 7.0000000e-02
  vertex -2.2597058e-02 -8.0853565e-03 7.0000000e-02
  vertex -1.1483284e-02 -3.4834161e-03 7.0000000e-02
 endloop
endfacet
facet normal 0.000000e+00 0.000000e+00 -1.000000e+00
 outer loop
  vertex -2.2173109e-02 -9.1844024e-03 7.0000000e-02
  vertex -2.2597058e-02 -8.0853565e-03 7.0000000e-02
  vertex -1.1298529e-02 -4.0426782e-03 7.0000000e-02
 endloop
endfacet
facet normal -0.000000e+00 0.000000e+00 -1.000000e+00
 outer loop
  vertex -1.1086554e-02 -4.5922012e-03 7.0000000e-02
  vertex -2.2173109e-02 -9.1844024e-03 7.0000000e-02
  vertex -1.1298529e-02 -4.0426782e-03 7.0000000e-02
 endloop
endfacet
facet normal 0.000000e+00 0.000000e+00 -1.000000e+00
 outer loop
  vertex -2.1695743e-02 -1.0261322e-02 7.0000000e-02
  vertex -2.2173109e-02 -9.1844024e-03 7.0000000e-02
  vertex -1.1086554e-02 -4.5922012e-03 7.0000000e-02
 endloop
endfacet
facet normal -0.000000e+00 0.000000e+00 -1.000000e+00
 outer loop
  vertex -1.0847872e-02 -5.1306611e-03 7.0000000e-02
  vertex -2.1695743e-02 -1.0261322e-02 7.0000000e-02
  vertex -1.1086554e-02 -4.5922012e-03 7.0000000e-02
 endloop
endfacet
facet normal 0.000000e+00 0.000000e+00 -1.000000e+00
 outer loop
  vertex -2.1166110e-02 -1.1313522e-02 7.0000000e-02
  vertex -2.1695743e-02 -1.0261322e-02 7.0000000e-02
  vertex -1.0847872e-02 -5.1306611e-03 7.0000000e-02
 endloop
endfacet
facet normal -0.000000e+00 0.000000e+00 -1.000000e+00
 outer loop
  vertex -1.0583055e-02 -5.6567608e-03 7.0000000e-02
  vertex -2.1166110e-02 -1.1313522e-02 7.0000000e-02
  vertex -1.0847872e-02 -5.1306611e-03 7.0000000e-02
 endloop
endfacet
facet normal 0.000000e+00 0.000000e+00 -1.000000e+00
 outer loop
  vertex -2.0585487e-02 -1.2338466e-02 7.0000000e-02
  vertex -2.1166110e-02 -1.1313522e-02 7.0000000e-02
  vertex -1.0583055e-02 -5.6567608e-03 7.0000000e-02
 endloop
endfacet
facet normal -0.000000e+00 0.000000e+00 -1.000000e+00
 outer loop
  vertex -1.0292743e-02 -6.1692329e-03 7.0000000e-02
  vertex -2.0585487e-02 -1.2338466e-02 7.0000000e-02
  vertex -1.0583055e-02 -5.6567608e-03 7.0000000e-02
 endloop
endfacet
facet normal 0.000000e+00 0.000000e+00 -1.000000e+00
 outer loop
  vertex -1.9955271e-02 -1.3333686e-02 7.0000000e-02
  vertex -2.0585487e-02 -1.2338466e-02 7.0000000e-02
  vertex -1.0292743e-02 -6.1692329e-03 7.0000000e-02
 endloop
endfacet
facet normal -0.000000e+00 0.000000e+00 -1.000000e+00
 outer loop
  vertex -9.9776353e-03 -6.6668428e-03 7.0000000e-02
  vertex -1.9955271e-02 -1.3333686e-02 7.0000000e-02
  vertex -1.0292743e-02 -6.1692329e-03 7.0000000e-02
 endloop
endfacet
facet normal 0.000000e+00 0.000000e+00 -1.000000e+00
 outer loop
  vertex -1.9276981e-02 -1.4296783e-02 7.0000000e-02
  vertex -1.9955271e-02 -1.3333686e-02 7.0000000e-02
  vertex -9.9776353e-03 -6.6668428e-03 7.0000000e-02
 endloop
endfacet
facet normal -0.000000e+00 0.000000e+00 -1.000000e+00
 outer loop
  vertex -9.6384904e-03 -7.1483917e-03 7.0000000e-02
  vertex -1.9276981e-02 -1.4296783e-02 7.0000000e-02
  vertex -9.9776353e-03 -6.6668428e-03 7.0000000e-02
 endloop
endfacet
facet normal 0.000000e+00 0.000000e+00 -1.000000e+00
 outer loop
  vertex -1.8552251e-02 -1.5225439e-02 7.0000000e-02
  vertex -1.9276981e-02 -1.4296783e-02 7.0000000e-02
  vertex -9.6384904e-03 -7.1483917e-03 7.0000000e-02
 endloop
endfacet
facet normal -0.000000e+00 0.000000e+00 -1.000000e+00
 outer loop
  vertex -9.2761254e-03 -7.6127194e-03 7.0000000e-02
  vertex -1.8552251e-02 -1.5225439e-02 7.0000000e-02
  vertex -9.6384904e-03 -7.1483917e-03 7.0000000e-02
 endloop
endfacet
facet normal 0.000000e+00 0.000000e+00 -1.000000e+00
 outer loop
  vertex -1.7782827e-02 -1.6117415e-02 7.0000000e-02
  vertex -1.8552251e-02 -1.5225439e-02 7.0000000e-02
  vertex -9.2761254e-03 -7.6127194e-03 7.0000000e-02
 endloop
endfacet
facet normal -0.000000e+00 0.000000e+00 -1.000000e+00
 outer loop
  vertex -8.8914135e-03 -8.0587075e-03 7.0000000e-02
  vertex -1.7782827e-02 -1.6117415e-02 7.0000000e-02
  vertex -9.2761254e-03 -7.6127194e-03 7.0000000e-02
 endloop
endfacet
facet normal 0.000000e+00 0.000000e+00 -1.000000e+00
 outer loop
  vertex -1.6970563e-02 -1.6970563e-02 7.0000000e-02
  vertex -1.7782827e-02 -1.6117415e-02 7.0000000e-02
  vertex -8.8914135e-03 -8.0587075e-03 7.0000000e-02
 endloop
endfacet
facet normal -0.000000e+00 0.000000e+00 -1.000000e+00
 outer loop
  vertex -8.4852814e-03 -8.4852814e-03 7.0000000e-02
  vertex -1.6970563e-02 -1.6970563e-02 7.0000000e-02
  vertex -8.8914135e-03 -8.0587075e-03 7.0000000e-02
 endloop
endfacet
facet normal 0.000000e+00 0.000000e+00 -1.000000e+00
 outer loop
  vertex -1.6117415e-02 -1.7782827e-02 7.0000000e-02
  vertex -1.6970563e-02 -1.6970563e-02 7.0000000e-02
  vertex -8.4852814e-03 -8.4852814e-03 7.0000000e-02
 endloop
endfacet
facet normal -0.000000e+00 0.000000e+00 -1.000000e+00
 outer loop
  vertex -8.0587075e-03 -8.8914135e-03 7.0000000e-02
  vertex -1.6117415e-02 -1.7782827e-02 7.0000000e-02
  vertex -8.4852814e-03 -8.4852814e-03 7.0000000e-02
 endloop
endfacet
facet normal 0.000000e+00 0.000000e+00 -1.000000e+00
 outer loop
  vertex -1.5225439e-02 -1.8552251e-02 7.0000000e-02
  vertex -1.6117415e-02 -1.7782827e-02 7.0000000e-02
  vertex -8.0587075e-03 -8.8914135e-03 7.0000000e-02
 endloop
endfacet
facet normal -0.000000e+00 0.000000e+00 -1.000000e+00
 outer loop
  vertex -7.6127194e-03 -9.2761254e-03 7.0000000e-02
  vertex -1.5225439e-02 -1.8552251e-02 7.0000000e-02
  vertex -8.0587075e-03 -8.8914135e-03 7.0000000e-02
 endloop
endfacet
facet normal 0.000000e+00 0.000000e+00 -1.000000e+00
 outer loop
  vertex -1.4296783e-02 -1.9276981e-02 7.0000000e-02
  vertex -1.5225439e-02 -1.8552251e-02 7.0000000e-02
  vertex -7.6127194e-03 -9.2761254e-03 7.0000000e-02
 endloop
endfacet
facet normal -0.000000e+00 0.000000e+00 -1.000000e+00
 outer loop
  vertex -7.1483917e-03 -9.6384904e-03 7.0000000e-02
  vertex -1.4296783e-02 -1.9276981e-02 7.0000000e-02
  vertex -7.6127194e-03 -9.2761254e-03 7.0000000e-02
 endloop
endfacet
facet normal 0.000000e+00 0.000000e+00 -1.000000e+00
 outer loop
  vertex -1.3333686e-02 -1.9955271e-02 7.0000000e-02
  vertex -1.4296783e-02 -1.9276981e-02 7.0000000e-02
  vertex -7.1483917e-03 -9.6384904e-03 7.0000000e-02
 endloop
endfacet
facet normal -0.000000e+00 0.000000e+00 -1.000000e+00
 outer loop
  vertex -6.6668428e-03 -9.9776353e-03 7.0000000e-02
  vertex -1.3333686e-02 -1.9955271e-02 7.0000000e-02
  vertex -7.1483917e-03 -9.6384904e-03 7.0000000e-02
 endloop
endfacet
facet normal 0.000000e+00 0.000000e+00 -1.000000e+00
 outer loop
  vertex -1.2338466e-02 -2.0585487e-02 7.0000000e-02
  vertex -1.3333686e-02 -1.9955271e-02 7.0000000e-02
  vertex -6.6668428e-03 -9.9776353e-03 7.0000000e-02
 endloop
endfacet
facet normal -0.000000e+00 0.000000e+00 -1.000000e+00
 outer loop
  vertex -6.1692329e-03 -1.0292743e-02 7.0000000e-02
  vertex -1.2338466e-02 -2.0585487e-02 7.0000000e-02
  vertex -6.6668428e-03 -9.9776353e-03 7.0000000e-02
 endloop
endfacet
facet normal 0.000000e+00 0.000000e+00 -1.000000e+00
 outer loop
  vertex -1.1313522e-02 -2.1166110e-02 7.0000000e-02
  vertex -1.2338466e-02 -2.0585487e-02 7.0000000e-02
  vertex -6.1692329e-03 -1.0292743e-02 7.0000000e-02
 endloop
endfacet
facet normal -0.000000e+00 0.000000e+00 -1.000000e+00
 outer loop
  vertex -5.6567608e-03 -1.0583055e-02 7.0000000e-02
  vertex -1.1313522e-02 -2.1166110e-02 7.0000000e-02
  vertex -6.1692329e-03 -1.0292743e-02 7.0000000e-02
 endloop
endfacet
facet normal 0.000000e+00 0.000000e+00 -1.000000e+00
 outer loop
  vertex -1.0261322e-02 -2.1695743e-02 7.0000000e-02
  vertex -1.1313522e-02 -2.1166110e-02 7.0000000e-02
  vertex -5.6567608e-03 -1.0583055e-02 7.0000000e-02
 endloop
endfacet
facet normal -0.000000e+00 0.000000e+00 -1.000000e+00
 outer loop
  vertex -5.1306611e-03 -1.0847872e-02 7.0000000e-02
  vertex -1.0261322e-02 -2.1695743e-02 7.0000000e-02
  vertex -5.6567608e-03 -1.0583055e-02 7.0000000e-02
 endloop
endfacet
facet normal 0.000000e+00 0.000000e+00 -1.000000e+00
 outer loop
  vertex -9.1844024e-03 -2.2173109e-02 7.0000000e-02
  vertex -1.0261322e-02 -2.1695743e-02 7.0000000e-02
  vertex -5.1306611e-03 -1.0847872e-02 7.0000000e-02
 endloop
endfacet
facet normal -0.000000e+00 0.000000e+00 -1.000000e+00
 outer loop
  vertex -4.5922012e-03 -1.1086554e-02 7.0000000e-02
  vertex -9.1844024e-03 -2.2173109e-02 7.0000000e-02
  vertex -5.1306611e-03 -1.0847872e-02 7.0000000e-02
 endloop
endfacet
facet normal 0.000000e+00 0.000000e+00 -1.000000e+00
 outer loop
  vertex -8.0853565e-03 -2.2597058e-02 7.0000000e-02
  vertex -9.1844024e-03 -2.2173109e-02 7.0000000e-02
  vertex -4.5922012e-03 -1.1086554e-02 7.0000000e-02
 endloop
endfacet
facet normal -0.000000e+00 0.000000e+00 -1.000000e+00
 outer loop
  vertex -4.0426782e-03 -1.1298529e-02 7.0000000e-02
  vertex -8.0853565e-03 -2.2597058e-02 7.0000000e-02
  vertex -4.5922012e-03 -1.1086554e-02 7.0000000e-02
 endloop
endfacet
facet normal 0.000000e+00 0.000000e+00 -1.000000e+00
 outer loop
  vertex -6.9668323e-03 -2.2966568e-02 7.0000000e-02
  vertex -8.0853565e-03 -2.2597058e-02 7.0000000e-02
  vertex -4.0426782e-03 -1.1298529e-02 7.0000000e-02
 endloop
endfacet
facet normal -0.000000e+00 0.000000e+00 -1.000000e+00
 outer loop
  vertex -3.4834161e-03 -1.1483284e-02 7.0000000e-02
  vertex -6.9668323e-03 -2.2966568e-02 7.0000000e-02
  vertex -4.0426782e-03 -1.1298529e-02 7.0000000e-02
 endloop
endfacet
facet normal 0.000000e+00 0.000000e+00 -1.000000e+00
 outer loop
  vertex -5.8315243e-03 -2.3280750e-02 7.0000000e-02
  vertex -6.9668323e-03 -2.2966568e-02 7.0000000e-02
  vertex -3.4834161e-03 -1.1483284e-02 7.0000000e-02
 endloop
endfacet
facet normal -0.000000e+00 0.000000e+00 -1.000000e+00
 outer loop
  vertex -2.9157622e-03 -1.1640375e-02 7.0000000e-02
  vertex -5.8315243e-03 -2.3280750e-02 7.0000000e-02
  vertex -3.4834161e-03 -1.1483284e-02 7.0000000e-02
 endloop
endfacet
facet normal 0.000000e+00 0.000000e+00 -1.000000e+00
 outer loop
  vertex -4.6821677e-03 -2.3538847e-02 7.0000000e-02
  vertex -5.8315243e-03 -2.3280750e-02 7.0000000e-02
  vertex -2.9157622e-03 -1.1640375e-02 7.0000000e-02
 endloop
endfacet
facet normal -0.000000e+00 0.000000e+00 -1.000000e+00
 outer loop
  vertex -2.3410839e-03 -1.1769423e-02 7.0000000e-02
  vertex -4.6821677e-03 -2.3538847e-02 7.0000000e-02
  vertex -2.9157622e-03 -1.1640375e-02 7.0000000e-02
 endloop
endfacet
facet normal 0.000000e+00 0.000000e+00 -1.000000e+00
 outer loop
  vertex -3.5215314e-03 -2.3740236e-02 7.0000000e-02
  vertex -4.6821677e-03 -2.3538847e-02 7.0000000e-02
  vertex -2.3410839e-03 -1.1769423e-02 7.0000000e-02
 endloop
endfacet
facet normal -0.000000e+00 0.000000e+00 -1.000000e+00
 outer loop
  vertex -1.7607657e-03 -1.1870118e-02 7.0000000e-02
  vertex -3.5215314e-03 -2.3740236e-02 7.0000000e-02
  vertex -2.3410839e-03 -1.1769423e-02 7.0000000e-02
 endloop
endfacet
facet normal 0.000000e+00 0.000000e+00 -1.000000e+00
 outer loop
  vertex -2.3524114e-03 -2.3884433e-02 7.0000000e-02
  vertex -3.5215314e-03 -2.3740236e-02 7.0000000e-02
  vertex -1.7607657e-03 -1.1870118e-02 7.0000000e-02
 endloop
endfacet
facet normal -0.000000e+00 0.000000e+00 -1.000000e+00
 outer loop
  vertex -1.1762057e-03 -1.1942217e-02 7.0000000e-02
  vertex -2.3524114e-03 -2.3884433e-02 7.0000000e-02
  vertex -1.7607657e-03 -1.1870118e-02 7.0000000e-02
 endloop
endfacet
facet normal 0.000000e+00 0.000000e+00 -1.000000e+00
 outer loop
  vertex -1.1776242e-03 -2.3971091e-02 7.0000000e-02
  vertex -2.3524114e-03 -2.3884433e-02 7.0000000e-02
  vertex -1.1762057e-03 -1.1942217e-02 7.0000000e-02
 endloop
endfacet
facet normal -0.000000e+00 0.000000e+00 -1.000000e+00
 outer loop
  vertex -5.8881209e-04 -1.1985545e-02 7.0000000e-02
  vertex -1.1776242e-03 -2.3971091e-02 7.0000000e-02
  vertex -1.1762057e-03 -1.1942217e-02 7.0000000e-02
 endloop
endfacet
facet normal 0.000000e+00 0.000000e+00 -1.000000e+00
 outer loop
  vertex -4.4087285e-18 -2.4000000e-02 7.0000000e-02
  vertex -1.1776242e-03 -2.3971091e-02 7.0000000e-02
  vertex -5.8881209e-04 -1.1985545e-02 7.0000000e-02
 endloop
endfacet
facet normal -0.000000e+00 0.000000e+00 -1.000000e+00
 outer loop
  vertex -2.2043642e-18 -1.2000000e-02 7.0000000e-02
  vertex -4.4087285e-18 -2.4000000e-02 7.0000000e-02
  vertex -5.8881209e-04 -1.1985545e-02 7.0000000e-02
 endloop
endfacet
facet normal -0.000000e+00 0.000000e+00 -1.000000e+00
 outer loop
  vertex 1.1776242e-03 -2.3971091e-02 7.0000000e-02
  vertex -4.4087285e-18 -2.4000000e-02 7.0000000e-02
  vertex -2.2043642e-18 -1.2000000e-02 7.0000000e-02
 endloop
endfacet
facet normal 0.000000e+00 -0.000000e+00 -1.000000e+00
 outer loop
  vertex 5.8881209e-04 -1.1985545e-02 7.0000000e-02
  vertex 1.1776242e-03 -2.3971091e-02 7.0000000e-02
  vertex -2.2043642e-18 -1.2000000e-02 7.0000000e-02
 endloop
endfacet
facet normal -0.000000e+00 0.000000e+00 -1.000000e+00
 outer loop
  vertex 2.3524114e-03 -2.3884433e-02 7.0000000e-02
  vertex 1.1776242e-03 -2.3971091e-02 7.0000000e-02
  vertex 5.8881209e-04 -1.1985545e-02 7.0000000e-02
 endloop
endfacet
facet normal 0.000000e+00 -0.000000e+00 -1.000000e+00
 outer loop
  vertex 1.1762057e-03 -1.1942217e-02 7.0000000e-02
  vertex 2.3524114e-03 -2.3884433e-02 7.0000000e-02
  vertex 5.8881209e-04 -1.1985545e-02 7.0000000e-02
 endloop
endfacet
facet normal -0.000000e+00 0.000000e+00 -1.000000e+00
 outer loop
  vertex 3.5215314e-03 -2.3740236e-02 7.0000000e-02
  vertex 2.3524114e-03 -2.3884433e-02 7.0000000e-02
  vertex 1.1762057e-03 -1.1942217e-02 7.0000000e-02
 endloop
endfacet
facet normal 0.000000e+00 -0.000000e+00 -1.000000e+00
 outer loop
  vertex 1.7607657e-03 -1.1870118e-02 7.0000000e-02
  vertex 3.5215314e-03 -2.3740236e-02 7.0000000e-02
  vertex 1.1762057e-03 -1.1942217e-02 7.0000000e-02
 endloop
endfacet
facet normal -0.000000e+00 0.000000e+00 -1.000000e+00
 outer loop
  vertex 4.6821677e-03 -2.3538847e-02 7.0000000e-02
  vertex 3.5215314e-03 -2.3740236e-02 7.0000000e-02
  vertex 1.7607657e-03 -1.1870118e-02 7.0000000e-02
 endloop
endfacet
facet normal 0.000000e+00 -0.000000e+00 -1.000000e+00
 outer loop
  vertex 2.3410839e-03 -1.1769423e-02 7.0000000e-02
  vertex 4.6821677e-03 -2.3538847e-02 7.0000000e-02
  vertex 1.7607657e-03 -1.1870118e-02 7.0000000e-02
 endloop
endfacet
facet normal -0.000000e+00 0.000000e+00 -1.000000e+00
 outer loop
  vertex 5.8315243e-03 -2.3280750e-02 7.0000000e-02
  vertex 4.6821677e-03 -2.3538847e-02 7.0000000e-02
  vertex 2.3410839e-03 -1.1769423e-02 7.0000000e-02
 endloop
endfacet
facet normal 0.000000e+00 -0.000000e+00 -1.000000e+00
 outer loop
  vertex 2.9157622e-03 -1.1640375e-02 7.0000000e-02
  vertex 5.8315243e-03 -2.3280750e-02 7.0000000e-02
  vertex 2.3410839e-03 -1.1769423e-02 7.0000000e-02
 endloop
endfacet
facet normal -0.000000e+00 0.000000e+00 -1.000000e+00
 outer loop
  vertex 6.9668323e-03 -2.2966568e-02 7.0000000e-02
  vertex 5.8315243e-03 -2.3280750e-02 7.0000000e-02
  vertex 2.9157622e-03 -1.1640375e-02 7.0000000e-02
 endloop
endfacet
facet normal 0.000000e+00 -0.000000e+00 -1.000000e+00
 outer loop
  vertex 3.4834161e-03 -1.1483284e-02 7.0000000e-02
  vertex 6.9668323e-03 -2.2966568e-02 7.0000000e-02
  vertex 2.9157622e-03 -1.1640375e-02 7.0000000e-02
 endloop
endfacet
facet normal -0.000000e+00 0.000000e+00 -1.000000e+00
 outer loop
  vertex 8.0853565e-03 -2.2597058e-02 7.0000000e-02
  vertex 6.9668323e-03 -2.2966568e-02 7.0000000e-02
  vertex 3.4834161e-03 -1.1483284e-02 7.0000000e-02
 endloop
endfacet
facet normal 0.000000e+00 -0.000000e+00 -1.000000e+00
 outer loop
  vertex 4.0426782e-03 -1.1298529e-02 7.0000000e-02
  vertex 8.0853565e-03 -2.2597058e-02 7.0000000e-02
  vertex 3.4834161e-03 -1.1483284e-02 7.0000000e-02
 endloop
endfacet
facet normal -0.000000e+00 0.000000e+00 -1.000000e+00
 outer loop
  vertex 9.1844024e-03 -2.2173109e-02 7.0000000e-02
  vertex 8.0853565e-03 -2.2597058e-02 7.0000000e-02
  vertex 4.0426782e-03 -1.1298529e-02 7.0000000e-02
 endloop
endfacet
facet normal 0.000000e+00 -0.000000e+00 -1.000000e+00
 outer loop
  vertex 4.5922012e-03 -1.1086554e-02 7.0000000e-02
  vertex 9.1844024e-03 -2.2173109e-02 7.0000000e-02
  vertex 4.0426782e-03 -1.1298529e-02 7.0000000e-02
 endloop
endfacet
facet normal -0.000000e+00 0.000000e+00 -1.000000e+00
 outer loop
  vertex 1.0261322e-02 -2.1695743e-02 7.0000000e-02
  vertex 9.1844024e-03 -2.2173109e-02 7.0000000e-02
  vertex 4.5922012e-03 -1.1086554e-02 7.0000000e-02
 endloop
endfacet
facet normal 0.000000e+00 -0.000000e+00 -1.000000e+00
 outer loop
  vertex 5.1306611e-03 -1.0847872e-02 7.0000000e-02
  vertex 1.0261322e-02 -2.1695743e-02 7.0000000e-02
  vertex 4.5922012e-03 -1.1086554e-02 7.0000000e-02
 endloop
endfacet
facet normal -0.000000e+00 0.000000e+00 -1.000000e+00
 outer loop
  vertex 1.1313522e-02 -2.1166110e-02 7.0000000e-02
  vertex 1.0261322e-02 -2.1695743e-02 7.0000000e-02
  vertex 5.1306611e-03 -1.0847872e-02 7.0000000e-02
 endloop
endfacet
facet normal 0.000000e+00 -0.000000e+00 -1.000000e+00
 outer loop
  vertex 5.6567608e-03 -1.0583055e-02 7.0000000e-02
  vertex 1.1313522e-02 -2.1166110e-02 7.0000000e-02
  vertex 5.1306611e-03 -1.0847872e-02 7.0000000e-02
 endloop
endfacet
facet normal -0.000000e+00 0.000000e+00 -1.000000e+00
 outer loop
  vertex 1.2338466e-02 -2.0585487e-02 7.0000000e-02
  vertex 1.1313522e-02 -2.1166110e-02 7.0000000e-02
  vertex 5.6567608e-03 -1.0583055e-02 7.0000000e-02
 endloop
endfacet
facet normal 0.000000e+00 -0.000000e+00 -1.000000e+00
 outer loop
  vertex 6.1692329e-03 -1.0292743e-02 7.0000000e-02
  vertex 1.2338466e-02 -2.0585487e-02 7.0000000e-02
  vertex 5.6567608e-03 -1.0583055e-02 7.0000000e-02
 endloop
endfacet
facet normal -0.000000e+00 0.000000e+00 -1.000000e+00
 outer loop
  vertex 1.3333686e-02 -1.9955271e-02 7.0000000e-02
  vertex 1.2338466e-02 -2.0585487e-02 7.0000000e-02
  vertex 6.1692329e-03 -1.0292743e-02 7.0000000e-02
 endloop
endfacet
facet normal 0.000000e+00 -0.000000e+00 -1.000000e+00
 outer loop
  vertex 6.6668428e-03 -9.9776353e-03 7.0000000e-02
  vertex 1.3333686e-02 -1.9955271e-02 7.0000000e-02
  vertex 6.1692329e-03 -1.0292743e-02 7.0000000e-02
 endloop
endfacet
facet normal -0.000000e+00 0.000000e+00 -1.000000e+00
 outer loop
  vertex 1.4296783e-02 -1.9276981e-02 7.0000000e-02
  vertex 1.3333686e-02 -1.9955271e-02 7.0000000e-02
  vertex 6.6668428e-03 -9.9776353e-03 7.0000000e-02
 endloop
endfacet
facet normal 0.000000e+00 -0.000000e+00 -1.000000e+00
 outer loop
  vertex 7.1483917e-03 -9.6384904e-03 7.0000000e-02
  vertex 1.4296783e-02 -1.9276981e-02 7.0000000e-02
  vertex 6.6668428e-03 -9.9776353e-03 7.0000000e-02
 endloop
endfacet
facet normal -0.000000e+00 0.000000e+00 -1.000000e+00
 outer loop
  vertex 1.5225439e-02 -1.8552251e-02 7.0000000e-02
  vertex 1.4296783e-02 -1.9276981e-02 7.0000000e-02
  vertex 7.1483917e-03 -9.6384904e-03 7.0000000e-02
 endloop
endfacet
facet normal 0.000000e+00 -0.000000e+00 -1.000000e+00
 outer loop
  vertex 7.6127194e-03 -9.2761254e-03 7.0000000e-02
  vertex 1.5225439e-02 -1.8552251e-02 7.0000000e-02
  vertex 7.1483917e-03 -9.6384904e-03 7.0000000e-02
 endloop
endfacet
facet normal -0.000000e+00 0.000000e+00 -1.000000e+00
 outer loop
  vertex 1.6117415e-02 -1.7782827e-02 7.0000000e-02
  vertex 1.5225439e-02 -1.8552251e-02 7.0000000e-02
  vertex 7.6127194e-03 -9.2761254e-03 7.0000000e-02
 endloop
endfacet
facet normal 0.000000e+00 -0.000000e+00 -1.000000e+00
 outer loop
  vertex 8.0587075e-03 -8.8914135e-03 7.0000000e-02
  vertex 1.6117415e-02 -1.7782827e-02 7.0000000e-02
  vertex 7.6127194e-03 -9.2761254e-03 7.0000000e-02
 endloop
endfacet
facet normal -0.000000e+00 0.000000e+00 -1.000000e+00
 outer loop
  vertex 1.6970563e-02 -1.6970563e-02 7.0000000e-02
  vertex 1.6117415e-02 -1.7782827e-02 7.0000000e-02
  vertex 8.0587075e-03 -8.8914135e-03 7.0000000e-02
 endloop
endfacet
facet normal 0.000000e+00 -0.000000e+00 -1.000000e+00
 outer loop
  vertex 8.4852814e-03 -8.4852814e-03 7.0000000e-02
  vertex 1.6970563e-02 -1.6970563e-02 7.0000000e-02
  vertex 8.0587075e-03 -8.8914135e-03 7.0000000e-02
 endloop
endfacet
facet normal -0.000000e+00 0.000000e+00 -1.000000e+00
 outer loop
  vertex 1.7782827e-02 -1.6117415e-02 7.0000000e-02
  vertex 1.6970563e-02 -1.6970563e-02 7.0000000e-02
  vertex 8.4852814e-03 -8.4852814e-03 7.0000000e-02
 endloop
endfacet
facet normal 0.000000e+00 -0.000000e+00 -1.000000e+00
 outer loop
  vertex 8.8914135e-03 -8.0587075e-03 7.0000000e-02
  vertex 1.7782827e-02 -1.6117415e-02 7.0000000e-02
  vertex 8.4852814e-03 -8.4852814e-03 7.0000000e-02
 endloop
endfacet
facet normal -0.000000e+00 0.000000e+00 -1.000000e+00
 outer loop
  vertex 1.8552251e-02 -1.5225439e-02 7.0000000e-02
  vertex 1.7782827e-02 -1.6117415e-02 7.0000000e-02
  vertex 8.8914135e-03 -8.0587075e-03 7.0000000e-02
 endloop
endfacet
facet normal 0.000000e+00 -0.000000e+00 -1.000000e+00
 outer loop
  vertex 9.2761254e-03 -7.6127194e-03 7.0000000e-02
  vertex 1.8552251e-02 -1.5225439e-02 7.0000000e-02
  vertex 8.8914135e-03 -8.0587075e-03 7.0000000e-02
 endloop
endfacet
facet normal -0.000000e+00 0.000000e+00 -1.000000e+00
 outer loop
  vertex 1.9276981e-02 -1.4296783e-02 7.0000000e-02
  vertex 1.8552251e-02 -1.5225439e-02 7.0000000e-02
  vertex 9.2761254e-03 -7.6127194e-03 7.0000000e-02
 endloop
endfacet
facet normal 0.000000e+00 -0.000000e+00 -1.000000e+00
 outer loop
  vertex 9.6384904e-03 -7.1483917e-03 7.0000000e-02
  vertex 1.9276981e-02 -1.4296783e-02 7.0000000e-02
  vertex 9.2761254e-03 -7.6127194e-03 7.0000000e-02
 endloop
endfacet
facet normal -0.000000e+00 0.000000e+00 -1.000000e+00
 outer loop
  vertex 1.9955271e-02 -1.3333686e-02 7.0000000e-02
  vertex 1.9276981e-02 -1.4296783e-02 7.0000000e-02
  vertex 9.6384904e-03 -7.1483917e-03 7.0000000e-02
 endloop
endfacet
facet normal 0.000000e+00 -0.000000e+00 -1.000000e+00
 outer loop
  vertex 9.9776353e-03 -6.6668428e-03 7.0000000e-02
  vertex 1.9955271e-02 -1.3333686e-02 7.0000000e-02
  vertex 9.6384904e-03 -7.1483917e-03 7.0000000e-02
 endloop
endfacet
facet normal -0.000000e+00 0.000000e+00 -1.000000e+00
 outer loop
  vertex 2.0585487e-02 -1.2338466e-02 7.0000000e-02
  vertex 1.9955271e-02 -1.3333686e-02 7.0000000e-02
  vertex 9.9776353e-03 -6.6668428e-03 7.0000000e-02
 endloop
endfacet
facet normal 0.000000e+00 -0.000000e+00 -1.000000e+00
 outer loop
  vertex 1.0292743e-02 -6.1692329e-03 7.0000000e-02
  vertex 2.0585487e-02 -1.2338466e-02 7.0000000e-02
  vertex 9.9776353e-03 -6.6668428e-03 7.0000000e-02
 endloop
endfacet
facet normal -0.000000e+00 0.000000e+00 -1.000000e+00
 outer loop
  vertex 2.1166110e-02 -1.1313522e-02 7.0000000e-02
  vertex 2.0585487e-02 -1.2338466e-02 7.0000000e-02
  vertex 1.0292743e-02 -6.1692329e-03 7.0000000e-02
 endloop
endfacet
facet normal 0.000000e+00 -0.000000e+00 -1.000000e+00
 outer loop
  vertex 1.0583055e-02 -5.6567608e-03 7.0000000e-02
  vertex 2.1166110e-02 -1.1313522e-02 7.0000000e-02
  vertex 1.0292743e-02 -6.1692329e-03 7.0000000e-02
 endloop
endfacet
facet normal -0.000000e+00 0.000000e+00 -1.000000e+00
 outer loop
  vertex 2.1695743e-02 -1.0261322e-02 7.0000000e-02
  vertex 2.1166110e-02 -1.1313522e-02 7.0000000e-02
  vertex 1.0583055e-02 -5.6567608e-03 7.0000000e-02
 endloop
endfacet
facet normal 0.000000e+00 -0.000000e+00 -1.000000e+00
 outer loop
  vertex 1.0847872e-02 -5.1306611e-03 7.0000000e-02
  vertex 2.1695743e-02 -1.0261322e-02 7.0000000e-02
  vertex 1.0583055e-02 -5.6567608e-03 7.0000000e-02
 endloop
endfacet
facet normal -0.000000e+00 0.000000e+00 -1.000000e+00
 outer loop
  vertex 2.2173109e-02 -9.1844024e-03 7.0000000e-02
  vertex 2.1695743e-02 -1.0261322e-02 7.0000000e-02
  vertex 1.0847872e-02 -5.1306611e-03 7.0000000e-02
 endloop
endfacet
facet normal 0.000000e+00 -0.000000e+00 -1.000000e+00
 outer loop
  vertex 1.1086554e-02 -4.5922012e-03 7.0000000e-02
  vertex 2.2173109e-02 -9.1844024e-03 7.0000000e-02
  vertex 1.0847872e-02 -5.1306611e-03 7.0000000e-02
 endloop
endfacet
facet normal -0.000000e+00 0.000000e+00 -1.000000e+00
 outer loop
  vertex 2.2597058e-02 -8.0853565e-03 7.0000000e-02
  vertex 2.2173109e-02 -9.1844024e-03 7.0000000e-02
  vertex 1.1086554e-02 -4.5922012e-03 7.0000000e-02
 endloop
endfacet
facet normal 0.000000e+00 -0.000000e+00 -1.000000e+00
 outer loop
  vertex 1.1298529e-02 -4.0426782e-03 7.0000000e-02
  vertex 2.2597058e-02 -8.0853565e-03 7.0000000e-02
  vertex 1.1086554e-02 -4.5922012e-03 7.0000000e-02
 endloop
endfacet
facet normal -0.000000e+00 0.000000e+00 -1.000000e+00
 outer loop
  vertex 2.2966568e-02 -6.9668323e-03 7.0000000e-02
  vertex 2.2597058e-02 -8.0853565e-03 7.0000000e-02
  vertex 1.1298529e-02 -4.0426782e-03 7.0000000e-02
 endloop
endfacet
facet normal 0.000000e+00 -0.000000e+00 -1.000000e+00
 outer loop
  vertex 1.1483284e-02 -3.4834161e-03 7.0000000e-02
  vertex 2.2966568e-02 -6.9668323e-03 7.0000000e-02
  vertex 1.1298529e-02 -4.0426782e-03 7.0000000e-02
 endloop
endfacet
facet normal -0.000000e+00 0.000000e+00 -1.000000e+00
 outer loop
  vertex 2.3280750e-02 -5.8315243e-03 7.0000000e-02
  vertex 2.2966568e-02 -6.9668323e-03 7.0000000e-02
  vertex 1.1483284e-02 -3.4834161e-03 7.0000000e-02
 endloop
endfacet
facet normal 0.000000e+00 -0.000000e+00 -1.000000e+00
 outer loop
  vertex 1.1640375e-02 -2.9157622e-03 7.0000000e-02
  vertex 2.3280750e-02 -5.8315243e-03 7.0000000e-02
  vertex 1.1483284e-02 -3.4834161e-03 7.0000000e-02
 endloop
endfacet
facet normal -0.000000e+00 0.000000e+00 -1.000000e+00
 outer loop
  vertex 2.3538847e-02 -4.6821677e-03 7.0000000e-02
  vertex 2.3280750e-02 -5.8315243e-03 7.0000000e-02
  vertex 1.1640375e-02 -2.9157622e-03 7.0000000e-02
 endloop
endfacet
facet normal 0.000000e+00 -0.000000e+00 -1.000000e+00
 outer loop
  vertex 1.1769423e-02 -2.3410839e-03 7.0000000e-02
  vertex 2.3538847e-02 -4.6821677e-03 7.0000000e-02
  vertex 1.1640375e-02 -2.9157622e-03 7.0000000e-02
 endloop
endfacet
facet normal -0.000000e+00 0.000000e+00 -1.000000e+00
 outer loop
  vertex 2.3740236e-02 -3.5215314e-03 7.0000000e-02
  vertex 2.3538847e-02 -4.6821677e-03 7.0000000e-02
  vertex 1.1769423e-02 -2.3410839e-03 7.0000000e-02
 endloop
endfacet
facet normal 0.000000e+00 -0.000000e+00 -1.000000e+00
 outer loop
  vertex 1.1870118e-02 -1.7607657e-03 7.0000000e-02
  vertex 2.3740236e-02 -3.5215314e-03 7.0000000e-02
  vertex 1.1769423e-02 -2.3410839e-03 7.0000000e-02
 endloop
endfacet
facet normal -0.000000e+00 0.000000e+00 -1.000000e+00
 outer loop
  vertex 2.3884433e-02 -2.3524114e-03 7.0000000e-02
  vertex 2.3740236e-02 -3.5215314e-03 7.0000000e-02
  vertex 1.1870118e-02 -1.7607657e-03 7.0000000e-02
 endloop
endfacet
facet normal 0.000000e+00 -0.000000e+00 -1.000000e+00
 outer loop
  vertex 1.1942217e-02 -1.1762057e-03 7.0000000e-02
  vertex 2.3884433e-02 -2.3524114e-03 7.0000000e-02
  vertex 1.1870118e-02 -1.7607657e-03 7.0000000e-02
 endloop
endfacet
facet normal -0.000000e+00 0.000000e+00 -1.000000e+00
 outer loop
  vertex 2.3971091e-02 -1.1776242e-03 7.0000000e-02
  vertex 2.3884433e-02 -2.3524114e-03 7.0000000e-02
  vertex 1.1942217e-02 -1.1762057e-03 7.0000000e-02
 endloop
endfacet
facet normal 0.000000e+00 -0.000000e+00 -1.000000e+00
 outer loop
  vertex 1.1985545e-02 -5.8881209e-04 7.0000000e-02
  vertex 2.3971091e-02 -1.1776242e-03 7.0000000e-02
  vertex 1.1942217e-02 -1.1762057e-03 7.0000000e-02
 endloop
endfacet
facet normal 0.000000e+00 0.000000e+00 -1.000000e+00
 outer loop
  vertex 2.4000000e-02 0.0000000e+00 7.0000000e-02
  vertex 2.3971091e-02 -1.1776242e-03 7.0000000e-02
  vertex 1.1985545e-02 -5.8881209e-04 7.0000000e-02
 endloop
endfacet
facet normal 0.000000e+00 -0.000000e+00 -1.000000e+00
 outer loop
  vertex 1.2000000e-02 0.0000000e+00 7.0000000e-02
  vertex 2.4000000e-02 0.0000000e+00 7.0000000e-02
  vertex 1.1985545e-02 -5.8881209e-04 7.0000000e-02
 endloop
endfacet
facet normal -9.996988e-01 -2.454123e-02 0.000000e+00
 outer loop
  vertex 2.3971091e-02 1.1776242e-03 0.0000000e+00
  vertex 2.4000000e-02 0.0000000e+00 0.0000000e+00
  vertex 2.4000000e-02 0.0000000e+00 7.0000000e-02
 endloop
endfacet
facet normal -9.996988e-01 -2.454123e-02 -0.000000e+00
 outer loop
  vertex 2.3971091e-02 1.1776242e-03 7.0000000e-02
  vertex 2.3971091e-02 1.1776242e-03 0.0000000e+00
  vertex 2.4000000e-02 0.0000000e+00 7.0000000e-02
 endloop
endfacet
facet normal -9.972905e-01 -7.356456e-02 0.000000e+00
 outer loop
  vertex 2.3884433e-02 2.3524114e-03 0.0000000e+00
  vertex 2.3971091e-02 1.1776242e-03 0.0000000e+00
  vertex 2.3971091e-02 1.1776242e-03 7.0000000e-02
 endloop
endfacet
facet normal -9.972905e-01 -7.356456e-02 -0.000000e+00
 outer loop
  vertex 2.3884433e-02 2.3524114e-03 7.0000000e-02
  vertex 2.3884433e-02 2.3524114e-03 0.0000000e+00
  vertex 2.3971091e-02 1.1776242e-03 7.0000000e-02
 endloop
endfacet
facet normal -9.924795e-01 -1.224107e-01 0.000000e+00
 outer loop
  vertex 2.3740236e-02 3.5215314e-03 0.0000000e+00
  vertex 2.3884433e-02 2.3524114e-03 0.0000000e+00
  vertex 2.3884433e-02 2.3524114e-03 7.0000000e-02
 endloop
endfacet
facet normal -9.924795e-01 -1.224107e-01 -0.000000e+00
 outer loop
  vertex 2.3740236e-02 3.5215314e-03 7.0000000e-02
  vertex 2.3740236e-02 3.5215314e-03 0.0000000e+00
  vertex 2.3884433e-02 2.3524114e-03 7.0000000e-02
 endloop
endfacet
facet normal -9.852776e-01 -1.709619e-01 0.000000e+00
 outer loop
  vertex 2.3538847e-02 4.6821677e-03 0.0000000e+00
  vertex 2.3740236e-02 3.5215314e-03 0.0000000e+00
  vertex 2.3740236e-02 3.5215314e-03 7.0000000e-02
 endloop
endfacet
facet normal -9.852776e-01 -1.709619e-01 -0.000000e+00
 outer loop
  vertex 2.3538847e-02 4.6821677e-03 7.0000000e-02
  vertex 2.3538847e-02 4.6821677e-03 0.0000000e+00
  vertex 2.3740236e-02 3.5215314e-03 7.0000000e-02
 endloop
endfacet
facet normal -9.757021e-01 -2.191012e-01 0.000000e+00
 outer loop
  vertex 2.3280750e-02 5.8315243e-03 0.0000000e+00
  vertex 2.3538847e-02 4.6821677e-03 0.0000000e+00
  vertex 2.3538847e-02 4.6821677e-03 7.0000000e-02
 endloop
endfacet
facet normal -9.757021e-01 -2.191012e-01 -0.000000e+00
 outer loop
  vertex 2.3280750e-02 5.8315243e-03 7.0000000e-02
  vertex 2.3280750e-02 5.8315243e-03 0.0000000e+00
  vertex 2.3538847e-02 4.6821677e-03 7.0000000e-02
 endloop
endfacet
facet normal -9.637761e-01 -2.667128e-01 0.000000e+00
 outer loop
  vertex 2.2966568e-02 6.9668323e-03 0.0000000e+00
  vertex 2.3280750e-02 5.8315243e-03 0.0000000e+00
  vertex 2.3280750e-02 5.8315243e-03 7.0000000e-02
 endloop
endfacet
facet normal -9.637761e-01 -2.667128e-01 -0.000000e+00
 outer loop
  vertex 2.2966568e-02 6.9668323e-03 7.0000000e-02
  vertex 2.2966568e-02 6.9668323e-03 0.0000000e+00
  vertex 2.3280750e-02 5.8315243e-03 7.0000000e-02
 endloop
endfacet
facet normal -9.495282e-01 -3.136817e-01 0.000000e+00
 outer loop
  vertex 2.2597058e-02 8.0853565e-03 0.0000000e+00
  vertex 2.2966568e-02 6.9668323e-03 0.0000000e+00
  vertex 2.2966568e-02 6.9668323e-03 7.0000000e-02
 endloop
endfacet
facet normal -9.495282e-01 -3.136817e-01 -0.000000e+00
 outer loop
  vertex 2.2597058e-02 8.0853565e-03 7.0000000e-02
  vertex 2.2597058e-02 8.0853565e-03 0.0000000e+00
  vertex 2.2966568e-02 6.9668323e-03 7.0000000e-02
 endloop
endfacet
facet normal -9.329928e-01 -3.598950e-01 0.000000e+00
 outer loop
  vertex 2.2173109e-02 9.1844024e-03 0.0000000e+00
  vertex 2.2597058e-02 8.0853565e-03 0.0000000e+00
  vertex 2.2597058e-02 8.0853565e-03 7.0000000e-02
 endloop
endfacet
facet normal -9.329928e-01 -3.598950e-01 -0.000000e+00
 outer loop
  vertex 2.2173109e-02 9.1844024e-03 7.0000000e-02
  vertex 2.2173109e-02 9.1844024e-03 0.0000000e+00
  vertex 2.2597058e-02 8.0853565e-03 7.0000000e-02
 endloop
endfacet
facet normal -9.142098e-01 -4.052413e-01 0.000000e+00
 outer loop
  vertex 2.1695743e-02 1.0261322e-02 0.0000000e+00
  vertex 2.2173109e-02 9.1844024e-03 0.0000000e+00
  vertex 2.2173109e-02 9.1844024e-03 7.0000000e-02
 endloop
endfacet
facet normal -9.142098e-01 -4.052413e-01 -0.000000e+00
 outer loop
  vertex 2.1695743e-02 1.0261322e-02 7.0000000e-02
  vertex 2.1695743e-02 1.0261322e-02 0.0000000e+00
  vertex 2.2173109e-02 9.1844024e-03 7.0000000e-02
 endloop
endfacet
facet normal -8.932243e-01 -4.496113e-01 0.000000e+00
 outer loop
  vertex 2.1166110e-02 1.1313522e-02 0.0000000e+00
  vertex 2.1695743e-02 1.0261322e-02 0.0000000e+00
  vertex 2.1695743e-02 1.0261322e-02 7.0000000e-02
 endloop
endfacet
facet normal -8.932243e-01 -4.496113e-01 -0.000000e+00
 outer loop
  vertex 2.1166110e-02 1.1313522e-02 7.0000000e-02
  vertex 2.1166110e-02 1.1313522e-02 0.0000000e+00
  vertex 2.1695743e-02 1.0261322e-02 7.0000000e-02
 endloop
endfacet
facet normal -8.700870e-01 -4.928982e-01 0.000000e+00
 outer loop
  vertex 2.0585487e-02 1.2338466e-02 0.0000000e+00
  vertex 2.1166110e-02 1.1313522e-02 0.0000000e+00
  vertex 2.1166110e-02 1.1313522e-02 7.0000000e-02
 endloop
endfacet
facet normal -8.700870e-01 -4.928982e-01 -0.000000e+00
 outer loop
  vertex 2.0585487e-02 1.2338466e-02 7.0000000e-02
  vertex 2.0585487e-02 1.2338466e-02 0.0000000e+00
  vertex 2.1166110e-02 1.1313522e-02 7.0000000e-02
 endloop
endfacet
facet normal -8.448536e-01 -5.349976e-01 0.000000e+00
 outer loop
  vertex 1.9955271e-02 1.3333686e-02 0.0000000e+00
  vertex 2.0585487e-02 1.2338466e-02 0.0000000e+00
  vertex 2.0585487e-02 1.2338466e-02 7.0000000e-02
 endloop
endfacet
facet normal -8.448536e-01 -5.349976e-01 -0.000000e+00
 outer loop
  vertex 1.9955271e-02 1.3333686e-02 7.0000000e-02
  vertex 1.9955271e-02 1.3333686e-02 0.0000000e+00
  vertex 2.0585487e-02 1.2338466e-02 7.0000000e-02
 endloop
endfacet
facet normal -8.175848e-01 -5.758082e-01 0.000000e+00
 outer loop
  vertex 1.9276981e-02 1.4296783e-02 0.0000000e+00
  vertex 1.9955271e-02 1.3333686e-02 0.0000000e+00
  vertex 1.9955271e-02 1.3333686e-02 7.0000000e-02
 endloop
endfacet
facet normal -8.175848e-01 -5.758082e-01 -0.000000e+00
 outer loop
  vertex 1.9276981e-02 1.4296783e-02 7.0000000e-02
  vertex 1.9276981e-02 1.4296783e-02 0.0000000e+00
  vertex 1.9955271e-02 1.3333686e-02 7.0000000e-02
 endloop
endfacet
facet normal -7.883464e-01 -6.152316e-01 0.000000e+00
 outer loop
  vertex 1.8552251e-02 1.5225439e-02 0.0000000e+00
  vertex 1.9276981e-02 1.4296783e-02 0.0000000e+00
  vertex 1.9276981e-02 1.4296783e-02 7.0000000e-02
 endloop
endfacet
facet normal -7.883464e-01 -6.152316e-01 -0.000000e+00
 outer loop
  vertex 1.8552251e-02 1.5225439e-02 7.0000000e-02
  vertex 1.8552251e-02 1.5225439e-02 0.0000000e+00
  vertex 1.9276981e-02 1.4296783e-02 7.0000000e-02
 endloop
endfacet
facet normal -7.572088e-01 -6.531728e-01 0.000000e+00
 outer loop
  vertex 1.7782827e-02 1.6117415e-02 0.0000000e+00
  vertex 1.8552251e-02 1.5225439e-02 0.0000000e+00
  vertex 1.8552251e-02 1.5225439e-02 7.0000000e-02
 endloop
endfacet
facet normal -7.572088e-01 -6.531728e-01 -0.000000e+00
 outer loop
  vertex 1.7782827e-02 1.6117415e-02 7.0000000e-02
  vertex 1.7782827e-02 1.6117415e-02 0.0000000e+00
  vertex 1.8552251e-02 1.5225439e-02 7.0000000e-02
 endloop
endfacet
facet normal -7.242471e-01 -6.895405e-01 0.000000e+00
 outer loop
  vertex 1.6970563e-02 1.6970563e-02 0.0000000e+00
  vertex 1.7782827e-02 1.6117415e-02 0.0000000e+00
  vertex 1.7782827e-02 1.6117415e-02 7.0000000e-02
 endloop
endfacet
facet normal -7.242471e-01 -6.895405e-01 -0.000000e+00
 outer loop
  vertex 1.6970563e-02 1.6970563e-02 7.0000000e-02
  vertex 1.6970563e-02 1.6970563e-02 0.0000000e+00
  vertex 1.7782827e-02 1.6117415e-02 7.0000000e-02
 endloop
endfacet
facet normal -6.895405e-01 -7.242471e-01 0.000000e+00
 outer loop
  vertex 1.6117415e-02 1.7782827e-02 0.0000000e+00
  vertex 1.6970563e-02 1.6970563e-02 0.0000000e+00
  vertex 1.6970563e-02 1.6970563e-02 7.0000000e-02
 endloop
endfacet
facet normal -6.895405e-01 -7.242471e-01 -0.000000e+00
 outer loop
  vertex 1.6117415e-02 1.7782827e-02 7.0000000e-02
  vertex 1.6117415e-02 1.7782827e-02 0.0000000e+00
  vertex 1.6970563e-02 1.6970563e-02 7.0000000e-02
 endloop
endfacet
facet normal -6.531728e-01 -7.572088e-01 0.000000e+00
 outer loop
  vertex 1.5225439e-02 1.8552251e-02 0.0000000e+00
  vertex 1.6117415e-02 1.7782827e-02 0.0000000e+00
  vertex 1.6117415e-02 1.7782827e-02 7.0000000e-02
 endloop
endfacet
facet normal -6.531728e-01 -7.572088e-01 -0.000000e+00
 outer loop
  vertex 1.5225439e-02 1.8552251e-02 7.0000000e-02
  vertex 1.5225439e-02 1.8552251e-02 0.0000000e+00
  vertex 1.6117415e-02 1.7782827e-02 7.0000000e-02
 endloop
endfacet
facet normal -6.152316e-01 -7.883464e-01 0.000000e+00
 outer loop
  vertex 1.4296783e-02 1.9276981e-02 0.0000000e+00
  vertex 1.5225439e-02 1.8552251e-02 0.0000000e+00
  vertex 1.5225439e-02 1.8552251e-02 7.0000000e-02
 endloop
endfacet
facet normal -6.152316e-01 -7.883464e-01 -0.000000e+00
 outer loop
  vertex 1.4296783e-02 1.9276981e-02 7.0000000e-02
  vertex 1.4296783e-02 1.9276981e-02 0.0000000e+00
  vertex 1.5225439e-02 1.8552251e-02 7.0000000e-02
 endloop
endfacet
facet normal -5.758082e-01 -8.175848e-01 0.000000e+00
 outer loop
  vertex 1.3333686e-02 1.9955271e-02 0.0000000e+00
  vertex 1.4296783e-02 1.9276981e-02 0.0000000e+00
  vertex 1.4296783e-02 1.9276981e-02 7.0000000e-02
 endloop
endfacet
facet normal -5.758082e-01 -8.175848e-01 -0.000000e+00
 outer loop
  vertex 1.3333686e-02 1.9955271e-02 7.0000000e-02
  vertex 1.3333686e-02 1.9955271e-02 0.0000000e+00
  vertex 1.4296783e-02 1.9276981e-02 7.0000000e-02
 endloop
endfacet
facet normal -5.349976e-01 -8.448536e-01 0.000000e+00
 outer loop
  vertex 1.2338466e-02 2.0585487e-02 0.0000000e+00
  vertex 1.3333686e-02 1.9955271e-02 0.0000000e+00
  vertex 1.3333686e-02 1.9955271e-02 7.0000000e-02
 endloop
endfacet
facet normal -5.349976e-01 -8.448536e-01 -0.000000e+00
 outer loop
  vertex 1.2338466e-02 2.0585487e-02 7.0000000e-02
  vertex 1.2338466e-02 2.0585487e-02 0.0000000e+00
  vertex 1.3333686e-02 1.9955271e-02 7.0000000e-02
 endloop
endfacet
facet normal -4.928982e-01 -8.700870e-01 0.000000e+00
 outer loop
  vertex 1.1313522e-02 2.1166110e-02 0.0000000e+00
  vertex 1.2338466e-02 2.0585487e-02 0.0000000e+00
  vertex 1.2338466e-02 2.0585487e-02 7.0000000e-02
 endloop
endfacet
facet normal -4.928982e-01 -8.700870e-01 -0.000000e+00
 outer loop
  vertex 1.1313522e-02 2.1166110e-02 7.0000000e-02
  vertex 1.1313522e-02 2.1166110e-02 0.0000000e+00
  vertex 1.2338466e-02 2.0585487e-02 7.0000000e-02
 endloop
endfacet
facet normal -4.496113e-01 -8.932243e-01 0.000000e+00
 outer loop
  vertex 1.0261322e-02 2.1695743e-02 0.0000000e+00
  vertex 1.1313522e-02 2.1166110e-02 0.0000000e+00
  vertex 1.1313522e-02 2.1166110e-02 7.0000000e-02
 endloop
endfacet
facet normal -4.496113e-01 -8.932243e-01 -0.000000e+00
 outer loop
  vertex 1.0261322e-02 2.1695743e-02 7.0000000e-02
  vertex 1.0261322e-02 2.1695743e-02 0.0000000e+00
  vertex 1.1313522e-02 2.1166110e-02 7.0000000e-02
 endloop
endfacet
facet normal -4.052413e-01 -9.142098e-01 0.000000e+00
 outer loop
  vertex 9.1844024e-03 2.2173109e-02 0.0000000e+00
  vertex 1.0261322e-02 2.1695743e-02 0.0000000e+00
  vertex 1.0261322e-02 2.1695743e-02 7.0000000e-02
 endloop
endfacet
facet normal -4.052413e-01 -9.142098e-01 -0.000000e+00
 outer loop
  vertex 9.1844024e-03 2.2173109e-02 7.0000000e-02
  vertex 9.1844024e-03 2.2173109e-02 0.0000000e+00
  vertex 1.0261322e-02 2.1695743e-02 7.0000000e-02
 endloop
endfacet
facet normal -3.598950e-01 -9.329928e-01 0.000000e+00
 outer loop
  vertex 8.0853565e-03 2.2597058e-02 0.0000000e+00
  vertex 9.1844024e-03 2.2173109e-02 0.0000000e+00
  vertex 9.1844024e-03 2.2173109e-02 7.0000000e-02
 endloop
endfacet
facet normal -3.598950e-01 -9.329928e-01 -0.000000e+00
 outer loop
  vertex 8.0853565e-03 2.2597058e-02 7.0000000e-02
  vertex 8.0853565e-03 2.2597058e-02 0.0000000e+00
  vertex 9.1844024e-03 2.2173109e-02 7.0000000e-02
 endloop
endfacet
facet normal -3.136817e-01 -9.495282e-01 0.000000e+00
 outer loop
  vertex 6.9668323e-03 2.2966568e-02 0.0000000e+00
  vertex 8.0853565e-03 2.2597058e-02 0.0000000e+00
  vertex 8.0853565e-03 2.2597058e-02 7.0000000e-02
 endloop
endfacet
facet normal -3.136817e-01 -9.495282e-01 -0.000000e+00
 outer loop
  vertex 6.9668323e-03 2.2966568e-02 7.0000000e-02
  vertex 6.9668323e-03 2.2966568e-02 0.0000000e+00
  vertex 8.0853565e-03 2.2597058e-02 7.0000000e-02
 endloop
endfacet
facet normal -2.667128e-01 -9.637761e-01 0.000000e+00
 outer loop
  vertex 5.8315243e-03 2.3280750e-02 0.0000000e+00
  vertex 6.9668323e-03 2.2966568e-02 0.0000000e+00
  vertex 6.9668323e-03 2.2966568e-02 7.0000000e-02
 endloop
endfacet
facet normal -2.667128e-01 -9.637761e-01 -0.000000e+00
 outer loop
  vertex 5.8315243e-03 2.3280750e-02 7.0000000e-02
  vertex 5.8315243e-03 2.3280750e-02 0.0000000e+00
  vertex 6.9668323e-03 2.2966568e-02 7.0000000e-02
 endloop
endfacet
facet normal -2.191012e-01 -9.757021e-01 0.000000e+00
 outer loop
  vertex 4.6821677e-03 2.3538847e-02 0.0000000e+00
  vertex 5.8315243e-03 2.3280750e-02 0.0000000e+00
  vertex 5.8315243e-03 2.3280750e-02 7.0000000e-02
 endloop
endfacet
facet normal -2.191012e-01 -9.757021e-01 -0.000000e+00
 outer loop
  vertex 4.6821677e-03 2.3538847e-02 7.0000000e-02
  vertex 4.6821677e-03 2.3538847e-02 0.0000000e+00
  vertex 5.8315243e-03 2.3280750e-02 7.0000000e-02
 endloop
endfacet
facet normal -1.709619e-01 -9.852776e-01 0.000000e+00
 outer loop
  vertex 3.5215314e-03 2.3740236e-02 0.0000000e+00
  vertex 4.6821677e-03 2.3538847e-02 0.0000000e+00
  vertex 4.6821677e-03 2.3538847e-02 7.0000000e-02
 endloop
endfacet
facet normal -1.709619e-01 -9.852776e-01 -0.000000e+00
 outer loop
  vertex 3.5215314e-03 2.3740236e-02 7.0000000e-02
  vertex 3.5215314e-03 2.3740236e-02 0.0000000e+00
  vertex 4.6821677e-03 2.3538847e-02 7.0000000e-02
 endloop
endfacet
facet normal -1.224107e-01 -9.924795e-01 0.000000e+00
 outer loop
  vertex 2.3524114e-03 2.3884433e-02 0.0000000e+00
  vertex 3.5215314e-03 2.3740236e-02 0.0000000e+00
  vertex 3.5215314e-03 2.3740236e-02 7.0000000e-02
 endloop
endfacet
facet normal -1.224107e-01 -9.924795e-01 -0.000000e+00
 outer loop
  vertex 2.3524114e-03 2.3884433e-02 7.0000000e-02
  vertex 2.3524114e-03 2.3884433e-02 0.0000000e+00
  vertex 3.5215314e-03 2.3740236e-02 7.0000000e-02
 endloop
endfacet
facet normal -7.356456e-02 -9.972905e-01 0.000000e+00
 outer loop
  vertex 1.1776242e-03 2.3971091e-02 0.0000000e+00
  vertex 2.3524114e-03 2.3884433e-02 0.0000000e+00
  vertex 2.3524114e-03 2.3884433e-02 7.0000000e-02
 endloop
endfacet
facet normal -7.356456e-02 -9.972905e-01 -0.000000e+00
 outer loop
  vertex 1.1776242e-03 2.3971091e-02 7.0000000e-02
  vertex 1.1776242e-03 2.3971091e-02 0.0000000e+00
  vertex 2.3524114e-03 2.3884433e-02 7.0000000e-02
 endloop
endfacet
facet normal -2.454123e-02 -9.996988e-01 0.000000e+00
 outer loop
  vertex 1.4695762e-18 2.4000000e-02 0.0000000e+00
  vertex 1.1776242e-03 2.3971091e-02 0.0000000e+00
  vertex 1.1776242e-03 2.3971091e-02 7.0000000e-02
 endloop
endfacet
facet normal -2.454123e-02 -9.996988e-01 -0.000000e+00
 outer loop
  vertex 1.4695762e-18 2.4000000e-02 7.0000000e-02
  vertex 1.4695762e-18 2.4000000e-02 0.0000000e+00
  vertex 1.1776242e-03 2.3971091e-02 7.0000000e-02
 endloop
endfacet
facet normal 2.454123e-02 -9.996988e-01 0.000000e+00
 outer loop
  vertex -1.1776242e-03 2.3971091e-02 0.0000000e+00
  vertex 1.4695762e-18 2.4000000e-02 0.0000000e+00
  vertex 1.4695762e-18 2.4000000e-02 7.0000000e-02
 endloop
endfacet
facet normal 2.454123e-02 -9.996988e-01 0.000000e+00
 outer loop
  vertex -1.1776242e-03 2.3971091e-02 7.0000000e-02
  vertex -1.1776242e-03 2.3971091e-02 0.0000000e+00
  vertex 1.4695762e-18 2.4000000e-02 7.0000000e-02
 endloop
endfacet
facet normal 7.356456e-02 -9.972905e-01 0.000000e+00
 outer loop
  vertex -2.3524114e-03 2.3884433e-02 0.0000000e+00
  vertex -1.1776242e-03 2.3971091e-02 0.0000000e+00
  vertex -1.1776242e-03 2.3971091e-02 7.0000000e-02
 endloop
endfacet
facet normal 7.356456e-02 -9.972905e-01 0.000000e+00
 outer loop
  vertex -2.3524114e-03 2.3884433e-02 7.0000000e-02
  vertex -2.3524114e-03 2.3884433e-02 0.0000000e+00
  vertex -1.1776242e-03 2.3971091e-02 7.0000000e-02
 endloop
endfacet
facet normal 1.224107e-01 -9.924795e-01 0.000000e+00
 outer loop
  vertex -3.5215314e-03 2.3740236e-02 0.0000000e+00
  vertex -2.3524114e-03 2.3884433e-02 0.0000000e+00
  vertex -2.3524114e-03 2.3884433e-02 7.0000000e-02
 endloop
endfacet
facet normal 1.224107e-01 -9.924795e-01 0.000000e+00
 outer loop
  vertex -3.5215314e-03 2.3740236e-02 7.0000000e-02
  vertex -3.5215314e-03 2.3740236e-02 0.0000000e+00
  vertex -2.3524114e-03 2.3884433e-02 7.0000000e-02
 endloop
endfacet
facet normal 1.709619e-01 -9.852776e-01 0.000000e+00
 outer loop
  vertex -4.6821677e-03 2.3538847e-02 0.0000000e+00
  vertex -3.5215314e-03 2.3740236e-02 0.0000000e+00
  vertex -3.5215314e-03 2.3740236e-02 7.0000000e-02
 endloop
endfacet
facet normal 1.709619e-01 -9.852776e-01 0.000000e+00
 outer loop
  vertex -4.6821677e-03 2.3538847e-02 7.0000000e-02
  vertex -4.6821677e-03 2.3538847e-02 0.0000000e+00
  vertex -3.5215314e-03 2.3740236e-02 7.0000000e-02
 endloop
endfacet
facet normal 2.191012e-01 -9.757021e-01 0.000000e+00
 outer loop
  vertex -5.8315243e-03 2.3280750e-02 0.0000000e+00
  vertex -4.6821677e-03 2.3538847e-02 0.0000000e+00
  vertex -4.6821677e-03 2.3538847e-02 7.0000000e-02
 endloop
endfacet
facet normal 2.191012e-01 -9.757021e-01 0.000000e+00
 outer loop
  vertex -5.8315243e-03 2.3280750e-02 7.0000000e-02
  vertex -5.8315243e-03 2.3280750e-02 0.0000000e+00
  vertex -4.6821677e-03 2.3538847e-02 7.0000000e-02
 endloop
endfacet
facet normal 2.667128e-01 -9.637761e-01 0.000000e+00
 outer loop
  vertex -6.9668323e-03 2.2966568e-02 0.0000000e+00
  vertex -5.8315243e-03 2.3280750e-02 0.0000000e+00
  vertex -5.8315243e-03 2.3280750e-02 7.0000000e-02
 endloop
endfacet
facet normal 2.667128e-01 -9.637761e-01 0.000000e+00
 outer loop
  vertex -6.9668323e-03 2.2966568e-02 7.0000000e-02
  vertex -6.9668323e-03 2.2966568e-02 0.0000000e+00
  vertex -5.8315243e-03 2.3280750e-02 7.0000000e-02
 endloop
endfacet
facet normal 3.136817e-01 -9.495282e-01 0.000000e+00
 outer loop
  vertex -8.0853565e-03 2.2597058e-02 0.0000000e+00
  vertex -6.9668323e-03 2.2966568e-02 0.0000000e+00
  vertex -6.9668323e-03 2.2966568e-02 7.0000000e-02
 endloop
endfacet
facet normal 3.136817e-01 -9.495282e-01 0.000000e+00
 outer loop
  vertex -8.0853565e-03 2.2597058e-02 7.0000000e-02
  vertex -8.0853565e-03 2.2597058e-02 0.0000000e+00
  vertex -6.9668323e-03 2.2966568e-02 7.0000000e-02
 endloop
endfacet
facet normal 3.598950e-01 -9.329928e-01 0.000000e+00
 outer loop
  vertex -9.1844024e-03 2.2173109e-02 0.0000000e+00
  vertex -8.0853565e-03 2.2597058e-02 0.0000000e+00
  vertex -8.0853565e-03 2.2597058e-02 7.0000000e-02
 endloop
endfacet
facet normal 3.598950e-01 -9.329928e-01 0.000000e+00
 outer loop
  vertex -9.1844024e-03 2.2173109e-02 7.0000000e-02
  vertex -9.1844024e-03 2.2173109e-02 0.0000000e+00
  vertex -8.0853565e-03 2.2597058e-02 7.0000000e-02
 endloop
endfacet
facet normal 4.052413e-01 -9.142098e-01 0.000000e+00
 outer loop
  vertex -1.0261322e-02 2.1695743e-02 0.0000000e+00
  vertex -9.1844024e-03 2.2173109e-02 0.0000000e+00
  vertex -9.1844024e-03 2.2173109e-02 7.0000000e-02
 endloop
endfacet
facet normal 4.052413e-01 -9.142098e-01 0.000000e+00
 outer loop
  vertex -1.0261322e-02 2.1695743e-02 7.0000000e-02
  vertex -1.0261322e-02 2.1695743e-02 0.0000000e+00
  vertex -9.1844024e-03 2.2173109e-02 7.0000000e-02
 endloop
endfacet
facet normal 4.496113e-01 -8.932243e-01 0.000000e+00
 outer loop
  vertex -1.1313522e-02 2.1166110e-02 0.0000000e+00
  vertex -1.0261322e-02 2.1695743e-02 0.0000000e+00
  vertex -1.0261322e-02 2.1695743e-02 7.0000000e-02
 endloop
endfacet
facet normal 4.496113e-01 -8.932243e-01 0.000000e+00
 outer loop
  vertex -1.1313522e-02 2.1166110e-02 7.0000000e-02
  vertex -1.1313522e-02 2.1166110e-02 0.0000000e+00
  vertex -1.0261322e-02 2.1695743e-02 7.0000000e-02
 endloop
endfacet
facet normal 4.928982e-01 -8.700870e-01 0.000000e+00
 outer loop
  vertex -1.2338466e-02 2.0585487e-02 0.0000000e+00
  vertex -1.1313522e-02 2.1166110e-02 0.0000000e+00
  vertex -1.1313522e-02 2.1166110e-02 7.0000000e-02
 endloop
endfacet
facet normal 4.928982e-01 -8.700870e-01 0.000000e+00
 outer loop
  vertex -1.2338466e-02 2.0585487e-02 7.0000000e-02
  vertex -1.2338466e-02 2.0585487e-02 0.0000000e+00
  vertex -1.1313522e-02 2.1166110e-02 7.0000000e-02
 endloop
endfacet
facet normal 5.349976e-01 -8.448536e-01 0.000000e+00
 outer loop
  vertex -1.3333686e-02 1.9955271e-02 0.0000000e+00
  vertex -1.2338466e-02 2.0585487e-02 0.0000000e+00
  vertex -1.2338466e-02 2.0585487e-02 7.0000000e-02
 endloop
endfacet
facet normal 5.349976e-01 -8.448536e-01 0.000000e+00
 outer loop
  vertex -1.3333686e-02 1.9955271e-02 7.0000000e-02
  vertex -1.3333686e-02 1.9955271e-02 0.0000000e+00
  vertex -1.2338466e-02 2.0585487e-02 7.0000000e-02
 endloop
endfacet
facet normal 5.758082e-01 -8.175848e-01 0.000000e+00
 outer loop
  vertex -1.4296783e-02 1.9276981e-02 0.0000000e+00
  vertex -1.3333686e-02 1.9955271e-02 0.0000000e+00
  vertex -1.3333686e-02 1.9955271e-02 7.0000000e-02
 endloop
endfacet
facet normal 5.758082e-01 -8.175848e-01 0.000000e+00
 outer loop
  vertex -1.4296783e-02 1.9276981e-02 7.0000000e-02
  vertex -1.4296783e-02 1.9276981e-02 0.0000000e+00
  vertex -1.3333686e-02 1.9955271e-02 7.0000000e-02
 endloop
endfacet
facet normal 6.152316e-01 -7.883464e-01 0.000000e+00
 outer loop
  vertex -1.5225439e-02 1.8552251e-02 0.0000000e+00
  vertex -1.4296783e-02 1.9276981e-02 0.0000000e+00
  vertex -1.4296783e-02 1.9276981e-02 7.0000000e-02
 endloop
endfacet
facet normal 6.152316e-01 -7.883464e-01 0.000000e+00
 outer loop
  vertex -1.5225439e-02 1.8552251e-02 7.0000000e-02
  vertex -1.5225439e-02 1.8552251e-02 0.0000000e+00
  vertex -1.4296783e-02 1.9276981e-02 7.0000000e-02
 endloop
endfacet
facet normal 6.531728e-01 -7.572088e-01 0.000000e+00
 outer loop
  vertex -1.6117415e-02 1.7782827e-02 0.0000000e+00
  vertex -1.5225439e-02 1.8552251e-02 0.0000000e+00
  vertex -1.5225439e-02 1.8552251e-02 7.0000000e-02
 endloop
endfacet
facet normal 6.531728e-01 -7.572088e-01 0.000000e+00
 outer loop
  vertex -1.6117415e-02 1.7782827e-02 7.0000000e-02
  vertex -1.6117415e-02 1.7782827e-02 0.0000000e+00
  vertex -1.5225439e-02 1.8552251e-02 7.0000000e-02
 endloop
endfacet
facet normal 6.895405e-01 -7.242471e-01 0.000000e+00
 outer loop
  vertex -1.6970563e-02 1.6970563e-02 0.0000000e+00
  vertex -1.6117415e-02 1.7782827e-02 0.0000000e+00
  vertex -1.6117415e-02 1.7782827e-02 7.0000000e-02
 endloop
endfacet
facet normal 6.895405e-01 -7.242471e-01 0.000000e+00
 outer loop
  vertex -1.6970563e-02 1.6970563e-02 7.0000000e-02
  vertex -1.6970563e-02 1.6970563e-02 0.0000000e+00
  vertex -1.6117415e-02 1.7782827e-02 7.0000000e-02
 endloop
endfacet
facet normal 7.242471e-01 -6.895405e-01 0.000000e+00
 outer loop
  vertex -1.7782827e-02 1.6117415e-02 0.0000000e+00
  vertex -1.6970563e-02 1.6970563e-02 0.0000000e+00
  vertex -1.6970563e-02 1.6970563e-02 7.0000000e-02
 endloop
endfacet
facet normal 7.242471e-01 -6.895405e-01 0.000000e+00
 outer loop
  vertex -1.7782827e-02 1.6117415e-02 7.0000000e-02
  vertex -1.7782827e-02 1.6117415e-02 0.0000000e+00
  vertex -1.6970563e-02 1.6970563e-02 7.0000000e-02
 endloop
endfacet
facet normal 7.572088e-01 -6.531728e-01 0.000000e+00
 outer loop
  vertex -1.8552251e-02 1.5225439e-02 0.0000000e+00
  vertex -1.7782827e-02 1.6117415e-02 0.0000000e+00
  vertex -1.7782827e-02 1.6117415e-02 7.0000000e-02
 endloop
endfacet
facet normal 7.572088e-01 -6.531728e-01 0.000000e+00
 outer loop
  vertex -1.8552251e-02 1.5225439e-02 7.0000000e-02
  vertex -1.8552251e-02 1.5225439e-02 0.0000000e+00
  vertex -1.7782827e-02 1.6117415e-02 7.0000000e-02
 endloop
endfacet
facet normal 7.883464e-01 -6.152316e-01 0.000000e+00
 outer loop
  vertex -1.9276981e-02 1.4296783e-02 0.0000000e+00
  vertex -1.8552251e-02 1.5225439e-02 0.0000000e+00
  vertex -1.8552251e-02 1.5225439e-02 7.0000000e-02
 endloop
endfacet
facet normal 7.883464e-01 -6.152316e-01 0.000000e+00
 outer loop
  vertex -1.9276981e-02 1.4296783e-02 7.0000000e-02
  vertex -1.9276981e-02 1.4296783e-02 0.0000000e+00
  vertex -1.8552251e-02 1.5225439e-02 7.0000000e-02
 endloop
endfacet
facet normal 8.175848e-01 -5.758082e-01 0.000000e+00
 outer loop
  vertex -1.9955271e-02 1.3333686e-02 0.0000000e+00
  vertex -1.9276981e-02 1.4296783e-02 0.0000000e+00
  vertex -1.9276981e-02 1.4296783e-02 7.0000000e-02
 endloop
endfacet
facet normal 8.175848e-01 -5.758082e-01 0.000000e+00
 outer loop
  vertex -1.9955271e-02 1.3333686e-02 7.0000000e-02
  vertex -1.9955271e-02 1.3333686e-02 0.0000000e+00
  vertex -1.9276981e-02 1.4296783e-02 7.0000000e-02
 endloop
endfacet
facet normal 8.448536e-01 -5.349976e-01 0.000000e+00
 outer loop
  vertex -2.0585487e-02 1.2338466e-02 0.0000000e+00
  vertex -1.9955271e-02 1.3333686e-02 0.0000000e+00
  vertex -1.9955271e-02 1.3333686e-02 7.0000000e-02
 endloop
endfacet
facet normal 8.448536e-01 -5.349976e-01 0.000000e+00
 outer loop
  vertex -2.0585487e-02 1.2338466e-02 7.0000000e-02
  vertex -2.0585487e-02 1.2338466e-02 0.0000000e+00
  vertex -1.9955271e-02 1.3333686e-02 7.0000000e-02
 endloop
endfacet
facet normal 8.700870e-01 -4.928982e-01 0.000000e+00
 outer loop
  vertex -2.1166110e-02 1.1313522e-02 0.0000000e+00
  vertex -2.0585487e-02 1.2338466e-02 0.0000000e+00
  vertex -2.0585487e-02 1.2338466e-02 7.0000000e-02
 endloop
endfacet
facet normal 8.700870e-01 -4.928982e-01 0.000000e+00
 outer loop
  vertex -2.1166110e-02 1.1313522e-02 7.0000000e-02
  vertex -2.1166110e-02 1.1313522e-02 0.0000000e+00
  vertex -2.0585487e-02 1.2338466e-02 7.0000000e-02
 endloop
endfacet
facet normal 8.932243e-01 -4.496113e-01 0.000000e+00
 outer loop
  vertex -2.1695743e-02 1.0261322e-02 0.0000000e+00
  vertex -2.1166110e-02 1.1313522e-02 0.0000000e+00
  vertex -2.1166110e-02 1.1313522e-02 7.0000000e-02
 endloop
endfacet
facet normal 8.932243e-01 -4.496113e-01 0.000000e+00
 outer loop
  vertex -2.1695743e-02 1.0261322e-02 7.0000000e-02
  vertex -2.1695743e-02 1.0261322e-02 0.0000000e+00
  vertex -2.1166110e-02 1.1313522e-02 7.0000000e-02
 endloop
endfacet
facet normal 9.142098e-01 -4.052413e-01 0.000000e+00
 outer loop
  vertex -2.2173109e-02 9.1844024e-03 0.0000000e+00
  vertex -2.1695743e-02 1.0261322e-02 0.0000000e+00
  vertex -2.1695743e-02 1.0261322e-02 7.0000000e-02
 endloop
endfacet
facet normal 9.142098e-01 -4.052413e-01 0.000000e+00
 outer loop
  vertex -2.2173109e-02 9.1844024e-03 7.0000000e-02
  vertex -2.2173109e-02 9.1844024e-03 0.0000000e+00
  vertex -2.1695743e-02 1.0261322e-02 7.0000000e-02
 endloop
endfacet
facet normal 9.329928e-01 -3.598950e-01 0.000000e+00
 outer loop
  vertex -2.2597058e-02 8.0853565e-03 0.0000000e+00
  vertex -2.2173109e-02 9.1844024e-03 0.0000000e+00
  vertex -2.2173109e-02 9.1844024e-03 7.0000000e-02
 endloop
endfacet
facet normal 9.329928e-01 -3.598950e-01 0.000000e+00
 outer loop
  vertex -2.2597058e-02 8.0853565e-03 7.0000000e-02
  vertex -2.2597058e-02 8.0853565e-03 0.0000000e+00
  vertex -2.2173109e-02 9.1844024e-03 7.0000000e-02
 endloop
endfacet
facet normal 9.495282e-01 -3.136817e-01 0.000000e+00
 outer loop
  vertex -2.2966568e-02 6.9668323e-03 0.0000000e+00
  vertex -2.2597058e-02 8.0853565e-03 0.0000000e+00
  vertex -2.2597058e-02 8.0853565e-03 7.0000000e-02
 endloop
endfacet
facet normal 9.495282e-01 -3.136817e-01 0.000000e+00
 outer loop
  vertex -2.2966568e-02 6.9668323e-03 7.0000000e-02
  vertex -2.2966568e-02 6.9668323e-03 0.0000000e+00
  vertex -2.2597058e-02 8.0853565e-03 7.0000000e-02
 endloop
endfacet
facet normal 9.637761e-01 -2.667128e-01 0.000000e+00
 outer loop
  vertex -2.3280750e-02 5.8315243e-03 0.0000000e+00
  vertex -2.2966568e-02 6.9668323e-03 0.0000000e+00
  vertex -2.2966568e-02 6.9668323e-03 7.0000000e-02
 endloop
endfacet
facet normal 9.637761e-01 -2.667128e-01 0.000000e+00
 outer loop
  vertex -2.3280750e-02 5.8315243e-03 7.0000000e-02
  vertex -2.3280750e-02 5.8315243e-03 0.0000000e+00
  vertex -2.2966568e-02 6.9668323e-03 7.0000000e-02
 endloop
endfacet
facet normal 9.757021e-01 -2.191012e-01 0.000000e+00
 outer loop
  vertex -2.3538847e-02 4.6821677e-03 0.0000000e+00
  vertex -2.3280750e-02 5.8315243e-03 0.0000000e+00
  vertex -2.3280750e-02 5.8315243e-03 7.0000000e-02
 endloop
endfacet
facet normal 9.757021e-01 -2.191012e-01 0.000000e+00
 outer loop
  vertex -2.3538847e-02 4.6821677e-03 7.0000000e-02
  vertex -2.3538847e-02 4.6821677e-03 0.0000000e+00
  vertex -2.3280750e-02 5.8315243e-03 7.0000000e-02
 endloop
endfacet
facet normal 9.852776e-01 -1.709619e-01 0.000000e+00
 outer loop
  vertex -2.3740236e-02 3.5215314e-03 0.0000000e+00
  vertex -2.3538847e-02 4.6821677e-03 0.0000000e+00
  vertex -2.3538847e-02 4.6821677e-03 7.0000000e-02
 endloop
endfacet
facet normal 9.852776e-01 -1.709619e-01 0.000000e+00
 outer loop
  vertex -2.3740236e-02 3.5215314e-03 7.0000000e-02
  vertex -2.3740236e-02 3.5215314e-03 0.0000000e+00
  vertex -2.3538847e-02 4.6821677e-03 7.0000000e-02
 endloop
endfacet
facet normal 9.924795e-01 -1.224107e-01 0.000000e+00
 outer loop
  vertex -2.3884433e-02 2.3524114e-03 0.0000000e+00
  vertex -2.3740236e-02 3.5215314e-03 0.0000000e+00
  vertex -2.3740236e-02 3.5215314e-03 7.0000000e-02
 endloop
endfacet
facet normal 9.924795e-01 -1.224107e-01 0.000000e+00
 outer loop
  vertex -2.3884433e-02 2.3524114e-03 7.0000000e-02
  vertex -2.3884433e-02 2.3524114e-03 0.0000000e+00
  vertex -2.3740236e-02 3.5215314e-03 7.0000000e-02
 endloop
endfacet
facet normal 9.972905e-01 -7.356456e-02 0.000000e+00
 outer loop
  vertex -2.3971091e-02 1.1776242e-03 0.0000000e+00
  vertex -2.3884433e-02 2.3524114e-03 0.0000000e+00
  vertex -2.3884433e-02 2.3524114e-03 7.0000000e-02
 endloop
endfacet
facet normal 9.972905e-01 -7.356456e-02 0.000000e+00
 outer loop
  vertex -2.3971091e-02 1.1776242e-03 7.0000000e-02
  vertex -2.3971091e-02 1.1776242e-03 0.0000000e+00
  vertex -2.3884433e-02 2.3524114e-03 7.0000000e-02
 endloop
endfacet
facet normal 9.996988e-01 -2.454123e-02 0.000000e+00
 outer loop
  vertex -2.4000000e-02 2.9391523e-18 0.0000000e+00
  vertex -2.3971091e-02 1.1776242e-03 0.0000000e+00
  vertex -2.3971091e-02 1.1776242e-03 7.0000000e-02
 endloop
endfacet
facet normal 9.996988e-01 -2.454123e-02 0.000000e+00
 outer loop
  vertex -2.4000000e-02 2.9391523e-18 7.0000000e-02
  vertex -2.4000000e-02 2.9391523e-18 0.0000000e+00
  vertex -2.3971091e-02 1.1776242e-03 7.0000000e-02
 endloop
endfacet
facet normal 9.996988e-01 2.454123e-02 0.000000e+00
 outer loop
  vertex -2.3971091e-02 -1.1776242e-03 0.0000000e+00
  vertex -2.4000000e-02 2.9391523e-18 0.0000000e+00
  vertex -2.4000000e-02 2.9391523e-18 7.0000000e-02
 endloop
endfacet
facet normal 9.996988e-01 2.454123e-02 0.000000e+00
 outer loop
  vertex -2.3971091e-02 -1.1776242e-03 7.0000000e-02
  vertex -2.3971091e-02 -1.1776242e-03 0.0000000e+00
  vertex -2.4000000e-02 2.9391523e-18 7.0000000e-02
 endloop
endfacet
facet normal 9.972905e-01 7.356456e-02 0.000000e+00
 outer loop
  vertex -2.3884433e-02 -2.3524114e-03 0.0000000e+00
  vertex -2.3971091e-02 -1.1776242e-03 0.0000000e+00
  vertex -2.3971091e-02 -1.1776242e-03 7.0000000e-02
 endloop
endfacet
facet normal 9.972905e-01 7.356456e-02 0.000000e+00
 outer loop
  vertex -2.3884433e-02 -2.3524114e-03 7.0000000e-02
  vertex -2.3884433e-02 -2.3524114e-03 0.0000000e+00
  vertex -2.3971091e-02 -1.1776242e-03 7.0000000e-02
 endloop
endfacet
facet normal 9.924795e-01 1.224107e-01 0.000000e+00
 outer loop
  vertex -2.3740236e-02 -3.5215314e-03 0.0000000e+00
  vertex -2.3884433e-02 -2.3524114e-03 0.0000000e+00
  vertex -2.3884433e-02 -2.3524114e-03 7.0000000e-02
 endloop
endfacet
facet normal 9.924795e-01 1.224107e-01 0.000000e+00
 outer loop
  vertex -2.3740236e-02 -3.5215314e-03 7.0000000e-02
  vertex -2.3740236e-02 -3.5215314e-03 0.0000000e+00
  vertex -2.3884433e-02 -2.3524114e-03 7.0000000e-02
 endloop
endfacet
facet normal 9.852776e-01 1.709619e-01 0.000000e+00
 outer loop
  vertex -2.3538847e-02 -4.6821677e-03 0.0000000e+00
  vertex -2.3740236e-02 -3.5215314e-03 0.0000000e+00
  vertex -2.3740236e-02 -3.5215314e-03 7.0000000e-02
 endloop
endfacet
facet normal 9.852776e-01 1.709619e-01 0.000000e+00
 outer loop
  vertex -2.3538847e-02 -4.6821677e-03 7.0000000e-02
  vertex -2.3538847e-02 -4.6821677e-03 0.0000000e+00
  vertex -2.3740236e-02 -3.5215314e-03 7.0000000e-02
 endloop
endfacet
facet normal 9.757021e-01 2.191012e-01 0.000000e+00
 outer loop
  vertex -2.3280750e-02 -5.8315243e-03 0.0000000e+00
  vertex -2.3538847e-02 -4.6821677e-03 0.0000000e+00
  vertex -2.3538847e-02 -4.6821677e-03 7.0000000e-02
 endloop
endfacet
facet normal 9.757021e-01 2.191012e-01 0.000000e+00
 outer loop
  vertex -2.3280750e-02 -5.8315243e-03 7.0000000e-02
  vertex -2.3280750e-02 -5.8315243e-03 0.0000000e+00
  vertex -2.3538847e-02 -4.6821677e-03 7.0000000e-02
 endloop
endfacet
facet normal 9.637761e-01 2.667128e-01 0.000000e+00
 outer loop
  vertex -2.2966568e-02 -6.9668323e-03 0.0000000e+00
  vertex -2.3280750e-02 -5.8315243e-03 0.0000000e+00
  vertex -2.3280750e-02 -5.8315243e-03 7.0000000e-02
 endloop
endfacet
facet normal 9.637761e-01 2.667128e-01 0.000000e+00
 outer loop
  vertex -2.2966568e-02 -6.9668323e-03 7.0000000e-02
  vertex -2.2966568e-02 -6.9668323e-03 0.0000000e+00
  vertex -2.3280750e-02 -5.8315243e-03 7.0000000e-02
 endloop
endfacet
facet normal 9.495282e-01 3.136817e-01 0.000000e+00
 outer loop
  vertex -2.2597058e-02 -8.0853565e-03 0.0000000e+00
  vertex -2.2966568e-02 -6.9668323e-03 0.0000000e+00
  vertex -2.2966568e-02 -6.9668323e-03 7.0000000e-02
 endloop
endfacet
facet normal 9.495282e-01 3.136817e-01 0.000000e+00
 outer loop
  vertex -2.2597058e-02 -8.0853565e-03 7.0000000e-02
  vertex -2.2597058e-02 -8.0853565e-03 0.0000000e+00
  vertex -2.2966568e-02 -6.9668323e-03 7.0000000e-02
 endloop
endfacet
facet normal 9.329928e-01 3.598950e-01 0.000000e+00
 outer loop
  vertex -2.2173109e-02 -9.1844024e-03 0.0000000e+00
  vertex -2.2597058e-02 -8.0853565e-03 0.0000000e+00
  vertex -2.2597058e-02 -8.0853565e-03 7.0000000e-02
 endloop
endfacet
facet normal 9.329928e-01 3.598950e-01 0.000000e+00
 outer loop
  vertex -2.2173109e-02 -9.1844024e-03 7.0000000e-02
  vertex -2.2173109e-02 -9.1844024e-03 0.0000000e+00
  vertex -2.2597058e-02 -8.0853565e-03 7.0000000e-02
 endloop
endfacet
facet normal 9.142098e-01 4.052413e-01 0.000000e+00
 outer loop
  vertex -2.1695743e-02 -1.0261322e-02 0.0000000e+00
  vertex -2.2173109e-02 -9.1844024e-03 0.0000000e+00
  vertex -2.2173109e-02 -9.1844024e-03 7.0000000e-02
 endloop
endfacet
facet normal 9.142098e-01 4.052413e-01 0.000000e+00
 outer loop
  vertex -2.1695743e-02 -1.0261322e-02 7.0000000e-02
  vertex -2.1695743e-02 -1.0261322e-02 0.0000000e+00
  vertex -2.2173109e-02 -9.1844024e-03 7.0000000e-02
 endloop
endfacet
facet normal 8.932243e-01 4.496113e-01 0.000000e+00
 outer loop
  vertex -2.1166110e-02 -1.1313522e-02 0.0000000e+00
  vertex -2.1695743e-02 -1.0261322e-02 0.0000000e+00
  vertex -2.1695743e-02 -1.0261322e-02 7.0000000e-02
 endloop
endfacet
facet normal 8.932243e-01 4.496113e-01 0.000000e+00
 outer loop
  vertex -2.1166110e-02 -1.1313522e-02 7.0000000e-02
  vertex -2.1166110e-02 -1.1313522e-02 0.0000000e+00
  vertex -2.1695743e-02 -1.0261322e-02 7.0000000e-02
 endloop
endfacet
facet normal 8.700870e-01 4.928982e-01 0.000000e+00
 outer loop
  vertex -2.0585487e-02 -1.2338466e-02 0.0000000e+00
  vertex -2.1166110e-02 -1.1313522e-02 0.0000000e+00
  vertex -2.1166110e-02 -1.1313522e-02 7.0000000e-02
 endloop
endfacet
facet normal 8.700870e-01 4.928982e-01 0.000000e+00
 outer loop
  vertex -2.0585487e-02 -1.2338466e-02 7.0000000e-02
  vertex -2.0585487e-02 -1.2338466e-02 0.0000000e+00
  vertex -2.1166110e-02 -1.1313522e-02 7.0000000e-02
 endloop
endfacet
facet normal 8.448536e-01 5.349976e-01 0.000000e+00
 outer loop
  vertex -1.9955271e-02 -1.3333686e-02 0.0000000e+00
  vertex -2.0585487e-02 -1.2338466e-02 0.0000000e+00
  vertex -2.0585487e-02 -1.2338466e-02 7.0000000e-02
 endloop
endfacet
facet normal 8.448536e-01 5.349976e-01 0.000000e+00
 outer loop
  vertex -1.9955271e-02 -1.3333686e-02 7.0000000e-02
  vertex -1.9955271e-02 -1.3333686e-02 0.0000000e+00
  vertex -2.0585487e-02 -1.2338466e-02 7.0000000e-02
 endloop
endfacet
facet normal 8.175848e-01 5.758082e-01 0.000000e+00
 outer loop
  vertex -1.9276981e-02 -1.4296783e-02 0.0000000e+00
  vertex -1.9955271e-02 -1.3333686e-02 0.0000000e+00
  vertex -1.9955271e-02 -1.3333686e-02 7.0000000e-02
 endloop
endfacet
facet normal 8.175848e-01 5.758082e-01 0.000000e+00
 outer loop
  vertex -1.9276981e-02 -1.4296783e-02 7.0000000e-02
  vertex -1.9276981e-02 -1.4296783e-02 0.0000000e+00
  vertex -1.9955271e-02 -1.3333686e-02 7.0000000e-02
 endloop
endfacet
facet normal 7.883464e-01 6.152316e-01 0.000000e+00
 outer loop
  vertex -1.8552251e-02 -1.5225439e-02 0.0000000e+00
  vertex -1.9276981e-02 -1.4296783e-02 0.0000000e+00
  vertex -1.9276981e-02 -1.4296783e-02 7.0000000e-02
 endloop
endfacet
facet normal 7.883464e-01 6.152316e-01 0.000000e+00
 outer loop
  vertex -1.8552251e-02 -1.5225439e-02 7.0000000e-02
  vertex -1.8552251e-02 -1.5225439e-02 0.0000000e+00
  vertex -1.9276981e-02 -1.4296783e-02 7.0000000e-02
 endloop
endfacet
facet normal 7.572088e-01 6.531728e-01 0.000000e+00
 outer loop
  vertex -1.7782827e-02 -1.6117415e-02 0.0000000e+00
  vertex -1.8552251e-02 -1.5225439e-02 0.0000000e+00
  vertex -1.8552251e-02 -1.5225439e-02 7.0000000e-02
 endloop
endfacet
facet normal 7.572088e-01 6.531728e-01 0.000000e+00
 outer loop
  vertex -1.7782827e-02 -1.6117415e-02 7.0000000e-02
  vertex -1.7782827e-02 -1.6117415e-02 0.0000000e+00
  vertex -1.8552251e-02 -1.5225439e-02 7.0000000e-02
 endloop
endfacet
facet normal 7.242471e-01 6.895405e-01 0.000000e+00
 outer loop
  vertex -1.6970563e-02 -1.6970563e-02 0.0000000e+00
  vertex -1.7782827e-02 -1.6117415e-02 0.0000000e+00
  vertex -1.7782827e-02 -1.6117415e-02 7.0000000e-02
 endloop
endfacet
facet normal 7.242471e-01 6.895405e-01 0.000000e+00
 outer loop
  vertex -1.6970563e-02 -1.6970563e-02 7.0000000e-02
  vertex -1.6970563e-02 -1.6970563e-02 0.0000000e+00
  vertex -1.7782827e-02 -1.6117415e-02 7.0000000e-02
 endloop
endfacet
facet normal 6.895405e-01 7.242471e-01 0.000000e+00
 outer loop
  vertex -1.6117415e-02 -1.7782827e-02 0.0000000e+00
  vertex -1.6970563e-02 -1.6970563e-02 0.0000000e+00
  vertex -1.6970563e-02 -1.6970563e-02 7.0000000e-02
 endloop
endfacet
facet normal 6.895405e-01 7.242471e-01 0.000000e+00
 outer loop
  vertex -1.6117415e-02 -1.7782827e-02 7.0000000e-02
  vertex -1.6117415e-02 -1.7782827e-02 0.0000000e+00
  vertex -1.6970563e-02 -1.6970563e-02 7.0000000e-02
 endloop
endfacet
facet normal 6.531728e-01 7.572088e-01 0.000000e+00
 outer loop
  vertex -1.5225439e-02 -1.8552251e-02 0.0000000e+00
  vertex -1.6117415e-02 -1.7782827e-02 0.0000000e+00
  vertex -1.6117415e-02 -1.7782827e-02 7.0000000e-02
 endloop
endfacet
facet normal 6.531728e-01 7.572088e-01 0.000000e+00
 outer loop
  vertex -1.5225439e-02 -1.8552251e-02 7.0000000e-02
  vertex -1.5225439e-02 -1.8552251e-02 0.0000000e+00
  vertex -1.6117415e-02 -1.7782827e-02 7.0000000e-02
 endloop
endfacet
facet normal 6.152316e-01 7.883464e-01 0.000000e+00
 outer loop
  vertex -1.4296783e-02 -1.9276981e-02 0.0000000e+00
  vertex -1.5225439e-02 -1.8552251e-02 0.0000000e+00
  vertex -1.5225439e-02 -1.8552251e-02 7.0000000e-02
 endloop
endfacet
facet normal 6.152316e-01 7.883464e-01 0.000000e+00
 outer loop
  vertex -1.4296783e-02 -1.9276981e-02 7.0000000e-02
  vertex -1.4296783e-02 -1.9276981e-02 0.0000000e+00
  vertex -1.5225439e-02 -1.8552251e-02 7.0000000e-02
 endloop
endfacet
facet normal 5.758082e-01 8.175848e-01 0.000000e+00
 outer loop
  vertex -1.3333686e-02 -1.9955271e-02 0.0000000e+00
  vertex -1.4296783e-02 -1.9276981e-02 0.0000000e+00
  vertex -1.4296783e-02 -1.9276981e-02 7.0000000e-02
 endloop
endfacet
facet normal 5.758082e-01 8.175848e-01 0.000000e+00
 outer loop
  vertex -1.3333686e-02 -1.9955271e-02 7.0000000e-02
  vertex -1.3333686e-02 -1.9955271e-02 0.0000000e+00
  vertex -1.4296783e-02 -1.9276981e-02 7.0000000e-02
 endloop
endfacet
facet normal 5.349976e-01 8.448536e-01 0.000000e+00
 outer loop
  vertex -1.2338466e-02 -2.0585487e-02 0.0000000e+00
  vertex -1.3333686e-02 -1.9955271e-02 0.0000000e+00
  vertex -1.3333686e-02 -1.9955271e-02 7.0000000e-02
 endloop
endfacet
facet normal 5.349976e-01 8.448536e-01 0.000000e+00
 outer loop
  vertex -1.2338466e-02 -2.0585487e-02 7.0000000e-02
  vertex -1.2338466e-02 -2.0585487e-02 0.0000000e+00
  vertex -1.3333686e-02 -1.9955271e-02 7.0000000e-02
 endloop
endfacet
facet normal 4.928982e-01 8.700870e-01 0.000000e+00
 outer loop
  vertex -1.1313522e-02 -2.1166110e-02 0.0000000e+00
  vertex -1.2338466e-02 -2.0585487e-02 0.0000000e+00
  vertex -1.2338466e-02 -2.0585487e-02 7.0000000e-02
 endloop
endfacet
facet normal 4.928982e-01 8.700870e-01 0.000000e+00
 outer loop
  vertex -1.1313522e-02 -2.1166110e-02 7.0000000e-02
  vertex -1.1313522e-02 -2.1166110e-02 0.0000000e+00
  vertex -1.2338466e-02 -2.0585487e-02 7.0000000e-02
 endloop
endfacet
facet normal 4.496113e-01 8.932243e-01 0.000000e+00
 outer loop
  vertex -1.0261322e-02 -2.1695743e-02 0.0000000e+00
  vertex -1.1313522e-02 -2.1166110e-02 0.0000000e+00
  vertex -1.1313522e-02 -2.1166110e-02 7.0000000e-02
 endloop
endfacet
facet normal 4.496113e-01 8.932243e-01 0.000000e+00
 outer loop
  vertex -1.0261322e-02 -2.1695743e-02 7.0000000e-02
  vertex -1.0261322e-02 -2.1695743e-02 0.0000000e+00
  vertex -1.1313522e-02 -2.1166110e-02 7.0000000e-02
 endloop
endfacet
facet normal 4.052413e-01 9.142098e-01 0.000000e+00
 outer loop
  vertex -9.1844024e-03 -2.2173109e-02 0.0000000e+00
  vertex -1.0261322e-02 -2.1695743e-02 0.0000000e+00
  vertex -1.0261322e-02 -2.1695743e-02 7.0000000e-02
 endloop
endfacet
facet normal 4.052413e-01 9.142098e-01 0.000000e+00
 outer loop
  vertex -9.1844024e-03 -2.2173109e-02 7.0000000e-02
  vertex -9.1844024e-03 -2.2173109e-02 0.0000000e+00
  vertex -1.0261322e-02 -2.1695743e-02 7.0000000e-02
 endloop
endfacet
facet normal 3.598950e-01 9.329928e-01 0.000000e+00
 outer loop
  vertex -8.0853565e-03 -2.2597058e-02 0.0000000e+00
  vertex -9.1844024e-03 -2.2173109e-02 0.0000000e+00
  vertex -9.1844024e-03 -2.2173109e-02 7.0000000e-02
 endloop
endfacet
facet normal 3.598950e-01 9.329928e-01 0.000000e+00
 outer loop
  vertex -8.0853565e-03 -2.2597058e-02 7.0000000e-02
  vertex -8.0853565e-03 -2.2597058e-02 0.0000000e+00
  vertex -9.1844024e-03 -2.2173109e-02 7.0000000e-02
 endloop
endfacet
facet normal 3.136817e-01 9.495282e-01 0.000000e+00
 outer loop
  vertex -6.9668323e-03 -2.2966568e-02 0.0000000e+00
  vertex -8.0853565e-03 -2.2597058e-02 0.0000000e+00
  vertex -8.0853565e-03 -2.2597058e-02 7.0000000e-02
 endloop
endfacet
facet normal 3.136817e-01 9.495282e-01 0.000000e+00
 outer loop
  vertex -6.9668323e-03 -2.2966568e-02 7.0000000e-02
  vertex -6.9668323e-03 -2.2966568e-02 0.0000000e+00
  vertex -8.0853565e-03 -2.2597058e-02 7.0000000e-02
 endloop
endfacet
facet normal 2.667128e-01 9.637761e-01 0.000000e+00
 outer loop
  vertex -5.8315243e-03 -2.3280750e-02 0.0000000e+00
  vertex -6.9668323e-03 -2.2966568e-02 0.0000000e+00
  vertex -6.9668323e-03 -2.2966568e-02 7.0000000e-02
 endloop
endfacet
facet normal 2.667128e-01 9.637761e-01 0.000000e+00
 outer loop
  vertex -5.8315243e-03 -2.3280750e-02 7.0000000e-02
  vertex -5.8315243e-03 -2.3280750e-02 0.0000000e+00
  vertex -6.9668323e-03 -2.2966568e-02 7.0000000e-02
 endloop
endfacet
facet normal 2.191012e-01 9.757021e-01 0.000000e+00
 outer loop
  vertex -4.6821677e-03 -2.3538847e-02 0.0000000e+00
  vertex -5.8315243e-03 -2.3280750e-02 0.0000000e+00
  vertex -5.8315243e-03 -2.3280750e-02 7.0000000e-02
 endloop
endfacet
facet normal 2.191012e-01 9.757021e-01 0.000000e+00
 outer loop
  vertex -4.6821677e-03 -2.3538847e-02 7.0000000e-02
  vertex -4.6821677e-03 -2.3538847e-02 0.0000000e+00
  vertex -5.8315243e-03 -2.3280750e-02 7.0000000e-02
 endloop
endfacet
facet normal 1.709619e-01 9.852776e-01 0.000000e+00
 outer loop
  vertex -3.5215314e-03 -2.3740236e-02 0.0000000e+00
  vertex -4.6821677e-03 -2.3538847e-02 0.0000000e+00
  vertex -4.6821677e-03 -2.3538847e-02 7.0000000e-02
 endloop
endfacet
facet normal 1.709619e-01 9.852776e-01 0.000000e+00
 outer loop
  vertex -3.5215314e-03 -2.3740236e-02 7.0000000e-02
  vertex -3.5215314e-03 -2.3740236e-02 0.0000000e+00
  vertex -4.6821677e-03 -2.3538847e-02 7.0000000e-02
 endloop
endfacet
facet normal 1.224107e-01 9.924795e-01 0.000000e+00
 outer loop
  vertex -2.3524114e-03 -2.3884433e-02 0.0000000e+00
  vertex -3.5215314e-03 -2.3740236e-02 0.0000000e+00
  vertex -3.5215314e-03 -2.3740236e-02 7.0000000e-02
 endloop
endfacet
facet normal 1.224107e-01 9.924795e-01 0.000000e+00
 outer loop
  vertex -2.3524114e-03 -2.3884433e-02 7.0000000e-02
  vertex -2.3524114e-03 -2.3884433e-02 0.0000000e+00
  vertex -3.5215314e-03 -2.3740236e-02 7.0000000e-02
 endloop
endfacet
facet normal 7.356456e-02 9.972905e-01 0.000000e+00
 outer loop
  vertex -1.1776242e-03 -2.3971091e-02 0.0000000e+00
  vertex -2.3524114e-03 -2.3884433e-02 0.0000000e+00
  vertex -2.3524114e-03 -2.3884433e-02 7.0000000e-02
 endloop
endfacet
facet normal 7.356456e-02 9.972905e-01 0.000000e+00
 outer loop
  vertex -1.1776242e-03 -2.3971091e-02 7.0000000e-02
  vertex -1.1776242e-03 -2.3971091e-02 0.0000000e+00
  vertex -2.3524114e-03 -2.3884433e-02 7.0000000e-02
 endloop
endfacet
facet normal 2.454123e-02 9.996988e-01 0.000000e+00
 outer loop
  vertex -4.4087285e-18 -2.4000000e-02 0.0000000e+00
  vertex -1.1776242e-03 -2.3971091e-02 0.0000000e+00
  vertex -1.1776242e-03 -2.3971091e-02 7.0000000e-02
 endloop
endfacet
facet normal 2.454123e-02 9.996988e-01 0.000000e+00
 outer loop
  vertex -4.4087285e-18 -2.4000000e-02 7.0000000e-02
  vertex -4.4087285e-18 -2.4000000e-02 0.0000000e+00
  vertex -1.1776242e-03 -2.3971091e-02 7.0000000e-02
 endloop
endfacet
facet normal -2.454123e-02 9.996988e-01 0.000000e+00
 outer loop
  vertex 1.1776242e-03 -2.3971091e-02 0.0000000e+00
  vertex -4.4087285e-18 -2.4000000e-02 0.0000000e+00
  vertex -4.4087285e-18 -2.4000000e-02 7.0000000e-02
 endloop
endfacet
facet normal -2.454123e-02 9.996988e-01 0.000000e+00
 outer loop
  vertex 1.1776242e-03 -2.3971091e-02 7.0000000e-02
  vertex 1.1776242e-03 -2.3971091e-02 0.0000000e+00
  vertex -4.4087285e-18 -2.4000000e-02 7.0000000e-02
 endloop
endfacet
facet normal -7.356456e-02 9.972905e-01 0.000000e+00
 outer loop
  vertex 2.3524114e-03 -2.3884433e-02 0.0000000e+00
  vertex 1.1776242e-03 -2.3971091e-02 0.0000000e+00
  vertex 1.1776242e-03 -2.3971091e-02 7.0000000e-02
 endloop
endfacet
facet normal -7.356456e-02 9.972905e-01 0.000000e+00
 outer loop
  vertex 2.3524114e-03 -2.3884433e-02 7.0000000e-02
  vertex 2.3524114e-03 -2.3884433e-02 0.0000000e+00
  vertex 1.1776242e-03 -2.3971091e-02 7.0000000e-02
 endloop
endfacet
facet normal -1.224107e-01 9.924795e-01 0.000000e+00
 outer loop
  vertex 3.5215314e-03 -2.3740236e-02 0.0000000e+00
  vertex 2.3524114e-03 -2.3884433e-02 0.0000000e+00
  vertex 2.3524114e-03 -2.3884433e-02 7.0000000e-02
 endloop
endfacet
facet normal -1.224107e-01 9.924795e-01 0.000000e+00
 outer loop
  vertex 3.5215314e-03 -2.3740236e-02 7.0000000e-02
  vertex 3.5215314e-03 -2.3740236e-02 0.0000000e+00
  vertex 2.3524114e-03 -2.3884433e-02 7.0000000e-02
 endloop
endfacet
facet normal -1.709619e-01 9.852776e-01 0.000000e+00
 outer loop
  vertex 4.6821677e-03 -2.3538847e-02 0.0000000e+00
  vertex 3.5215314e-03 -2.3740236e-02 0.0000000e+00
  vertex 3.5215314e-03 -2.3740236e-02 7.0000000e-02
 endloop
endfacet
facet normal -1.709619e-01 9.852776e-01 0.000000e+00
 outer loop
  vertex 4.6821677e-03 -2.3538847e-02 7.0000000e-02
  vertex 4.6821677e-03 -2.3538847e-02 0.0000000e+00
  vertex 3.5215314e-03 -2.3740236e-02 7.0000000e-02
 endloop
endfacet
facet normal -2.191012e-01 9.757021e-01 0.000000e+00
 outer loop
  vertex 5.8315243e-03 -2.3280750e-02 0.0000000e+00
  vertex 4.6821677e-03 -2.3538847e-02 0.0000000e+00
  vertex 4.6821677e-03 -2.3538847e-02 7.0000000e-02
 endloop
endfacet
facet normal -2.191012e-01 9.757021e-01 0.000000e+00
 outer loop
  vertex 5.8315243e-03 -2.3280750e-02 7.0000000e-02
  vertex 5.8315243e-03 -2.3280750e-02 0.0000000e+00
  vertex 4.6821677e-03 -2.3538847e-02 7.0000000e-02
 endloop
endfacet
facet normal -2.667128e-01 9.637761e-01 0.000000e+00
 outer loop
  vertex 6.9668323e-03 -2.2966568e-02 0.0000000e+00
  vertex 5.8315243e-03 -2.3280750e-02 0.0000000e+00
  vertex 5.8315243e-03 -2.3280750e-02 7.0000000e-02
 endloop
endfacet
facet normal -2.667128e-01 9.637761e-01 0.000000e+00
 outer loop
  vertex 6.9668323e-03 -2.2966568e-02 7.0000000e-02
  vertex 6.9668323e-03 -2.2966568e-02 0.0000000e+00
  vertex 5.8315243e-03 -2.3280750e-02 7.0000000e-02
 endloop
endfacet
facet normal -3.136817e-01 9.495282e-01 0.000000e+00
 outer loop
  vertex 8.0853565e-03 -2.2597058e-02 0.0000000e+00
  vertex 6.9668323e-03 -2.2966568e-02 0.0000000e+00
  vertex 6.9668323e-03 -2.2966568e-02 7.0000000e-02
 endloop
endfacet
facet normal -3.136817e-01 9.495282e-01 0.000000e+00
 outer loop
  vertex 8.0853565e-03 -2.2597058e-02 7.0000000e-02
  vertex 8.0853565e-03 -2.2597058e-02 0.0000000e+00
  vertex 6.9668323e-03 -2.2966568e-02 7.0000000e-02
 endloop
endfacet
facet normal -3.598950e-01 9.329928e-01 0.000000e+00
 outer loop
  vertex 9.1844024e-03 -2.2173109e-02 0.0000000e+00
  vertex 8.0853565e-03 -2.2597058e-02 0.0000000e+00
  vertex 8.0853565e-03 -2.2597058e-02 7.0000000e-02
 endloop
endfacet
facet normal -3.598950e-01 9.329928e-01 0.000000e+00
 outer loop
  vertex 9.1844024e-03 -2.2173109e-02 7.0000000e-02
  vertex 9.1844024e-03 -2.2173109e-02 0.0000000e+00
  vertex 8.0853565e-03 -2.2597058e-02 7.0000000e-02
 endloop
endfacet
facet normal -4.052413e-01 9.142098e-01 0.000000e+00
 outer loop
  vertex 1.0261322e-02 -2.1695743e-02 0.0000000e+00
  vertex 9.1844024e-03 -2.2173109e-02 0.0000000e+00
  vertex 9.1844024e-03 -2.2173109e-02 7.0000000e-02
 endloop
endfacet
facet normal -4.052413e-01 9.142098e-01 0.000000e+00
 outer loop
  vertex 1.0261322e-02 -2.1695743e-02 7.0000000e-02
  vertex 1.0261322e-02 -2.1695743e-02 0.0000000e+00
  vertex 9.1844024e-03 -2.2173109e-02 7.0000000e-02
 endloop
endfacet
facet normal -4.496113e-01 8.932243e-01 0.000000e+00
 outer loop
  vertex 1.1313522e-02 -2.1166110e-02 0.0000000e+00
  vertex 1.0261322e-02 -2.1695743e-02 0.0000000e+00
  vertex 1.0261322e-02 -2.1695743e-02 7.0000000e-02
 endloop
endfacet
facet normal -4.496113e-01 8.932243e-01 0.000000e+00
 outer loop
  vertex 1.1313522e-02 -2.1166110e-02 7.0000000e-02
  vertex 1.1313522e-02 -2.1166110e-02 0.0000000e+00
  vertex 1.0261322e-02 -2.1695743e-02 7.0000000e-02
 endloop
endfacet
facet normal -4.928982e-01 8.700870e-01 0.000000e+00
 outer loop
  vertex 1.2338466e-02 -2.0585487e-02 0.0000000e+00
  vertex 1.1313522e-02 -2.1166110e-02 0.0000000e+00
  vertex 1.1313522e-02 -2.1166110e-02 7.0000000e-02
 endloop
endfacet
facet normal -4.928982e-01 8.700870e-01 0.000000e+00
 outer loop
  vertex 1.2338466e-02 -2.0585487e-02 7.0000000e-02
  vertex 1.2338466e-02 -2.0585487e-02 0.0000000e+00
  vertex 1.1313522e-02 -2.1166110e-02 7.0000000e-02
 endloop
endfacet
facet normal -5.349976e-01 8.448536e-01 0.000000e+00
 outer loop
  vertex 1.3333686e-02 -1.9955271e-02 0.0000000e+00
  vertex 1.2338466e-02 -2.0585487e-02 0.0000000e+00
  vertex 1.2338466e-02 -2.0585487e-02 7.0000000e-02
 endloop
endfacet
facet normal -5.349976e-01 8.448536e-01 0.000000e+00
 outer loop
  vertex 1.3333686e-02 -1.9955271e-02 7.0000000e-02
  vertex 1.3333686e-02 -1.9955271e-02 0.0000000e+00
  vertex 1.2338466e-02 -2.0585487e-02 7.0000000e-02
 endloop
endfacet
facet normal -5.758082e-01 8.175848e-01 0.000000e+00
 outer loop
  vertex 1.4296783e-02 -1.9276981e-02 0.0000000e+00
  vertex 1.3333686e-02 -1.9955271e-02 0.0000000e+00
  vertex 1.3333686e-02 -1.9955271e-02 7.0000000e-02
 endloop
endfacet
facet normal -5.758082e-01 8.175848e-01 0.000000e+00
 outer loop
  vertex 1.4296783e-02 -1.9276981e-02 7.0000000e-02
  vertex 1.4296783e-02 -1.9276981e-02 0.0000000e+00
  vertex 1.3333686e-02 -1.9955271e-02 7.0000000e-02
 endloop
endfacet
facet normal -6.152316e-01 7.883464e-01 0.000000e+00
 outer loop
  vertex 1.5225439e-02 -1.8552251e-02 0.0000000e+00
  vertex 1.4296783e-02 -1.9276981e-02 0.0000000e+00
  vertex 1.4296783e-02 -1.9276981e-02 7.0000000e-02
 endloop
endfacet
facet normal -6.152316e-01 7.883464e-01 0.000000e+00
 outer loop
  vertex 1.5225439e-02 -1.8552251e-02 7.0000000e-02
  vertex 1.5225439e-02 -1.8552251e-02 0.0000000e+00
  vertex 1.4296783e-02 -1.9276981e-02 7.0000000e-02
 endloop
endfacet
facet normal -6.531728e-01 7.572088e-01 0.000000e+00
 outer loop
  vertex 1.6117415e-02 -1.7782827e-02 0.0000000e+00
  vertex 1.5225439e-02 -1.8552251e-02 0.0000000e+00
  vertex 1.5225439e-02 -1.8552251e-02 7.0000000e-02
 endloop
endfacet
facet normal -6.531728e-01 7.572088e-01 0.000000e+00
 outer loop
  vertex 1.6117415e-02 -1.7782827e-02 7.0000000e-02
  vertex 1.6117415e-02 -1.7782827e-02 0.0000000e+00
  vertex 1.5225439e-02 -1.8552251e-02 7.0000000e-02
 endloop
endfacet
facet normal -6.895405e-01 7.242471e-01 0.000000e+00
 outer loop
  vertex 1.6970563e-02 -1.6970563e-02 0.0000000e+00
  vertex 1.6117415e-02 -1.7782827e-02 0.0000000e+00
  vertex 1.6117415e-02 -1.7782827e-02 7.0000000e-02
 endloop
endfacet
facet normal -6.895405e-01 7.242471e-01 0.000000e+00
 outer loop
  vertex 1.6970563e-02 -1.6970563e-02 7.0000000e-02
  vertex 1.6970563e-02 -1.6970563e-02 0.0000000e+00
  vertex 1.6117415e-02 -1.7782827e-02 7.0000000e-02
 endloop
endfacet
facet normal -7.242471e-01 6.895405e-01 0.000000e+00
 outer loop
  vertex 1.7782827e-02 -1.6117415e-02 0.0000000e+00
  vertex 1.6970563e-02 -1.6970563e-02 0.0000000e+00
  vertex 1.6970563e-02 -1.6970563e-02 7.0000000e-02
 endloop
endfacet
facet normal -7.242471e-01 6.895405e-01 0.000000e+00
 outer loop
  vertex 1.7782827e-02 -1.6117415e-02 7.0000000e-02
  vertex 1.7782827e-02 -1.6117415e-02 0.0000000e+00
  vertex 1.6970563e-02 -1.6970563e-02 7.0000000e-02
 endloop
endfacet
facet normal -7.572088e-01 6.531728e-01 0.000000e+00
 outer loop
  vertex 1.8552251e-02 -1.5225439e-02 0.0000000e+00
  vertex 1.7782827e-02 -1.6117415e-02 0.0000000e+00
  vertex 1.7782827e-02 -1.6117415e-02 7.0000000e-02
 endloop
endfacet
facet normal -7.572088e-01 6.531728e-01 0.000000e+00
 outer loop
  vertex 1.8552251e-02 -1.5225439e-02 7.0000000e-02
  vertex 1.8552251e-02 -1.5225439e-02 0.0000000e+00
  vertex 1.7782827e-02 -1.6117415e-02 7.0000000e-02
 endloop
endfacet
facet normal -7.883464e-01 6.152316e-01 0.000000e+00
 outer loop
  vertex 1.9276981e-02 -1.4296783e-02 0.0000000e+00
  vertex 1.8552251e-02 -1.5225439e-02 0.0000000e+00
  vertex 1.8552251e-02 -1.5225439e-02 7.0000000e-02
 endloop
endfacet
facet normal -7.883464e-01 6.152316e-01 0.000000e+00
 outer loop
  vertex 1.9276981e-02 -1.4296783e-02 7.0000000e-02
  vertex 1.9276981e-02 -1.4296783e-02 0.0000000e+00
  vertex 1.8552251e-02 -1.5225439e-02 7.0000000e-02
 endloop
endfacet
facet normal -8.175848e-01 5.758082e-01 0.000000e+00
 outer loop
  vertex 1.9955271e-02 -1.3333686e-02 0.0000000e+00
  vertex 1.9276981e-02 -1.4296783e-02 0.0000000e+00
  vertex 1.9276981e-02 -1.4296783e-02 7.0000000e-02
 endloop
endfacet
facet normal -8.175848e-01 5.758082e-01 0.000000e+00
 outer loop
  vertex 1.9955271e-02 -1.3333686e-02 7.0000000e-02
  vertex 1.9955271e-02 -1.3333686e-02 0.0000000e+00
  vertex 1.9276981e-02 -1.4296783e-02 7.0000000e-02
 endloop
endfacet
facet normal -8.448536e-01 5.349976e-01 0.000000e+00
 outer loop
  vertex 2.0585487e-02 -1.2338466e-02 0.0000000e+00
  vertex 1.9955271e-02 -1.3333686e-02 0.0000000e+00
  vertex 1.9955271e-02 -1.3333686e-02 7.0000000e-02
 endloop
endfacet
facet normal -8.448536e-01 5.349976e-01 0.000000e+00
 outer loop
  vertex 2.0585487e-02 -1.2338466e-02 7.0000000e-02
  vertex 2.0585487e-02 -1.2338466e-02 0.0000000e+00
  vertex 1.9955271e-02 -1.3333686e-02 7.0000000e-02
 endloop
endfacet
facet normal -8.700870e-01 4.928982e-01 0.000000e+00
 outer loop
  vertex 2.1166110e-02 -1.1313522e-02 0.0000000e+00
  vertex 2.0585487e-02 -1.2338466e-02 0.0000000e+00
  vertex 2.0585487e-02 -1.2338466e-02 7.0000000e-02
 endloop
endfacet
facet normal -8.700870e-01 4.928982e-01 0.000000e+00
 outer loop
  vertex 2.1166110e-02 -1.1313522e-02 7.0000000e-02
  vertex 2.1166110e-02 -1.1313522e-02 0.0000000e+00
  vertex 2.0585487e-02 -1.2338466e-02 7.0000000e-02
 endloop
endfacet
facet normal -8.932243e-01 4.496113e-01 0.000000e+00
 outer loop
  vertex 2.1695743e-02 -1.0261322e-02 0.0000000e+00
  vertex 2.1166110e-02 -1.1313522e-02 0.0000000e+00
  vertex 2.1166110e-02 -1.1313522e-02 7.0000000e-02
 endloop
endfacet
facet normal -8.932243e-01 4.496113e-01 0.000000e+00
 outer loop
  vertex 2.1695743e-02 -1.0261322e-02 7.0000000e-02
  vertex 2.1695743e-02 -1.0261322e-02 0.0000000e+00
  vertex 2.1166110e-02 -1.1313522e-02 7.0000000e-02
 endloop
endfacet
facet normal -9.142098e-01 4.052413e-01 0.000000e+00
 outer loop
  vertex 2.2173109e-02 -9.1844024e-03 0.0000000e+00
  vertex 2.1695743e-02 -1.0261322e-02 0.0000000e+00
  vertex 2.1695743e-02 -1.0261322e-02 7.0000000e-02
 endloop
endfacet
facet normal -9.142098e-01 4.052413e-01 0.000000e+00
 outer loop
  vertex 2.2173109e-02 -9.1844024e-03 7.0000000e-02
  vertex 2.2173109e-02 -9.1844024e-03 0.0000000e+00
  vertex 2.1695743e-02 -1.0261322e-02 7.0000000e-02
 endloop
endfacet
facet normal -9.329928e-01 3.598950e-01 0.000000e+00
 outer loop
  vertex 2.2597058e-02 -8.0853565e-03 0.0000000e+00
  vertex 2.2173109e-02 -9.1844024e-03 0.0000000e+00
  vertex 2.2173109e-02 -9.1844024e-03 7.0000000e-02
 endloop
endfacet
facet normal -9.329928e-01 3.598950e-01 0.000000e+00
 outer loop
  vertex 2.2597058e-02 -8.0853565e-03 7.0000000e-02
  vertex 2.2597058e-02 -8.0853565e-03 0.0000000e+00
  vertex 2.2173109e-02 -9.1844024e-03 7.0000000e-02
 endloop
endfacet
facet normal -9.495282e-01 3.136817e-01 0.000000e+00
 outer loop
  vertex 2.2966568e-02 -6.9668323e-03 0.0000000e+00
  vertex 2.2597058e-02 -8.0853565e-03 0.0000000e+00
  vertex 2.2597058e-02 -8.0853565e-03 7.0000000e-02
 endloop
endfacet
facet normal -9.495282e-01 3.136817e-01 0.000000e+00
 outer loop
  vertex 2.2966568e-02 -6.9668323e-03 7.0000000e-02
  vertex 2.2966568e-02 -6.9668323e-03 0.0000000e+00
  vertex 2.2597058e-02 -8.0853565e-03 7.0000000e-02
 endloop
endfacet
facet normal -9.637761e-01 2.667128e-01 0.000000e+00
 outer loop
  vertex 2.3280750e-02 -5.8315243e-03 0.0000000e+00
  vertex 2.2966568e-02 -6.9668323e-03 0.0000000e+00
  vertex 2.2966568e-02 -6.9668323e-03 7.0000000e-02
 endloop
endfacet
facet normal -9.637761e-01 2.667128e-01 0.000000e+00
 outer loop
  vertex 2.3280750e-02 -5.8315243e-03 7.0000000e-02
  vertex 2.3280750e-02 -5.8315243e-03 0.0000000e+00
  vertex 2.2966568e-02 -6.9668323e-03 7.0000000e-02
 endloop
endfacet
facet normal -9.757021e-01 2.191012e-01 0.000000e+00
 outer loop
  vertex 2.3538847e-02 -4.6821677e-03 0.0000000e+00
  vertex 2.3280750e-02 -5.8315243e-03 0.0000000e+00
  vertex 2.3280750e-02 -5.8315243e-03 7.0000000e-02
 endloop
endfacet
facet normal -9.757021e-01 2.191012e-01 0.000000e+00
 outer loop
  vertex 2.3538847e-02 -4.6821677e-03 7.0000000e-02
  vertex 2.3538847e-02 -4.6821677e-03 0.0000000e+00
  vertex 2.3280750e-02 -5.8315243e-03 7.0000000e-02
 endloop
endfacet
facet normal -9.852776e-01 1.709619e-01 0.000000e+00
 outer loop
  vertex 2.3740236e-02 -3.5215314e-03 0.0000000e+00
  vertex 2.3538847e-02 -4.6821677e-03 0.0000000e+00
  vertex 2.3538847e-02 -4.6821677e-03 7.0000000e-02
 endloop
endfacet
facet normal -9.852776e-01 1.709619e-01 0.000000e+00
 outer loop
  vertex 2.3740236e-02 -3.5215314e-03 7.0000000e-02
  vertex 2.3740236e-02 -3.5215314e-03 0.0000000e+00
  vertex 2.3538847e-02 -4.6821677e-03 7.0000000e-02
 endloop
endfacet
facet normal -9.924795e-01 1.224107e-01 0.000000e+00
 outer loop
  vertex 2.3884433e-02 -2.3524114e-03 0.0000000e+00
  vertex 2.3740236e-02 -3.5215314e-03 0.0000000e+00
  vertex 2.3740236e-02 -3.5215314e-03 7.0000000e-02
 endloop
endfacet
facet normal -9.924795e-01 1.224107e-01 0.000000e+00
 outer loop
  vertex 2.3884433e-02 -2.3524114e-03 7.0000000e-02
  vertex 2.3884433e-02 -2.3524114e-03 0.0000000e+00
  vertex 2.3740236e-02 -3.5215314e-03 7.0000000e-02
 endloop
endfacet
facet normal -9.972905e-01 7.356456e-02 0.000000e+00
 outer loop
  vertex 2.3971091e-02 -1.1776242e-03 0.0000000e+00
  vertex 2.3884433e-02 -2.3524114e-03 0.0000000e+00
  vertex 2.3884433e-02 -2.3524114e-03 7.0000000e-02
 endloop
endfacet
facet normal -9.972905e-01 7.356456e-02 0.000000e+00
 outer loop
  vertex 2.3971091e-02 -1.1776242e-03 7.0000000e-02
  vertex 2.3971091e-02 -1.1776242e-03 0.0000000e+00
  vertex 2.3884433e-02 -2.3524114e-03 7.0000000e-02
 endloop
endfacet
facet normal -9.996988e-01 2.454123e-02 0.000000e+00
 outer loop
  vertex 2.4000000e-02 0.0000000e+00 0.0000000e+00
  vertex 2.3971091e-02 -1.1776242e-03 0.0000000e+00
  vertex 2.3971091e-02 -1.1776242e-03 7.0000000e-02
 endloop
endfacet
facet normal -9.996988e-01 2.454123e-02 0.000000e+00
 outer loop
  vertex 2.4000000e-02 0.0000000e+00 7.0000000e-02
  vertex 2.4000000e-02 0.0000000e+00 0.0000000e+00
  vertex 2.3971091e-02 -1.1776242e-03 7.0000000e-02
 endloop
endfacet
endsolid cvwt_housing_cfd_r24
