solid cvwt_housing_cfd_r34
facet normal 0.000000e+00 -0.000000e+00 -1.000000e+00
 outer loop
  vertex 7.4909659e-02 3.6800756e-03 0.0000000e+00
  vertex 7.5000000e-02 0.0000000e+00 0.0000000e+00
  vertex 3.4000000e-02 0.0000000e+00 0.0000000e+00
 endloop
endfacet
facet normal 0.000000e+00 0.000000e+00 -1.000000e+00
 outer loop
  vertex 3.3959046e-02 1.6683009e-03 0.0000000e+00
  vertex 7.4909659e-02 3.6800756e-03 0.0000000e+00
  vertex 3.4000000e-02 0.0000000e+00 0.0000000e+00
 endloop
endfacet
facet normal 0.000000e+00 -0.000000e+00 -1.000000e+00
 outer loop
  vertex 7.4638855e-02 7.3512855e-03 0.0000000e+00
  vertex 7.4909659e-02 3.6800756e-03 0.0000000e+00
  vertex 3.3959046e-02 1.6683009e-03 0.0000000e+00
 endloop
endfacet
facet normal 0.000000e+00 0.000000e+00 -1.000000e+00
 outer loop
  vertex 3.3836281e-02 3.3325828e-03 0.0000000e+00
  vertex 7.4638855e-02 7.3512855e-03 0.0000000e+00
  vertex 3.3959046e-02 1.6683009e-03 0.0000000e+00
 endloop
endfacet
facet normal 0.000000e+00 -0.000000e+00 -1.000000e+00
 outer loop
  vertex 7.4188238e-02 1.1004786e-02 0.0000000e+00
  vertex 7.4638855e-02 7.3512855e-03 0.0000000e+00
  vertex 3.3836281e-02 3.3325828e-03 0.0000000e+00
 endloop
endfacet
facet normal 0.000000e+00 0.000000e+00 -1.000000e+00
 outer loop
  vertex 3.3632001e-02 4.9888361e-03 0.0000000e+00
  vertex 7.4188238e-02 1.1004786e-02 0.0000000e+00
  vertex 3.3836281e-02 3.3325828e-03 0.0000000e+00
 endloop
endfacet
facet normal 0.000000e+00 -0.000000e+00 -1.000000e+00
 outer loop
  vertex 7.3558896e-02 1.4631774e-02 0.0000000e+00
  vertex 7.4188238e-02 1.1004786e-02 0.0000000e+00
  vertex 3.3632001e-02 4.9888361e-03 0.0000000e+00
 endloop
endfacet
facet normal 0.000000e+00 0.000000e+00 -1.000000e+00
 outer loop
  vertex 3.3346700e-02 6.6330709e-03 0.0000000e+00
  vertex 7.3558896e-02 1.4631774e-02 0.0000000e+00
  vertex 3.3632001e-02 4.9888361e-03 0.0000000e+00
 endloop
endfacet
facet normal 0.000000e+00 -0.000000e+00 -1.000000e+00
 outer loop
  vertex 7.2752344e-02 1.8223513e-02 0.0000000e+00
  vertex 7.3558896e-02 1.4631774e-02 0.0000000e+00
  vertex 3.3346700e-02 6.6330709e-03 0.0000000e+00
 endloop
endfacet
facet normal 0.000000e+00 0.000000e+00 -1.000000e+00
 outer loop
  vertex 3.2981063e-02 8.2613261e-03 0.0000000e+00
  vertex 7.2752344e-02 1.8223513e-02 0.0000000e+00
  vertex 3.3346700e-02 6.6330709e-03 0.0000000e+00
 endloop
endfacet
facet normal 0.000000e+00 -0.000000e+00 -1.000000e+00
 outer loop
  vertex 7.1770525e-02 2.1771351e-02 0.0000000e+00
  vertex 7.2752344e-02 1.8223513e-02 0.0000000e+00
  vertex 3.2981063e-02 8.2613261e-03 0.0000000e+00
 endloop
endfacet
facet normal 0.000000e+00 0.000000e+00 -1.000000e+00
 outer loop
  vertex 3.2535971e-02 9.8696790e-03 0.0000000e+00
  vertex 7.1770525e-02 2.1771351e-02 0.0000000e+00
  vertex 3.2981063e-02 8.2613261e-03 0.0000000e+00
 endloop
endfacet
facet normal 0.000000e+00 -0.000000e+00 -1.000000e+00
 outer loop
  vertex 7.0615805e-02 2.5266739e-02 0.0000000e+00
  vertex 7.1770525e-02 2.1771351e-02 0.0000000e+00
  vertex 3.2535971e-02 9.8696790e-03 0.0000000e+00
 endloop
endfacet
facet normal 0.000000e+00 0.000000e+00 -1.000000e+00
 outer loop
  vertex 3.2012498e-02 1.1454255e-02 0.0000000e+00
  vertex 7.0615805e-02 2.5266739e-02 0.0000000e+00
  vertex 3.2535971e-02 9.8696790e-03 0.0000000e+00
 endloop
endfacet
facet normal 0.000000e+00 -0.000000e+00 -1.000000e+00
 outer loop
  vertex 6.9290965e-02 2.8701257e-02 0.0000000e+00
  vertex 7.0615805e-02 2.5266739e-02 0.0000000e+00
  vertex 3.2012498e-02 1.1454255e-02 0.0000000e+00
 endloop
endfacet
facet normal 0.000000e+00 0.000000e+00 -1.000000e+00
 outer loop
  vertex 3.1411904e-02 1.3011237e-02 0.0000000e+00
  vertex 6.9290965e-02 2.8701257e-02 0.0000000e+00
  vertex 3.2012498e-02 1.1454255e-02 0.0000000e+00
 endloop
endfacet
facet normal 0.000000e+00 -0.000000e+00 -1.000000e+00
 outer loop
  vertex 6.7799197e-02 3.2066632e-02 0.0000000e+00
  vertex 6.9290965e-02 2.8701257e-02 0.0000000e+00
  vertex 3.1411904e-02 1.3011237e-02 0.0000000e+00
 endloop
endfacet
facet normal 0.000000e+00 0.000000e+00 -1.000000e+00
 outer loop
  vertex 3.0735636e-02 1.4536873e-02 0.0000000e+00
  vertex 6.7799197e-02 3.2066632e-02 0.0000000e+00
  vertex 3.1411904e-02 1.3011237e-02 0.0000000e+00
 endloop
endfacet
facet normal 0.000000e+00 -0.000000e+00 -1.000000e+00
 outer loop
  vertex 6.6144095e-02 3.5354755e-02 0.0000000e+00
  vertex 6.7799197e-02 3.2066632e-02 0.0000000e+00
  vertex 3.0735636e-02 1.4536873e-02 0.0000000e+00
 endloop
endfacet
facet normal 0.000000e+00 0.000000e+00 -1.000000e+00
 outer loop
  vertex 2.9985323e-02 1.6027489e-02 0.0000000e+00
  vertex 6.6144095e-02 3.5354755e-02 0.0000000e+00
  vertex 3.0735636e-02 1.4536873e-02 0.0000000e+00
 endloop
endfacet
facet normal 0.000000e+00 -0.000000e+00 -1.000000e+00
 outer loop
  vertex 6.4329646e-02 3.8557706e-02 0.0000000e+00
  vertex 6.6144095e-02 3.5354755e-02 0.0000000e+00
  vertex 2.9985323e-02 1.6027489e-02 0.0000000e+00
 endloop
endfacet
facet normal 0.000000e+00 0.000000e+00 -1.000000e+00
 outer loop
  vertex 2.9162773e-02 1.7479493e-02 0.0000000e+00
  vertex 6.4329646e-02 3.8557706e-02 0.0000000e+00
  vertex 2.9985323e-02 1.6027489e-02 0.0000000e+00
 endloop
endfacet
facet normal 0.000000e+00 -0.000000e+00 -1.000000e+00
 outer loop
  vertex 6.2360221e-02 4.1667767e-02 0.0000000e+00
  vertex 6.4329646e-02 3.8557706e-02 0.0000000e+00
  vertex 2.9162773e-02 1.7479493e-02 0.0000000e+00
 endloop
endfacet
facet normal 0.000000e+00 0.000000e+00 -1.000000e+00
 outer loop
  vertex 2.8269967e-02 1.8889388e-02 0.0000000e+00
  vertex 6.2360221e-02 4.1667767e-02 0.0000000e+00
  vertex 2.9162773e-02 1.7479493e-02 0.0000000e+00
 endloop
endfacet
facet normal 0.000000e+00 -0.000000e+00 -1.000000e+00
 outer loop
  vertex 6.0240565e-02 4.4677448e-02 0.0000000e+00
  vertex 6.2360221e-02 4.1667767e-02 0.0000000e+00
  vertex 2.8269967e-02 1.8889388e-02 0.0000000e+00
 endloop
endfacet
facet normal 0.000000e+00 0.000000e+00 -1.000000e+00
 outer loop
  vertex 2.7309056e-02 2.0253776e-02 0.0000000e+00
  vertex 6.0240565e-02 4.4677448e-02 0.0000000e+00
  vertex 2.8269967e-02 1.8889388e-02 0.0000000e+00
 endloop
endfacet
facet normal 0.000000e+00 -0.000000e+00 -1.000000e+00
 outer loop
  vertex 5.7975784e-02 4.7579496e-02 0.0000000e+00
  vertex 6.0240565e-02 4.4677448e-02 0.0000000e+00
  vertex 2.7309056e-02 2.0253776e-02 0.0000000e+00
 endloop
endfacet
facet normal 0.000000e+00 0.000000e+00 -1.000000e+00
 outer loop
  vertex 2.6282355e-02 2.1569372e-02 0.0000000e+00
  vertex 5.7975784e-02 4.7579496e-02 0.0000000e+00
  vertex 2.7309056e-02 2.0253776e-02 0.0000000e+00
 endloop
endfacet
facet normal 0.000000e+00 -0.000000e+00 -1.000000e+00
 outer loop
  vertex 5.5571334e-02 5.0366922e-02 0.0000000e+00
  vertex 5.7975784e-02 4.7579496e-02 0.0000000e+00
  vertex 2.6282355e-02 2.1569372e-02 0.0000000e+00
 endloop
endfacet
facet normal 0.000000e+00 0.000000e+00 -1.000000e+00
 outer loop
  vertex 2.5192338e-02 2.2833004e-02 0.0000000e+00
  vertex 5.5571334e-02 5.0366922e-02 0.0000000e+00
  vertex 2.6282355e-02 2.1569372e-02 0.0000000e+00
 endloop
endfacet
facet normal 0.000000e+00 -0.000000e+00 -1.000000e+00
 outer loop
  vertex 5.3033009e-02 5.3033009e-02 0.0000000e+00
  vertex 5.5571334e-02 5.0366922e-02 0.0000000e+00
  vertex 2.5192338e-02 2.2833004e-02 0.0000000e+00
 endloop
endfacet
facet normal 0.000000e+00 0.000000e+00 -1.000000e+00
 outer loop
  vertex 2.4041631e-02 2.4041631e-02 0.0000000e+00
  vertex 5.3033009e-02 5.3033009e-02 0.0000000e+00
  vertex 2.5192338e-02 2.2833004e-02 0.0000000e+00
 endloop
endfacet
facet normal 0.000000e+00 -0.000000e+00 -1.000000e+00
 outer loop
  vertex 5.0366922e-02 5.5571334e-02 0.0000000e+00
  vertex 5.3033009e-02 5.3033009e-02 0.0000000e+00
  vertex 2.4041631e-02 2.4041631e-02 0.0000000e+00
 endloop
endfacet
facet normal 0.000000e+00 0.000000e+00 -1.000000e+00
 outer loop
  vertex 2.2833004e-02 2.5192338e-02 0.0000000e+00
  vertex 5.0366922e-02 5.5571334e-02 0.0000000e+00
  vertex 2.4041631e-02 2.4041631e-02 0.0000000e+00
 endloop
endfacet
facet normal 0.000000e+00 -0.000000e+00 -1.000000e+00
 outer loop
  vertex 4.7579496e-02 5.7975784e-02 0.0000000e+00
  vertex 5.0366922e-02 5.5571334e-02 0.0000000e+00
  vertex 2.2833004e-02 2.5192338e-02 0.0000000e+00
 endloop
endfacet
facet normal 0.000000e+00 0.000000e+00 -1.000000e+00
 outer loop
  vertex 2.1569372e-02 2.6282355e-02 0.0000000e+00
  vertex 4.7579496e-02 5.7975784e-02 0.0000000e+00
  vertex 2.2833004e-02 2.5192338e-02 0.0000000e+00
 endloop
endfacet
facet normal 0.000000e+00 -0.000000e+00 -1.000000e+00
 outer loop
  vertex 4.4677448e-02 6.0240565e-02 0.0000000e+00
  vertex 4.7579496e-02 5.7975784e-02 0.0000000e+00
  vertex 2.1569372e-02 2.6282355e-02 0.0000000e+00
 endloop
endfacet
facet normal 0.000000e+00 0.000000e+00 -1.000000e+00
 outer loop
  vertex 2.0253776e-02 2.7309056e-02 0.0000000e+00
  vertex 4.4677448e-02 6.0240565e-02 0.0000000e+00
  vertex 2.1569372e-02 2.6282355e-02 0.0000000e+00
 endloop
endfacet
facet normal 0.000000e+00 -0.000000e+00 -1.000000e+00
 outer loop
  vertex 4.1667767e-02 6.2360221e-02 0.0000000e+00
  vertex 4.4677448e-02 6.0240565e-02 0.0000000e+00
  vertex 2.0253776e-02 2.7309056e-02 0.0000000e+00
 endloop
endfacet
facet normal 0.000000e+00 0.000000e+00 -1.000000e+00
 outer loop
  vertex 1.8889388e-02 2.8269967e-02 0.0000000e+00
  vertex 4.1667767e-02 6.2360221e-02 0.0000000e+00
  vertex 2.0253776e-02 2.7309056e-02 0.0000000e+00
 endloop
endfacet
facet normal 0.000000e+00 -0.000000e+00 -1.000000e+00
 outer loop
  vertex 3.8557706e-02 6.4329646e-02 0.0000000e+00
  vertex 4.1667767e-02 6.2360221e-02 0.0000000e+00
  vertex 1.8889388e-02 2.8269967e-02 0.0000000e+00
 endloop
endfacet
facet normal 0.000000e+00 0.000000e+00 -1.000000e+00
 outer loop
  vertex 1.7479493e-02 2.9162773e-02 0.0000000e+00
  vertex 3.8557706e-02 6.4329646e-02 0.0000000e+00
  vertex 1.8889388e-02 2.8269967e-02 0.0000000e+00
 endloop
endfacet
facet normal 0.000000e+00 -0.000000e+00 -1.000000e+00
 outer loop
  vertex 3.5354755e-02 6.6144095e-02 0.0000000e+00
  vertex 3.8557706e-02 6.4329646e-02 0.0000000e+00
  vertex 1.7479493e-02 2.9162773e-02 0.0000000e+00
 endloop
endfacet
facet normal 0.000000e+00 0.000000e+00 -1.000000e+00
 outer loop
  vertex 1.6027489e-02 2.9985323e-02 0.0000000e+00
  vertex 3.5354755e-02 6.6144095e-02 0.0000000e+00
  vertex 1.7479493e-02 2.9162773e-02 0.0000000e+00
 endloop
endfacet
facet normal 0.000000e+00 -0.000000e+00 -1.000000e+00
 outer loop
  vertex 3.2066632e-02 6.7799197e-02 0.0000000e+00
  vertex 3.5354755e-02 6.6144095e-02 0.0000000e+00
  vertex 1.6027489e-02 2.9985323e-02 0.0000000e+00
 endloop
endfacet
facet normal 0.000000e+00 0.000000e+00 -1.000000e+00
 outer loop
  vertex 1.4536873e-02 3.0735636e-02 0.0000000e+00
  vertex 3.2066632e-02 6.7799197e-02 0.0000000e+00
  vertex 1.6027489e-02 2.9985323e-02 0.0000000e+00
 endloop
endfacet
facet normal 0.000000e+00 -0.000000e+00 -1.000000e+00
 outer loop
  vertex 2.8701257e-02 6.9290965e-02 0.0000000e+00
  vertex 3.2066632e-02 6.7799197e-02 0.0000000e+00
  vertex 1.4536873e-02 3.0735636e-02 0.0000000e+00
 endloop
endfacet
facet normal 0.000000e+00 0.000000e+00 -1.000000e+00
 outer loop
  vertex 1.3011237e-02 3.1411904e-02 0.0000000e+00
  vertex 2.8701257e-02 6.9290965e-02 0.0000000e+00
  vertex 1.4536873e-02 3.0735636e-02 0.0000000e+00
 endloop
endfacet
facet normal 0.000000e+00 -0.000000e+00 -1.000000e+00
 outer loop
  vertex 2.5266739e-02 7.0615805e-02 0.0000000e+00
  vertex 2.8701257e-02 6.9290965e-02 0.0000000e+00
  vertex 1.3011237e-02 3.1411904e-02 0.0000000e+00
 endloop
endfacet
facet normal 0.000000e+00 0.000000e+00 -1.000000e+00
 outer loop
  vertex 1.1454255e-02 3.2012498e-02 0.0000000e+00
  vertex 2.5266739e-02 7.0615805e-02 0.0000000e+00
  vertex 1.3011237e-02 3.1411904e-02 0.0000000e+00
 endloop
endfacet
facet normal 0.000000e+00 -0.000000e+00 -1.000000e+00
 outer loop
  vertex 2.1771351e-02 7.1770525e-02 0.0000000e+00
  vertex 2.5266739e-02 7.0615805e-02 0.0000000e+00
  vertex 1.1454255e-02 3.2012498e-02 0.0000000e+00
 endloop
endfacet
facet normal 0.000000e+00 0.000000e+00 -1.000000e+00
 outer loop
  vertex 9.8696790e-03 3.2535971e-02 0.0000000e+00
  vertex 2.1771351e-02 7.1770525e-02 0.0000000e+00
  vertex 1.1454255e-02 3.2012498e-02 0.0000000e+00
 endloop
endfacet
facet normal 0.000000e+00 -0.000000e+00 -1.000000e+00
 outer loop
  vertex 1.8223513e-02 7.2752344e-02 0.0000000e+00
  vertex 2.1771351e-02 7.1770525e-02 0.0000000e+00
  vertex 9.8696790e-03 3.2535971e-02 0.0000000e+00
 endloop
endfacet
facet normal 0.000000e+00 0.000000e+00 -1.000000e+00
 outer loop
  vertex 8.2613261e-03 3.2981063e-02 0.0000000e+00
  vertex 1.8223513e-02 7.2752344e-02 0.0000000e+00
  vertex 9.8696790e-03 3.2535971e-02 0.0000000e+00
 endloop
endfacet
facet normal 0.000000e+00 -0.000000e+00 -1.000000e+00
 outer loop
  vertex 1.4631774e-02 7.3558896e-02 0.0000000e+00
  vertex 1.8223513e-02 7.2752344e-02 0.0000000e+00
  vertex 8.2613261e-03 3.2981063e-02 0.0000000e+00
 endloop
endfacet
facet normal 0.000000e+00 0.000000e+00 -1.000000e+00
 outer loop
  vertex 6.6330709e-03 3.3346700e-02 0.0000000e+00
  vertex 1.4631774e-02 7.3558896e-02 0.0000000e+00
  vertex 8.2613261e-03 3.2981063e-02 0.0000000e+00
 endloop
endfacet
facet normal 0.000000e+00 -0.000000e+00 -1.000000e+00
 outer loop
  vertex 1.1004786e-02 7.4188238e-02 0.0000000e+00
  vertex 1.4631774e-02 7.3558896e-02 0.0000000e+00
  vertex 6.6330709e-03 3.3346700e-02 0.0000000e+00
 endloop
endfacet
facet normal 0.000000e+00 0.000000e+00 -1.000000e+00
 outer loop
  vertex 4.9888361e-03 3.3632001e-02 0.0000000e+00
  vertex 1.1004786e-02 7.4188238e-02 0.0000000e+00
  vertex 6.6330709e-03 3.3346700e-02 0.0000000e+00
 endloop
endfacet
facet normal 0.000000e+00 -0.000000e+00 -1.000000e+00
 outer loop
  vertex 7.3512855e-03 7.4638855e-02 0.0000000e+00
  vertex 1.1004786e-02 7.4188238e-02 0.0000000e+00
  vertex 4.9888361e-03 3.3632001e-02 0.0000000e+00
 endloop
endfacet
facet normal 0.000000e+00 0.000000e+00 -1.000000e+00
 outer loop
  vertex 3.3325828e-03 3.3836281e-02 0.0000000e+00
  vertex 7.3512855e-03 7.4638855e-02 0.0000000e+00
  vertex 4.9888361e-03 3.3632001e-02 0.0000000e+00
 endloop
endfacet
facet normal 0.000000e+00 -0.000000e+00 -1.000000e+00
 outer loop
  vertex 3.6800756e-03 7.4909659e-02 0.0000000e+00
  vertex 7.3512855e-03 7.4638855e-02 0.0000000e+00
  vertex 3.3325828e-03 3.3836281e-02 0.0000000e+00
 endloop
endfacet
facet normal 0.000000e+00 0.000000e+00 -1.000000e+00
 outer loop
  vertex 1.6683009e-03 3.3959046e-02 0.0000000e+00
  vertex 3.6800756e-03 7.4909659e-02 0.0000000e+00
  vertex 3.3325828e-03 3.3836281e-02 0.0000000e+00
 endloop
endfacet
facet normal 0.000000e+00 0.000000e+00 -1.000000e+00
 outer loop
  vertex 4.5924255e-18 7.5000000e-02 0.0000000e+00
  vertex 3.6800756e-03 7.4909659e-02 0.0000000e+00
  vertex 1.6683009e-03 3.3959046e-02 0.0000000e+00
 endloop
endfacet
facet normal 0.000000e+00 0.000000e+00 -1.000000e+00
 outer loop
  vertex 2.0818996e-18 3.4000000e-02 0.0000000e+00
  vertex 4.5924255e-18 7.5000000e-02 0.0000000e+00
  vertex 1.6683009e-03 3.3959046e-02 0.0000000e+00
 endloop
endfacet
facet normal 0.000000e+00 0.000000e+00 -1.000000e+00
 outer loop
  vertex -3.6800756e-03 7.4909659e-02 0.0000000e+00
  vertex 4.5924255e-18 7.5000000e-02 0.0000000e+00
  vertex 2.0818996e-18 3.4000000e-02 0.0000000e+00
 endloop
endfacet
facet normal 0.000000e+00 0.000000e+00 -1.000000e+00
 outer loop
  vertex -1.6683009e-03 3.3959046e-02 0.0000000e+00
  vertex -3.6800756e-03 7.4909659e-02 0.0000000e+00
  vertex 2.0818996e-18 3.4000000e-02 0.0000000e+00
 endloop
endfacet
facet normal 0.000000e+00 0.000000e+00 -1.000000e+00
 outer loop
  vertex -7.3512855e-03 7.4638855e-02 0.0000000e+00
  vertex -3.6800756e-03 7.4909659e-02 0.0000000e+00
  vertex -1.6683009e-03 3.3959046e-02 0.0000000e+00
 endloop
endfacet
facet normal 0.000000e+00 0.000000e+00 -1.000000e+00
 outer loop
  vertex -3.3325828e-03 3.3836281e-02 0.0000000e+00
  vertex -7.3512855e-03 7.4638855e-02 0.0000000e+00
  vertex -1.6683009e-03 3.3959046e-02 0.0000000e+00
 endloop
endfacet
facet normal 0.000000e+00 0.000000e+00 -1.000000e+00
 outer loop
  vertex -1.1004786e-02 7.4188238e-02 0.0000000e+00
  vertex -7.3512855e-03 7.4638855e-02 0.0000000e+00
  vertex -3.3325828e-03 3.3836281e-02 0.0000000e+00
 endloop
endfacet
facet normal 0.000000e+00 0.000000e+00 -1.000000e+00
 outer loop
  vertex -4.9888361e-03 3.3632001e-02 0.0000000e+00
  vertex -1.1004786e-02 7.4188238e-02 0.0000000e+00
  vertex -3.3325828e-03 3.3836281e-02 0.0000000e+00
 endloop
endfacet
facet normal 0.000000e+00 0.000000e+00 -1.000000e+00
 outer loop
  vertex -1.4631774e-02 7.3558896e-02 0.0000000e+00
  vertex -1.1004786e-02 7.4188238e-02 0.0000000e+00
  vertex -4.9888361e-03 3.3632001e-02 0.0000000e+00
 endloop
endfacet
facet normal 0.000000e+00 0.000000e+00 -1.000000e+00
 outer loop
  vertex -6.6330709e-03 3.3346700e-02 0.0000000e+00
  vertex -1.4631774e-02 7.3558896e-02 0.0000000e+00
  vertex -4.9888361e-03 3.3632001e-02 0.0000000e+00
 endloop
endfacet
facet normal 0.000000e+00 0.000000e+00 -1.000000e+00
 outer loop
  vertex -1.8223513e-02 7.2752344e-02 0.0000000e+00
  vertex -1.4631774e-02 7.3558896e-02 0.0000000e+00
  vertex -6.6330709e-03 3.3346700e-02 0.0000000e+00
 endloop
endfacet
facet normal 0.000000e+00 0.000000e+00 -1.000000e+00
 outer loop
  vertex -8.2613261e-03 3.2981063e-02 0.0000000e+00
  vertex -1.8223513e-02 7.2752344e-02 0.0000000e+00
  vertex -6.6330709e-03 3.3346700e-02 0.0000000e+00
 endloop
endfacet
facet normal 0.000000e+00 0.000000e+00 -1.000000e+00
 outer loop
  vertex -2.1771351e-02 7.1770525e-02 0.0000000e+00
  vertex -1.8223513e-02 7.2752344e-02 0.0000000e+00
  vertex -8.2613261e-03 3.2981063e-02 0.0000000e+00
 endloop
endfacet
facet normal 0.000000e+00 0.000000e+00 -1.000000e+00
 outer loop
  vertex -9.8696790e-03 3.2535971e-02 0.0000000e+00
  vertex -2.1771351e-02 7.1770525e-02 0.0000000e+00
  vertex -8.2613261e-03 3.2981063e-02 0.0000000e+00
 endloop
endfacet
facet normal 0.000000e+00 0.000000e+00 -1.000000e+00
 outer loop
  vertex -2.5266739e-02 7.0615805e-02 0.0000000e+00
  vertex -2.1771351e-02 7.1770525e-02 0.0000000e+00
  vertex -9.8696790e-03 3.2535971e-02 0.0000000e+00
 endloop
endfacet
facet normal 0.000000e+00 0.000000e+00 -1.000000e+00
 outer loop
  vertex -1.1454255e-02 3.2012498e-02 0.0000000e+00
  vertex -2.5266739e-02 7.0615805e-02 0.0000000e+00
  vertex -9.8696790e-03 3.2535971e-02 0.0000000e+00
 endloop
endfacet
facet normal 0.000000e+00 0.000000e+00 -1.000000e+00
 outer loop
  vertex -2.8701257e-02 6.9290965e-02 0.0000000e+00
  vertex -2.5266739e-02 7.0615805e-02 0.0000000e+00
  vertex -1.1454255e-02 3.2012498e-02 0.0000000e+00
 endloop
endfacet
facet normal 0.000000e+00 0.000000e+00 -1.000000e+00
 outer loop
  vertex -1.3011237e-02 3.1411904e-02 0.0000000e+00
  vertex -2.8701257e-02 6.9290965e-02 0.0000000e+00
  vertex -1.1454255e-02 3.2012498e-02 0.0000000e+00
 endloop
endfacet
facet normal 0.000000e+00 0.000000e+00 -1.000000e+00
 outer loop
  vertex -3.2066632e-02 6.7799197e-02 0.0000000e+00
  vertex -2.8701257e-02 6.9290965e-02 0.0000000e+00
  vertex -1.3011237e-02 3.1411904e-02 0.0000000e+00
 endloop
endfacet
facet normal 0.000000e+00 0.000000e+00 -1.000000e+00
 outer loop
  vertex -1.4536873e-02 3.0735636e-02 0.0000000e+00
  vertex -3.2066632e-02 6.7799197e-02 0.0000000e+00
  vertex -1.3011237e-02 3.1411904e-02 0.0000000e+00
 endloop
endfacet
facet normal 0.000000e+00 0.000000e+00 -1.000000e+00
 outer loop
  vertex -3.5354755e-02 6.6144095e-02 0.0000000e+00
  vertex -3.2066632e-02 6.7799197e-02 0.0000000e+00
  vertex -1.4536873e-02 3.0735636e-02 0.0000000e+00
 endloop
endfacet
facet normal 0.000000e+00 0.000000e+00 -1.000000e+00
 outer loop
  vertex -1.6027489e-02 2.9985323e-02 0.0000000e+00
  vertex -3.5354755e-02 6.6144095e-02 0.0000000e+00
  vertex -1.4536873e-02 3.0735636e-02 0.0000000e+00
 endloop
endfacet
facet normal 0.000000e+00 0.000000e+00 -1.000000e+00
 outer loop
  vertex -3.8557706e-02 6.4329646e-02 0.0000000e+00
  vertex -3.5354755e-02 6.6144095e-02 0.0000000e+00
  vertex -1.6027489e-02 2.9985323e-02 0.0000000e+00
 endloop
endfacet
facet normal 0.000000e+00 0.000000e+00 -1.000000e+00
 outer loop
  vertex -1.7479493e-02 2.9162773e-02 0.0000000e+00
  vertex -3.8557706e-02 6.4329646e-02 0.0000000e+00
  vertex -1.6027489e-02 2.9985323e-02 0.0000000e+00
 endloop
endfacet
facet normal 0.000000e+00 0.000000e+00 -1.000000e+00
 outer loop
  vertex -4.1667767e-02 6.2360221e-02 0.0000000e+00
  vertex -3.8557706e-02 6.4329646e-02 0.0000000e+00
  vertex -1.7479493e-02 2.9162773e-02 0.0000000e+00
 endloop
endfacet
facet normal 0.000000e+00 0.000000e+00 -1.000000e+00
 outer loop
  vertex -1.8889388e-02 2.8269967e-02 0.0000000e+00
  vertex -4.1667767e-02 6.2360221e-02 0.0000000e+00
  vertex -1.7479493e-02 2.9162773e-02 0.0000000e+00
 endloop
endfacet
facet normal 0.000000e+00 0.000000e+00 -1.000000e+00
 outer loop
  vertex -4.4677448e-02 6.0240565e-02 0.0000000e+00
  vertex -4.1667767e-02 6.2360221e-02 0.0000000e+00
  vertex -1.8889388e-02 2.8269967e-02 0.0000000e+00
 endloop
endfacet
facet normal 0.000000e+00 0.000000e+00 -1.000000e+00
 outer loop
  vertex -2.0253776e-02 2.7309056e-02 0.0000000e+00
  vertex -4.4677448e-02 6.0240565e-02 0.0000000e+00
  vertex -1.8889388e-02 2.8269967e-02 0.0000000e+00
 endloop
endfacet
facet normal 0.000000e+00 0.000000e+00 -1.000000e+00
 outer loop
  vertex -4.7579496e-02 5.7975784e-02 0.0000000e+00
  vertex -4.4677448e-02 6.0240565e-02 0.0000000e+00
  vertex -2.0253776e-02 2.7309056e-02 0.0000000e+00
 endloop
endfacet
facet normal 0.000000e+00 0.000000e+00 -1.000000e+00
 outer loop
  vertex -2.1569372e-02 2.6282355e-02 0.0000000e+00
  vertex -4.7579496e-02 5.7975784e-02 0.0000000e+00
  vertex -2.0253776e-02 2.7309056e-02 0.0000000e+00
 endloop
endfacet
facet normal 0.000000e+00 0.000000e+00 -1.000000e+00
 outer loop
  vertex -5.0366922e-02 5.5571334e-02 0.0000000e+00
  vertex -4.7579496e-02 5.7975784e-02 0.0000000e+00
  vertex -2.1569372e-02 2.6282355e-02 0.0000000e+00
 endloop
endfacet
facet normal 0.000000e+00 0.000000e+00 -1.000000e+00
 outer loop
  vertex -2.2833004e-02 2.5192338e-02 0.0000000e+00
  vertex -5.0366922e-02 5.5571334e-02 0.0000000e+00
  vertex -2.1569372e-02 2.6282355e-02 0.0000000e+00
 endloop
endfacet
facet normal 0.000000e+00 0.000000e+00 -1.000000e+00
 outer loop
  vertex -5.3033009e-02 5.3033009e-02 0.0000000e+00
  vertex -5.0366922e-02 5.5571334e-02 0.0000000e+00
  vertex -2.2833004e-02 2.5192338e-02 0.0000000e+00
 endloop
endfacet
facet normal 0.000000e+00 0.000000e+00 -1.000000e+00
 outer loop
  vertex -2.4041631e-02 2.4041631e-02 0.0000000e+00
  vertex -5.3033009e-02 5.3033009e-02 0.0000000e+00
  vertex -2.2833004e-02 2.5192338e-02 0.0000000e+00
 endloop
endfacet
facet normal 0.000000e+00 0.000000e+00 -1.000000e+00
 outer loop
  vertex -5.5571334e-02 5.0366922e-02 0.0000000e+00
  vertex -5.3033009e-02 5.3033009e-02 0.0000000e+00
  vertex -2.4041631e-02 2.4041631e-02 0.0000000e+00
 endloop
endfacet
facet normal 0.000000e+00 0.000000e+00 -1.000000e+00
 outer loop
  vertex -2.5192338e-02 2.2833004e-02 0.0000000e+00
  vertex -5.5571334e-02 5.0366922e-02 0.0000000e+00
  vertex -2.4041631e-02 2.4041631e-02 0.0000000e+00
 endloop
endfacet
facet normal 0.000000e+00 0.000000e+00 -1.000000e+00
 outer loop
  vertex -5.7975784e-02 4.7579496e-02 0.0000000e+00
  vertex -5.5571334e-02 5.0366922e-02 0.0000000e+00
  vertex -2.5192338e-02 2.2833004e-02 0.0000000e+00
 endloop
endfacet
facet normal 0.000000e+00 0.000000e+00 -1.000000e+00
 outer loop
  vertex -2.6282355e-02 2.1569372e-02 0.0000000e+00
  vertex -5.7975784e-02 4.7579496e-02 0.0000000e+00
  vertex -2.5192338e-02 2.2833004e-02 0.0000000e+00
 endloop
endfacet
facet normal 0.000000e+00 0.000000e+00 -1.000000e+00
 outer loop
  vertex -6.0240565e-02 4.4677448e-02 0.0000000e+00
  vertex -5.7975784e-02 4.7579496e-02 0.0000000e+00
  vertex -2.6282355e-02 2.1569372e-02 0.0000000e+00
 endloop
endfacet
facet normal 0.000000e+00 0.000000e+00 -1.000000e+00
 outer loop
  vertex -2.7309056e-02 2.0253776e-02 0.0000000e+00
  vertex -6.0240565e-02 4.4677448e-02 0.0000000e+00
  vertex -2.6282355e-02 2.1569372e-02 0.0000000e+00
 endloop
endfacet
facet normal 0.000000e+00 0.000000e+00 -1.000000e+00
 outer loop
  vertex -6.2360221e-02 4.1667767e-02 0.0000000e+00
  vertex -6.0240565e-02 4.4677448e-02 0.0000000e+00
  vertex -2.7309056e-02 2.0253776e-02 0.0000000e+00
 endloop
endfacet
facet normal 0.000000e+00 0.000000e+00 -1.000000e+00
 outer loop
  vertex -2.8269967e-02 1.8889388e-02 0.0000000e+00
  vertex -6.2360221e-02 4.1667767e-02 0.0000000e+00
  vertex -2.7309056e-02 2.0253776e-02 0.0000000e+00
 endloop
endfacet
facet normal 0.000000e+00 0.000000e+00 -1.000000e+00
 outer loop
  vertex -6.4329646e-02 3.8557706e-02 0.0000000e+00
  vertex -6.2360221e-02 4.1667767e-02 0.0000000e+00
  vertex -2.8269967e-02 1.8889388e-02 0.0000000e+00
 endloop
endfacet
facet normal 0.000000e+00 0.000000e+00 -1.000000e+00
 outer loop
  vertex -2.9162773e-02 1.7479493e-02 0.0000000e+00
  vertex -6.4329646e-02 3.8557706e-02 0.0000000e+00
  vertex -2.8269967e-02 1.8889388e-02 0.0000000e+00
 endloop
endfacet
facet normal 0.000000e+00 0.000000e+00 -1.000000e+00
 outer loop
  vertex -6.6144095e-02 3.5354755e-02 0.0000000e+00
  vertex -6.4329646e-02 3.8557706e-02 0.0000000e+00
  vertex -2.9162773e-02 1.7479493e-02 0.0000000e+00
 endloop
endfacet
facet normal 0.000000e+00 0.000000e+00 -1.000000e+00
 outer loop
  vertex -2.9985323e-02 1.6027489e-02 0.0000000e+00
  vertex -6.6144095e-02 3.5354755e-02 0.0000000e+00
  vertex -2.9162773e-02 1.7479493e-02 0.0000000e+00
 endloop
endfacet
facet normal 0.000000e+00 0.000000e+00 -1.000000e+00
 outer loop
  vertex -6.7799197e-02 3.2066632e-02 0.0000000e+00
  vertex -6.6144095e-02 3.5354755e-02 0.0000000e+00
  vertex -2.9985323e-02 1.6027489e-02 0.0000000e+00
 endloop
endfacet
facet normal 0.000000e+00 0.000000e+00 -1.000000e+00
 outer loop
  vertex -3.0735636e-02 1.4536873e-02 0.0000000e+00
  vertex -6.7799197e-02 3.2066632e-02 0.0000000e+00
  vertex -2.9985323e-02 1.6027489e-02 0.0000000e+00
 endloop
endfacet
facet normal 0.000000e+00 0.000000e+00 -1.000000e+00
 outer loop
  vertex -6.9290965e-02 2.8701257e-02 0.0000000e+00
  vertex -6.7799197e-02 3.2066632e-02 0.0000000e+00
  vertex -3.0735636e-02 1.4536873e-02 0.0000000e+00
 endloop
endfacet
facet normal 0.000000e+00 0.000000e+00 -1.000000e+00
 outer loop
  vertex -3.1411904e-02 1.3011237e-02 0.0000000e+00
  vertex -6.9290965e-02 2.8701257e-02 0.0000000e+00
  vertex -3.0735636e-02 1.4536873e-02 0.0000000e+00
 endloop
endfacet
facet normal 0.000000e+00 0.000000e+00 -1.000000e+00
 outer loop
  vertex -7.0615805e-02 2.5266739e-02 0.0000000e+00
  vertex -6.9290965e-02 2.8701257e-02 0.0000000e+00
  vertex -3.1411904e-02 1.3011237e-02 0.0000000e+00
 endloop
endfacet
facet normal 0.000000e+00 0.000000e+00 -1.000000e+00
 outer loop
  vertex -3.2012498e-02 1.1454255e-02 0.0000000e+00
  vertex -7.0615805e-02 2.5266739e-02 0.0000000e+00
  vertex -3.1411904e-02 1.3011237e-02 0.0000000e+00
 endloop
endfacet
facet normal 0.000000e+00 0.000000e+00 -1.000000e+00
 outer loop
  vertex -7.1770525e-02 2.1771351e-02 0.0000000e+00
  vertex -7.0615805e-02 2.5266739e-02 0.0000000e+00
  vertex -3.2012498e-02 1.1454255e-02 0.0000000e+00
 endloop
endfacet
facet normal 0.000000e+00 0.000000e+00 -1.000000e+00
 outer loop
  vertex -3.2535971e-02 9.8696790e-03 0.0000000e+00
  vertex -7.1770525e-02 2.1771351e-02 0.0000000e+00
  vertex -3.2012498e-02 1.1454255e-02 0.0000000e+00
 endloop
endfacet
facet normal 0.000000e+00 0.000000e+00 -1.000000e+00
 outer loop
  vertex -7.2752344e-02 1.8223513e-02 0.0000000e+00
  vertex -7.1770525e-02 2.1771351e-02 0.0000000e+00
  vertex -3.2535971e-02 9.8696790e-03 0.0000000e+00
 endloop
endfacet
facet normal 0.000000e+00 0.000000e+00 -1.000000e+00
 outer loop
  vertex -3.2981063e-02 8.2613261e-03 0.0000000e+00
  vertex -7.2752344e-02 1.8223513e-02 0.0000000e+00
  vertex -3.2535971e-02 9.8696790e-03 0.0000000e+00
 endloop
endfacet
facet normal 0.000000e+00 0.000000e+00 -1.000000e+00
 outer loop
  vertex -7.3558896e-02 1.4631774e-02 0.0000000e+00
  vertex -7.2752344e-02 1.8223513e-02 0.0000000e+00
  vertex -3.2981063e-02 8.2613261e-03 0.0000000e+00
 endloop
endfacet
facet normal 0.000000e+00 0.000000e+00 -1.000000e+00
 outer loop
  vertex -3.3346700e-02 6.6330709e-03 0.0000000e+00
  vertex -7.3558896e-02 1.4631774e-02 0.0000000e+00
  vertex -3.2981063e-02 8.2613261e-03 0.0000000e+00
 endloop
endfacet
facet normal 0.000000e+00 0.000000e+00 -1.000000e+00
 outer loop
  vertex -7.4188238e-02 1.1004786e-02 0.0000000e+00
  vertex -7.3558896e-02 1.4631774e-02 0.0000000e+00
  vertex -3.3346700e-02 6.6330709e-03 0.0000000e+00
 endloop
endfacet
facet normal 0.000000e+00 0.000000e+00 -1.000000e+00
 outer loop
  vertex -3.3632001e-02 4.9888361e-03 0.0000000e+00
  vertex -7.4188238e-02 1.1004786e-02 0.0000000e+00
  vertex -3.3346700e-02 6.6330709e-03 0.0000000e+00
 endloop
endfacet
facet normal 0.000000e+00 0.000000e+00 -1.000000e+00
 outer loop
  vertex -7.4638855e-02 7.3512855e-03 0.0000000e+00
  vertex -7.4188238e-02 1.1004786e-02 0.0000000e+00
  vertex -3.3632001e-02 4.9888361e-03 0.0000000e+00
 endloop
endfacet
facet normal 0.000000e+00 0.000000e+00 -1.000000e+00
 outer loop
  vertex -3.3836281e-02 3.3325828e-03 0.0000000e+00
  vertex -7.4638855e-02 7.3512855e-03 0.0000000e+00
  vertex -3.3632001e-02 4.9888361e-03 0.0000000e+00
 endloop
endfacet
facet normal 0.000000e+00 0.000000e+00 -1.000000e+00
 outer loop
  vertex -7.4909659e-02 3.6800756e-03 0.0000000e+00
  vertex -7.4638855e-02 7.3512855e-03 0.0000000e+00
  vertex -3.3836281e-02 3.3325828e-03 0.0000000e+00
 endloop
endfacet
facet normal 0.000000e+00 0.000000e+00 -1.000000e+00
 outer loop
  vertex -3.3959046e-02 1.6683009e-03 0.0000000e+00
  vertex -7.4909659e-02 3.6800756e-03 0.0000000e+00
  vertex -3.3836281e-02 3.3325828e-03 0.0000000e+00
 endloop
endfacet
facet normal 0.000000e+00 0.000000e+00 -1.000000e+00
 outer loop
  vertex -7.5000000e-02 9.1848510e-18 0.0000000e+00
  vertex -7.4909659e-02 3.6800756e-03 0.0000000e+00
  vertex -3.3959046e-02 1.6683009e-03 0.0000000e+00
 endloop
endfacet
facet normal 0.000000e+00 0.000000e+00 -1.000000e+00
 outer loop
  vertex -3.4000000e-02 4.1637991e-18 0.0000000e+00
  vertex -7.5000000e-02 9.1848510e-18 0.0000000e+00
  vertex -3.3959046e-02 1.6683009e-03 0.0000000e+00
 endloop
endfacet
facet normal 0.000000e+00 0.000000e+00 -1.000000e+00
 outer loop
  vertex -7.4909659e-02 -3.6800756e-03 0.0000000e+00
  vertex -7.5000000e-02 9.1848510e-18 0.0000000e+00
  vertex -3.4000000e-02 4.1637991e-18 0.0000000e+00
 endloop
endfacet
facet normal -0.000000e+00 0.000000e+00 -1.000000e+00
 outer loop
  vertex -3.3959046e-02 -1.6683009e-03 0.0000000e+00
  vertex -7.4909659e-02 -3.6800756e-03 0.0000000e+00
  vertex -3.4000000e-02 4.1637991e-18 0.0000000e+00
 endloop
endfacet
facet normal 0.000000e+00 0.000000e+00 -1.000000e+00
 outer loop
  vertex -7.4638855e-02 -7.3512855e-03 0.0000000e+00
  vertex -7.4909659e-02 -3.6800756e-03 0.0000000e+00
  vertex -3.3959046e-02 -1.6683009e-03 0.0000000e+00
 endloop
endfacet
facet normal -0.000000e+00 0.000000e+00 -1.000000e+00
 outer loop
  vertex -3.3836281e-02 -3.3325828e-03 0.0000000e+00
  vertex -7.4638855e-02 -7.3512855e-03 0.0000000e+00
  vertex -3.3959046e-02 -1.6683009e-03 0.0000000e+00
 endloop
endfacet
facet normal 0.000000e+00 0.000000e+00 -1.000000e+00
 outer loop
  vertex -7.4188238e-02 -1.1004786e-02 0.0000000e+00
  vertex -7.4638855e-02 -7.3512855e-03 0.0000000e+00
  vertex -3.3836281e-02 -3.3325828e-03 0.0000000e+00
 endloop
endfacet
facet normal -0.000000e+00 0.000000e+00 -1.000000e+00
 outer loop
  vertex -3.3632001e-02 -4.9888361e-03 0.0000000e+00
  vertex -7.4188238e-02 -1.1004786e-02 0.0000000e+00
  vertex -3.3836281e-02 -3.3325828e-03 0.0000000e+00
 endloop
endfacet
facet normal 0.000000e+00 0.000000e+00 -1.000000e+00
 outer loop
  vertex -7.3558896e-02 -1.4631774e-02 0.0000000e+00
  vertex -7.4188238e-02 -1.1004786e-02 0.0000000e+00
  vertex -3.3632001e-02 -4.9888361e-03 0.0000000e+00
 endloop
endfacet
facet normal -0.000000e+00 0.000000e+00 -1.000000e+00
 outer loop
  vertex -3.3346700e-02 -6.6330709e-03 0.0000000e+00
  vertex -7.3558896e-02 -1.4631774e-02 0.0000000e+00
  vertex -3.3632001e-02 -4.9888361e-03 0.0000000e+00
 endloop
endfacet
facet normal 0.000000e+00 0.000000e+00 -1.000000e+00
 outer loop
  vertex -7.2752344e-02 -1.8223513e-02 0.0000000e+00
  vertex -7.3558896e-02 -1.4631774e-02 0.0000000e+00
  vertex -3.3346700e-02 -6.6330709e-03 0.0000000e+00
 endloop
endfacet
facet normal -0.000000e+00 0.000000e+00 -1.000000e+00
 outer loop
  vertex -3.2981063e-02 -8.2613261e-03 0.0000000e+00
  vertex -7.2752344e-02 -1.8223513e-02 0.0000000e+00
  vertex -3.3346700e-02 -6.6330709e-03 0.0000000e+00
 endloop
endfacet
facet normal 0.000000e+00 0.000000e+00 -1.000000e+00
 outer loop
  vertex -7.1770525e-02 -2.1771351e-02 0.0000000e+00
  vertex -7.2752344e-02 -1.8223513e-02 0.0000000e+00
  vertex -3.2981063e-02 -8.2613261e-03 0.0000000e+00
 endloop
endfacet
facet normal -0.000000e+00 0.000000e+00 -1.000000e+00
 outer loop
  vertex -3.2535971e-02 -9.8696790e-03 0.0000000e+00
  vertex -7.1770525e-02 -2.1771351e-02 0.0000000e+00
  vertex -3.2981063e-02 -8.2613261e-03 0.0000000e+00
 endloop
endfacet
facet normal 0.000000e+00 0.000000e+00 -1.000000e+00
 outer loop
  vertex -7.0615805e-02 -2.5266739e-02 0.0000000e+00
  vertex -7.1770525e-02 -2.1771351e-02 0.0000000e+00
  vertex -3.2535971e-02 -9.8696790e-03 0.0000000e+00
 endloop
endfacet
facet normal -0.000000e+00 0.000000e+00 -1.000000e+00
 outer loop
  vertex -3.2012498e-02 -1.1454255e-02 0.0000000e+00
  vertex -7.0615805e-02 -2.5266739e-02 0.0000000e+00
  vertex -3.2535971e-02 -9.8696790e-03 0.0000000e+00
 endloop
endfacet
facet normal 0.000000e+00 0.000000e+00 -1.000000e+00
 outer loop
  vertex -6.9290965e-02 -2.8701257e-02 0.0000000e+00
  vertex -7.0615805e-02 -2.5266739e-02 0.0000000e+00
  vertex -3.2012498e-02 -1.1454255e-02 0.0000000e+00
 endloop
endfacet
facet normal -0.000000e+00 0.000000e+00 -1.000000e+00
 outer loop
  vertex -3.1411904e-02 -1.3011237e-02 0.0000000e+00
  vertex -6.9290965e-02 -2.8701257e-02 0.0000000e+00
  vertex -3.2012498e-02 -1.1454255e-02 0.0000000e+00
 endloop
endfacet
facet normal 0.000000e+00 0.000000e+00 -1.000000e+00
 outer loop
  vertex -6.7799197e-02 -3.2066632e-02 0.0000000e+00
  vertex -6.9290965e-02 -2.8701257e-02 0.0000000e+00
  vertex -3.1411904e-02 -1.3011237e-02 0.0000000e+00
 endloop
endfacet
facet normal -0.000000e+00 0.000000e+00 -1.000000e+00
 outer loop
  vertex -3.0735636e-02 -1.4536873e-02 0.0000000e+00
  vertex -6.7799197e-02 -3.2066632e-02 0.0000000e+00
  vertex -3.1411904e-02 -1.3011237e-02 0.0000000e+00
 endloop
endfacet
facet normal 0.000000e+00 0.000000e+00 -1.000000e+00
 outer loop
  vertex -6.6144095e-02 -3.5354755e-02 0.0000000e+00
  vertex -6.7799197e-02 -3.2066632e-02 0.0000000e+00
  vertex -3.0735636e-02 -1.4536873e-02 0.0000000e+00
 endloop
endfacet
facet normal -0.000000e+00 0.000000e+00 -1.000000e+00
 outer loop
  vertex -2.9985323e-02 -1.6027489e-02 0.0000000e+00
  vertex -6.6144095e-02 -3.5354755e-02 0.0000000e+00
  vertex -3.0735636e-02 -1.4536873e-02 0.0000000e+00
 endloop
endfacet
facet normal 0.000000e+00 0.000000e+00 -1.000000e+00
 outer loop
  vertex -6.4329646e-02 -3.8557706e-02 0.0000000e+00
  vertex -6.6144095e-02 -3.5354755e-02 0.0000000e+00
  vertex -2.9985323e-02 -1.6027489e-02 0.0000000e+00
 endloop
endfacet
facet normal -0.000000e+00 0.000000e+00 -1.000000e+00
 outer loop
  vertex -2.9162773e-02 -1.7479493e-02 0.0000000e+00
  vertex -6.4329646e-02 -3.8557706e-02 0.0000000e+00
  vertex -2.9985323e-02 -1.6027489e-02 0.0000000e+00
 endloop
endfacet
facet normal 0.000000e+00 0.000000e+00 -1.000000e+00
 outer loop
  vertex -6.2360221e-02 -4.1667767e-02 0.0000000e+00
  vertex -6.4329646e-02 -3.8557706e-02 0.0000000e+00
  vertex -2.9162773e-02 -1.7479493e-02 0.0000000e+00
 endloop
endfacet
facet normal -0.000000e+00 0.000000e+00 -1.000000e+00
 outer loop
  vertex -2.8269967e-02 -1.8889388e-02 0.0000000e+00
  vertex -6.2360221e-02 -4.1667767e-02 0.0000000e+00
  vertex -2.9162773e-02 -1.7479493e-02 0.0000000e+00
 endloop
endfacet
facet normal 0.000000e+00 0.000000e+00 -1.000000e+00
 outer loop
  vertex -6.0240565e-02 -4.4677448e-02 0.0000000e+00
  vertex -6.2360221e-02 -4.1667767e-02 0.0000000e+00
  vertex -2.8269967e-02 -1.8889388e-02 0.0000000e+00
 endloop
endfacet
facet normal -0.000000e+00 0.000000e+00 -1.000000e+00
 outer loop
  vertex -2.7309056e-02 -2.0253776e-02 0.0000000e+00
  vertex -6.0240565e-02 -4.4677448e-02 0.0000000e+00
  vertex -2.8269967e-02 -1.8889388e-02 0.0000000e+00
 endloop
endfacet
facet normal 0.000000e+00 0.000000e+00 -1.000000e+00
 outer loop
  vertex -5.7975784e-02 -4.7579496e-02 0.0000000e+00
  vertex -6.0240565e-02 -4.4677448e-02 0.0000000e+00
  vertex -2.7309056e-02 -2.0253776e-02 0.0000000e+00
 endloop
endfacet
facet normal -0.000000e+00 0.000000e+00 -1.000000e+00
 outer loop
  vertex -2.6282355e-02 -2.1569372e-02 0.0000000e+00
  vertex -5.7975784e-02 -4.7579496e-02 0.0000000e+00
  vertex -2.7309056e-02 -2.0253776e-02 0.0000000e+00
 endloop
endfacet
facet normal 0.000000e+00 0.000000e+00 -1.000000e+00
 outer loop
  vertex -5.5571334e-02 -5.0366922e-02 0.0000000e+00
  vertex -5.7975784e-02 -4.7579496e-02 0.0000000e+00
  vertex -2.6282355e-02 -2.1569372e-02 0.0000000e+00
 endloop
endfacet
facet normal -0.000000e+00 0.000000e+00 -1.000000e+00
 outer loop
  vertex -2.5192338e-02 -2.2833004e-02 0.0000000e+00
  vertex -5.5571334e-02 -5.0366922e-02 0.0000000e+00
  vertex -2.6282355e-02 -2.1569372e-02 0.0000000e+00
 endloop
endfacet
facet normal 0.000000e+00 0.000000e+00 -1.000000e+00
 outer loop
  vertex -5.3033009e-02 -5.3033009e-02 0.0000000e+00
  vertex -5.5571334e-02 -5.0366922e-02 0.0000000e+00
  vertex -2.5192338e-02 -2.2833004e-02 0.0000000e+00
 endloop
endfacet
facet normal -0.000000e+00 0.000000e+00 -1.000000e+00
 outer loop
  vertex -2.4041631e-02 -2.4041631e-02 0.0000000e+00
  vertex -5.3033009e-02 -5.3033009e-02 0.0000000e+00
  vertex -2.5192338e-02 -2.2833004e-02 0.0000000e+00
 endloop
endfacet
facet normal 0.000000e+00 0.000000e+00 -1.000000e+00
 outer loop
  vertex -5.0366922e-02 -5.5571334e-02 0.0000000e+00
  vertex -5.3033009e-02 -5.3033009e-02 0.0000000e+00
  vertex -2.4041631e-02 -2.4041631e-02 0.0000000e+00
 endloop
endfacet
facet normal -0.000000e+00 0.000000e+00 -1.000000e+00
 outer loop
  vertex -2.2833004e-02 -2.5192338e-02 0.0000000e+00
  vertex -5.0366922e-02 -5.5571334e-02 0.0000000e+00
  vertex -2.4041631e-02 -2.4041631e-02 0.0000000e+00
 endloop
endfacet
facet normal 0.000000e+00 0.000000e+00 -1.000000e+00
 outer loop
  vertex -4.7579496e-02 -5.7975784e-02 0.0000000e+00
  vertex -5.0366922e-02 -5.5571334e-02 0.0000000e+00
  vertex -2.2833004e-02 -2.5192338e-02 0.0000000e+00
 endloop
endfacet
facet normal -0.000000e+00 0.000000e+00 -1.000000e+00
 outer loop
  vertex -2.1569372e-02 -2.6282355e-02 0.0000000e+00
  vertex -4.7579496e-02 -5.7975784e-02 0.0000000e+00
  vertex -2.2833004e-02 -2.5192338e-02 0.0000000e+00
 endloop
endfacet
facet normal 0.000000e+00 0.000000e+00 -1.000000e+00
 outer loop
  vertex -4.4677448e-02 -6.0240565e-02 0.0000000e+00
  vertex -4.7579496e-02 -5.7975784e-02 0.0000000e+00
  vertex -2.1569372e-02 -2.6282355e-02 0.0000000e+00
 endloop
endfacet
facet normal -0.000000e+00 0.000000e+00 -1.000000e+00
 outer loop
  vertex -2.0253776e-02 -2.7309056e-02 0.0000000e+00
  vertex -4.4677448e-02 -6.0240565e-02 0.0000000e+00
  vertex -2.1569372e-02 -2.6282355e-02 0.0000000e+00
 endloop
endfacet
facet normal 0.000000e+00 0.000000e+00 -1.000000e+00
 outer loop
  vertex -4.1667767e-02 -6.2360221e-02 0.0000000e+00
  vertex -4.4677448e-02 -6.0240565e-02 0.0000000e+00
  vertex -2.0253776e-02 -2.7309056e-02 0.0000000e+00
 endloop
endfacet
facet normal -0.000000e+00 0.000000e+00 -1.000000e+00
 outer loop
  vertex -1.8889388e-02 -2.8269967e-02 0.0000000e+00
  vertex -4.1667767e-02 -6.2360221e-02 0.0000000e+00
  vertex -2.0253776e-02 -2.7309056e-02 0.0000000e+00
 endloop
endfacet
facet normal 0.000000e+00 0.000000e+00 -1.000000e+00
 outer loop
  vertex -3.8557706e-02 -6.4329646e-02 0.0000000e+00
  vertex -4.1667767e-02 -6.2360221e-02 0.0000000e+00
  vertex -1.8889388e-02 -2.8269967e-02 0.0000000e+00
 endloop
endfacet
facet normal -0.000000e+00 0.000000e+00 -1.000000e+00
 outer loop
  vertex -1.7479493e-02 -2.9162773e-02 0.0000000e+00
  vertex -3.8557706e-02 -6.4329646e-02 0.0000000e+00
  vertex -1.8889388e-02 -2.8269967e-02 0.0000000e+00
 endloop
endfacet
facet normal 0.000000e+00 0.000000e+00 -1.000000e+00
 outer loop
  vertex -3.5354755e-02 -6.6144095e-02 0.0000000e+00
  vertex -3.8557706e-02 -6.4329646e-02 0.0000000e+00
  vertex -1.7479493e-02 -2.9162773e-02 0.0000000e+00
 endloop
endfacet
facet normal -0.000000e+00 0.000000e+00 -1.000000e+00
 outer loop
  vertex -1.6027489e-02 -2.9985323e-02 0.0000000e+00
  vertex -3.5354755e-02 -6.6144095e-02 0.0000000e+00
  vertex -1.7479493e-02 -2.9162773e-02 0.0000000e+00
 endloop
endfacet
facet normal 0.000000e+00 0.000000e+00 -1.000000e+00
 outer loop
  vertex -3.2066632e-02 -6.7799197e-02 0.0000000e+00
  vertex -3.5354755e-02 -6.6144095e-02 0.0000000e+00
  vertex -1.6027489e-02 -2.9985323e-02 0.0000000e+00
 endloop
endfacet
facet normal -0.000000e+00 0.000000e+00 -1.000000e+00
 outer loop
  vertex -1.4536873e-02 -3.0735636e-02 0.0000000e+00
  vertex -3.2066632e-02 -6.7799197e-02 0.0000000e+00
  vertex -1.6027489e-02 -2.9985323e-02 0.0000000e+00
 endloop
endfacet
facet normal 0.000000e+00 0.000000e+00 -1.000000e+00
 outer loop
  vertex -2.8701257e-02 -6.9290965e-02 0.0000000e+00
  vertex -3.2066632e-02 -6.7799197e-02 0.0000000e+00
  vertex -1.4536873e-02 -3.0735636e-02 0.0000000e+00
 endloop
endfacet
facet normal -0.000000e+00 0.000000e+00 -1.000000e+00
 outer loop
  vertex -1.3011237e-02 -3.1411904e-02 0.0000000e+00
  vertex -2.8701257e-02 -6.9290965e-02 0.0000000e+00
  vertex -1.4536873e-02 -3.0735636e-02 0.0000000e+00
 endloop
endfacet
facet normal 0.000000e+00 0.000000e+00 -1.000000e+00
 outer loop
  vertex -2.5266739e-02 -7.0615805e-02 0.0000000e+00
  vertex -2.8701257e-02 -6.9290965e-02 0.0000000e+00
  vertex -1.3011237e-02 -3.1411904e-02 0.0000000e+00
 endloop
endfacet
facet normal -0.000000e+00 0.000000e+00 -1.000000e+00
 outer loop
  vertex -1.1454255e-02 -3.2012498e-02 0.0000000e+00
  vertex -2.5266739e-02 -7.0615805e-02 0.0000000e+00
  vertex -1.3011237e-02 -3.1411904e-02 0.0000000e+00
 endloop
endfacet
facet normal 0.000000e+00 0.000000e+00 -1.000000e+00
 outer loop
  vertex -2.1771351e-02 -7.1770525e-02 0.0000000e+00
  vertex -2.5266739e-02 -7.0615805e-02 0.0000000e+00
  vertex -1.1454255e-02 -3.2012498e-02 0.0000000e+00
 endloop
endfacet
facet normal -0.000000e+00 0.000000e+00 -1.000000e+00
 outer loop
  vertex -9.8696790e-03 -3.2535971e-02 0.0000000e+00
  vertex -2.1771351e-02 -7.1770525e-02 0.0000000e+00
  vertex -1.1454255e-02 -3.2012498e-02 0.0000000e+00
 endloop
endfacet
facet normal 0.000000e+00 0.000000e+00 -1.000000e+00
 outer loop
  vertex -1.8223513e-02 -7.2752344e-02 0.0000000e+00
  vertex -2.1771351e-02 -7.1770525e-02 0.0000000e+00
  vertex -9.8696790e-03 -3.2535971e-02 0.0000000e+00
 endloop
endfacet
facet normal -0.000000e+00 0.000000e+00 -1.000000e+00
 outer loop
  vertex -8.2613261e-03 -3.2981063e-02 0.0000000e+00
  vertex -1.8223513e-02 -7.2752344e-02 0.0000000e+00
  vertex -9.8696790e-03 -3.2535971e-02 0.0000000e+00
 endloop
endfacet
facet normal 0.000000e+00 0.000000e+00 -1.000000e+00
 outer loop
  vertex -1.4631774e-02 -7.3558896e-02 0.0000000e+00
  vertex -1.8223513e-02 -7.2752344e-02 0.0000000e+00
  vertex -8.2613261e-03 -3.2981063e-02 0.0000000e+00
 endloop
endfacet
facet normal -0.000000e+00 0.000000e+00 -1.000000e+00
 outer loop
  vertex -6.6330709e-03 -3.3346700e-02 0.0000000e+00
  vertex -1.4631774e-02 -7.3558896e-02 0.0000000e+00
  vertex -8.2613261e-03 -3.2981063e-02 0.0000000e+00
 endloop
endfacet
facet normal 0.000000e+00 0.000000e+00 -1.000000e+00
 outer loop
  vertex -1.1004786e-02 -7.4188238e-02 0.0000000e+00
  vertex -1.4631774e-02 -7.3558896e-02 0.0000000e+00
  vertex -6.6330709e-03 -3.3346700e-02 0.0000000e+00
 endloop
endfacet
facet normal -0.000000e+00 0.000000e+00 -1.000000e+00
 outer loop
  vertex -4.9888361e-03 -3.3632001e-02 0.0000000e+00
  vertex -1.1004786e-02 -7.4188238e-02 0.0000000e+00
  vertex -6.6330709e-03 -3.3346700e-02 0.0000000e+00
 endloop
endfacet
facet normal 0.000000e+00 0.000000e+00 -1.000000e+00
 outer loop
  vertex -7.3512855e-03 -7.4638855e-02 0.0000000e+00
  vertex -1.1004786e-02 -7.4188238e-02 0.0000000e+00
  vertex -4.9888361e-03 -3.3632001e-02 0.0000000e+00
 endloop
endfacet
facet normal -0.000000e+00 0.000000e+00 -1.000000e+00
 outer loop
  vertex -3.3325828e-03 -3.3836281e-02 0.0000000e+00
  vertex -7.3512855e-03 -7.4638855e-02 0.0000000e+00
  vertex -4.9888361e-03 -3.3632001e-02 0.0000000e+00
 endloop
endfacet
facet normal 0.000000e+00 0.000000e+00 -1.000000e+00
 outer loop
  vertex -3.6800756e-03 -7.4909659e-02 0.0000000e+00
  vertex -7.3512855e-03 -7.4638855e-02 0.0000000e+00
  vertex -3.3325828e-03 -3.3836281e-02 0.0000000e+00
 endloop
endfacet
facet normal -0.000000e+00 0.000000e+00 -1.000000e+00
 outer loop
  vertex -1.6683009e-03 -3.3959046e-02 0.0000000e+00
  vertex -3.6800756e-03 -7.4909659e-02 0.0000000e+00
  vertex -3.3325828e-03 -3.3836281e-02 0.0000000e+00
 endloop
endfacet
facet normal 0.000000e+00 0.000000e+00 -1.000000e+00
 outer loop
  vertex -1.3777276e-17 -7.5000000e-02 0.0000000e+00
  vertex -3.6800756e-03 -7.4909659e-02 0.0000000e+00
  vertex -1.6683009e-03 -3.3959046e-02 0.0000000e+00
 endloop
endfacet
facet normal -0.000000e+00 0.000000e+00 -1.000000e+00
 outer loop
  vertex -6.2456987e-18 -3.4000000e-02 0.0000000e+00
  vertex -1.3777276e-17 -7.5000000e-02 0.0000000e+00
  vertex -1.6683009e-03 -3.3959046e-02 0.0000000e+00
 endloop
endfacet
facet normal -0.000000e+00 0.000000e+00 -1.000000e+00
 outer loop
  vertex 3.6800756e-03 -7.4909659e-02 0.0000000e+00
  vertex -1.3777276e-17 -7.5000000e-02 0.0000000e+00
  vertex -6.2456987e-18 -3.4000000e-02 0.0000000e+00
 endloop
endfacet
facet normal 0.000000e+00 -0.000000e+00 -1.000000e+00
 outer loop
  vertex 1.6683009e-03 -3.3959046e-02 0.0000000e+00
  vertex 3.6800756e-03 -7.4909659e-02 0.0000000e+00
  vertex -6.2456987e-18 -3.4000000e-02 0.0000000e+00
 endloop
endfacet
facet normal -0.000000e+00 0.000000e+00 -1.000000e+00
 outer loop
  vertex 7.3512855e-03 -7.4638855e-02 0.0000000e+00
  vertex 3.6800756e-03 -7.4909659e-02 0.0000000e+00
  vertex 1.6683009e-03 -3.3959046e-02 0.0000000e+00
 endloop
endfacet
facet normal 0.000000e+00 -0.000000e+00 -1.000000e+00
 outer loop
  vertex 3.3325828e-03 -3.3836281e-02 0.0000000e+00
  vertex 7.3512855e-03 -7.4638855e-02 0.0000000e+00
  vertex 1.6683009e-03 -3.3959046e-02 0.0000000e+00
 endloop
endfacet
facet normal -0.000000e+00 0.000000e+00 -1.000000e+00
 outer loop
  vertex 1.1004786e-02 -7.4188238e-02 0.0000000e+00
  vertex 7.3512855e-03 -7.4638855e-02 0.0000000e+00
  vertex 3.3325828e-03 -3.3836281e-02 0.0000000e+00
 endloop
endfacet
facet normal 0.000000e+00 -0.000000e+00 -1.000000e+00
 outer loop
  vertex 4.9888361e-03 -3.3632001e-02 0.0000000e+00
  vertex 1.1004786e-02 -7.4188238e-02 0.0000000e+00
  vertex 3.3325828e-03 -3.3836281e-02 0.0000000e+00
 endloop
endfacet
facet normal -0.000000e+00 0.000000e+00 -1.000000e+00
 outer loop
  vertex 1.4631774e-02 -7.3558896e-02 0.0000000e+00
  vertex 1.1004786e-02 -7.4188238e-02 0.0000000e+00
  vertex 4.9888361e-03 -3.3632001e-02 0.0000000e+00
 endloop
endfacet
facet normal 0.000000e+00 -0.000000e+00 -1.000000e+00
 outer loop
  vertex 6.6330709e-03 -3.3346700e-02 0.0000000e+00
  vertex 1.4631774e-02 -7.3558896e-02 0.0000000e+00
  vertex 4.9888361e-03 -3.3632001e-02 0.0000000e+00
 endloop
endfacet
facet normal -0.000000e+00 0.000000e+00 -1.000000e+00
 outer loop
  vertex 1.8223513e-02 -7.2752344e-02 0.0000000e+00
  vertex 1.4631774e-02 -7.3558896e-02 0.0000000e+00
  vertex 6.6330709e-03 -3.3346700e-02 0.0000000e+00
 endloop
endfacet
facet normal 0.000000e+00 -0.000000e+00 -1.000000e+00
 outer loop
  vertex 8.2613261e-03 -3.2981063e-02 0.0000000e+00
  vertex 1.8223513e-02 -7.2752344e-02 0.0000000e+00
  vertex 6.6330709e-03 -3.3346700e-02 0.0000000e+00
 endloop
endfacet
facet normal -0.000000e+00 0.000000e+00 -1.000000e+00
 outer loop
  vertex 2.1771351e-02 -7.1770525e-02 0.0000000e+00
  vertex 1.8223513e-02 -7.2752344e-02 0.0000000e+00
  vertex 8.2613261e-03 -3.2981063e-02 0.0000000e+00
 endloop
endfacet
facet normal 0.000000e+00 -0.000000e+00 -1.000000e+00
 outer loop
  vertex 9.8696790e-03 -3.2535971e-02 0.0000000e+00
  vertex 2.1771351e-02 -7.1770525e-02 0.0000000e+00
  vertex 8.2613261e-03 -3.2981063e-02 0.0000000e+00
 endloop
endfacet
facet normal -0.000000e+00 0.000000e+00 -1.000000e+00
 outer loop
  vertex 2.5266739e-02 -7.0615805e-02 0.0000000e+00
  vertex 2.1771351e-02 -7.1770525e-02 0.0000000e+00
  vertex 9.8696790e-03 -3.2535971e-02 0.0000000e+00
 endloop
endfacet
facet normal 0.000000e+00 -0.000000e+00 -1.000000e+00
 outer loop
  vertex 1.1454255e-02 -3.2012498e-02 0.0000000e+00
  vertex 2.5266739e-02 -7.0615805e-02 0.0000000e+00
  vertex 9.8696790e-03 -3.2535971e-02 0.0000000e+00
 endloop
endfacet
facet normal -0.000000e+00 0.000000e+00 -1.000000e+00
 outer loop
  vertex 2.8701257e-02 -6.9290965e-02 0.0000000e+00
  vertex 2.5266739e-02 -7.0615805e-02 0.0000000e+00
  vertex 1.1454255e-02 -3.2012498e-02 0.0000000e+00
 endloop
endfacet
facet normal 0.000000e+00 -0.000000e+00 -1.000000e+00
 outer loop
  vertex 1.3011237e-02 -3.1411904e-02 0.0000000e+00
  vertex 2.8701257e-02 -6.9290965e-02 0.0000000e+00
  vertex 1.1454255e-02 -3.2012498e-02 0.0000000e+00
 endloop
endfacet
facet normal -0.000000e+00 0.000000e+00 -1.000000e+00
 outer loop
  vertex 3.2066632e-02 -6.7799197e-02 0.0000000e+00
  vertex 2.8701257e-02 -6.9290965e-02 0.0000000e+00
  vertex 1.3011237e-02 -3.1411904e-02 0.0000000e+00
 endloop
endfacet
facet normal 0.000000e+00 -0.000000e+00 -1.000000e+00
 outer loop
  vertex 1.4536873e-02 -3.0735636e-02 0.0000000e+00
  vertex 3.2066632e-02 -6.7799197e-02 0.0000000e+00
  vertex 1.3011237e-02 -3.1411904e-02 0.0000000e+00
 endloop
endfacet
facet normal -0.000000e+00 0.000000e+00 -1.000000e+00
 outer loop
  vertex 3.5354755e-02 -6.6144095e-02 0.0000000e+00
  vertex 3.2066632e-02 -6.7799197e-02 0.0000000e+00
  vertex 1.4536873e-02 -3.0735636e-02 0.0000000e+00
 endloop
endfacet
facet normal 0.000000e+00 -0.000000e+00 -1.000000e+00
 outer loop
  vertex 1.6027489e-02 -2.9985323e-02 0.0000000e+00
  vertex 3.5354755e-02 -6.6144095e-02 0.0000000e+00
  vertex 1.4536873e-02 -3.0735636e-02 0.0000000e+00
 endloop
endfacet
facet normal -0.000000e+00 0.000000e+00 -1.000000e+00
 outer loop
  vertex 3.8557706e-02 -6.4329646e-02 0.0000000e+00
  vertex 3.5354755e-02 -6.6144095e-02 0.0000000e+00
  vertex 1.6027489e-02 -2.9985323e-02 0.0000000e+00
 endloop
endfacet
facet normal 0.000000e+00 -0.000000e+00 -1.000000e+00
 outer loop
  vertex 1.7479493e-02 -2.9162773e-02 0.0000000e+00
  vertex 3.8557706e-02 -6.4329646e-02 0.0000000e+00
  vertex 1.6027489e-02 -2.9985323e-02 0.0000000e+00
 endloop
endfacet
facet normal -0.000000e+00 0.000000e+00 -1.000000e+00
 outer loop
  vertex 4.1667767e-02 -6.2360221e-02 0.0000000e+00
  vertex 3.8557706e-02 -6.4329646e-02 0.0000000e+00
  vertex 1.7479493e-02 -2.9162773e-02 0.0000000e+00
 endloop
endfacet
facet normal 0.000000e+00 -0.000000e+00 -1.000000e+00
 outer loop
  vertex 1.8889388e-02 -2.8269967e-02 0.0000000e+00
  vertex 4.1667767e-02 -6.2360221e-02 0.0000000e+00
  vertex 1.7479493e-02 -2.9162773e-02 0.0000000e+00
 endloop
endfacet
facet normal -0.000000e+00 0.000000e+00 -1.000000e+00
 outer loop
  vertex 4.4677448e-02 -6.0240565e-02 0.0000000e+00
  vertex 4.1667767e-02 -6.2360221e-02 0.0000000e+00
  vertex 1.8889388e-02 -2.8269967e-02 0.0000000e+00
 endloop
endfacet
facet normal 0.000000e+00 -0.000000e+00 -1.000000e+00
 outer loop
  vertex 2.0253776e-02 -2.7309056e-02 0.0000000e+00
  vertex 4.4677448e-02 -6.0240565e-02 0.0000000e+00
  vertex 1.8889388e-02 -2.8269967e-02 0.0000000e+00
 endloop
endfacet
facet normal -0.000000e+00 0.000000e+00 -1.000000e+00
 outer loop
  vertex 4.7579496e-02 -5.7975784e-02 0.0000000e+00
  vertex 4.4677448e-02 -6.0240565e-02 0.0000000e+00
  vertex 2.0253776e-02 -2.7309056e-02 0.0000000e+00
 endloop
endfacet
facet normal 0.000000e+00 -0.000000e+00 -1.000000e+00
 outer loop
  vertex 2.1569372e-02 -2.6282355e-02 0.0000000e+00
  vertex 4.7579496e-02 -5.7975784e-02 0.0000000e+00
  vertex 2.0253776e-02 -2.7309056e-02 0.0000000e+00
 endloop
endfacet
facet normal -0.000000e+00 0.000000e+00 -1.000000e+00
 outer loop
  vertex 5.0366922e-02 -5.5571334e-02 0.0000000e+00
  vertex 4.7579496e-02 -5.7975784e-02 0.0000000e+00
  vertex 2.1569372e-02 -2.6282355e-02 0.0000000e+00
 endloop
endfacet
facet normal 0.000000e+00 -0.000000e+00 -1.000000e+00
 outer loop
  vertex 2.2833004e-02 -2.5192338e-02 0.0000000e+00
  vertex 5.0366922e-02 -5.5571334e-02 0.0000000e+00
  vertex 2.1569372e-02 -2.6282355e-02 0.0000000e+00
 endloop
endfacet
facet normal -0.000000e+00 0.000000e+00 -1.000000e+00
 outer loop
  vertex 5.3033009e-02 -5.3033009e-02 0.0000000e+00
  vertex 5.0366922e-02 -5.5571334e-02 0.0000000e+00
  vertex 2.2833004e-02 -2.5192338e-02 0.0000000e+00
 endloop
endfacet
facet normal 0.000000e+00 -0.000000e+00 -1.000000e+00
 outer loop
  vertex 2.4041631e-02 -2.4041631e-02 0.0000000e+00
  vertex 5.3033009e-02 -5.3033009e-02 0.0000000e+00
  vertex 2.2833004e-02 -2.5192338e-02 0.0000000e+00
 endloop
endfacet
facet normal -0.000000e+00 0.000000e+00 -1.000000e+00
 outer loop
  vertex 5.5571334e-02 -5.0366922e-02 0.0000000e+00
  vertex 5.3033009e-02 -5.3033009e-02 0.0000000e+00
  vertex 2.4041631e-02 -2.4041631e-02 0.0000000e+00
 endloop
endfacet
facet normal 0.000000e+00 -0.000000e+00 -1.000000e+00
 outer loop
  vertex 2.5192338e-02 -2.2833004e-02 0.0000000e+00
  vertex 5.5571334e-02 -5.0366922e-02 0.0000000e+00
  vertex 2.4041631e-02 -2.4041631e-02 0.0000000e+00
 endloop
endfacet
facet normal -0.000000e+00 0.000000e+00 -1.000000e+00
 outer loop
  vertex 5.7975784e-02 -4.7579496e-02 0.0000000e+00
  vertex 5.5571334e-02 -5.0366922e-02 0.0000000e+00
  vertex 2.5192338e-02 -2.2833004e-02 0.0000000e+00
 endloop
endfacet
facet normal 0.000000e+00 -0.000000e+00 -1.000000e+00
 outer loop
  vertex 2.6282355e-02 -2.1569372e-02 0.0000000e+00
  vertex 5.7975784e-02 -4.7579496e-02 0.0000000e+00
  vertex 2.5192338e-02 -2.2833004e-02 0.0000000e+00
 endloop
endfacet
facet normal -0.000000e+00 0.000000e+00 -1.000000e+00
 outer loop
  vertex 6.0240565e-02 -4.4677448e-02 0.0000000e+00
  vertex 5.7975784e-02 -4.7579496e-02 0.0000000e+00
  vertex 2.6282355e-02 -2.1569372e-02 0.0000000e+00
 endloop
endfacet
facet normal 0.000000e+00 -0.000000e+00 -1.000000e+00
 outer loop
  vertex 2.7309056e-02 -2.0253776e-02 0.0000000e+00
  vertex 6.0240565e-02 -4.4677448e-02 0.0000000e+00
  vertex 2.6282355e-02 -2.1569372e-02 0.0000000e+00
 endloop
endfacet
facet normal -0.000000e+00 0.000000e+00 -1.000000e+00
 outer loop
  vertex 6.2360221e-02 -4.1667767e-02 0.0000000e+00
  vertex 6.0240565e-02 -4.4677448e-02 0.0000000e+00
  vertex 2.7309056e-02 -2.0253776e-02 0.0000000e+00
 endloop
endfacet
facet normal 0.000000e+00 -0.000000e+00 -1.000000e+00
 outer loop
  vertex 2.8269967e-02 -1.8889388e-02 0.0000000e+00
  vertex 6.2360221e-02 -4.1667767e-02 0.0000000e+00
  vertex 2.7309056e-02 -2.0253776e-02 0.0000000e+00
 endloop
endfacet
facet normal -0.000000e+00 0.000000e+00 -1.000000e+00
 outer loop
  vertex 6.4329646e-02 -3.8557706e-02 0.0000000e+00
  vertex 6.2360221e-02 -4.1667767e-02 0.0000000e+00
  vertex 2.8269967e-02 -1.8889388e-02 0.0000000e+00
 endloop
endfacet
facet normal 0.000000e+00 -0.000000e+00 -1.000000e+00
 outer loop
  vertex 2.9162773e-02 -1.7479493e-02 0.0000000e+00
  vertex 6.4329646e-02 -3.8557706e-02 0.0000000e+00
  vertex 2.8269967e-02 -1.8889388e-02 0.0000000e+00
 endloop
endfacet
facet normal -0.000000e+00 0.000000e+00 -1.000000e+00
 outer loop
  vertex 6.6144095e-02 -3.5354755e-02 0.0000000e+00
  vertex 6.4329646e-02 -3.8557706e-02 0.0000000e+00
  vertex 2.9162773e-02 -1.7479493e-02 0.0000000e+00
 endloop
endfacet
facet normal 0.000000e+00 -0.000000e+00 -1.000000e+00
 outer loop
  vertex 2.9985323e-02 -1.6027489e-02 0.0000000e+00
  vertex 6.6144095e-02 -3.5354755e-02 0.0000000e+00
  vertex 2.9162773e-02 -1.7479493e-02 0.0000000e+00
 endloop
endfacet
facet normal -0.000000e+00 0.000000e+00 -1.000000e+00
 outer loop
  vertex 6.7799197e-02 -3.2066632e-02 0.0000000e+00
  vertex 6.6144095e-02 -3.5354755e-02 0.0000000e+00
  vertex 2.9985323e-02 -1.6027489e-02 0.0000000e+00
 endloop
endfacet
facet normal 0.000000e+00 -0.000000e+00 -1.000000e+00
 outer loop
  vertex 3.0735636e-02 -1.4536873e-02 0.0000000e+00
  vertex 6.7799197e-02 -3.2066632e-02 0.0000000e+00
  vertex 2.9985323e-02 -1.6027489e-02 0.0000000e+00
 endloop
endfacet
facet normal -0.000000e+00 0.000000e+00 -1.000000e+00
 outer loop
  vertex 6.9290965e-02 -2.8701257e-02 0.0000000e+00
  vertex 6.7799197e-02 -3.2066632e-02 0.0000000e+00
  vertex 3.0735636e-02 -1.4536873e-02 0.0000000e+00
 endloop
endfacet
facet normal 0.000000e+00 -0.000000e+00 -1.000000e+00
 outer loop
  vertex 3.1411904e-02 -1.3011237e-02 0.0000000e+00
  vertex 6.9290965e-02 -2.8701257e-02 0.0000000e+00
  vertex 3.0735636e-02 -1.4536873e-02 0.0000000e+00
 endloop
endfacet
facet normal -0.000000e+00 0.000000e+00 -1.000000e+00
 outer loop
  vertex 7.0615805e-02 -2.5266739e-02 0.0000000e+00
  vertex 6.9290965e-02 -2.8701257e-02 0.0000000e+00
  vertex 3.1411904e-02 -1.3011237e-02 0.0000000e+00
 endloop
endfacet
facet normal 0.000000e+00 -0.000000e+00 -1.000000e+00
 outer loop
  vertex 3.2012498e-02 -1.1454255e-02 0.0000000e+00
  vertex 7.0615805e-02 -2.5266739e-02 0.0000000e+00
  vertex 3.1411904e-02 -1.3011237e-02 0.0000000e+00
 endloop
endfacet
facet normal -0.000000e+00 0.000000e+00 -1.000000e+00
 outer loop
  vertex 7.1770525e-02 -2.1771351e-02 0.0000000e+00
  vertex 7.0615805e-02 -2.5266739e-02 0.0000000e+00
  vertex 3.2012498e-02 -1.1454255e-02 0.0000000e+00
 endloop
endfacet
facet normal 0.000000e+00 -0.000000e+00 -1.000000e+00
 outer loop
  vertex 3.2535971e-02 -9.8696790e-03 0.0000000e+00
  vertex 7.1770525e-02 -2.1771351e-02 0.0000000e+00
  vertex 3.2012498e-02 -1.1454255e-02 0.0000000e+00
 endloop
endfacet
facet normal -0.000000e+00 0.000000e+00 -1.000000e+00
 outer loop
  vertex 7.2752344e-02 -1.8223513e-02 0.0000000e+00
  vertex 7.1770525e-02 -2.1771351e-02 0.0000000e+00
  vertex 3.2535971e-02 -9.8696790e-03 0.0000000e+00
 endloop
endfacet
facet normal 0.000000e+00 -0.000000e+00 -1.000000e+00
 outer loop
  vertex 3.2981063e-02 -8.2613261e-03 0.0000000e+00
  vertex 7.2752344e-02 -1.8223513e-02 0.0000000e+00
  vertex 3.2535971e-02 -9.8696790e-03 0.0000000e+00
 endloop
endfacet
facet normal -0.000000e+00 0.000000e+00 -1.000000e+00
 outer loop
  vertex 7.3558896e-02 -1.4631774e-02 0.0000000e+00
  vertex 7.2752344e-02 -1.8223513e-02 0.0000000e+00
  vertex 3.2981063e-02 -8.2613261e-03 0.0000000e+00
 endloop
endfacet
facet normal 0.000000e+00 -0.000000e+00 -1.000000e+00
 outer loop
  vertex 3.3346700e-02 -6.6330709e-03 0.0000000e+00
  vertex 7.3558896e-02 -1.4631774e-02 0.0000000e+00
  vertex 3.2981063e-02 -8.2613261e-03 0.0000000e+00
 endloop
endfacet
facet normal -0.000000e+00 0.000000e+00 -1.000000e+00
 outer loop
  vertex 7.4188238e-02 -1.1004786e-02 0.0000000e+00
  vertex 7.3558896e-02 -1.4631774e-02 0.0000000e+00
  vertex 3.3346700e-02 -6.6330709e-03 0.0000000e+00
 endloop
endfacet
facet normal 0.000000e+00 -0.000000e+00 -1.000000e+00
 outer loop
  vertex 3.3632001e-02 -4.9888361e-03 0.0000000e+00
  vertex 7.4188238e-02 -1.1004786e-02 0.0000000e+00
  vertex 3.3346700e-02 -6.6330709e-03 0.0000000e+00
 endloop
endfacet
facet normal -0.000000e+00 0.000000e+00 -1.000000e+00
 outer loop
  vertex 7.4638855e-02 -7.3512855e-03 0.0000000e+00
  vertex 7.4188238e-02 -1.1004786e-02 0.0000000e+00
  vertex 3.3632001e-02 -4.9888361e-03 0.0000000e+00
 endloop
endfacet
facet normal 0.000000e+00 -0.000000e+00 -1.000000e+00
 outer loop
  vertex 3.3836281e-02 -3.3325828e-03 0.0000000e+00
  vertex 7.4638855e-02 -7.3512855e-03 0.0000000e+00
  vertex 3.3632001e-02 -4.9888361e-03 0.0000000e+00
 endloop
endfacet
facet normal -0.000000e+00 0.000000e+00 -1.000000e+00
 outer loop
  vertex 7.4909659e-02 -3.6800756e-03 0.0000000e+00
  vertex 7.4638855e-02 -7.3512855e-03 0.0000000e+00
  vertex 3.3836281e-02 -3.3325828e-03 0.0000000e+00
 endloop
endfacet
facet normal 0.000000e+00 -0.000000e+00 -1.000000e+00
 outer loop
  vertex 3.3959046e-02 -1.6683009e-03 0.0000000e+00
  vertex 7.4909659e-02 -3.6800756e-03 0.0000000e+00
  vertex 3.3836281e-02 -3.3325828e-03 0.0000000e+00
 endloop
endfacet
facet normal 0.000000e+00 0.000000e+00 -1.000000e+00
 outer loop
  vertex 7.5000000e-02 0.0000000e+00 0.0000000e+00
  vertex 7.4909659e-02 -3.6800756e-03 0.0000000e+00
  vertex 3.3959046e-02 -1.6683009e-03 0.0000000e+00
 endloop
endfacet
facet normal 0.000000e+00 -0.000000e+00 -1.000000e+00
 outer loop
  vertex 3.4000000e-02 0.0000000e+00 0.0000000e+00
  vertex 7.5000000e-02 0.0000000e+00 0.0000000e+00
  vertex 3.3959046e-02 -1.6683009e-03 0.0000000e+00
 endloop
endfacet
facet normal 9.996988e-01 2.454123e-02 0.000000e+00
 outer loop
  vertex 7.4909659e-02 3.6800756e-03 5.0000000e-03
  vertex 7.5000000e-02 0.0000000e+00 5.0000000e-03
  vertex 7.5000000e-02 0.0000000e+00 0.0000000e+00
 endloop
endfacet
facet normal 9.996988e-01 2.454123e-02 -0.000000e+00
 outer loop
  vertex 7.4909659e-02 3.6800756e-03 0.0000000e+00
  vertex 7.4909659e-02 3.6800756e-03 5.0000000e-03
  vertex 7.5000000e-02 0.0000000e+00 0.0000000e+00
 endloop
endfacet
facet normal 9.972905e-01 7.356456e-02 0.000000e+00
 outer loop
  vertex 7.4638855e-02 7.3512855e-03 5.0000000e-03
  vertex 7.4909659e-02 3.6800756e-03 5.0000000e-03
  vertex 7.4909659e-02 3.6800756e-03 0.0000000e+00
 endloop
endfacet
facet normal 9.972905e-01 7.356456e-02 -0.000000e+00
 outer loop
  vertex 7.4638855e-02 7.3512855e-03 0.0000000e+00
  vertex 7.4638855e-02 7.3512855e-03 5.0000000e-03
  vertex 7.4909659e-02 3.6800756e-03 0.0000000e+00
 endloop
endfacet
facet normal 9.924795e-01 1.224107e-01 0.000000e+00
 outer loop
  vertex 7.4188238e-02 1.1004786e-02 5.0000000e-03
  vertex 7.4638855e-02 7.3512855e-03 5.0000000e-03
  vertex 7.4638855e-02 7.3512855e-03 0.0000000e+00
 endloop
endfacet
facet normal 9.924795e-01 1.224107e-01 -0.000000e+00
 outer loop
  vertex 7.4188238e-02 1.1004786e-02 0.0000000e+00
  vertex 7.4188238e-02 1.1004786e-02 5.0000000e-03
  vertex 7.4638855e-02 7.3512855e-03 0.0000000e+00
 endloop
endfacet
facet normal 9.852776e-01 1.709619e-01 0.000000e+00
 outer loop
  vertex 7.3558896e-02 1.4631774e-02 5.0000000e-03
  vertex 7.4188238e-02 1.1004786e-02 5.0000000e-03
  vertex 7.4188238e-02 1.1004786e-02 0.0000000e+00
 endloop
endfacet
facet normal 9.852776e-01 1.709619e-01 -0.000000e+00
 outer loop
  vertex 7.3558896e-02 1.4631774e-02 0.0000000e+00
  vertex 7.3558896e-02 1.4631774e-02 5.0000000e-03
  vertex 7.4188238e-02 1.1004786e-02 0.0000000e+00
 endloop
endfacet
facet normal 9.757021e-01 2.191012e-01 0.000000e+00
 outer loop
  vertex 7.2752344e-02 1.8223513e-02 5.0000000e-03
  vertex 7.3558896e-02 1.4631774e-02 5.0000000e-03
  vertex 7.3558896e-02 1.4631774e-02 0.0000000e+00
 endloop
endfacet
facet normal 9.757021e-01 2.191012e-01 -0.000000e+00
 outer loop
  vertex 7.2752344e-02 1.8223513e-02 0.0000000e+00
  vertex 7.2752344e-02 1.8223513e-02 5.0000000e-03
  vertex 7.3558896e-02 1.4631774e-02 0.0000000e+00
 endloop
endfacet
facet normal 9.637761e-01 2.667128e-01 0.000000e+00
 outer loop
  vertex 7.1770525e-02 2.1771351e-02 5.0000000e-03
  vertex 7.2752344e-02 1.8223513e-02 5.0000000e-03
  vertex 7.2752344e-02 1.8223513e-02 0.0000000e+00
 endloop
endfacet
facet normal 9.637761e-01 2.667128e-01 -0.000000e+00
 outer loop
  vertex 7.1770525e-02 2.1771351e-02 0.0000000e+00
  vertex 7.1770525e-02 2.1771351e-02 5.0000000e-03
  vertex 7.2752344e-02 1.8223513e-02 0.0000000e+00
 endloop
endfacet
facet normal 9.495282e-01 3.136817e-01 0.000000e+00
 outer loop
  vertex 7.0615805e-02 2.5266739e-02 5.0000000e-03
  vertex 7.1770525e-02 2.1771351e-02 5.0000000e-03
  vertex 7.1770525e-02 2.1771351e-02 0.0000000e+00
 endloop
endfacet
facet normal 9.495282e-01 3.136817e-01 -0.000000e+00
 outer loop
  vertex 7.0615805e-02 2.5266739e-02 0.0000000e+00
  vertex 7.0615805e-02 2.5266739e-02 5.0000000e-03
  vertex 7.1770525e-02 2.1771351e-02 0.0000000e+00
 endloop
endfacet
facet normal 9.329928e-01 3.598950e-01 0.000000e+00
 outer loop
  vertex 6.9290965e-02 2.8701257e-02 5.0000000e-03
  vertex 7.0615805e-02 2.5266739e-02 5.0000000e-03
  vertex 7.0615805e-02 2.5266739e-02 0.0000000e+00
 endloop
endfacet
facet normal 9.329928e-01 3.598950e-01 -0.000000e+00
 outer loop
  vertex 6.9290965e-02 2.8701257e-02 0.0000000e+00
  vertex 6.9290965e-02 2.8701257e-02 5.0000000e-03
  vertex 7.0615805e-02 2.5266739e-02 0.0000000e+00
 endloop
endfacet
facet normal 9.142098e-01 4.052413e-01 0.000000e+00
 outer loop
  vertex 6.7799197e-02 3.2066632e-02 5.0000000e-03
  vertex 6.9290965e-02 2.8701257e-02 5.0000000e-03
  vertex 6.9290965e-02 2.8701257e-02 0.0000000e+00
 endloop
endfacet
facet normal 9.142098e-01 4.052413e-01 -0.000000e+00
 outer loop
  vertex 6.7799197e-02 3.2066632e-02 0.0000000e+00
  vertex 6.7799197e-02 3.2066632e-02 5.0000000e-03
  vertex 6.9290965e-02 2.8701257e-02 0.0000000e+00
 endloop
endfacet
facet normal 8.932243e-01 4.496113e-01 0.000000e+00
 outer loop
  vertex 6.6144095e-02 3.5354755e-02 5.0000000e-03
  vertex 6.7799197e-02 3.2066632e-02 5.0000000e-03
  vertex 6.7799197e-02 3.2066632e-02 0.0000000e+00
 endloop
endfacet
facet normal 8.932243e-01 4.496113e-01 -0.000000e+00
 outer loop
  vertex 6.6144095e-02 3.5354755e-02 0.0000000e+00
  vertex 6.6144095e-02 3.5354755e-02 5.0000000e-03
  vertex 6.7799197e-02 3.2066632e-02 0.0000000e+00
 endloop
endfacet
facet normal 8.700870e-01 4.928982e-01 0.000000e+00
 outer loop
  vertex 6.4329646e-02 3.8557706e-02 5.0000000e-03
  vertex 6.6144095e-02 3.5354755e-02 5.0000000e-03
  vertex 6.6144095e-02 3.5354755e-02 0.0000000e+00
 endloop
endfacet
facet normal 8.700870e-01 4.928982e-01 -0.000000e+00
 outer loop
  vertex 6.4329646e-02 3.8557706e-02 0.0000000e+00
  vertex 6.4329646e-02 3.8557706e-02 5.0000000e-03
  vertex 6.6144095e-02 3.5354755e-02 0.0000000e+00
 endloop
endfacet
facet normal 8.448536e-01 5.349976e-01 0.000000e+00
 outer loop
  vertex 6.2360221e-02 4.1667767e-02 5.0000000e-03
  vertex 6.4329646e-02 3.8557706e-02 5.0000000e-03
  vertex 6.4329646e-02 3.8557706e-02 0.0000000e+00
 endloop
endfacet
facet normal 8.448536e-01 5.349976e-01 -0.000000e+00
 outer loop
  vertex 6.2360221e-02 4.1667767e-02 0.0000000e+00
  vertex 6.2360221e-02 4.1667767e-02 5.0000000e-03
  vertex 6.4329646e-02 3.8557706e-02 0.0000000e+00
 endloop
endfacet
facet normal 8.175848e-01 5.758082e-01 0.000000e+00
 outer loop
  vertex 6.0240565e-02 4.4677448e-02 5.0000000e-03
  vertex 6.2360221e-02 4.1667767e-02 5.0000000e-03
  vertex 6.2360221e-02 4.1667767e-02 0.0000000e+00
 endloop
endfacet
facet normal 8.175848e-01 5.758082e-01 -0.000000e+00
 outer loop
  vertex 6.0240565e-02 4.4677448e-02 0.0000000e+00
  vertex 6.0240565e-02 4.4677448e-02 5.0000000e-03
  vertex 6.2360221e-02 4.1667767e-02 0.0000000e+00
 endloop
endfacet
facet normal 7.883464e-01 6.152316e-01 0.000000e+00
 outer loop
  vertex 5.7975784e-02 4.7579496e-02 5.0000000e-03
  vertex 6.0240565e-02 4.4677448e-02 5.0000000e-03
  vertex 6.0240565e-02 4.4677448e-02 0.0000000e+00
 endloop
endfacet
facet normal 7.883464e-01 6.152316e-01 -0.000000e+00
 outer loop
  vertex 5.7975784e-02 4.7579496e-02 0.0000000e+00
  vertex 5.7975784e-02 4.7579496e-02 5.0000000e-03
  vertex 6.0240565e-02 4.4677448e-02 0.0000000e+00
 endloop
endfacet
facet normal 7.572088e-01 6.531728e-01 0.000000e+00
 outer loop
  vertex 5.5571334e-02 5.0366922e-02 5.0000000e-03
  vertex 5.7975784e-02 4.7579496e-02 5.0000000e-03
  vertex 5.7975784e-02 4.7579496e-02 0.0000000e+00
 endloop
endfacet
facet normal 7.572088e-01 6.531728e-01 -0.000000e+00
 outer loop
  vertex 5.5571334e-02 5.0366922e-02 0.0000000e+00
  vertex 5.5571334e-02 5.0366922e-02 5.0000000e-03
  vertex 5.7975784e-02 4.7579496e-02 0.0000000e+00
 endloop
endfacet
facet normal 7.242471e-01 6.895405e-01 0.000000e+00
 outer loop
  vertex 5.3033009e-02 5.3033009e-02 5.0000000e-03
  vertex 5.5571334e-02 5.0366922e-02 5.0000000e-03
  vertex 5.5571334e-02 5.0366922e-02 0.0000000e+00
 endloop
endfacet
facet normal 7.242471e-01 6.895405e-01 -0.000000e+00
 outer loop
  vertex 5.3033009e-02 5.3033009e-02 0.0000000e+00
  vertex 5.3033009e-02 5.3033009e-02 5.0000000e-03
  vertex 5.5571334e-02 5.0366922e-02 0.0000000e+00
 endloop
endfacet
facet normal 6.895405e-01 7.242471e-01 0.000000e+00
 outer loop
  vertex 5.0366922e-02 5.5571334e-02 5.0000000e-03
  vertex 5.3033009e-02 5.3033009e-02 5.0000000e-03
  vertex 5.3033009e-02 5.3033009e-02 0.0000000e+00
 endloop
endfacet
facet normal 6.895405e-01 7.242471e-01 -0.000000e+00
 outer loop
  vertex 5.0366922e-02 5.5571334e-02 0.0000000e+00
  vertex 5.0366922e-02 5.5571334e-02 5.0000000e-03
  vertex 5.3033009e-02 5.3033009e-02 0.0000000e+00
 endloop
endfacet
facet normal 6.531728e-01 7.572088e-01 0.000000e+00
 outer loop
  vertex 4.7579496e-02 5.7975784e-02 5.0000000e-03
  vertex 5.0366922e-02 5.5571334e-02 5.0000000e-03
  vertex 5.0366922e-02 5.5571334e-02 0.0000000e+00
 endloop
endfacet
facet normal 6.531728e-01 7.572088e-01 -0.000000e+00
 outer loop
  vertex 4.7579496e-02 5.7975784e-02 0.0000000e+00
  vertex 4.7579496e-02 5.7975784e-02 5.0000000e-03
  vertex 5.0366922e-02 5.5571334e-02 0.0000000e+00
 endloop
endfacet
facet normal 6.152316e-01 7.883464e-01 0.000000e+00
 outer loop
  vertex 4.4677448e-02 6.0240565e-02 5.0000000e-03
  vertex 4.7579496e-02 5.7975784e-02 5.0000000e-03
  vertex 4.7579496e-02 5.7975784e-02 0.0000000e+00
 endloop
endfacet
facet normal 6.152316e-01 7.883464e-01 -0.000000e+00
 outer loop
  vertex 4.4677448e-02 6.0240565e-02 0.0000000e+00
  vertex 4.4677448e-02 6.0240565e-02 5.0000000e-03
  vertex 4.7579496e-02 5.7975784e-02 0.0000000e+00
 endloop
endfacet
facet normal 5.758082e-01 8.175848e-01 0.000000e+00
 outer loop
  vertex 4.1667767e-02 6.2360221e-02 5.0000000e-03
  vertex 4.4677448e-02 6.0240565e-02 5.0000000e-03
  vertex 4.4677448e-02 6.0240565e-02 0.0000000e+00
 endloop
endfacet
facet normal 5.758082e-01 8.175848e-01 -0.000000e+00
 outer loop
  vertex 4.1667767e-02 6.2360221e-02 0.0000000e+00
  vertex 4.1667767e-02 6.2360221e-02 5.0000000e-03
  vertex 4.4677448e-02 6.0240565e-02 0.0000000e+00
 endloop
endfacet
facet normal 5.349976e-01 8.448536e-01 0.000000e+00
 outer loop
  vertex 3.8557706e-02 6.4329646e-02 5.0000000e-03
  vertex 4.1667767e-02 6.2360221e-02 5.0000000e-03
  vertex 4.1667767e-02 6.2360221e-02 0.0000000e+00
 endloop
endfacet
facet normal 5.349976e-01 8.448536e-01 -0.000000e+00
 outer loop
  vertex 3.8557706e-02 6.4329646e-02 0.0000000e+00
  vertex 3.8557706e-02 6.4329646e-02 5.0000000e-03
  vertex 4.1667767e-02 6.2360221e-02 0.0000000e+00
 endloop
endfacet
facet normal 4.928982e-01 8.700870e-01 0.000000e+00
 outer loop
  vertex 3.5354755e-02 6.6144095e-02 5.0000000e-03
  vertex 3.8557706e-02 6.4329646e-02 5.0000000e-03
  vertex 3.8557706e-02 6.4329646e-02 0.0000000e+00
 endloop
endfacet
facet normal 4.928982e-01 8.700870e-01 -0.000000e+00
 outer loop
  vertex 3.5354755e-02 6.6144095e-02 0.0000000e+00
  vertex 3.5354755e-02 6.6144095e-02 5.0000000e-03
  vertex 3.8557706e-02 6.4329646e-02 0.0000000e+00
 endloop
endfacet
facet normal 4.496113e-01 8.932243e-01 0.000000e+00
 outer loop
  vertex 3.2066632e-02 6.7799197e-02 5.0000000e-03
  vertex 3.5354755e-02 6.6144095e-02 5.0000000e-03
  vertex 3.5354755e-02 6.6144095e-02 0.0000000e+00
 endloop
endfacet
facet normal 4.496113e-01 8.932243e-01 -0.000000e+00
 outer loop
  vertex 3.2066632e-02 6.7799197e-02 0.0000000e+00
  vertex 3.2066632e-02 6.7799197e-02 5.0000000e-03
  vertex 3.5354755e-02 6.6144095e-02 0.0000000e+00
 endloop
endfacet
facet normal 4.052413e-01 9.142098e-01 0.000000e+00
 outer loop
  vertex 2.8701257e-02 6.9290965e-02 5.0000000e-03
  vertex 3.2066632e-02 6.7799197e-02 5.0000000e-03
  vertex 3.2066632e-02 6.7799197e-02 0.0000000e+00
 endloop
endfacet
facet normal 4.052413e-01 9.142098e-01 -0.000000e+00
 outer loop
  vertex 2.8701257e-02 6.9290965e-02 0.0000000e+00
  vertex 2.8701257e-02 6.9290965e-02 5.0000000e-03
  vertex 3.2066632e-02 6.7799197e-02 0.0000000e+00
 endloop
endfacet
facet normal 3.598950e-01 9.329928e-01 0.000000e+00
 outer loop
  vertex 2.5266739e-02 7.0615805e-02 5.0000000e-03
  vertex 2.8701257e-02 6.9290965e-02 5.0000000e-03
  vertex 2.8701257e-02 6.9290965e-02 0.0000000e+00
 endloop
endfacet
facet normal 3.598950e-01 9.329928e-01 -0.000000e+00
 outer loop
  vertex 2.5266739e-02 7.0615805e-02 0.0000000e+00
  vertex 2.5266739e-02 7.0615805e-02 5.0000000e-03
  vertex 2.8701257e-02 6.9290965e-02 0.0000000e+00
 endloop
endfacet
facet normal 3.136817e-01 9.495282e-01 0.000000e+00
 outer loop
  vertex 2.1771351e-02 7.1770525e-02 5.0000000e-03
  vertex 2.5266739e-02 7.0615805e-02 5.0000000e-03
  vertex 2.5266739e-02 7.0615805e-02 0.0000000e+00
 endloop
endfacet
facet normal 3.136817e-01 9.495282e-01 -0.000000e+00
 outer loop
  vertex 2.1771351e-02 7.1770525e-02 0.0000000e+00
  vertex 2.1771351e-02 7.1770525e-02 5.0000000e-03
  vertex 2.5266739e-02 7.0615805e-02 0.0000000e+00
 endloop
endfacet
facet normal 2.667128e-01 9.637761e-01 0.000000e+00
 outer loop
  vertex 1.8223513e-02 7.2752344e-02 5.0000000e-03
  vertex 2.1771351e-02 7.1770525e-02 5.0000000e-03
  vertex 2.1771351e-02 7.1770525e-02 0.0000000e+00
 endloop
endfacet
facet normal 2.667128e-01 9.637761e-01 -0.000000e+00
 outer loop
  vertex 1.8223513e-02 7.2752344e-02 0.0000000e+00
  vertex 1.8223513e-02 7.2752344e-02 5.0000000e-03
  vertex 2.1771351e-02 7.1770525e-02 0.0000000e+00
 endloop
endfacet
facet normal 2.191012e-01 9.757021e-01 0.000000e+00
 outer loop
  vertex 1.4631774e-02 7.3558896e-02 5.0000000e-03
  vertex 1.8223513e-02 7.2752344e-02 5.0000000e-03
  vertex 1.8223513e-02 7.2752344e-02 0.0000000e+00
 endloop
endfacet
facet normal 2.191012e-01 9.757021e-01 -0.000000e+00
 outer loop
  vertex 1.4631774e-02 7.3558896e-02 0.0000000e+00
  vertex 1.4631774e-02 7.3558896e-02 5.0000000e-03
  vertex 1.8223513e-02 7.2752344e-02 0.0000000e+00
 endloop
endfacet
facet normal 1.709619e-01 9.852776e-01 0.000000e+00
 outer loop
  vertex 1.1004786e-02 7.4188238e-02 5.0000000e-03
  vertex 1.4631774e-02 7.3558896e-02 5.0000000e-03
  vertex 1.4631774e-02 7.3558896e-02 0.0000000e+00
 endloop
endfacet
facet normal 1.709619e-01 9.852776e-01 -0.000000e+00
 outer loop
  vertex 1.1004786e-02 7.4188238e-02 0.0000000e+00
  vertex 1.1004786e-02 7.4188238e-02 5.0000000e-03
  vertex 1.4631774e-02 7.3558896e-02 0.0000000e+00
 endloop
endfacet
facet normal 1.224107e-01 9.924795e-01 0.000000e+00
 outer loop
  vertex 7.3512855e-03 7.4638855e-02 5.0000000e-03
  vertex 1.1004786e-02 7.4188238e-02 5.0000000e-03
  vertex 1.1004786e-02 7.4188238e-02 0.0000000e+00
 endloop
endfacet
facet normal 1.224107e-01 9.924795e-01 -0.000000e+00
 outer loop
  vertex 7.3512855e-03 7.4638855e-02 0.0000000e+00
  vertex 7.3512855e-03 7.4638855e-02 5.0000000e-03
  vertex 1.1004786e-02 7.4188238e-02 0.0000000e+00
 endloop
endfacet
facet normal 7.356456e-02 9.972905e-01 0.000000e+00
 outer loop
  vertex 3.6800756e-03 7.4909659e-02 5.0000000e-03
  vertex 7.3512855e-03 7.4638855e-02 5.0000000e-03
  vertex 7.3512855e-03 7.4638855e-02 0.0000000e+00
 endloop
endfacet
facet normal 7.356456e-02 9.972905e-01 -0.000000e+00
 outer loop
  vertex 3.6800756e-03 7.4909659e-02 0.0000000e+00
  vertex 3.6800756e-03 7.4909659e-02 5.0000000e-03
  vertex 7.3512855e-03 7.4638855e-02 0.0000000e+00
 endloop
endfacet
facet normal 2.454123e-02 9.996988e-01 0.000000e+00
 outer loop
  vertex 4.5924255e-18 7.5000000e-02 5.0000000e-03
  vertex 3.6800756e-03 7.4909659e-02 5.0000000e-03
  vertex 3.6800756e-03 7.4909659e-02 0.0000000e+00
 endloop
endfacet
facet normal 2.454123e-02 9.996988e-01 -0.000000e+00
 outer loop
  vertex 4.5924255e-18 7.5000000e-02 0.0000000e+00
  vertex 4.5924255e-18 7.5000000e-02 5.0000000e-03
  vertex 3.6800756e-03 7.4909659e-02 0.0000000e+00
 endloop
endfacet
facet normal -2.454123e-02 9.996988e-01 0.000000e+00
 outer loop
  vertex -3.6800756e-03 7.4909659e-02 5.0000000e-03
  vertex 4.5924255e-18 7.5000000e-02 5.0000000e-03
  vertex 4.5924255e-18 7.5000000e-02 0.0000000e+00
 endloop
endfacet
facet normal -2.454123e-02 9.996988e-01 0.000000e+00
 outer loop
  vertex -3.6800756e-03 7.4909659e-02 0.0000000e+00
  vertex -3.6800756e-03 7.4909659e-02 5.0000000e-03
  vertex 4.5924255e-18 7.5000000e-02 0.0000000e+00
 endloop
endfacet
facet normal -7.356456e-02 9.972905e-01 0.000000e+00
 outer loop
  vertex -7.3512855e-03 7.4638855e-02 5.0000000e-03
  vertex -3.6800756e-03 7.4909659e-02 5.0000000e-03
  vertex -3.6800756e-03 7.4909659e-02 0.0000000e+00
 endloop
endfacet
facet normal -7.356456e-02 9.972905e-01 0.000000e+00
 outer loop
  vertex -7.3512855e-03 7.4638855e-02 0.0000000e+00
  vertex -7.3512855e-03 7.4638855e-02 5.0000000e-03
  vertex -3.6800756e-03 7.4909659e-02 0.0000000e+00
 endloop
endfacet
facet normal -1.224107e-01 9.924795e-01 0.000000e+00
 outer loop
  vertex -1.1004786e-02 7.4188238e-02 5.0000000e-03
  vertex -7.3512855e-03 7.4638855e-02 5.0000000e-03
  vertex -7.3512855e-03 7.4638855e-02 0.0000000e+00
 endloop
endfacet
facet normal -1.224107e-01 9.924795e-01 0.000000e+00
 outer loop
  vertex -1.1004786e-02 7.4188238e-02 0.0000000e+00
  vertex -1.1004786e-02 7.4188238e-02 5.0000000e-03
  vertex -7.3512855e-03 7.4638855e-02 0.0000000e+00
 endloop
endfacet
facet normal -1.709619e-01 9.852776e-01 0.000000e+00
 outer loop
  vertex -1.4631774e-02 7.3558896e-02 5.0000000e-03
  vertex -1.1004786e-02 7.4188238e-02 5.0000000e-03
  vertex -1.1004786e-02 7.4188238e-02 0.0000000e+00
 endloop
endfacet
facet normal -1.709619e-01 9.852776e-01 0.000000e+00
 outer loop
  vertex -1.4631774e-02 7.3558896e-02 0.0000000e+00
  vertex -1.4631774e-02 7.3558896e-02 5.0000000e-03
  vertex -1.1004786e-02 7.4188238e-02 0.0000000e+00
 endloop
endfacet
facet normal -2.191012e-01 9.757021e-01 0.000000e+00
 outer loop
  vertex -1.8223513e-02 7.2752344e-02 5.0000000e-03
  vertex -1.4631774e-02 7.3558896e-02 5.0000000e-03
  vertex -1.4631774e-02 7.3558896e-02 0.0000000e+00
 endloop
endfacet
facet normal -2.191012e-01 9.757021e-01 0.000000e+00
 outer loop
  vertex -1.8223513e-02 7.2752344e-02 0.0000000e+00
  vertex -1.8223513e-02 7.2752344e-02 5.0000000e-03
  vertex -1.4631774e-02 7.3558896e-02 0.0000000e+00
 endloop
endfacet
facet normal -2.667128e-01 9.637761e-01 0.000000e+00
 outer loop
  vertex -2.1771351e-02 7.1770525e-02 5.0000000e-03
  vertex -1.8223513e-02 7.2752344e-02 5.0000000e-03
  vertex -1.8223513e-02 7.2752344e-02 0.0000000e+00
 endloop
endfacet
facet normal -2.667128e-01 9.637761e-01 0.000000e+00
 outer loop
  vertex -2.1771351e-02 7.1770525e-02 0.0000000e+00
  vertex -2.1771351e-02 7.1770525e-02 5.0000000e-03
  vertex -1.8223513e-02 7.2752344e-02 0.0000000e+00
 endloop
endfacet
facet normal -3.136817e-01 9.495282e-01 0.000000e+00
 outer loop
  vertex -2.5266739e-02 7.0615805e-02 5.0000000e-03
  vertex -2.1771351e-02 7.1770525e-02 5.0000000e-03
  vertex -2.1771351e-02 7.1770525e-02 0.0000000e+00
 endloop
endfacet
facet normal -3.136817e-01 9.495282e-01 0.000000e+00
 outer loop
  vertex -2.5266739e-02 7.0615805e-02 0.0000000e+00
  vertex -2.5266739e-02 7.0615805e-02 5.0000000e-03
  vertex -2.1771351e-02 7.1770525e-02 0.0000000e+00
 endloop
endfacet
facet normal -3.598950e-01 9.329928e-01 0.000000e+00
 outer loop
  vertex -2.8701257e-02 6.9290965e-02 5.0000000e-03
  vertex -2.5266739e-02 7.0615805e-02 5.0000000e-03
  vertex -2.5266739e-02 7.0615805e-02 0.0000000e+00
 endloop
endfacet
facet normal -3.598950e-01 9.329928e-01 0.000000e+00
 outer loop
  vertex -2.8701257e-02 6.9290965e-02 0.0000000e+00
  vertex -2.8701257e-02 6.9290965e-02 5.0000000e-03
  vertex -2.5266739e-02 7.0615805e-02 0.0000000e+00
 endloop
endfacet
facet normal -4.052413e-01 9.142098e-01 0.000000e+00
 outer loop
  vertex -3.2066632e-02 6.7799197e-02 5.0000000e-03
  vertex -2.8701257e-02 6.9290965e-02 5.0000000e-03
  vertex -2.8701257e-02 6.9290965e-02 0.0000000e+00
 endloop
endfacet
facet normal -4.052413e-01 9.142098e-01 0.000000e+00
 outer loop
  vertex -3.2066632e-02 6.7799197e-02 0.0000000e+00
  vertex -3.2066632e-02 6.7799197e-02 5.0000000e-03
  vertex -2.8701257e-02 6.9290965e-02 0.0000000e+00
 endloop
endfacet
facet normal -4.496113e-01 8.932243e-01 0.000000e+00
 outer loop
  vertex -3.5354755e-02 6.6144095e-02 5.0000000e-03
  vertex -3.2066632e-02 6.7799197e-02 5.0000000e-03
  vertex -3.2066632e-02 6.7799197e-02 0.0000000e+00
 endloop
endfacet
facet normal -4.496113e-01 8.932243e-01 0.000000e+00
 outer loop
  vertex -3.5354755e-02 6.6144095e-02 0.0000000e+00
  vertex -3.5354755e-02 6.6144095e-02 5.0000000e-03
  vertex -3.2066632e-02 6.7799197e-02 0.0000000e+00
 endloop
endfacet
facet normal -4.928982e-01 8.700870e-01 0.000000e+00
 outer loop
  vertex -3.8557706e-02 6.4329646e-02 5.0000000e-03
  vertex -3.5354755e-02 6.6144095e-02 5.0000000e-03
  vertex -3.5354755e-02 6.6144095e-02 0.0000000e+00
 endloop
endfacet
facet normal -4.928982e-01 8.700870e-01 0.000000e+00
 outer loop
  vertex -3.8557706e-02 6.4329646e-02 0.0000000e+00
  vertex -3.8557706e-02 6.4329646e-02 5.0000000e-03
  vertex -3.5354755e-02 6.6144095e-02 0.0000000e+00
 endloop
endfacet
facet normal -5.349976e-01 8.448536e-01 0.000000e+00
 outer loop
  vertex -4.1667767e-02 6.2360221e-02 5.0000000e-03
  vertex -3.8557706e-02 6.4329646e-02 5.0000000e-03
  vertex -3.8557706e-02 6.4329646e-02 0.0000000e+00
 endloop
endfacet
facet normal -5.349976e-01 8.448536e-01 0.000000e+00
 outer loop
  vertex -4.1667767e-02 6.2360221e-02 0.0000000e+00
  vertex -4.1667767e-02 6.2360221e-02 5.0000000e-03
  vertex -3.8557706e-02 6.4329646e-02 0.0000000e+00
 endloop
endfacet
facet normal -5.758082e-01 8.175848e-01 0.000000e+00
 outer loop
  vertex -4.4677448e-02 6.0240565e-02 5.0000000e-03
  vertex -4.1667767e-02 6.2360221e-02 5.0000000e-03
  vertex -4.1667767e-02 6.2360221e-02 0.0000000e+00
 endloop
endfacet
facet normal -5.758082e-01 8.175848e-01 0.000000e+00
 outer loop
  vertex -4.4677448e-02 6.0240565e-02 0.0000000e+00
  vertex -4.4677448e-02 6.0240565e-02 5.0000000e-03
  vertex -4.1667767e-02 6.2360221e-02 0.0000000e+00
 endloop
endfacet
facet normal -6.152316e-01 7.883464e-01 0.000000e+00
 outer loop
  vertex -4.7579496e-02 5.7975784e-02 5.0000000e-03
  vertex -4.4677448e-02 6.0240565e-02 5.0000000e-03
  vertex -4.4677448e-02 6.0240565e-02 0.0000000e+00
 endloop
endfacet
facet normal -6.152316e-01 7.883464e-01 0.000000e+00
 outer loop
  vertex -4.7579496e-02 5.7975784e-02 0.0000000e+00
  vertex -4.7579496e-02 5.7975784e-02 5.0000000e-03
  vertex -4.4677448e-02 6.0240565e-02 0.0000000e+00
 endloop
endfacet
facet normal -6.531728e-01 7.572088e-01 0.000000e+00
 outer loop
  vertex -5.0366922e-02 5.5571334e-02 5.0000000e-03
  vertex -4.7579496e-02 5.7975784e-02 5.0000000e-03
  vertex -4.7579496e-02 5.7975784e-02 0.0000000e+00
 endloop
endfacet
facet normal -6.531728e-01 7.572088e-01 0.000000e+00
 outer loop
  vertex -5.0366922e-02 5.5571334e-02 0.0000000e+00
  vertex -5.0366922e-02 5.5571334e-02 5.0000000e-03
  vertex -4.7579496e-02 5.7975784e-02 0.0000000e+00
 endloop
endfacet
facet normal -6.895405e-01 7.242471e-01 0.000000e+00
 outer loop
  vertex -5.3033009e-02 5.3033009e-02 5.0000000e-03
  vertex -5.0366922e-02 5.5571334e-02 5.0000000e-03
  vertex -5.0366922e-02 5.5571334e-02 0.0000000e+00
 endloop
endfacet
facet normal -6.895405e-01 7.242471e-01 0.000000e+00
 outer loop
  vertex -5.3033009e-02 5.3033009e-02 0.0000000e+00
  vertex -5.3033009e-02 5.3033009e-02 5.0000000e-03
  vertex -5.0366922e-02 5.5571334e-02 0.0000000e+00
 endloop
endfacet
facet normal -7.242471e-01 6.895405e-01 0.000000e+00
 outer loop
  vertex -5.5571334e-02 5.0366922e-02 5.0000000e-03
  vertex -5.3033009e-02 5.3033009e-02 5.0000000e-03
  vertex -5.3033009e-02 5.3033009e-02 0.0000000e+00
 endloop
endfacet
facet normal -7.242471e-01 6.895405e-01 0.000000e+00
 outer loop
  vertex -5.5571334e-02 5.0366922e-02 0.0000000e+00
  vertex -5.5571334e-02 5.0366922e-02 5.0000000e-03
  vertex -5.3033009e-02 5.3033009e-02 0.0000000e+00
 endloop
endfacet
facet normal -7.572088e-01 6.531728e-01 0.000000e+00
 outer loop
  vertex -5.7975784e-02 4.7579496e-02 5.0000000e-03
  vertex -5.5571334e-02 5.0366922e-02 5.0000000e-03
  vertex -5.5571334e-02 5.0366922e-02 0.0000000e+00
 endloop
endfacet
facet normal -7.572088e-01 6.531728e-01 0.000000e+00
 outer loop
  vertex -5.7975784e-02 4.7579496e-02 0.0000000e+00
  vertex -5.7975784e-02 4.7579496e-02 5.0000000e-03
  vertex -5.5571334e-02 5.0366922e-02 0.0000000e+00
 endloop
endfacet
facet normal -7.883464e-01 6.152316e-01 0.000000e+00
 outer loop
  vertex -6.0240565e-02 4.4677448e-02 5.0000000e-03
  vertex -5.7975784e-02 4.7579496e-02 5.0000000e-03
  vertex -5.7975784e-02 4.7579496e-02 0.0000000e+00
 endloop
endfacet
facet normal -7.883464e-01 6.152316e-01 0.000000e+00
 outer loop
  vertex -6.0240565e-02 4.4677448e-02 0.0000000e+00
  vertex -6.0240565e-02 4.4677448e-02 5.0000000e-03
  vertex -5.7975784e-02 4.7579496e-02 0.0000000e+00
 endloop
endfacet
facet normal -8.175848e-01 5.758082e-01 0.000000e+00
 outer loop
  vertex -6.2360221e-02 4.1667767e-02 5.0000000e-03
  vertex -6.0240565e-02 4.4677448e-02 5.0000000e-03
  vertex -6.0240565e-02 4.4677448e-02 0.0000000e+00
 endloop
endfacet
facet normal -8.175848e-01 5.758082e-01 0.000000e+00
 outer loop
  vertex -6.2360221e-02 4.1667767e-02 0.0000000e+00
  vertex -6.2360221e-02 4.1667767e-02 5.0000000e-03
  vertex -6.0240565e-02 4.4677448e-02 0.0000000e+00
 endloop
endfacet
facet normal -8.448536e-01 5.349976e-01 0.000000e+00
 outer loop
  vertex -6.4329646e-02 3.8557706e-02 5.0000000e-03
  vertex -6.2360221e-02 4.1667767e-02 5.0000000e-03
  vertex -6.2360221e-02 4.1667767e-02 0.0000000e+00
 endloop
endfacet
facet normal -8.448536e-01 5.349976e-01 0.000000e+00
 outer loop
  vertex -6.4329646e-02 3.8557706e-02 0.0000000e+00
  vertex -6.4329646e-02 3.8557706e-02 5.0000000e-03
  vertex -6.2360221e-02 4.1667767e-02 0.0000000e+00
 endloop
endfacet
facet normal -8.700870e-01 4.928982e-01 0.000000e+00
 outer loop
  vertex -6.6144095e-02 3.5354755e-02 5.0000000e-03
  vertex -6.4329646e-02 3.8557706e-02 5.0000000e-03
  vertex -6.4329646e-02 3.8557706e-02 0.0000000e+00
 endloop
endfacet
facet normal -8.700870e-01 4.928982e-01 0.000000e+00
 outer loop
  vertex -6.6144095e-02 3.5354755e-02 0.0000000e+00
  vertex -6.6144095e-02 3.5354755e-02 5.0000000e-03
  vertex -6.4329646e-02 3.8557706e-02 0.0000000e+00
 endloop
endfacet
facet normal -8.932243e-01 4.496113e-01 0.000000e+00
 outer loop
  vertex -6.7799197e-02 3.2066632e-02 5.0000000e-03
  vertex -6.6144095e-02 3.5354755e-02 5.0000000e-03
  vertex -6.6144095e-02 3.5354755e-02 0.0000000e+00
 endloop
endfacet
facet normal -8.932243e-01 4.496113e-01 0.000000e+00
 outer loop
  vertex -6.7799197e-02 3.2066632e-02 0.0000000e+00
  vertex -6.7799197e-02 3.2066632e-02 5.0000000e-03
  vertex -6.6144095e-02 3.5354755e-02 0.0000000e+00
 endloop
endfacet
facet normal -9.142098e-01 4.052413e-01 0.000000e+00
 outer loop
  vertex -6.9290965e-02 2.8701257e-02 5.0000000e-03
  vertex -6.7799197e-02 3.2066632e-02 5.0000000e-03
  vertex -6.7799197e-02 3.2066632e-02 0.0000000e+00
 endloop
endfacet
facet normal -9.142098e-01 4.052413e-01 0.000000e+00
 outer loop
  vertex -6.9290965e-02 2.8701257e-02 0.0000000e+00
  vertex -6.9290965e-02 2.8701257e-02 5.0000000e-03
  vertex -6.7799197e-02 3.2066632e-02 0.0000000e+00
 endloop
endfacet
facet normal -9.329928e-01 3.598950e-01 0.000000e+00
 outer loop
  vertex -7.0615805e-02 2.5266739e-02 5.0000000e-03
  vertex -6.9290965e-02 2.8701257e-02 5.0000000e-03
  vertex -6.9290965e-02 2.8701257e-02 0.0000000e+00
 endloop
endfacet
facet normal -9.329928e-01 3.598950e-01 0.000000e+00
 outer loop
  vertex -7.0615805e-02 2.5266739e-02 0.0000000e+00
  vertex -7.0615805e-02 2.5266739e-02 5.0000000e-03
  vertex -6.9290965e-02 2.8701257e-02 0.0000000e+00
 endloop
endfacet
facet normal -9.495282e-01 3.136817e-01 0.000000e+00
 outer loop
  vertex -7.1770525e-02 2.1771351e-02 5.0000000e-03
  vertex -7.0615805e-02 2.5266739e-02 5.0000000e-03
  vertex -7.0615805e-02 2.5266739e-02 0.0000000e+00
 endloop
endfacet
facet normal -9.495282e-01 3.136817e-01 0.000000e+00
 outer loop
  vertex -7.1770525e-02 2.1771351e-02 0.0000000e+00
  vertex -7.1770525e-02 2.1771351e-02 5.0000000e-03
  vertex -7.0615805e-02 2.5266739e-02 0.0000000e+00
 endloop
endfacet
facet normal -9.637761e-01 2.667128e-01 0.000000e+00
 outer loop
  vertex -7.2752344e-02 1.8223513e-02 5.0000000e-03
  vertex -7.1770525e-02 2.1771351e-02 5.0000000e-03
  vertex -7.1770525e-02 2.1771351e-02 0.0000000e+00
 endloop
endfacet
facet normal -9.637761e-01 2.667128e-01 0.000000e+00
 outer loop
  vertex -7.2752344e-02 1.8223513e-02 0.0000000e+00
  vertex -7.2752344e-02 1.8223513e-02 5.0000000e-03
  vertex -7.1770525e-02 2.1771351e-02 0.0000000e+00
 endloop
endfacet
facet normal -9.757021e-01 2.191012e-01 0.000000e+00
 outer loop
  vertex -7.3558896e-02 1.4631774e-02 5.0000000e-03
  vertex -7.2752344e-02 1.8223513e-02 5.0000000e-03
  vertex -7.2752344e-02 1.8223513e-02 0.0000000e+00
 endloop
endfacet
facet normal -9.757021e-01 2.191012e-01 0.000000e+00
 outer loop
  vertex -7.3558896e-02 1.4631774e-02 0.0000000e+00
  vertex -7.3558896e-02 1.4631774e-02 5.0000000e-03
  vertex -7.2752344e-02 1.8223513e-02 0.0000000e+00
 endloop
endfacet
facet normal -9.852776e-01 1.709619e-01 0.000000e+00
 outer loop
  vertex -7.4188238e-02 1.1004786e-02 5.0000000e-03
  vertex -7.3558896e-02 1.4631774e-02 5.0000000e-03
  vertex -7.3558896e-02 1.4631774e-02 0.0000000e+00
 endloop
endfacet
facet normal -9.852776e-01 1.709619e-01 0.000000e+00
 outer loop
  vertex -7.4188238e-02 1.1004786e-02 0.0000000e+00
  vertex -7.4188238e-02 1.1004786e-02 5.0000000e-03
  vertex -7.3558896e-02 1.4631774e-02 0.0000000e+00
 endloop
endfacet
facet normal -9.924795e-01 1.224107e-01 0.000000e+00
 outer loop
  vertex -7.4638855e-02 7.3512855e-03 5.0000000e-03
  vertex -7.4188238e-02 1.1004786e-02 5.0000000e-03
  vertex -7.4188238e-02 1.1004786e-02 0.0000000e+00
 endloop
endfacet
facet normal -9.924795e-01 1.224107e-01 0.000000e+00
 outer loop
  vertex -7.4638855e-02 7.3512855e-03 0.0000000e+00
  vertex -7.4638855e-02 7.3512855e-03 5.0000000e-03
  vertex -7.4188238e-02 1.1004786e-02 0.0000000e+00
 endloop
endfacet
facet normal -9.972905e-01 7.356456e-02 0.000000e+00
 outer loop
  vertex -7.4909659e-02 3.6800756e-03 5.0000000e-03
  vertex -7.4638855e-02 7.3512855e-03 5.0000000e-03
  vertex -7.4638855e-02 7.3512855e-03 0.0000000e+00
 endloop
endfacet
facet normal -9.972905e-01 7.356456e-02 0.000000e+00
 outer loop
  vertex -7.4909659e-02 3.6800756e-03 0.0000000e+00
  vertex -7.4909659e-02 3.6800756e-03 5.0000000e-03
  vertex -7.4638855e-02 7.3512855e-03 0.0000000e+00
 endloop
endfacet
facet normal -9.996988e-01 2.454123e-02 0.000000e+00
 outer loop
  vertex -7.5000000e-02 9.1848510e-18 5.0000000e-03
  vertex -7.4909659e-02 3.6800756e-03 5.0000000e-03
  vertex -7.4909659e-02 3.6800756e-03 0.0000000e+00
 endloop
endfacet
facet normal -9.996988e-01 2.454123e-02 0.000000e+00
 outer loop
  vertex -7.5000000e-02 9.1848510e-18 0.0000000e+00
  vertex -7.5000000e-02 9.1848510e-18 5.0000000e-03
  vertex -7.4909659e-02 3.6800756e-03 0.0000000e+00
 endloop
endfacet
facet normal -9.996988e-01 -2.454123e-02 0.000000e+00
 outer loop
  vertex -7.4909659e-02 -3.6800756e-03 5.0000000e-03
  vertex -7.5000000e-02 9.1848510e-18 5.0000000e-03
  vertex -7.5000000e-02 9.1848510e-18 0.0000000e+00
 endloop
endfacet
facet normal -9.996988e-01 -2.454123e-02 0.000000e+00
 outer loop
  vertex -7.4909659e-02 -3.6800756e-03 0.0000000e+00
  vertex -7.4909659e-02 -3.6800756e-03 5.0000000e-03
  vertex -7.5000000e-02 9.1848510e-18 0.0000000e+00
 endloop
endfacet
facet normal -9.972905e-01 -7.356456e-02 0.000000e+00
 outer loop
  vertex -7.4638855e-02 -7.3512855e-03 5.0000000e-03
  vertex -7.4909659e-02 -3.6800756e-03 5.0000000e-03
  vertex -7.4909659e-02 -3.6800756e-03 0.0000000e+00
 endloop
endfacet
facet normal -9.972905e-01 -7.356456e-02 0.000000e+00
 outer loop
  vertex -7.4638855e-02 -7.3512855e-03 0.0000000e+00
  vertex -7.4638855e-02 -7.3512855e-03 5.0000000e-03
  vertex -7.4909659e-02 -3.6800756e-03 0.0000000e+00
 endloop
endfacet
facet normal -9.924795e-01 -1.224107e-01 0.000000e+00
 outer loop
  vertex -7.4188238e-02 -1.1004786e-02 5.0000000e-03
  vertex -7.4638855e-02 -7.3512855e-03 5.0000000e-03
  vertex -7.4638855e-02 -7.3512855e-03 0.0000000e+00
 endloop
endfacet
facet normal -9.924795e-01 -1.224107e-01 0.000000e+00
 outer loop
  vertex -7.4188238e-02 -1.1004786e-02 0.0000000e+00
  vertex -7.4188238e-02 -1.1004786e-02 5.0000000e-03
  vertex -7.4638855e-02 -7.3512855e-03 0.0000000e+00
 endloop
endfacet
facet normal -9.852776e-01 -1.709619e-01 0.000000e+00
 outer loop
  vertex -7.3558896e-02 -1.4631774e-02 5.0000000e-03
  vertex -7.4188238e-02 -1.1004786e-02 5.0000000e-03
  vertex -7.4188238e-02 -1.1004786e-02 0.0000000e+00
 endloop
endfacet
facet normal -9.852776e-01 -1.709619e-01 0.000000e+00
 outer loop
  vertex -7.3558896e-02 -1.4631774e-02 0.0000000e+00
  vertex -7.3558896e-02 -1.4631774e-02 5.0000000e-03
  vertex -7.4188238e-02 -1.1004786e-02 0.0000000e+00
 endloop
endfacet
facet normal -9.757021e-01 -2.191012e-01 0.000000e+00
 outer loop
  vertex -7.2752344e-02 -1.8223513e-02 5.0000000e-03
  vertex -7.3558896e-02 -1.4631774e-02 5.0000000e-03
  vertex -7.3558896e-02 -1.4631774e-02 0.0000000e+00
 endloop
endfacet
facet normal -9.757021e-01 -2.191012e-01 0.000000e+00
 outer loop
  vertex -7.2752344e-02 -1.8223513e-02 0.0000000e+00
  vertex -7.2752344e-02 -1.8223513e-02 5.0000000e-03
  vertex -7.3558896e-02 -1.4631774e-02 0.0000000e+00
 endloop
endfacet
facet normal -9.637761e-01 -2.667128e-01 0.000000e+00
 outer loop
  vertex -7.1770525e-02 -2.1771351e-02 5.0000000e-03
  vertex -7.2752344e-02 -1.8223513e-02 5.0000000e-03
  vertex -7.2752344e-02 -1.8223513e-02 0.0000000e+00
 endloop
endfacet
facet normal -9.637761e-01 -2.667128e-01 0.000000e+00
 outer loop
  vertex -7.1770525e-02 -2.1771351e-02 0.0000000e+00
  vertex -7.1770525e-02 -2.1771351e-02 5.0000000e-03
  vertex -7.2752344e-02 -1.8223513e-02 0.0000000e+00
 endloop
endfacet
facet normal -9.495282e-01 -3.136817e-01 0.000000e+00
 outer loop
  vertex -7.0615805e-02 -2.5266739e-02 5.0000000e-03
  vertex -7.1770525e-02 -2.1771351e-02 5.0000000e-03
  vertex -7.1770525e-02 -2.1771351e-02 0.0000000e+00
 endloop
endfacet
facet normal -9.495282e-01 -3.136817e-01 0.000000e+00
 outer loop
  vertex -7.0615805e-02 -2.5266739e-02 0.0000000e+00
  vertex -7.0615805e-02 -2.5266739e-02 5.0000000e-03
  vertex -7.1770525e-02 -2.1771351e-02 0.0000000e+00
 endloop
endfacet
facet normal -9.329928e-01 -3.598950e-01 0.000000e+00
 outer loop
  vertex -6.9290965e-02 -2.8701257e-02 5.0000000e-03
  vertex -7.0615805e-02 -2.5266739e-02 5.0000000e-03
  vertex -7.0615805e-02 -2.5266739e-02 0.0000000e+00
 endloop
endfacet
facet normal -9.329928e-01 -3.598950e-01 0.000000e+00
 outer loop
  vertex -6.9290965e-02 -2.8701257e-02 0.0000000e+00
  vertex -6.9290965e-02 -2.8701257e-02 5.0000000e-03
  vertex -7.0615805e-02 -2.5266739e-02 0.0000000e+00
 endloop
endfacet
facet normal -9.142098e-01 -4.052413e-01 0.000000e+00
 outer loop
  vertex -6.7799197e-02 -3.2066632e-02 5.0000000e-03
  vertex -6.9290965e-02 -2.8701257e-02 5.0000000e-03
  vertex -6.9290965e-02 -2.8701257e-02 0.0000000e+00
 endloop
endfacet
facet normal -9.142098e-01 -4.052413e-01 0.000000e+00
 outer loop
  vertex -6.7799197e-02 -3.2066632e-02 0.0000000e+00
  vertex -6.7799197e-02 -3.2066632e-02 5.0000000e-03
  vertex -6.9290965e-02 -2.8701257e-02 0.0000000e+00
 endloop
endfacet
facet normal -8.932243e-01 -4.496113e-01 0.000000e+00
 outer loop
  vertex -6.6144095e-02 -3.5354755e-02 5.0000000e-03
  vertex -6.7799197e-02 -3.2066632e-02 5.0000000e-03
  vertex -6.7799197e-02 -3.2066632e-02 0.0000000e+00
 endloop
endfacet
facet normal -8.932243e-01 -4.496113e-01 0.000000e+00
 outer loop
  vertex -6.6144095e-02 -3.5354755e-02 0.0000000e+00
  vertex -6.6144095e-02 -3.5354755e-02 5.0000000e-03
  vertex -6.7799197e-02 -3.2066632e-02 0.0000000e+00
 endloop
endfacet
facet normal -8.700870e-01 -4.928982e-01 0.000000e+00
 outer loop
  vertex -6.4329646e-02 -3.8557706e-02 5.0000000e-03
  vertex -6.6144095e-02 -3.5354755e-02 5.0000000e-03
  vertex -6.6144095e-02 -3.5354755e-02 0.0000000e+00
 endloop
endfacet
facet normal -8.700870e-01 -4.928982e-01 0.000000e+00
 outer loop
  vertex -6.4329646e-02 -3.8557706e-02 0.0000000e+00
  vertex -6.4329646e-02 -3.8557706e-02 5.0000000e-03
  vertex -6.6144095e-02 -3.5354755e-02 0.0000000e+00
 endloop
endfacet
facet normal -8.448536e-01 -5.349976e-01 0.000000e+00
 outer loop
  vertex -6.2360221e-02 -4.1667767e-02 5.0000000e-03
  vertex -6.4329646e-02 -3.8557706e-02 5.0000000e-03
  vertex -6.4329646e-02 -3.8557706e-02 0.0000000e+00
 endloop
endfacet
facet normal -8.448536e-01 -5.349976e-01 0.000000e+00
 outer loop
  vertex -6.2360221e-02 -4.1667767e-02 0.0000000e+00
  vertex -6.2360221e-02 -4.1667767e-02 5.0000000e-03
  vertex -6.4329646e-02 -3.8557706e-02 0.0000000e+00
 endloop
endfacet
facet normal -8.175848e-01 -5.758082e-01 0.000000e+00
 outer loop
  vertex -6.0240565e-02 -4.4677448e-02 5.0000000e-03
  vertex -6.2360221e-02 -4.1667767e-02 5.0000000e-03
  vertex -6.2360221e-02 -4.1667767e-02 0.0000000e+00
 endloop
endfacet
facet normal -8.175848e-01 -5.758082e-01 0.000000e+00
 outer loop
  vertex -6.0240565e-02 -4.4677448e-02 0.0000000e+00
  vertex -6.0240565e-02 -4.4677448e-02 5.0000000e-03
  vertex -6.2360221e-02 -4.1667767e-02 0.0000000e+00
 endloop
endfacet
facet normal -7.883464e-01 -6.152316e-01 0.000000e+00
 outer loop
  vertex -5.7975784e-02 -4.7579496e-02 5.0000000e-03
  vertex -6.0240565e-02 -4.4677448e-02 5.0000000e-03
  vertex -6.0240565e-02 -4.4677448e-02 0.0000000e+00
 endloop
endfacet
facet normal -7.883464e-01 -6.152316e-01 0.000000e+00
 outer loop
  vertex -5.7975784e-02 -4.7579496e-02 0.0000000e+00
  vertex -5.7975784e-02 -4.7579496e-02 5.0000000e-03
  vertex -6.0240565e-02 -4.4677448e-02 0.0000000e+00
 endloop
endfacet
facet normal -7.572088e-01 -6.531728e-01 0.000000e+00
 outer loop
  vertex -5.5571334e-02 -5.0366922e-02 5.0000000e-03
  vertex -5.7975784e-02 -4.7579496e-02 5.0000000e-03
  vertex -5.7975784e-02 -4.7579496e-02 0.0000000e+00
 endloop
endfacet
facet normal -7.572088e-01 -6.531728e-01 0.000000e+00
 outer loop
  vertex -5.5571334e-02 -5.0366922e-02 0.0000000e+00
  vertex -5.5571334e-02 -5.0366922e-02 5.0000000e-03
  vertex -5.7975784e-02 -4.7579496e-02 0.0000000e+00
 endloop
endfacet
facet normal -7.242471e-01 -6.895405e-01 0.000000e+00
 outer loop
  vertex -5.3033009e-02 -5.3033009e-02 5.0000000e-03
  vertex -5.5571334e-02 -5.0366922e-02 5.0000000e-03
  vertex -5.5571334e-02 -5.0366922e-02 0.0000000e+00
 endloop
endfacet
facet normal -7.242471e-01 -6.895405e-01 0.000000e+00
 outer loop
  vertex -5.3033009e-02 -5.3033009e-02 0.0000000e+00
  vertex -5.3033009e-02 -5.3033009e-02 5.0000000e-03
  vertex -5.5571334e-02 -5.0366922e-02 0.0000000e+00
 endloop
endfacet
facet normal -6.895405e-01 -7.242471e-01 0.000000e+00
 outer loop
  vertex -5.0366922e-02 -5.5571334e-02 5.0000000e-03
  vertex -5.3033009e-02 -5.3033009e-02 5.0000000e-03
  vertex -5.3033009e-02 -5.3033009e-02 0.0000000e+00
 endloop
endfacet
facet normal -6.895405e-01 -7.242471e-01 0.000000e+00
 outer loop
  vertex -5.0366922e-02 -5.5571334e-02 0.0000000e+00
  vertex -5.0366922e-02 -5.5571334e-02 5.0000000e-03
  vertex -5.3033009e-02 -5.3033009e-02 0.0000000e+00
 endloop
endfacet
facet normal -6.531728e-01 -7.572088e-01 0.000000e+00
 outer loop
  vertex -4.7579496e-02 -5.7975784e-02 5.0000000e-03
  vertex -5.0366922e-02 -5.5571334e-02 5.0000000e-03
  vertex -5.0366922e-02 -5.5571334e-02 0.0000000e+00
 endloop
endfacet
facet normal -6.531728e-01 -7.572088e-01 0.000000e+00
 outer loop
  vertex -4.7579496e-02 -5.7975784e-02 0.0000000e+00
  vertex -4.7579496e-02 -5.7975784e-02 5.0000000e-03
  vertex -5.0366922e-02 -5.5571334e-02 0.0000000e+00
 endloop
endfacet
facet normal -6.152316e-01 -7.883464e-01 0.000000e+00
 outer loop
  vertex -4.4677448e-02 -6.0240565e-02 5.0000000e-03
  vertex -4.7579496e-02 -5.7975784e-02 5.0000000e-03
  vertex -4.7579496e-02 -5.7975784e-02 0.0000000e+00
 endloop
endfacet
facet normal -6.152316e-01 -7.883464e-01 0.000000e+00
 outer loop
  vertex -4.4677448e-02 -6.0240565e-02 0.0000000e+00
  vertex -4.4677448e-02 -6.0240565e-02 5.0000000e-03
  vertex -4.7579496e-02 -5.7975784e-02 0.0000000e+00
 endloop
endfacet
facet normal -5.758082e-01 -8.175848e-01 0.000000e+00
 outer loop
  vertex -4.1667767e-02 -6.2360221e-02 5.0000000e-03
  vertex -4.4677448e-02 -6.0240565e-02 5.0000000e-03
  vertex -4.4677448e-02 -6.0240565e-02 0.0000000e+00
 endloop
endfacet
facet normal -5.758082e-01 -8.175848e-01 0.000000e+00
 outer loop
  vertex -4.1667767e-02 -6.2360221e-02 0.0000000e+00
  vertex -4.1667767e-02 -6.2360221e-02 5.0000000e-03
  vertex -4.4677448e-02 -6.0240565e-02 0.0000000e+00
 endloop
endfacet
facet normal -5.349976e-01 -8.448536e-01 0.000000e+00
 outer loop
  vertex -3.8557706e-02 -6.4329646e-02 5.0000000e-03
  vertex -4.1667767e-02 -6.2360221e-02 5.0000000e-03
  vertex -4.1667767e-02 -6.2360221e-02 0.0000000e+00
 endloop
endfacet
facet normal -5.349976e-01 -8.448536e-01 0.000000e+00
 outer loop
  vertex -3.8557706e-02 -6.4329646e-02 0.0000000e+00
  vertex -3.8557706e-02 -6.4329646e-02 5.0000000e-03
  vertex -4.1667767e-02 -6.2360221e-02 0.0000000e+00
 endloop
endfacet
facet normal -4.928982e-01 -8.700870e-01 0.000000e+00
 outer loop
  vertex -3.5354755e-02 -6.6144095e-02 5.0000000e-03
  vertex -3.8557706e-02 -6.4329646e-02 5.0000000e-03
  vertex -3.8557706e-02 -6.4329646e-02 0.0000000e+00
 endloop
endfacet
facet normal -4.928982e-01 -8.700870e-01 0.000000e+00
 outer loop
  vertex -3.5354755e-02 -6.6144095e-02 0.0000000e+00
  vertex -3.5354755e-02 -6.6144095e-02 5.0000000e-03
  vertex -3.8557706e-02 -6.4329646e-02 0.0000000e+00
 endloop
endfacet
facet normal -4.496113e-01 -8.932243e-01 0.000000e+00
 outer loop
  vertex -3.2066632e-02 -6.7799197e-02 5.0000000e-03
  vertex -3.5354755e-02 -6.6144095e-02 5.0000000e-03
  vertex -3.5354755e-02 -6.6144095e-02 0.0000000e+00
 endloop
endfacet
facet normal -4.496113e-01 -8.932243e-01 0.000000e+00
 outer loop
  vertex -3.2066632e-02 -6.7799197e-02 0.0000000e+00
  vertex -3.2066632e-02 -6.7799197e-02 5.0000000e-03
  vertex -3.5354755e-02 -6.6144095e-02 0.0000000e+00
 endloop
endfacet
facet normal -4.052413e-01 -9.142098e-01 0.000000e+00
 outer loop
  vertex -2.8701257e-02 -6.9290965e-02 5.0000000e-03
  vertex -3.2066632e-02 -6.7799197e-02 5.0000000e-03
  vertex -3.2066632e-02 -6.7799197e-02 0.0000000e+00
 endloop
endfacet
facet normal -4.052413e-01 -9.142098e-01 0.000000e+00
 outer loop
  vertex -2.8701257e-02 -6.9290965e-02 0.0000000e+00
  vertex -2.8701257e-02 -6.9290965e-02 5.0000000e-03
  vertex -3.2066632e-02 -6.7799197e-02 0.0000000e+00
 endloop
endfacet
facet normal -3.598950e-01 -9.329928e-01 0.000000e+00
 outer loop
  vertex -2.5266739e-02 -7.0615805e-02 5.0000000e-03
  vertex -2.8701257e-02 -6.9290965e-02 5.0000000e-03
  vertex -2.8701257e-02 -6.9290965e-02 0.0000000e+00
 endloop
endfacet
facet normal -3.598950e-01 -9.329928e-01 0.000000e+00
 outer loop
  vertex -2.5266739e-02 -7.0615805e-02 0.0000000e+00
  vertex -2.5266739e-02 -7.0615805e-02 5.0000000e-03
  vertex -2.8701257e-02 -6.9290965e-02 0.0000000e+00
 endloop
endfacet
facet normal -3.136817e-01 -9.495282e-01 0.000000e+00
 outer loop
  vertex -2.1771351e-02 -7.1770525e-02 5.0000000e-03
  vertex -2.5266739e-02 -7.0615805e-02 5.0000000e-03
  vertex -2.5266739e-02 -7.0615805e-02 0.0000000e+00
 endloop
endfacet
facet normal -3.136817e-01 -9.495282e-01 0.000000e+00
 outer loop
  vertex -2.1771351e-02 -7.1770525e-02 0.0000000e+00
  vertex -2.1771351e-02 -7.1770525e-02 5.0000000e-03
  vertex -2.5266739e-02 -7.0615805e-02 0.0000000e+00
 endloop
endfacet
facet normal -2.667128e-01 -9.637761e-01 0.000000e+00
 outer loop
  vertex -1.8223513e-02 -7.2752344e-02 5.0000000e-03
  vertex -2.1771351e-02 -7.1770525e-02 5.0000000e-03
  vertex -2.1771351e-02 -7.1770525e-02 0.0000000e+00
 endloop
endfacet
facet normal -2.667128e-01 -9.637761e-01 0.000000e+00
 outer loop
  vertex -1.8223513e-02 -7.2752344e-02 0.0000000e+00
  vertex -1.8223513e-02 -7.2752344e-02 5.0000000e-03
  vertex -2.1771351e-02 -7.1770525e-02 0.0000000e+00
 endloop
endfacet
facet normal -2.191012e-01 -9.757021e-01 0.000000e+00
 outer loop
  vertex -1.4631774e-02 -7.3558896e-02 5.0000000e-03
  vertex -1.8223513e-02 -7.2752344e-02 5.0000000e-03
  vertex -1.8223513e-02 -7.2752344e-02 0.0000000e+00
 endloop
endfacet
facet normal -2.191012e-01 -9.757021e-01 0.000000e+00
 outer loop
  vertex -1.4631774e-02 -7.3558896e-02 0.0000000e+00
  vertex -1.4631774e-02 -7.3558896e-02 5.0000000e-03
  vertex -1.8223513e-02 -7.2752344e-02 0.0000000e+00
 endloop
endfacet
facet normal -1.709619e-01 -9.852776e-01 0.000000e+00
 outer loop
  vertex -1.1004786e-02 -7.4188238e-02 5.0000000e-03
  vertex -1.4631774e-02 -7.3558896e-02 5.0000000e-03
  vertex -1.4631774e-02 -7.3558896e-02 0.0000000e+00
 endloop
endfacet
facet normal -1.709619e-01 -9.852776e-01 0.000000e+00
 outer loop
  vertex -1.1004786e-02 -7.4188238e-02 0.0000000e+00
  vertex -1.1004786e-02 -7.4188238e-02 5.0000000e-03
  vertex -1.4631774e-02 -7.3558896e-02 0.0000000e+00
 endloop
endfacet
facet normal -1.224107e-01 -9.924795e-01 0.000000e+00
 outer loop
  vertex -7.3512855e-03 -7.4638855e-02 5.0000000e-03
  vertex -1.1004786e-02 -7.4188238e-02 5.0000000e-03
  vertex -1.1004786e-02 -7.4188238e-02 0.0000000e+00
 endloop
endfacet
facet normal -1.224107e-01 -9.924795e-01 0.000000e+00
 outer loop
  vertex -7.3512855e-03 -7.4638855e-02 0.0000000e+00
  vertex -7.3512855e-03 -7.4638855e-02 5.0000000e-03
  vertex -1.1004786e-02 -7.4188238e-02 0.0000000e+00
 endloop
endfacet
facet normal -7.356456e-02 -9.972905e-01 0.000000e+00
 outer loop
  vertex -3.6800756e-03 -7.4909659e-02 5.0000000e-03
  vertex -7.3512855e-03 -7.4638855e-02 5.0000000e-03
  vertex -7.3512855e-03 -7.4638855e-02 0.0000000e+00
 endloop
endfacet
facet normal -7.356456e-02 -9.972905e-01 0.000000e+00
 outer loop
  vertex -3.6800756e-03 -7.4909659e-02 0.0000000e+00
  vertex -3.6800756e-03 -7.4909659e-02 5.0000000e-03
  vertex -7.3512855e-03 -7.4638855e-02 0.0000000e+00
 endloop
endfacet
facet normal -2.454123e-02 -9.996988e-01 0.000000e+00
 outer loop
  vertex -1.3777276e-17 -7.5000000e-02 5.0000000e-03
  vertex -3.6800756e-03 -7.4909659e-02 5.0000000e-03
  vertex -3.6800756e-03 -7.4909659e-02 0.0000000e+00
 endloop
endfacet
facet normal -2.454123e-02 -9.996988e-01 0.000000e+00
 outer loop
  vertex -1.3777276e-17 -7.5000000e-02 0.0000000e+00
  vertex -1.3777276e-17 -7.5000000e-02 5.0000000e-03
  vertex -3.6800756e-03 -7.4909659e-02 0.0000000e+00
 endloop
endfacet
facet normal 2.454123e-02 -9.996988e-01 0.000000e+00
 outer loop
  vertex 3.6800756e-03 -7.4909659e-02 5.0000000e-03
  vertex -1.3777276e-17 -7.5000000e-02 5.0000000e-03
  vertex -1.3777276e-17 -7.5000000e-02 0.0000000e+00
 endloop
endfacet
facet normal 2.454123e-02 -9.996988e-01 0.000000e+00
 outer loop
  vertex 3.6800756e-03 -7.4909659e-02 0.0000000e+00
  vertex 3.6800756e-03 -7.4909659e-02 5.0000000e-03
  vertex -1.3777276e-17 -7.5000000e-02 0.0000000e+00
 endloop
endfacet
facet normal 7.356456e-02 -9.972905e-01 0.000000e+00
 outer loop
  vertex 7.3512855e-03 -7.4638855e-02 5.0000000e-03
  vertex 3.6800756e-03 -7.4909659e-02 5.0000000e-03
  vertex 3.6800756e-03 -7.4909659e-02 0.0000000e+00
 endloop
endfacet
facet normal 7.356456e-02 -9.972905e-01 0.000000e+00
 outer loop
  vertex 7.3512855e-03 -7.4638855e-02 0.0000000e+00
  vertex 7.3512855e-03 -7.4638855e-02 5.0000000e-03
  vertex 3.6800756e-03 -7.4909659e-02 0.0000000e+00
 endloop
endfacet
facet normal 1.224107e-01 -9.924795e-01 0.000000e+00
 outer loop
  vertex 1.1004786e-02 -7.4188238e-02 5.0000000e-03
  vertex 7.3512855e-03 -7.4638855e-02 5.0000000e-03
  vertex 7.3512855e-03 -7.4638855e-02 0.0000000e+00
 endloop
endfacet
facet normal 1.224107e-01 -9.924795e-01 0.000000e+00
 outer loop
  vertex 1.1004786e-02 -7.4188238e-02 0.0000000e+00
  vertex 1.1004786e-02 -7.4188238e-02 5.0000000e-03
  vertex 7.3512855e-03 -7.4638855e-02 0.0000000e+00
 endloop
endfacet
facet normal 1.709619e-01 -9.852776e-01 0.000000e+00
 outer loop
  vertex 1.4631774e-02 -7.3558896e-02 5.0000000e-03
  vertex 1.1004786e-02 -7.4188238e-02 5.0000000e-03
  vertex 1.1004786e-02 -7.4188238e-02 0.0000000e+00
 endloop
endfacet
facet normal 1.709619e-01 -9.852776e-01 0.000000e+00
 outer loop
  vertex 1.4631774e-02 -7.3558896e-02 0.0000000e+00
  vertex 1.4631774e-02 -7.3558896e-02 5.0000000e-03
  vertex 1.1004786e-02 -7.4188238e-02 0.0000000e+00
 endloop
endfacet
facet normal 2.191012e-01 -9.757021e-01 0.000000e+00
 outer loop
  vertex 1.8223513e-02 -7.2752344e-02 5.0000000e-03
  vertex 1.4631774e-02 -7.3558896e-02 5.0000000e-03
  vertex 1.4631774e-02 -7.3558896e-02 0.0000000e+00
 endloop
endfacet
facet normal 2.191012e-01 -9.757021e-01 0.000000e+00
 outer loop
  vertex 1.8223513e-02 -7.2752344e-02 0.0000000e+00
  vertex 1.8223513e-02 -7.2752344e-02 5.0000000e-03
  vertex 1.4631774e-02 -7.3558896e-02 0.0000000e+00
 endloop
endfacet
facet normal 2.667128e-01 -9.637761e-01 0.000000e+00
 outer loop
  vertex 2.1771351e-02 -7.1770525e-02 5.0000000e-03
  vertex 1.8223513e-02 -7.2752344e-02 5.0000000e-03
  vertex 1.8223513e-02 -7.2752344e-02 0.0000000e+00
 endloop
endfacet
facet normal 2.667128e-01 -9.637761e-01 0.000000e+00
 outer loop
  vertex 2.1771351e-02 -7.1770525e-02 0.0000000e+00
  vertex 2.1771351e-02 -7.1770525e-02 5.0000000e-03
  vertex 1.8223513e-02 -7.2752344e-02 0.0000000e+00
 endloop
endfacet
facet normal 3.136817e-01 -9.495282e-01 0.000000e+00
 outer loop
  vertex 2.5266739e-02 -7.0615805e-02 5.0000000e-03
  vertex 2.1771351e-02 -7.1770525e-02 5.0000000e-03
  vertex 2.1771351e-02 -7.1770525e-02 0.0000000e+00
 endloop
endfacet
facet normal 3.136817e-01 -9.495282e-01 0.000000e+00
 outer loop
  vertex 2.5266739e-02 -7.0615805e-02 0.0000000e+00
  vertex 2.5266739e-02 -7.0615805e-02 5.0000000e-03
  vertex 2.1771351e-02 -7.1770525e-02 0.0000000e+00
 endloop
endfacet
facet normal 3.598950e-01 -9.329928e-01 0.000000e+00
 outer loop
  vertex 2.8701257e-02 -6.9290965e-02 5.0000000e-03
  vertex 2.5266739e-02 -7.0615805e-02 5.0000000e-03
  vertex 2.5266739e-02 -7.0615805e-02 0.0000000e+00
 endloop
endfacet
facet normal 3.598950e-01 -9.329928e-01 0.000000e+00
 outer loop
  vertex 2.8701257e-02 -6.9290965e-02 0.0000000e+00
  vertex 2.8701257e-02 -6.9290965e-02 5.0000000e-03
  vertex 2.5266739e-02 -7.0615805e-02 0.0000000e+00
 endloop
endfacet
facet normal 4.052413e-01 -9.142098e-01 0.000000e+00
 outer loop
  vertex 3.2066632e-02 -6.7799197e-02 5.0000000e-03
  vertex 2.8701257e-02 -6.9290965e-02 5.0000000e-03
  vertex 2.8701257e-02 -6.9290965e-02 0.0000000e+00
 endloop
endfacet
facet normal 4.052413e-01 -9.142098e-01 0.000000e+00
 outer loop
  vertex 3.2066632e-02 -6.7799197e-02 0.0000000e+00
  vertex 3.2066632e-02 -6.7799197e-02 5.0000000e-03
  vertex 2.8701257e-02 -6.9290965e-02 0.0000000e+00
 endloop
endfacet
facet normal 4.496113e-01 -8.932243e-01 0.000000e+00
 outer loop
  vertex 3.5354755e-02 -6.6144095e-02 5.0000000e-03
  vertex 3.2066632e-02 -6.7799197e-02 5.0000000e-03
  vertex 3.2066632e-02 -6.7799197e-02 0.0000000e+00
 endloop
endfacet
facet normal 4.496113e-01 -8.932243e-01 0.000000e+00
 outer loop
  vertex 3.5354755e-02 -6.6144095e-02 0.0000000e+00
  vertex 3.5354755e-02 -6.6144095e-02 5.0000000e-03
  vertex 3.2066632e-02 -6.7799197e-02 0.0000000e+00
 endloop
endfacet
facet normal 4.928982e-01 -8.700870e-01 0.000000e+00
 outer loop
  vertex 3.8557706e-02 -6.4329646e-02 5.0000000e-03
  vertex 3.5354755e-02 -6.6144095e-02 5.0000000e-03
  vertex 3.5354755e-02 -6.6144095e-02 0.0000000e+00
 endloop
endfacet
facet normal 4.928982e-01 -8.700870e-01 0.000000e+00
 outer loop
  vertex 3.8557706e-02 -6.4329646e-02 0.0000000e+00
  vertex 3.8557706e-02 -6.4329646e-02 5.0000000e-03
  vertex 3.5354755e-02 -6.6144095e-02 0.0000000e+00
 endloop
endfacet
facet normal 5.349976e-01 -8.448536e-01 0.000000e+00
 outer loop
  vertex 4.1667767e-02 -6.2360221e-02 5.0000000e-03
  vertex 3.8557706e-02 -6.4329646e-02 5.0000000e-03
  vertex 3.8557706e-02 -6.4329646e-02 0.0000000e+00
 endloop
endfacet
facet normal 5.349976e-01 -8.448536e-01 0.000000e+00
 outer loop
  vertex 4.1667767e-02 -6.2360221e-02 0.0000000e+00
  vertex 4.1667767e-02 -6.2360221e-02 5.0000000e-03
  vertex 3.8557706e-02 -6.4329646e-02 0.0000000e+00
 endloop
endfacet
facet normal 5.758082e-01 -8.175848e-01 0.000000e+00
 outer loop
  vertex 4.4677448e-02 -6.0240565e-02 5.0000000e-03
  vertex 4.1667767e-02 -6.2360221e-02 5.0000000e-03
  vertex 4.1667767e-02 -6.2360221e-02 0.0000000e+00
 endloop
endfacet
facet normal 5.758082e-01 -8.175848e-01 0.000000e+00
 outer loop
  vertex 4.4677448e-02 -6.0240565e-02 0.0000000e+00
  vertex 4.4677448e-02 -6.0240565e-02 5.0000000e-03
  vertex 4.1667767e-02 -6.2360221e-02 0.0000000e+00
 endloop
endfacet
facet normal 6.152316e-01 -7.883464e-01 0.000000e+00
 outer loop
  vertex 4.7579496e-02 -5.7975784e-02 5.0000000e-03
  vertex 4.4677448e-02 -6.0240565e-02 5.0000000e-03
  vertex 4.4677448e-02 -6.0240565e-02 0.0000000e+00
 endloop
endfacet
facet normal 6.152316e-01 -7.883464e-01 0.000000e+00
 outer loop
  vertex 4.7579496e-02 -5.7975784e-02 0.0000000e+00
  vertex 4.7579496e-02 -5.7975784e-02 5.0000000e-03
  vertex 4.4677448e-02 -6.0240565e-02 0.0000000e+00
 endloop
endfacet
facet normal 6.531728e-01 -7.572088e-01 0.000000e+00
 outer loop
  vertex 5.0366922e-02 -5.5571334e-02 5.0000000e-03
  vertex 4.7579496e-02 -5.7975784e-02 5.0000000e-03
  vertex 4.7579496e-02 -5.7975784e-02 0.0000000e+00
 endloop
endfacet
facet normal 6.531728e-01 -7.572088e-01 0.000000e+00
 outer loop
  vertex 5.0366922e-02 -5.5571334e-02 0.0000000e+00
  vertex 5.0366922e-02 -5.5571334e-02 5.0000000e-03
  vertex 4.7579496e-02 -5.7975784e-02 0.0000000e+00
 endloop
endfacet
facet normal 6.895405e-01 -7.242471e-01 0.000000e+00
 outer loop
  vertex 5.3033009e-02 -5.3033009e-02 5.0000000e-03
  vertex 5.0366922e-02 -5.5571334e-02 5.0000000e-03
  vertex 5.0366922e-02 -5.5571334e-02 0.0000000e+00
 endloop
endfacet
facet normal 6.895405e-01 -7.242471e-01 0.000000e+00
 outer loop
  vertex 5.3033009e-02 -5.3033009e-02 0.0000000e+00
  vertex 5.3033009e-02 -5.3033009e-02 5.0000000e-03
  vertex 5.0366922e-02 -5.5571334e-02 0.0000000e+00
 endloop
endfacet
facet normal 7.242471e-01 -6.895405e-01 0.000000e+00
 outer loop
  vertex 5.5571334e-02 -5.0366922e-02 5.0000000e-03
  vertex 5.3033009e-02 -5.3033009e-02 5.0000000e-03
  vertex 5.3033009e-02 -5.3033009e-02 0.0000000e+00
 endloop
endfacet
facet normal 7.242471e-01 -6.895405e-01 0.000000e+00
 outer loop
  vertex 5.5571334e-02 -5.0366922e-02 0.0000000e+00
  vertex 5.5571334e-02 -5.0366922e-02 5.0000000e-03
  vertex 5.3033009e-02 -5.3033009e-02 0.0000000e+00
 endloop
endfacet
facet normal 7.572088e-01 -6.531728e-01 0.000000e+00
 outer loop
  vertex 5.7975784e-02 -4.7579496e-02 5.0000000e-03
  vertex 5.5571334e-02 -5.0366922e-02 5.0000000e-03
  vertex 5.5571334e-02 -5.0366922e-02 0.0000000e+00
 endloop
endfacet
facet normal 7.572088e-01 -6.531728e-01 0.000000e+00
 outer loop
  vertex 5.7975784e-02 -4.7579496e-02 0.0000000e+00
  vertex 5.7975784e-02 -4.7579496e-02 5.0000000e-03
  vertex 5.5571334e-02 -5.0366922e-02 0.0000000e+00
 endloop
endfacet
facet normal 7.883464e-01 -6.152316e-01 0.000000e+00
 outer loop
  vertex 6.0240565e-02 -4.4677448e-02 5.0000000e-03
  vertex 5.7975784e-02 -4.7579496e-02 5.0000000e-03
  vertex 5.7975784e-02 -4.7579496e-02 0.0000000e+00
 endloop
endfacet
facet normal 7.883464e-01 -6.152316e-01 0.000000e+00
 outer loop
  vertex 6.0240565e-02 -4.4677448e-02 0.0000000e+00
  vertex 6.0240565e-02 -4.4677448e-02 5.0000000e-03
  vertex 5.7975784e-02 -4.7579496e-02 0.0000000e+00
 endloop
endfacet
facet normal 8.175848e-01 -5.758082e-01 0.000000e+00
 outer loop
  vertex 6.2360221e-02 -4.1667767e-02 5.0000000e-03
  vertex 6.0240565e-02 -4.4677448e-02 5.0000000e-03
  vertex 6.0240565e-02 -4.4677448e-02 0.0000000e+00
 endloop
endfacet
facet normal 8.175848e-01 -5.758082e-01 0.000000e+00
 outer loop
  vertex 6.2360221e-02 -4.1667767e-02 0.0000000e+00
  vertex 6.2360221e-02 -4.1667767e-02 5.0000000e-03
  vertex 6.0240565e-02 -4.4677448e-02 0.0000000e+00
 endloop
endfacet
facet normal 8.448536e-01 -5.349976e-01 0.000000e+00
 outer loop
  vertex 6.4329646e-02 -3.8557706e-02 5.0000000e-03
  vertex 6.2360221e-02 -4.1667767e-02 5.0000000e-03
  vertex 6.2360221e-02 -4.1667767e-02 0.0000000e+00
 endloop
endfacet
facet normal 8.448536e-01 -5.349976e-01 0.000000e+00
 outer loop
  vertex 6.4329646e-02 -3.8557706e-02 0.0000000e+00
  vertex 6.4329646e-02 -3.8557706e-02 5.0000000e-03
  vertex 6.2360221e-02 -4.1667767e-02 0.0000000e+00
 endloop
endfacet
facet normal 8.700870e-01 -4.928982e-01 0.000000e+00
 outer loop
  vertex 6.6144095e-02 -3.5354755e-02 5.0000000e-03
  vertex 6.4329646e-02 -3.8557706e-02 5.0000000e-03
  vertex 6.4329646e-02 -3.8557706e-02 0.0000000e+00
 endloop
endfacet
facet normal 8.700870e-01 -4.928982e-01 0.000000e+00
 outer loop
  vertex 6.6144095e-02 -3.5354755e-02 0.0000000e+00
  vertex 6.6144095e-02 -3.5354755e-02 5.0000000e-03
  vertex 6.4329646e-02 -3.8557706e-02 0.0000000e+00
 endloop
endfacet
facet normal 8.932243e-01 -4.496113e-01 0.000000e+00
 outer loop
  vertex 6.7799197e-02 -3.2066632e-02 5.0000000e-03
  vertex 6.6144095e-02 -3.5354755e-02 5.0000000e-03
  vertex 6.6144095e-02 -3.5354755e-02 0.0000000e+00
 endloop
endfacet
facet normal 8.932243e-01 -4.496113e-01 0.000000e+00
 outer loop
  vertex 6.7799197e-02 -3.2066632e-02 0.0000000e+00
  vertex 6.7799197e-02 -3.2066632e-02 5.0000000e-03
  vertex 6.6144095e-02 -3.5354755e-02 0.0000000e+00
 endloop
endfacet
facet normal 9.142098e-01 -4.052413e-01 0.000000e+00
 outer loop
  vertex 6.9290965e-02 -2.8701257e-02 5.0000000e-03
  vertex 6.7799197e-02 -3.2066632e-02 5.0000000e-03
  vertex 6.7799197e-02 -3.2066632e-02 0.0000000e+00
 endloop
endfacet
facet normal 9.142098e-01 -4.052413e-01 0.000000e+00
 outer loop
  vertex 6.9290965e-02 -2.8701257e-02 0.0000000e+00
  vertex 6.9290965e-02 -2.8701257e-02 5.0000000e-03
  vertex 6.7799197e-02 -3.2066632e-02 0.0000000e+00
 endloop
endfacet
facet normal 9.329928e-01 -3.598950e-01 0.000000e+00
 outer loop
  vertex 7.0615805e-02 -2.5266739e-02 5.0000000e-03
  vertex 6.9290965e-02 -2.8701257e-02 5.0000000e-03
  vertex 6.9290965e-02 -2.8701257e-02 0.0000000e+00
 endloop
endfacet
facet normal 9.329928e-01 -3.598950e-01 0.000000e+00
 outer loop
  vertex 7.0615805e-02 -2.5266739e-02 0.0000000e+00
  vertex 7.0615805e-02 -2.5266739e-02 5.0000000e-03
  vertex 6.9290965e-02 -2.8701257e-02 0.0000000e+00
 endloop
endfacet
facet normal 9.495282e-01 -3.136817e-01 0.000000e+00
 outer loop
  vertex 7.1770525e-02 -2.1771351e-02 5.0000000e-03
  vertex 7.0615805e-02 -2.5266739e-02 5.0000000e-03
  vertex 7.0615805e-02 -2.5266739e-02 0.0000000e+00
 endloop
endfacet
facet normal 9.495282e-01 -3.136817e-01 0.000000e+00
 outer loop
  vertex 7.1770525e-02 -2.1771351e-02 0.0000000e+00
  vertex 7.1770525e-02 -2.1771351e-02 5.0000000e-03
  vertex 7.0615805e-02 -2.5266739e-02 0.0000000e+00
 endloop
endfacet
facet normal 9.637761e-01 -2.667128e-01 0.000000e+00
 outer loop
  vertex 7.2752344e-02 -1.8223513e-02 5.0000000e-03
  vertex 7.1770525e-02 -2.1771351e-02 5.0000000e-03
  vertex 7.1770525e-02 -2.1771351e-02 0.0000000e+00
 endloop
endfacet
facet normal 9.637761e-01 -2.667128e-01 0.000000e+00
 outer loop
  vertex 7.2752344e-02 -1.8223513e-02 0.0000000e+00
  vertex 7.2752344e-02 -1.8223513e-02 5.0000000e-03
  vertex 7.1770525e-02 -2.1771351e-02 0.0000000e+00
 endloop
endfacet
facet normal 9.757021e-01 -2.191012e-01 0.000000e+00
 outer loop
  vertex 7.3558896e-02 -1.4631774e-02 5.0000000e-03
  vertex 7.2752344e-02 -1.8223513e-02 5.0000000e-03
  vertex 7.2752344e-02 -1.8223513e-02 0.0000000e+00
 endloop
endfacet
facet normal 9.757021e-01 -2.191012e-01 0.000000e+00
 outer loop
  vertex 7.3558896e-02 -1.4631774e-02 0.0000000e+00
  vertex 7.3558896e-02 -1.4631774e-02 5.0000000e-03
  vertex 7.2752344e-02 -1.8223513e-02 0.0000000e+00
 endloop
endfacet
facet normal 9.852776e-01 -1.709619e-01 0.000000e+00
 outer loop
  vertex 7.4188238e-02 -1.1004786e-02 5.0000000e-03
  vertex 7.3558896e-02 -1.4631774e-02 5.0000000e-03
  vertex 7.3558896e-02 -1.4631774e-02 0.0000000e+00
 endloop
endfacet
facet normal 9.852776e-01 -1.709619e-01 0.000000e+00
 outer loop
  vertex 7.4188238e-02 -1.1004786e-02 0.0000000e+00
  vertex 7.4188238e-02 -1.1004786e-02 5.0000000e-03
  vertex 7.3558896e-02 -1.4631774e-02 0.0000000e+00
 endloop
endfacet
facet normal 9.924795e-01 -1.224107e-01 0.000000e+00
 outer loop
  vertex 7.4638855e-02 -7.3512855e-03 5.0000000e-03
  vertex 7.4188238e-02 -1.1004786e-02 5.0000000e-03
  vertex 7.4188238e-02 -1.1004786e-02 0.0000000e+00
 endloop
endfacet
facet normal 9.924795e-01 -1.224107e-01 0.000000e+00
 outer loop
  vertex 7.4638855e-02 -7.3512855e-03 0.0000000e+00
  vertex 7.4638855e-02 -7.3512855e-03 5.0000000e-03
  vertex 7.4188238e-02 -1.1004786e-02 0.0000000e+00
 endloop
endfacet
facet normal 9.972905e-01 -7.356456e-02 0.000000e+00
 outer loop
  vertex 7.4909659e-02 -3.6800756e-03 5.0000000e-03
  vertex 7.4638855e-02 -7.3512855e-03 5.0000000e-03
  vertex 7.4638855e-02 -7.3512855e-03 0.0000000e+00
 endloop
endfacet
facet normal 9.972905e-01 -7.356456e-02 0.000000e+00
 outer loop
  vertex 7.4909659e-02 -3.6800756e-03 0.0000000e+00
  vertex 7.4909659e-02 -3.6800756e-03 5.0000000e-03
  vertex 7.4638855e-02 -7.3512855e-03 0.0000000e+00
 endloop
endfacet
facet normal 9.996988e-01 -2.454123e-02 0.000000e+00
 outer loop
  vertex 7.5000000e-02 0.0000000e+00 5.0000000e-03
  vertex 7.4909659e-02 -3.6800756e-03 5.0000000e-03
  vertex 7.4909659e-02 -3.6800756e-03 0.0000000e+00
 endloop
endfacet
facet normal 9.996988e-01 -2.454123e-02 0.000000e+00
 outer loop
  vertex 7.5000000e-02 0.0000000e+00 0.0000000e+00
  vertex 7.5000000e-02 0.0000000e+00 5.0000000e-03
  vertex 7.4909659e-02 -3.6800756e-03 0.0000000e+00
 endloop
endfacet
facet normal 0.000000e+00 0.000000e+00 1.000000e+00
 outer loop
  vertex 3.9951818e-02 1.9627070e-03 5.0000000e-03
  vertex 4.0000000e-02 0.0000000e+00 5.0000000e-03
  vertex 7.5000000e-02 0.0000000e+00 5.0000000e-03
 endloop
endfacet
facet normal 0.000000e+00 0.000000e+00 1.000000e+00
 outer loop
  vertex 7.4909659e-02 3.6800756e-03 5.0000000e-03
  vertex 3.9951818e-02 1.9627070e-03 5.0000000e-03
  vertex 7.5000000e-02 0.0000000e+00 5.0000000e-03
 endloop
endfacet
facet normal 0.000000e+00 0.000000e+00 1.000000e+00
 outer loop
  vertex 3.9807389e-02 3.9206856e-03 5.0000000e-03
  vertex 3.9951818e-02 1.9627070e-03 5.0000000e-03
  vertex 7.4909659e-02 3.6800756e-03 5.0000000e-03
 endloop
endfacet
facet normal 0.000000e+00 0.000000e+00 1.000000e+00
 outer loop
  vertex 7.4638855e-02 7.3512855e-03 5.0000000e-03
  vertex 3.9807389e-02 3.9206856e-03 5.0000000e-03
  vertex 7.4909659e-02 3.6800756e-03 5.0000000e-03
 endloop
endfacet
facet normal -0.000000e+00 0.000000e+00 1.000000e+00
 outer loop
  vertex 3.9567060e-02 5.8692190e-03 5.0000000e-03
  vertex 3.9807389e-02 3.9206856e-03 5.0000000e-03
  vertex 7.4638855e-02 7.3512855e-03 5.0000000e-03
 endloop
endfacet
facet normal 0.000000e+00 0.000000e+00 1.000000e+00
 outer loop
  vertex 7.4188238e-02 1.1004786e-02 5.0000000e-03
  vertex 3.9567060e-02 5.8692190e-03 5.0000000e-03
  vertex 7.4638855e-02 7.3512855e-03 5.0000000e-03
 endloop
endfacet
facet normal -0.000000e+00 0.000000e+00 1.000000e+00
 outer loop
  vertex 3.9231411e-02 7.8036129e-03 5.0000000e-03
  vertex 3.9567060e-02 5.8692190e-03 5.0000000e-03
  vertex 7.4188238e-02 1.1004786e-02 5.0000000e-03
 endloop
endfacet
facet normal 0.000000e+00 0.000000e+00 1.000000e+00
 outer loop
  vertex 7.3558896e-02 1.4631774e-02 5.0000000e-03
  vertex 3.9231411e-02 7.8036129e-03 5.0000000e-03
  vertex 7.4188238e-02 1.1004786e-02 5.0000000e-03
 endloop
endfacet
facet normal -0.000000e+00 0.000000e+00 1.000000e+00
 outer loop
  vertex 3.8801250e-02 9.7192072e-03 5.0000000e-03
  vertex 3.9231411e-02 7.8036129e-03 5.0000000e-03
  vertex 7.3558896e-02 1.4631774e-02 5.0000000e-03
 endloop
endfacet
facet normal 0.000000e+00 0.000000e+00 1.000000e+00
 outer loop
  vertex 7.2752344e-02 1.8223513e-02 5.0000000e-03
  vertex 3.8801250e-02 9.7192072e-03 5.0000000e-03
  vertex 7.3558896e-02 1.4631774e-02 5.0000000e-03
 endloop
endfacet
facet normal -0.000000e+00 0.000000e+00 1.000000e+00
 outer loop
  vertex 3.8277613e-02 1.1611387e-02 5.0000000e-03
  vertex 3.8801250e-02 9.7192072e-03 5.0000000e-03
  vertex 7.2752344e-02 1.8223513e-02 5.0000000e-03
 endloop
endfacet
facet normal 0.000000e+00 0.000000e+00 1.000000e+00
 outer loop
  vertex 7.1770525e-02 2.1771351e-02 5.0000000e-03
  vertex 3.8277613e-02 1.1611387e-02 5.0000000e-03
  vertex 7.2752344e-02 1.8223513e-02 5.0000000e-03
 endloop
endfacet
facet normal -0.000000e+00 0.000000e+00 1.000000e+00
 outer loop
  vertex 3.7661763e-02 1.3475594e-02 5.0000000e-03
  vertex 3.8277613e-02 1.1611387e-02 5.0000000e-03
  vertex 7.1770525e-02 2.1771351e-02 5.0000000e-03
 endloop
endfacet
facet normal 0.000000e+00 0.000000e+00 1.000000e+00
 outer loop
  vertex 7.0615805e-02 2.5266739e-02 5.0000000e-03
  vertex 3.7661763e-02 1.3475594e-02 5.0000000e-03
  vertex 7.1770525e-02 2.1771351e-02 5.0000000e-03
 endloop
endfacet
facet normal -0.000000e+00 0.000000e+00 1.000000e+00
 outer loop
  vertex 3.6955181e-02 1.5307337e-02 5.0000000e-03
  vertex 3.7661763e-02 1.3475594e-02 5.0000000e-03
  vertex 7.0615805e-02 2.5266739e-02 5.0000000e-03
 endloop
endfacet
facet normal 0.000000e+00 0.000000e+00 1.000000e+00
 outer loop
  vertex 6.9290965e-02 2.8701257e-02 5.0000000e-03
  vertex 3.6955181e-02 1.5307337e-02 5.0000000e-03
  vertex 7.0615805e-02 2.5266739e-02 5.0000000e-03
 endloop
endfacet
facet normal -0.000000e+00 0.000000e+00 1.000000e+00
 outer loop
  vertex 3.6159572e-02 1.7102204e-02 5.0000000e-03
  vertex 3.6955181e-02 1.5307337e-02 5.0000000e-03
  vertex 6.9290965e-02 2.8701257e-02 5.0000000e-03
 endloop
endfacet
facet normal 0.000000e+00 0.000000e+00 1.000000e+00
 outer loop
  vertex 6.7799197e-02 3.2066632e-02 5.0000000e-03
  vertex 3.6159572e-02 1.7102204e-02 5.0000000e-03
  vertex 6.9290965e-02 2.8701257e-02 5.0000000e-03
 endloop
endfacet
facet normal -0.000000e+00 0.000000e+00 1.000000e+00
 outer loop
  vertex 3.5276851e-02 1.8855869e-02 5.0000000e-03
  vertex 3.6159572e-02 1.7102204e-02 5.0000000e-03
  vertex 6.7799197e-02 3.2066632e-02 5.0000000e-03
 endloop
endfacet
facet normal 0.000000e+00 0.000000e+00 1.000000e+00
 outer loop
  vertex 6.6144095e-02 3.5354755e-02 5.0000000e-03
  vertex 3.5276851e-02 1.8855869e-02 5.0000000e-03
  vertex 6.7799197e-02 3.2066632e-02 5.0000000e-03
 endloop
endfacet
facet normal -0.000000e+00 0.000000e+00 1.000000e+00
 outer loop
  vertex 3.4309144e-02 2.0564110e-02 5.0000000e-03
  vertex 3.5276851e-02 1.8855869e-02 5.0000000e-03
  vertex 6.6144095e-02 3.5354755e-02 5.0000000e-03
 endloop
endfacet
facet normal 0.000000e+00 0.000000e+00 1.000000e+00
 outer loop
  vertex 6.4329646e-02 3.8557706e-02 5.0000000e-03
  vertex 3.4309144e-02 2.0564110e-02 5.0000000e-03
  vertex 6.6144095e-02 3.5354755e-02 5.0000000e-03
 endloop
endfacet
facet normal -0.000000e+00 0.000000e+00 1.000000e+00
 outer loop
  vertex 3.3258784e-02 2.2222809e-02 5.0000000e-03
  vertex 3.4309144e-02 2.0564110e-02 5.0000000e-03
  vertex 6.4329646e-02 3.8557706e-02 5.0000000e-03
 endloop
endfacet
facet normal 0.000000e+00 0.000000e+00 1.000000e+00
 outer loop
  vertex 6.2360221e-02 4.1667767e-02 5.0000000e-03
  vertex 3.3258784e-02 2.2222809e-02 5.0000000e-03
  vertex 6.4329646e-02 3.8557706e-02 5.0000000e-03
 endloop
endfacet
facet normal -0.000000e+00 0.000000e+00 1.000000e+00
 outer loop
  vertex 3.2128301e-02 2.3827972e-02 5.0000000e-03
  vertex 3.3258784e-02 2.2222809e-02 5.0000000e-03
  vertex 6.2360221e-02 4.1667767e-02 5.0000000e-03
 endloop
endfacet
facet normal 0.000000e+00 0.000000e+00 1.000000e+00
 outer loop
  vertex 6.0240565e-02 4.4677448e-02 5.0000000e-03
  vertex 3.2128301e-02 2.3827972e-02 5.0000000e-03
  vertex 6.2360221e-02 4.1667767e-02 5.0000000e-03
 endloop
endfacet
facet normal -0.000000e+00 0.000000e+00 1.000000e+00
 outer loop
  vertex 3.0920418e-02 2.5375731e-02 5.0000000e-03
  vertex 3.2128301e-02 2.3827972e-02 5.0000000e-03
  vertex 6.0240565e-02 4.4677448e-02 5.0000000e-03
 endloop
endfacet
facet normal 0.000000e+00 0.000000e+00 1.000000e+00
 outer loop
  vertex 5.7975784e-02 4.7579496e-02 5.0000000e-03
  vertex 3.0920418e-02 2.5375731e-02 5.0000000e-03
  vertex 6.0240565e-02 4.4677448e-02 5.0000000e-03
 endloop
endfacet
facet normal -0.000000e+00 0.000000e+00 1.000000e+00
 outer loop
  vertex 2.9638045e-02 2.6862358e-02 5.0000000e-03
  vertex 3.0920418e-02 2.5375731e-02 5.0000000e-03
  vertex 5.7975784e-02 4.7579496e-02 5.0000000e-03
 endloop
endfacet
facet normal 0.000000e+00 0.000000e+00 1.000000e+00
 outer loop
  vertex 5.5571334e-02 5.0366922e-02 5.0000000e-03
  vertex 2.9638045e-02 2.6862358e-02 5.0000000e-03
  vertex 5.7975784e-02 4.7579496e-02 5.0000000e-03
 endloop
endfacet
facet normal -0.000000e+00 0.000000e+00 1.000000e+00
 outer loop
  vertex 2.8284271e-02 2.8284271e-02 5.0000000e-03
  vertex 2.9638045e-02 2.6862358e-02 5.0000000e-03
  vertex 5.5571334e-02 5.0366922e-02 5.0000000e-03
 endloop
endfacet
facet normal 0.000000e+00 0.000000e+00 1.000000e+00
 outer loop
  vertex 5.3033009e-02 5.3033009e-02 5.0000000e-03
  vertex 2.8284271e-02 2.8284271e-02 5.0000000e-03
  vertex 5.5571334e-02 5.0366922e-02 5.0000000e-03
 endloop
endfacet
facet normal -0.000000e+00 0.000000e+00 1.000000e+00
 outer loop
  vertex 2.6862358e-02 2.9638045e-02 5.0000000e-03
  vertex 2.8284271e-02 2.8284271e-02 5.0000000e-03
  vertex 5.3033009e-02 5.3033009e-02 5.0000000e-03
 endloop
endfacet
facet normal 0.000000e+00 0.000000e+00 1.000000e+00
 outer loop
  vertex 5.0366922e-02 5.5571334e-02 5.0000000e-03
  vertex 2.6862358e-02 2.9638045e-02 5.0000000e-03
  vertex 5.3033009e-02 5.3033009e-02 5.0000000e-03
 endloop
endfacet
facet normal -0.000000e+00 0.000000e+00 1.000000e+00
 outer loop
  vertex 2.5375731e-02 3.0920418e-02 5.0000000e-03
  vertex 2.6862358e-02 2.9638045e-02 5.0000000e-03
  vertex 5.0366922e-02 5.5571334e-02 5.0000000e-03
 endloop
endfacet
facet normal 0.000000e+00 0.000000e+00 1.000000e+00
 outer loop
  vertex 4.7579496e-02 5.7975784e-02 5.0000000e-03
  vertex 2.5375731e-02 3.0920418e-02 5.0000000e-03
  vertex 5.0366922e-02 5.5571334e-02 5.0000000e-03
 endloop
endfacet
facet normal -0.000000e+00 0.000000e+00 1.000000e+00
 outer loop
  vertex 2.3827972e-02 3.2128301e-02 5.0000000e-03
  vertex 2.5375731e-02 3.0920418e-02 5.0000000e-03
  vertex 4.7579496e-02 5.7975784e-02 5.0000000e-03
 endloop
endfacet
facet normal 0.000000e+00 0.000000e+00 1.000000e+00
 outer loop
  vertex 4.4677448e-02 6.0240565e-02 5.0000000e-03
  vertex 2.3827972e-02 3.2128301e-02 5.0000000e-03
  vertex 4.7579496e-02 5.7975784e-02 5.0000000e-03
 endloop
endfacet
facet normal -0.000000e+00 0.000000e+00 1.000000e+00
 outer loop
  vertex 2.2222809e-02 3.3258784e-02 5.0000000e-03
  vertex 2.3827972e-02 3.2128301e-02 5.0000000e-03
  vertex 4.4677448e-02 6.0240565e-02 5.0000000e-03
 endloop
endfacet
facet normal 0.000000e+00 0.000000e+00 1.000000e+00
 outer loop
  vertex 4.1667767e-02 6.2360221e-02 5.0000000e-03
  vertex 2.2222809e-02 3.3258784e-02 5.0000000e-03
  vertex 4.4677448e-02 6.0240565e-02 5.0000000e-03
 endloop
endfacet
facet normal -0.000000e+00 0.000000e+00 1.000000e+00
 outer loop
  vertex 2.0564110e-02 3.4309144e-02 5.0000000e-03
  vertex 2.2222809e-02 3.3258784e-02 5.0000000e-03
  vertex 4.1667767e-02 6.2360221e-02 5.0000000e-03
 endloop
endfacet
facet normal 0.000000e+00 0.000000e+00 1.000000e+00
 outer loop
  vertex 3.8557706e-02 6.4329646e-02 5.0000000e-03
  vertex 2.0564110e-02 3.4309144e-02 5.0000000e-03
  vertex 4.1667767e-02 6.2360221e-02 5.0000000e-03
 endloop
endfacet
facet normal -0.000000e+00 0.000000e+00 1.000000e+00
 outer loop
  vertex 1.8855869e-02 3.5276851e-02 5.0000000e-03
  vertex 2.0564110e-02 3.4309144e-02 5.0000000e-03
  vertex 3.8557706e-02 6.4329646e-02 5.0000000e-03
 endloop
endfacet
facet normal 0.000000e+00 0.000000e+00 1.000000e+00
 outer loop
  vertex 3.5354755e-02 6.6144095e-02 5.0000000e-03
  vertex 1.8855869e-02 3.5276851e-02 5.0000000e-03
  vertex 3.8557706e-02 6.4329646e-02 5.0000000e-03
 endloop
endfacet
facet normal -0.000000e+00 0.000000e+00 1.000000e+00
 outer loop
  vertex 1.7102204e-02 3.6159572e-02 5.0000000e-03
  vertex 1.8855869e-02 3.5276851e-02 5.0000000e-03
  vertex 3.5354755e-02 6.6144095e-02 5.0000000e-03
 endloop
endfacet
facet normal 0.000000e+00 0.000000e+00 1.000000e+00
 outer loop
  vertex 3.2066632e-02 6.7799197e-02 5.0000000e-03
  vertex 1.7102204e-02 3.6159572e-02 5.0000000e-03
  vertex 3.5354755e-02 6.6144095e-02 5.0000000e-03
 endloop
endfacet
facet normal -0.000000e+00 0.000000e+00 1.000000e+00
 outer loop
  vertex 1.5307337e-02 3.6955181e-02 5.0000000e-03
  vertex 1.7102204e-02 3.6159572e-02 5.0000000e-03
  vertex 3.2066632e-02 6.7799197e-02 5.0000000e-03
 endloop
endfacet
facet normal 0.000000e+00 0.000000e+00 1.000000e+00
 outer loop
  vertex 2.8701257e-02 6.9290965e-02 5.0000000e-03
  vertex 1.5307337e-02 3.6955181e-02 5.0000000e-03
  vertex 3.2066632e-02 6.7799197e-02 5.0000000e-03
 endloop
endfacet
facet normal -0.000000e+00 0.000000e+00 1.000000e+00
 outer loop
  vertex 1.3475594e-02 3.7661763e-02 5.0000000e-03
  vertex 1.5307337e-02 3.6955181e-02 5.0000000e-03
  vertex 2.8701257e-02 6.9290965e-02 5.0000000e-03
 endloop
endfacet
facet normal 0.000000e+00 0.000000e+00 1.000000e+00
 outer loop
  vertex 2.5266739e-02 7.0615805e-02 5.0000000e-03
  vertex 1.3475594e-02 3.7661763e-02 5.0000000e-03
  vertex 2.8701257e-02 6.9290965e-02 5.0000000e-03
 endloop
endfacet
facet normal -0.000000e+00 0.000000e+00 1.000000e+00
 outer loop
  vertex 1.1611387e-02 3.8277613e-02 5.0000000e-03
  vertex 1.3475594e-02 3.7661763e-02 5.0000000e-03
  vertex 2.5266739e-02 7.0615805e-02 5.0000000e-03
 endloop
endfacet
facet normal 0.000000e+00 0.000000e+00 1.000000e+00
 outer loop
  vertex 2.1771351e-02 7.1770525e-02 5.0000000e-03
  vertex 1.1611387e-02 3.8277613e-02 5.0000000e-03
  vertex 2.5266739e-02 7.0615805e-02 5.0000000e-03
 endloop
endfacet
facet normal -0.000000e+00 0.000000e+00 1.000000e+00
 outer loop
  vertex 9.7192072e-03 3.8801250e-02 5.0000000e-03
  vertex 1.1611387e-02 3.8277613e-02 5.0000000e-03
  vertex 2.1771351e-02 7.1770525e-02 5.0000000e-03
 endloop
endfacet
facet normal 0.000000e+00 0.000000e+00 1.000000e+00
 outer loop
  vertex 1.8223513e-02 7.2752344e-02 5.0000000e-03
  vertex 9.7192072e-03 3.8801250e-02 5.0000000e-03
  vertex 2.1771351e-02 7.1770525e-02 5.0000000e-03
 endloop
endfacet
facet normal -0.000000e+00 0.000000e+00 1.000000e+00
 outer loop
  vertex 7.8036129e-03 3.9231411e-02 5.0000000e-03
  vertex 9.7192072e-03 3.8801250e-02 5.0000000e-03
  vertex 1.8223513e-02 7.2752344e-02 5.0000000e-03
 endloop
endfacet
facet normal 0.000000e+00 0.000000e+00 1.000000e+00
 outer loop
  vertex 1.4631774e-02 7.3558896e-02 5.0000000e-03
  vertex 7.8036129e-03 3.9231411e-02 5.0000000e-03
  vertex 1.8223513e-02 7.2752344e-02 5.0000000e-03
 endloop
endfacet
facet normal -0.000000e+00 0.000000e+00 1.000000e+00
 outer loop
  vertex 5.8692190e-03 3.9567060e-02 5.0000000e-03
  vertex 7.8036129e-03 3.9231411e-02 5.0000000e-03
  vertex 1.4631774e-02 7.3558896e-02 5.0000000e-03
 endloop
endfacet
facet normal 0.000000e+00 0.000000e+00 1.000000e+00
 outer loop
  vertex 1.1004786e-02 7.4188238e-02 5.0000000e-03
  vertex 5.8692190e-03 3.9567060e-02 5.0000000e-03
  vertex 1.4631774e-02 7.3558896e-02 5.0000000e-03
 endloop
endfacet
facet normal -0.000000e+00 0.000000e+00 1.000000e+00
 outer loop
  vertex 3.9206856e-03 3.9807389e-02 5.0000000e-03
  vertex 5.8692190e-03 3.9567060e-02 5.0000000e-03
  vertex 1.1004786e-02 7.4188238e-02 5.0000000e-03
 endloop
endfacet
facet normal 0.000000e+00 0.000000e+00 1.000000e+00
 outer loop
  vertex 7.3512855e-03 7.4638855e-02 5.0000000e-03
  vertex 3.9206856e-03 3.9807389e-02 5.0000000e-03
  vertex 1.1004786e-02 7.4188238e-02 5.0000000e-03
 endloop
endfacet
facet normal -0.000000e+00 0.000000e+00 1.000000e+00
 outer loop
  vertex 1.9627070e-03 3.9951818e-02 5.0000000e-03
  vertex 3.9206856e-03 3.9807389e-02 5.0000000e-03
  vertex 7.3512855e-03 7.4638855e-02 5.0000000e-03
 endloop
endfacet
facet normal 0.000000e+00 0.000000e+00 1.000000e+00
 outer loop
  vertex 3.6800756e-03 7.4909659e-02 5.0000000e-03
  vertex 1.9627070e-03 3.9951818e-02 5.0000000e-03
  vertex 7.3512855e-03 7.4638855e-02 5.0000000e-03
 endloop
endfacet
facet normal -0.000000e+00 0.000000e+00 1.000000e+00
 outer loop
  vertex 2.4492936e-18 4.0000000e-02 5.0000000e-03
  vertex 1.9627070e-03 3.9951818e-02 5.0000000e-03
  vertex 3.6800756e-03 7.4909659e-02 5.0000000e-03
 endloop
endfacet
facet normal 0.000000e+00 0.000000e+00 1.000000e+00
 outer loop
  vertex 4.5924255e-18 7.5000000e-02 5.0000000e-03
  vertex 2.4492936e-18 4.0000000e-02 5.0000000e-03
  vertex 3.6800756e-03 7.4909659e-02 5.0000000e-03
 endloop
endfacet
facet normal 0.000000e+00 0.000000e+00 1.000000e+00
 outer loop
  vertex -1.9627070e-03 3.9951818e-02 5.0000000e-03
  vertex 2.4492936e-18 4.0000000e-02 5.0000000e-03
  vertex 4.5924255e-18 7.5000000e-02 5.0000000e-03
 endloop
endfacet
facet normal -0.000000e+00 0.000000e+00 1.000000e+00
 outer loop
  vertex -3.6800756e-03 7.4909659e-02 5.0000000e-03
  vertex -1.9627070e-03 3.9951818e-02 5.0000000e-03
  vertex 4.5924255e-18 7.5000000e-02 5.0000000e-03
 endloop
endfacet
facet normal 0.000000e+00 0.000000e+00 1.000000e+00
 outer loop
  vertex -3.9206856e-03 3.9807389e-02 5.0000000e-03
  vertex -1.9627070e-03 3.9951818e-02 5.0000000e-03
  vertex -3.6800756e-03 7.4909659e-02 5.0000000e-03
 endloop
endfacet
facet normal -0.000000e+00 0.000000e+00 1.000000e+00
 outer loop
  vertex -7.3512855e-03 7.4638855e-02 5.0000000e-03
  vertex -3.9206856e-03 3.9807389e-02 5.0000000e-03
  vertex -3.6800756e-03 7.4909659e-02 5.0000000e-03
 endloop
endfacet
facet normal 0.000000e+00 -0.000000e+00 1.000000e+00
 outer loop
  vertex -5.8692190e-03 3.9567060e-02 5.0000000e-03
  vertex -3.9206856e-03 3.9807389e-02 5.0000000e-03
  vertex -7.3512855e-03 7.4638855e-02 5.0000000e-03
 endloop
endfacet
facet normal -0.000000e+00 0.000000e+00 1.000000e+00
 outer loop
  vertex -1.1004786e-02 7.4188238e-02 5.0000000e-03
  vertex -5.8692190e-03 3.9567060e-02 5.0000000e-03
  vertex -7.3512855e-03 7.4638855e-02 5.0000000e-03
 endloop
endfacet
facet normal 0.000000e+00 -0.000000e+00 1.000000e+00
 outer loop
  vertex -7.8036129e-03 3.9231411e-02 5.0000000e-03
  vertex -5.8692190e-03 3.9567060e-02 5.0000000e-03
  vertex -1.1004786e-02 7.4188238e-02 5.0000000e-03
 endloop
endfacet
facet normal -0.000000e+00 0.000000e+00 1.000000e+00
 outer loop
  vertex -1.4631774e-02 7.3558896e-02 5.0000000e-03
  vertex -7.8036129e-03 3.9231411e-02 5.0000000e-03
  vertex -1.1004786e-02 7.4188238e-02 5.0000000e-03
 endloop
endfacet
facet normal 0.000000e+00 -0.000000e+00 1.000000e+00
 outer loop
  vertex -9.7192072e-03 3.8801250e-02 5.0000000e-03
  vertex -7.8036129e-03 3.9231411e-02 5.0000000e-03
  vertex -1.4631774e-02 7.3558896e-02 5.0000000e-03
 endloop
endfacet
facet normal -0.000000e+00 0.000000e+00 1.000000e+00
 outer loop
  vertex -1.8223513e-02 7.2752344e-02 5.0000000e-03
  vertex -9.7192072e-03 3.8801250e-02 5.0000000e-03
  vertex -1.4631774e-02 7.3558896e-02 5.0000000e-03
 endloop
endfacet
facet normal 0.000000e+00 -0.000000e+00 1.000000e+00
 outer loop
  vertex -1.1611387e-02 3.8277613e-02 5.0000000e-03
  vertex -9.7192072e-03 3.8801250e-02 5.0000000e-03
  vertex -1.8223513e-02 7.2752344e-02 5.0000000e-03
 endloop
endfacet
facet normal -0.000000e+00 0.000000e+00 1.000000e+00
 outer loop
  vertex -2.1771351e-02 7.1770525e-02 5.0000000e-03
  vertex -1.1611387e-02 3.8277613e-02 5.0000000e-03
  vertex -1.8223513e-02 7.2752344e-02 5.0000000e-03
 endloop
endfacet
facet normal 0.000000e+00 -0.000000e+00 1.000000e+00
 outer loop
  vertex -1.3475594e-02 3.7661763e-02 5.0000000e-03
  vertex -1.1611387e-02 3.8277613e-02 5.0000000e-03
  vertex -2.1771351e-02 7.1770525e-02 5.0000000e-03
 endloop
endfacet
facet normal -0.000000e+00 0.000000e+00 1.000000e+00
 outer loop
  vertex -2.5266739e-02 7.0615805e-02 5.0000000e-03
  vertex -1.3475594e-02 3.7661763e-02 5.0000000e-03
  vertex -2.1771351e-02 7.1770525e-02 5.0000000e-03
 endloop
endfacet
facet normal 0.000000e+00 -0.000000e+00 1.000000e+00
 outer loop
  vertex -1.5307337e-02 3.6955181e-02 5.0000000e-03
  vertex -1.3475594e-02 3.7661763e-02 5.0000000e-03
  vertex -2.5266739e-02 7.0615805e-02 5.0000000e-03
 endloop
endfacet
facet normal -0.000000e+00 0.000000e+00 1.000000e+00
 outer loop
  vertex -2.8701257e-02 6.9290965e-02 5.0000000e-03
  vertex -1.5307337e-02 3.6955181e-02 5.0000000e-03
  vertex -2.5266739e-02 7.0615805e-02 5.0000000e-03
 endloop
endfacet
facet normal 0.000000e+00 -0.000000e+00 1.000000e+00
 outer loop
  vertex -1.7102204e-02 3.6159572e-02 5.0000000e-03
  vertex -1.5307337e-02 3.6955181e-02 5.0000000e-03
  vertex -2.8701257e-02 6.9290965e-02 5.0000000e-03
 endloop
endfacet
facet normal -0.000000e+00 0.000000e+00 1.000000e+00
 outer loop
  vertex -3.2066632e-02 6.7799197e-02 5.0000000e-03
  vertex -1.7102204e-02 3.6159572e-02 5.0000000e-03
  vertex -2.8701257e-02 6.9290965e-02 5.0000000e-03
 endloop
endfacet
facet normal 0.000000e+00 -0.000000e+00 1.000000e+00
 outer loop
  vertex -1.8855869e-02 3.5276851e-02 5.0000000e-03
  vertex -1.7102204e-02 3.6159572e-02 5.0000000e-03
  vertex -3.2066632e-02 6.7799197e-02 5.0000000e-03
 endloop
endfacet
facet normal -0.000000e+00 0.000000e+00 1.000000e+00
 outer loop
  vertex -3.5354755e-02 6.6144095e-02 5.0000000e-03
  vertex -1.8855869e-02 3.5276851e-02 5.0000000e-03
  vertex -3.2066632e-02 6.7799197e-02 5.0000000e-03
 endloop
endfacet
facet normal 0.000000e+00 -0.000000e+00 1.000000e+00
 outer loop
  vertex -2.0564110e-02 3.4309144e-02 5.0000000e-03
  vertex -1.8855869e-02 3.5276851e-02 5.0000000e-03
  vertex -3.5354755e-02 6.6144095e-02 5.0000000e-03
 endloop
endfacet
facet normal -0.000000e+00 0.000000e+00 1.000000e+00
 outer loop
  vertex -3.8557706e-02 6.4329646e-02 5.0000000e-03
  vertex -2.0564110e-02 3.4309144e-02 5.0000000e-03
  vertex -3.5354755e-02 6.6144095e-02 5.0000000e-03
 endloop
endfacet
facet normal 0.000000e+00 -0.000000e+00 1.000000e+00
 outer loop
  vertex -2.2222809e-02 3.3258784e-02 5.0000000e-03
  vertex -2.0564110e-02 3.4309144e-02 5.0000000e-03
  vertex -3.8557706e-02 6.4329646e-02 5.0000000e-03
 endloop
endfacet
facet normal -0.000000e+00 0.000000e+00 1.000000e+00
 outer loop
  vertex -4.1667767e-02 6.2360221e-02 5.0000000e-03
  vertex -2.2222809e-02 3.3258784e-02 5.0000000e-03
  vertex -3.8557706e-02 6.4329646e-02 5.0000000e-03
 endloop
endfacet
facet normal 0.000000e+00 -0.000000e+00 1.000000e+00
 outer loop
  vertex -2.3827972e-02 3.2128301e-02 5.0000000e-03
  vertex -2.2222809e-02 3.3258784e-02 5.0000000e-03
  vertex -4.1667767e-02 6.2360221e-02 5.0000000e-03
 endloop
endfacet
facet normal -0.000000e+00 0.000000e+00 1.000000e+00
 outer loop
  vertex -4.4677448e-02 6.0240565e-02 5.0000000e-03
  vertex -2.3827972e-02 3.2128301e-02 5.0000000e-03
  vertex -4.1667767e-02 6.2360221e-02 5.0000000e-03
 endloop
endfacet
facet normal 0.000000e+00 -0.000000e+00 1.000000e+00
 outer loop
  vertex -2.5375731e-02 3.0920418e-02 5.0000000e-03
  vertex -2.3827972e-02 3.2128301e-02 5.0000000e-03
  vertex -4.4677448e-02 6.0240565e-02 5.0000000e-03
 endloop
endfacet
facet normal -0.000000e+00 0.000000e+00 1.000000e+00
 outer loop
  vertex -4.7579496e-02 5.7975784e-02 5.0000000e-03
  vertex -2.5375731e-02 3.0920418e-02 5.0000000e-03
  vertex -4.4677448e-02 6.0240565e-02 5.0000000e-03
 endloop
endfacet
facet normal 0.000000e+00 -0.000000e+00 1.000000e+00
 outer loop
  vertex -2.6862358e-02 2.9638045e-02 5.0000000e-03
  vertex -2.5375731e-02 3.0920418e-02 5.0000000e-03
  vertex -4.7579496e-02 5.7975784e-02 5.0000000e-03
 endloop
endfacet
facet normal -0.000000e+00 0.000000e+00 1.000000e+00
 outer loop
  vertex -5.0366922e-02 5.5571334e-02 5.0000000e-03
  vertex -2.6862358e-02 2.9638045e-02 5.0000000e-03
  vertex -4.7579496e-02 5.7975784e-02 5.0000000e-03
 endloop
endfacet
facet normal 0.000000e+00 -0.000000e+00 1.000000e+00
 outer loop
  vertex -2.8284271e-02 2.8284271e-02 5.0000000e-03
  vertex -2.6862358e-02 2.9638045e-02 5.0000000e-03
  vertex -5.0366922e-02 5.5571334e-02 5.0000000e-03
 endloop
endfacet
facet normal -0.000000e+00 0.000000e+00 1.000000e+00
 outer loop
  vertex -5.3033009e-02 5.3033009e-02 5.0000000e-03
  vertex -2.8284271e-02 2.8284271e-02 5.0000000e-03
  vertex -5.0366922e-02 5.5571334e-02 5.0000000e-03
 endloop
endfacet
facet normal 0.000000e+00 -0.000000e+00 1.000000e+00
 outer loop
  vertex -2.9638045e-02 2.6862358e-02 5.0000000e-03
  vertex -2.8284271e-02 2.8284271e-02 5.0000000e-03
  vertex -5.3033009e-02 5.3033009e-02 5.0000000e-03
 endloop
endfacet
facet normal -0.000000e+00 0.000000e+00 1.000000e+00
 outer loop
  vertex -5.5571334e-02 5.0366922e-02 5.0000000e-03
  vertex -2.9638045e-02 2.6862358e-02 5.0000000e-03
  vertex -5.3033009e-02 5.3033009e-02 5.0000000e-03
 endloop
endfacet
facet normal 0.000000e+00 -0.000000e+00 1.000000e+00
 outer loop
  vertex -3.0920418e-02 2.5375731e-02 5.0000000e-03
  vertex -2.9638045e-02 2.6862358e-02 5.0000000e-03
  vertex -5.5571334e-02 5.0366922e-02 5.0000000e-03
 endloop
endfacet
facet normal -0.000000e+00 0.000000e+00 1.000000e+00
 outer loop
  vertex -5.7975784e-02 4.7579496e-02 5.0000000e-03
  vertex -3.0920418e-02 2.5375731e-02 5.0000000e-03
  vertex -5.5571334e-02 5.0366922e-02 5.0000000e-03
 endloop
endfacet
facet normal 0.000000e+00 -0.000000e+00 1.000000e+00
 outer loop
  vertex -3.2128301e-02 2.3827972e-02 5.0000000e-03
  vertex -3.0920418e-02 2.5375731e-02 5.0000000e-03
  vertex -5.7975784e-02 4.7579496e-02 5.0000000e-03
 endloop
endfacet
facet normal -0.000000e+00 0.000000e+00 1.000000e+00
 outer loop
  vertex -6.0240565e-02 4.4677448e-02 5.0000000e-03
  vertex -3.2128301e-02 2.3827972e-02 5.0000000e-03
  vertex -5.7975784e-02 4.7579496e-02 5.0000000e-03
 endloop
endfacet
facet normal 0.000000e+00 -0.000000e+00 1.000000e+00
 outer loop
  vertex -3.3258784e-02 2.2222809e-02 5.0000000e-03
  vertex -3.2128301e-02 2.3827972e-02 5.0000000e-03
  vertex -6.0240565e-02 4.4677448e-02 5.0000000e-03
 endloop
endfacet
facet normal -0.000000e+00 0.000000e+00 1.000000e+00
 outer loop
  vertex -6.2360221e-02 4.1667767e-02 5.0000000e-03
  vertex -3.3258784e-02 2.2222809e-02 5.0000000e-03
  vertex -6.0240565e-02 4.4677448e-02 5.0000000e-03
 endloop
endfacet
facet normal 0.000000e+00 -0.000000e+00 1.000000e+00
 outer loop
  vertex -3.4309144e-02 2.0564110e-02 5.0000000e-03
  vertex -3.3258784e-02 2.2222809e-02 5.0000000e-03
  vertex -6.2360221e-02 4.1667767e-02 5.0000000e-03
 endloop
endfacet
facet normal -0.000000e+00 0.000000e+00 1.000000e+00
 outer loop
  vertex -6.4329646e-02 3.8557706e-02 5.0000000e-03
  vertex -3.4309144e-02 2.0564110e-02 5.0000000e-03
  vertex -6.2360221e-02 4.1667767e-02 5.0000000e-03
 endloop
endfacet
facet normal 0.000000e+00 -0.000000e+00 1.000000e+00
 outer loop
  vertex -3.5276851e-02 1.8855869e-02 5.0000000e-03
  vertex -3.4309144e-02 2.0564110e-02 5.0000000e-03
  vertex -6.4329646e-02 3.8557706e-02 5.0000000e-03
 endloop
endfacet
facet normal -0.000000e+00 0.000000e+00 1.000000e+00
 outer loop
  vertex -6.6144095e-02 3.5354755e-02 5.0000000e-03
  vertex -3.5276851e-02 1.8855869e-02 5.0000000e-03
  vertex -6.4329646e-02 3.8557706e-02 5.0000000e-03
 endloop
endfacet
facet normal 0.000000e+00 -0.000000e+00 1.000000e+00
 outer loop
  vertex -3.6159572e-02 1.7102204e-02 5.0000000e-03
  vertex -3.5276851e-02 1.8855869e-02 5.0000000e-03
  vertex -6.6144095e-02 3.5354755e-02 5.0000000e-03
 endloop
endfacet
facet normal -0.000000e+00 0.000000e+00 1.000000e+00
 outer loop
  vertex -6.7799197e-02 3.2066632e-02 5.0000000e-03
  vertex -3.6159572e-02 1.7102204e-02 5.0000000e-03
  vertex -6.6144095e-02 3.5354755e-02 5.0000000e-03
 endloop
endfacet
facet normal 0.000000e+00 -0.000000e+00 1.000000e+00
 outer loop
  vertex -3.6955181e-02 1.5307337e-02 5.0000000e-03
  vertex -3.6159572e-02 1.7102204e-02 5.0000000e-03
  vertex -6.7799197e-02 3.2066632e-02 5.0000000e-03
 endloop
endfacet
facet normal -0.000000e+00 0.000000e+00 1.000000e+00
 outer loop
  vertex -6.9290965e-02 2.8701257e-02 5.0000000e-03
  vertex -3.6955181e-02 1.5307337e-02 5.0000000e-03
  vertex -6.7799197e-02 3.2066632e-02 5.0000000e-03
 endloop
endfacet
facet normal 0.000000e+00 -0.000000e+00 1.000000e+00
 outer loop
  vertex -3.7661763e-02 1.3475594e-02 5.0000000e-03
  vertex -3.6955181e-02 1.5307337e-02 5.0000000e-03
  vertex -6.9290965e-02 2.8701257e-02 5.0000000e-03
 endloop
endfacet
facet normal -0.000000e+00 0.000000e+00 1.000000e+00
 outer loop
  vertex -7.0615805e-02 2.5266739e-02 5.0000000e-03
  vertex -3.7661763e-02 1.3475594e-02 5.0000000e-03
  vertex -6.9290965e-02 2.8701257e-02 5.0000000e-03
 endloop
endfacet
facet normal 0.000000e+00 -0.000000e+00 1.000000e+00
 outer loop
  vertex -3.8277613e-02 1.1611387e-02 5.0000000e-03
  vertex -3.7661763e-02 1.3475594e-02 5.0000000e-03
  vertex -7.0615805e-02 2.5266739e-02 5.0000000e-03
 endloop
endfacet
facet normal -0.000000e+00 0.000000e+00 1.000000e+00
 outer loop
  vertex -7.1770525e-02 2.1771351e-02 5.0000000e-03
  vertex -3.8277613e-02 1.1611387e-02 5.0000000e-03
  vertex -7.0615805e-02 2.5266739e-02 5.0000000e-03
 endloop
endfacet
facet normal 0.000000e+00 -0.000000e+00 1.000000e+00
 outer loop
  vertex -3.8801250e-02 9.7192072e-03 5.0000000e-03
  vertex -3.8277613e-02 1.1611387e-02 5.0000000e-03
  vertex -7.1770525e-02 2.1771351e-02 5.0000000e-03
 endloop
endfacet
facet normal -0.000000e+00 0.000000e+00 1.000000e+00
 outer loop
  vertex -7.2752344e-02 1.8223513e-02 5.0000000e-03
  vertex -3.8801250e-02 9.7192072e-03 5.0000000e-03
  vertex -7.1770525e-02 2.1771351e-02 5.0000000e-03
 endloop
endfacet
facet normal 0.000000e+00 -0.000000e+00 1.000000e+00
 outer loop
  vertex -3.9231411e-02 7.8036129e-03 5.0000000e-03
  vertex -3.8801250e-02 9.7192072e-03 5.0000000e-03
  vertex -7.2752344e-02 1.8223513e-02 5.0000000e-03
 endloop
endfacet
facet normal -0.000000e+00 0.000000e+00 1.000000e+00
 outer loop
  vertex -7.3558896e-02 1.4631774e-02 5.0000000e-03
  vertex -3.9231411e-02 7.8036129e-03 5.0000000e-03
  vertex -7.2752344e-02 1.8223513e-02 5.0000000e-03
 endloop
endfacet
facet normal 0.000000e+00 -0.000000e+00 1.000000e+00
 outer loop
  vertex -3.9567060e-02 5.8692190e-03 5.0000000e-03
  vertex -3.9231411e-02 7.8036129e-03 5.0000000e-03
  vertex -7.3558896e-02 1.4631774e-02 5.0000000e-03
 endloop
endfacet
facet normal -0.000000e+00 0.000000e+00 1.000000e+00
 outer loop
  vertex -7.4188238e-02 1.1004786e-02 5.0000000e-03
  vertex -3.9567060e-02 5.8692190e-03 5.0000000e-03
  vertex -7.3558896e-02 1.4631774e-02 5.0000000e-03
 endloop
endfacet
facet normal 0.000000e+00 -0.000000e+00 1.000000e+00
 outer loop
  vertex -3.9807389e-02 3.9206856e-03 5.0000000e-03
  vertex -3.9567060e-02 5.8692190e-03 5.0000000e-03
  vertex -7.4188238e-02 1.1004786e-02 5.0000000e-03
 endloop
endfacet
facet normal -0.000000e+00 0.000000e+00 1.000000e+00
 outer loop
  vertex -7.4638855e-02 7.3512855e-03 5.0000000e-03
  vertex -3.9807389e-02 3.9206856e-03 5.0000000e-03
  vertex -7.4188238e-02 1.1004786e-02 5.0000000e-03
 endloop
endfacet
facet normal 0.000000e+00 -0.000000e+00 1.000000e+00
 outer loop
  vertex -3.9951818e-02 1.9627070e-03 5.0000000e-03
  vertex -3.9807389e-02 3.9206856e-03 5.0000000e-03
  vertex -7.4638855e-02 7.3512855e-03 5.0000000e-03
 endloop
endfacet
facet normal -0.000000e+00 0.000000e+00 1.000000e+00
 outer loop
  vertex -7.4909659e-02 3.6800756e-03 5.0000000e-03
  vertex -3.9951818e-02 1.9627070e-03 5.0000000e-03
  vertex -7.4638855e-02 7.3512855e-03 5.0000000e-03
 endloop
endfacet
facet normal 0.000000e+00 -0.000000e+00 1.000000e+00
 outer loop
  vertex -4.0000000e-02 4.8985872e-18 5.0000000e-03
  vertex -3.9951818e-02 1.9627070e-03 5.0000000e-03
  vertex -7.4909659e-02 3.6800756e-03 5.0000000e-03
 endloop
endfacet
facet normal -0.000000e+00 0.000000e+00 1.000000e+00
 outer loop
  vertex -7.5000000e-02 9.1848510e-18 5.0000000e-03
  vertex -4.0000000e-02 4.8985872e-18 5.0000000e-03
  vertex -7.4909659e-02 3.6800756e-03 5.0000000e-03
 endloop
endfacet
facet normal 0.000000e+00 0.000000e+00 1.000000e+00
 outer loop
  vertex -3.9951818e-02 -1.9627070e-03 5.0000000e-03
  vertex -4.0000000e-02 4.8985872e-18 5.0000000e-03
  vertex -7.5000000e-02 9.1848510e-18 5.0000000e-03
 endloop
endfacet
facet normal 0.000000e+00 -0.000000e+00 1.000000e+00
 outer loop
  vertex -7.4909659e-02 -3.6800756e-03 5.0000000e-03
  vertex -3.9951818e-02 -1.9627070e-03 5.0000000e-03
  vertex -7.5000000e-02 9.1848510e-18 5.0000000e-03
 endloop
endfacet
facet normal 0.000000e+00 0.000000e+00 1.000000e+00
 outer loop
  vertex -3.9807389e-02 -3.9206856e-03 5.0000000e-03
  vertex -3.9951818e-02 -1.9627070e-03 5.0000000e-03
  vertex -7.4909659e-02 -3.6800756e-03 5.0000000e-03
 endloop
endfacet
facet normal 0.000000e+00 -0.000000e+00 1.000000e+00
 outer loop
  vertex -7.4638855e-02 -7.3512855e-03 5.0000000e-03
  vertex -3.9807389e-02 -3.9206856e-03 5.0000000e-03
  vertex -7.4909659e-02 -3.6800756e-03 5.0000000e-03
 endloop
endfacet
facet normal 0.000000e+00 0.000000e+00 1.000000e+00
 outer loop
  vertex -3.9567060e-02 -5.8692190e-03 5.0000000e-03
  vertex -3.9807389e-02 -3.9206856e-03 5.0000000e-03
  vertex -7.4638855e-02 -7.3512855e-03 5.0000000e-03
 endloop
endfacet
facet normal 0.000000e+00 -0.000000e+00 1.000000e+00
 outer loop
  vertex -7.4188238e-02 -1.1004786e-02 5.0000000e-03
  vertex -3.9567060e-02 -5.8692190e-03 5.0000000e-03
  vertex -7.4638855e-02 -7.3512855e-03 5.0000000e-03
 endloop
endfacet
facet normal 0.000000e+00 0.000000e+00 1.000000e+00
 outer loop
  vertex -3.9231411e-02 -7.8036129e-03 5.0000000e-03
  vertex -3.9567060e-02 -5.8692190e-03 5.0000000e-03
  vertex -7.4188238e-02 -1.1004786e-02 5.0000000e-03
 endloop
endfacet
facet normal 0.000000e+00 -0.000000e+00 1.000000e+00
 outer loop
  vertex -7.3558896e-02 -1.4631774e-02 5.0000000e-03
  vertex -3.9231411e-02 -7.8036129e-03 5.0000000e-03
  vertex -7.4188238e-02 -1.1004786e-02 5.0000000e-03
 endloop
endfacet
facet normal 0.000000e+00 0.000000e+00 1.000000e+00
 outer loop
  vertex -3.8801250e-02 -9.7192072e-03 5.0000000e-03
  vertex -3.9231411e-02 -7.8036129e-03 5.0000000e-03
  vertex -7.3558896e-02 -1.4631774e-02 5.0000000e-03
 endloop
endfacet
facet normal 0.000000e+00 -0.000000e+00 1.000000e+00
 outer loop
  vertex -7.2752344e-02 -1.8223513e-02 5.0000000e-03
  vertex -3.8801250e-02 -9.7192072e-03 5.0000000e-03
  vertex -7.3558896e-02 -1.4631774e-02 5.0000000e-03
 endloop
endfacet
facet normal 0.000000e+00 0.000000e+00 1.000000e+00
 outer loop
  vertex -3.8277613e-02 -1.1611387e-02 5.0000000e-03
  vertex -3.8801250e-02 -9.7192072e-03 5.0000000e-03
  vertex -7.2752344e-02 -1.8223513e-02 5.0000000e-03
 endloop
endfacet
facet normal 0.000000e+00 -0.000000e+00 1.000000e+00
 outer loop
  vertex -7.1770525e-02 -2.1771351e-02 5.0000000e-03
  vertex -3.8277613e-02 -1.1611387e-02 5.0000000e-03
  vertex -7.2752344e-02 -1.8223513e-02 5.0000000e-03
 endloop
endfacet
facet normal 0.000000e+00 0.000000e+00 1.000000e+00
 outer loop
  vertex -3.7661763e-02 -1.3475594e-02 5.0000000e-03
  vertex -3.8277613e-02 -1.1611387e-02 5.0000000e-03
  vertex -7.1770525e-02 -2.1771351e-02 5.0000000e-03
 endloop
endfacet
facet normal 0.000000e+00 -0.000000e+00 1.000000e+00
 outer loop
  vertex -7.0615805e-02 -2.5266739e-02 5.0000000e-03
  vertex -3.7661763e-02 -1.3475594e-02 5.0000000e-03
  vertex -7.1770525e-02 -2.1771351e-02 5.0000000e-03
 endloop
endfacet
facet normal 0.000000e+00 0.000000e+00 1.000000e+00
 outer loop
  vertex -3.6955181e-02 -1.5307337e-02 5.0000000e-03
  vertex -3.7661763e-02 -1.3475594e-02 5.0000000e-03
  vertex -7.0615805e-02 -2.5266739e-02 5.0000000e-03
 endloop
endfacet
facet normal 0.000000e+00 -0.000000e+00 1.000000e+00
 outer loop
  vertex -6.9290965e-02 -2.8701257e-02 5.0000000e-03
  vertex -3.6955181e-02 -1.5307337e-02 5.0000000e-03
  vertex -7.0615805e-02 -2.5266739e-02 5.0000000e-03
 endloop
endfacet
facet normal 0.000000e+00 0.000000e+00 1.000000e+00
 outer loop
  vertex -3.6159572e-02 -1.7102204e-02 5.0000000e-03
  vertex -3.6955181e-02 -1.5307337e-02 5.0000000e-03
  vertex -6.9290965e-02 -2.8701257e-02 5.0000000e-03
 endloop
endfacet
facet normal 0.000000e+00 -0.000000e+00 1.000000e+00
 outer loop
  vertex -6.7799197e-02 -3.2066632e-02 5.0000000e-03
  vertex -3.6159572e-02 -1.7102204e-02 5.0000000e-03
  vertex -6.9290965e-02 -2.8701257e-02 5.0000000e-03
 endloop
endfacet
facet normal 0.000000e+00 0.000000e+00 1.000000e+00
 outer loop
  vertex -3.5276851e-02 -1.8855869e-02 5.0000000e-03
  vertex -3.6159572e-02 -1.7102204e-02 5.0000000e-03
  vertex -6.7799197e-02 -3.2066632e-02 5.0000000e-03
 endloop
endfacet
facet normal 0.000000e+00 -0.000000e+00 1.000000e+00
 outer loop
  vertex -6.6144095e-02 -3.5354755e-02 5.0000000e-03
  vertex -3.5276851e-02 -1.8855869e-02 5.0000000e-03
  vertex -6.7799197e-02 -3.2066632e-02 5.0000000e-03
 endloop
endfacet
facet normal 0.000000e+00 0.000000e+00 1.000000e+00
 outer loop
  vertex -3.4309144e-02 -2.0564110e-02 5.0000000e-03
  vertex -3.5276851e-02 -1.8855869e-02 5.0000000e-03
  vertex -6.6144095e-02 -3.5354755e-02 5.0000000e-03
 endloop
endfacet
facet normal 0.000000e+00 -0.000000e+00 1.000000e+00
 outer loop
  vertex -6.4329646e-02 -3.8557706e-02 5.0000000e-03
  vertex -3.4309144e-02 -2.0564110e-02 5.0000000e-03
  vertex -6.6144095e-02 -3.5354755e-02 5.0000000e-03
 endloop
endfacet
facet normal 0.000000e+00 0.000000e+00 1.000000e+00
 outer loop
  vertex -3.3258784e-02 -2.2222809e-02 5.0000000e-03
  vertex -3.4309144e-02 -2.0564110e-02 5.0000000e-03
  vertex -6.4329646e-02 -3.8557706e-02 5.0000000e-03
 endloop
endfacet
facet normal 0.000000e+00 -0.000000e+00 1.000000e+00
 outer loop
  vertex -6.2360221e-02 -4.1667767e-02 5.0000000e-03
  vertex -3.3258784e-02 -2.2222809e-02 5.0000000e-03
  vertex -6.4329646e-02 -3.8557706e-02 5.0000000e-03
 endloop
endfacet
facet normal 0.000000e+00 0.000000e+00 1.000000e+00
 outer loop
  vertex -3.2128301e-02 -2.3827972e-02 5.0000000e-03
  vertex -3.3258784e-02 -2.2222809e-02 5.0000000e-03
  vertex -6.2360221e-02 -4.1667767e-02 5.0000000e-03
 endloop
endfacet
facet normal 0.000000e+00 -0.000000e+00 1.000000e+00
 outer loop
  vertex -6.0240565e-02 -4.4677448e-02 5.0000000e-03
  vertex -3.2128301e-02 -2.3827972e-02 5.0000000e-03
  vertex -6.2360221e-02 -4.1667767e-02 5.0000000e-03
 endloop
endfacet
facet normal 0.000000e+00 0.000000e+00 1.000000e+00
 outer loop
  vertex -3.0920418e-02 -2.5375731e-02 5.0000000e-03
  vertex -3.2128301e-02 -2.3827972e-02 5.0000000e-03
  vertex -6.0240565e-02 -4.4677448e-02 5.0000000e-03
 endloop
endfacet
facet normal 0.000000e+00 -0.000000e+00 1.000000e+00
 outer loop
  vertex -5.7975784e-02 -4.7579496e-02 5.0000000e-03
  vertex -3.0920418e-02 -2.5375731e-02 5.0000000e-03
  vertex -6.0240565e-02 -4.4677448e-02 5.0000000e-03
 endloop
endfacet
facet normal 0.000000e+00 0.000000e+00 1.000000e+00
 outer loop
  vertex -2.9638045e-02 -2.6862358e-02 5.0000000e-03
  vertex -3.0920418e-02 -2.5375731e-02 5.0000000e-03
  vertex -5.7975784e-02 -4.7579496e-02 5.0000000e-03
 endloop
endfacet
facet normal 0.000000e+00 -0.000000e+00 1.000000e+00
 outer loop
  vertex -5.5571334e-02 -5.0366922e-02 5.0000000e-03
  vertex -2.9638045e-02 -2.6862358e-02 5.0000000e-03
  vertex -5.7975784e-02 -4.7579496e-02 5.0000000e-03
 endloop
endfacet
facet normal 0.000000e+00 0.000000e+00 1.000000e+00
 outer loop
  vertex -2.8284271e-02 -2.8284271e-02 5.0000000e-03
  vertex -2.9638045e-02 -2.6862358e-02 5.0000000e-03
  vertex -5.5571334e-02 -5.0366922e-02 5.0000000e-03
 endloop
endfacet
facet normal 0.000000e+00 -0.000000e+00 1.000000e+00
 outer loop
  vertex -5.3033009e-02 -5.3033009e-02 5.0000000e-03
  vertex -2.8284271e-02 -2.8284271e-02 5.0000000e-03
  vertex -5.5571334e-02 -5.0366922e-02 5.0000000e-03
 endloop
endfacet
facet normal 0.000000e+00 0.000000e+00 1.000000e+00
 outer loop
  vertex -2.6862358e-02 -2.9638045e-02 5.0000000e-03
  vertex -2.8284271e-02 -2.8284271e-02 5.0000000e-03
  vertex -5.3033009e-02 -5.3033009e-02 5.0000000e-03
 endloop
endfacet
facet normal 0.000000e+00 -0.000000e+00 1.000000e+00
 outer loop
  vertex -5.0366922e-02 -5.5571334e-02 5.0000000e-03
  vertex -2.6862358e-02 -2.9638045e-02 5.0000000e-03
  vertex -5.3033009e-02 -5.3033009e-02 5.0000000e-03
 endloop
endfacet
facet normal 0.000000e+00 0.000000e+00 1.000000e+00
 outer loop
  vertex -2.5375731e-02 -3.0920418e-02 5.0000000e-03
  vertex -2.6862358e-02 -2.9638045e-02 5.0000000e-03
  vertex -5.0366922e-02 -5.5571334e-02 5.0000000e-03
 endloop
endfacet
facet normal 0.000000e+00 -0.000000e+00 1.000000e+00
 outer loop
  vertex -4.7579496e-02 -5.7975784e-02 5.0000000e-03
  vertex -2.5375731e-02 -3.0920418e-02 5.0000000e-03
  vertex -5.0366922e-02 -5.5571334e-02 5.0000000e-03
 endloop
endfacet
facet normal 0.000000e+00 0.000000e+00 1.000000e+00
 outer loop
  vertex -2.3827972e-02 -3.2128301e-02 5.0000000e-03
  vertex -2.5375731e-02 -3.0920418e-02 5.0000000e-03
  vertex -4.7579496e-02 -5.7975784e-02 5.0000000e-03
 endloop
endfacet
facet normal 0.000000e+00 -0.000000e+00 1.000000e+00
 outer loop
  vertex -4.4677448e-02 -6.0240565e-02 5.0000000e-03
  vertex -2.3827972e-02 -3.2128301e-02 5.0000000e-03
  vertex -4.7579496e-02 -5.7975784e-02 5.0000000e-03
 endloop
endfacet
facet normal 0.000000e+00 0.000000e+00 1.000000e+00
 outer loop
  vertex -2.2222809e-02 -3.3258784e-02 5.0000000e-03
  vertex -2.3827972e-02 -3.2128301e-02 5.0000000e-03
  vertex -4.4677448e-02 -6.0240565e-02 5.0000000e-03
 endloop
endfacet
facet normal 0.000000e+00 -0.000000e+00 1.000000e+00
 outer loop
  vertex -4.1667767e-02 -6.2360221e-02 5.0000000e-03
  vertex -2.2222809e-02 -3.3258784e-02 5.0000000e-03
  vertex -4.4677448e-02 -6.0240565e-02 5.0000000e-03
 endloop
endfacet
facet normal 0.000000e+00 0.000000e+00 1.000000e+00
 outer loop
  vertex -2.0564110e-02 -3.4309144e-02 5.0000000e-03
  vertex -2.2222809e-02 -3.3258784e-02 5.0000000e-03
  vertex -4.1667767e-02 -6.2360221e-02 5.0000000e-03
 endloop
endfacet
facet normal 0.000000e+00 -0.000000e+00 1.000000e+00
 outer loop
  vertex -3.8557706e-02 -6.4329646e-02 5.0000000e-03
  vertex -2.0564110e-02 -3.4309144e-02 5.0000000e-03
  vertex -4.1667767e-02 -6.2360221e-02 5.0000000e-03
 endloop
endfacet
facet normal 0.000000e+00 0.000000e+00 1.000000e+00
 outer loop
  vertex -1.8855869e-02 -3.5276851e-02 5.0000000e-03
  vertex -2.0564110e-02 -3.4309144e-02 5.0000000e-03
  vertex -3.8557706e-02 -6.4329646e-02 5.0000000e-03
 endloop
endfacet
facet normal 0.000000e+00 -0.000000e+00 1.000000e+00
 outer loop
  vertex -3.5354755e-02 -6.6144095e-02 5.0000000e-03
  vertex -1.8855869e-02 -3.5276851e-02 5.0000000e-03
  vertex -3.8557706e-02 -6.4329646e-02 5.0000000e-03
 endloop
endfacet
facet normal 0.000000e+00 0.000000e+00 1.000000e+00
 outer loop
  vertex -1.7102204e-02 -3.6159572e-02 5.0000000e-03
  vertex -1.8855869e-02 -3.5276851e-02 5.0000000e-03
  vertex -3.5354755e-02 -6.6144095e-02 5.0000000e-03
 endloop
endfacet
facet normal 0.000000e+00 -0.000000e+00 1.000000e+00
 outer loop
  vertex -3.2066632e-02 -6.7799197e-02 5.0000000e-03
  vertex -1.7102204e-02 -3.6159572e-02 5.0000000e-03
  vertex -3.5354755e-02 -6.6144095e-02 5.0000000e-03
 endloop
endfacet
facet normal 0.000000e+00 0.000000e+00 1.000000e+00
 outer loop
  vertex -1.5307337e-02 -3.6955181e-02 5.0000000e-03
  vertex -1.7102204e-02 -3.6159572e-02 5.0000000e-03
  vertex -3.2066632e-02 -6.7799197e-02 5.0000000e-03
 endloop
endfacet
facet normal 0.000000e+00 -0.000000e+00 1.000000e+00
 outer loop
  vertex -2.8701257e-02 -6.9290965e-02 5.0000000e-03
  vertex -1.5307337e-02 -3.6955181e-02 5.0000000e-03
  vertex -3.2066632e-02 -6.7799197e-02 5.0000000e-03
 endloop
endfacet
facet normal 0.000000e+00 0.000000e+00 1.000000e+00
 outer loop
  vertex -1.3475594e-02 -3.7661763e-02 5.0000000e-03
  vertex -1.5307337e-02 -3.6955181e-02 5.0000000e-03
  vertex -2.8701257e-02 -6.9290965e-02 5.0000000e-03
 endloop
endfacet
facet normal 0.000000e+00 -0.000000e+00 1.000000e+00
 outer loop
  vertex -2.5266739e-02 -7.0615805e-02 5.0000000e-03
  vertex -1.3475594e-02 -3.7661763e-02 5.0000000e-03
  vertex -2.8701257e-02 -6.9290965e-02 5.0000000e-03
 endloop
endfacet
facet normal 0.000000e+00 0.000000e+00 1.000000e+00
 outer loop
  vertex -1.1611387e-02 -3.8277613e-02 5.0000000e-03
  vertex -1.3475594e-02 -3.7661763e-02 5.0000000e-03
  vertex -2.5266739e-02 -7.0615805e-02 5.0000000e-03
 endloop
endfacet
facet normal 0.000000e+00 -0.000000e+00 1.000000e+00
 outer loop
  vertex -2.1771351e-02 -7.1770525e-02 5.0000000e-03
  vertex -1.1611387e-02 -3.8277613e-02 5.0000000e-03
  vertex -2.5266739e-02 -7.0615805e-02 5.0000000e-03
 endloop
endfacet
facet normal 0.000000e+00 0.000000e+00 1.000000e+00
 outer loop
  vertex -9.7192072e-03 -3.8801250e-02 5.0000000e-03
  vertex -1.1611387e-02 -3.8277613e-02 5.0000000e-03
  vertex -2.1771351e-02 -7.1770525e-02 5.0000000e-03
 endloop
endfacet
facet normal 0.000000e+00 -0.000000e+00 1.000000e+00
 outer loop
  vertex -1.8223513e-02 -7.2752344e-02 5.0000000e-03
  vertex -9.7192072e-03 -3.8801250e-02 5.0000000e-03
  vertex -2.1771351e-02 -7.1770525e-02 5.0000000e-03
 endloop
endfacet
facet normal 0.000000e+00 0.000000e+00 1.000000e+00
 outer loop
  vertex -7.8036129e-03 -3.9231411e-02 5.0000000e-03
  vertex -9.7192072e-03 -3.8801250e-02 5.0000000e-03
  vertex -1.8223513e-02 -7.2752344e-02 5.0000000e-03
 endloop
endfacet
facet normal 0.000000e+00 -0.000000e+00 1.000000e+00
 outer loop
  vertex -1.4631774e-02 -7.3558896e-02 5.0000000e-03
  vertex -7.8036129e-03 -3.9231411e-02 5.0000000e-03
  vertex -1.8223513e-02 -7.2752344e-02 5.0000000e-03
 endloop
endfacet
facet normal 0.000000e+00 0.000000e+00 1.000000e+00
 outer loop
  vertex -5.8692190e-03 -3.9567060e-02 5.0000000e-03
  vertex -7.8036129e-03 -3.9231411e-02 5.0000000e-03
  vertex -1.4631774e-02 -7.3558896e-02 5.0000000e-03
 endloop
endfacet
facet normal 0.000000e+00 -0.000000e+00 1.000000e+00
 outer loop
  vertex -1.1004786e-02 -7.4188238e-02 5.0000000e-03
  vertex -5.8692190e-03 -3.9567060e-02 5.0000000e-03
  vertex -1.4631774e-02 -7.3558896e-02 5.0000000e-03
 endloop
endfacet
facet normal 0.000000e+00 0.000000e+00 1.000000e+00
 outer loop
  vertex -3.9206856e-03 -3.9807389e-02 5.0000000e-03
  vertex -5.8692190e-03 -3.9567060e-02 5.0000000e-03
  vertex -1.1004786e-02 -7.4188238e-02 5.0000000e-03
 endloop
endfacet
facet normal 0.000000e+00 -0.000000e+00 1.000000e+00
 outer loop
  vertex -7.3512855e-03 -7.4638855e-02 5.0000000e-03
  vertex -3.9206856e-03 -3.9807389e-02 5.0000000e-03
  vertex -1.1004786e-02 -7.4188238e-02 5.0000000e-03
 endloop
endfacet
facet normal 0.000000e+00 0.000000e+00 1.000000e+00
 outer loop
  vertex -1.9627070e-03 -3.9951818e-02 5.0000000e-03
  vertex -3.9206856e-03 -3.9807389e-02 5.0000000e-03
  vertex -7.3512855e-03 -7.4638855e-02 5.0000000e-03
 endloop
endfacet
facet normal 0.000000e+00 -0.000000e+00 1.000000e+00
 outer loop
  vertex -3.6800756e-03 -7.4909659e-02 5.0000000e-03
  vertex -1.9627070e-03 -3.9951818e-02 5.0000000e-03
  vertex -7.3512855e-03 -7.4638855e-02 5.0000000e-03
 endloop
endfacet
facet normal 0.000000e+00 0.000000e+00 1.000000e+00
 outer loop
  vertex -7.3478808e-18 -4.0000000e-02 5.0000000e-03
  vertex -1.9627070e-03 -3.9951818e-02 5.0000000e-03
  vertex -3.6800756e-03 -7.4909659e-02 5.0000000e-03
 endloop
endfacet
facet normal 0.000000e+00 -0.000000e+00 1.000000e+00
 outer loop
  vertex -1.3777276e-17 -7.5000000e-02 5.0000000e-03
  vertex -7.3478808e-18 -4.0000000e-02 5.0000000e-03
  vertex -3.6800756e-03 -7.4909659e-02 5.0000000e-03
 endloop
endfacet
facet normal 0.000000e+00 0.000000e+00 1.000000e+00
 outer loop
  vertex 1.9627070e-03 -3.9951818e-02 5.0000000e-03
  vertex -7.3478808e-18 -4.0000000e-02 5.0000000e-03
  vertex -1.3777276e-17 -7.5000000e-02 5.0000000e-03
 endloop
endfacet
facet normal 0.000000e+00 0.000000e+00 1.000000e+00
 outer loop
  vertex 3.6800756e-03 -7.4909659e-02 5.0000000e-03
  vertex 1.9627070e-03 -3.9951818e-02 5.0000000e-03
  vertex -1.3777276e-17 -7.5000000e-02 5.0000000e-03
 endloop
endfacet
facet normal 0.000000e+00 0.000000e+00 1.000000e+00
 outer loop
  vertex 3.9206856e-03 -3.9807389e-02 5.0000000e-03
  vertex 1.9627070e-03 -3.9951818e-02 5.0000000e-03
  vertex 3.6800756e-03 -7.4909659e-02 5.0000000e-03
 endloop
endfacet
facet normal 0.000000e+00 0.000000e+00 1.000000e+00
 outer loop
  vertex 7.3512855e-03 -7.4638855e-02 5.0000000e-03
  vertex 3.9206856e-03 -3.9807389e-02 5.0000000e-03
  vertex 3.6800756e-03 -7.4909659e-02 5.0000000e-03
 endloop
endfacet
facet normal 0.000000e+00 0.000000e+00 1.000000e+00
 outer loop
  vertex 5.8692190e-03 -3.9567060e-02 5.0000000e-03
  vertex 3.9206856e-03 -3.9807389e-02 5.0000000e-03
  vertex 7.3512855e-03 -7.4638855e-02 5.0000000e-03
 endloop
endfacet
facet normal 0.000000e+00 0.000000e+00 1.000000e+00
 outer loop
  vertex 1.1004786e-02 -7.4188238e-02 5.0000000e-03
  vertex 5.8692190e-03 -3.9567060e-02 5.0000000e-03
  vertex 7.3512855e-03 -7.4638855e-02 5.0000000e-03
 endloop
endfacet
facet normal 0.000000e+00 0.000000e+00 1.000000e+00
 outer loop
  vertex 7.8036129e-03 -3.9231411e-02 5.0000000e-03
  vertex 5.8692190e-03 -3.9567060e-02 5.0000000e-03
  vertex 1.1004786e-02 -7.4188238e-02 5.0000000e-03
 endloop
endfacet
facet normal 0.000000e+00 0.000000e+00 1.000000e+00
 outer loop
  vertex 1.4631774e-02 -7.3558896e-02 5.0000000e-03
  vertex 7.8036129e-03 -3.9231411e-02 5.0000000e-03
  vertex 1.1004786e-02 -7.4188238e-02 5.0000000e-03
 endloop
endfacet
facet normal 0.000000e+00 0.000000e+00 1.000000e+00
 outer loop
  vertex 9.7192072e-03 -3.8801250e-02 5.0000000e-03
  vertex 7.8036129e-03 -3.9231411e-02 5.0000000e-03
  vertex 1.4631774e-02 -7.3558896e-02 5.0000000e-03
 endloop
endfacet
facet normal 0.000000e+00 0.000000e+00 1.000000e+00
 outer loop
  vertex 1.8223513e-02 -7.2752344e-02 5.0000000e-03
  vertex 9.7192072e-03 -3.8801250e-02 5.0000000e-03
  vertex 1.4631774e-02 -7.3558896e-02 5.0000000e-03
 endloop
endfacet
facet normal 0.000000e+00 0.000000e+00 1.000000e+00
 outer loop
  vertex 1.1611387e-02 -3.8277613e-02 5.0000000e-03
  vertex 9.7192072e-03 -3.8801250e-02 5.0000000e-03
  vertex 1.8223513e-02 -7.2752344e-02 5.0000000e-03
 endloop
endfacet
facet normal 0.000000e+00 0.000000e+00 1.000000e+00
 outer loop
  vertex 2.1771351e-02 -7.1770525e-02 5.0000000e-03
  vertex 1.1611387e-02 -3.8277613e-02 5.0000000e-03
  vertex 1.8223513e-02 -7.2752344e-02 5.0000000e-03
 endloop
endfacet
facet normal 0.000000e+00 0.000000e+00 1.000000e+00
 outer loop
  vertex 1.3475594e-02 -3.7661763e-02 5.0000000e-03
  vertex 1.1611387e-02 -3.8277613e-02 5.0000000e-03
  vertex 2.1771351e-02 -7.1770525e-02 5.0000000e-03
 endloop
endfacet
facet normal 0.000000e+00 0.000000e+00 1.000000e+00
 outer loop
  vertex 2.5266739e-02 -7.0615805e-02 5.0000000e-03
  vertex 1.3475594e-02 -3.7661763e-02 5.0000000e-03
  vertex 2.1771351e-02 -7.1770525e-02 5.0000000e-03
 endloop
endfacet
facet normal 0.000000e+00 0.000000e+00 1.000000e+00
 outer loop
  vertex 1.5307337e-02 -3.6955181e-02 5.0000000e-03
  vertex 1.3475594e-02 -3.7661763e-02 5.0000000e-03
  vertex 2.5266739e-02 -7.0615805e-02 5.0000000e-03
 endloop
endfacet
facet normal 0.000000e+00 0.000000e+00 1.000000e+00
 outer loop
  vertex 2.8701257e-02 -6.9290965e-02 5.0000000e-03
  vertex 1.5307337e-02 -3.6955181e-02 5.0000000e-03
  vertex 2.5266739e-02 -7.0615805e-02 5.0000000e-03
 endloop
endfacet
facet normal 0.000000e+00 0.000000e+00 1.000000e+00
 outer loop
  vertex 1.7102204e-02 -3.6159572e-02 5.0000000e-03
  vertex 1.5307337e-02 -3.6955181e-02 5.0000000e-03
  vertex 2.8701257e-02 -6.9290965e-02 5.0000000e-03
 endloop
endfacet
facet normal 0.000000e+00 0.000000e+00 1.000000e+00
 outer loop
  vertex 3.2066632e-02 -6.7799197e-02 5.0000000e-03
  vertex 1.7102204e-02 -3.6159572e-02 5.0000000e-03
  vertex 2.8701257e-02 -6.9290965e-02 5.0000000e-03
 endloop
endfacet
facet normal 0.000000e+00 0.000000e+00 1.000000e+00
 outer loop
  vertex 1.8855869e-02 -3.5276851e-02 5.0000000e-03
  vertex 1.7102204e-02 -3.6159572e-02 5.0000000e-03
  vertex 3.2066632e-02 -6.7799197e-02 5.0000000e-03
 endloop
endfacet
facet normal 0.000000e+00 0.000000e+00 1.000000e+00
 outer loop
  vertex 3.5354755e-02 -6.6144095e-02 5.0000000e-03
  vertex 1.8855869e-02 -3.5276851e-02 5.0000000e-03
  vertex 3.2066632e-02 -6.7799197e-02 5.0000000e-03
 endloop
endfacet
facet normal 0.000000e+00 0.000000e+00 1.000000e+00
 outer loop
  vertex 2.0564110e-02 -3.4309144e-02 5.0000000e-03
  vertex 1.8855869e-02 -3.5276851e-02 5.0000000e-03
  vertex 3.5354755e-02 -6.6144095e-02 5.0000000e-03
 endloop
endfacet
facet normal 0.000000e+00 0.000000e+00 1.000000e+00
 outer loop
  vertex 3.8557706e-02 -6.4329646e-02 5.0000000e-03
  vertex 2.0564110e-02 -3.4309144e-02 5.0000000e-03
  vertex 3.5354755e-02 -6.6144095e-02 5.0000000e-03
 endloop
endfacet
facet normal 0.000000e+00 0.000000e+00 1.000000e+00
 outer loop
  vertex 2.2222809e-02 -3.3258784e-02 5.0000000e-03
  vertex 2.0564110e-02 -3.4309144e-02 5.0000000e-03
  vertex 3.8557706e-02 -6.4329646e-02 5.0000000e-03
 endloop
endfacet
facet normal 0.000000e+00 0.000000e+00 1.000000e+00
 outer loop
  vertex 4.1667767e-02 -6.2360221e-02 5.0000000e-03
  vertex 2.2222809e-02 -3.3258784e-02 5.0000000e-03
  vertex 3.8557706e-02 -6.4329646e-02 5.0000000e-03
 endloop
endfacet
facet normal 0.000000e+00 0.000000e+00 1.000000e+00
 outer loop
  vertex 2.3827972e-02 -3.2128301e-02 5.0000000e-03
  vertex 2.2222809e-02 -3.3258784e-02 5.0000000e-03
  vertex 4.1667767e-02 -6.2360221e-02 5.0000000e-03
 endloop
endfacet
facet normal 0.000000e+00 0.000000e+00 1.000000e+00
 outer loop
  vertex 4.4677448e-02 -6.0240565e-02 5.0000000e-03
  vertex 2.3827972e-02 -3.2128301e-02 5.0000000e-03
  vertex 4.1667767e-02 -6.2360221e-02 5.0000000e-03
 endloop
endfacet
facet normal 0.000000e+00 0.000000e+00 1.000000e+00
 outer loop
  vertex 2.5375731e-02 -3.0920418e-02 5.0000000e-03
  vertex 2.3827972e-02 -3.2128301e-02 5.0000000e-03
  vertex 4.4677448e-02 -6.0240565e-02 5.0000000e-03
 endloop
endfacet
facet normal 0.000000e+00 0.000000e+00 1.000000e+00
 outer loop
  vertex 4.7579496e-02 -5.7975784e-02 5.0000000e-03
  vertex 2.5375731e-02 -3.0920418e-02 5.0000000e-03
  vertex 4.4677448e-02 -6.0240565e-02 5.0000000e-03
 endloop
endfacet
facet normal 0.000000e+00 0.000000e+00 1.000000e+00
 outer loop
  vertex 2.6862358e-02 -2.9638045e-02 5.0000000e-03
  vertex 2.5375731e-02 -3.0920418e-02 5.0000000e-03
  vertex 4.7579496e-02 -5.7975784e-02 5.0000000e-03
 endloop
endfacet
facet normal 0.000000e+00 0.000000e+00 1.000000e+00
 outer loop
  vertex 5.0366922e-02 -5.5571334e-02 5.0000000e-03
  vertex 2.6862358e-02 -2.9638045e-02 5.0000000e-03
  vertex 4.7579496e-02 -5.7975784e-02 5.0000000e-03
 endloop
endfacet
facet normal 0.000000e+00 0.000000e+00 1.000000e+00
 outer loop
  vertex 2.8284271e-02 -2.8284271e-02 5.0000000e-03
  vertex 2.6862358e-02 -2.9638045e-02 5.0000000e-03
  vertex 5.0366922e-02 -5.5571334e-02 5.0000000e-03
 endloop
endfacet
facet normal 0.000000e+00 0.000000e+00 1.000000e+00
 outer loop
  vertex 5.3033009e-02 -5.3033009e-02 5.0000000e-03
  vertex 2.8284271e-02 -2.8284271e-02 5.0000000e-03
  vertex 5.0366922e-02 -5.5571334e-02 5.0000000e-03
 endloop
endfacet
facet normal 0.000000e+00 0.000000e+00 1.000000e+00
 outer loop
  vertex 2.9638045e-02 -2.6862358e-02 5.0000000e-03
  vertex 2.8284271e-02 -2.8284271e-02 5.0000000e-03
  vertex 5.3033009e-02 -5.3033009e-02 5.0000000e-03
 endloop
endfacet
facet normal 0.000000e+00 0.000000e+00 1.000000e+00
 outer loop
  vertex 5.5571334e-02 -5.0366922e-02 5.0000000e-03
  vertex 2.9638045e-02 -2.6862358e-02 5.0000000e-03
  vertex 5.3033009e-02 -5.3033009e-02 5.0000000e-03
 endloop
endfacet
facet normal 0.000000e+00 0.000000e+00 1.000000e+00
 outer loop
  vertex 3.0920418e-02 -2.5375731e-02 5.0000000e-03
  vertex 2.9638045e-02 -2.6862358e-02 5.0000000e-03
  vertex 5.5571334e-02 -5.0366922e-02 5.0000000e-03
 endloop
endfacet
facet normal 0.000000e+00 0.000000e+00 1.000000e+00
 outer loop
  vertex 5.7975784e-02 -4.7579496e-02 5.0000000e-03
  vertex 3.0920418e-02 -2.5375731e-02 5.0000000e-03
  vertex 5.5571334e-02 -5.0366922e-02 5.0000000e-03
 endloop
endfacet
facet normal 0.000000e+00 0.000000e+00 1.000000e+00
 outer loop
  vertex 3.2128301e-02 -2.3827972e-02 5.0000000e-03
  vertex 3.0920418e-02 -2.5375731e-02 5.0000000e-03
  vertex 5.7975784e-02 -4.7579496e-02 5.0000000e-03
 endloop
endfacet
facet normal 0.000000e+00 0.000000e+00 1.000000e+00
 outer loop
  vertex 6.0240565e-02 -4.4677448e-02 5.0000000e-03
  vertex 3.2128301e-02 -2.3827972e-02 5.0000000e-03
  vertex 5.7975784e-02 -4.7579496e-02 5.0000000e-03
 endloop
endfacet
facet normal 0.000000e+00 0.000000e+00 1.000000e+00
 outer loop
  vertex 3.3258784e-02 -2.2222809e-02 5.0000000e-03
  vertex 3.2128301e-02 -2.3827972e-02 5.0000000e-03
  vertex 6.0240565e-02 -4.4677448e-02 5.0000000e-03
 endloop
endfacet
facet normal 0.000000e+00 0.000000e+00 1.000000e+00
 outer loop
  vertex 6.2360221e-02 -4.1667767e-02 5.0000000e-03
  vertex 3.3258784e-02 -2.2222809e-02 5.0000000e-03
  vertex 6.0240565e-02 -4.4677448e-02 5.0000000e-03
 endloop
endfacet
facet normal 0.000000e+00 0.000000e+00 1.000000e+00
 outer loop
  vertex 3.4309144e-02 -2.0564110e-02 5.0000000e-03
  vertex 3.3258784e-02 -2.2222809e-02 5.0000000e-03
  vertex 6.2360221e-02 -4.1667767e-02 5.0000000e-03
 endloop
endfacet
facet normal 0.000000e+00 0.000000e+00 1.000000e+00
 outer loop
  vertex 6.4329646e-02 -3.8557706e-02 5.0000000e-03
  vertex 3.4309144e-02 -2.0564110e-02 5.0000000e-03
  vertex 6.2360221e-02 -4.1667767e-02 5.0000000e-03
 endloop
endfacet
facet normal 0.000000e+00 0.000000e+00 1.000000e+00
 outer loop
  vertex 3.5276851e-02 -1.8855869e-02 5.0000000e-03
  vertex 3.4309144e-02 -2.0564110e-02 5.0000000e-03
  vertex 6.4329646e-02 -3.8557706e-02 5.0000000e-03
 endloop
endfacet
facet normal 0.000000e+00 0.000000e+00 1.000000e+00
 outer loop
  vertex 6.6144095e-02 -3.5354755e-02 5.0000000e-03
  vertex 3.5276851e-02 -1.8855869e-02 5.0000000e-03
  vertex 6.4329646e-02 -3.8557706e-02 5.0000000e-03
 endloop
endfacet
facet normal 0.000000e+00 0.000000e+00 1.000000e+00
 outer loop
  vertex 3.6159572e-02 -1.7102204e-02 5.0000000e-03
  vertex 3.5276851e-02 -1.8855869e-02 5.0000000e-03
  vertex 6.6144095e-02 -3.5354755e-02 5.0000000e-03
 endloop
endfacet
facet normal 0.000000e+00 0.000000e+00 1.000000e+00
 outer loop
  vertex 6.7799197e-02 -3.2066632e-02 5.0000000e-03
  vertex 3.6159572e-02 -1.7102204e-02 5.0000000e-03
  vertex 6.6144095e-02 -3.5354755e-02 5.0000000e-03
 endloop
endfacet
facet normal 0.000000e+00 0.000000e+00 1.000000e+00
 outer loop
  vertex 3.6955181e-02 -1.5307337e-02 5.0000000e-03
  vertex 3.6159572e-02 -1.7102204e-02 5.0000000e-03
  vertex 6.7799197e-02 -3.2066632e-02 5.0000000e-03
 endloop
endfacet
facet normal 0.000000e+00 0.000000e+00 1.000000e+00
 outer loop
  vertex 6.9290965e-02 -2.8701257e-02 5.0000000e-03
  vertex 3.6955181e-02 -1.5307337e-02 5.0000000e-03
  vertex 6.7799197e-02 -3.2066632e-02 5.0000000e-03
 endloop
endfacet
facet normal 0.000000e+00 0.000000e+00 1.000000e+00
 outer loop
  vertex 3.7661763e-02 -1.3475594e-02 5.0000000e-03
  vertex 3.6955181e-02 -1.5307337e-02 5.0000000e-03
  vertex 6.9290965e-02 -2.8701257e-02 5.0000000e-03
 endloop
endfacet
facet normal 0.000000e+00 0.000000e+00 1.000000e+00
 outer loop
  vertex 7.0615805e-02 -2.5266739e-02 5.0000000e-03
  vertex 3.7661763e-02 -1.3475594e-02 5.0000000e-03
  vertex 6.9290965e-02 -2.8701257e-02 5.0000000e-03
 endloop
endfacet
facet normal 0.000000e+00 0.000000e+00 1.000000e+00
 outer loop
  vertex 3.8277613e-02 -1.1611387e-02 5.0000000e-03
  vertex 3.7661763e-02 -1.3475594e-02 5.0000000e-03
  vertex 7.0615805e-02 -2.5266739e-02 5.0000000e-03
 endloop
endfacet
facet normal 0.000000e+00 0.000000e+00 1.000000e+00
 outer loop
  vertex 7.1770525e-02 -2.1771351e-02 5.0000000e-03
  vertex 3.8277613e-02 -1.1611387e-02 5.0000000e-03
  vertex 7.0615805e-02 -2.5266739e-02 5.0000000e-03
 endloop
endfacet
facet normal 0.000000e+00 0.000000e+00 1.000000e+00
 outer loop
  vertex 3.8801250e-02 -9.7192072e-03 5.0000000e-03
  vertex 3.8277613e-02 -1.1611387e-02 5.0000000e-03
  vertex 7.1770525e-02 -2.1771351e-02 5.0000000e-03
 endloop
endfacet
facet normal 0.000000e+00 0.000000e+00 1.000000e+00
 outer loop
  vertex 7.2752344e-02 -1.8223513e-02 5.0000000e-03
  vertex 3.8801250e-02 -9.7192072e-03 5.0000000e-03
  vertex 7.1770525e-02 -2.1771351e-02 5.0000000e-03
 endloop
endfacet
facet normal 0.000000e+00 0.000000e+00 1.000000e+00
 outer loop
  vertex 3.9231411e-02 -7.8036129e-03 5.0000000e-03
  vertex 3.8801250e-02 -9.7192072e-03 5.0000000e-03
  vertex 7.2752344e-02 -1.8223513e-02 5.0000000e-03
 endloop
endfacet
facet normal 0.000000e+00 0.000000e+00 1.000000e+00
 outer loop
  vertex 7.3558896e-02 -1.4631774e-02 5.0000000e-03
  vertex 3.9231411e-02 -7.8036129e-03 5.0000000e-03
  vertex 7.2752344e-02 -1.8223513e-02 5.0000000e-03
 endloop
endfacet
facet normal 0.000000e+00 0.000000e+00 1.000000e+00
 outer loop
  vertex 3.9567060e-02 -5.8692190e-03 5.0000000e-03
  vertex 3.9231411e-02 -7.8036129e-03 5.0000000e-03
  vertex 7.3558896e-02 -1.4631774e-02 5.0000000e-03
 endloop
endfacet
facet normal 0.000000e+00 0.000000e+00 1.000000e+00
 outer loop
  vertex 7.4188238e-02 -1.1004786e-02 5.0000000e-03
  vertex 3.9567060e-02 -5.8692190e-03 5.0000000e-03
  vertex 7.3558896e-02 -1.4631774e-02 5.0000000e-03
 endloop
endfacet
facet normal 0.000000e+00 0.000000e+00 1.000000e+00
 outer loop
  vertex 3.9807389e-02 -3.9206856e-03 5.0000000e-03
  vertex 3.9567060e-02 -5.8692190e-03 5.0000000e-03
  vertex 7.4188238e-02 -1.1004786e-02 5.0000000e-03
 endloop
endfacet
facet normal 0.000000e+00 0.000000e+00 1.000000e+00
 outer loop
  vertex 7.4638855e-02 -7.3512855e-03 5.0000000e-03
  vertex 3.9807389e-02 -3.9206856e-03 5.0000000e-03
  vertex 7.4188238e-02 -1.1004786e-02 5.0000000e-03
 endloop
endfacet
facet normal 0.000000e+00 0.000000e+00 1.000000e+00
 outer loop
  vertex 3.9951818e-02 -1.9627070e-03 5.0000000e-03
  vertex 3.9807389e-02 -3.9206856e-03 5.0000000e-03
  vertex 7.4638855e-02 -7.3512855e-03 5.0000000e-03
 endloop
endfacet
facet normal 0.000000e+00 0.000000e+00 1.000000e+00
 outer loop
  vertex 7.4909659e-02 -3.6800756e-03 5.0000000e-03
  vertex 3.9951818e-02 -1.9627070e-03 5.0000000e-03
  vertex 7.4638855e-02 -7.3512855e-03 5.0000000e-03
 endloop
endfacet
facet normal 0.000000e+00 0.000000e+00 1.000000e+00
 outer loop
  vertex 4.0000000e-02 0.0000000e+00 5.0000000e-03
  vertex 3.9951818e-02 -1.9627070e-03 5.0000000e-03
  vertex 7.4909659e-02 -3.6800756e-03 5.0000000e-03
 endloop
endfacet
facet normal 0.000000e+00 0.000000e+00 1.000000e+00
 outer loop
  vertex 7.5000000e-02 0.0000000e+00 5.0000000e-03
  vertex 4.0000000e-02 0.0000000e+00 5.0000000e-03
  vertex 7.4909659e-02 -3.6800756e-03 5.0000000e-03
 endloop
endfacet
facet normal 9.135817e-01 2.242717e-02 4.060363e-01
 outer loop
  vertex 3.5956636e-02 1.7664363e-03 1.4000000e-02
  vertex 3.6000000e-02 0.0000000e+00 1.4000000e-02
  vertex 4.0000000e-02 0.0000000e+00 5.0000000e-03
 endloop
endfacet
facet normal 9.135817e-01 2.242717e-02 4.060363e-01
 outer loop
  vertex 3.9951818e-02 1.9627070e-03 5.0000000e-03
  vertex 3.5956636e-02 1.7664363e-03 1.4000000e-02
  vertex 4.0000000e-02 0.0000000e+00 5.0000000e-03
 endloop
endfacet
facet normal 9.113808e-01 6.722749e-02 4.060363e-01
 outer loop
  vertex 3.5826650e-02 3.5286171e-03 1.4000000e-02
  vertex 3.5956636e-02 1.7664363e-03 1.4000000e-02
  vertex 3.9951818e-02 1.9627070e-03 5.0000000e-03
 endloop
endfacet
facet normal 9.113808e-01 6.722749e-02 4.060363e-01
 outer loop
  vertex 3.9807389e-02 3.9206856e-03 5.0000000e-03
  vertex 3.5826650e-02 3.5286171e-03 1.4000000e-02
  vertex 3.9951818e-02 1.9627070e-03 5.0000000e-03
 endloop
endfacet
facet normal 9.069843e-01 1.118658e-01 4.060363e-01
 outer loop
  vertex 3.5610354e-02 5.2822971e-03 1.4000000e-02
  vertex 3.5826650e-02 3.5286171e-03 1.4000000e-02
  vertex 3.9807389e-02 3.9206856e-03 5.0000000e-03
 endloop
endfacet
facet normal 9.069843e-01 1.118658e-01 4.060363e-01
 outer loop
  vertex 3.9567060e-02 5.8692190e-03 5.0000000e-03
  vertex 3.5610354e-02 5.2822971e-03 1.4000000e-02
  vertex 3.9807389e-02 3.9206856e-03 5.0000000e-03
 endloop
endfacet
facet normal 9.004028e-01 1.562347e-01 4.060363e-01
 outer loop
  vertex 3.5308270e-02 7.0232516e-03 1.4000000e-02
  vertex 3.5610354e-02 5.2822971e-03 1.4000000e-02
  vertex 3.9567060e-02 5.8692190e-03 5.0000000e-03
 endloop
endfacet
facet normal 9.004028e-01 1.562347e-01 4.060363e-01
 outer loop
  vertex 3.9231411e-02 7.8036129e-03 5.0000000e-03
  vertex 3.5308270e-02 7.0232516e-03 1.4000000e-02
  vertex 3.9567060e-02 5.8692190e-03 5.0000000e-03
 endloop
endfacet
facet normal 8.916522e-01 2.002272e-01 4.060363e-01
 outer loop
  vertex 3.4921125e-02 8.7472865e-03 1.4000000e-02
  vertex 3.5308270e-02 7.0232516e-03 1.4000000e-02
  vertex 3.9231411e-02 7.8036129e-03 5.0000000e-03
 endloop
endfacet
facet normal 8.916522e-01 2.002272e-01 4.060363e-01
 outer loop
  vertex 3.8801250e-02 9.7192072e-03 5.0000000e-03
  vertex 3.4921125e-02 8.7472865e-03 1.4000000e-02
  vertex 3.9231411e-02 7.8036129e-03 5.0000000e-03
 endloop
endfacet
facet normal 8.807534e-01 2.437373e-01 4.060363e-01
 outer loop
  vertex 3.4449852e-02 1.0450248e-02 1.4000000e-02
  vertex 3.4921125e-02 8.7472865e-03 1.4000000e-02
  vertex 3.8801250e-02 9.7192072e-03 5.0000000e-03
 endloop
endfacet
facet normal 8.807534e-01 2.437373e-01 4.060363e-01
 outer loop
  vertex 3.8277613e-02 1.1611387e-02 5.0000000e-03
  vertex 3.4449852e-02 1.0450248e-02 1.4000000e-02
  vertex 3.8801250e-02 9.7192072e-03 5.0000000e-03
 endloop
endfacet
facet normal 8.677329e-01 2.866602e-01 4.060363e-01
 outer loop
  vertex 3.3895586e-02 1.2128035e-02 1.4000000e-02
  vertex 3.4449852e-02 1.0450248e-02 1.4000000e-02
  vertex 3.8277613e-02 1.1611387e-02 5.0000000e-03
 endloop
endfacet
facet normal 8.677329e-01 2.866602e-01 4.060363e-01
 outer loop
  vertex 3.7661763e-02 1.3475594e-02 5.0000000e-03
  vertex 3.3895586e-02 1.2128035e-02 1.4000000e-02
  vertex 3.8277613e-02 1.1611387e-02 5.0000000e-03
 endloop
endfacet
facet normal 8.526219e-01 3.288926e-01 4.060363e-01
 outer loop
  vertex 3.3259663e-02 1.3776604e-02 1.4000000e-02
  vertex 3.3895586e-02 1.2128035e-02 1.4000000e-02
  vertex 3.7661763e-02 1.3475594e-02 5.0000000e-03
 endloop
endfacet
facet normal 8.526219e-01 3.288926e-01 4.060363e-01
 outer loop
  vertex 3.6955181e-02 1.5307337e-02 5.0000000e-03
  vertex 3.3259663e-02 1.3776604e-02 1.4000000e-02
  vertex 3.7661763e-02 1.3475594e-02 5.0000000e-03
 endloop
endfacet
facet normal 8.354569e-01 3.703326e-01 4.060363e-01
 outer loop
  vertex 3.2543615e-02 1.5391983e-02 1.4000000e-02
  vertex 3.3259663e-02 1.3776604e-02 1.4000000e-02
  vertex 3.6955181e-02 1.5307337e-02 5.0000000e-03
 endloop
endfacet
facet normal 8.354569e-01 3.703326e-01 4.060363e-01
 outer loop
  vertex 3.6159572e-02 1.7102204e-02 5.0000000e-03
  vertex 3.2543615e-02 1.5391983e-02 1.4000000e-02
  vertex 3.6955181e-02 1.5307337e-02 5.0000000e-03
 endloop
endfacet
facet normal 8.162792e-01 4.108804e-01 4.060363e-01
 outer loop
  vertex 3.1749166e-02 1.6970283e-02 1.4000000e-02
  vertex 3.2543615e-02 1.5391983e-02 1.4000000e-02
  vertex 3.6159572e-02 1.7102204e-02 5.0000000e-03
 endloop
endfacet
facet normal 8.162792e-01 4.108804e-01 4.060363e-01
 outer loop
  vertex 3.5276851e-02 1.8855869e-02 5.0000000e-03
  vertex 3.1749166e-02 1.6970283e-02 1.4000000e-02
  vertex 3.6159572e-02 1.7102204e-02 5.0000000e-03
 endloop
endfacet
facet normal 7.951350e-01 4.504384e-01 4.060363e-01
 outer loop
  vertex 3.0878230e-02 1.8507699e-02 1.4000000e-02
  vertex 3.1749166e-02 1.6970283e-02 1.4000000e-02
  vertex 3.5276851e-02 1.8855869e-02 5.0000000e-03
 endloop
endfacet
facet normal 7.951350e-01 4.504384e-01 4.060363e-01
 outer loop
  vertex 3.4309144e-02 2.0564110e-02 5.0000000e-03
  vertex 3.0878230e-02 1.8507699e-02 1.4000000e-02
  vertex 3.5276851e-02 1.8855869e-02 5.0000000e-03
 endloop
endfacet
facet normal 7.720753e-01 4.889113e-01 4.060363e-01
 outer loop
  vertex 2.9932906e-02 2.0000528e-02 1.4000000e-02
  vertex 3.0878230e-02 1.8507699e-02 1.4000000e-02
  vertex 3.4309144e-02 2.0564110e-02 5.0000000e-03
 endloop
endfacet
facet normal 7.720753e-01 4.889113e-01 4.060363e-01
 outer loop
  vertex 3.3258784e-02 2.2222809e-02 5.0000000e-03
  vertex 2.9932906e-02 2.0000528e-02 1.4000000e-02
  vertex 3.4309144e-02 2.0564110e-02 5.0000000e-03
 endloop
endfacet
facet normal 7.471556e-01 5.262063e-01 4.060363e-01
 outer loop
  vertex 2.8915471e-02 2.1445175e-02 1.4000000e-02
  vertex 2.9932906e-02 2.0000528e-02 1.4000000e-02
  vertex 3.3258784e-02 2.2222809e-02 5.0000000e-03
 endloop
endfacet
facet normal 7.471556e-01 5.262063e-01 4.060363e-01
 outer loop
  vertex 3.2128301e-02 2.3827972e-02 5.0000000e-03
  vertex 2.8915471e-02 2.1445175e-02 1.4000000e-02
  vertex 3.3258784e-02 2.2222809e-02 5.0000000e-03
 endloop
endfacet
facet normal 7.204359e-01 5.622337e-01 4.060363e-01
 outer loop
  vertex 2.7828376e-02 2.2838158e-02 1.4000000e-02
  vertex 2.8915471e-02 2.1445175e-02 1.4000000e-02
  vertex 3.2128301e-02 2.3827972e-02 5.0000000e-03
 endloop
endfacet
facet normal 7.204359e-01 5.622337e-01 4.060363e-01
 outer loop
  vertex 3.0920418e-02 2.5375731e-02 5.0000000e-03
  vertex 2.7828376e-02 2.2838158e-02 1.4000000e-02
  vertex 3.2128301e-02 2.3827972e-02 5.0000000e-03
 endloop
endfacet
facet normal 6.919806e-01 5.969065e-01 4.060363e-01
 outer loop
  vertex 2.6674241e-02 2.4176122e-02 1.4000000e-02
  vertex 2.7828376e-02 2.2838158e-02 1.4000000e-02
  vertex 3.0920418e-02 2.5375731e-02 5.0000000e-03
 endloop
endfacet
facet normal 6.919806e-01 5.969065e-01 4.060363e-01
 outer loop
  vertex 2.9638045e-02 2.6862358e-02 5.0000000e-03
  vertex 2.6674241e-02 2.4176122e-02 1.4000000e-02
  vertex 3.0920418e-02 2.5375731e-02 5.0000000e-03
 endloop
endfacet
facet normal 6.618582e-01 6.301414e-01 4.060363e-01
 outer loop
  vertex 2.5455844e-02 2.5455844e-02 1.4000000e-02
  vertex 2.6674241e-02 2.4176122e-02 1.4000000e-02
  vertex 2.9638045e-02 2.6862358e-02 5.0000000e-03
 endloop
endfacet
facet normal 6.618582e-01 6.301414e-01 4.060363e-01
 outer loop
  vertex 2.8284271e-02 2.8284271e-02 5.0000000e-03
  vertex 2.5455844e-02 2.5455844e-02 1.4000000e-02
  vertex 2.9638045e-02 2.6862358e-02 5.0000000e-03
 endloop
endfacet
facet normal 6.301414e-01 6.618582e-01 4.060363e-01
 outer loop
  vertex 2.4176122e-02 2.6674241e-02 1.4000000e-02
  vertex 2.5455844e-02 2.5455844e-02 1.4000000e-02
  vertex 2.8284271e-02 2.8284271e-02 5.0000000e-03
 endloop
endfacet
facet normal 6.301414e-01 6.618582e-01 4.060363e-01
 outer loop
  vertex 2.6862358e-02 2.9638045e-02 5.0000000e-03
  vertex 2.4176122e-02 2.6674241e-02 1.4000000e-02
  vertex 2.8284271e-02 2.8284271e-02 5.0000000e-03
 endloop
endfacet
facet normal 5.969065e-01 6.919806e-01 4.060363e-01
 outer loop
  vertex 2.2838158e-02 2.7828376e-02 1.4000000e-02
  vertex 2.4176122e-02 2.6674241e-02 1.4000000e-02
  vertex 2.6862358e-02 2.9638045e-02 5.0000000e-03
 endloop
endfacet
facet normal 5.969065e-01 6.919806e-01 4.060363e-01
 outer loop
  vertex 2.5375731e-02 3.0920418e-02 5.0000000e-03
  vertex 2.2838158e-02 2.7828376e-02 1.4000000e-02
  vertex 2.6862358e-02 2.9638045e-02 5.0000000e-03
 endloop
endfacet
facet normal 5.622337e-01 7.204359e-01 4.060363e-01
 outer loop
  vertex 2.1445175e-02 2.8915471e-02 1.4000000e-02
  vertex 2.2838158e-02 2.7828376e-02 1.4000000e-02
  vertex 2.5375731e-02 3.0920418e-02 5.0000000e-03
 endloop
endfacet
facet normal 5.622337e-01 7.204359e-01 4.060363e-01
 outer loop
  vertex 2.3827972e-02 3.2128301e-02 5.0000000e-03
  vertex 2.1445175e-02 2.8915471e-02 1.4000000e-02
  vertex 2.5375731e-02 3.0920418e-02 5.0000000e-03
 endloop
endfacet
facet normal 5.262063e-01 7.471556e-01 4.060363e-01
 outer loop
  vertex 2.0000528e-02 2.9932906e-02 1.4000000e-02
  vertex 2.1445175e-02 2.8915471e-02 1.4000000e-02
  vertex 2.3827972e-02 3.2128301e-02 5.0000000e-03
 endloop
endfacet
facet normal 5.262063e-01 7.471556e-01 4.060363e-01
 outer loop
  vertex 2.2222809e-02 3.3258784e-02 5.0000000e-03
  vertex 2.0000528e-02 2.9932906e-02 1.4000000e-02
  vertex 2.3827972e-02 3.2128301e-02 5.0000000e-03
 endloop
endfacet
facet normal 4.889113e-01 7.720753e-01 4.060363e-01
 outer loop
  vertex 1.8507699e-02 3.0878230e-02 1.4000000e-02
  vertex 2.0000528e-02 2.9932906e-02 1.4000000e-02
  vertex 2.2222809e-02 3.3258784e-02 5.0000000e-03
 endloop
endfacet
facet normal 4.889113e-01 7.720753e-01 4.060363e-01
 outer loop
  vertex 2.0564110e-02 3.4309144e-02 5.0000000e-03
  vertex 1.8507699e-02 3.0878230e-02 1.4000000e-02
  vertex 2.2222809e-02 3.3258784e-02 5.0000000e-03
 endloop
endfacet
facet normal 4.504384e-01 7.951350e-01 4.060363e-01
 outer loop
  vertex 1.6970283e-02 3.1749166e-02 1.4000000e-02
  vertex 1.8507699e-02 3.0878230e-02 1.4000000e-02
  vertex 2.0564110e-02 3.4309144e-02 5.0000000e-03
 endloop
endfacet
facet normal 4.504384e-01 7.951350e-01 4.060363e-01
 outer loop
  vertex 1.8855869e-02 3.5276851e-02 5.0000000e-03
  vertex 1.6970283e-02 3.1749166e-02 1.4000000e-02
  vertex 2.0564110e-02 3.4309144e-02 5.0000000e-03
 endloop
endfacet
facet normal 4.108804e-01 8.162792e-01 4.060363e-01
 outer loop
  vertex 1.5391983e-02 3.2543615e-02 1.4000000e-02
  vertex 1.6970283e-02 3.1749166e-02 1.4000000e-02
  vertex 1.8855869e-02 3.5276851e-02 5.0000000e-03
 endloop
endfacet
facet normal 4.108804e-01 8.162792e-01 4.060363e-01
 outer loop
  vertex 1.7102204e-02 3.6159572e-02 5.0000000e-03
  vertex 1.5391983e-02 3.2543615e-02 1.4000000e-02
  vertex 1.8855869e-02 3.5276851e-02 5.0000000e-03
 endloop
endfacet
facet normal 3.703326e-01 8.354569e-01 4.060363e-01
 outer loop
  vertex 1.3776604e-02 3.3259663e-02 1.4000000e-02
  vertex 1.5391983e-02 3.2543615e-02 1.4000000e-02
  vertex 1.7102204e-02 3.6159572e-02 5.0000000e-03
 endloop
endfacet
facet normal 3.703326e-01 8.354569e-01 4.060363e-01
 outer loop
  vertex 1.5307337e-02 3.6955181e-02 5.0000000e-03
  vertex 1.3776604e-02 3.3259663e-02 1.4000000e-02
  vertex 1.7102204e-02 3.6159572e-02 5.0000000e-03
 endloop
endfacet
facet normal 3.288926e-01 8.526219e-01 4.060363e-01
 outer loop
  vertex 1.2128035e-02 3.3895586e-02 1.4000000e-02
  vertex 1.3776604e-02 3.3259663e-02 1.4000000e-02
  vertex 1.5307337e-02 3.6955181e-02 5.0000000e-03
 endloop
endfacet
facet normal 3.288926e-01 8.526219e-01 4.060363e-01
 outer loop
  vertex 1.3475594e-02 3.7661763e-02 5.0000000e-03
  vertex 1.2128035e-02 3.3895586e-02 1.4000000e-02
  vertex 1.5307337e-02 3.6955181e-02 5.0000000e-03
 endloop
endfacet
facet normal 2.866602e-01 8.677329e-01 4.060363e-01
 outer loop
  vertex 1.0450248e-02 3.4449852e-02 1.4000000e-02
  vertex 1.2128035e-02 3.3895586e-02 1.4000000e-02
  vertex 1.3475594e-02 3.7661763e-02 5.0000000e-03
 endloop
endfacet
facet normal 2.866602e-01 8.677329e-01 4.060363e-01
 outer loop
  vertex 1.1611387e-02 3.8277613e-02 5.0000000e-03
  vertex 1.0450248e-02 3.4449852e-02 1.4000000e-02
  vertex 1.3475594e-02 3.7661763e-02 5.0000000e-03
 endloop
endfacet
facet normal 2.437373e-01 8.807534e-01 4.060363e-01
 outer loop
  vertex 8.7472865e-03 3.4921125e-02 1.4000000e-02
  vertex 1.0450248e-02 3.4449852e-02 1.4000000e-02
  vertex 1.1611387e-02 3.8277613e-02 5.0000000e-03
 endloop
endfacet
facet normal 2.437373e-01 8.807534e-01 4.060363e-01
 outer loop
  vertex 9.7192072e-03 3.8801250e-02 5.0000000e-03
  vertex 8.7472865e-03 3.4921125e-02 1.4000000e-02
  vertex 1.1611387e-02 3.8277613e-02 5.0000000e-03
 endloop
endfacet
facet normal 2.002272e-01 8.916522e-01 4.060363e-01
 outer loop
  vertex 7.0232516e-03 3.5308270e-02 1.4000000e-02
  vertex 8.7472865e-03 3.4921125e-02 1.4000000e-02
  vertex 9.7192072e-03 3.8801250e-02 5.0000000e-03
 endloop
endfacet
facet normal 2.002272e-01 8.916522e-01 4.060363e-01
 outer loop
  vertex 7.8036129e-03 3.9231411e-02 5.0000000e-03
  vertex 7.0232516e-03 3.5308270e-02 1.4000000e-02
  vertex 9.7192072e-03 3.8801250e-02 5.0000000e-03
 endloop
endfacet
facet normal 1.562347e-01 9.004028e-01 4.060363e-01
 outer loop
  vertex 5.2822971e-03 3.5610354e-02 1.4000000e-02
  vertex 7.0232516e-03 3.5308270e-02 1.4000000e-02
  vertex 7.8036129e-03 3.9231411e-02 5.0000000e-03
 endloop
endfacet
facet normal 1.562347e-01 9.004028e-01 4.060363e-01
 outer loop
  vertex 5.8692190e-03 3.9567060e-02 5.0000000e-03
  vertex 5.2822971e-03 3.5610354e-02 1.4000000e-02
  vertex 7.8036129e-03 3.9231411e-02 5.0000000e-03
 endloop
endfacet
facet normal 1.118658e-01 9.069843e-01 4.060363e-01
 outer loop
  vertex 3.5286171e-03 3.5826650e-02 1.4000000e-02
  vertex 5.2822971e-03 3.5610354e-02 1.4000000e-02
  vertex 5.8692190e-03 3.9567060e-02 5.0000000e-03
 endloop
endfacet
facet normal 1.118658e-01 9.069843e-01 4.060363e-01
 outer loop
  vertex 3.9206856e-03 3.9807389e-02 5.0000000e-03
  vertex 3.5286171e-03 3.5826650e-02 1.4000000e-02
  vertex 5.8692190e-03 3.9567060e-02 5.0000000e-03
 endloop
endfacet
facet normal 6.722749e-02 9.113808e-01 4.060363e-01
 outer loop
  vertex 1.7664363e-03 3.5956636e-02 1.4000000e-02
  vertex 3.5286171e-03 3.5826650e-02 1.4000000e-02
  vertex 3.9206856e-03 3.9807389e-02 5.0000000e-03
 endloop
endfacet
facet normal 6.722749e-02 9.113808e-01 4.060363e-01
 outer loop
  vertex 1.9627070e-03 3.9951818e-02 5.0000000e-03
  vertex 1.7664363e-03 3.5956636e-02 1.4000000e-02
  vertex 3.9206856e-03 3.9807389e-02 5.0000000e-03
 endloop
endfacet
facet normal 2.242717e-02 9.135817e-01 4.060363e-01
 outer loop
  vertex 2.2043642e-18 3.6000000e-02 1.4000000e-02
  vertex 1.7664363e-03 3.5956636e-02 1.4000000e-02
  vertex 1.9627070e-03 3.9951818e-02 5.0000000e-03
 endloop
endfacet
facet normal 2.242717e-02 9.135817e-01 4.060363e-01
 outer loop
  vertex 2.4492936e-18 4.0000000e-02 5.0000000e-03
  vertex 2.2043642e-18 3.6000000e-02 1.4000000e-02
  vertex 1.9627070e-03 3.9951818e-02 5.0000000e-03
 endloop
endfacet
facet normal -2.242717e-02 9.135817e-01 4.060363e-01
 outer loop
  vertex -1.7664363e-03 3.5956636e-02 1.4000000e-02
  vertex 2.2043642e-18 3.6000000e-02 1.4000000e-02
  vertex 2.4492936e-18 4.0000000e-02 5.0000000e-03
 endloop
endfacet
facet normal -2.242717e-02 9.135817e-01 4.060363e-01
 outer loop
  vertex -1.9627070e-03 3.9951818e-02 5.0000000e-03
  vertex -1.7664363e-03 3.5956636e-02 1.4000000e-02
  vertex 2.4492936e-18 4.0000000e-02 5.0000000e-03
 endloop
endfacet
facet normal -6.722749e-02 9.113808e-01 4.060363e-01
 outer loop
  vertex -3.5286171e-03 3.5826650e-02 1.4000000e-02
  vertex -1.7664363e-03 3.5956636e-02 1.4000000e-02
  vertex -1.9627070e-03 3.9951818e-02 5.0000000e-03
 endloop
endfacet
facet normal -6.722749e-02 9.113808e-01 4.060363e-01
 outer loop
  vertex -3.9206856e-03 3.9807389e-02 5.0000000e-03
  vertex -3.5286171e-03 3.5826650e-02 1.4000000e-02
  vertex -1.9627070e-03 3.9951818e-02 5.0000000e-03
 endloop
endfacet
facet normal -1.118658e-01 9.069843e-01 4.060363e-01
 outer loop
  vertex -5.2822971e-03 3.5610354e-02 1.4000000e-02
  vertex -3.5286171e-03 3.5826650e-02 1.4000000e-02
  vertex -3.9206856e-03 3.9807389e-02 5.0000000e-03
 endloop
endfacet
facet normal -1.118658e-01 9.069843e-01 4.060363e-01
 outer loop
  vertex -5.8692190e-03 3.9567060e-02 5.0000000e-03
  vertex -5.2822971e-03 3.5610354e-02 1.4000000e-02
  vertex -3.9206856e-03 3.9807389e-02 5.0000000e-03
 endloop
endfacet
facet normal -1.562347e-01 9.004028e-01 4.060363e-01
 outer loop
  vertex -7.0232516e-03 3.5308270e-02 1.4000000e-02
  vertex -5.2822971e-03 3.5610354e-02 1.4000000e-02
  vertex -5.8692190e-03 3.9567060e-02 5.0000000e-03
 endloop
endfacet
facet normal -1.562347e-01 9.004028e-01 4.060363e-01
 outer loop
  vertex -7.8036129e-03 3.9231411e-02 5.0000000e-03
  vertex -7.0232516e-03 3.5308270e-02 1.4000000e-02
  vertex -5.8692190e-03 3.9567060e-02 5.0000000e-03
 endloop
endfacet
facet normal -2.002272e-01 8.916522e-01 4.060363e-01
 outer loop
  vertex -8.7472865e-03 3.4921125e-02 1.4000000e-02
  vertex -7.0232516e-03 3.5308270e-02 1.4000000e-02
  vertex -7.8036129e-03 3.9231411e-02 5.0000000e-03
 endloop
endfacet
facet normal -2.002272e-01 8.916522e-01 4.060363e-01
 outer loop
  vertex -9.7192072e-03 3.8801250e-02 5.0000000e-03
  vertex -8.7472865e-03 3.4921125e-02 1.4000000e-02
  vertex -7.8036129e-03 3.9231411e-02 5.0000000e-03
 endloop
endfacet
facet normal -2.437373e-01 8.807534e-01 4.060363e-01
 outer loop
  vertex -1.0450248e-02 3.4449852e-02 1.4000000e-02
  vertex -8.7472865e-03 3.4921125e-02 1.4000000e-02
  vertex -9.7192072e-03 3.8801250e-02 5.0000000e-03
 endloop
endfacet
facet normal -2.437373e-01 8.807534e-01 4.060363e-01
 outer loop
  vertex -1.1611387e-02 3.8277613e-02 5.0000000e-03
  vertex -1.0450248e-02 3.4449852e-02 1.4000000e-02
  vertex -9.7192072e-03 3.8801250e-02 5.0000000e-03
 endloop
endfacet
facet normal -2.866602e-01 8.677329e-01 4.060363e-01
 outer loop
  vertex -1.2128035e-02 3.3895586e-02 1.4000000e-02
  vertex -1.0450248e-02 3.4449852e-02 1.4000000e-02
  vertex -1.1611387e-02 3.8277613e-02 5.0000000e-03
 endloop
endfacet
facet normal -2.866602e-01 8.677329e-01 4.060363e-01
 outer loop
  vertex -1.3475594e-02 3.7661763e-02 5.0000000e-03
  vertex -1.2128035e-02 3.3895586e-02 1.4000000e-02
  vertex -1.1611387e-02 3.8277613e-02 5.0000000e-03
 endloop
endfacet
facet normal -3.288926e-01 8.526219e-01 4.060363e-01
 outer loop
  vertex -1.3776604e-02 3.3259663e-02 1.4000000e-02
  vertex -1.2128035e-02 3.3895586e-02 1.4000000e-02
  vertex -1.3475594e-02 3.7661763e-02 5.0000000e-03
 endloop
endfacet
facet normal -3.288926e-01 8.526219e-01 4.060363e-01
 outer loop
  vertex -1.5307337e-02 3.6955181e-02 5.0000000e-03
  vertex -1.3776604e-02 3.3259663e-02 1.4000000e-02
  vertex -1.3475594e-02 3.7661763e-02 5.0000000e-03
 endloop
endfacet
facet normal -3.703326e-01 8.354569e-01 4.060363e-01
 outer loop
  vertex -1.5391983e-02 3.2543615e-02 1.4000000e-02
  vertex -1.3776604e-02 3.3259663e-02 1.4000000e-02
  vertex -1.5307337e-02 3.6955181e-02 5.0000000e-03
 endloop
endfacet
facet normal -3.703326e-01 8.354569e-01 4.060363e-01
 outer loop
  vertex -1.7102204e-02 3.6159572e-02 5.0000000e-03
  vertex -1.5391983e-02 3.2543615e-02 1.4000000e-02
  vertex -1.5307337e-02 3.6955181e-02 5.0000000e-03
 endloop
endfacet
facet normal -4.108804e-01 8.162792e-01 4.060363e-01
 outer loop
  vertex -1.6970283e-02 3.1749166e-02 1.4000000e-02
  vertex -1.5391983e-02 3.2543615e-02 1.4000000e-02
  vertex -1.7102204e-02 3.6159572e-02 5.0000000e-03
 endloop
endfacet
facet normal -4.108804e-01 8.162792e-01 4.060363e-01
 outer loop
  vertex -1.8855869e-02 3.5276851e-02 5.0000000e-03
  vertex -1.6970283e-02 3.1749166e-02 1.4000000e-02
  vertex -1.7102204e-02 3.6159572e-02 5.0000000e-03
 endloop
endfacet
facet normal -4.504384e-01 7.951350e-01 4.060363e-01
 outer loop
  vertex -1.8507699e-02 3.0878230e-02 1.4000000e-02
  vertex -1.6970283e-02 3.1749166e-02 1.4000000e-02
  vertex -1.8855869e-02 3.5276851e-02 5.0000000e-03
 endloop
endfacet
facet normal -4.504384e-01 7.951350e-01 4.060363e-01
 outer loop
  vertex -2.0564110e-02 3.4309144e-02 5.0000000e-03
  vertex -1.8507699e-02 3.0878230e-02 1.4000000e-02
  vertex -1.8855869e-02 3.5276851e-02 5.0000000e-03
 endloop
endfacet
facet normal -4.889113e-01 7.720753e-01 4.060363e-01
 outer loop
  vertex -2.0000528e-02 2.9932906e-02 1.4000000e-02
  vertex -1.8507699e-02 3.0878230e-02 1.4000000e-02
  vertex -2.0564110e-02 3.4309144e-02 5.0000000e-03
 endloop
endfacet
facet normal -4.889113e-01 7.720753e-01 4.060363e-01
 outer loop
  vertex -2.2222809e-02 3.3258784e-02 5.0000000e-03
  vertex -2.0000528e-02 2.9932906e-02 1.4000000e-02
  vertex -2.0564110e-02 3.4309144e-02 5.0000000e-03
 endloop
endfacet
facet normal -5.262063e-01 7.471556e-01 4.060363e-01
 outer loop
  vertex -2.1445175e-02 2.8915471e-02 1.4000000e-02
  vertex -2.0000528e-02 2.9932906e-02 1.4000000e-02
  vertex -2.2222809e-02 3.3258784e-02 5.0000000e-03
 endloop
endfacet
facet normal -5.262063e-01 7.471556e-01 4.060363e-01
 outer loop
  vertex -2.3827972e-02 3.2128301e-02 5.0000000e-03
  vertex -2.1445175e-02 2.8915471e-02 1.4000000e-02
  vertex -2.2222809e-02 3.3258784e-02 5.0000000e-03
 endloop
endfacet
facet normal -5.622337e-01 7.204359e-01 4.060363e-01
 outer loop
  vertex -2.2838158e-02 2.7828376e-02 1.4000000e-02
  vertex -2.1445175e-02 2.8915471e-02 1.4000000e-02
  vertex -2.3827972e-02 3.2128301e-02 5.0000000e-03
 endloop
endfacet
facet normal -5.622337e-01 7.204359e-01 4.060363e-01
 outer loop
  vertex -2.5375731e-02 3.0920418e-02 5.0000000e-03
  vertex -2.2838158e-02 2.7828376e-02 1.4000000e-02
  vertex -2.3827972e-02 3.2128301e-02 5.0000000e-03
 endloop
endfacet
facet normal -5.969065e-01 6.919806e-01 4.060363e-01
 outer loop
  vertex -2.4176122e-02 2.6674241e-02 1.4000000e-02
  vertex -2.2838158e-02 2.7828376e-02 1.4000000e-02
  vertex -2.5375731e-02 3.0920418e-02 5.0000000e-03
 endloop
endfacet
facet normal -5.969065e-01 6.919806e-01 4.060363e-01
 outer loop
  vertex -2.6862358e-02 2.9638045e-02 5.0000000e-03
  vertex -2.4176122e-02 2.6674241e-02 1.4000000e-02
  vertex -2.5375731e-02 3.0920418e-02 5.0000000e-03
 endloop
endfacet
facet normal -6.301414e-01 6.618582e-01 4.060363e-01
 outer loop
  vertex -2.5455844e-02 2.5455844e-02 1.4000000e-02
  vertex -2.4176122e-02 2.6674241e-02 1.4000000e-02
  vertex -2.6862358e-02 2.9638045e-02 5.0000000e-03
 endloop
endfacet
facet normal -6.301414e-01 6.618582e-01 4.060363e-01
 outer loop
  vertex -2.8284271e-02 2.8284271e-02 5.0000000e-03
  vertex -2.5455844e-02 2.5455844e-02 1.4000000e-02
  vertex -2.6862358e-02 2.9638045e-02 5.0000000e-03
 endloop
endfacet
facet normal -6.618582e-01 6.301414e-01 4.060363e-01
 outer loop
  vertex -2.6674241e-02 2.4176122e-02 1.4000000e-02
  vertex -2.5455844e-02 2.5455844e-02 1.4000000e-02
  vertex -2.8284271e-02 2.8284271e-02 5.0000000e-03
 endloop
endfacet
facet normal -6.618582e-01 6.301414e-01 4.060363e-01
 outer loop
  vertex -2.9638045e-02 2.6862358e-02 5.0000000e-03
  vertex -2.6674241e-02 2.4176122e-02 1.4000000e-02
  vertex -2.8284271e-02 2.8284271e-02 5.0000000e-03
 endloop
endfacet
facet normal -6.919806e-01 5.969065e-01 4.060363e-01
 outer loop
  vertex -2.7828376e-02 2.2838158e-02 1.4000000e-02
  vertex -2.6674241e-02 2.4176122e-02 1.4000000e-02
  vertex -2.9638045e-02 2.6862358e-02 5.0000000e-03
 endloop
endfacet
facet normal -6.919806e-01 5.969065e-01 4.060363e-01
 outer loop
  vertex -3.0920418e-02 2.5375731e-02 5.0000000e-03
  vertex -2.7828376e-02 2.2838158e-02 1.4000000e-02
  vertex -2.9638045e-02 2.6862358e-02 5.0000000e-03
 endloop
endfacet
facet normal -7.204359e-01 5.622337e-01 4.060363e-01
 outer loop
  vertex -2.8915471e-02 2.1445175e-02 1.4000000e-02
  vertex -2.7828376e-02 2.2838158e-02 1.4000000e-02
  vertex -3.0920418e-02 2.5375731e-02 5.0000000e-03
 endloop
endfacet
facet normal -7.204359e-01 5.622337e-01 4.060363e-01
 outer loop
  vertex -3.2128301e-02 2.3827972e-02 5.0000000e-03
  vertex -2.8915471e-02 2.1445175e-02 1.4000000e-02
  vertex -3.0920418e-02 2.5375731e-02 5.0000000e-03
 endloop
endfacet
facet normal -7.471556e-01 5.262063e-01 4.060363e-01
 outer loop
  vertex -2.9932906e-02 2.0000528e-02 1.4000000e-02
  vertex -2.8915471e-02 2.1445175e-02 1.4000000e-02
  vertex -3.2128301e-02 2.3827972e-02 5.0000000e-03
 endloop
endfacet
facet normal -7.471556e-01 5.262063e-01 4.060363e-01
 outer loop
  vertex -3.3258784e-02 2.2222809e-02 5.0000000e-03
  vertex -2.9932906e-02 2.0000528e-02 1.4000000e-02
  vertex -3.2128301e-02 2.3827972e-02 5.0000000e-03
 endloop
endfacet
facet normal -7.720753e-01 4.889113e-01 4.060363e-01
 outer loop
  vertex -3.0878230e-02 1.8507699e-02 1.4000000e-02
  vertex -2.9932906e-02 2.0000528e-02 1.4000000e-02
  vertex -3.3258784e-02 2.2222809e-02 5.0000000e-03
 endloop
endfacet
facet normal -7.720753e-01 4.889113e-01 4.060363e-01
 outer loop
  vertex -3.4309144e-02 2.0564110e-02 5.0000000e-03
  vertex -3.0878230e-02 1.8507699e-02 1.4000000e-02
  vertex -3.3258784e-02 2.2222809e-02 5.0000000e-03
 endloop
endfacet
facet normal -7.951350e-01 4.504384e-01 4.060363e-01
 outer loop
  vertex -3.1749166e-02 1.6970283e-02 1.4000000e-02
  vertex -3.0878230e-02 1.8507699e-02 1.4000000e-02
  vertex -3.4309144e-02 2.0564110e-02 5.0000000e-03
 endloop
endfacet
facet normal -7.951350e-01 4.504384e-01 4.060363e-01
 outer loop
  vertex -3.5276851e-02 1.8855869e-02 5.0000000e-03
  vertex -3.1749166e-02 1.6970283e-02 1.4000000e-02
  vertex -3.4309144e-02 2.0564110e-02 5.0000000e-03
 endloop
endfacet
facet normal -8.162792e-01 4.108804e-01 4.060363e-01
 outer loop
  vertex -3.2543615e-02 1.5391983e-02 1.4000000e-02
  vertex -3.1749166e-02 1.6970283e-02 1.4000000e-02
  vertex -3.5276851e-02 1.8855869e-02 5.0000000e-03
 endloop
endfacet
facet normal -8.162792e-01 4.108804e-01 4.060363e-01
 outer loop
  vertex -3.6159572e-02 1.7102204e-02 5.0000000e-03
  vertex -3.2543615e-02 1.5391983e-02 1.4000000e-02
  vertex -3.5276851e-02 1.8855869e-02 5.0000000e-03
 endloop
endfacet
facet normal -8.354569e-01 3.703326e-01 4.060363e-01
 outer loop
  vertex -3.3259663e-02 1.3776604e-02 1.4000000e-02
  vertex -3.2543615e-02 1.5391983e-02 1.4000000e-02
  vertex -3.6159572e-02 1.7102204e-02 5.0000000e-03
 endloop
endfacet
facet normal -8.354569e-01 3.703326e-01 4.060363e-01
 outer loop
  vertex -3.6955181e-02 1.5307337e-02 5.0000000e-03
  vertex -3.3259663e-02 1.3776604e-02 1.4000000e-02
  vertex -3.6159572e-02 1.7102204e-02 5.0000000e-03
 endloop
endfacet
facet normal -8.526219e-01 3.288926e-01 4.060363e-01
 outer loop
  vertex -3.3895586e-02 1.2128035e-02 1.4000000e-02
  vertex -3.3259663e-02 1.3776604e-02 1.4000000e-02
  vertex -3.6955181e-02 1.5307337e-02 5.0000000e-03
 endloop
endfacet
facet normal -8.526219e-01 3.288926e-01 4.060363e-01
 outer loop
  vertex -3.7661763e-02 1.3475594e-02 5.0000000e-03
  vertex -3.3895586e-02 1.2128035e-02 1.4000000e-02
  vertex -3.6955181e-02 1.5307337e-02 5.0000000e-03
 endloop
endfacet
facet normal -8.677329e-01 2.866602e-01 4.060363e-01
 outer loop
  vertex -3.4449852e-02 1.0450248e-02 1.4000000e-02
  vertex -3.3895586e-02 1.2128035e-02 1.4000000e-02
  vertex -3.7661763e-02 1.3475594e-02 5.0000000e-03
 endloop
endfacet
facet normal -8.677329e-01 2.866602e-01 4.060363e-01
 outer loop
  vertex -3.8277613e-02 1.1611387e-02 5.0000000e-03
  vertex -3.4449852e-02 1.0450248e-02 1.4000000e-02
  vertex -3.7661763e-02 1.3475594e-02 5.0000000e-03
 endloop
endfacet
facet normal -8.807534e-01 2.437373e-01 4.060363e-01
 outer loop
  vertex -3.4921125e-02 8.7472865e-03 1.4000000e-02
  vertex -3.4449852e-02 1.0450248e-02 1.4000000e-02
  vertex -3.8277613e-02 1.1611387e-02 5.0000000e-03
 endloop
endfacet
facet normal -8.807534e-01 2.437373e-01 4.060363e-01
 outer loop
  vertex -3.8801250e-02 9.7192072e-03 5.0000000e-03
  vertex -3.4921125e-02 8.7472865e-03 1.4000000e-02
  vertex -3.8277613e-02 1.1611387e-02 5.0000000e-03
 endloop
endfacet
facet normal -8.916522e-01 2.002272e-01 4.060363e-01
 outer loop
  vertex -3.5308270e-02 7.0232516e-03 1.4000000e-02
  vertex -3.4921125e-02 8.7472865e-03 1.4000000e-02
  vertex -3.8801250e-02 9.7192072e-03 5.0000000e-03
 endloop
endfacet
facet normal -8.916522e-01 2.002272e-01 4.060363e-01
 outer loop
  vertex -3.9231411e-02 7.8036129e-03 5.0000000e-03
  vertex -3.5308270e-02 7.0232516e-03 1.4000000e-02
  vertex -3.8801250e-02 9.7192072e-03 5.0000000e-03
 endloop
endfacet
facet normal -9.004028e-01 1.562347e-01 4.060363e-01
 outer loop
  vertex -3.5610354e-02 5.2822971e-03 1.4000000e-02
  vertex -3.5308270e-02 7.0232516e-03 1.4000000e-02
  vertex -3.9231411e-02 7.8036129e-03 5.0000000e-03
 endloop
endfacet
facet normal -9.004028e-01 1.562347e-01 4.060363e-01
 outer loop
  vertex -3.9567060e-02 5.8692190e-03 5.0000000e-03
  vertex -3.5610354e-02 5.2822971e-03 1.4000000e-02
  vertex -3.9231411e-02 7.8036129e-03 5.0000000e-03
 endloop
endfacet
facet normal -9.069843e-01 1.118658e-01 4.060363e-01
 outer loop
  vertex -3.5826650e-02 3.5286171e-03 1.4000000e-02
  vertex -3.5610354e-02 5.2822971e-03 1.4000000e-02
  vertex -3.9567060e-02 5.8692190e-03 5.0000000e-03
 endloop
endfacet
facet normal -9.069843e-01 1.118658e-01 4.060363e-01
 outer loop
  vertex -3.9807389e-02 3.9206856e-03 5.0000000e-03
  vertex -3.5826650e-02 3.5286171e-03 1.4000000e-02
  vertex -3.9567060e-02 5.8692190e-03 5.0000000e-03
 endloop
endfacet
facet normal -9.113808e-01 6.722749e-02 4.060363e-01
 outer loop
  vertex -3.5956636e-02 1.7664363e-03 1.4000000e-02
  vertex -3.5826650e-02 3.5286171e-03 1.4000000e-02
  vertex -3.9807389e-02 3.9206856e-03 5.0000000e-03
 endloop
endfacet
facet normal -9.113808e-01 6.722749e-02 4.060363e-01
 outer loop
  vertex -3.9951818e-02 1.9627070e-03 5.0000000e-03
  vertex -3.5956636e-02 1.7664363e-03 1.4000000e-02
  vertex -3.9807389e-02 3.9206856e-03 5.0000000e-03
 endloop
endfacet
facet normal -9.135817e-01 2.242717e-02 4.060363e-01
 outer loop
  vertex -3.6000000e-02 4.4087285e-18 1.4000000e-02
  vertex -3.5956636e-02 1.7664363e-03 1.4000000e-02
  vertex -3.9951818e-02 1.9627070e-03 5.0000000e-03
 endloop
endfacet
facet normal -9.135817e-01 2.242717e-02 4.060363e-01
 outer loop
  vertex -4.0000000e-02 4.8985872e-18 5.0000000e-03
  vertex -3.6000000e-02 4.4087285e-18 1.4000000e-02
  vertex -3.9951818e-02 1.9627070e-03 5.0000000e-03
 endloop
endfacet
facet normal -9.135817e-01 -2.242717e-02 4.060363e-01
 outer loop
  vertex -3.5956636e-02 -1.7664363e-03 1.4000000e-02
  vertex -3.6000000e-02 4.4087285e-18 1.4000000e-02
  vertex -4.0000000e-02 4.8985872e-18 5.0000000e-03
 endloop
endfacet
facet normal -9.135817e-01 -2.242717e-02 4.060363e-01
 outer loop
  vertex -3.9951818e-02 -1.9627070e-03 5.0000000e-03
  vertex -3.5956636e-02 -1.7664363e-03 1.4000000e-02
  vertex -4.0000000e-02 4.8985872e-18 5.0000000e-03
 endloop
endfacet
facet normal -9.113808e-01 -6.722749e-02 4.060363e-01
 outer loop
  vertex -3.5826650e-02 -3.5286171e-03 1.4000000e-02
  vertex -3.5956636e-02 -1.7664363e-03 1.4000000e-02
  vertex -3.9951818e-02 -1.9627070e-03 5.0000000e-03
 endloop
endfacet
facet normal -9.113808e-01 -6.722749e-02 4.060363e-01
 outer loop
  vertex -3.9807389e-02 -3.9206856e-03 5.0000000e-03
  vertex -3.5826650e-02 -3.5286171e-03 1.4000000e-02
  vertex -3.9951818e-02 -1.9627070e-03 5.0000000e-03
 endloop
endfacet
facet normal -9.069843e-01 -1.118658e-01 4.060363e-01
 outer loop
  vertex -3.5610354e-02 -5.2822971e-03 1.4000000e-02
  vertex -3.5826650e-02 -3.5286171e-03 1.4000000e-02
  vertex -3.9807389e-02 -3.9206856e-03 5.0000000e-03
 endloop
endfacet
facet normal -9.069843e-01 -1.118658e-01 4.060363e-01
 outer loop
  vertex -3.9567060e-02 -5.8692190e-03 5.0000000e-03
  vertex -3.5610354e-02 -5.2822971e-03 1.4000000e-02
  vertex -3.9807389e-02 -3.9206856e-03 5.0000000e-03
 endloop
endfacet
facet normal -9.004028e-01 -1.562347e-01 4.060363e-01
 outer loop
  vertex -3.5308270e-02 -7.0232516e-03 1.4000000e-02
  vertex -3.5610354e-02 -5.2822971e-03 1.4000000e-02
  vertex -3.9567060e-02 -5.8692190e-03 5.0000000e-03
 endloop
endfacet
facet normal -9.004028e-01 -1.562347e-01 4.060363e-01
 outer loop
  vertex -3.9231411e-02 -7.8036129e-03 5.0000000e-03
  vertex -3.5308270e-02 -7.0232516e-03 1.4000000e-02
  vertex -3.9567060e-02 -5.8692190e-03 5.0000000e-03
 endloop
endfacet
facet normal -8.916522e-01 -2.002272e-01 4.060363e-01
 outer loop
  vertex -3.4921125e-02 -8.7472865e-03 1.4000000e-02
  vertex -3.5308270e-02 -7.0232516e-03 1.4000000e-02
  vertex -3.9231411e-02 -7.8036129e-03 5.0000000e-03
 endloop
endfacet
facet normal -8.916522e-01 -2.002272e-01 4.060363e-01
 outer loop
  vertex -3.8801250e-02 -9.7192072e-03 5.0000000e-03
  vertex -3.4921125e-02 -8.7472865e-03 1.4000000e-02
  vertex -3.9231411e-02 -7.8036129e-03 5.0000000e-03
 endloop
endfacet
facet normal -8.807534e-01 -2.437373e-01 4.060363e-01
 outer loop
  vertex -3.4449852e-02 -1.0450248e-02 1.4000000e-02
  vertex -3.4921125e-02 -8.7472865e-03 1.4000000e-02
  vertex -3.8801250e-02 -9.7192072e-03 5.0000000e-03
 endloop
endfacet
facet normal -8.807534e-01 -2.437373e-01 4.060363e-01
 outer loop
  vertex -3.8277613e-02 -1.1611387e-02 5.0000000e-03
  vertex -3.4449852e-02 -1.0450248e-02 1.4000000e-02
  vertex -3.8801250e-02 -9.7192072e-03 5.0000000e-03
 endloop
endfacet
facet normal -8.677329e-01 -2.866602e-01 4.060363e-01
 outer loop
  vertex -3.3895586e-02 -1.2128035e-02 1.4000000e-02
  vertex -3.4449852e-02 -1.0450248e-02 1.4000000e-02
  vertex -3.8277613e-02 -1.1611387e-02 5.0000000e-03
 endloop
endfacet
facet normal -8.677329e-01 -2.866602e-01 4.060363e-01
 outer loop
  vertex -3.7661763e-02 -1.3475594e-02 5.0000000e-03
  vertex -3.3895586e-02 -1.2128035e-02 1.4000000e-02
  vertex -3.8277613e-02 -1.1611387e-02 5.0000000e-03
 endloop
endfacet
facet normal -8.526219e-01 -3.288926e-01 4.060363e-01
 outer loop
  vertex -3.3259663e-02 -1.3776604e-02 1.4000000e-02
  vertex -3.3895586e-02 -1.2128035e-02 1.4000000e-02
  vertex -3.7661763e-02 -1.3475594e-02 5.0000000e-03
 endloop
endfacet
facet normal -8.526219e-01 -3.288926e-01 4.060363e-01
 outer loop
  vertex -3.6955181e-02 -1.5307337e-02 5.0000000e-03
  vertex -3.3259663e-02 -1.3776604e-02 1.4000000e-02
  vertex -3.7661763e-02 -1.3475594e-02 5.0000000e-03
 endloop
endfacet
facet normal -8.354569e-01 -3.703326e-01 4.060363e-01
 outer loop
  vertex -3.2543615e-02 -1.5391983e-02 1.4000000e-02
  vertex -3.3259663e-02 -1.3776604e-02 1.4000000e-02
  vertex -3.6955181e-02 -1.5307337e-02 5.0000000e-03
 endloop
endfacet
facet normal -8.354569e-01 -3.703326e-01 4.060363e-01
 outer loop
  vertex -3.6159572e-02 -1.7102204e-02 5.0000000e-03
  vertex -3.2543615e-02 -1.5391983e-02 1.4000000e-02
  vertex -3.6955181e-02 -1.5307337e-02 5.0000000e-03
 endloop
endfacet
facet normal -8.162792e-01 -4.108804e-01 4.060363e-01
 outer loop
  vertex -3.1749166e-02 -1.6970283e-02 1.4000000e-02
  vertex -3.2543615e-02 -1.5391983e-02 1.4000000e-02
  vertex -3.6159572e-02 -1.7102204e-02 5.0000000e-03
 endloop
endfacet
facet normal -8.162792e-01 -4.108804e-01 4.060363e-01
 outer loop
  vertex -3.5276851e-02 -1.8855869e-02 5.0000000e-03
  vertex -3.1749166e-02 -1.6970283e-02 1.4000000e-02
  vertex -3.6159572e-02 -1.7102204e-02 5.0000000e-03
 endloop
endfacet
facet normal -7.951350e-01 -4.504384e-01 4.060363e-01
 outer loop
  vertex -3.0878230e-02 -1.8507699e-02 1.4000000e-02
  vertex -3.1749166e-02 -1.6970283e-02 1.4000000e-02
  vertex -3.5276851e-02 -1.8855869e-02 5.0000000e-03
 endloop
endfacet
facet normal -7.951350e-01 -4.504384e-01 4.060363e-01
 outer loop
  vertex -3.4309144e-02 -2.0564110e-02 5.0000000e-03
  vertex -3.0878230e-02 -1.8507699e-02 1.4000000e-02
  vertex -3.5276851e-02 -1.8855869e-02 5.0000000e-03
 endloop
endfacet
facet normal -7.720753e-01 -4.889113e-01 4.060363e-01
 outer loop
  vertex -2.9932906e-02 -2.0000528e-02 1.4000000e-02
  vertex -3.0878230e-02 -1.8507699e-02 1.4000000e-02
  vertex -3.4309144e-02 -2.0564110e-02 5.0000000e-03
 endloop
endfacet
facet normal -7.720753e-01 -4.889113e-01 4.060363e-01
 outer loop
  vertex -3.3258784e-02 -2.2222809e-02 5.0000000e-03
  vertex -2.9932906e-02 -2.0000528e-02 1.4000000e-02
  vertex -3.4309144e-02 -2.0564110e-02 5.0000000e-03
 endloop
endfacet
facet normal -7.471556e-01 -5.262063e-01 4.060363e-01
 outer loop
  vertex -2.8915471e-02 -2.1445175e-02 1.4000000e-02
  vertex -2.9932906e-02 -2.0000528e-02 1.4000000e-02
  vertex -3.3258784e-02 -2.2222809e-02 5.0000000e-03
 endloop
endfacet
facet normal -7.471556e-01 -5.262063e-01 4.060363e-01
 outer loop
  vertex -3.2128301e-02 -2.3827972e-02 5.0000000e-03
  vertex -2.8915471e-02 -2.1445175e-02 1.4000000e-02
  vertex -3.3258784e-02 -2.2222809e-02 5.0000000e-03
 endloop
endfacet
facet normal -7.204359e-01 -5.622337e-01 4.060363e-01
 outer loop
  vertex -2.7828376e-02 -2.2838158e-02 1.4000000e-02
  vertex -2.8915471e-02 -2.1445175e-02 1.4000000e-02
  vertex -3.2128301e-02 -2.3827972e-02 5.0000000e-03
 endloop
endfacet
facet normal -7.204359e-01 -5.622337e-01 4.060363e-01
 outer loop
  vertex -3.0920418e-02 -2.5375731e-02 5.0000000e-03
  vertex -2.7828376e-02 -2.2838158e-02 1.4000000e-02
  vertex -3.2128301e-02 -2.3827972e-02 5.0000000e-03
 endloop
endfacet
facet normal -6.919806e-01 -5.969065e-01 4.060363e-01
 outer loop
  vertex -2.6674241e-02 -2.4176122e-02 1.4000000e-02
  vertex -2.7828376e-02 -2.2838158e-02 1.4000000e-02
  vertex -3.0920418e-02 -2.5375731e-02 5.0000000e-03
 endloop
endfacet
facet normal -6.919806e-01 -5.969065e-01 4.060363e-01
 outer loop
  vertex -2.9638045e-02 -2.6862358e-02 5.0000000e-03
  vertex -2.6674241e-02 -2.4176122e-02 1.4000000e-02
  vertex -3.0920418e-02 -2.5375731e-02 5.0000000e-03
 endloop
endfacet
facet normal -6.618582e-01 -6.301414e-01 4.060363e-01
 outer loop
  vertex -2.5455844e-02 -2.5455844e-02 1.4000000e-02
  vertex -2.6674241e-02 -2.4176122e-02 1.4000000e-02
  vertex -2.9638045e-02 -2.6862358e-02 5.0000000e-03
 endloop
endfacet
facet normal -6.618582e-01 -6.301414e-01 4.060363e-01
 outer loop
  vertex -2.8284271e-02 -2.8284271e-02 5.0000000e-03
  vertex -2.5455844e-02 -2.5455844e-02 1.4000000e-02
  vertex -2.9638045e-02 -2.6862358e-02 5.0000000e-03
 endloop
endfacet
facet normal -6.301414e-01 -6.618582e-01 4.060363e-01
 outer loop
  vertex -2.4176122e-02 -2.6674241e-02 1.4000000e-02
  vertex -2.5455844e-02 -2.5455844e-02 1.4000000e-02
  vertex -2.8284271e-02 -2.8284271e-02 5.0000000e-03
 endloop
endfacet
facet normal -6.301414e-01 -6.618582e-01 4.060363e-01
 outer loop
  vertex -2.6862358e-02 -2.9638045e-02 5.0000000e-03
  vertex -2.4176122e-02 -2.6674241e-02 1.4000000e-02
  vertex -2.8284271e-02 -2.8284271e-02 5.0000000e-03
 endloop
endfacet
facet normal -5.969065e-01 -6.919806e-01 4.060363e-01
 outer loop
  vertex -2.2838158e-02 -2.7828376e-02 1.4000000e-02
  vertex -2.4176122e-02 -2.6674241e-02 1.4000000e-02
  vertex -2.6862358e-02 -2.9638045e-02 5.0000000e-03
 endloop
endfacet
facet normal -5.969065e-01 -6.919806e-01 4.060363e-01
 outer loop
  vertex -2.5375731e-02 -3.0920418e-02 5.0000000e-03
  vertex -2.2838158e-02 -2.7828376e-02 1.4000000e-02
  vertex -2.6862358e-02 -2.9638045e-02 5.0000000e-03
 endloop
endfacet
facet normal -5.622337e-01 -7.204359e-01 4.060363e-01
 outer loop
  vertex -2.1445175e-02 -2.8915471e-02 1.4000000e-02
  vertex -2.2838158e-02 -2.7828376e-02 1.4000000e-02
  vertex -2.5375731e-02 -3.0920418e-02 5.0000000e-03
 endloop
endfacet
facet normal -5.622337e-01 -7.204359e-01 4.060363e-01
 outer loop
  vertex -2.3827972e-02 -3.2128301e-02 5.0000000e-03
  vertex -2.1445175e-02 -2.8915471e-02 1.4000000e-02
  vertex -2.5375731e-02 -3.0920418e-02 5.0000000e-03
 endloop
endfacet
facet normal -5.262063e-01 -7.471556e-01 4.060363e-01
 outer loop
  vertex -2.0000528e-02 -2.9932906e-02 1.4000000e-02
  vertex -2.1445175e-02 -2.8915471e-02 1.4000000e-02
  vertex -2.3827972e-02 -3.2128301e-02 5.0000000e-03
 endloop
endfacet
facet normal -5.262063e-01 -7.471556e-01 4.060363e-01
 outer loop
  vertex -2.2222809e-02 -3.3258784e-02 5.0000000e-03
  vertex -2.0000528e-02 -2.9932906e-02 1.4000000e-02
  vertex -2.3827972e-02 -3.2128301e-02 5.0000000e-03
 endloop
endfacet
facet normal -4.889113e-01 -7.720753e-01 4.060363e-01
 outer loop
  vertex -1.8507699e-02 -3.0878230e-02 1.4000000e-02
  vertex -2.0000528e-02 -2.9932906e-02 1.4000000e-02
  vertex -2.2222809e-02 -3.3258784e-02 5.0000000e-03
 endloop
endfacet
facet normal -4.889113e-01 -7.720753e-01 4.060363e-01
 outer loop
  vertex -2.0564110e-02 -3.4309144e-02 5.0000000e-03
  vertex -1.8507699e-02 -3.0878230e-02 1.4000000e-02
  vertex -2.2222809e-02 -3.3258784e-02 5.0000000e-03
 endloop
endfacet
facet normal -4.504384e-01 -7.951350e-01 4.060363e-01
 outer loop
  vertex -1.6970283e-02 -3.1749166e-02 1.4000000e-02
  vertex -1.8507699e-02 -3.0878230e-02 1.4000000e-02
  vertex -2.0564110e-02 -3.4309144e-02 5.0000000e-03
 endloop
endfacet
facet normal -4.504384e-01 -7.951350e-01 4.060363e-01
 outer loop
  vertex -1.8855869e-02 -3.5276851e-02 5.0000000e-03
  vertex -1.6970283e-02 -3.1749166e-02 1.4000000e-02
  vertex -2.0564110e-02 -3.4309144e-02 5.0000000e-03
 endloop
endfacet
facet normal -4.108804e-01 -8.162792e-01 4.060363e-01
 outer loop
  vertex -1.5391983e-02 -3.2543615e-02 1.4000000e-02
  vertex -1.6970283e-02 -3.1749166e-02 1.4000000e-02
  vertex -1.8855869e-02 -3.5276851e-02 5.0000000e-03
 endloop
endfacet
facet normal -4.108804e-01 -8.162792e-01 4.060363e-01
 outer loop
  vertex -1.7102204e-02 -3.6159572e-02 5.0000000e-03
  vertex -1.5391983e-02 -3.2543615e-02 1.4000000e-02
  vertex -1.8855869e-02 -3.5276851e-02 5.0000000e-03
 endloop
endfacet
facet normal -3.703326e-01 -8.354569e-01 4.060363e-01
 outer loop
  vertex -1.3776604e-02 -3.3259663e-02 1.4000000e-02
  vertex -1.5391983e-02 -3.2543615e-02 1.4000000e-02
  vertex -1.7102204e-02 -3.6159572e-02 5.0000000e-03
 endloop
endfacet
facet normal -3.703326e-01 -8.354569e-01 4.060363e-01
 outer loop
  vertex -1.5307337e-02 -3.6955181e-02 5.0000000e-03
  vertex -1.3776604e-02 -3.3259663e-02 1.4000000e-02
  vertex -1.7102204e-02 -3.6159572e-02 5.0000000e-03
 endloop
endfacet
facet normal -3.288926e-01 -8.526219e-01 4.060363e-01
 outer loop
  vertex -1.2128035e-02 -3.3895586e-02 1.4000000e-02
  vertex -1.3776604e-02 -3.3259663e-02 1.4000000e-02
  vertex -1.5307337e-02 -3.6955181e-02 5.0000000e-03
 endloop
endfacet
facet normal -3.288926e-01 -8.526219e-01 4.060363e-01
 outer loop
  vertex -1.3475594e-02 -3.7661763e-02 5.0000000e-03
  vertex -1.2128035e-02 -3.3895586e-02 1.4000000e-02
  vertex -1.5307337e-02 -3.6955181e-02 5.0000000e-03
 endloop
endfacet
facet normal -2.866602e-01 -8.677329e-01 4.060363e-01
 outer loop
  vertex -1.0450248e-02 -3.4449852e-02 1.4000000e-02
  vertex -1.2128035e-02 -3.3895586e-02 1.4000000e-02
  vertex -1.3475594e-02 -3.7661763e-02 5.0000000e-03
 endloop
endfacet
facet normal -2.866602e-01 -8.677329e-01 4.060363e-01
 outer loop
  vertex -1.1611387e-02 -3.8277613e-02 5.0000000e-03
  vertex -1.0450248e-02 -3.4449852e-02 1.4000000e-02
  vertex -1.3475594e-02 -3.7661763e-02 5.0000000e-03
 endloop
endfacet
facet normal -2.437373e-01 -8.807534e-01 4.060363e-01
 outer loop
  vertex -8.7472865e-03 -3.4921125e-02 1.4000000e-02
  vertex -1.0450248e-02 -3.4449852e-02 1.4000000e-02
  vertex -1.1611387e-02 -3.8277613e-02 5.0000000e-03
 endloop
endfacet
facet normal -2.437373e-01 -8.807534e-01 4.060363e-01
 outer loop
  vertex -9.7192072e-03 -3.8801250e-02 5.0000000e-03
  vertex -8.7472865e-03 -3.4921125e-02 1.4000000e-02
  vertex -1.1611387e-02 -3.8277613e-02 5.0000000e-03
 endloop
endfacet
facet normal -2.002272e-01 -8.916522e-01 4.060363e-01
 outer loop
  vertex -7.0232516e-03 -3.5308270e-02 1.4000000e-02
  vertex -8.7472865e-03 -3.4921125e-02 1.4000000e-02
  vertex -9.7192072e-03 -3.8801250e-02 5.0000000e-03
 endloop
endfacet
facet normal -2.002272e-01 -8.916522e-01 4.060363e-01
 outer loop
  vertex -7.8036129e-03 -3.9231411e-02 5.0000000e-03
  vertex -7.0232516e-03 -3.5308270e-02 1.4000000e-02
  vertex -9.7192072e-03 -3.8801250e-02 5.0000000e-03
 endloop
endfacet
facet normal -1.562347e-01 -9.004028e-01 4.060363e-01
 outer loop
  vertex -5.2822971e-03 -3.5610354e-02 1.4000000e-02
  vertex -7.0232516e-03 -3.5308270e-02 1.4000000e-02
  vertex -7.8036129e-03 -3.9231411e-02 5.0000000e-03
 endloop
endfacet
facet normal -1.562347e-01 -9.004028e-01 4.060363e-01
 outer loop
  vertex -5.8692190e-03 -3.9567060e-02 5.0000000e-03
  vertex -5.2822971e-03 -3.5610354e-02 1.4000000e-02
  vertex -7.8036129e-03 -3.9231411e-02 5.0000000e-03
 endloop
endfacet
facet normal -1.118658e-01 -9.069843e-01 4.060363e-01
 outer loop
  vertex -3.5286171e-03 -3.5826650e-02 1.4000000e-02
  vertex -5.2822971e-03 -3.5610354e-02 1.4000000e-02
  vertex -5.8692190e-03 -3.9567060e-02 5.0000000e-03
 endloop
endfacet
facet normal -1.118658e-01 -9.069843e-01 4.060363e-01
 outer loop
  vertex -3.9206856e-03 -3.9807389e-02 5.0000000e-03
  vertex -3.5286171e-03 -3.5826650e-02 1.4000000e-02
  vertex -5.8692190e-03 -3.9567060e-02 5.0000000e-03
 endloop
endfacet
facet normal -6.722749e-02 -9.113808e-01 4.060363e-01
 outer loop
  vertex -1.7664363e-03 -3.5956636e-02 1.4000000e-02
  vertex -3.5286171e-03 -3.5826650e-02 1.4000000e-02
  vertex -3.9206856e-03 -3.9807389e-02 5.0000000e-03
 endloop
endfacet
facet normal -6.722749e-02 -9.113808e-01 4.060363e-01
 outer loop
  vertex -1.9627070e-03 -3.9951818e-02 5.0000000e-03
  vertex -1.7664363e-03 -3.5956636e-02 1.4000000e-02
  vertex -3.9206856e-03 -3.9807389e-02 5.0000000e-03
 endloop
endfacet
facet normal -2.242717e-02 -9.135817e-01 4.060363e-01
 outer loop
  vertex -6.6130927e-18 -3.6000000e-02 1.4000000e-02
  vertex -1.7664363e-03 -3.5956636e-02 1.4000000e-02
  vertex -1.9627070e-03 -3.9951818e-02 5.0000000e-03
 endloop
endfacet
facet normal -2.242717e-02 -9.135817e-01 4.060363e-01
 outer loop
  vertex -7.3478808e-18 -4.0000000e-02 5.0000000e-03
  vertex -6.6130927e-18 -3.6000000e-02 1.4000000e-02
  vertex -1.9627070e-03 -3.9951818e-02 5.0000000e-03
 endloop
endfacet
facet normal 2.242717e-02 -9.135817e-01 4.060363e-01
 outer loop
  vertex 1.7664363e-03 -3.5956636e-02 1.4000000e-02
  vertex -6.6130927e-18 -3.6000000e-02 1.4000000e-02
  vertex -7.3478808e-18 -4.0000000e-02 5.0000000e-03
 endloop
endfacet
facet normal 2.242717e-02 -9.135817e-01 4.060363e-01
 outer loop
  vertex 1.9627070e-03 -3.9951818e-02 5.0000000e-03
  vertex 1.7664363e-03 -3.5956636e-02 1.4000000e-02
  vertex -7.3478808e-18 -4.0000000e-02 5.0000000e-03
 endloop
endfacet
facet normal 6.722749e-02 -9.113808e-01 4.060363e-01
 outer loop
  vertex 3.5286171e-03 -3.5826650e-02 1.4000000e-02
  vertex 1.7664363e-03 -3.5956636e-02 1.4000000e-02
  vertex 1.9627070e-03 -3.9951818e-02 5.0000000e-03
 endloop
endfacet
facet normal 6.722749e-02 -9.113808e-01 4.060363e-01
 outer loop
  vertex 3.9206856e-03 -3.9807389e-02 5.0000000e-03
  vertex 3.5286171e-03 -3.5826650e-02 1.4000000e-02
  vertex 1.9627070e-03 -3.9951818e-02 5.0000000e-03
 endloop
endfacet
facet normal 1.118658e-01 -9.069843e-01 4.060363e-01
 outer loop
  vertex 5.2822971e-03 -3.5610354e-02 1.4000000e-02
  vertex 3.5286171e-03 -3.5826650e-02 1.4000000e-02
  vertex 3.9206856e-03 -3.9807389e-02 5.0000000e-03
 endloop
endfacet
facet normal 1.118658e-01 -9.069843e-01 4.060363e-01
 outer loop
  vertex 5.8692190e-03 -3.9567060e-02 5.0000000e-03
  vertex 5.2822971e-03 -3.5610354e-02 1.4000000e-02
  vertex 3.9206856e-03 -3.9807389e-02 5.0000000e-03
 endloop
endfacet
facet normal 1.562347e-01 -9.004028e-01 4.060363e-01
 outer loop
  vertex 7.0232516e-03 -3.5308270e-02 1.4000000e-02
  vertex 5.2822971e-03 -3.5610354e-02 1.4000000e-02
  vertex 5.8692190e-03 -3.9567060e-02 5.0000000e-03
 endloop
endfacet
facet normal 1.562347e-01 -9.004028e-01 4.060363e-01
 outer loop
  vertex 7.8036129e-03 -3.9231411e-02 5.0000000e-03
  vertex 7.0232516e-03 -3.5308270e-02 1.4000000e-02
  vertex 5.8692190e-03 -3.9567060e-02 5.0000000e-03
 endloop
endfacet
facet normal 2.002272e-01 -8.916522e-01 4.060363e-01
 outer loop
  vertex 8.7472865e-03 -3.4921125e-02 1.4000000e-02
  vertex 7.0232516e-03 -3.5308270e-02 1.4000000e-02
  vertex 7.8036129e-03 -3.9231411e-02 5.0000000e-03
 endloop
endfacet
facet normal 2.002272e-01 -8.916522e-01 4.060363e-01
 outer loop
  vertex 9.7192072e-03 -3.8801250e-02 5.0000000e-03
  vertex 8.7472865e-03 -3.4921125e-02 1.4000000e-02
  vertex 7.8036129e-03 -3.9231411e-02 5.0000000e-03
 endloop
endfacet
facet normal 2.437373e-01 -8.807534e-01 4.060363e-01
 outer loop
  vertex 1.0450248e-02 -3.4449852e-02 1.4000000e-02
  vertex 8.7472865e-03 -3.4921125e-02 1.4000000e-02
  vertex 9.7192072e-03 -3.8801250e-02 5.0000000e-03
 endloop
endfacet
facet normal 2.437373e-01 -8.807534e-01 4.060363e-01
 outer loop
  vertex 1.1611387e-02 -3.8277613e-02 5.0000000e-03
  vertex 1.0450248e-02 -3.4449852e-02 1.4000000e-02
  vertex 9.7192072e-03 -3.8801250e-02 5.0000000e-03
 endloop
endfacet
facet normal 2.866602e-01 -8.677329e-01 4.060363e-01
 outer loop
  vertex 1.2128035e-02 -3.3895586e-02 1.4000000e-02
  vertex 1.0450248e-02 -3.4449852e-02 1.4000000e-02
  vertex 1.1611387e-02 -3.8277613e-02 5.0000000e-03
 endloop
endfacet
facet normal 2.866602e-01 -8.677329e-01 4.060363e-01
 outer loop
  vertex 1.3475594e-02 -3.7661763e-02 5.0000000e-03
  vertex 1.2128035e-02 -3.3895586e-02 1.4000000e-02
  vertex 1.1611387e-02 -3.8277613e-02 5.0000000e-03
 endloop
endfacet
facet normal 3.288926e-01 -8.526219e-01 4.060363e-01
 outer loop
  vertex 1.3776604e-02 -3.3259663e-02 1.4000000e-02
  vertex 1.2128035e-02 -3.3895586e-02 1.4000000e-02
  vertex 1.3475594e-02 -3.7661763e-02 5.0000000e-03
 endloop
endfacet
facet normal 3.288926e-01 -8.526219e-01 4.060363e-01
 outer loop
  vertex 1.5307337e-02 -3.6955181e-02 5.0000000e-03
  vertex 1.3776604e-02 -3.3259663e-02 1.4000000e-02
  vertex 1.3475594e-02 -3.7661763e-02 5.0000000e-03
 endloop
endfacet
facet normal 3.703326e-01 -8.354569e-01 4.060363e-01
 outer loop
  vertex 1.5391983e-02 -3.2543615e-02 1.4000000e-02
  vertex 1.3776604e-02 -3.3259663e-02 1.4000000e-02
  vertex 1.5307337e-02 -3.6955181e-02 5.0000000e-03
 endloop
endfacet
facet normal 3.703326e-01 -8.354569e-01 4.060363e-01
 outer loop
  vertex 1.7102204e-02 -3.6159572e-02 5.0000000e-03
  vertex 1.5391983e-02 -3.2543615e-02 1.4000000e-02
  vertex 1.5307337e-02 -3.6955181e-02 5.0000000e-03
 endloop
endfacet
facet normal 4.108804e-01 -8.162792e-01 4.060363e-01
 outer loop
  vertex 1.6970283e-02 -3.1749166e-02 1.4000000e-02
  vertex 1.5391983e-02 -3.2543615e-02 1.4000000e-02
  vertex 1.7102204e-02 -3.6159572e-02 5.0000000e-03
 endloop
endfacet
facet normal 4.108804e-01 -8.162792e-01 4.060363e-01
 outer loop
  vertex 1.8855869e-02 -3.5276851e-02 5.0000000e-03
  vertex 1.6970283e-02 -3.1749166e-02 1.4000000e-02
  vertex 1.7102204e-02 -3.6159572e-02 5.0000000e-03
 endloop
endfacet
facet normal 4.504384e-01 -7.951350e-01 4.060363e-01
 outer loop
  vertex 1.8507699e-02 -3.0878230e-02 1.4000000e-02
  vertex 1.6970283e-02 -3.1749166e-02 1.4000000e-02
  vertex 1.8855869e-02 -3.5276851e-02 5.0000000e-03
 endloop
endfacet
facet normal 4.504384e-01 -7.951350e-01 4.060363e-01
 outer loop
  vertex 2.0564110e-02 -3.4309144e-02 5.0000000e-03
  vertex 1.8507699e-02 -3.0878230e-02 1.4000000e-02
  vertex 1.8855869e-02 -3.5276851e-02 5.0000000e-03
 endloop
endfacet
facet normal 4.889113e-01 -7.720753e-01 4.060363e-01
 outer loop
  vertex 2.0000528e-02 -2.9932906e-02 1.4000000e-02
  vertex 1.8507699e-02 -3.0878230e-02 1.4000000e-02
  vertex 2.0564110e-02 -3.4309144e-02 5.0000000e-03
 endloop
endfacet
facet normal 4.889113e-01 -7.720753e-01 4.060363e-01
 outer loop
  vertex 2.2222809e-02 -3.3258784e-02 5.0000000e-03
  vertex 2.0000528e-02 -2.9932906e-02 1.4000000e-02
  vertex 2.0564110e-02 -3.4309144e-02 5.0000000e-03
 endloop
endfacet
facet normal 5.262063e-01 -7.471556e-01 4.060363e-01
 outer loop
  vertex 2.1445175e-02 -2.8915471e-02 1.4000000e-02
  vertex 2.0000528e-02 -2.9932906e-02 1.4000000e-02
  vertex 2.2222809e-02 -3.3258784e-02 5.0000000e-03
 endloop
endfacet
facet normal 5.262063e-01 -7.471556e-01 4.060363e-01
 outer loop
  vertex 2.3827972e-02 -3.2128301e-02 5.0000000e-03
  vertex 2.1445175e-02 -2.8915471e-02 1.4000000e-02
  vertex 2.2222809e-02 -3.3258784e-02 5.0000000e-03
 endloop
endfacet
facet normal 5.622337e-01 -7.204359e-01 4.060363e-01
 outer loop
  vertex 2.2838158e-02 -2.7828376e-02 1.4000000e-02
  vertex 2.1445175e-02 -2.8915471e-02 1.4000000e-02
  vertex 2.3827972e-02 -3.2128301e-02 5.0000000e-03
 endloop
endfacet
facet normal 5.622337e-01 -7.204359e-01 4.060363e-01
 outer loop
  vertex 2.5375731e-02 -3.0920418e-02 5.0000000e-03
  vertex 2.2838158e-02 -2.7828376e-02 1.4000000e-02
  vertex 2.3827972e-02 -3.2128301e-02 5.0000000e-03
 endloop
endfacet
facet normal 5.969065e-01 -6.919806e-01 4.060363e-01
 outer loop
  vertex 2.4176122e-02 -2.6674241e-02 1.4000000e-02
  vertex 2.2838158e-02 -2.7828376e-02 1.4000000e-02
  vertex 2.5375731e-02 -3.0920418e-02 5.0000000e-03
 endloop
endfacet
facet normal 5.969065e-01 -6.919806e-01 4.060363e-01
 outer loop
  vertex 2.6862358e-02 -2.9638045e-02 5.0000000e-03
  vertex 2.4176122e-02 -2.6674241e-02 1.4000000e-02
  vertex 2.5375731e-02 -3.0920418e-02 5.0000000e-03
 endloop
endfacet
facet normal 6.301414e-01 -6.618582e-01 4.060363e-01
 outer loop
  vertex 2.5455844e-02 -2.5455844e-02 1.4000000e-02
  vertex 2.4176122e-02 -2.6674241e-02 1.4000000e-02
  vertex 2.6862358e-02 -2.9638045e-02 5.0000000e-03
 endloop
endfacet
facet normal 6.301414e-01 -6.618582e-01 4.060363e-01
 outer loop
  vertex 2.8284271e-02 -2.8284271e-02 5.0000000e-03
  vertex 2.5455844e-02 -2.5455844e-02 1.4000000e-02
  vertex 2.6862358e-02 -2.9638045e-02 5.0000000e-03
 endloop
endfacet
facet normal 6.618582e-01 -6.301414e-01 4.060363e-01
 outer loop
  vertex 2.6674241e-02 -2.4176122e-02 1.4000000e-02
  vertex 2.5455844e-02 -2.5455844e-02 1.4000000e-02
  vertex 2.8284271e-02 -2.8284271e-02 5.0000000e-03
 endloop
endfacet
facet normal 6.618582e-01 -6.301414e-01 4.060363e-01
 outer loop
  vertex 2.9638045e-02 -2.6862358e-02 5.0000000e-03
  vertex 2.6674241e-02 -2.4176122e-02 1.4000000e-02
  vertex 2.8284271e-02 -2.8284271e-02 5.0000000e-03
 endloop
endfacet
facet normal 6.919806e-01 -5.969065e-01 4.060363e-01
 outer loop
  vertex 2.7828376e-02 -2.2838158e-02 1.4000000e-02
  vertex 2.6674241e-02 -2.4176122e-02 1.4000000e-02
  vertex 2.9638045e-02 -2.6862358e-02 5.0000000e-03
 endloop
endfacet
facet normal 6.919806e-01 -5.969065e-01 4.060363e-01
 outer loop
  vertex 3.0920418e-02 -2.5375731e-02 5.0000000e-03
  vertex 2.7828376e-02 -2.2838158e-02 1.4000000e-02
  vertex 2.9638045e-02 -2.6862358e-02 5.0000000e-03
 endloop
endfacet
facet normal 7.204359e-01 -5.622337e-01 4.060363e-01
 outer loop
  vertex 2.8915471e-02 -2.1445175e-02 1.4000000e-02
  vertex 2.7828376e-02 -2.2838158e-02 1.4000000e-02
  vertex 3.0920418e-02 -2.5375731e-02 5.0000000e-03
 endloop
endfacet
facet normal 7.204359e-01 -5.622337e-01 4.060363e-01
 outer loop
  vertex 3.2128301e-02 -2.3827972e-02 5.0000000e-03
  vertex 2.8915471e-02 -2.1445175e-02 1.4000000e-02
  vertex 3.0920418e-02 -2.5375731e-02 5.0000000e-03
 endloop
endfacet
facet normal 7.471556e-01 -5.262063e-01 4.060363e-01
 outer loop
  vertex 2.9932906e-02 -2.0000528e-02 1.4000000e-02
  vertex 2.8915471e-02 -2.1445175e-02 1.4000000e-02
  vertex 3.2128301e-02 -2.3827972e-02 5.0000000e-03
 endloop
endfacet
facet normal 7.471556e-01 -5.262063e-01 4.060363e-01
 outer loop
  vertex 3.3258784e-02 -2.2222809e-02 5.0000000e-03
  vertex 2.9932906e-02 -2.0000528e-02 1.4000000e-02
  vertex 3.2128301e-02 -2.3827972e-02 5.0000000e-03
 endloop
endfacet
facet normal 7.720753e-01 -4.889113e-01 4.060363e-01
 outer loop
  vertex 3.0878230e-02 -1.8507699e-02 1.4000000e-02
  vertex 2.9932906e-02 -2.0000528e-02 1.4000000e-02
  vertex 3.3258784e-02 -2.2222809e-02 5.0000000e-03
 endloop
endfacet
facet normal 7.720753e-01 -4.889113e-01 4.060363e-01
 outer loop
  vertex 3.4309144e-02 -2.0564110e-02 5.0000000e-03
  vertex 3.0878230e-02 -1.8507699e-02 1.4000000e-02
  vertex 3.3258784e-02 -2.2222809e-02 5.0000000e-03
 endloop
endfacet
facet normal 7.951350e-01 -4.504384e-01 4.060363e-01
 outer loop
  vertex 3.1749166e-02 -1.6970283e-02 1.4000000e-02
  vertex 3.0878230e-02 -1.8507699e-02 1.4000000e-02
  vertex 3.4309144e-02 -2.0564110e-02 5.0000000e-03
 endloop
endfacet
facet normal 7.951350e-01 -4.504384e-01 4.060363e-01
 outer loop
  vertex 3.5276851e-02 -1.8855869e-02 5.0000000e-03
  vertex 3.1749166e-02 -1.6970283e-02 1.4000000e-02
  vertex 3.4309144e-02 -2.0564110e-02 5.0000000e-03
 endloop
endfacet
facet normal 8.162792e-01 -4.108804e-01 4.060363e-01
 outer loop
  vertex 3.2543615e-02 -1.5391983e-02 1.4000000e-02
  vertex 3.1749166e-02 -1.6970283e-02 1.4000000e-02
  vertex 3.5276851e-02 -1.8855869e-02 5.0000000e-03
 endloop
endfacet
facet normal 8.162792e-01 -4.108804e-01 4.060363e-01
 outer loop
  vertex 3.6159572e-02 -1.7102204e-02 5.0000000e-03
  vertex 3.2543615e-02 -1.5391983e-02 1.4000000e-02
  vertex 3.5276851e-02 -1.8855869e-02 5.0000000e-03
 endloop
endfacet
facet normal 8.354569e-01 -3.703326e-01 4.060363e-01
 outer loop
  vertex 3.3259663e-02 -1.3776604e-02 1.4000000e-02
  vertex 3.2543615e-02 -1.5391983e-02 1.4000000e-02
  vertex 3.6159572e-02 -1.7102204e-02 5.0000000e-03
 endloop
endfacet
facet normal 8.354569e-01 -3.703326e-01 4.060363e-01
 outer loop
  vertex 3.6955181e-02 -1.5307337e-02 5.0000000e-03
  vertex 3.3259663e-02 -1.3776604e-02 1.4000000e-02
  vertex 3.6159572e-02 -1.7102204e-02 5.0000000e-03
 endloop
endfacet
facet normal 8.526219e-01 -3.288926e-01 4.060363e-01
 outer loop
  vertex 3.3895586e-02 -1.2128035e-02 1.4000000e-02
  vertex 3.3259663e-02 -1.3776604e-02 1.4000000e-02
  vertex 3.6955181e-02 -1.5307337e-02 5.0000000e-03
 endloop
endfacet
facet normal 8.526219e-01 -3.288926e-01 4.060363e-01
 outer loop
  vertex 3.7661763e-02 -1.3475594e-02 5.0000000e-03
  vertex 3.3895586e-02 -1.2128035e-02 1.4000000e-02
  vertex 3.6955181e-02 -1.5307337e-02 5.0000000e-03
 endloop
endfacet
facet normal 8.677329e-01 -2.866602e-01 4.060363e-01
 outer loop
  vertex 3.4449852e-02 -1.0450248e-02 1.4000000e-02
  vertex 3.3895586e-02 -1.2128035e-02 1.4000000e-02
  vertex 3.7661763e-02 -1.3475594e-02 5.0000000e-03
 endloop
endfacet
facet normal 8.677329e-01 -2.866602e-01 4.060363e-01
 outer loop
  vertex 3.8277613e-02 -1.1611387e-02 5.0000000e-03
  vertex 3.4449852e-02 -1.0450248e-02 1.4000000e-02
  vertex 3.7661763e-02 -1.3475594e-02 5.0000000e-03
 endloop
endfacet
facet normal 8.807534e-01 -2.437373e-01 4.060363e-01
 outer loop
  vertex 3.4921125e-02 -8.7472865e-03 1.4000000e-02
  vertex 3.4449852e-02 -1.0450248e-02 1.4000000e-02
  vertex 3.8277613e-02 -1.1611387e-02 5.0000000e-03
 endloop
endfacet
facet normal 8.807534e-01 -2.437373e-01 4.060363e-01
 outer loop
  vertex 3.8801250e-02 -9.7192072e-03 5.0000000e-03
  vertex 3.4921125e-02 -8.7472865e-03 1.4000000e-02
  vertex 3.8277613e-02 -1.1611387e-02 5.0000000e-03
 endloop
endfacet
facet normal 8.916522e-01 -2.002272e-01 4.060363e-01
 outer loop
  vertex 3.5308270e-02 -7.0232516e-03 1.4000000e-02
  vertex 3.4921125e-02 -8.7472865e-03 1.4000000e-02
  vertex 3.8801250e-02 -9.7192072e-03 5.0000000e-03
 endloop
endfacet
facet normal 8.916522e-01 -2.002272e-01 4.060363e-01
 outer loop
  vertex 3.9231411e-02 -7.8036129e-03 5.0000000e-03
  vertex 3.5308270e-02 -7.0232516e-03 1.4000000e-02
  vertex 3.8801250e-02 -9.7192072e-03 5.0000000e-03
 endloop
endfacet
facet normal 9.004028e-01 -1.562347e-01 4.060363e-01
 outer loop
  vertex 3.5610354e-02 -5.2822971e-03 1.4000000e-02
  vertex 3.5308270e-02 -7.0232516e-03 1.4000000e-02
  vertex 3.9231411e-02 -7.8036129e-03 5.0000000e-03
 endloop
endfacet
facet normal 9.004028e-01 -1.562347e-01 4.060363e-01
 outer loop
  vertex 3.9567060e-02 -5.8692190e-03 5.0000000e-03
  vertex 3.5610354e-02 -5.2822971e-03 1.4000000e-02
  vertex 3.9231411e-02 -7.8036129e-03 5.0000000e-03
 endloop
endfacet
facet normal 9.069843e-01 -1.118658e-01 4.060363e-01
 outer loop
  vertex 3.5826650e-02 -3.5286171e-03 1.4000000e-02
  vertex 3.5610354e-02 -5.2822971e-03 1.4000000e-02
  vertex 3.9567060e-02 -5.8692190e-03 5.0000000e-03
 endloop
endfacet
facet normal 9.069843e-01 -1.118658e-01 4.060363e-01
 outer loop
  vertex 3.9807389e-02 -3.9206856e-03 5.0000000e-03
  vertex 3.5826650e-02 -3.5286171e-03 1.4000000e-02
  vertex 3.9567060e-02 -5.8692190e-03 5.0000000e-03
 endloop
endfacet
facet normal 9.113808e-01 -6.722749e-02 4.060363e-01
 outer loop
  vertex 3.5956636e-02 -1.7664363e-03 1.4000000e-02
  vertex 3.5826650e-02 -3.5286171e-03 1.4000000e-02
  vertex 3.9807389e-02 -3.9206856e-03 5.0000000e-03
 endloop
endfacet
facet normal 9.113808e-01 -6.722749e-02 4.060363e-01
 outer loop
  vertex 3.9951818e-02 -1.9627070e-03 5.0000000e-03
  vertex 3.5956636e-02 -1.7664363e-03 1.4000000e-02
  vertex 3.9807389e-02 -3.9206856e-03 5.0000000e-03
 endloop
endfacet
facet normal 9.135817e-01 -2.242717e-02 4.060363e-01
 outer loop
  vertex 3.6000000e-02 0.0000000e+00 1.4000000e-02
  vertex 3.5956636e-02 -1.7664363e-03 1.4000000e-02
  vertex 3.9951818e-02 -1.9627070e-03 5.0000000e-03
 endloop
endfacet
facet normal 9.135817e-01 -2.242717e-02 4.060363e-01
 outer loop
  vertex 4.0000000e-02 0.0000000e+00 5.0000000e-03
  vertex 3.6000000e-02 0.0000000e+00 1.4000000e-02
  vertex 3.9951818e-02 -1.9627070e-03 5.0000000e-03
 endloop
endfacet
facet normal 9.996988e-01 2.454123e-02 0.000000e+00
 outer loop
  vertex 3.5956636e-02 1.7664363e-03 7.2000000e-02
  vertex 3.6000000e-02 0.0000000e+00 7.2000000e-02
  vertex 3.6000000e-02 0.0000000e+00 1.4000000e-02
 endloop
endfacet
facet normal 9.996988e-01 2.454123e-02 -0.000000e+00
 outer loop
  vertex 3.5956636e-02 1.7664363e-03 1.4000000e-02
  vertex 3.5956636e-02 1.7664363e-03 7.2000000e-02
  vertex 3.6000000e-02 0.0000000e+00 1.4000000e-02
 endloop
endfacet
facet normal 9.972905e-01 7.356456e-02 0.000000e+00
 outer loop
  vertex 3.5826650e-02 3.5286171e-03 7.2000000e-02
  vertex 3.5956636e-02 1.7664363e-03 7.2000000e-02
  vertex 3.5956636e-02 1.7664363e-03 1.4000000e-02
 endloop
endfacet
facet normal 9.972905e-01 7.356456e-02 -0.000000e+00
 outer loop
  vertex 3.5826650e-02 3.5286171e-03 1.4000000e-02
  vertex 3.5826650e-02 3.5286171e-03 7.2000000e-02
  vertex 3.5956636e-02 1.7664363e-03 1.4000000e-02
 endloop
endfacet
facet normal 9.924795e-01 1.224107e-01 0.000000e+00
 outer loop
  vertex 3.5610354e-02 5.2822971e-03 7.2000000e-02
  vertex 3.5826650e-02 3.5286171e-03 7.2000000e-02
  vertex 3.5826650e-02 3.5286171e-03 1.4000000e-02
 endloop
endfacet
facet normal 9.924795e-01 1.224107e-01 -0.000000e+00
 outer loop
  vertex 3.5610354e-02 5.2822971e-03 1.4000000e-02
  vertex 3.5610354e-02 5.2822971e-03 7.2000000e-02
  vertex 3.5826650e-02 3.5286171e-03 1.4000000e-02
 endloop
endfacet
facet normal 9.852776e-01 1.709619e-01 0.000000e+00
 outer loop
  vertex 3.5308270e-02 7.0232516e-03 7.2000000e-02
  vertex 3.5610354e-02 5.2822971e-03 7.2000000e-02
  vertex 3.5610354e-02 5.2822971e-03 1.4000000e-02
 endloop
endfacet
facet normal 9.852776e-01 1.709619e-01 -0.000000e+00
 outer loop
  vertex 3.5308270e-02 7.0232516e-03 1.4000000e-02
  vertex 3.5308270e-02 7.0232516e-03 7.2000000e-02
  vertex 3.5610354e-02 5.2822971e-03 1.4000000e-02
 endloop
endfacet
facet normal 9.757021e-01 2.191012e-01 0.000000e+00
 outer loop
  vertex 3.4921125e-02 8.7472865e-03 7.2000000e-02
  vertex 3.5308270e-02 7.0232516e-03 7.2000000e-02
  vertex 3.5308270e-02 7.0232516e-03 1.4000000e-02
 endloop
endfacet
facet normal 9.757021e-01 2.191012e-01 -0.000000e+00
 outer loop
  vertex 3.4921125e-02 8.7472865e-03 1.4000000e-02
  vertex 3.4921125e-02 8.7472865e-03 7.2000000e-02
  vertex 3.5308270e-02 7.0232516e-03 1.4000000e-02
 endloop
endfacet
facet normal 9.637761e-01 2.667128e-01 0.000000e+00
 outer loop
  vertex 3.4449852e-02 1.0450248e-02 7.2000000e-02
  vertex 3.4921125e-02 8.7472865e-03 7.2000000e-02
  vertex 3.4921125e-02 8.7472865e-03 1.4000000e-02
 endloop
endfacet
facet normal 9.637761e-01 2.667128e-01 -0.000000e+00
 outer loop
  vertex 3.4449852e-02 1.0450248e-02 1.4000000e-02
  vertex 3.4449852e-02 1.0450248e-02 7.2000000e-02
  vertex 3.4921125e-02 8.7472865e-03 1.4000000e-02
 endloop
endfacet
facet normal 9.495282e-01 3.136817e-01 0.000000e+00
 outer loop
  vertex 3.3895586e-02 1.2128035e-02 7.2000000e-02
  vertex 3.4449852e-02 1.0450248e-02 7.2000000e-02
  vertex 3.4449852e-02 1.0450248e-02 1.4000000e-02
 endloop
endfacet
facet normal 9.495282e-01 3.136817e-01 -0.000000e+00
 outer loop
  vertex 3.3895586e-02 1.2128035e-02 1.4000000e-02
  vertex 3.3895586e-02 1.2128035e-02 7.2000000e-02
  vertex 3.4449852e-02 1.0450248e-02 1.4000000e-02
 endloop
endfacet
facet normal 9.329928e-01 3.598950e-01 0.000000e+00
 outer loop
  vertex 3.3259663e-02 1.3776604e-02 7.2000000e-02
  vertex 3.3895586e-02 1.2128035e-02 7.2000000e-02
  vertex 3.3895586e-02 1.2128035e-02 1.4000000e-02
 endloop
endfacet
facet normal 9.329928e-01 3.598950e-01 -0.000000e+00
 outer loop
  vertex 3.3259663e-02 1.3776604e-02 1.4000000e-02
  vertex 3.3259663e-02 1.3776604e-02 7.2000000e-02
  vertex 3.3895586e-02 1.2128035e-02 1.4000000e-02
 endloop
endfacet
facet normal 9.142098e-01 4.052413e-01 0.000000e+00
 outer loop
  vertex 3.2543615e-02 1.5391983e-02 7.2000000e-02
  vertex 3.3259663e-02 1.3776604e-02 7.2000000e-02
  vertex 3.3259663e-02 1.3776604e-02 1.4000000e-02
 endloop
endfacet
facet normal 9.142098e-01 4.052413e-01 -0.000000e+00
 outer loop
  vertex 3.2543615e-02 1.5391983e-02 1.4000000e-02
  vertex 3.2543615e-02 1.5391983e-02 7.2000000e-02
  vertex 3.3259663e-02 1.3776604e-02 1.4000000e-02
 endloop
endfacet
facet normal 8.932243e-01 4.496113e-01 0.000000e+00
 outer loop
  vertex 3.1749166e-02 1.6970283e-02 7.2000000e-02
  vertex 3.2543615e-02 1.5391983e-02 7.2000000e-02
  vertex 3.2543615e-02 1.5391983e-02 1.4000000e-02
 endloop
endfacet
facet normal 8.932243e-01 4.496113e-01 -0.000000e+00
 outer loop
  vertex 3.1749166e-02 1.6970283e-02 1.4000000e-02
  vertex 3.1749166e-02 1.6970283e-02 7.2000000e-02
  vertex 3.2543615e-02 1.5391983e-02 1.4000000e-02
 endloop
endfacet
facet normal 8.700870e-01 4.928982e-01 0.000000e+00
 outer loop
  vertex 3.0878230e-02 1.8507699e-02 7.2000000e-02
  vertex 3.1749166e-02 1.6970283e-02 7.2000000e-02
  vertex 3.1749166e-02 1.6970283e-02 1.4000000e-02
 endloop
endfacet
facet normal 8.700870e-01 4.928982e-01 -0.000000e+00
 outer loop
  vertex 3.0878230e-02 1.8507699e-02 1.4000000e-02
  vertex 3.0878230e-02 1.8507699e-02 7.2000000e-02
  vertex 3.1749166e-02 1.6970283e-02 1.4000000e-02
 endloop
endfacet
facet normal 8.448536e-01 5.349976e-01 0.000000e+00
 outer loop
  vertex 2.9932906e-02 2.0000528e-02 7.2000000e-02
  vertex 3.0878230e-02 1.8507699e-02 7.2000000e-02
  vertex 3.0878230e-02 1.8507699e-02 1.4000000e-02
 endloop
endfacet
facet normal 8.448536e-01 5.349976e-01 -0.000000e+00
 outer loop
  vertex 2.9932906e-02 2.0000528e-02 1.4000000e-02
  vertex 2.9932906e-02 2.0000528e-02 7.2000000e-02
  vertex 3.0878230e-02 1.8507699e-02 1.4000000e-02
 endloop
endfacet
facet normal 8.175848e-01 5.758082e-01 0.000000e+00
 outer loop
  vertex 2.8915471e-02 2.1445175e-02 7.2000000e-02
  vertex 2.9932906e-02 2.0000528e-02 7.2000000e-02
  vertex 2.9932906e-02 2.0000528e-02 1.4000000e-02
 endloop
endfacet
facet normal 8.175848e-01 5.758082e-01 -0.000000e+00
 outer loop
  vertex 2.8915471e-02 2.1445175e-02 1.4000000e-02
  vertex 2.8915471e-02 2.1445175e-02 7.2000000e-02
  vertex 2.9932906e-02 2.0000528e-02 1.4000000e-02
 endloop
endfacet
facet normal 7.883464e-01 6.152316e-01 0.000000e+00
 outer loop
  vertex 2.7828376e-02 2.2838158e-02 7.2000000e-02
  vertex 2.8915471e-02 2.1445175e-02 7.2000000e-02
  vertex 2.8915471e-02 2.1445175e-02 1.4000000e-02
 endloop
endfacet
facet normal 7.883464e-01 6.152316e-01 -0.000000e+00
 outer loop
  vertex 2.7828376e-02 2.2838158e-02 1.4000000e-02
  vertex 2.7828376e-02 2.2838158e-02 7.2000000e-02
  vertex 2.8915471e-02 2.1445175e-02 1.4000000e-02
 endloop
endfacet
facet normal 7.572088e-01 6.531728e-01 0.000000e+00
 outer loop
  vertex 2.6674241e-02 2.4176122e-02 7.2000000e-02
  vertex 2.7828376e-02 2.2838158e-02 7.2000000e-02
  vertex 2.7828376e-02 2.2838158e-02 1.4000000e-02
 endloop
endfacet
facet normal 7.572088e-01 6.531728e-01 -0.000000e+00
 outer loop
  vertex 2.6674241e-02 2.4176122e-02 1.4000000e-02
  vertex 2.6674241e-02 2.4176122e-02 7.2000000e-02
  vertex 2.7828376e-02 2.2838158e-02 1.4000000e-02
 endloop
endfacet
facet normal 7.242471e-01 6.895405e-01 0.000000e+00
 outer loop
  vertex 2.5455844e-02 2.5455844e-02 7.2000000e-02
  vertex 2.6674241e-02 2.4176122e-02 7.2000000e-02
  vertex 2.6674241e-02 2.4176122e-02 1.4000000e-02
 endloop
endfacet
facet normal 7.242471e-01 6.895405e-01 -0.000000e+00
 outer loop
  vertex 2.5455844e-02 2.5455844e-02 1.4000000e-02
  vertex 2.5455844e-02 2.5455844e-02 7.2000000e-02
  vertex 2.6674241e-02 2.4176122e-02 1.4000000e-02
 endloop
endfacet
facet normal 6.895405e-01 7.242471e-01 0.000000e+00
 outer loop
  vertex 2.4176122e-02 2.6674241e-02 7.2000000e-02
  vertex 2.5455844e-02 2.5455844e-02 7.2000000e-02
  vertex 2.5455844e-02 2.5455844e-02 1.4000000e-02
 endloop
endfacet
facet normal 6.895405e-01 7.242471e-01 -0.000000e+00
 outer loop
  vertex 2.4176122e-02 2.6674241e-02 1.4000000e-02
  vertex 2.4176122e-02 2.6674241e-02 7.2000000e-02
  vertex 2.5455844e-02 2.5455844e-02 1.4000000e-02
 endloop
endfacet
facet normal 6.531728e-01 7.572088e-01 0.000000e+00
 outer loop
  vertex 2.2838158e-02 2.7828376e-02 7.2000000e-02
  vertex 2.4176122e-02 2.6674241e-02 7.2000000e-02
  vertex 2.4176122e-02 2.6674241e-02 1.4000000e-02
 endloop
endfacet
facet normal 6.531728e-01 7.572088e-01 -0.000000e+00
 outer loop
  vertex 2.2838158e-02 2.7828376e-02 1.4000000e-02
  vertex 2.2838158e-02 2.7828376e-02 7.2000000e-02
  vertex 2.4176122e-02 2.6674241e-02 1.4000000e-02
 endloop
endfacet
facet normal 6.152316e-01 7.883464e-01 0.000000e+00
 outer loop
  vertex 2.1445175e-02 2.8915471e-02 7.2000000e-02
  vertex 2.2838158e-02 2.7828376e-02 7.2000000e-02
  vertex 2.2838158e-02 2.7828376e-02 1.4000000e-02
 endloop
endfacet
facet normal 6.152316e-01 7.883464e-01 -0.000000e+00
 outer loop
  vertex 2.1445175e-02 2.8915471e-02 1.4000000e-02
  vertex 2.1445175e-02 2.8915471e-02 7.2000000e-02
  vertex 2.2838158e-02 2.7828376e-02 1.4000000e-02
 endloop
endfacet
facet normal 5.758082e-01 8.175848e-01 0.000000e+00
 outer loop
  vertex 2.0000528e-02 2.9932906e-02 7.2000000e-02
  vertex 2.1445175e-02 2.8915471e-02 7.2000000e-02
  vertex 2.1445175e-02 2.8915471e-02 1.4000000e-02
 endloop
endfacet
facet normal 5.758082e-01 8.175848e-01 -0.000000e+00
 outer loop
  vertex 2.0000528e-02 2.9932906e-02 1.4000000e-02
  vertex 2.0000528e-02 2.9932906e-02 7.2000000e-02
  vertex 2.1445175e-02 2.8915471e-02 1.4000000e-02
 endloop
endfacet
facet normal 5.349976e-01 8.448536e-01 0.000000e+00
 outer loop
  vertex 1.8507699e-02 3.0878230e-02 7.2000000e-02
  vertex 2.0000528e-02 2.9932906e-02 7.2000000e-02
  vertex 2.0000528e-02 2.9932906e-02 1.4000000e-02
 endloop
endfacet
facet normal 5.349976e-01 8.448536e-01 -0.000000e+00
 outer loop
  vertex 1.8507699e-02 3.0878230e-02 1.4000000e-02
  vertex 1.8507699e-02 3.0878230e-02 7.2000000e-02
  vertex 2.0000528e-02 2.9932906e-02 1.4000000e-02
 endloop
endfacet
facet normal 4.928982e-01 8.700870e-01 0.000000e+00
 outer loop
  vertex 1.6970283e-02 3.1749166e-02 7.2000000e-02
  vertex 1.8507699e-02 3.0878230e-02 7.2000000e-02
  vertex 1.8507699e-02 3.0878230e-02 1.4000000e-02
 endloop
endfacet
facet normal 4.928982e-01 8.700870e-01 -0.000000e+00
 outer loop
  vertex 1.6970283e-02 3.1749166e-02 1.4000000e-02
  vertex 1.6970283e-02 3.1749166e-02 7.2000000e-02
  vertex 1.8507699e-02 3.0878230e-02 1.4000000e-02
 endloop
endfacet
facet normal 4.496113e-01 8.932243e-01 0.000000e+00
 outer loop
  vertex 1.5391983e-02 3.2543615e-02 7.2000000e-02
  vertex 1.6970283e-02 3.1749166e-02 7.2000000e-02
  vertex 1.6970283e-02 3.1749166e-02 1.4000000e-02
 endloop
endfacet
facet normal 4.496113e-01 8.932243e-01 -0.000000e+00
 outer loop
  vertex 1.5391983e-02 3.2543615e-02 1.4000000e-02
  vertex 1.5391983e-02 3.2543615e-02 7.2000000e-02
  vertex 1.6970283e-02 3.1749166e-02 1.4000000e-02
 endloop
endfacet
facet normal 4.052413e-01 9.142098e-01 0.000000e+00
 outer loop
  vertex 1.3776604e-02 3.3259663e-02 7.2000000e-02
  vertex 1.5391983e-02 3.2543615e-02 7.2000000e-02
  vertex 1.5391983e-02 3.2543615e-02 1.4000000e-02
 endloop
endfacet
facet normal 4.052413e-01 9.142098e-01 -0.000000e+00
 outer loop
  vertex 1.3776604e-02 3.3259663e-02 1.4000000e-02
  vertex 1.3776604e-02 3.3259663e-02 7.2000000e-02
  vertex 1.5391983e-02 3.2543615e-02 1.4000000e-02
 endloop
endfacet
facet normal 3.598950e-01 9.329928e-01 0.000000e+00
 outer loop
  vertex 1.2128035e-02 3.3895586e-02 7.2000000e-02
  vertex 1.3776604e-02 3.3259663e-02 7.2000000e-02
  vertex 1.3776604e-02 3.3259663e-02 1.4000000e-02
 endloop
endfacet
facet normal 3.598950e-01 9.329928e-01 -0.000000e+00
 outer loop
  vertex 1.2128035e-02 3.3895586e-02 1.4000000e-02
  vertex 1.2128035e-02 3.3895586e-02 7.2000000e-02
  vertex 1.3776604e-02 3.3259663e-02 1.4000000e-02
 endloop
endfacet
facet normal 3.136817e-01 9.495282e-01 0.000000e+00
 outer loop
  vertex 1.0450248e-02 3.4449852e-02 7.2000000e-02
  vertex 1.2128035e-02 3.3895586e-02 7.2000000e-02
  vertex 1.2128035e-02 3.3895586e-02 1.4000000e-02
 endloop
endfacet
facet normal 3.136817e-01 9.495282e-01 -0.000000e+00
 outer loop
  vertex 1.0450248e-02 3.4449852e-02 1.4000000e-02
  vertex 1.0450248e-02 3.4449852e-02 7.2000000e-02
  vertex 1.2128035e-02 3.3895586e-02 1.4000000e-02
 endloop
endfacet
facet normal 2.667128e-01 9.637761e-01 0.000000e+00
 outer loop
  vertex 8.7472865e-03 3.4921125e-02 7.2000000e-02
  vertex 1.0450248e-02 3.4449852e-02 7.2000000e-02
  vertex 1.0450248e-02 3.4449852e-02 1.4000000e-02
 endloop
endfacet
facet normal 2.667128e-01 9.637761e-01 -0.000000e+00
 outer loop
  vertex 8.7472865e-03 3.4921125e-02 1.4000000e-02
  vertex 8.7472865e-03 3.4921125e-02 7.2000000e-02
  vertex 1.0450248e-02 3.4449852e-02 1.4000000e-02
 endloop
endfacet
facet normal 2.191012e-01 9.757021e-01 0.000000e+00
 outer loop
  vertex 7.0232516e-03 3.5308270e-02 7.2000000e-02
  vertex 8.7472865e-03 3.4921125e-02 7.2000000e-02
  vertex 8.7472865e-03 3.4921125e-02 1.4000000e-02
 endloop
endfacet
facet normal 2.191012e-01 9.757021e-01 -0.000000e+00
 outer loop
  vertex 7.0232516e-03 3.5308270e-02 1.4000000e-02
  vertex 7.0232516e-03 3.5308270e-02 7.2000000e-02
  vertex 8.7472865e-03 3.4921125e-02 1.4000000e-02
 endloop
endfacet
facet normal 1.709619e-01 9.852776e-01 0.000000e+00
 outer loop
  vertex 5.2822971e-03 3.5610354e-02 7.2000000e-02
  vertex 7.0232516e-03 3.5308270e-02 7.2000000e-02
  vertex 7.0232516e-03 3.5308270e-02 1.4000000e-02
 endloop
endfacet
facet normal 1.709619e-01 9.852776e-01 -0.000000e+00
 outer loop
  vertex 5.2822971e-03 3.5610354e-02 1.4000000e-02
  vertex 5.2822971e-03 3.5610354e-02 7.2000000e-02
  vertex 7.0232516e-03 3.5308270e-02 1.4000000e-02
 endloop
endfacet
facet normal 1.224107e-01 9.924795e-01 0.000000e+00
 outer loop
  vertex 3.5286171e-03 3.5826650e-02 7.2000000e-02
  vertex 5.2822971e-03 3.5610354e-02 7.2000000e-02
  vertex 5.2822971e-03 3.5610354e-02 1.4000000e-02
 endloop
endfacet
facet normal 1.224107e-01 9.924795e-01 -0.000000e+00
 outer loop
  vertex 3.5286171e-03 3.5826650e-02 1.4000000e-02
  vertex 3.5286171e-03 3.5826650e-02 7.2000000e-02
  vertex 5.2822971e-03 3.5610354e-02 1.4000000e-02
 endloop
endfacet
facet normal 7.356456e-02 9.972905e-01 0.000000e+00
 outer loop
  vertex 1.7664363e-03 3.5956636e-02 7.2000000e-02
  vertex 3.5286171e-03 3.5826650e-02 7.2000000e-02
  vertex 3.5286171e-03 3.5826650e-02 1.4000000e-02
 endloop
endfacet
facet normal 7.356456e-02 9.972905e-01 -0.000000e+00
 outer loop
  vertex 1.7664363e-03 3.5956636e-02 1.4000000e-02
  vertex 1.7664363e-03 3.5956636e-02 7.2000000e-02
  vertex 3.5286171e-03 3.5826650e-02 1.4000000e-02
 endloop
endfacet
facet normal 2.454123e-02 9.996988e-01 0.000000e+00
 outer loop
  vertex 2.2043642e-18 3.6000000e-02 7.2000000e-02
  vertex 1.7664363e-03 3.5956636e-02 7.2000000e-02
  vertex 1.7664363e-03 3.5956636e-02 1.4000000e-02
 endloop
endfacet
facet normal 2.454123e-02 9.996988e-01 -0.000000e+00
 outer loop
  vertex 2.2043642e-18 3.6000000e-02 1.4000000e-02
  vertex 2.2043642e-18 3.6000000e-02 7.2000000e-02
  vertex 1.7664363e-03 3.5956636e-02 1.4000000e-02
 endloop
endfacet
facet normal -2.454123e-02 9.996988e-01 0.000000e+00
 outer loop
  vertex -1.7664363e-03 3.5956636e-02 7.2000000e-02
  vertex 2.2043642e-18 3.6000000e-02 7.2000000e-02
  vertex 2.2043642e-18 3.6000000e-02 1.4000000e-02
 endloop
endfacet
facet normal -2.454123e-02 9.996988e-01 0.000000e+00
 outer loop
  vertex -1.7664363e-03 3.5956636e-02 1.4000000e-02
  vertex -1.7664363e-03 3.5956636e-02 7.2000000e-02
  vertex 2.2043642e-18 3.6000000e-02 1.4000000e-02
 endloop
endfacet
facet normal -7.356456e-02 9.972905e-01 0.000000e+00
 outer loop
  vertex -3.5286171e-03 3.5826650e-02 7.2000000e-02
  vertex -1.7664363e-03 3.5956636e-02 7.2000000e-02
  vertex -1.7664363e-03 3.5956636e-02 1.4000000e-02
 endloop
endfacet
facet normal -7.356456e-02 9.972905e-01 0.000000e+00
 outer loop
  vertex -3.5286171e-03 3.5826650e-02 1.4000000e-02
  vertex -3.5286171e-03 3.5826650e-02 7.2000000e-02
  vertex -1.7664363e-03 3.5956636e-02 1.4000000e-02
 endloop
endfacet
facet normal -1.224107e-01 9.924795e-01 0.000000e+00
 outer loop
  vertex -5.2822971e-03 3.5610354e-02 7.2000000e-02
  vertex -3.5286171e-03 3.5826650e-02 7.2000000e-02
  vertex -3.5286171e-03 3.5826650e-02 1.4000000e-02
 endloop
endfacet
facet normal -1.224107e-01 9.924795e-01 0.000000e+00
 outer loop
  vertex -5.2822971e-03 3.5610354e-02 1.4000000e-02
  vertex -5.2822971e-03 3.5610354e-02 7.2000000e-02
  vertex -3.5286171e-03 3.5826650e-02 1.4000000e-02
 endloop
endfacet
facet normal -1.709619e-01 9.852776e-01 0.000000e+00
 outer loop
  vertex -7.0232516e-03 3.5308270e-02 7.2000000e-02
  vertex -5.2822971e-03 3.5610354e-02 7.2000000e-02
  vertex -5.2822971e-03 3.5610354e-02 1.4000000e-02
 endloop
endfacet
facet normal -1.709619e-01 9.852776e-01 0.000000e+00
 outer loop
  vertex -7.0232516e-03 3.5308270e-02 1.4000000e-02
  vertex -7.0232516e-03 3.5308270e-02 7.2000000e-02
  vertex -5.2822971e-03 3.5610354e-02 1.4000000e-02
 endloop
endfacet
facet normal -2.191012e-01 9.757021e-01 0.000000e+00
 outer loop
  vertex -8.7472865e-03 3.4921125e-02 7.2000000e-02
  vertex -7.0232516e-03 3.5308270e-02 7.2000000e-02
  vertex -7.0232516e-03 3.5308270e-02 1.4000000e-02
 endloop
endfacet
facet normal -2.191012e-01 9.757021e-01 0.000000e+00
 outer loop
  vertex -8.7472865e-03 3.4921125e-02 1.4000000e-02
  vertex -8.7472865e-03 3.4921125e-02 7.2000000e-02
  vertex -7.0232516e-03 3.5308270e-02 1.4000000e-02
 endloop
endfacet
facet normal -2.667128e-01 9.637761e-01 0.000000e+00
 outer loop
  vertex -1.0450248e-02 3.4449852e-02 7.2000000e-02
  vertex -8.7472865e-03 3.4921125e-02 7.2000000e-02
  vertex -8.7472865e-03 3.4921125e-02 1.4000000e-02
 endloop
endfacet
facet normal -2.667128e-01 9.637761e-01 0.000000e+00
 outer loop
  vertex -1.0450248e-02 3.4449852e-02 1.4000000e-02
  vertex -1.0450248e-02 3.4449852e-02 7.2000000e-02
  vertex -8.7472865e-03 3.4921125e-02 1.4000000e-02
 endloop
endfacet
facet normal -3.136817e-01 9.495282e-01 0.000000e+00
 outer loop
  vertex -1.2128035e-02 3.3895586e-02 7.2000000e-02
  vertex -1.0450248e-02 3.4449852e-02 7.2000000e-02
  vertex -1.0450248e-02 3.4449852e-02 1.4000000e-02
 endloop
endfacet
facet normal -3.136817e-01 9.495282e-01 0.000000e+00
 outer loop
  vertex -1.2128035e-02 3.3895586e-02 1.4000000e-02
  vertex -1.2128035e-02 3.3895586e-02 7.2000000e-02
  vertex -1.0450248e-02 3.4449852e-02 1.4000000e-02
 endloop
endfacet
facet normal -3.598950e-01 9.329928e-01 0.000000e+00
 outer loop
  vertex -1.3776604e-02 3.3259663e-02 7.2000000e-02
  vertex -1.2128035e-02 3.3895586e-02 7.2000000e-02
  vertex -1.2128035e-02 3.3895586e-02 1.4000000e-02
 endloop
endfacet
facet normal -3.598950e-01 9.329928e-01 0.000000e+00
 outer loop
  vertex -1.3776604e-02 3.3259663e-02 1.4000000e-02
  vertex -1.3776604e-02 3.3259663e-02 7.2000000e-02
  vertex -1.2128035e-02 3.3895586e-02 1.4000000e-02
 endloop
endfacet
facet normal -4.052413e-01 9.142098e-01 0.000000e+00
 outer loop
  vertex -1.5391983e-02 3.2543615e-02 7.2000000e-02
  vertex -1.3776604e-02 3.3259663e-02 7.2000000e-02
  vertex -1.3776604e-02 3.3259663e-02 1.4000000e-02
 endloop
endfacet
facet normal -4.052413e-01 9.142098e-01 0.000000e+00
 outer loop
  vertex -1.5391983e-02 3.2543615e-02 1.4000000e-02
  vertex -1.5391983e-02 3.2543615e-02 7.2000000e-02
  vertex -1.3776604e-02 3.3259663e-02 1.4000000e-02
 endloop
endfacet
facet normal -4.496113e-01 8.932243e-01 0.000000e+00
 outer loop
  vertex -1.6970283e-02 3.1749166e-02 7.2000000e-02
  vertex -1.5391983e-02 3.2543615e-02 7.2000000e-02
  vertex -1.5391983e-02 3.2543615e-02 1.4000000e-02
 endloop
endfacet
facet normal -4.496113e-01 8.932243e-01 0.000000e+00
 outer loop
  vertex -1.6970283e-02 3.1749166e-02 1.4000000e-02
  vertex -1.6970283e-02 3.1749166e-02 7.2000000e-02
  vertex -1.5391983e-02 3.2543615e-02 1.4000000e-02
 endloop
endfacet
facet normal -4.928982e-01 8.700870e-01 0.000000e+00
 outer loop
  vertex -1.8507699e-02 3.0878230e-02 7.2000000e-02
  vertex -1.6970283e-02 3.1749166e-02 7.2000000e-02
  vertex -1.6970283e-02 3.1749166e-02 1.4000000e-02
 endloop
endfacet
facet normal -4.928982e-01 8.700870e-01 0.000000e+00
 outer loop
  vertex -1.8507699e-02 3.0878230e-02 1.4000000e-02
  vertex -1.8507699e-02 3.0878230e-02 7.2000000e-02
  vertex -1.6970283e-02 3.1749166e-02 1.4000000e-02
 endloop
endfacet
facet normal -5.349976e-01 8.448536e-01 0.000000e+00
 outer loop
  vertex -2.0000528e-02 2.9932906e-02 7.2000000e-02
  vertex -1.8507699e-02 3.0878230e-02 7.2000000e-02
  vertex -1.8507699e-02 3.0878230e-02 1.4000000e-02
 endloop
endfacet
facet normal -5.349976e-01 8.448536e-01 0.000000e+00
 outer loop
  vertex -2.0000528e-02 2.9932906e-02 1.4000000e-02
  vertex -2.0000528e-02 2.9932906e-02 7.2000000e-02
  vertex -1.8507699e-02 3.0878230e-02 1.4000000e-02
 endloop
endfacet
facet normal -5.758082e-01 8.175848e-01 0.000000e+00
 outer loop
  vertex -2.1445175e-02 2.8915471e-02 7.2000000e-02
  vertex -2.0000528e-02 2.9932906e-02 7.2000000e-02
  vertex -2.0000528e-02 2.9932906e-02 1.4000000e-02
 endloop
endfacet
facet normal -5.758082e-01 8.175848e-01 0.000000e+00
 outer loop
  vertex -2.1445175e-02 2.8915471e-02 1.4000000e-02
  vertex -2.1445175e-02 2.8915471e-02 7.2000000e-02
  vertex -2.0000528e-02 2.9932906e-02 1.4000000e-02
 endloop
endfacet
facet normal -6.152316e-01 7.883464e-01 0.000000e+00
 outer loop
  vertex -2.2838158e-02 2.7828376e-02 7.2000000e-02
  vertex -2.1445175e-02 2.8915471e-02 7.2000000e-02
  vertex -2.1445175e-02 2.8915471e-02 1.4000000e-02
 endloop
endfacet
facet normal -6.152316e-01 7.883464e-01 0.000000e+00
 outer loop
  vertex -2.2838158e-02 2.7828376e-02 1.4000000e-02
  vertex -2.2838158e-02 2.7828376e-02 7.2000000e-02
  vertex -2.1445175e-02 2.8915471e-02 1.4000000e-02
 endloop
endfacet
facet normal -6.531728e-01 7.572088e-01 0.000000e+00
 outer loop
  vertex -2.4176122e-02 2.6674241e-02 7.2000000e-02
  vertex -2.2838158e-02 2.7828376e-02 7.2000000e-02
  vertex -2.2838158e-02 2.7828376e-02 1.4000000e-02
 endloop
endfacet
facet normal -6.531728e-01 7.572088e-01 0.000000e+00
 outer loop
  vertex -2.4176122e-02 2.6674241e-02 1.4000000e-02
  vertex -2.4176122e-02 2.6674241e-02 7.2000000e-02
  vertex -2.2838158e-02 2.7828376e-02 1.4000000e-02
 endloop
endfacet
facet normal -6.895405e-01 7.242471e-01 0.000000e+00
 outer loop
  vertex -2.5455844e-02 2.5455844e-02 7.2000000e-02
  vertex -2.4176122e-02 2.6674241e-02 7.2000000e-02
  vertex -2.4176122e-02 2.6674241e-02 1.4000000e-02
 endloop
endfacet
facet normal -6.895405e-01 7.242471e-01 0.000000e+00
 outer loop
  vertex -2.5455844e-02 2.5455844e-02 1.4000000e-02
  vertex -2.5455844e-02 2.5455844e-02 7.2000000e-02
  vertex -2.4176122e-02 2.6674241e-02 1.4000000e-02
 endloop
endfacet
facet normal -7.242471e-01 6.895405e-01 0.000000e+00
 outer loop
  vertex -2.6674241e-02 2.4176122e-02 7.2000000e-02
  vertex -2.5455844e-02 2.5455844e-02 7.2000000e-02
  vertex -2.5455844e-02 2.5455844e-02 1.4000000e-02
 endloop
endfacet
facet normal -7.242471e-01 6.895405e-01 0.000000e+00
 outer loop
  vertex -2.6674241e-02 2.4176122e-02 1.4000000e-02
  vertex -2.6674241e-02 2.4176122e-02 7.2000000e-02
  vertex -2.5455844e-02 2.5455844e-02 1.4000000e-02
 endloop
endfacet
facet normal -7.572088e-01 6.531728e-01 0.000000e+00
 outer loop
  vertex -2.7828376e-02 2.2838158e-02 7.2000000e-02
  vertex -2.6674241e-02 2.4176122e-02 7.2000000e-02
  vertex -2.6674241e-02 2.4176122e-02 1.4000000e-02
 endloop
endfacet
facet normal -7.572088e-01 6.531728e-01 0.000000e+00
 outer loop
  vertex -2.7828376e-02 2.2838158e-02 1.4000000e-02
  vertex -2.7828376e-02 2.2838158e-02 7.2000000e-02
  vertex -2.6674241e-02 2.4176122e-02 1.4000000e-02
 endloop
endfacet
facet normal -7.883464e-01 6.152316e-01 0.000000e+00
 outer loop
  vertex -2.8915471e-02 2.1445175e-02 7.2000000e-02
  vertex -2.7828376e-02 2.2838158e-02 7.2000000e-02
  vertex -2.7828376e-02 2.2838158e-02 1.4000000e-02
 endloop
endfacet
facet normal -7.883464e-01 6.152316e-01 0.000000e+00
 outer loop
  vertex -2.8915471e-02 2.1445175e-02 1.4000000e-02
  vertex -2.8915471e-02 2.1445175e-02 7.2000000e-02
  vertex -2.7828376e-02 2.2838158e-02 1.4000000e-02
 endloop
endfacet
facet normal -8.175848e-01 5.758082e-01 0.000000e+00
 outer loop
  vertex -2.9932906e-02 2.0000528e-02 7.2000000e-02
  vertex -2.8915471e-02 2.1445175e-02 7.2000000e-02
  vertex -2.8915471e-02 2.1445175e-02 1.4000000e-02
 endloop
endfacet
facet normal -8.175848e-01 5.758082e-01 0.000000e+00
 outer loop
  vertex -2.9932906e-02 2.0000528e-02 1.4000000e-02
  vertex -2.9932906e-02 2.0000528e-02 7.2000000e-02
  vertex -2.8915471e-02 2.1445175e-02 1.4000000e-02
 endloop
endfacet
facet normal -8.448536e-01 5.349976e-01 0.000000e+00
 outer loop
  vertex -3.0878230e-02 1.8507699e-02 7.2000000e-02
  vertex -2.9932906e-02 2.0000528e-02 7.2000000e-02
  vertex -2.9932906e-02 2.0000528e-02 1.4000000e-02
 endloop
endfacet
facet normal -8.448536e-01 5.349976e-01 0.000000e+00
 outer loop
  vertex -3.0878230e-02 1.8507699e-02 1.4000000e-02
  vertex -3.0878230e-02 1.8507699e-02 7.2000000e-02
  vertex -2.9932906e-02 2.0000528e-02 1.4000000e-02
 endloop
endfacet
facet normal -8.700870e-01 4.928982e-01 0.000000e+00
 outer loop
  vertex -3.1749166e-02 1.6970283e-02 7.2000000e-02
  vertex -3.0878230e-02 1.8507699e-02 7.2000000e-02
  vertex -3.0878230e-02 1.8507699e-02 1.4000000e-02
 endloop
endfacet
facet normal -8.700870e-01 4.928982e-01 0.000000e+00
 outer loop
  vertex -3.1749166e-02 1.6970283e-02 1.4000000e-02
  vertex -3.1749166e-02 1.6970283e-02 7.2000000e-02
  vertex -3.0878230e-02 1.8507699e-02 1.4000000e-02
 endloop
endfacet
facet normal -8.932243e-01 4.496113e-01 0.000000e+00
 outer loop
  vertex -3.2543615e-02 1.5391983e-02 7.2000000e-02
  vertex -3.1749166e-02 1.6970283e-02 7.2000000e-02
  vertex -3.1749166e-02 1.6970283e-02 1.4000000e-02
 endloop
endfacet
facet normal -8.932243e-01 4.496113e-01 0.000000e+00
 outer loop
  vertex -3.2543615e-02 1.5391983e-02 1.4000000e-02
  vertex -3.2543615e-02 1.5391983e-02 7.2000000e-02
  vertex -3.1749166e-02 1.6970283e-02 1.4000000e-02
 endloop
endfacet
facet normal -9.142098e-01 4.052413e-01 0.000000e+00
 outer loop
  vertex -3.3259663e-02 1.3776604e-02 7.2000000e-02
  vertex -3.2543615e-02 1.5391983e-02 7.2000000e-02
  vertex -3.2543615e-02 1.5391983e-02 1.4000000e-02
 endloop
endfacet
facet normal -9.142098e-01 4.052413e-01 0.000000e+00
 outer loop
  vertex -3.3259663e-02 1.3776604e-02 1.4000000e-02
  vertex -3.3259663e-02 1.3776604e-02 7.2000000e-02
  vertex -3.2543615e-02 1.5391983e-02 1.4000000e-02
 endloop
endfacet
facet normal -9.329928e-01 3.598950e-01 0.000000e+00
 outer loop
  vertex -3.3895586e-02 1.2128035e-02 7.2000000e-02
  vertex -3.3259663e-02 1.3776604e-02 7.2000000e-02
  vertex -3.3259663e-02 1.3776604e-02 1.4000000e-02
 endloop
endfacet
facet normal -9.329928e-01 3.598950e-01 0.000000e+00
 outer loop
  vertex -3.3895586e-02 1.2128035e-02 1.4000000e-02
  vertex -3.3895586e-02 1.2128035e-02 7.2000000e-02
  vertex -3.3259663e-02 1.3776604e-02 1.4000000e-02
 endloop
endfacet
facet normal -9.495282e-01 3.136817e-01 0.000000e+00
 outer loop
  vertex -3.4449852e-02 1.0450248e-02 7.2000000e-02
  vertex -3.3895586e-02 1.2128035e-02 7.2000000e-02
  vertex -3.3895586e-02 1.2128035e-02 1.4000000e-02
 endloop
endfacet
facet normal -9.495282e-01 3.136817e-01 0.000000e+00
 outer loop
  vertex -3.4449852e-02 1.0450248e-02 1.4000000e-02
  vertex -3.4449852e-02 1.0450248e-02 7.2000000e-02
  vertex -3.3895586e-02 1.2128035e-02 1.4000000e-02
 endloop
endfacet
facet normal -9.637761e-01 2.667128e-01 0.000000e+00
 outer loop
  vertex -3.4921125e-02 8.7472865e-03 7.2000000e-02
  vertex -3.4449852e-02 1.0450248e-02 7.2000000e-02
  vertex -3.4449852e-02 1.0450248e-02 1.4000000e-02
 endloop
endfacet
facet normal -9.637761e-01 2.667128e-01 0.000000e+00
 outer loop
  vertex -3.4921125e-02 8.7472865e-03 1.4000000e-02
  vertex -3.4921125e-02 8.7472865e-03 7.2000000e-02
  vertex -3.4449852e-02 1.0450248e-02 1.4000000e-02
 endloop
endfacet
facet normal -9.757021e-01 2.191012e-01 0.000000e+00
 outer loop
  vertex -3.5308270e-02 7.0232516e-03 7.2000000e-02
  vertex -3.4921125e-02 8.7472865e-03 7.2000000e-02
  vertex -3.4921125e-02 8.7472865e-03 1.4000000e-02
 endloop
endfacet
facet normal -9.757021e-01 2.191012e-01 0.000000e+00
 outer loop
  vertex -3.5308270e-02 7.0232516e-03 1.4000000e-02
  vertex -3.5308270e-02 7.0232516e-03 7.2000000e-02
  vertex -3.4921125e-02 8.7472865e-03 1.4000000e-02
 endloop
endfacet
facet normal -9.852776e-01 1.709619e-01 0.000000e+00
 outer loop
  vertex -3.5610354e-02 5.2822971e-03 7.2000000e-02
  vertex -3.5308270e-02 7.0232516e-03 7.2000000e-02
  vertex -3.5308270e-02 7.0232516e-03 1.4000000e-02
 endloop
endfacet
facet normal -9.852776e-01 1.709619e-01 0.000000e+00
 outer loop
  vertex -3.5610354e-02 5.2822971e-03 1.4000000e-02
  vertex -3.5610354e-02 5.2822971e-03 7.2000000e-02
  vertex -3.5308270e-02 7.0232516e-03 1.4000000e-02
 endloop
endfacet
facet normal -9.924795e-01 1.224107e-01 0.000000e+00
 outer loop
  vertex -3.5826650e-02 3.5286171e-03 7.2000000e-02
  vertex -3.5610354e-02 5.2822971e-03 7.2000000e-02
  vertex -3.5610354e-02 5.2822971e-03 1.4000000e-02
 endloop
endfacet
facet normal -9.924795e-01 1.224107e-01 0.000000e+00
 outer loop
  vertex -3.5826650e-02 3.5286171e-03 1.4000000e-02
  vertex -3.5826650e-02 3.5286171e-03 7.2000000e-02
  vertex -3.5610354e-02 5.2822971e-03 1.4000000e-02
 endloop
endfacet
facet normal -9.972905e-01 7.356456e-02 0.000000e+00
 outer loop
  vertex -3.5956636e-02 1.7664363e-03 7.2000000e-02
  vertex -3.5826650e-02 3.5286171e-03 7.2000000e-02
  vertex -3.5826650e-02 3.5286171e-03 1.4000000e-02
 endloop
endfacet
facet normal -9.972905e-01 7.356456e-02 0.000000e+00
 outer loop
  vertex -3.5956636e-02 1.7664363e-03 1.4000000e-02
  vertex -3.5956636e-02 1.7664363e-03 7.2000000e-02
  vertex -3.5826650e-02 3.5286171e-03 1.4000000e-02
 endloop
endfacet
facet normal -9.996988e-01 2.454123e-02 0.000000e+00
 outer loop
  vertex -3.6000000e-02 4.4087285e-18 7.2000000e-02
  vertex -3.5956636e-02 1.7664363e-03 7.2000000e-02
  vertex -3.5956636e-02 1.7664363e-03 1.4000000e-02
 endloop
endfacet
facet normal -9.996988e-01 2.454123e-02 0.000000e+00
 outer loop
  vertex -3.6000000e-02 4.4087285e-18 1.4000000e-02
  vertex -3.6000000e-02 4.4087285e-18 7.2000000e-02
  vertex -3.5956636e-02 1.7664363e-03 1.4000000e-02
 endloop
endfacet
facet normal -9.996988e-01 -2.454123e-02 0.000000e+00
 outer loop
  vertex -3.5956636e-02 -1.7664363e-03 7.2000000e-02
  vertex -3.6000000e-02 4.4087285e-18 7.2000000e-02
  vertex -3.6000000e-02 4.4087285e-18 1.4000000e-02
 endloop
endfacet
facet normal -9.996988e-01 -2.454123e-02 0.000000e+00
 outer loop
  vertex -3.5956636e-02 -1.7664363e-03 1.4000000e-02
  vertex -3.5956636e-02 -1.7664363e-03 7.2000000e-02
  vertex -3.6000000e-02 4.4087285e-18 1.4000000e-02
 endloop
endfacet
facet normal -9.972905e-01 -7.356456e-02 0.000000e+00
 outer loop
  vertex -3.5826650e-02 -3.5286171e-03 7.2000000e-02
  vertex -3.5956636e-02 -1.7664363e-03 7.2000000e-02
  vertex -3.5956636e-02 -1.7664363e-03 1.4000000e-02
 endloop
endfacet
facet normal -9.972905e-01 -7.356456e-02 0.000000e+00
 outer loop
  vertex -3.5826650e-02 -3.5286171e-03 1.4000000e-02
  vertex -3.5826650e-02 -3.5286171e-03 7.2000000e-02
  vertex -3.5956636e-02 -1.7664363e-03 1.4000000e-02
 endloop
endfacet
facet normal -9.924795e-01 -1.224107e-01 0.000000e+00
 outer loop
  vertex -3.5610354e-02 -5.2822971e-03 7.2000000e-02
  vertex -3.5826650e-02 -3.5286171e-03 7.2000000e-02
  vertex -3.5826650e-02 -3.5286171e-03 1.4000000e-02
 endloop
endfacet
facet normal -9.924795e-01 -1.224107e-01 0.000000e+00
 outer loop
  vertex -3.5610354e-02 -5.2822971e-03 1.4000000e-02
  vertex -3.5610354e-02 -5.2822971e-03 7.2000000e-02
  vertex -3.5826650e-02 -3.5286171e-03 1.4000000e-02
 endloop
endfacet
facet normal -9.852776e-01 -1.709619e-01 0.000000e+00
 outer loop
  vertex -3.5308270e-02 -7.0232516e-03 7.2000000e-02
  vertex -3.5610354e-02 -5.2822971e-03 7.2000000e-02
  vertex -3.5610354e-02 -5.2822971e-03 1.4000000e-02
 endloop
endfacet
facet normal -9.852776e-01 -1.709619e-01 0.000000e+00
 outer loop
  vertex -3.5308270e-02 -7.0232516e-03 1.4000000e-02
  vertex -3.5308270e-02 -7.0232516e-03 7.2000000e-02
  vertex -3.5610354e-02 -5.2822971e-03 1.4000000e-02
 endloop
endfacet
facet normal -9.757021e-01 -2.191012e-01 0.000000e+00
 outer loop
  vertex -3.4921125e-02 -8.7472865e-03 7.2000000e-02
  vertex -3.5308270e-02 -7.0232516e-03 7.2000000e-02
  vertex -3.5308270e-02 -7.0232516e-03 1.4000000e-02
 endloop
endfacet
facet normal -9.757021e-01 -2.191012e-01 0.000000e+00
 outer loop
  vertex -3.4921125e-02 -8.7472865e-03 1.4000000e-02
  vertex -3.4921125e-02 -8.7472865e-03 7.2000000e-02
  vertex -3.5308270e-02 -7.0232516e-03 1.4000000e-02
 endloop
endfacet
facet normal -9.637761e-01 -2.667128e-01 0.000000e+00
 outer loop
  vertex -3.4449852e-02 -1.0450248e-02 7.2000000e-02
  vertex -3.4921125e-02 -8.7472865e-03 7.2000000e-02
  vertex -3.4921125e-02 -8.7472865e-03 1.4000000e-02
 endloop
endfacet
facet normal -9.637761e-01 -2.667128e-01 0.000000e+00
 outer loop
  vertex -3.4449852e-02 -1.0450248e-02 1.4000000e-02
  vertex -3.4449852e-02 -1.0450248e-02 7.2000000e-02
  vertex -3.4921125e-02 -8.7472865e-03 1.4000000e-02
 endloop
endfacet
facet normal -9.495282e-01 -3.136817e-01 0.000000e+00
 outer loop
  vertex -3.3895586e-02 -1.2128035e-02 7.2000000e-02
  vertex -3.4449852e-02 -1.0450248e-02 7.2000000e-02
  vertex -3.4449852e-02 -1.0450248e-02 1.4000000e-02
 endloop
endfacet
facet normal -9.495282e-01 -3.136817e-01 0.000000e+00
 outer loop
  vertex -3.3895586e-02 -1.2128035e-02 1.4000000e-02
  vertex -3.3895586e-02 -1.2128035e-02 7.2000000e-02
  vertex -3.4449852e-02 -1.0450248e-02 1.4000000e-02
 endloop
endfacet
facet normal -9.329928e-01 -3.598950e-01 0.000000e+00
 outer loop
  vertex -3.3259663e-02 -1.3776604e-02 7.2000000e-02
  vertex -3.3895586e-02 -1.2128035e-02 7.2000000e-02
  vertex -3.3895586e-02 -1.2128035e-02 1.4000000e-02
 endloop
endfacet
facet normal -9.329928e-01 -3.598950e-01 0.000000e+00
 outer loop
  vertex -3.3259663e-02 -1.3776604e-02 1.4000000e-02
  vertex -3.3259663e-02 -1.3776604e-02 7.2000000e-02
  vertex -3.3895586e-02 -1.2128035e-02 1.4000000e-02
 endloop
endfacet
facet normal -9.142098e-01 -4.052413e-01 0.000000e+00
 outer loop
  vertex -3.2543615e-02 -1.5391983e-02 7.2000000e-02
  vertex -3.3259663e-02 -1.3776604e-02 7.2000000e-02
  vertex -3.3259663e-02 -1.3776604e-02 1.4000000e-02
 endloop
endfacet
facet normal -9.142098e-01 -4.052413e-01 0.000000e+00
 outer loop
  vertex -3.2543615e-02 -1.5391983e-02 1.4000000e-02
  vertex -3.2543615e-02 -1.5391983e-02 7.2000000e-02
  vertex -3.3259663e-02 -1.3776604e-02 1.4000000e-02
 endloop
endfacet
facet normal -8.932243e-01 -4.496113e-01 0.000000e+00
 outer loop
  vertex -3.1749166e-02 -1.6970283e-02 7.2000000e-02
  vertex -3.2543615e-02 -1.5391983e-02 7.2000000e-02
  vertex -3.2543615e-02 -1.5391983e-02 1.4000000e-02
 endloop
endfacet
facet normal -8.932243e-01 -4.496113e-01 0.000000e+00
 outer loop
  vertex -3.1749166e-02 -1.6970283e-02 1.4000000e-02
  vertex -3.1749166e-02 -1.6970283e-02 7.2000000e-02
  vertex -3.2543615e-02 -1.5391983e-02 1.4000000e-02
 endloop
endfacet
facet normal -8.700870e-01 -4.928982e-01 0.000000e+00
 outer loop
  vertex -3.0878230e-02 -1.8507699e-02 7.2000000e-02
  vertex -3.1749166e-02 -1.6970283e-02 7.2000000e-02
  vertex -3.1749166e-02 -1.6970283e-02 1.4000000e-02
 endloop
endfacet
facet normal -8.700870e-01 -4.928982e-01 0.000000e+00
 outer loop
  vertex -3.0878230e-02 -1.8507699e-02 1.4000000e-02
  vertex -3.0878230e-02 -1.8507699e-02 7.2000000e-02
  vertex -3.1749166e-02 -1.6970283e-02 1.4000000e-02
 endloop
endfacet
facet normal -8.448536e-01 -5.349976e-01 0.000000e+00
 outer loop
  vertex -2.9932906e-02 -2.0000528e-02 7.2000000e-02
  vertex -3.0878230e-02 -1.8507699e-02 7.2000000e-02
  vertex -3.0878230e-02 -1.8507699e-02 1.4000000e-02
 endloop
endfacet
facet normal -8.448536e-01 -5.349976e-01 0.000000e+00
 outer loop
  vertex -2.9932906e-02 -2.0000528e-02 1.4000000e-02
  vertex -2.9932906e-02 -2.0000528e-02 7.2000000e-02
  vertex -3.0878230e-02 -1.8507699e-02 1.4000000e-02
 endloop
endfacet
facet normal -8.175848e-01 -5.758082e-01 0.000000e+00
 outer loop
  vertex -2.8915471e-02 -2.1445175e-02 7.2000000e-02
  vertex -2.9932906e-02 -2.0000528e-02 7.2000000e-02
  vertex -2.9932906e-02 -2.0000528e-02 1.4000000e-02
 endloop
endfacet
facet normal -8.175848e-01 -5.758082e-01 0.000000e+00
 outer loop
  vertex -2.8915471e-02 -2.1445175e-02 1.4000000e-02
  vertex -2.8915471e-02 -2.1445175e-02 7.2000000e-02
  vertex -2.9932906e-02 -2.0000528e-02 1.4000000e-02
 endloop
endfacet
facet normal -7.883464e-01 -6.152316e-01 0.000000e+00
 outer loop
  vertex -2.7828376e-02 -2.2838158e-02 7.2000000e-02
  vertex -2.8915471e-02 -2.1445175e-02 7.2000000e-02
  vertex -2.8915471e-02 -2.1445175e-02 1.4000000e-02
 endloop
endfacet
facet normal -7.883464e-01 -6.152316e-01 0.000000e+00
 outer loop
  vertex -2.7828376e-02 -2.2838158e-02 1.4000000e-02
  vertex -2.7828376e-02 -2.2838158e-02 7.2000000e-02
  vertex -2.8915471e-02 -2.1445175e-02 1.4000000e-02
 endloop
endfacet
facet normal -7.572088e-01 -6.531728e-01 0.000000e+00
 outer loop
  vertex -2.6674241e-02 -2.4176122e-02 7.2000000e-02
  vertex -2.7828376e-02 -2.2838158e-02 7.2000000e-02
  vertex -2.7828376e-02 -2.2838158e-02 1.4000000e-02
 endloop
endfacet
facet normal -7.572088e-01 -6.531728e-01 0.000000e+00
 outer loop
  vertex -2.6674241e-02 -2.4176122e-02 1.4000000e-02
  vertex -2.6674241e-02 -2.4176122e-02 7.2000000e-02
  vertex -2.7828376e-02 -2.2838158e-02 1.4000000e-02
 endloop
endfacet
facet normal -7.242471e-01 -6.895405e-01 0.000000e+00
 outer loop
  vertex -2.5455844e-02 -2.5455844e-02 7.2000000e-02
  vertex -2.6674241e-02 -2.4176122e-02 7.2000000e-02
  vertex -2.6674241e-02 -2.4176122e-02 1.4000000e-02
 endloop
endfacet
facet normal -7.242471e-01 -6.895405e-01 0.000000e+00
 outer loop
  vertex -2.5455844e-02 -2.5455844e-02 1.4000000e-02
  vertex -2.5455844e-02 -2.5455844e-02 7.2000000e-02
  vertex -2.6674241e-02 -2.4176122e-02 1.4000000e-02
 endloop
endfacet
facet normal -6.895405e-01 -7.242471e-01 0.000000e+00
 outer loop
  vertex -2.4176122e-02 -2.6674241e-02 7.2000000e-02
  vertex -2.5455844e-02 -2.5455844e-02 7.2000000e-02
  vertex -2.5455844e-02 -2.5455844e-02 1.4000000e-02
 endloop
endfacet
facet normal -6.895405e-01 -7.242471e-01 0.000000e+00
 outer loop
  vertex -2.4176122e-02 -2.6674241e-02 1.4000000e-02
  vertex -2.4176122e-02 -2.6674241e-02 7.2000000e-02
  vertex -2.5455844e-02 -2.5455844e-02 1.4000000e-02
 endloop
endfacet
facet normal -6.531728e-01 -7.572088e-01 0.000000e+00
 outer loop
  vertex -2.2838158e-02 -2.7828376e-02 7.2000000e-02
  vertex -2.4176122e-02 -2.6674241e-02 7.2000000e-02
  vertex -2.4176122e-02 -2.6674241e-02 1.4000000e-02
 endloop
endfacet
facet normal -6.531728e-01 -7.572088e-01 0.000000e+00
 outer loop
  vertex -2.2838158e-02 -2.7828376e-02 1.4000000e-02
  vertex -2.2838158e-02 -2.7828376e-02 7.2000000e-02
  vertex -2.4176122e-02 -2.6674241e-02 1.4000000e-02
 endloop
endfacet
facet normal -6.152316e-01 -7.883464e-01 0.000000e+00
 outer loop
  vertex -2.1445175e-02 -2.8915471e-02 7.2000000e-02
  vertex -2.2838158e-02 -2.7828376e-02 7.2000000e-02
  vertex -2.2838158e-02 -2.7828376e-02 1.4000000e-02
 endloop
endfacet
facet normal -6.152316e-01 -7.883464e-01 0.000000e+00
 outer loop
  vertex -2.1445175e-02 -2.8915471e-02 1.4000000e-02
  vertex -2.1445175e-02 -2.8915471e-02 7.2000000e-02
  vertex -2.2838158e-02 -2.7828376e-02 1.4000000e-02
 endloop
endfacet
facet normal -5.758082e-01 -8.175848e-01 0.000000e+00
 outer loop
  vertex -2.0000528e-02 -2.9932906e-02 7.2000000e-02
  vertex -2.1445175e-02 -2.8915471e-02 7.2000000e-02
  vertex -2.1445175e-02 -2.8915471e-02 1.4000000e-02
 endloop
endfacet
facet normal -5.758082e-01 -8.175848e-01 0.000000e+00
 outer loop
  vertex -2.0000528e-02 -2.9932906e-02 1.4000000e-02
  vertex -2.0000528e-02 -2.9932906e-02 7.2000000e-02
  vertex -2.1445175e-02 -2.8915471e-02 1.4000000e-02
 endloop
endfacet
facet normal -5.349976e-01 -8.448536e-01 0.000000e+00
 outer loop
  vertex -1.8507699e-02 -3.0878230e-02 7.2000000e-02
  vertex -2.0000528e-02 -2.9932906e-02 7.2000000e-02
  vertex -2.0000528e-02 -2.9932906e-02 1.4000000e-02
 endloop
endfacet
facet normal -5.349976e-01 -8.448536e-01 0.000000e+00
 outer loop
  vertex -1.8507699e-02 -3.0878230e-02 1.4000000e-02
  vertex -1.8507699e-02 -3.0878230e-02 7.2000000e-02
  vertex -2.0000528e-02 -2.9932906e-02 1.4000000e-02
 endloop
endfacet
facet normal -4.928982e-01 -8.700870e-01 0.000000e+00
 outer loop
  vertex -1.6970283e-02 -3.1749166e-02 7.2000000e-02
  vertex -1.8507699e-02 -3.0878230e-02 7.2000000e-02
  vertex -1.8507699e-02 -3.0878230e-02 1.4000000e-02
 endloop
endfacet
facet normal -4.928982e-01 -8.700870e-01 0.000000e+00
 outer loop
  vertex -1.6970283e-02 -3.1749166e-02 1.4000000e-02
  vertex -1.6970283e-02 -3.1749166e-02 7.2000000e-02
  vertex -1.8507699e-02 -3.0878230e-02 1.4000000e-02
 endloop
endfacet
facet normal -4.496113e-01 -8.932243e-01 0.000000e+00
 outer loop
  vertex -1.5391983e-02 -3.2543615e-02 7.2000000e-02
  vertex -1.6970283e-02 -3.1749166e-02 7.2000000e-02
  vertex -1.6970283e-02 -3.1749166e-02 1.4000000e-02
 endloop
endfacet
facet normal -4.496113e-01 -8.932243e-01 0.000000e+00
 outer loop
  vertex -1.5391983e-02 -3.2543615e-02 1.4000000e-02
  vertex -1.5391983e-02 -3.2543615e-02 7.2000000e-02
  vertex -1.6970283e-02 -3.1749166e-02 1.4000000e-02
 endloop
endfacet
facet normal -4.052413e-01 -9.142098e-01 0.000000e+00
 outer loop
  vertex -1.3776604e-02 -3.3259663e-02 7.2000000e-02
  vertex -1.5391983e-02 -3.2543615e-02 7.2000000e-02
  vertex -1.5391983e-02 -3.2543615e-02 1.4000000e-02
 endloop
endfacet
facet normal -4.052413e-01 -9.142098e-01 0.000000e+00
 outer loop
  vertex -1.3776604e-02 -3.3259663e-02 1.4000000e-02
  vertex -1.3776604e-02 -3.3259663e-02 7.2000000e-02
  vertex -1.5391983e-02 -3.2543615e-02 1.4000000e-02
 endloop
endfacet
facet normal -3.598950e-01 -9.329928e-01 0.000000e+00
 outer loop
  vertex -1.2128035e-02 -3.3895586e-02 7.2000000e-02
  vertex -1.3776604e-02 -3.3259663e-02 7.2000000e-02
  vertex -1.3776604e-02 -3.3259663e-02 1.4000000e-02
 endloop
endfacet
facet normal -3.598950e-01 -9.329928e-01 0.000000e+00
 outer loop
  vertex -1.2128035e-02 -3.3895586e-02 1.4000000e-02
  vertex -1.2128035e-02 -3.3895586e-02 7.2000000e-02
  vertex -1.3776604e-02 -3.3259663e-02 1.4000000e-02
 endloop
endfacet
facet normal -3.136817e-01 -9.495282e-01 0.000000e+00
 outer loop
  vertex -1.0450248e-02 -3.4449852e-02 7.2000000e-02
  vertex -1.2128035e-02 -3.3895586e-02 7.2000000e-02
  vertex -1.2128035e-02 -3.3895586e-02 1.4000000e-02
 endloop
endfacet
facet normal -3.136817e-01 -9.495282e-01 0.000000e+00
 outer loop
  vertex -1.0450248e-02 -3.4449852e-02 1.4000000e-02
  vertex -1.0450248e-02 -3.4449852e-02 7.2000000e-02
  vertex -1.2128035e-02 -3.3895586e-02 1.4000000e-02
 endloop
endfacet
facet normal -2.667128e-01 -9.637761e-01 0.000000e+00
 outer loop
  vertex -8.7472865e-03 -3.4921125e-02 7.2000000e-02
  vertex -1.0450248e-02 -3.4449852e-02 7.2000000e-02
  vertex -1.0450248e-02 -3.4449852e-02 1.4000000e-02
 endloop
endfacet
facet normal -2.667128e-01 -9.637761e-01 0.000000e+00
 outer loop
  vertex -8.7472865e-03 -3.4921125e-02 1.4000000e-02
  vertex -8.7472865e-03 -3.4921125e-02 7.2000000e-02
  vertex -1.0450248e-02 -3.4449852e-02 1.4000000e-02
 endloop
endfacet
facet normal -2.191012e-01 -9.757021e-01 0.000000e+00
 outer loop
  vertex -7.0232516e-03 -3.5308270e-02 7.2000000e-02
  vertex -8.7472865e-03 -3.4921125e-02 7.2000000e-02
  vertex -8.7472865e-03 -3.4921125e-02 1.4000000e-02
 endloop
endfacet
facet normal -2.191012e-01 -9.757021e-01 0.000000e+00
 outer loop
  vertex -7.0232516e-03 -3.5308270e-02 1.4000000e-02
  vertex -7.0232516e-03 -3.5308270e-02 7.2000000e-02
  vertex -8.7472865e-03 -3.4921125e-02 1.4000000e-02
 endloop
endfacet
facet normal -1.709619e-01 -9.852776e-01 0.000000e+00
 outer loop
  vertex -5.2822971e-03 -3.5610354e-02 7.2000000e-02
  vertex -7.0232516e-03 -3.5308270e-02 7.2000000e-02
  vertex -7.0232516e-03 -3.5308270e-02 1.4000000e-02
 endloop
endfacet
facet normal -1.709619e-01 -9.852776e-01 0.000000e+00
 outer loop
  vertex -5.2822971e-03 -3.5610354e-02 1.4000000e-02
  vertex -5.2822971e-03 -3.5610354e-02 7.2000000e-02
  vertex -7.0232516e-03 -3.5308270e-02 1.4000000e-02
 endloop
endfacet
facet normal -1.224107e-01 -9.924795e-01 0.000000e+00
 outer loop
  vertex -3.5286171e-03 -3.5826650e-02 7.2000000e-02
  vertex -5.2822971e-03 -3.5610354e-02 7.2000000e-02
  vertex -5.2822971e-03 -3.5610354e-02 1.4000000e-02
 endloop
endfacet
facet normal -1.224107e-01 -9.924795e-01 0.000000e+00
 outer loop
  vertex -3.5286171e-03 -3.5826650e-02 1.4000000e-02
  vertex -3.5286171e-03 -3.5826650e-02 7.2000000e-02
  vertex -5.2822971e-03 -3.5610354e-02 1.4000000e-02
 endloop
endfacet
facet normal -7.356456e-02 -9.972905e-01 0.000000e+00
 outer loop
  vertex -1.7664363e-03 -3.5956636e-02 7.2000000e-02
  vertex -3.5286171e-03 -3.5826650e-02 7.2000000e-02
  vertex -3.5286171e-03 -3.5826650e-02 1.4000000e-02
 endloop
endfacet
facet normal -7.356456e-02 -9.972905e-01 0.000000e+00
 outer loop
  vertex -1.7664363e-03 -3.5956636e-02 1.4000000e-02
  vertex -1.7664363e-03 -3.5956636e-02 7.2000000e-02
  vertex -3.5286171e-03 -3.5826650e-02 1.4000000e-02
 endloop
endfacet
facet normal -2.454123e-02 -9.996988e-01 0.000000e+00
 outer loop
  vertex -6.6130927e-18 -3.6000000e-02 7.2000000e-02
  vertex -1.7664363e-03 -3.5956636e-02 7.2000000e-02
  vertex -1.7664363e-03 -3.5956636e-02 1.4000000e-02
 endloop
endfacet
facet normal -2.454123e-02 -9.996988e-01 0.000000e+00
 outer loop
  vertex -6.6130927e-18 -3.6000000e-02 1.4000000e-02
  vertex -6.6130927e-18 -3.6000000e-02 7.2000000e-02
  vertex -1.7664363e-03 -3.5956636e-02 1.4000000e-02
 endloop
endfacet
facet normal 2.454123e-02 -9.996988e-01 0.000000e+00
 outer loop
  vertex 1.7664363e-03 -3.5956636e-02 7.2000000e-02
  vertex -6.6130927e-18 -3.6000000e-02 7.2000000e-02
  vertex -6.6130927e-18 -3.6000000e-02 1.4000000e-02
 endloop
endfacet
facet normal 2.454123e-02 -9.996988e-01 0.000000e+00
 outer loop
  vertex 1.7664363e-03 -3.5956636e-02 1.4000000e-02
  vertex 1.7664363e-03 -3.5956636e-02 7.2000000e-02
  vertex -6.6130927e-18 -3.6000000e-02 1.4000000e-02
 endloop
endfacet
facet normal 7.356456e-02 -9.972905e-01 0.000000e+00
 outer loop
  vertex 3.5286171e-03 -3.5826650e-02 7.2000000e-02
  vertex 1.7664363e-03 -3.5956636e-02 7.2000000e-02
  vertex 1.7664363e-03 -3.5956636e-02 1.4000000e-02
 endloop
endfacet
facet normal 7.356456e-02 -9.972905e-01 0.000000e+00
 outer loop
  vertex 3.5286171e-03 -3.5826650e-02 1.4000000e-02
  vertex 3.5286171e-03 -3.5826650e-02 7.2000000e-02
  vertex 1.7664363e-03 -3.5956636e-02 1.4000000e-02
 endloop
endfacet
facet normal 1.224107e-01 -9.924795e-01 0.000000e+00
 outer loop
  vertex 5.2822971e-03 -3.5610354e-02 7.2000000e-02
  vertex 3.5286171e-03 -3.5826650e-02 7.2000000e-02
  vertex 3.5286171e-03 -3.5826650e-02 1.4000000e-02
 endloop
endfacet
facet normal 1.224107e-01 -9.924795e-01 0.000000e+00
 outer loop
  vertex 5.2822971e-03 -3.5610354e-02 1.4000000e-02
  vertex 5.2822971e-03 -3.5610354e-02 7.2000000e-02
  vertex 3.5286171e-03 -3.5826650e-02 1.4000000e-02
 endloop
endfacet
facet normal 1.709619e-01 -9.852776e-01 0.000000e+00
 outer loop
  vertex 7.0232516e-03 -3.5308270e-02 7.2000000e-02
  vertex 5.2822971e-03 -3.5610354e-02 7.2000000e-02
  vertex 5.2822971e-03 -3.5610354e-02 1.4000000e-02
 endloop
endfacet
facet normal 1.709619e-01 -9.852776e-01 0.000000e+00
 outer loop
  vertex 7.0232516e-03 -3.5308270e-02 1.4000000e-02
  vertex 7.0232516e-03 -3.5308270e-02 7.2000000e-02
  vertex 5.2822971e-03 -3.5610354e-02 1.4000000e-02
 endloop
endfacet
facet normal 2.191012e-01 -9.757021e-01 0.000000e+00
 outer loop
  vertex 8.7472865e-03 -3.4921125e-02 7.2000000e-02
  vertex 7.0232516e-03 -3.5308270e-02 7.2000000e-02
  vertex 7.0232516e-03 -3.5308270e-02 1.4000000e-02
 endloop
endfacet
facet normal 2.191012e-01 -9.757021e-01 0.000000e+00
 outer loop
  vertex 8.7472865e-03 -3.4921125e-02 1.4000000e-02
  vertex 8.7472865e-03 -3.4921125e-02 7.2000000e-02
  vertex 7.0232516e-03 -3.5308270e-02 1.4000000e-02
 endloop
endfacet
facet normal 2.667128e-01 -9.637761e-01 0.000000e+00
 outer loop
  vertex 1.0450248e-02 -3.4449852e-02 7.2000000e-02
  vertex 8.7472865e-03 -3.4921125e-02 7.2000000e-02
  vertex 8.7472865e-03 -3.4921125e-02 1.4000000e-02
 endloop
endfacet
facet normal 2.667128e-01 -9.637761e-01 0.000000e+00
 outer loop
  vertex 1.0450248e-02 -3.4449852e-02 1.4000000e-02
  vertex 1.0450248e-02 -3.4449852e-02 7.2000000e-02
  vertex 8.7472865e-03 -3.4921125e-02 1.4000000e-02
 endloop
endfacet
facet normal 3.136817e-01 -9.495282e-01 0.000000e+00
 outer loop
  vertex 1.2128035e-02 -3.3895586e-02 7.2000000e-02
  vertex 1.0450248e-02 -3.4449852e-02 7.2000000e-02
  vertex 1.0450248e-02 -3.4449852e-02 1.4000000e-02
 endloop
endfacet
facet normal 3.136817e-01 -9.495282e-01 0.000000e+00
 outer loop
  vertex 1.2128035e-02 -3.3895586e-02 1.4000000e-02
  vertex 1.2128035e-02 -3.3895586e-02 7.2000000e-02
  vertex 1.0450248e-02 -3.4449852e-02 1.4000000e-02
 endloop
endfacet
facet normal 3.598950e-01 -9.329928e-01 0.000000e+00
 outer loop
  vertex 1.3776604e-02 -3.3259663e-02 7.2000000e-02
  vertex 1.2128035e-02 -3.3895586e-02 7.2000000e-02
  vertex 1.2128035e-02 -3.3895586e-02 1.4000000e-02
 endloop
endfacet
facet normal 3.598950e-01 -9.329928e-01 0.000000e+00
 outer loop
  vertex 1.3776604e-02 -3.3259663e-02 1.4000000e-02
  vertex 1.3776604e-02 -3.3259663e-02 7.2000000e-02
  vertex 1.2128035e-02 -3.3895586e-02 1.4000000e-02
 endloop
endfacet
facet normal 4.052413e-01 -9.142098e-01 0.000000e+00
 outer loop
  vertex 1.5391983e-02 -3.2543615e-02 7.2000000e-02
  vertex 1.3776604e-02 -3.3259663e-02 7.2000000e-02
  vertex 1.3776604e-02 -3.3259663e-02 1.4000000e-02
 endloop
endfacet
facet normal 4.052413e-01 -9.142098e-01 0.000000e+00
 outer loop
  vertex 1.5391983e-02 -3.2543615e-02 1.4000000e-02
  vertex 1.5391983e-02 -3.2543615e-02 7.2000000e-02
  vertex 1.3776604e-02 -3.3259663e-02 1.4000000e-02
 endloop
endfacet
facet normal 4.496113e-01 -8.932243e-01 0.000000e+00
 outer loop
  vertex 1.6970283e-02 -3.1749166e-02 7.2000000e-02
  vertex 1.5391983e-02 -3.2543615e-02 7.2000000e-02
  vertex 1.5391983e-02 -3.2543615e-02 1.4000000e-02
 endloop
endfacet
facet normal 4.496113e-01 -8.932243e-01 0.000000e+00
 outer loop
  vertex 1.6970283e-02 -3.1749166e-02 1.4000000e-02
  vertex 1.6970283e-02 -3.1749166e-02 7.2000000e-02
  vertex 1.5391983e-02 -3.2543615e-02 1.4000000e-02
 endloop
endfacet
facet normal 4.928982e-01 -8.700870e-01 0.000000e+00
 outer loop
  vertex 1.8507699e-02 -3.0878230e-02 7.2000000e-02
  vertex 1.6970283e-02 -3.1749166e-02 7.2000000e-02
  vertex 1.6970283e-02 -3.1749166e-02 1.4000000e-02
 endloop
endfacet
facet normal 4.928982e-01 -8.700870e-01 0.000000e+00
 outer loop
  vertex 1.8507699e-02 -3.0878230e-02 1.4000000e-02
  vertex 1.8507699e-02 -3.0878230e-02 7.2000000e-02
  vertex 1.6970283e-02 -3.1749166e-02 1.4000000e-02
 endloop
endfacet
facet normal 5.349976e-01 -8.448536e-01 0.000000e+00
 outer loop
  vertex 2.0000528e-02 -2.9932906e-02 7.2000000e-02
  vertex 1.8507699e-02 -3.0878230e-02 7.2000000e-02
  vertex 1.8507699e-02 -3.0878230e-02 1.4000000e-02
 endloop
endfacet
facet normal 5.349976e-01 -8.448536e-01 0.000000e+00
 outer loop
  vertex 2.0000528e-02 -2.9932906e-02 1.4000000e-02
  vertex 2.0000528e-02 -2.9932906e-02 7.2000000e-02
  vertex 1.8507699e-02 -3.0878230e-02 1.4000000e-02
 endloop
endfacet
facet normal 5.758082e-01 -8.175848e-01 0.000000e+00
 outer loop
  vertex 2.1445175e-02 -2.8915471e-02 7.2000000e-02
  vertex 2.0000528e-02 -2.9932906e-02 7.2000000e-02
  vertex 2.0000528e-02 -2.9932906e-02 1.4000000e-02
 endloop
endfacet
facet normal 5.758082e-01 -8.175848e-01 0.000000e+00
 outer loop
  vertex 2.1445175e-02 -2.8915471e-02 1.4000000e-02
  vertex 2.1445175e-02 -2.8915471e-02 7.2000000e-02
  vertex 2.0000528e-02 -2.9932906e-02 1.4000000e-02
 endloop
endfacet
facet normal 6.152316e-01 -7.883464e-01 0.000000e+00
 outer loop
  vertex 2.2838158e-02 -2.7828376e-02 7.2000000e-02
  vertex 2.1445175e-02 -2.8915471e-02 7.2000000e-02
  vertex 2.1445175e-02 -2.8915471e-02 1.4000000e-02
 endloop
endfacet
facet normal 6.152316e-01 -7.883464e-01 0.000000e+00
 outer loop
  vertex 2.2838158e-02 -2.7828376e-02 1.4000000e-02
  vertex 2.2838158e-02 -2.7828376e-02 7.2000000e-02
  vertex 2.1445175e-02 -2.8915471e-02 1.4000000e-02
 endloop
endfacet
facet normal 6.531728e-01 -7.572088e-01 0.000000e+00
 outer loop
  vertex 2.4176122e-02 -2.6674241e-02 7.2000000e-02
  vertex 2.2838158e-02 -2.7828376e-02 7.2000000e-02
  vertex 2.2838158e-02 -2.7828376e-02 1.4000000e-02
 endloop
endfacet
facet normal 6.531728e-01 -7.572088e-01 0.000000e+00
 outer loop
  vertex 2.4176122e-02 -2.6674241e-02 1.4000000e-02
  vertex 2.4176122e-02 -2.6674241e-02 7.2000000e-02
  vertex 2.2838158e-02 -2.7828376e-02 1.4000000e-02
 endloop
endfacet
facet normal 6.895405e-01 -7.242471e-01 0.000000e+00
 outer loop
  vertex 2.5455844e-02 -2.5455844e-02 7.2000000e-02
  vertex 2.4176122e-02 -2.6674241e-02 7.2000000e-02
  vertex 2.4176122e-02 -2.6674241e-02 1.4000000e-02
 endloop
endfacet
facet normal 6.895405e-01 -7.242471e-01 0.000000e+00
 outer loop
  vertex 2.5455844e-02 -2.5455844e-02 1.4000000e-02
  vertex 2.5455844e-02 -2.5455844e-02 7.2000000e-02
  vertex 2.4176122e-02 -2.6674241e-02 1.4000000e-02
 endloop
endfacet
facet normal 7.242471e-01 -6.895405e-01 0.000000e+00
 outer loop
  vertex 2.6674241e-02 -2.4176122e-02 7.2000000e-02
  vertex 2.5455844e-02 -2.5455844e-02 7.2000000e-02
  vertex 2.5455844e-02 -2.5455844e-02 1.4000000e-02
 endloop
endfacet
facet normal 7.242471e-01 -6.895405e-01 0.000000e+00
 outer loop
  vertex 2.6674241e-02 -2.4176122e-02 1.4000000e-02
  vertex 2.6674241e-02 -2.4176122e-02 7.2000000e-02
  vertex 2.5455844e-02 -2.5455844e-02 1.4000000e-02
 endloop
endfacet
facet normal 7.572088e-01 -6.531728e-01 0.000000e+00
 outer loop
  vertex 2.7828376e-02 -2.2838158e-02 7.2000000e-02
  vertex 2.6674241e-02 -2.4176122e-02 7.2000000e-02
  vertex 2.6674241e-02 -2.4176122e-02 1.4000000e-02
 endloop
endfacet
facet normal 7.572088e-01 -6.531728e-01 0.000000e+00
 outer loop
  vertex 2.7828376e-02 -2.2838158e-02 1.4000000e-02
  vertex 2.7828376e-02 -2.2838158e-02 7.2000000e-02
  vertex 2.6674241e-02 -2.4176122e-02 1.4000000e-02
 endloop
endfacet
facet normal 7.883464e-01 -6.152316e-01 0.000000e+00
 outer loop
  vertex 2.8915471e-02 -2.1445175e-02 7.2000000e-02
  vertex 2.7828376e-02 -2.2838158e-02 7.2000000e-02
  vertex 2.7828376e-02 -2.2838158e-02 1.4000000e-02
 endloop
endfacet
facet normal 7.883464e-01 -6.152316e-01 0.000000e+00
 outer loop
  vertex 2.8915471e-02 -2.1445175e-02 1.4000000e-02
  vertex 2.8915471e-02 -2.1445175e-02 7.2000000e-02
  vertex 2.7828376e-02 -2.2838158e-02 1.4000000e-02
 endloop
endfacet
facet normal 8.175848e-01 -5.758082e-01 0.000000e+00
 outer loop
  vertex 2.9932906e-02 -2.0000528e-02 7.2000000e-02
  vertex 2.8915471e-02 -2.1445175e-02 7.2000000e-02
  vertex 2.8915471e-02 -2.1445175e-02 1.4000000e-02
 endloop
endfacet
facet normal 8.175848e-01 -5.758082e-01 0.000000e+00
 outer loop
  vertex 2.9932906e-02 -2.0000528e-02 1.4000000e-02
  vertex 2.9932906e-02 -2.0000528e-02 7.2000000e-02
  vertex 2.8915471e-02 -2.1445175e-02 1.4000000e-02
 endloop
endfacet
facet normal 8.448536e-01 -5.349976e-01 0.000000e+00
 outer loop
  vertex 3.0878230e-02 -1.8507699e-02 7.2000000e-02
  vertex 2.9932906e-02 -2.0000528e-02 7.2000000e-02
  vertex 2.9932906e-02 -2.0000528e-02 1.4000000e-02
 endloop
endfacet
facet normal 8.448536e-01 -5.349976e-01 0.000000e+00
 outer loop
  vertex 3.0878230e-02 -1.8507699e-02 1.4000000e-02
  vertex 3.0878230e-02 -1.8507699e-02 7.2000000e-02
  vertex 2.9932906e-02 -2.0000528e-02 1.4000000e-02
 endloop
endfacet
facet normal 8.700870e-01 -4.928982e-01 0.000000e+00
 outer loop
  vertex 3.1749166e-02 -1.6970283e-02 7.2000000e-02
  vertex 3.0878230e-02 -1.8507699e-02 7.2000000e-02
  vertex 3.0878230e-02 -1.8507699e-02 1.4000000e-02
 endloop
endfacet
facet normal 8.700870e-01 -4.928982e-01 0.000000e+00
 outer loop
  vertex 3.1749166e-02 -1.6970283e-02 1.4000000e-02
  vertex 3.1749166e-02 -1.6970283e-02 7.2000000e-02
  vertex 3.0878230e-02 -1.8507699e-02 1.4000000e-02
 endloop
endfacet
facet normal 8.932243e-01 -4.496113e-01 0.000000e+00
 outer loop
  vertex 3.2543615e-02 -1.5391983e-02 7.2000000e-02
  vertex 3.1749166e-02 -1.6970283e-02 7.2000000e-02
  vertex 3.1749166e-02 -1.6970283e-02 1.4000000e-02
 endloop
endfacet
facet normal 8.932243e-01 -4.496113e-01 0.000000e+00
 outer loop
  vertex 3.2543615e-02 -1.5391983e-02 1.4000000e-02
  vertex 3.2543615e-02 -1.5391983e-02 7.2000000e-02
  vertex 3.1749166e-02 -1.6970283e-02 1.4000000e-02
 endloop
endfacet
facet normal 9.142098e-01 -4.052413e-01 0.000000e+00
 outer loop
  vertex 3.3259663e-02 -1.3776604e-02 7.2000000e-02
  vertex 3.2543615e-02 -1.5391983e-02 7.2000000e-02
  vertex 3.2543615e-02 -1.5391983e-02 1.4000000e-02
 endloop
endfacet
facet normal 9.142098e-01 -4.052413e-01 0.000000e+00
 outer loop
  vertex 3.3259663e-02 -1.3776604e-02 1.4000000e-02
  vertex 3.3259663e-02 -1.3776604e-02 7.2000000e-02
  vertex 3.2543615e-02 -1.5391983e-02 1.4000000e-02
 endloop
endfacet
facet normal 9.329928e-01 -3.598950e-01 0.000000e+00
 outer loop
  vertex 3.3895586e-02 -1.2128035e-02 7.2000000e-02
  vertex 3.3259663e-02 -1.3776604e-02 7.2000000e-02
  vertex 3.3259663e-02 -1.3776604e-02 1.4000000e-02
 endloop
endfacet
facet normal 9.329928e-01 -3.598950e-01 0.000000e+00
 outer loop
  vertex 3.3895586e-02 -1.2128035e-02 1.4000000e-02
  vertex 3.3895586e-02 -1.2128035e-02 7.2000000e-02
  vertex 3.3259663e-02 -1.3776604e-02 1.4000000e-02
 endloop
endfacet
facet normal 9.495282e-01 -3.136817e-01 0.000000e+00
 outer loop
  vertex 3.4449852e-02 -1.0450248e-02 7.2000000e-02
  vertex 3.3895586e-02 -1.2128035e-02 7.2000000e-02
  vertex 3.3895586e-02 -1.2128035e-02 1.4000000e-02
 endloop
endfacet
facet normal 9.495282e-01 -3.136817e-01 0.000000e+00
 outer loop
  vertex 3.4449852e-02 -1.0450248e-02 1.4000000e-02
  vertex 3.4449852e-02 -1.0450248e-02 7.2000000e-02
  vertex 3.3895586e-02 -1.2128035e-02 1.4000000e-02
 endloop
endfacet
facet normal 9.637761e-01 -2.667128e-01 0.000000e+00
 outer loop
  vertex 3.4921125e-02 -8.7472865e-03 7.2000000e-02
  vertex 3.4449852e-02 -1.0450248e-02 7.2000000e-02
  vertex 3.4449852e-02 -1.0450248e-02 1.4000000e-02
 endloop
endfacet
facet normal 9.637761e-01 -2.667128e-01 0.000000e+00
 outer loop
  vertex 3.4921125e-02 -8.7472865e-03 1.4000000e-02
  vertex 3.4921125e-02 -8.7472865e-03 7.2000000e-02
  vertex 3.4449852e-02 -1.0450248e-02 1.4000000e-02
 endloop
endfacet
facet normal 9.757021e-01 -2.191012e-01 0.000000e+00
 outer loop
  vertex 3.5308270e-02 -7.0232516e-03 7.2000000e-02
  vertex 3.4921125e-02 -8.7472865e-03 7.2000000e-02
  vertex 3.4921125e-02 -8.7472865e-03 1.4000000e-02
 endloop
endfacet
facet normal 9.757021e-01 -2.191012e-01 0.000000e+00
 outer loop
  vertex 3.5308270e-02 -7.0232516e-03 1.4000000e-02
  vertex 3.5308270e-02 -7.0232516e-03 7.2000000e-02
  vertex 3.4921125e-02 -8.7472865e-03 1.4000000e-02
 endloop
endfacet
facet normal 9.852776e-01 -1.709619e-01 0.000000e+00
 outer loop
  vertex 3.5610354e-02 -5.2822971e-03 7.2000000e-02
  vertex 3.5308270e-02 -7.0232516e-03 7.2000000e-02
  vertex 3.5308270e-02 -7.0232516e-03 1.4000000e-02
 endloop
endfacet
facet normal 9.852776e-01 -1.709619e-01 0.000000e+00
 outer loop
  vertex 3.5610354e-02 -5.2822971e-03 1.4000000e-02
  vertex 3.5610354e-02 -5.2822971e-03 7.2000000e-02
  vertex 3.5308270e-02 -7.0232516e-03 1.4000000e-02
 endloop
endfacet
facet normal 9.924795e-01 -1.224107e-01 0.000000e+00
 outer loop
  vertex 3.5826650e-02 -3.5286171e-03 7.2000000e-02
  vertex 3.5610354e-02 -5.2822971e-03 7.2000000e-02
  vertex 3.5610354e-02 -5.2822971e-03 1.4000000e-02
 endloop
endfacet
facet normal 9.924795e-01 -1.224107e-01 0.000000e+00
 outer loop
  vertex 3.5826650e-02 -3.5286171e-03 1.4000000e-02
  vertex 3.5826650e-02 -3.5286171e-03 7.2000000e-02
  vertex 3.5610354e-02 -5.2822971e-03 1.4000000e-02
 endloop
endfacet
facet normal 9.972905e-01 -7.356456e-02 0.000000e+00
 outer loop
  vertex 3.5956636e-02 -1.7664363e-03 7.2000000e-02
  vertex 3.5826650e-02 -3.5286171e-03 7.2000000e-02
  vertex 3.5826650e-02 -3.5286171e-03 1.4000000e-02
 endloop
endfacet
facet normal 9.972905e-01 -7.356456e-02 0.000000e+00
 outer loop
  vertex 3.5956636e-02 -1.7664363e-03 1.4000000e-02
  vertex 3.5956636e-02 -1.7664363e-03 7.2000000e-02
  vertex 3.5826650e-02 -3.5286171e-03 1.4000000e-02
 endloop
endfacet
facet normal 9.996988e-01 -2.454123e-02 0.000000e+00
 outer loop
  vertex 3.6000000e-02 0.0000000e+00 7.2000000e-02
  vertex 3.5956636e-02 -1.7664363e-03 7.2000000e-02
  vertex 3.5956636e-02 -1.7664363e-03 1.4000000e-02
 endloop
endfacet
facet normal 9.996988e-01 -2.454123e-02 0.000000e+00
 outer loop
  vertex 3.6000000e-02 0.0000000e+00 1.4000000e-02
  vertex 3.6000000e-02 0.0000000e+00 7.2000000e-02
  vertex 3.5956636e-02 -1.7664363e-03 1.4000000e-02
 endloop
endfacet
facet normal 0.000000e+00 0.000000e+00 1.000000e+00
 outer loop
  vertex 1.1985545e-02 5.8881209e-04 7.2000000e-02
  vertex 1.2000000e-02 0.0000000e+00 7.2000000e-02
  vertex 3.6000000e-02 0.0000000e+00 7.2000000e-02
 endloop
endfacet
facet normal 0.000000e+00 0.000000e+00 1.000000e+00
 outer loop
  vertex 3.5956636e-02 1.7664363e-03 7.2000000e-02
  vertex 1.1985545e-02 5.8881209e-04 7.2000000e-02
  vertex 3.6000000e-02 0.0000000e+00 7.2000000e-02
 endloop
endfacet
facet normal -0.000000e+00 0.000000e+00 1.000000e+00
 outer loop
  vertex 1.1942217e-02 1.1762057e-03 7.2000000e-02
  vertex 1.1985545e-02 5.8881209e-04 7.2000000e-02
  vertex 3.5956636e-02 1.7664363e-03 7.2000000e-02
 endloop
endfacet
facet normal 0.000000e+00 0.000000e+00 1.000000e+00
 outer loop
  vertex 3.5826650e-02 3.5286171e-03 7.2000000e-02
  vertex 1.1942217e-02 1.1762057e-03 7.2000000e-02
  vertex 3.5956636e-02 1.7664363e-03 7.2000000e-02
 endloop
endfacet
facet normal -0.000000e+00 0.000000e+00 1.000000e+00
 outer loop
  vertex 1.1870118e-02 1.7607657e-03 7.2000000e-02
  vertex 1.1942217e-02 1.1762057e-03 7.2000000e-02
  vertex 3.5826650e-02 3.5286171e-03 7.2000000e-02
 endloop
endfacet
facet normal 0.000000e+00 0.000000e+00 1.000000e+00
 outer loop
  vertex 3.5610354e-02 5.2822971e-03 7.2000000e-02
  vertex 1.1870118e-02 1.7607657e-03 7.2000000e-02
  vertex 3.5826650e-02 3.5286171e-03 7.2000000e-02
 endloop
endfacet
facet normal -0.000000e+00 0.000000e+00 1.000000e+00
 outer loop
  vertex 1.1769423e-02 2.3410839e-03 7.2000000e-02
  vertex 1.1870118e-02 1.7607657e-03 7.2000000e-02
  vertex 3.5610354e-02 5.2822971e-03 7.2000000e-02
 endloop
endfacet
facet normal 0.000000e+00 0.000000e+00 1.000000e+00
 outer loop
  vertex 3.5308270e-02 7.0232516e-03 7.2000000e-02
  vertex 1.1769423e-02 2.3410839e-03 7.2000000e-02
  vertex 3.5610354e-02 5.2822971e-03 7.2000000e-02
 endloop
endfacet
facet normal -0.000000e+00 0.000000e+00 1.000000e+00
 outer loop
  vertex 1.1640375e-02 2.9157622e-03 7.2000000e-02
  vertex 1.1769423e-02 2.3410839e-03 7.2000000e-02
  vertex 3.5308270e-02 7.0232516e-03 7.2000000e-02
 endloop
endfacet
facet normal 0.000000e+00 0.000000e+00 1.000000e+00
 outer loop
  vertex 3.4921125e-02 8.7472865e-03 7.2000000e-02
  vertex 1.1640375e-02 2.9157622e-03 7.2000000e-02
  vertex 3.5308270e-02 7.0232516e-03 7.2000000e-02
 endloop
endfacet
facet normal -0.000000e+00 0.000000e+00 1.000000e+00
 outer loop
  vertex 1.1483284e-02 3.4834161e-03 7.2000000e-02
  vertex 1.1640375e-02 2.9157622e-03 7.2000000e-02
  vertex 3.4921125e-02 8.7472865e-03 7.2000000e-02
 endloop
endfacet
facet normal 0.000000e+00 0.000000e+00 1.000000e+00
 outer loop
  vertex 3.4449852e-02 1.0450248e-02 7.2000000e-02
  vertex 1.1483284e-02 3.4834161e-03 7.2000000e-02
  vertex 3.4921125e-02 8.7472865e-03 7.2000000e-02
 endloop
endfacet
facet normal -0.000000e+00 0.000000e+00 1.000000e+00
 outer loop
  vertex 1.1298529e-02 4.0426782e-03 7.2000000e-02
  vertex 1.1483284e-02 3.4834161e-03 7.2000000e-02
  vertex 3.4449852e-02 1.0450248e-02 7.2000000e-02
 endloop
endfacet
facet normal 0.000000e+00 0.000000e+00 1.000000e+00
 outer loop
  vertex 3.3895586e-02 1.2128035e-02 7.2000000e-02
  vertex 1.1298529e-02 4.0426782e-03 7.2000000e-02
  vertex 3.4449852e-02 1.0450248e-02 7.2000000e-02
 endloop
endfacet
facet normal -0.000000e+00 0.000000e+00 1.000000e+00
 outer loop
  vertex 1.1086554e-02 4.5922012e-03 7.2000000e-02
  vertex 1.1298529e-02 4.0426782e-03 7.2000000e-02
  vertex 3.3895586e-02 1.2128035e-02 7.2000000e-02
 endloop
endfacet
facet normal 0.000000e+00 0.000000e+00 1.000000e+00
 outer loop
  vertex 3.3259663e-02 1.3776604e-02 7.2000000e-02
  vertex 1.1086554e-02 4.5922012e-03 7.2000000e-02
  vertex 3.3895586e-02 1.2128035e-02 7.2000000e-02
 endloop
endfacet
facet normal -0.000000e+00 0.000000e+00 1.000000e+00
 outer loop
  vertex 1.0847872e-02 5.1306611e-03 7.2000000e-02
  vertex 1.1086554e-02 4.5922012e-03 7.2000000e-02
  vertex 3.3259663e-02 1.3776604e-02 7.2000000e-02
 endloop
endfacet
facet normal 0.000000e+00 0.000000e+00 1.000000e+00
 outer loop
  vertex 3.2543615e-02 1.5391983e-02 7.2000000e-02
  vertex 1.0847872e-02 5.1306611e-03 7.2000000e-02
  vertex 3.3259663e-02 1.3776604e-02 7.2000000e-02
 endloop
endfacet
facet normal -0.000000e+00 0.000000e+00 1.000000e+00
 outer loop
  vertex 1.0583055e-02 5.6567608e-03 7.2000000e-02
  vertex 1.0847872e-02 5.1306611e-03 7.2000000e-02
  vertex 3.2543615e-02 1.5391983e-02 7.2000000e-02
 endloop
endfacet
facet normal 0.000000e+00 0.000000e+00 1.000000e+00
 outer loop
  vertex 3.1749166e-02 1.6970283e-02 7.2000000e-02
  vertex 1.0583055e-02 5.6567608e-03 7.2000000e-02
  vertex 3.2543615e-02 1.5391983e-02 7.2000000e-02
 endloop
endfacet
facet normal -0.000000e+00 0.000000e+00 1.000000e+00
 outer loop
  vertex 1.0292743e-02 6.1692329e-03 7.2000000e-02
  vertex 1.0583055e-02 5.6567608e-03 7.2000000e-02
  vertex 3.1749166e-02 1.6970283e-02 7.2000000e-02
 endloop
endfacet
facet normal 0.000000e+00 0.000000e+00 1.000000e+00
 outer loop
  vertex 3.0878230e-02 1.8507699e-02 7.2000000e-02
  vertex 1.0292743e-02 6.1692329e-03 7.2000000e-02
  vertex 3.1749166e-02 1.6970283e-02 7.2000000e-02
 endloop
endfacet
facet normal -0.000000e+00 0.000000e+00 1.000000e+00
 outer loop
  vertex 9.9776353e-03 6.6668428e-03 7.2000000e-02
  vertex 1.0292743e-02 6.1692329e-03 7.2000000e-02
  vertex 3.0878230e-02 1.8507699e-02 7.2000000e-02
 endloop
endfacet
facet normal 0.000000e+00 0.000000e+00 1.000000e+00
 outer loop
  vertex 2.9932906e-02 2.0000528e-02 7.2000000e-02
  vertex 9.9776353e-03 6.6668428e-03 7.2000000e-02
  vertex 3.0878230e-02 1.8507699e-02 7.2000000e-02
 endloop
endfacet
facet normal -0.000000e+00 0.000000e+00 1.000000e+00
 outer loop
  vertex 9.6384904e-03 7.1483917e-03 7.2000000e-02
  vertex 9.9776353e-03 6.6668428e-03 7.2000000e-02
  vertex 2.9932906e-02 2.0000528e-02 7.2000000e-02
 endloop
endfacet
facet normal 0.000000e+00 0.000000e+00 1.000000e+00
 outer loop
  vertex 2.8915471e-02 2.1445175e-02 7.2000000e-02
  vertex 9.6384904e-03 7.1483917e-03 7.2000000e-02
  vertex 2.9932906e-02 2.0000528e-02 7.2000000e-02
 endloop
endfacet
facet normal -0.000000e+00 0.000000e+00 1.000000e+00
 outer loop
  vertex 9.2761254e-03 7.6127194e-03 7.2000000e-02
  vertex 9.6384904e-03 7.1483917e-03 7.2000000e-02
  vertex 2.8915471e-02 2.1445175e-02 7.2000000e-02
 endloop
endfacet
facet normal 0.000000e+00 0.000000e+00 1.000000e+00
 outer loop
  vertex 2.7828376e-02 2.2838158e-02 7.2000000e-02
  vertex 9.2761254e-03 7.6127194e-03 7.2000000e-02
  vertex 2.8915471e-02 2.1445175e-02 7.2000000e-02
 endloop
endfacet
facet normal -0.000000e+00 0.000000e+00 1.000000e+00
 outer loop
  vertex 8.8914135e-03 8.0587075e-03 7.2000000e-02
  vertex 9.2761254e-03 7.6127194e-03 7.2000000e-02
  vertex 2.7828376e-02 2.2838158e-02 7.2000000e-02
 endloop
endfacet
facet normal 0.000000e+00 0.000000e+00 1.000000e+00
 outer loop
  vertex 2.6674241e-02 2.4176122e-02 7.2000000e-02
  vertex 8.8914135e-03 8.0587075e-03 7.2000000e-02
  vertex 2.7828376e-02 2.2838158e-02 7.2000000e-02
 endloop
endfacet
facet normal -0.000000e+00 0.000000e+00 1.000000e+00
 outer loop
  vertex 8.4852814e-03 8.4852814e-03 7.2000000e-02
  vertex 8.8914135e-03 8.0587075e-03 7.2000000e-02
  vertex 2.6674241e-02 2.4176122e-02 7.2000000e-02
 endloop
endfacet
facet normal 0.000000e+00 0.000000e+00 1.000000e+00
 outer loop
  vertex 2.5455844e-02 2.5455844e-02 7.2000000e-02
  vertex 8.4852814e-03 8.4852814e-03 7.2000000e-02
  vertex 2.6674241e-02 2.4176122e-02 7.2000000e-02
 endloop
endfacet
facet normal -0.000000e+00 0.000000e+00 1.000000e+00
 outer loop
  vertex 8.0587075e-03 8.8914135e-03 7.2000000e-02
  vertex 8.4852814e-03 8.4852814e-03 7.2000000e-02
  vertex 2.5455844e-02 2.5455844e-02 7.2000000e-02
 endloop
endfacet
facet normal 0.000000e+00 0.000000e+00 1.000000e+00
 outer loop
  vertex 2.4176122e-02 2.6674241e-02 7.2000000e-02
  vertex 8.0587075e-03 8.8914135e-03 7.2000000e-02
  vertex 2.5455844e-02 2.5455844e-02 7.2000000e-02
 endloop
endfacet
facet normal -0.000000e+00 0.000000e+00 1.000000e+00
 outer loop
  vertex 7.6127194e-03 9.2761254e-03 7.2000000e-02
  vertex 8.0587075e-03 8.8914135e-03 7.2000000e-02
  vertex 2.4176122e-02 2.6674241e-02 7.2000000e-02
 endloop
endfacet
facet normal 0.000000e+00 0.000000e+00 1.000000e+00
 outer loop
  vertex 2.2838158e-02 2.7828376e-02 7.2000000e-02
  vertex 7.6127194e-03 9.2761254e-03 7.2000000e-02
  vertex 2.4176122e-02 2.6674241e-02 7.2000000e-02
 endloop
endfacet
facet normal -0.000000e+00 0.000000e+00 1.000000e+00
 outer loop
  vertex 7.1483917e-03 9.6384904e-03 7.2000000e-02
  vertex 7.6127194e-03 9.2761254e-03 7.2000000e-02
  vertex 2.2838158e-02 2.7828376e-02 7.2000000e-02
 endloop
endfacet
facet normal 0.000000e+00 0.000000e+00 1.000000e+00
 outer loop
  vertex 2.1445175e-02 2.8915471e-02 7.2000000e-02
  vertex 7.1483917e-03 9.6384904e-03 7.2000000e-02
  vertex 2.2838158e-02 2.7828376e-02 7.2000000e-02
 endloop
endfacet
facet normal -0.000000e+00 0.000000e+00 1.000000e+00
 outer loop
  vertex 6.6668428e-03 9.9776353e-03 7.2000000e-02
  vertex 7.1483917e-03 9.6384904e-03 7.2000000e-02
  vertex 2.1445175e-02 2.8915471e-02 7.2000000e-02
 endloop
endfacet
facet normal 0.000000e+00 0.000000e+00 1.000000e+00
 outer loop
  vertex 2.0000528e-02 2.9932906e-02 7.2000000e-02
  vertex 6.6668428e-03 9.9776353e-03 7.2000000e-02
  vertex 2.1445175e-02 2.8915471e-02 7.2000000e-02
 endloop
endfacet
facet normal -0.000000e+00 0.000000e+00 1.000000e+00
 outer loop
  vertex 6.1692329e-03 1.0292743e-02 7.2000000e-02
  vertex 6.6668428e-03 9.9776353e-03 7.2000000e-02
  vertex 2.0000528e-02 2.9932906e-02 7.2000000e-02
 endloop
endfacet
facet normal 0.000000e+00 0.000000e+00 1.000000e+00
 outer loop
  vertex 1.8507699e-02 3.0878230e-02 7.2000000e-02
  vertex 6.1692329e-03 1.0292743e-02 7.2000000e-02
  vertex 2.0000528e-02 2.9932906e-02 7.2000000e-02
 endloop
endfacet
facet normal -0.000000e+00 0.000000e+00 1.000000e+00
 outer loop
  vertex 5.6567608e-03 1.0583055e-02 7.2000000e-02
  vertex 6.1692329e-03 1.0292743e-02 7.2000000e-02
  vertex 1.8507699e-02 3.0878230e-02 7.2000000e-02
 endloop
endfacet
facet normal 0.000000e+00 0.000000e+00 1.000000e+00
 outer loop
  vertex 1.6970283e-02 3.1749166e-02 7.2000000e-02
  vertex 5.6567608e-03 1.0583055e-02 7.2000000e-02
  vertex 1.8507699e-02 3.0878230e-02 7.2000000e-02
 endloop
endfacet
facet normal -0.000000e+00 0.000000e+00 1.000000e+00
 outer loop
  vertex 5.1306611e-03 1.0847872e-02 7.2000000e-02
  vertex 5.6567608e-03 1.0583055e-02 7.2000000e-02
  vertex 1.6970283e-02 3.1749166e-02 7.2000000e-02
 endloop
endfacet
facet normal 0.000000e+00 0.000000e+00 1.000000e+00
 outer loop
  vertex 1.5391983e-02 3.2543615e-02 7.2000000e-02
  vertex 5.1306611e-03 1.0847872e-02 7.2000000e-02
  vertex 1.6970283e-02 3.1749166e-02 7.2000000e-02
 endloop
endfacet
facet normal -0.000000e+00 0.000000e+00 1.000000e+00
 outer loop
  vertex 4.5922012e-03 1.1086554e-02 7.2000000e-02
  vertex 5.1306611e-03 1.0847872e-02 7.2000000e-02
  vertex 1.5391983e-02 3.2543615e-02 7.2000000e-02
 endloop
endfacet
facet normal 0.000000e+00 0.000000e+00 1.000000e+00
 outer loop
  vertex 1.3776604e-02 3.3259663e-02 7.2000000e-02
  vertex 4.5922012e-03 1.1086554e-02 7.2000000e-02
  vertex 1.5391983e-02 3.2543615e-02 7.2000000e-02
 endloop
endfacet
facet normal -0.000000e+00 0.000000e+00 1.000000e+00
 outer loop
  vertex 4.0426782e-03 1.1298529e-02 7.2000000e-02
  vertex 4.5922012e-03 1.1086554e-02 7.2000000e-02
  vertex 1.3776604e-02 3.3259663e-02 7.2000000e-02
 endloop
endfacet
facet normal 0.000000e+00 0.000000e+00 1.000000e+00
 outer loop
  vertex 1.2128035e-02 3.3895586e-02 7.2000000e-02
  vertex 4.0426782e-03 1.1298529e-02 7.2000000e-02
  vertex 1.3776604e-02 3.3259663e-02 7.2000000e-02
 endloop
endfacet
facet normal -0.000000e+00 0.000000e+00 1.000000e+00
 outer loop
  vertex 3.4834161e-03 1.1483284e-02 7.2000000e-02
  vertex 4.0426782e-03 1.1298529e-02 7.2000000e-02
  vertex 1.2128035e-02 3.3895586e-02 7.2000000e-02
 endloop
endfacet
facet normal 0.000000e+00 0.000000e+00 1.000000e+00
 outer loop
  vertex 1.0450248e-02 3.4449852e-02 7.2000000e-02
  vertex 3.4834161e-03 1.1483284e-02 7.2000000e-02
  vertex 1.2128035e-02 3.3895586e-02 7.2000000e-02
 endloop
endfacet
facet normal -0.000000e+00 0.000000e+00 1.000000e+00
 outer loop
  vertex 2.9157622e-03 1.1640375e-02 7.2000000e-02
  vertex 3.4834161e-03 1.1483284e-02 7.2000000e-02
  vertex 1.0450248e-02 3.4449852e-02 7.2000000e-02
 endloop
endfacet
facet normal 0.000000e+00 0.000000e+00 1.000000e+00
 outer loop
  vertex 8.7472865e-03 3.4921125e-02 7.2000000e-02
  vertex 2.9157622e-03 1.1640375e-02 7.2000000e-02
  vertex 1.0450248e-02 3.4449852e-02 7.2000000e-02
 endloop
endfacet
facet normal -0.000000e+00 0.000000e+00 1.000000e+00
 outer loop
  vertex 2.3410839e-03 1.1769423e-02 7.2000000e-02
  vertex 2.9157622e-03 1.1640375e-02 7.2000000e-02
  vertex 8.7472865e-03 3.4921125e-02 7.2000000e-02
 endloop
endfacet
facet normal 0.000000e+00 0.000000e+00 1.000000e+00
 outer loop
  vertex 7.0232516e-03 3.5308270e-02 7.2000000e-02
  vertex 2.3410839e-03 1.1769423e-02 7.2000000e-02
  vertex 8.7472865e-03 3.4921125e-02 7.2000000e-02
 endloop
endfacet
facet normal -0.000000e+00 0.000000e+00 1.000000e+00
 outer loop
  vertex 1.7607657e-03 1.1870118e-02 7.2000000e-02
  vertex 2.3410839e-03 1.1769423e-02 7.2000000e-02
  vertex 7.0232516e-03 3.5308270e-02 7.2000000e-02
 endloop
endfacet
facet normal 0.000000e+00 0.000000e+00 1.000000e+00
 outer loop
  vertex 5.2822971e-03 3.5610354e-02 7.2000000e-02
  vertex 1.7607657e-03 1.1870118e-02 7.2000000e-02
  vertex 7.0232516e-03 3.5308270e-02 7.2000000e-02
 endloop
endfacet
facet normal -0.000000e+00 0.000000e+00 1.000000e+00
 outer loop
  vertex 1.1762057e-03 1.1942217e-02 7.2000000e-02
  vertex 1.7607657e-03 1.1870118e-02 7.2000000e-02
  vertex 5.2822971e-03 3.5610354e-02 7.2000000e-02
 endloop
endfacet
facet normal 0.000000e+00 0.000000e+00 1.000000e+00
 outer loop
  vertex 3.5286171e-03 3.5826650e-02 7.2000000e-02
  vertex 1.1762057e-03 1.1942217e-02 7.2000000e-02
  vertex 5.2822971e-03 3.5610354e-02 7.2000000e-02
 endloop
endfacet
facet normal -0.000000e+00 0.000000e+00 1.000000e+00
 outer loop
  vertex 5.8881209e-04 1.1985545e-02 7.2000000e-02
  vertex 1.1762057e-03 1.1942217e-02 7.2000000e-02
  vertex 3.5286171e-03 3.5826650e-02 7.2000000e-02
 endloop
endfacet
facet normal 0.000000e+00 0.000000e+00 1.000000e+00
 outer loop
  vertex 1.7664363e-03 3.5956636e-02 7.2000000e-02
  vertex 5.8881209e-04 1.1985545e-02 7.2000000e-02
  vertex 3.5286171e-03 3.5826650e-02 7.2000000e-02
 endloop
endfacet
facet normal -0.000000e+00 0.000000e+00 1.000000e+00
 outer loop
  vertex 7.3478808e-19 1.2000000e-02 7.2000000e-02
  vertex 5.8881209e-04 1.1985545e-02 7.2000000e-02
  vertex 1.7664363e-03 3.5956636e-02 7.2000000e-02
 endloop
endfacet
facet normal 0.000000e+00 0.000000e+00 1.000000e+00
 outer loop
  vertex 2.2043642e-18 3.6000000e-02 7.2000000e-02
  vertex 7.3478808e-19 1.2000000e-02 7.2000000e-02
  vertex 1.7664363e-03 3.5956636e-02 7.2000000e-02
 endloop
endfacet
facet normal 0.000000e+00 0.000000e+00 1.000000e+00
 outer loop
  vertex -5.8881209e-04 1.1985545e-02 7.2000000e-02
  vertex 7.3478808e-19 1.2000000e-02 7.2000000e-02
  vertex 2.2043642e-18 3.6000000e-02 7.2000000e-02
 endloop
endfacet
facet normal -0.000000e+00 0.000000e+00 1.000000e+00
 outer loop
  vertex -1.7664363e-03 3.5956636e-02 7.2000000e-02
  vertex -5.8881209e-04 1.1985545e-02 7.2000000e-02
  vertex 2.2043642e-18 3.6000000e-02 7.2000000e-02
 endloop
endfacet
facet normal 0.000000e+00 -0.000000e+00 1.000000e+00
 outer loop
  vertex -1.1762057e-03 1.1942217e-02 7.2000000e-02
  vertex -5.8881209e-04 1.1985545e-02 7.2000000e-02
  vertex -1.7664363e-03 3.5956636e-02 7.2000000e-02
 endloop
endfacet
facet normal -0.000000e+00 0.000000e+00 1.000000e+00
 outer loop
  vertex -3.5286171e-03 3.5826650e-02 7.2000000e-02
  vertex -1.1762057e-03 1.1942217e-02 7.2000000e-02
  vertex -1.7664363e-03 3.5956636e-02 7.2000000e-02
 endloop
endfacet
facet normal 0.000000e+00 -0.000000e+00 1.000000e+00
 outer loop
  vertex -1.7607657e-03 1.1870118e-02 7.2000000e-02
  vertex -1.1762057e-03 1.1942217e-02 7.2000000e-02
  vertex -3.5286171e-03 3.5826650e-02 7.2000000e-02
 endloop
endfacet
facet normal -0.000000e+00 0.000000e+00 1.000000e+00
 outer loop
  vertex -5.2822971e-03 3.5610354e-02 7.2000000e-02
  vertex -1.7607657e-03 1.1870118e-02 7.2000000e-02
  vertex -3.5286171e-03 3.5826650e-02 7.2000000e-02
 endloop
endfacet
facet normal 0.000000e+00 -0.000000e+00 1.000000e+00
 outer loop
  vertex -2.3410839e-03 1.1769423e-02 7.2000000e-02
  vertex -1.7607657e-03 1.1870118e-02 7.2000000e-02
  vertex -5.2822971e-03 3.5610354e-02 7.2000000e-02
 endloop
endfacet
facet normal -0.000000e+00 0.000000e+00 1.000000e+00
 outer loop
  vertex -7.0232516e-03 3.5308270e-02 7.2000000e-02
  vertex -2.3410839e-03 1.1769423e-02 7.2000000e-02
  vertex -5.2822971e-03 3.5610354e-02 7.2000000e-02
 endloop
endfacet
facet normal 0.000000e+00 -0.000000e+00 1.000000e+00
 outer loop
  vertex -2.9157622e-03 1.1640375e-02 7.2000000e-02
  vertex -2.3410839e-03 1.1769423e-02 7.2000000e-02
  vertex -7.0232516e-03 3.5308270e-02 7.2000000e-02
 endloop
endfacet
facet normal -0.000000e+00 0.000000e+00 1.000000e+00
 outer loop
  vertex -8.7472865e-03 3.4921125e-02 7.2000000e-02
  vertex -2.9157622e-03 1.1640375e-02 7.2000000e-02
  vertex -7.0232516e-03 3.5308270e-02 7.2000000e-02
 endloop
endfacet
facet normal 0.000000e+00 -0.000000e+00 1.000000e+00
 outer loop
  vertex -3.4834161e-03 1.1483284e-02 7.2000000e-02
  vertex -2.9157622e-03 1.1640375e-02 7.2000000e-02
  vertex -8.7472865e-03 3.4921125e-02 7.2000000e-02
 endloop
endfacet
facet normal -0.000000e+00 0.000000e+00 1.000000e+00
 outer loop
  vertex -1.0450248e-02 3.4449852e-02 7.2000000e-02
  vertex -3.4834161e-03 1.1483284e-02 7.2000000e-02
  vertex -8.7472865e-03 3.4921125e-02 7.2000000e-02
 endloop
endfacet
facet normal 0.000000e+00 -0.000000e+00 1.000000e+00
 outer loop
  vertex -4.0426782e-03 1.1298529e-02 7.2000000e-02
  vertex -3.4834161e-03 1.1483284e-02 7.2000000e-02
  vertex -1.0450248e-02 3.4449852e-02 7.2000000e-02
 endloop
endfacet
facet normal -0.000000e+00 0.000000e+00 1.000000e+00
 outer loop
  vertex -1.2128035e-02 3.3895586e-02 7.2000000e-02
  vertex -4.0426782e-03 1.1298529e-02 7.2000000e-02
  vertex -1.0450248e-02 3.4449852e-02 7.2000000e-02
 endloop
endfacet
facet normal 0.000000e+00 -0.000000e+00 1.000000e+00
 outer loop
  vertex -4.5922012e-03 1.1086554e-02 7.2000000e-02
  vertex -4.0426782e-03 1.1298529e-02 7.2000000e-02
  vertex -1.2128035e-02 3.3895586e-02 7.2000000e-02
 endloop
endfacet
facet normal -0.000000e+00 0.000000e+00 1.000000e+00
 outer loop
  vertex -1.3776604e-02 3.3259663e-02 7.2000000e-02
  vertex -4.5922012e-03 1.1086554e-02 7.2000000e-02
  vertex -1.2128035e-02 3.3895586e-02 7.2000000e-02
 endloop
endfacet
facet normal 0.000000e+00 -0.000000e+00 1.000000e+00
 outer loop
  vertex -5.1306611e-03 1.0847872e-02 7.2000000e-02
  vertex -4.5922012e-03 1.1086554e-02 7.2000000e-02
  vertex -1.3776604e-02 3.3259663e-02 7.2000000e-02
 endloop
endfacet
facet normal -0.000000e+00 0.000000e+00 1.000000e+00
 outer loop
  vertex -1.5391983e-02 3.2543615e-02 7.2000000e-02
  vertex -5.1306611e-03 1.0847872e-02 7.2000000e-02
  vertex -1.3776604e-02 3.3259663e-02 7.2000000e-02
 endloop
endfacet
facet normal 0.000000e+00 -0.000000e+00 1.000000e+00
 outer loop
  vertex -5.6567608e-03 1.0583055e-02 7.2000000e-02
  vertex -5.1306611e-03 1.0847872e-02 7.2000000e-02
  vertex -1.5391983e-02 3.2543615e-02 7.2000000e-02
 endloop
endfacet
facet normal -0.000000e+00 0.000000e+00 1.000000e+00
 outer loop
  vertex -1.6970283e-02 3.1749166e-02 7.2000000e-02
  vertex -5.6567608e-03 1.0583055e-02 7.2000000e-02
  vertex -1.5391983e-02 3.2543615e-02 7.2000000e-02
 endloop
endfacet
facet normal 0.000000e+00 -0.000000e+00 1.000000e+00
 outer loop
  vertex -6.1692329e-03 1.0292743e-02 7.2000000e-02
  vertex -5.6567608e-03 1.0583055e-02 7.2000000e-02
  vertex -1.6970283e-02 3.1749166e-02 7.2000000e-02
 endloop
endfacet
facet normal -0.000000e+00 0.000000e+00 1.000000e+00
 outer loop
  vertex -1.8507699e-02 3.0878230e-02 7.2000000e-02
  vertex -6.1692329e-03 1.0292743e-02 7.2000000e-02
  vertex -1.6970283e-02 3.1749166e-02 7.2000000e-02
 endloop
endfacet
facet normal 0.000000e+00 -0.000000e+00 1.000000e+00
 outer loop
  vertex -6.6668428e-03 9.9776353e-03 7.2000000e-02
  vertex -6.1692329e-03 1.0292743e-02 7.2000000e-02
  vertex -1.8507699e-02 3.0878230e-02 7.2000000e-02
 endloop
endfacet
facet normal -0.000000e+00 0.000000e+00 1.000000e+00
 outer loop
  vertex -2.0000528e-02 2.9932906e-02 7.2000000e-02
  vertex -6.6668428e-03 9.9776353e-03 7.2000000e-02
  vertex -1.8507699e-02 3.0878230e-02 7.2000000e-02
 endloop
endfacet
facet normal 0.000000e+00 -0.000000e+00 1.000000e+00
 outer loop
  vertex -7.1483917e-03 9.6384904e-03 7.2000000e-02
  vertex -6.6668428e-03 9.9776353e-03 7.2000000e-02
  vertex -2.0000528e-02 2.9932906e-02 7.2000000e-02
 endloop
endfacet
facet normal -0.000000e+00 0.000000e+00 1.000000e+00
 outer loop
  vertex -2.1445175e-02 2.8915471e-02 7.2000000e-02
  vertex -7.1483917e-03 9.6384904e-03 7.2000000e-02
  vertex -2.0000528e-02 2.9932906e-02 7.2000000e-02
 endloop
endfacet
facet normal 0.000000e+00 -0.000000e+00 1.000000e+00
 outer loop
  vertex -7.6127194e-03 9.2761254e-03 7.2000000e-02
  vertex -7.1483917e-03 9.6384904e-03 7.2000000e-02
  vertex -2.1445175e-02 2.8915471e-02 7.2000000e-02
 endloop
endfacet
facet normal -0.000000e+00 0.000000e+00 1.000000e+00
 outer loop
  vertex -2.2838158e-02 2.7828376e-02 7.2000000e-02
  vertex -7.6127194e-03 9.2761254e-03 7.2000000e-02
  vertex -2.1445175e-02 2.8915471e-02 7.2000000e-02
 endloop
endfacet
facet normal 0.000000e+00 -0.000000e+00 1.000000e+00
 outer loop
  vertex -8.0587075e-03 8.8914135e-03 7.2000000e-02
  vertex -7.6127194e-03 9.2761254e-03 7.2000000e-02
  vertex -2.2838158e-02 2.7828376e-02 7.2000000e-02
 endloop
endfacet
facet normal -0.000000e+00 0.000000e+00 1.000000e+00
 outer loop
  vertex -2.4176122e-02 2.6674241e-02 7.2000000e-02
  vertex -8.0587075e-03 8.8914135e-03 7.2000000e-02
  vertex -2.2838158e-02 2.7828376e-02 7.2000000e-02
 endloop
endfacet
facet normal 0.000000e+00 -0.000000e+00 1.000000e+00
 outer loop
  vertex -8.4852814e-03 8.4852814e-03 7.2000000e-02
  vertex -8.0587075e-03 8.8914135e-03 7.2000000e-02
  vertex -2.4176122e-02 2.6674241e-02 7.2000000e-02
 endloop
endfacet
facet normal -0.000000e+00 0.000000e+00 1.000000e+00
 outer loop
  vertex -2.5455844e-02 2.5455844e-02 7.2000000e-02
  vertex -8.4852814e-03 8.4852814e-03 7.2000000e-02
  vertex -2.4176122e-02 2.6674241e-02 7.2000000e-02
 endloop
endfacet
facet normal 0.000000e+00 -0.000000e+00 1.000000e+00
 outer loop
  vertex -8.8914135e-03 8.0587075e-03 7.2000000e-02
  vertex -8.4852814e-03 8.4852814e-03 7.2000000e-02
  vertex -2.5455844e-02 2.5455844e-02 7.2000000e-02
 endloop
endfacet
facet normal -0.000000e+00 0.000000e+00 1.000000e+00
 outer loop
  vertex -2.6674241e-02 2.4176122e-02 7.2000000e-02
  vertex -8.8914135e-03 8.0587075e-03 7.2000000e-02
  vertex -2.5455844e-02 2.5455844e-02 7.2000000e-02
 endloop
endfacet
facet normal 0.000000e+00 -0.000000e+00 1.000000e+00
 outer loop
  vertex -9.2761254e-03 7.6127194e-03 7.2000000e-02
  vertex -8.8914135e-03 8.0587075e-03 7.2000000e-02
  vertex -2.6674241e-02 2.4176122e-02 7.2000000e-02
 endloop
endfacet
facet normal -0.000000e+00 0.000000e+00 1.000000e+00
 outer loop
  vertex -2.7828376e-02 2.2838158e-02 7.2000000e-02
  vertex -9.2761254e-03 7.6127194e-03 7.2000000e-02
  vertex -2.6674241e-02 2.4176122e-02 7.2000000e-02
 endloop
endfacet
facet normal 0.000000e+00 -0.000000e+00 1.000000e+00
 outer loop
  vertex -9.6384904e-03 7.1483917e-03 7.2000000e-02
  vertex -9.2761254e-03 7.6127194e-03 7.2000000e-02
  vertex -2.7828376e-02 2.2838158e-02 7.2000000e-02
 endloop
endfacet
facet normal -0.000000e+00 0.000000e+00 1.000000e+00
 outer loop
  vertex -2.8915471e-02 2.1445175e-02 7.2000000e-02
  vertex -9.6384904e-03 7.1483917e-03 7.2000000e-02
  vertex -2.7828376e-02 2.2838158e-02 7.2000000e-02
 endloop
endfacet
facet normal 0.000000e+00 -0.000000e+00 1.000000e+00
 outer loop
  vertex -9.9776353e-03 6.6668428e-03 7.2000000e-02
  vertex -9.6384904e-03 7.1483917e-03 7.2000000e-02
  vertex -2.8915471e-02 2.1445175e-02 7.2000000e-02
 endloop
endfacet
facet normal -0.000000e+00 0.000000e+00 1.000000e+00
 outer loop
  vertex -2.9932906e-02 2.0000528e-02 7.2000000e-02
  vertex -9.9776353e-03 6.6668428e-03 7.2000000e-02
  vertex -2.8915471e-02 2.1445175e-02 7.2000000e-02
 endloop
endfacet
facet normal 0.000000e+00 -0.000000e+00 1.000000e+00
 outer loop
  vertex -1.0292743e-02 6.1692329e-03 7.2000000e-02
  vertex -9.9776353e-03 6.6668428e-03 7.2000000e-02
  vertex -2.9932906e-02 2.0000528e-02 7.2000000e-02
 endloop
endfacet
facet normal -0.000000e+00 0.000000e+00 1.000000e+00
 outer loop
  vertex -3.0878230e-02 1.8507699e-02 7.2000000e-02
  vertex -1.0292743e-02 6.1692329e-03 7.2000000e-02
  vertex -2.9932906e-02 2.0000528e-02 7.2000000e-02
 endloop
endfacet
facet normal 0.000000e+00 -0.000000e+00 1.000000e+00
 outer loop
  vertex -1.0583055e-02 5.6567608e-03 7.2000000e-02
  vertex -1.0292743e-02 6.1692329e-03 7.2000000e-02
  vertex -3.0878230e-02 1.8507699e-02 7.2000000e-02
 endloop
endfacet
facet normal -0.000000e+00 0.000000e+00 1.000000e+00
 outer loop
  vertex -3.1749166e-02 1.6970283e-02 7.2000000e-02
  vertex -1.0583055e-02 5.6567608e-03 7.2000000e-02
  vertex -3.0878230e-02 1.8507699e-02 7.2000000e-02
 endloop
endfacet
facet normal 0.000000e+00 -0.000000e+00 1.000000e+00
 outer loop
  vertex -1.0847872e-02 5.1306611e-03 7.2000000e-02
  vertex -1.0583055e-02 5.6567608e-03 7.2000000e-02
  vertex -3.1749166e-02 1.6970283e-02 7.2000000e-02
 endloop
endfacet
facet normal -0.000000e+00 0.000000e+00 1.000000e+00
 outer loop
  vertex -3.2543615e-02 1.5391983e-02 7.2000000e-02
  vertex -1.0847872e-02 5.1306611e-03 7.2000000e-02
  vertex -3.1749166e-02 1.6970283e-02 7.2000000e-02
 endloop
endfacet
facet normal 0.000000e+00 -0.000000e+00 1.000000e+00
 outer loop
  vertex -1.1086554e-02 4.5922012e-03 7.2000000e-02
  vertex -1.0847872e-02 5.1306611e-03 7.2000000e-02
  vertex -3.2543615e-02 1.5391983e-02 7.2000000e-02
 endloop
endfacet
facet normal -0.000000e+00 0.000000e+00 1.000000e+00
 outer loop
  vertex -3.3259663e-02 1.3776604e-02 7.2000000e-02
  vertex -1.1086554e-02 4.5922012e-03 7.2000000e-02
  vertex -3.2543615e-02 1.5391983e-02 7.2000000e-02
 endloop
endfacet
facet normal 0.000000e+00 -0.000000e+00 1.000000e+00
 outer loop
  vertex -1.1298529e-02 4.0426782e-03 7.2000000e-02
  vertex -1.1086554e-02 4.5922012e-03 7.2000000e-02
  vertex -3.3259663e-02 1.3776604e-02 7.2000000e-02
 endloop
endfacet
facet normal -0.000000e+00 0.000000e+00 1.000000e+00
 outer loop
  vertex -3.3895586e-02 1.2128035e-02 7.2000000e-02
  vertex -1.1298529e-02 4.0426782e-03 7.2000000e-02
  vertex -3.3259663e-02 1.3776604e-02 7.2000000e-02
 endloop
endfacet
facet normal 0.000000e+00 -0.000000e+00 1.000000e+00
 outer loop
  vertex -1.1483284e-02 3.4834161e-03 7.2000000e-02
  vertex -1.1298529e-02 4.0426782e-03 7.2000000e-02
  vertex -3.3895586e-02 1.2128035e-02 7.2000000e-02
 endloop
endfacet
facet normal -0.000000e+00 0.000000e+00 1.000000e+00
 outer loop
  vertex -3.4449852e-02 1.0450248e-02 7.2000000e-02
  vertex -1.1483284e-02 3.4834161e-03 7.2000000e-02
  vertex -3.3895586e-02 1.2128035e-02 7.2000000e-02
 endloop
endfacet
facet normal 0.000000e+00 -0.000000e+00 1.000000e+00
 outer loop
  vertex -1.1640375e-02 2.9157622e-03 7.2000000e-02
  vertex -1.1483284e-02 3.4834161e-03 7.2000000e-02
  vertex -3.4449852e-02 1.0450248e-02 7.2000000e-02
 endloop
endfacet
facet normal -0.000000e+00 0.000000e+00 1.000000e+00
 outer loop
  vertex -3.4921125e-02 8.7472865e-03 7.2000000e-02
  vertex -1.1640375e-02 2.9157622e-03 7.2000000e-02
  vertex -3.4449852e-02 1.0450248e-02 7.2000000e-02
 endloop
endfacet
facet normal 0.000000e+00 -0.000000e+00 1.000000e+00
 outer loop
  vertex -1.1769423e-02 2.3410839e-03 7.2000000e-02
  vertex -1.1640375e-02 2.9157622e-03 7.2000000e-02
  vertex -3.4921125e-02 8.7472865e-03 7.2000000e-02
 endloop
endfacet
facet normal -0.000000e+00 0.000000e+00 1.000000e+00
 outer loop
  vertex -3.5308270e-02 7.0232516e-03 7.2000000e-02
  vertex -1.1769423e-02 2.3410839e-03 7.2000000e-02
  vertex -3.4921125e-02 8.7472865e-03 7.2000000e-02
 endloop
endfacet
facet normal 0.000000e+00 -0.000000e+00 1.000000e+00
 outer loop
  vertex -1.1870118e-02 1.7607657e-03 7.2000000e-02
  vertex -1.1769423e-02 2.3410839e-03 7.2000000e-02
  vertex -3.5308270e-02 7.0232516e-03 7.2000000e-02
 endloop
endfacet
facet normal -0.000000e+00 0.000000e+00 1.000000e+00
 outer loop
  vertex -3.5610354e-02 5.2822971e-03 7.2000000e-02
  vertex -1.1870118e-02 1.7607657e-03 7.2000000e-02
  vertex -3.5308270e-02 7.0232516e-03 7.2000000e-02
 endloop
endfacet
facet normal 0.000000e+00 -0.000000e+00 1.000000e+00
 outer loop
  vertex -1.1942217e-02 1.1762057e-03 7.2000000e-02
  vertex -1.1870118e-02 1.7607657e-03 7.2000000e-02
  vertex -3.5610354e-02 5.2822971e-03 7.2000000e-02
 endloop
endfacet
facet normal -0.000000e+00 0.000000e+00 1.000000e+00
 outer loop
  vertex -3.5826650e-02 3.5286171e-03 7.2000000e-02
  vertex -1.1942217e-02 1.1762057e-03 7.2000000e-02
  vertex -3.5610354e-02 5.2822971e-03 7.2000000e-02
 endloop
endfacet
facet normal 0.000000e+00 -0.000000e+00 1.000000e+00
 outer loop
  vertex -1.1985545e-02 5.8881209e-04 7.2000000e-02
  vertex -1.1942217e-02 1.1762057e-03 7.2000000e-02
  vertex -3.5826650e-02 3.5286171e-03 7.2000000e-02
 endloop
endfacet
facet normal -0.000000e+00 0.000000e+00 1.000000e+00
 outer loop
  vertex -3.5956636e-02 1.7664363e-03 7.2000000e-02
  vertex -1.1985545e-02 5.8881209e-04 7.2000000e-02
  vertex -3.5826650e-02 3.5286171e-03 7.2000000e-02
 endloop
endfacet
facet normal 0.000000e+00 -0.000000e+00 1.000000e+00
 outer loop
  vertex -1.2000000e-02 1.4695762e-18 7.2000000e-02
  vertex -1.1985545e-02 5.8881209e-04 7.2000000e-02
  vertex -3.5956636e-02 1.7664363e-03 7.2000000e-02
 endloop
endfacet
facet normal -0.000000e+00 0.000000e+00 1.000000e+00
 outer loop
  vertex -3.6000000e-02 4.4087285e-18 7.2000000e-02
  vertex -1.2000000e-02 1.4695762e-18 7.2000000e-02
  vertex -3.5956636e-02 1.7664363e-03 7.2000000e-02
 endloop
endfacet
facet normal 0.000000e+00 0.000000e+00 1.000000e+00
 outer loop
  vertex -1.1985545e-02 -5.8881209e-04 7.2000000e-02
  vertex -1.2000000e-02 1.4695762e-18 7.2000000e-02
  vertex -3.6000000e-02 4.4087285e-18 7.2000000e-02
 endloop
endfacet
facet normal 0.000000e+00 -0.000000e+00 1.000000e+00
 outer loop
  vertex -3.5956636e-02 -1.7664363e-03 7.2000000e-02
  vertex -1.1985545e-02 -5.8881209e-04 7.2000000e-02
  vertex -3.6000000e-02 4.4087285e-18 7.2000000e-02
 endloop
endfacet
facet normal 0.000000e+00 0.000000e+00 1.000000e+00
 outer loop
  vertex -1.1942217e-02 -1.1762057e-03 7.2000000e-02
  vertex -1.1985545e-02 -5.8881209e-04 7.2000000e-02
  vertex -3.5956636e-02 -1.7664363e-03 7.2000000e-02
 endloop
endfacet
facet normal 0.000000e+00 -0.000000e+00 1.000000e+00
 outer loop
  vertex -3.5826650e-02 -3.5286171e-03 7.2000000e-02
  vertex -1.1942217e-02 -1.1762057e-03 7.2000000e-02
  vertex -3.5956636e-02 -1.7664363e-03 7.2000000e-02
 endloop
endfacet
facet normal 0.000000e+00 0.000000e+00 1.000000e+00
 outer loop
  vertex -1.1870118e-02 -1.7607657e-03 7.2000000e-02
  vertex -1.1942217e-02 -1.1762057e-03 7.2000000e-02
  vertex -3.5826650e-02 -3.5286171e-03 7.2000000e-02
 endloop
endfacet
facet normal 0.000000e+00 -0.000000e+00 1.000000e+00
 outer loop
  vertex -3.5610354e-02 -5.2822971e-03 7.2000000e-02
  vertex -1.1870118e-02 -1.7607657e-03 7.2000000e-02
  vertex -3.5826650e-02 -3.5286171e-03 7.2000000e-02
 endloop
endfacet
facet normal 0.000000e+00 0.000000e+00 1.000000e+00
 outer loop
  vertex -1.1769423e-02 -2.3410839e-03 7.2000000e-02
  vertex -1.1870118e-02 -1.7607657e-03 7.2000000e-02
  vertex -3.5610354e-02 -5.2822971e-03 7.2000000e-02
 endloop
endfacet
facet normal 0.000000e+00 -0.000000e+00 1.000000e+00
 outer loop
  vertex -3.5308270e-02 -7.0232516e-03 7.2000000e-02
  vertex -1.1769423e-02 -2.3410839e-03 7.2000000e-02
  vertex -3.5610354e-02 -5.2822971e-03 7.2000000e-02
 endloop
endfacet
facet normal 0.000000e+00 0.000000e+00 1.000000e+00
 outer loop
  vertex -1.1640375e-02 -2.9157622e-03 7.2000000e-02
  vertex -1.1769423e-02 -2.3410839e-03 7.2000000e-02
  vertex -3.5308270e-02 -7.0232516e-03 7.2000000e-02
 endloop
endfacet
facet normal 0.000000e+00 -0.000000e+00 1.000000e+00
 outer loop
  vertex -3.4921125e-02 -8.7472865e-03 7.2000000e-02
  vertex -1.1640375e-02 -2.9157622e-03 7.2000000e-02
  vertex -3.5308270e-02 -7.0232516e-03 7.2000000e-02
 endloop
endfacet
facet normal 0.000000e+00 0.000000e+00 1.000000e+00
 outer loop
  vertex -1.1483284e-02 -3.4834161e-03 7.2000000e-02
  vertex -1.1640375e-02 -2.9157622e-03 7.2000000e-02
  vertex -3.4921125e-02 -8.7472865e-03 7.2000000e-02
 endloop
endfacet
facet normal 0.000000e+00 -0.000000e+00 1.000000e+00
 outer loop
  vertex -3.4449852e-02 -1.0450248e-02 7.2000000e-02
  vertex -1.1483284e-02 -3.4834161e-03 7.2000000e-02
  vertex -3.4921125e-02 -8.7472865e-03 7.2000000e-02
 endloop
endfacet
facet normal 0.000000e+00 0.000000e+00 1.000000e+00
 outer loop
  vertex -1.1298529e-02 -4.0426782e-03 7.2000000e-02
  vertex -1.1483284e-02 -3.4834161e-03 7.2000000e-02
  vertex -3.4449852e-02 -1.0450248e-02 7.2000000e-02
 endloop
endfacet
facet normal 0.000000e+00 -0.000000e+00 1.000000e+00
 outer loop
  vertex -3.3895586e-02 -1.2128035e-02 7.2000000e-02
  vertex -1.1298529e-02 -4.0426782e-03 7.2000000e-02
  vertex -3.4449852e-02 -1.0450248e-02 7.2000000e-02
 endloop
endfacet
facet normal 0.000000e+00 0.000000e+00 1.000000e+00
 outer loop
  vertex -1.1086554e-02 -4.5922012e-03 7.2000000e-02
  vertex -1.1298529e-02 -4.0426782e-03 7.2000000e-02
  vertex -3.3895586e-02 -1.2128035e-02 7.2000000e-02
 endloop
endfacet
facet normal 0.000000e+00 -0.000000e+00 1.000000e+00
 outer loop
  vertex -3.3259663e-02 -1.3776604e-02 7.2000000e-02
  vertex -1.1086554e-02 -4.5922012e-03 7.2000000e-02
  vertex -3.3895586e-02 -1.2128035e-02 7.2000000e-02
 endloop
endfacet
facet normal 0.000000e+00 0.000000e+00 1.000000e+00
 outer loop
  vertex -1.0847872e-02 -5.1306611e-03 7.2000000e-02
  vertex -1.1086554e-02 -4.5922012e-03 7.2000000e-02
  vertex -3.3259663e-02 -1.3776604e-02 7.2000000e-02
 endloop
endfacet
facet normal 0.000000e+00 -0.000000e+00 1.000000e+00
 outer loop
  vertex -3.2543615e-02 -1.5391983e-02 7.2000000e-02
  vertex -1.0847872e-02 -5.1306611e-03 7.2000000e-02
  vertex -3.3259663e-02 -1.3776604e-02 7.2000000e-02
 endloop
endfacet
facet normal 0.000000e+00 0.000000e+00 1.000000e+00
 outer loop
  vertex -1.0583055e-02 -5.6567608e-03 7.2000000e-02
  vertex -1.0847872e-02 -5.1306611e-03 7.2000000e-02
  vertex -3.2543615e-02 -1.5391983e-02 7.2000000e-02
 endloop
endfacet
facet normal 0.000000e+00 -0.000000e+00 1.000000e+00
 outer loop
  vertex -3.1749166e-02 -1.6970283e-02 7.2000000e-02
  vertex -1.0583055e-02 -5.6567608e-03 7.2000000e-02
  vertex -3.2543615e-02 -1.5391983e-02 7.2000000e-02
 endloop
endfacet
facet normal 0.000000e+00 0.000000e+00 1.000000e+00
 outer loop
  vertex -1.0292743e-02 -6.1692329e-03 7.2000000e-02
  vertex -1.0583055e-02 -5.6567608e-03 7.2000000e-02
  vertex -3.1749166e-02 -1.6970283e-02 7.2000000e-02
 endloop
endfacet
facet normal 0.000000e+00 -0.000000e+00 1.000000e+00
 outer loop
  vertex -3.0878230e-02 -1.8507699e-02 7.2000000e-02
  vertex -1.0292743e-02 -6.1692329e-03 7.2000000e-02
  vertex -3.1749166e-02 -1.6970283e-02 7.2000000e-02
 endloop
endfacet
facet normal 0.000000e+00 0.000000e+00 1.000000e+00
 outer loop
  vertex -9.9776353e-03 -6.6668428e-03 7.2000000e-02
  vertex -1.0292743e-02 -6.1692329e-03 7.2000000e-02
  vertex -3.0878230e-02 -1.8507699e-02 7.2000000e-02
 endloop
endfacet
facet normal 0.000000e+00 -0.000000e+00 1.000000e+00
 outer loop
  vertex -2.9932906e-02 -2.0000528e-02 7.2000000e-02
  vertex -9.9776353e-03 -6.6668428e-03 7.2000000e-02
  vertex -3.0878230e-02 -1.8507699e-02 7.2000000e-02
 endloop
endfacet
facet normal 0.000000e+00 0.000000e+00 1.000000e+00
 outer loop
  vertex -9.6384904e-03 -7.1483917e-03 7.2000000e-02
  vertex -9.9776353e-03 -6.6668428e-03 7.2000000e-02
  vertex -2.9932906e-02 -2.0000528e-02 7.2000000e-02
 endloop
endfacet
facet normal 0.000000e+00 -0.000000e+00 1.000000e+00
 outer loop
  vertex -2.8915471e-02 -2.1445175e-02 7.2000000e-02
  vertex -9.6384904e-03 -7.1483917e-03 7.2000000e-02
  vertex -2.9932906e-02 -2.0000528e-02 7.2000000e-02
 endloop
endfacet
facet normal 0.000000e+00 0.000000e+00 1.000000e+00
 outer loop
  vertex -9.2761254e-03 -7.6127194e-03 7.2000000e-02
  vertex -9.6384904e-03 -7.1483917e-03 7.2000000e-02
  vertex -2.8915471e-02 -2.1445175e-02 7.2000000e-02
 endloop
endfacet
facet normal 0.000000e+00 -0.000000e+00 1.000000e+00
 outer loop
  vertex -2.7828376e-02 -2.2838158e-02 7.2000000e-02
  vertex -9.2761254e-03 -7.6127194e-03 7.2000000e-02
  vertex -2.8915471e-02 -2.1445175e-02 7.2000000e-02
 endloop
endfacet
facet normal 0.000000e+00 0.000000e+00 1.000000e+00
 outer loop
  vertex -8.8914135e-03 -8.0587075e-03 7.2000000e-02
  vertex -9.2761254e-03 -7.6127194e-03 7.2000000e-02
  vertex -2.7828376e-02 -2.2838158e-02 7.2000000e-02
 endloop
endfacet
facet normal 0.000000e+00 -0.000000e+00 1.000000e+00
 outer loop
  vertex -2.6674241e-02 -2.4176122e-02 7.2000000e-02
  vertex -8.8914135e-03 -8.0587075e-03 7.2000000e-02
  vertex -2.7828376e-02 -2.2838158e-02 7.2000000e-02
 endloop
endfacet
facet normal 0.000000e+00 0.000000e+00 1.000000e+00
 outer loop
  vertex -8.4852814e-03 -8.4852814e-03 7.2000000e-02
  vertex -8.8914135e-03 -8.0587075e-03 7.2000000e-02
  vertex -2.6674241e-02 -2.4176122e-02 7.2000000e-02
 endloop
endfacet
facet normal 0.000000e+00 -0.000000e+00 1.000000e+00
 outer loop
  vertex -2.5455844e-02 -2.5455844e-02 7.2000000e-02
  vertex -8.4852814e-03 -8.4852814e-03 7.2000000e-02
  vertex -2.6674241e-02 -2.4176122e-02 7.2000000e-02
 endloop
endfacet
facet normal 0.000000e+00 0.000000e+00 1.000000e+00
 outer loop
  vertex -8.0587075e-03 -8.8914135e-03 7.2000000e-02
  vertex -8.4852814e-03 -8.4852814e-03 7.2000000e-02
  vertex -2.5455844e-02 -2.5455844e-02 7.2000000e-02
 endloop
endfacet
facet normal 0.000000e+00 -0.000000e+00 1.000000e+00
 outer loop
  vertex -2.4176122e-02 -2.6674241e-02 7.2000000e-02
  vertex -8.0587075e-03 -8.8914135e-03 7.2000000e-02
  vertex -2.5455844e-02 -2.5455844e-02 7.2000000e-02
 endloop
endfacet
facet normal 0.000000e+00 0.000000e+00 1.000000e+00
 outer loop
  vertex -7.6127194e-03 -9.2761254e-03 7.2000000e-02
  vertex -8.0587075e-03 -8.8914135e-03 7.2000000e-02
  vertex -2.4176122e-02 -2.6674241e-02 7.2000000e-02
 endloop
endfacet
facet normal 0.000000e+00 -0.000000e+00 1.000000e+00
 outer loop
  vertex -2.2838158e-02 -2.7828376e-02 7.2000000e-02
  vertex -7.6127194e-03 -9.2761254e-03 7.2000000e-02
  vertex -2.4176122e-02 -2.6674241e-02 7.2000000e-02
 endloop
endfacet
facet normal 0.000000e+00 0.000000e+00 1.000000e+00
 outer loop
  vertex -7.1483917e-03 -9.6384904e-03 7.2000000e-02
  vertex -7.6127194e-03 -9.2761254e-03 7.2000000e-02
  vertex -2.2838158e-02 -2.7828376e-02 7.2000000e-02
 endloop
endfacet
facet normal 0.000000e+00 -0.000000e+00 1.000000e+00
 outer loop
  vertex -2.1445175e-02 -2.8915471e-02 7.2000000e-02
  vertex -7.1483917e-03 -9.6384904e-03 7.2000000e-02
  vertex -2.2838158e-02 -2.7828376e-02 7.2000000e-02
 endloop
endfacet
facet normal 0.000000e+00 0.000000e+00 1.000000e+00
 outer loop
  vertex -6.6668428e-03 -9.9776353e-03 7.2000000e-02
  vertex -7.1483917e-03 -9.6384904e-03 7.2000000e-02
  vertex -2.1445175e-02 -2.8915471e-02 7.2000000e-02
 endloop
endfacet
facet normal 0.000000e+00 -0.000000e+00 1.000000e+00
 outer loop
  vertex -2.0000528e-02 -2.9932906e-02 7.2000000e-02
  vertex -6.6668428e-03 -9.9776353e-03 7.2000000e-02
  vertex -2.1445175e-02 -2.8915471e-02 7.2000000e-02
 endloop
endfacet
facet normal 0.000000e+00 0.000000e+00 1.000000e+00
 outer loop
  vertex -6.1692329e-03 -1.0292743e-02 7.2000000e-02
  vertex -6.6668428e-03 -9.9776353e-03 7.2000000e-02
  vertex -2.0000528e-02 -2.9932906e-02 7.2000000e-02
 endloop
endfacet
facet normal 0.000000e+00 -0.000000e+00 1.000000e+00
 outer loop
  vertex -1.8507699e-02 -3.0878230e-02 7.2000000e-02
  vertex -6.1692329e-03 -1.0292743e-02 7.2000000e-02
  vertex -2.0000528e-02 -2.9932906e-02 7.2000000e-02
 endloop
endfacet
facet normal 0.000000e+00 0.000000e+00 1.000000e+00
 outer loop
  vertex -5.6567608e-03 -1.0583055e-02 7.2000000e-02
  vertex -6.1692329e-03 -1.0292743e-02 7.2000000e-02
  vertex -1.8507699e-02 -3.0878230e-02 7.2000000e-02
 endloop
endfacet
facet normal 0.000000e+00 -0.000000e+00 1.000000e+00
 outer loop
  vertex -1.6970283e-02 -3.1749166e-02 7.2000000e-02
  vertex -5.6567608e-03 -1.0583055e-02 7.2000000e-02
  vertex -1.8507699e-02 -3.0878230e-02 7.2000000e-02
 endloop
endfacet
facet normal 0.000000e+00 0.000000e+00 1.000000e+00
 outer loop
  vertex -5.1306611e-03 -1.0847872e-02 7.2000000e-02
  vertex -5.6567608e-03 -1.0583055e-02 7.2000000e-02
  vertex -1.6970283e-02 -3.1749166e-02 7.2000000e-02
 endloop
endfacet
facet normal 0.000000e+00 -0.000000e+00 1.000000e+00
 outer loop
  vertex -1.5391983e-02 -3.2543615e-02 7.2000000e-02
  vertex -5.1306611e-03 -1.0847872e-02 7.2000000e-02
  vertex -1.6970283e-02 -3.1749166e-02 7.2000000e-02
 endloop
endfacet
facet normal 0.000000e+00 0.000000e+00 1.000000e+00
 outer loop
  vertex -4.5922012e-03 -1.1086554e-02 7.2000000e-02
  vertex -5.1306611e-03 -1.0847872e-02 7.2000000e-02
  vertex -1.5391983e-02 -3.2543615e-02 7.2000000e-02
 endloop
endfacet
facet normal 0.000000e+00 -0.000000e+00 1.000000e+00
 outer loop
  vertex -1.3776604e-02 -3.3259663e-02 7.2000000e-02
  vertex -4.5922012e-03 -1.1086554e-02 7.2000000e-02
  vertex -1.5391983e-02 -3.2543615e-02 7.2000000e-02
 endloop
endfacet
facet normal 0.000000e+00 0.000000e+00 1.000000e+00
 outer loop
  vertex -4.0426782e-03 -1.1298529e-02 7.2000000e-02
  vertex -4.5922012e-03 -1.1086554e-02 7.2000000e-02
  vertex -1.3776604e-02 -3.3259663e-02 7.2000000e-02
 endloop
endfacet
facet normal 0.000000e+00 -0.000000e+00 1.000000e+00
 outer loop
  vertex -1.2128035e-02 -3.3895586e-02 7.2000000e-02
  vertex -4.0426782e-03 -1.1298529e-02 7.2000000e-02
  vertex -1.3776604e-02 -3.3259663e-02 7.2000000e-02
 endloop
endfacet
facet normal 0.000000e+00 0.000000e+00 1.000000e+00
 outer loop
  vertex -3.4834161e-03 -1.1483284e-02 7.2000000e-02
  vertex -4.0426782e-03 -1.1298529e-02 7.2000000e-02
  vertex -1.2128035e-02 -3.3895586e-02 7.2000000e-02
 endloop
endfacet
facet normal 0.000000e+00 -0.000000e+00 1.000000e+00
 outer loop
  vertex -1.0450248e-02 -3.4449852e-02 7.2000000e-02
  vertex -3.4834161e-03 -1.1483284e-02 7.2000000e-02
  vertex -1.2128035e-02 -3.3895586e-02 7.2000000e-02
 endloop
endfacet
facet normal 0.000000e+00 0.000000e+00 1.000000e+00
 outer loop
  vertex -2.9157622e-03 -1.1640375e-02 7.2000000e-02
  vertex -3.4834161e-03 -1.1483284e-02 7.2000000e-02
  vertex -1.0450248e-02 -3.4449852e-02 7.2000000e-02
 endloop
endfacet
facet normal 0.000000e+00 -0.000000e+00 1.000000e+00
 outer loop
  vertex -8.7472865e-03 -3.4921125e-02 7.2000000e-02
  vertex -2.9157622e-03 -1.1640375e-02 7.2000000e-02
  vertex -1.0450248e-02 -3.4449852e-02 7.2000000e-02
 endloop
endfacet
facet normal 0.000000e+00 0.000000e+00 1.000000e+00
 outer loop
  vertex -2.3410839e-03 -1.1769423e-02 7.2000000e-02
  vertex -2.9157622e-03 -1.1640375e-02 7.2000000e-02
  vertex -8.7472865e-03 -3.4921125e-02 7.2000000e-02
 endloop
endfacet
facet normal 0.000000e+00 -0.000000e+00 1.000000e+00
 outer loop
  vertex -7.0232516e-03 -3.5308270e-02 7.2000000e-02
  vertex -2.3410839e-03 -1.1769423e-02 7.2000000e-02
  vertex -8.7472865e-03 -3.4921125e-02 7.2000000e-02
 endloop
endfacet
facet normal 0.000000e+00 0.000000e+00 1.000000e+00
 outer loop
  vertex -1.7607657e-03 -1.1870118e-02 7.2000000e-02
  vertex -2.3410839e-03 -1.1769423e-02 7.2000000e-02
  vertex -7.0232516e-03 -3.5308270e-02 7.2000000e-02
 endloop
endfacet
facet normal 0.000000e+00 -0.000000e+00 1.000000e+00
 outer loop
  vertex -5.2822971e-03 -3.5610354e-02 7.2000000e-02
  vertex -1.7607657e-03 -1.1870118e-02 7.2000000e-02
  vertex -7.0232516e-03 -3.5308270e-02 7.2000000e-02
 endloop
endfacet
facet normal 0.000000e+00 0.000000e+00 1.000000e+00
 outer loop
  vertex -1.1762057e-03 -1.1942217e-02 7.2000000e-02
  vertex -1.7607657e-03 -1.1870118e-02 7.2000000e-02
  vertex -5.2822971e-03 -3.5610354e-02 7.2000000e-02
 endloop
endfacet
facet normal 0.000000e+00 -0.000000e+00 1.000000e+00
 outer loop
  vertex -3.5286171e-03 -3.5826650e-02 7.2000000e-02
  vertex -1.1762057e-03 -1.1942217e-02 7.2000000e-02
  vertex -5.2822971e-03 -3.5610354e-02 7.2000000e-02
 endloop
endfacet
facet normal 0.000000e+00 0.000000e+00 1.000000e+00
 outer loop
  vertex -5.8881209e-04 -1.1985545e-02 7.2000000e-02
  vertex -1.1762057e-03 -1.1942217e-02 7.2000000e-02
  vertex -3.5286171e-03 -3.5826650e-02 7.2000000e-02
 endloop
endfacet
facet normal 0.000000e+00 -0.000000e+00 1.000000e+00
 outer loop
  vertex -1.7664363e-03 -3.5956636e-02 7.2000000e-02
  vertex -5.8881209e-04 -1.1985545e-02 7.2000000e-02
  vertex -3.5286171e-03 -3.5826650e-02 7.2000000e-02
 endloop
endfacet
facet normal 0.000000e+00 0.000000e+00 1.000000e+00
 outer loop
  vertex -2.2043642e-18 -1.2000000e-02 7.2000000e-02
  vertex -5.8881209e-04 -1.1985545e-02 7.2000000e-02
  vertex -1.7664363e-03 -3.5956636e-02 7.2000000e-02
 endloop
endfacet
facet normal 0.000000e+00 -0.000000e+00 1.000000e+00
 outer loop
  vertex -6.6130927e-18 -3.6000000e-02 7.2000000e-02
  vertex -2.2043642e-18 -1.2000000e-02 7.2000000e-02
  vertex -1.7664363e-03 -3.5956636e-02 7.2000000e-02
 endloop
endfacet
facet normal 0.000000e+00 0.000000e+00 1.000000e+00
 outer loop
  vertex 5.8881209e-04 -1.1985545e-02 7.2000000e-02
  vertex -2.2043642e-18 -1.2000000e-02 7.2000000e-02
  vertex -6.6130927e-18 -3.6000000e-02 7.2000000e-02
 endloop
endfacet
facet normal 0.000000e+00 0.000000e+00 1.000000e+00
 outer loop
  vertex 1.7664363e-03 -3.5956636e-02 7.2000000e-02
  vertex 5.8881209e-04 -1.1985545e-02 7.2000000e-02
  vertex -6.6130927e-18 -3.6000000e-02 7.2000000e-02
 endloop
endfacet
facet normal 0.000000e+00 0.000000e+00 1.000000e+00
 outer loop
  vertex 1.1762057e-03 -1.1942217e-02 7.2000000e-02
  vertex 5.8881209e-04 -1.1985545e-02 7.2000000e-02
  vertex 1.7664363e-03 -3.5956636e-02 7.2000000e-02
 endloop
endfacet
facet normal 0.000000e+00 0.000000e+00 1.000000e+00
 outer loop
  vertex 3.5286171e-03 -3.5826650e-02 7.2000000e-02
  vertex 1.1762057e-03 -1.1942217e-02 7.2000000e-02
  vertex 1.7664363e-03 -3.5956636e-02 7.2000000e-02
 endloop
endfacet
facet normal 0.000000e+00 0.000000e+00 1.000000e+00
 outer loop
  vertex 1.7607657e-03 -1.1870118e-02 7.2000000e-02
  vertex 1.1762057e-03 -1.1942217e-02 7.2000000e-02
  vertex 3.5286171e-03 -3.5826650e-02 7.2000000e-02
 endloop
endfacet
facet normal 0.000000e+00 0.000000e+00 1.000000e+00
 outer loop
  vertex 5.2822971e-03 -3.5610354e-02 7.2000000e-02
  vertex 1.7607657e-03 -1.1870118e-02 7.2000000e-02
  vertex 3.5286171e-03 -3.5826650e-02 7.2000000e-02
 endloop
endfacet
facet normal 0.000000e+00 0.000000e+00 1.000000e+00
 outer loop
  vertex 2.3410839e-03 -1.1769423e-02 7.2000000e-02
  vertex 1.7607657e-03 -1.1870118e-02 7.2000000e-02
  vertex 5.2822971e-03 -3.5610354e-02 7.2000000e-02
 endloop
endfacet
facet normal 0.000000e+00 0.000000e+00 1.000000e+00
 outer loop
  vertex 7.0232516e-03 -3.5308270e-02 7.2000000e-02
  vertex 2.3410839e-03 -1.1769423e-02 7.2000000e-02
  vertex 5.2822971e-03 -3.5610354e-02 7.2000000e-02
 endloop
endfacet
facet normal 0.000000e+00 0.000000e+00 1.000000e+00
 outer loop
  vertex 2.9157622e-03 -1.1640375e-02 7.2000000e-02
  vertex 2.3410839e-03 -1.1769423e-02 7.2000000e-02
  vertex 7.0232516e-03 -3.5308270e-02 7.2000000e-02
 endloop
endfacet
facet normal 0.000000e+00 0.000000e+00 1.000000e+00
 outer loop
  vertex 8.7472865e-03 -3.4921125e-02 7.2000000e-02
  vertex 2.9157622e-03 -1.1640375e-02 7.2000000e-02
  vertex 7.0232516e-03 -3.5308270e-02 7.2000000e-02
 endloop
endfacet
facet normal 0.000000e+00 0.000000e+00 1.000000e+00
 outer loop
  vertex 3.4834161e-03 -1.1483284e-02 7.2000000e-02
  vertex 2.9157622e-03 -1.1640375e-02 7.2000000e-02
  vertex 8.7472865e-03 -3.4921125e-02 7.2000000e-02
 endloop
endfacet
facet normal 0.000000e+00 0.000000e+00 1.000000e+00
 outer loop
  vertex 1.0450248e-02 -3.4449852e-02 7.2000000e-02
  vertex 3.4834161e-03 -1.1483284e-02 7.2000000e-02
  vertex 8.7472865e-03 -3.4921125e-02 7.2000000e-02
 endloop
endfacet
facet normal 0.000000e+00 0.000000e+00 1.000000e+00
 outer loop
  vertex 4.0426782e-03 -1.1298529e-02 7.2000000e-02
  vertex 3.4834161e-03 -1.1483284e-02 7.2000000e-02
  vertex 1.0450248e-02 -3.4449852e-02 7.2000000e-02
 endloop
endfacet
facet normal 0.000000e+00 0.000000e+00 1.000000e+00
 outer loop
  vertex 1.2128035e-02 -3.3895586e-02 7.2000000e-02
  vertex 4.0426782e-03 -1.1298529e-02 7.2000000e-02
  vertex 1.0450248e-02 -3.4449852e-02 7.2000000e-02
 endloop
endfacet
facet normal 0.000000e+00 0.000000e+00 1.000000e+00
 outer loop
  vertex 4.5922012e-03 -1.1086554e-02 7.2000000e-02
  vertex 4.0426782e-03 -1.1298529e-02 7.2000000e-02
  vertex 1.2128035e-02 -3.3895586e-02 7.2000000e-02
 endloop
endfacet
facet normal 0.000000e+00 0.000000e+00 1.000000e+00
 outer loop
  vertex 1.3776604e-02 -3.3259663e-02 7.2000000e-02
  vertex 4.5922012e-03 -1.1086554e-02 7.2000000e-02
  vertex 1.2128035e-02 -3.3895586e-02 7.2000000e-02
 endloop
endfacet
facet normal 0.000000e+00 0.000000e+00 1.000000e+00
 outer loop
  vertex 5.1306611e-03 -1.0847872e-02 7.2000000e-02
  vertex 4.5922012e-03 -1.1086554e-02 7.2000000e-02
  vertex 1.3776604e-02 -3.3259663e-02 7.2000000e-02
 endloop
endfacet
facet normal 0.000000e+00 0.000000e+00 1.000000e+00
 outer loop
  vertex 1.5391983e-02 -3.2543615e-02 7.2000000e-02
  vertex 5.1306611e-03 -1.0847872e-02 7.2000000e-02
  vertex 1.3776604e-02 -3.3259663e-02 7.2000000e-02
 endloop
endfacet
facet normal 0.000000e+00 0.000000e+00 1.000000e+00
 outer loop
  vertex 5.6567608e-03 -1.0583055e-02 7.2000000e-02
  vertex 5.1306611e-03 -1.0847872e-02 7.2000000e-02
  vertex 1.5391983e-02 -3.2543615e-02 7.2000000e-02
 endloop
endfacet
facet normal 0.000000e+00 0.000000e+00 1.000000e+00
 outer loop
  vertex 1.6970283e-02 -3.1749166e-02 7.2000000e-02
  vertex 5.6567608e-03 -1.0583055e-02 7.2000000e-02
  vertex 1.5391983e-02 -3.2543615e-02 7.2000000e-02
 endloop
endfacet
facet normal 0.000000e+00 0.000000e+00 1.000000e+00
 outer loop
  vertex 6.1692329e-03 -1.0292743e-02 7.2000000e-02
  vertex 5.6567608e-03 -1.0583055e-02 7.2000000e-02
  vertex 1.6970283e-02 -3.1749166e-02 7.2000000e-02
 endloop
endfacet
facet normal 0.000000e+00 0.000000e+00 1.000000e+00
 outer loop
  vertex 1.8507699e-02 -3.0878230e-02 7.2000000e-02
  vertex 6.1692329e-03 -1.0292743e-02 7.2000000e-02
  vertex 1.6970283e-02 -3.1749166e-02 7.2000000e-02
 endloop
endfacet
facet normal 0.000000e+00 0.000000e+00 1.000000e+00
 outer loop
  vertex 6.6668428e-03 -9.9776353e-03 7.2000000e-02
  vertex 6.1692329e-03 -1.0292743e-02 7.2000000e-02
  vertex 1.8507699e-02 -3.0878230e-02 7.2000000e-02
 endloop
endfacet
facet normal 0.000000e+00 0.000000e+00 1.000000e+00
 outer loop
  vertex 2.0000528e-02 -2.9932906e-02 7.2000000e-02
  vertex 6.6668428e-03 -9.9776353e-03 7.2000000e-02
  vertex 1.8507699e-02 -3.0878230e-02 7.2000000e-02
 endloop
endfacet
facet normal 0.000000e+00 0.000000e+00 1.000000e+00
 outer loop
  vertex 7.1483917e-03 -9.6384904e-03 7.2000000e-02
  vertex 6.6668428e-03 -9.9776353e-03 7.2000000e-02
  vertex 2.0000528e-02 -2.9932906e-02 7.2000000e-02
 endloop
endfacet
facet normal 0.000000e+00 0.000000e+00 1.000000e+00
 outer loop
  vertex 2.1445175e-02 -2.8915471e-02 7.2000000e-02
  vertex 7.1483917e-03 -9.6384904e-03 7.2000000e-02
  vertex 2.0000528e-02 -2.9932906e-02 7.2000000e-02
 endloop
endfacet
facet normal 0.000000e+00 0.000000e+00 1.000000e+00
 outer loop
  vertex 7.6127194e-03 -9.2761254e-03 7.2000000e-02
  vertex 7.1483917e-03 -9.6384904e-03 7.2000000e-02
  vertex 2.1445175e-02 -2.8915471e-02 7.2000000e-02
 endloop
endfacet
facet normal 0.000000e+00 0.000000e+00 1.000000e+00
 outer loop
  vertex 2.2838158e-02 -2.7828376e-02 7.2000000e-02
  vertex 7.6127194e-03 -9.2761254e-03 7.2000000e-02
  vertex 2.1445175e-02 -2.8915471e-02 7.2000000e-02
 endloop
endfacet
facet normal 0.000000e+00 0.000000e+00 1.000000e+00
 outer loop
  vertex 8.0587075e-03 -8.8914135e-03 7.2000000e-02
  vertex 7.6127194e-03 -9.2761254e-03 7.2000000e-02
  vertex 2.2838158e-02 -2.7828376e-02 7.2000000e-02
 endloop
endfacet
facet normal 0.000000e+00 0.000000e+00 1.000000e+00
 outer loop
  vertex 2.4176122e-02 -2.6674241e-02 7.2000000e-02
  vertex 8.0587075e-03 -8.8914135e-03 7.2000000e-02
  vertex 2.2838158e-02 -2.7828376e-02 7.2000000e-02
 endloop
endfacet
facet normal 0.000000e+00 0.000000e+00 1.000000e+00
 outer loop
  vertex 8.4852814e-03 -8.4852814e-03 7.2000000e-02
  vertex 8.0587075e-03 -8.8914135e-03 7.2000000e-02
  vertex 2.4176122e-02 -2.6674241e-02 7.2000000e-02
 endloop
endfacet
facet normal 0.000000e+00 0.000000e+00 1.000000e+00
 outer loop
  vertex 2.5455844e-02 -2.5455844e-02 7.2000000e-02
  vertex 8.4852814e-03 -8.4852814e-03 7.2000000e-02
  vertex 2.4176122e-02 -2.6674241e-02 7.2000000e-02
 endloop
endfacet
facet normal 0.000000e+00 0.000000e+00 1.000000e+00
 outer loop
  vertex 8.8914135e-03 -8.0587075e-03 7.2000000e-02
  vertex 8.4852814e-03 -8.4852814e-03 7.2000000e-02
  vertex 2.5455844e-02 -2.5455844e-02 7.2000000e-02
 endloop
endfacet
facet normal 0.000000e+00 0.000000e+00 1.000000e+00
 outer loop
  vertex 2.6674241e-02 -2.4176122e-02 7.2000000e-02
  vertex 8.8914135e-03 -8.0587075e-03 7.2000000e-02
  vertex 2.5455844e-02 -2.5455844e-02 7.2000000e-02
 endloop
endfacet
facet normal 0.000000e+00 0.000000e+00 1.000000e+00
 outer loop
  vertex 9.2761254e-03 -7.6127194e-03 7.2000000e-02
  vertex 8.8914135e-03 -8.0587075e-03 7.2000000e-02
  vertex 2.6674241e-02 -2.4176122e-02 7.2000000e-02
 endloop
endfacet
facet normal 0.000000e+00 0.000000e+00 1.000000e+00
 outer loop
  vertex 2.7828376e-02 -2.2838158e-02 7.2000000e-02
  vertex 9.2761254e-03 -7.6127194e-03 7.2000000e-02
  vertex 2.6674241e-02 -2.4176122e-02 7.2000000e-02
 endloop
endfacet
facet normal 0.000000e+00 0.000000e+00 1.000000e+00
 outer loop
  vertex 9.6384904e-03 -7.1483917e-03 7.2000000e-02
  vertex 9.2761254e-03 -7.6127194e-03 7.2000000e-02
  vertex 2.7828376e-02 -2.2838158e-02 7.2000000e-02
 endloop
endfacet
facet normal 0.000000e+00 0.000000e+00 1.000000e+00
 outer loop
  vertex 2.8915471e-02 -2.1445175e-02 7.2000000e-02
  vertex 9.6384904e-03 -7.1483917e-03 7.2000000e-02
  vertex 2.7828376e-02 -2.2838158e-02 7.2000000e-02
 endloop
endfacet
facet normal 0.000000e+00 0.000000e+00 1.000000e+00
 outer loop
  vertex 9.9776353e-03 -6.6668428e-03 7.2000000e-02
  vertex 9.6384904e-03 -7.1483917e-03 7.2000000e-02
  vertex 2.8915471e-02 -2.1445175e-02 7.2000000e-02
 endloop
endfacet
facet normal 0.000000e+00 0.000000e+00 1.000000e+00
 outer loop
  vertex 2.9932906e-02 -2.0000528e-02 7.2000000e-02
  vertex 9.9776353e-03 -6.6668428e-03 7.2000000e-02
  vertex 2.8915471e-02 -2.1445175e-02 7.2000000e-02
 endloop
endfacet
facet normal 0.000000e+00 0.000000e+00 1.000000e+00
 outer loop
  vertex 1.0292743e-02 -6.1692329e-03 7.2000000e-02
  vertex 9.9776353e-03 -6.6668428e-03 7.2000000e-02
  vertex 2.9932906e-02 -2.0000528e-02 7.2000000e-02
 endloop
endfacet
facet normal 0.000000e+00 0.000000e+00 1.000000e+00
 outer loop
  vertex 3.0878230e-02 -1.8507699e-02 7.2000000e-02
  vertex 1.0292743e-02 -6.1692329e-03 7.2000000e-02
  vertex 2.9932906e-02 -2.0000528e-02 7.2000000e-02
 endloop
endfacet
facet normal 0.000000e+00 0.000000e+00 1.000000e+00
 outer loop
  vertex 1.0583055e-02 -5.6567608e-03 7.2000000e-02
  vertex 1.0292743e-02 -6.1692329e-03 7.2000000e-02
  vertex 3.0878230e-02 -1.8507699e-02 7.2000000e-02
 endloop
endfacet
facet normal 0.000000e+00 0.000000e+00 1.000000e+00
 outer loop
  vertex 3.1749166e-02 -1.6970283e-02 7.2000000e-02
  vertex 1.0583055e-02 -5.6567608e-03 7.2000000e-02
  vertex 3.0878230e-02 -1.8507699e-02 7.2000000e-02
 endloop
endfacet
facet normal 0.000000e+00 0.000000e+00 1.000000e+00
 outer loop
  vertex 1.0847872e-02 -5.1306611e-03 7.2000000e-02
  vertex 1.0583055e-02 -5.6567608e-03 7.2000000e-02
  vertex 3.1749166e-02 -1.6970283e-02 7.2000000e-02
 endloop
endfacet
facet normal 0.000000e+00 0.000000e+00 1.000000e+00
 outer loop
  vertex 3.2543615e-02 -1.5391983e-02 7.2000000e-02
  vertex 1.0847872e-02 -5.1306611e-03 7.2000000e-02
  vertex 3.1749166e-02 -1.6970283e-02 7.2000000e-02
 endloop
endfacet
facet normal 0.000000e+00 0.000000e+00 1.000000e+00
 outer loop
  vertex 1.1086554e-02 -4.5922012e-03 7.2000000e-02
  vertex 1.0847872e-02 -5.1306611e-03 7.2000000e-02
  vertex 3.2543615e-02 -1.5391983e-02 7.2000000e-02
 endloop
endfacet
facet normal 0.000000e+00 0.000000e+00 1.000000e+00
 outer loop
  vertex 3.3259663e-02 -1.3776604e-02 7.2000000e-02
  vertex 1.1086554e-02 -4.5922012e-03 7.2000000e-02
  vertex 3.2543615e-02 -1.5391983e-02 7.2000000e-02
 endloop
endfacet
facet normal 0.000000e+00 0.000000e+00 1.000000e+00
 outer loop
  vertex 1.1298529e-02 -4.0426782e-03 7.2000000e-02
  vertex 1.1086554e-02 -4.5922012e-03 7.2000000e-02
  vertex 3.3259663e-02 -1.3776604e-02 7.2000000e-02
 endloop
endfacet
facet normal 0.000000e+00 0.000000e+00 1.000000e+00
 outer loop
  vertex 3.3895586e-02 -1.2128035e-02 7.2000000e-02
  vertex 1.1298529e-02 -4.0426782e-03 7.2000000e-02
  vertex 3.3259663e-02 -1.3776604e-02 7.2000000e-02
 endloop
endfacet
facet normal 0.000000e+00 0.000000e+00 1.000000e+00
 outer loop
  vertex 1.1483284e-02 -3.4834161e-03 7.2000000e-02
  vertex 1.1298529e-02 -4.0426782e-03 7.2000000e-02
  vertex 3.3895586e-02 -1.2128035e-02 7.2000000e-02
 endloop
endfacet
facet normal 0.000000e+00 0.000000e+00 1.000000e+00
 outer loop
  vertex 3.4449852e-02 -1.0450248e-02 7.2000000e-02
  vertex 1.1483284e-02 -3.4834161e-03 7.2000000e-02
  vertex 3.3895586e-02 -1.2128035e-02 7.2000000e-02
 endloop
endfacet
facet normal 0.000000e+00 0.000000e+00 1.000000e+00
 outer loop
  vertex 1.1640375e-02 -2.9157622e-03 7.2000000e-02
  vertex 1.1483284e-02 -3.4834161e-03 7.2000000e-02
  vertex 3.4449852e-02 -1.0450248e-02 7.2000000e-02
 endloop
endfacet
facet normal 0.000000e+00 0.000000e+00 1.000000e+00
 outer loop
  vertex 3.4921125e-02 -8.7472865e-03 7.2000000e-02
  vertex 1.1640375e-02 -2.9157622e-03 7.2000000e-02
  vertex 3.4449852e-02 -1.0450248e-02 7.2000000e-02
 endloop
endfacet
facet normal 0.000000e+00 0.000000e+00 1.000000e+00
 outer loop
  vertex 1.1769423e-02 -2.3410839e-03 7.2000000e-02
  vertex 1.1640375e-02 -2.9157622e-03 7.2000000e-02
  vertex 3.4921125e-02 -8.7472865e-03 7.2000000e-02
 endloop
endfacet
facet normal 0.000000e+00 0.000000e+00 1.000000e+00
 outer loop
  vertex 3.5308270e-02 -7.0232516e-03 7.2000000e-02
  vertex 1.1769423e-02 -2.3410839e-03 7.2000000e-02
  vertex 3.4921125e-02 -8.7472865e-03 7.2000000e-02
 endloop
endfacet
facet normal 0.000000e+00 0.000000e+00 1.000000e+00
 outer loop
  vertex 1.1870118e-02 -1.7607657e-03 7.2000000e-02
  vertex 1.1769423e-02 -2.3410839e-03 7.2000000e-02
  vertex 3.5308270e-02 -7.0232516e-03 7.2000000e-02
 endloop
endfacet
facet normal 0.000000e+00 0.000000e+00 1.000000e+00
 outer loop
  vertex 3.5610354e-02 -5.2822971e-03 7.2000000e-02
  vertex 1.1870118e-02 -1.7607657e-03 7.2000000e-02
  vertex 3.5308270e-02 -7.0232516e-03 7.2000000e-02
 endloop
endfacet
facet normal 0.000000e+00 0.000000e+00 1.000000e+00
 outer loop
  vertex 1.1942217e-02 -1.1762057e-03 7.2000000e-02
  vertex 1.1870118e-02 -1.7607657e-03 7.2000000e-02
  vertex 3.5610354e-02 -5.2822971e-03 7.2000000e-02
 endloop
endfacet
facet normal 0.000000e+00 0.000000e+00 1.000000e+00
 outer loop
  vertex 3.5826650e-02 -3.5286171e-03 7.2000000e-02
  vertex 1.1942217e-02 -1.1762057e-03 7.2000000e-02
  vertex 3.5610354e-02 -5.2822971e-03 7.2000000e-02
 endloop
endfacet
facet normal 0.000000e+00 0.000000e+00 1.000000e+00
 outer loop
  vertex 1.1985545e-02 -5.8881209e-04 7.2000000e-02
  vertex 1.1942217e-02 -1.1762057e-03 7.2000000e-02
  vertex 3.5826650e-02 -3.5286171e-03 7.2000000e-02
 endloop
endfacet
facet normal 0.000000e+00 0.000000e+00 1.000000e+00
 outer loop
  vertex 3.5956636e-02 -1.7664363e-03 7.2000000e-02
  vertex 1.1985545e-02 -5.8881209e-04 7.2000000e-02
  vertex 3.5826650e-02 -3.5286171e-03 7.2000000e-02
 endloop
endfacet
facet normal 0.000000e+00 0.000000e+00 1.000000e+00
 outer loop
  vertex 1.2000000e-02 0.0000000e+00 7.2000000e-02
  vertex 1.1985545e-02 -5.8881209e-04 7.2000000e-02
  vertex 3.5956636e-02 -1.7664363e-03 7.2000000e-02
 endloop
endfacet
facet normal 0.000000e+00 0.000000e+00 1.000000e+00
 outer loop
  vertex 3.6000000e-02 0.0000000e+00 7.2000000e-02
  vertex 1.2000000e-02 0.0000000e+00 7.2000000e-02
  vertex 3.5956636e-02 -1.7664363e-03 7.2000000e-02
 endloop
endfacet
facet normal -9.996988e-01 -2.454123e-02 0.000000e+00
 outer loop
  vertex 1.1985545e-02 5.8881209e-04 7.0000000e-02
  vertex 1.2000000e-02 0.0000000e+00 7.0000000e-02
  vertex 1.2000000e-02 0.0000000e+00 7.2000000e-02
 endloop
endfacet
facet normal -9.996988e-01 -2.454123e-02 -0.000000e+00
 outer loop
  vertex 1.1985545e-02 5.8881209e-04 7.2000000e-02
  vertex 1.1985545e-02 5.8881209e-04 7.0000000e-02
  vertex 1.2000000e-02 0.0000000e+00 7.2000000e-02
 endloop
endfacet
facet normal -9.972905e-01 -7.356456e-02 0.000000e+00
 outer loop
  vertex 1.1942217e-02 1.1762057e-03 7.0000000e-02
  vertex 1.1985545e-02 5.8881209e-04 7.0000000e-02
  vertex 1.1985545e-02 5.8881209e-04 7.2000000e-02
 endloop
endfacet
facet normal -9.972905e-01 -7.356456e-02 -0.000000e+00
 outer loop
  vertex 1.1942217e-02 1.1762057e-03 7.2000000e-02
  vertex 1.1942217e-02 1.1762057e-03 7.0000000e-02
  vertex 1.1985545e-02 5.8881209e-04 7.2000000e-02
 endloop
endfacet
facet normal -9.924795e-01 -1.224107e-01 0.000000e+00
 outer loop
  vertex 1.1870118e-02 1.7607657e-03 7.0000000e-02
  vertex 1.1942217e-02 1.1762057e-03 7.0000000e-02
  vertex 1.1942217e-02 1.1762057e-03 7.2000000e-02
 endloop
endfacet
facet normal -9.924795e-01 -1.224107e-01 -0.000000e+00
 outer loop
  vertex 1.1870118e-02 1.7607657e-03 7.2000000e-02
  vertex 1.1870118e-02 1.7607657e-03 7.0000000e-02
  vertex 1.1942217e-02 1.1762057e-03 7.2000000e-02
 endloop
endfacet
facet normal -9.852776e-01 -1.709619e-01 0.000000e+00
 outer loop
  vertex 1.1769423e-02 2.3410839e-03 7.0000000e-02
  vertex 1.1870118e-02 1.7607657e-03 7.0000000e-02
  vertex 1.1870118e-02 1.7607657e-03 7.2000000e-02
 endloop
endfacet
facet normal -9.852776e-01 -1.709619e-01 -0.000000e+00
 outer loop
  vertex 1.1769423e-02 2.3410839e-03 7.2000000e-02
  vertex 1.1769423e-02 2.3410839e-03 7.0000000e-02
  vertex 1.1870118e-02 1.7607657e-03 7.2000000e-02
 endloop
endfacet
facet normal -9.757021e-01 -2.191012e-01 0.000000e+00
 outer loop
  vertex 1.1640375e-02 2.9157622e-03 7.0000000e-02
  vertex 1.1769423e-02 2.3410839e-03 7.0000000e-02
  vertex 1.1769423e-02 2.3410839e-03 7.2000000e-02
 endloop
endfacet
facet normal -9.757021e-01 -2.191012e-01 -0.000000e+00
 outer loop
  vertex 1.1640375e-02 2.9157622e-03 7.2000000e-02
  vertex 1.1640375e-02 2.9157622e-03 7.0000000e-02
  vertex 1.1769423e-02 2.3410839e-03 7.2000000e-02
 endloop
endfacet
facet normal -9.637761e-01 -2.667128e-01 0.000000e+00
 outer loop
  vertex 1.1483284e-02 3.4834161e-03 7.0000000e-02
  vertex 1.1640375e-02 2.9157622e-03 7.0000000e-02
  vertex 1.1640375e-02 2.9157622e-03 7.2000000e-02
 endloop
endfacet
facet normal -9.637761e-01 -2.667128e-01 -0.000000e+00
 outer loop
  vertex 1.1483284e-02 3.4834161e-03 7.2000000e-02
  vertex 1.1483284e-02 3.4834161e-03 7.0000000e-02
  vertex 1.1640375e-02 2.9157622e-03 7.2000000e-02
 endloop
endfacet
facet normal -9.495282e-01 -3.136817e-01 0.000000e+00
 outer loop
  vertex 1.1298529e-02 4.0426782e-03 7.0000000e-02
  vertex 1.1483284e-02 3.4834161e-03 7.0000000e-02
  vertex 1.1483284e-02 3.4834161e-03 7.2000000e-02
 endloop
endfacet
facet normal -9.495282e-01 -3.136817e-01 -0.000000e+00
 outer loop
  vertex 1.1298529e-02 4.0426782e-03 7.2000000e-02
  vertex 1.1298529e-02 4.0426782e-03 7.0000000e-02
  vertex 1.1483284e-02 3.4834161e-03 7.2000000e-02
 endloop
endfacet
facet normal -9.329928e-01 -3.598950e-01 0.000000e+00
 outer loop
  vertex 1.1086554e-02 4.5922012e-03 7.0000000e-02
  vertex 1.1298529e-02 4.0426782e-03 7.0000000e-02
  vertex 1.1298529e-02 4.0426782e-03 7.2000000e-02
 endloop
endfacet
facet normal -9.329928e-01 -3.598950e-01 -0.000000e+00
 outer loop
  vertex 1.1086554e-02 4.5922012e-03 7.2000000e-02
  vertex 1.1086554e-02 4.5922012e-03 7.0000000e-02
  vertex 1.1298529e-02 4.0426782e-03 7.2000000e-02
 endloop
endfacet
facet normal -9.142098e-01 -4.052413e-01 0.000000e+00
 outer loop
  vertex 1.0847872e-02 5.1306611e-03 7.0000000e-02
  vertex 1.1086554e-02 4.5922012e-03 7.0000000e-02
  vertex 1.1086554e-02 4.5922012e-03 7.2000000e-02
 endloop
endfacet
facet normal -9.142098e-01 -4.052413e-01 -0.000000e+00
 outer loop
  vertex 1.0847872e-02 5.1306611e-03 7.2000000e-02
  vertex 1.0847872e-02 5.1306611e-03 7.0000000e-02
  vertex 1.1086554e-02 4.5922012e-03 7.2000000e-02
 endloop
endfacet
facet normal -8.932243e-01 -4.496113e-01 0.000000e+00
 outer loop
  vertex 1.0583055e-02 5.6567608e-03 7.0000000e-02
  vertex 1.0847872e-02 5.1306611e-03 7.0000000e-02
  vertex 1.0847872e-02 5.1306611e-03 7.2000000e-02
 endloop
endfacet
facet normal -8.932243e-01 -4.496113e-01 -0.000000e+00
 outer loop
  vertex 1.0583055e-02 5.6567608e-03 7.2000000e-02
  vertex 1.0583055e-02 5.6567608e-03 7.0000000e-02
  vertex 1.0847872e-02 5.1306611e-03 7.2000000e-02
 endloop
endfacet
facet normal -8.700870e-01 -4.928982e-01 0.000000e+00
 outer loop
  vertex 1.0292743e-02 6.1692329e-03 7.0000000e-02
  vertex 1.0583055e-02 5.6567608e-03 7.0000000e-02
  vertex 1.0583055e-02 5.6567608e-03 7.2000000e-02
 endloop
endfacet
facet normal -8.700870e-01 -4.928982e-01 -0.000000e+00
 outer loop
  vertex 1.0292743e-02 6.1692329e-03 7.2000000e-02
  vertex 1.0292743e-02 6.1692329e-03 7.0000000e-02
  vertex 1.0583055e-02 5.6567608e-03 7.2000000e-02
 endloop
endfacet
facet normal -8.448536e-01 -5.349976e-01 0.000000e+00
 outer loop
  vertex 9.9776353e-03 6.6668428e-03 7.0000000e-02
  vertex 1.0292743e-02 6.1692329e-03 7.0000000e-02
  vertex 1.0292743e-02 6.1692329e-03 7.2000000e-02
 endloop
endfacet
facet normal -8.448536e-01 -5.349976e-01 -0.000000e+00
 outer loop
  vertex 9.9776353e-03 6.6668428e-03 7.2000000e-02
  vertex 9.9776353e-03 6.6668428e-03 7.0000000e-02
  vertex 1.0292743e-02 6.1692329e-03 7.2000000e-02
 endloop
endfacet
facet normal -8.175848e-01 -5.758082e-01 0.000000e+00
 outer loop
  vertex 9.6384904e-03 7.1483917e-03 7.0000000e-02
  vertex 9.9776353e-03 6.6668428e-03 7.0000000e-02
  vertex 9.9776353e-03 6.6668428e-03 7.2000000e-02
 endloop
endfacet
facet normal -8.175848e-01 -5.758082e-01 -0.000000e+00
 outer loop
  vertex 9.6384904e-03 7.1483917e-03 7.2000000e-02
  vertex 9.6384904e-03 7.1483917e-03 7.0000000e-02
  vertex 9.9776353e-03 6.6668428e-03 7.2000000e-02
 endloop
endfacet
facet normal -7.883464e-01 -6.152316e-01 0.000000e+00
 outer loop
  vertex 9.2761254e-03 7.6127194e-03 7.0000000e-02
  vertex 9.6384904e-03 7.1483917e-03 7.0000000e-02
  vertex 9.6384904e-03 7.1483917e-03 7.2000000e-02
 endloop
endfacet
facet normal -7.883464e-01 -6.152316e-01 -0.000000e+00
 outer loop
  vertex 9.2761254e-03 7.6127194e-03 7.2000000e-02
  vertex 9.2761254e-03 7.6127194e-03 7.0000000e-02
  vertex 9.6384904e-03 7.1483917e-03 7.2000000e-02
 endloop
endfacet
facet normal -7.572088e-01 -6.531728e-01 0.000000e+00
 outer loop
  vertex 8.8914135e-03 8.0587075e-03 7.0000000e-02
  vertex 9.2761254e-03 7.6127194e-03 7.0000000e-02
  vertex 9.2761254e-03 7.6127194e-03 7.2000000e-02
 endloop
endfacet
facet normal -7.572088e-01 -6.531728e-01 -0.000000e+00
 outer loop
  vertex 8.8914135e-03 8.0587075e-03 7.2000000e-02
  vertex 8.8914135e-03 8.0587075e-03 7.0000000e-02
  vertex 9.2761254e-03 7.6127194e-03 7.2000000e-02
 endloop
endfacet
facet normal -7.242471e-01 -6.895405e-01 0.000000e+00
 outer loop
  vertex 8.4852814e-03 8.4852814e-03 7.0000000e-02
  vertex 8.8914135e-03 8.0587075e-03 7.0000000e-02
  vertex 8.8914135e-03 8.0587075e-03 7.2000000e-02
 endloop
endfacet
facet normal -7.242471e-01 -6.895405e-01 -0.000000e+00
 outer loop
  vertex 8.4852814e-03 8.4852814e-03 7.2000000e-02
  vertex 8.4852814e-03 8.4852814e-03 7.0000000e-02
  vertex 8.8914135e-03 8.0587075e-03 7.2000000e-02
 endloop
endfacet
facet normal -6.895405e-01 -7.242471e-01 0.000000e+00
 outer loop
  vertex 8.0587075e-03 8.8914135e-03 7.0000000e-02
  vertex 8.4852814e-03 8.4852814e-03 7.0000000e-02
  vertex 8.4852814e-03 8.4852814e-03 7.2000000e-02
 endloop
endfacet
facet normal -6.895405e-01 -7.242471e-01 -0.000000e+00
 outer loop
  vertex 8.0587075e-03 8.8914135e-03 7.2000000e-02
  vertex 8.0587075e-03 8.8914135e-03 7.0000000e-02
  vertex 8.4852814e-03 8.4852814e-03 7.2000000e-02
 endloop
endfacet
facet normal -6.531728e-01 -7.572088e-01 0.000000e+00
 outer loop
  vertex 7.6127194e-03 9.2761254e-03 7.0000000e-02
  vertex 8.0587075e-03 8.8914135e-03 7.0000000e-02
  vertex 8.0587075e-03 8.8914135e-03 7.2000000e-02
 endloop
endfacet
facet normal -6.531728e-01 -7.572088e-01 -0.000000e+00
 outer loop
  vertex 7.6127194e-03 9.2761254e-03 7.2000000e-02
  vertex 7.6127194e-03 9.2761254e-03 7.0000000e-02
  vertex 8.0587075e-03 8.8914135e-03 7.2000000e-02
 endloop
endfacet
facet normal -6.152316e-01 -7.883464e-01 0.000000e+00
 outer loop
  vertex 7.1483917e-03 9.6384904e-03 7.0000000e-02
  vertex 7.6127194e-03 9.2761254e-03 7.0000000e-02
  vertex 7.6127194e-03 9.2761254e-03 7.2000000e-02
 endloop
endfacet
facet normal -6.152316e-01 -7.883464e-01 -0.000000e+00
 outer loop
  vertex 7.1483917e-03 9.6384904e-03 7.2000000e-02
  vertex 7.1483917e-03 9.6384904e-03 7.0000000e-02
  vertex 7.6127194e-03 9.2761254e-03 7.2000000e-02
 endloop
endfacet
facet normal -5.758082e-01 -8.175848e-01 0.000000e+00
 outer loop
  vertex 6.6668428e-03 9.9776353e-03 7.0000000e-02
  vertex 7.1483917e-03 9.6384904e-03 7.0000000e-02
  vertex 7.1483917e-03 9.6384904e-03 7.2000000e-02
 endloop
endfacet
facet normal -5.758082e-01 -8.175848e-01 -0.000000e+00
 outer loop
  vertex 6.6668428e-03 9.9776353e-03 7.2000000e-02
  vertex 6.6668428e-03 9.9776353e-03 7.0000000e-02
  vertex 7.1483917e-03 9.6384904e-03 7.2000000e-02
 endloop
endfacet
facet normal -5.349976e-01 -8.448536e-01 0.000000e+00
 outer loop
  vertex 6.1692329e-03 1.0292743e-02 7.0000000e-02
  vertex 6.6668428e-03 9.9776353e-03 7.0000000e-02
  vertex 6.6668428e-03 9.9776353e-03 7.2000000e-02
 endloop
endfacet
facet normal -5.349976e-01 -8.448536e-01 -0.000000e+00
 outer loop
  vertex 6.1692329e-03 1.0292743e-02 7.2000000e-02
  vertex 6.1692329e-03 1.0292743e-02 7.0000000e-02
  vertex 6.6668428e-03 9.9776353e-03 7.2000000e-02
 endloop
endfacet
facet normal -4.928982e-01 -8.700870e-01 0.000000e+00
 outer loop
  vertex 5.6567608e-03 1.0583055e-02 7.0000000e-02
  vertex 6.1692329e-03 1.0292743e-02 7.0000000e-02
  vertex 6.1692329e-03 1.0292743e-02 7.2000000e-02
 endloop
endfacet
facet normal -4.928982e-01 -8.700870e-01 -0.000000e+00
 outer loop
  vertex 5.6567608e-03 1.0583055e-02 7.2000000e-02
  vertex 5.6567608e-03 1.0583055e-02 7.0000000e-02
  vertex 6.1692329e-03 1.0292743e-02 7.2000000e-02
 endloop
endfacet
facet normal -4.496113e-01 -8.932243e-01 0.000000e+00
 outer loop
  vertex 5.1306611e-03 1.0847872e-02 7.0000000e-02
  vertex 5.6567608e-03 1.0583055e-02 7.0000000e-02
  vertex 5.6567608e-03 1.0583055e-02 7.2000000e-02
 endloop
endfacet
facet normal -4.496113e-01 -8.932243e-01 -0.000000e+00
 outer loop
  vertex 5.1306611e-03 1.0847872e-02 7.2000000e-02
  vertex 5.1306611e-03 1.0847872e-02 7.0000000e-02
  vertex 5.6567608e-03 1.0583055e-02 7.2000000e-02
 endloop
endfacet
facet normal -4.052413e-01 -9.142098e-01 0.000000e+00
 outer loop
  vertex 4.5922012e-03 1.1086554e-02 7.0000000e-02
  vertex 5.1306611e-03 1.0847872e-02 7.0000000e-02
  vertex 5.1306611e-03 1.0847872e-02 7.2000000e-02
 endloop
endfacet
facet normal -4.052413e-01 -9.142098e-01 -0.000000e+00
 outer loop
  vertex 4.5922012e-03 1.1086554e-02 7.2000000e-02
  vertex 4.5922012e-03 1.1086554e-02 7.0000000e-02
  vertex 5.1306611e-03 1.0847872e-02 7.2000000e-02
 endloop
endfacet
facet normal -3.598950e-01 -9.329928e-01 0.000000e+00
 outer loop
  vertex 4.0426782e-03 1.1298529e-02 7.0000000e-02
  vertex 4.5922012e-03 1.1086554e-02 7.0000000e-02
  vertex 4.5922012e-03 1.1086554e-02 7.2000000e-02
 endloop
endfacet
facet normal -3.598950e-01 -9.329928e-01 -0.000000e+00
 outer loop
  vertex 4.0426782e-03 1.1298529e-02 7.2000000e-02
  vertex 4.0426782e-03 1.1298529e-02 7.0000000e-02
  vertex 4.5922012e-03 1.1086554e-02 7.2000000e-02
 endloop
endfacet
facet normal -3.136817e-01 -9.495282e-01 0.000000e+00
 outer loop
  vertex 3.4834161e-03 1.1483284e-02 7.0000000e-02
  vertex 4.0426782e-03 1.1298529e-02 7.0000000e-02
  vertex 4.0426782e-03 1.1298529e-02 7.2000000e-02
 endloop
endfacet
facet normal -3.136817e-01 -9.495282e-01 -0.000000e+00
 outer loop
  vertex 3.4834161e-03 1.1483284e-02 7.2000000e-02
  vertex 3.4834161e-03 1.1483284e-02 7.0000000e-02
  vertex 4.0426782e-03 1.1298529e-02 7.2000000e-02
 endloop
endfacet
facet normal -2.667128e-01 -9.637761e-01 0.000000e+00
 outer loop
  vertex 2.9157622e-03 1.1640375e-02 7.0000000e-02
  vertex 3.4834161e-03 1.1483284e-02 7.0000000e-02
  vertex 3.4834161e-03 1.1483284e-02 7.2000000e-02
 endloop
endfacet
facet normal -2.667128e-01 -9.637761e-01 -0.000000e+00
 outer loop
  vertex 2.9157622e-03 1.1640375e-02 7.2000000e-02
  vertex 2.9157622e-03 1.1640375e-02 7.0000000e-02
  vertex 3.4834161e-03 1.1483284e-02 7.2000000e-02
 endloop
endfacet
facet normal -2.191012e-01 -9.757021e-01 0.000000e+00
 outer loop
  vertex 2.3410839e-03 1.1769423e-02 7.0000000e-02
  vertex 2.9157622e-03 1.1640375e-02 7.0000000e-02
  vertex 2.9157622e-03 1.1640375e-02 7.2000000e-02
 endloop
endfacet
facet normal -2.191012e-01 -9.757021e-01 -0.000000e+00
 outer loop
  vertex 2.3410839e-03 1.1769423e-02 7.2000000e-02
  vertex 2.3410839e-03 1.1769423e-02 7.0000000e-02
  vertex 2.9157622e-03 1.1640375e-02 7.2000000e-02
 endloop
endfacet
facet normal -1.709619e-01 -9.852776e-01 0.000000e+00
 outer loop
  vertex 1.7607657e-03 1.1870118e-02 7.0000000e-02
  vertex 2.3410839e-03 1.1769423e-02 7.0000000e-02
  vertex 2.3410839e-03 1.1769423e-02 7.2000000e-02
 endloop
endfacet
facet normal -1.709619e-01 -9.852776e-01 -0.000000e+00
 outer loop
  vertex 1.7607657e-03 1.1870118e-02 7.2000000e-02
  vertex 1.7607657e-03 1.1870118e-02 7.0000000e-02
  vertex 2.3410839e-03 1.1769423e-02 7.2000000e-02
 endloop
endfacet
facet normal -1.224107e-01 -9.924795e-01 0.000000e+00
 outer loop
  vertex 1.1762057e-03 1.1942217e-02 7.0000000e-02
  vertex 1.7607657e-03 1.1870118e-02 7.0000000e-02
  vertex 1.7607657e-03 1.1870118e-02 7.2000000e-02
 endloop
endfacet
facet normal -1.224107e-01 -9.924795e-01 -0.000000e+00
 outer loop
  vertex 1.1762057e-03 1.1942217e-02 7.2000000e-02
  vertex 1.1762057e-03 1.1942217e-02 7.0000000e-02
  vertex 1.7607657e-03 1.1870118e-02 7.2000000e-02
 endloop
endfacet
facet normal -7.356456e-02 -9.972905e-01 0.000000e+00
 outer loop
  vertex 5.8881209e-04 1.1985545e-02 7.0000000e-02
  vertex 1.1762057e-03 1.1942217e-02 7.0000000e-02
  vertex 1.1762057e-03 1.1942217e-02 7.2000000e-02
 endloop
endfacet
facet normal -7.356456e-02 -9.972905e-01 -0.000000e+00
 outer loop
  vertex 5.8881209e-04 1.1985545e-02 7.2000000e-02
  vertex 5.8881209e-04 1.1985545e-02 7.0000000e-02
  vertex 1.1762057e-03 1.1942217e-02 7.2000000e-02
 endloop
endfacet
facet normal -2.454123e-02 -9.996988e-01 0.000000e+00
 outer loop
  vertex 7.3478808e-19 1.2000000e-02 7.0000000e-02
  vertex 5.8881209e-04 1.1985545e-02 7.0000000e-02
  vertex 5.8881209e-04 1.1985545e-02 7.2000000e-02
 endloop
endfacet
facet normal -2.454123e-02 -9.996988e-01 -0.000000e+00
 outer loop
  vertex 7.3478808e-19 1.2000000e-02 7.2000000e-02
  vertex 7.3478808e-19 1.2000000e-02 7.0000000e-02
  vertex 5.8881209e-04 1.1985545e-02 7.2000000e-02
 endloop
endfacet
facet normal 2.454123e-02 -9.996988e-01 0.000000e+00
 outer loop
  vertex -5.8881209e-04 1.1985545e-02 7.0000000e-02
  vertex 7.3478808e-19 1.2000000e-02 7.0000000e-02
  vertex 7.3478808e-19 1.2000000e-02 7.2000000e-02
 endloop
endfacet
facet normal 2.454123e-02 -9.996988e-01 0.000000e+00
 outer loop
  vertex -5.8881209e-04 1.1985545e-02 7.2000000e-02
  vertex -5.8881209e-04 1.1985545e-02 7.0000000e-02
  vertex 7.3478808e-19 1.2000000e-02 7.2000000e-02
 endloop
endfacet
facet normal 7.356456e-02 -9.972905e-01 0.000000e+00
 outer loop
  vertex -1.1762057e-03 1.1942217e-02 7.0000000e-02
  vertex -5.8881209e-04 1.1985545e-02 7.0000000e-02
  vertex -5.8881209e-04 1.1985545e-02 7.2000000e-02
 endloop
endfacet
facet normal 7.356456e-02 -9.972905e-01 0.000000e+00
 outer loop
  vertex -1.1762057e-03 1.1942217e-02 7.2000000e-02
  vertex -1.1762057e-03 1.1942217e-02 7.0000000e-02
  vertex -5.8881209e-04 1.1985545e-02 7.2000000e-02
 endloop
endfacet
facet normal 1.224107e-01 -9.924795e-01 0.000000e+00
 outer loop
  vertex -1.7607657e-03 1.1870118e-02 7.0000000e-02
  vertex -1.1762057e-03 1.1942217e-02 7.0000000e-02
  vertex -1.1762057e-03 1.1942217e-02 7.2000000e-02
 endloop
endfacet
facet normal 1.224107e-01 -9.924795e-01 0.000000e+00
 outer loop
  vertex -1.7607657e-03 1.1870118e-02 7.2000000e-02
  vertex -1.7607657e-03 1.1870118e-02 7.0000000e-02
  vertex -1.1762057e-03 1.1942217e-02 7.2000000e-02
 endloop
endfacet
facet normal 1.709619e-01 -9.852776e-01 0.000000e+00
 outer loop
  vertex -2.3410839e-03 1.1769423e-02 7.0000000e-02
  vertex -1.7607657e-03 1.1870118e-02 7.0000000e-02
  vertex -1.7607657e-03 1.1870118e-02 7.2000000e-02
 endloop
endfacet
facet normal 1.709619e-01 -9.852776e-01 0.000000e+00
 outer loop
  vertex -2.3410839e-03 1.1769423e-02 7.2000000e-02
  vertex -2.3410839e-03 1.1769423e-02 7.0000000e-02
  vertex -1.7607657e-03 1.1870118e-02 7.2000000e-02
 endloop
endfacet
facet normal 2.191012e-01 -9.757021e-01 0.000000e+00
 outer loop
  vertex -2.9157622e-03 1.1640375e-02 7.0000000e-02
  vertex -2.3410839e-03 1.1769423e-02 7.0000000e-02
  vertex -2.3410839e-03 1.1769423e-02 7.2000000e-02
 endloop
endfacet
facet normal 2.191012e-01 -9.757021e-01 0.000000e+00
 outer loop
  vertex -2.9157622e-03 1.1640375e-02 7.2000000e-02
  vertex -2.9157622e-03 1.1640375e-02 7.0000000e-02
  vertex -2.3410839e-03 1.1769423e-02 7.2000000e-02
 endloop
endfacet
facet normal 2.667128e-01 -9.637761e-01 0.000000e+00
 outer loop
  vertex -3.4834161e-03 1.1483284e-02 7.0000000e-02
  vertex -2.9157622e-03 1.1640375e-02 7.0000000e-02
  vertex -2.9157622e-03 1.1640375e-02 7.2000000e-02
 endloop
endfacet
facet normal 2.667128e-01 -9.637761e-01 0.000000e+00
 outer loop
  vertex -3.4834161e-03 1.1483284e-02 7.2000000e-02
  vertex -3.4834161e-03 1.1483284e-02 7.0000000e-02
  vertex -2.9157622e-03 1.1640375e-02 7.2000000e-02
 endloop
endfacet
facet normal 3.136817e-01 -9.495282e-01 0.000000e+00
 outer loop
  vertex -4.0426782e-03 1.1298529e-02 7.0000000e-02
  vertex -3.4834161e-03 1.1483284e-02 7.0000000e-02
  vertex -3.4834161e-03 1.1483284e-02 7.2000000e-02
 endloop
endfacet
facet normal 3.136817e-01 -9.495282e-01 0.000000e+00
 outer loop
  vertex -4.0426782e-03 1.1298529e-02 7.2000000e-02
  vertex -4.0426782e-03 1.1298529e-02 7.0000000e-02
  vertex -3.4834161e-03 1.1483284e-02 7.2000000e-02
 endloop
endfacet
facet normal 3.598950e-01 -9.329928e-01 0.000000e+00
 outer loop
  vertex -4.5922012e-03 1.1086554e-02 7.0000000e-02
  vertex -4.0426782e-03 1.1298529e-02 7.0000000e-02
  vertex -4.0426782e-03 1.1298529e-02 7.2000000e-02
 endloop
endfacet
facet normal 3.598950e-01 -9.329928e-01 0.000000e+00
 outer loop
  vertex -4.5922012e-03 1.1086554e-02 7.2000000e-02
  vertex -4.5922012e-03 1.1086554e-02 7.0000000e-02
  vertex -4.0426782e-03 1.1298529e-02 7.2000000e-02
 endloop
endfacet
facet normal 4.052413e-01 -9.142098e-01 0.000000e+00
 outer loop
  vertex -5.1306611e-03 1.0847872e-02 7.0000000e-02
  vertex -4.5922012e-03 1.1086554e-02 7.0000000e-02
  vertex -4.5922012e-03 1.1086554e-02 7.2000000e-02
 endloop
endfacet
facet normal 4.052413e-01 -9.142098e-01 0.000000e+00
 outer loop
  vertex -5.1306611e-03 1.0847872e-02 7.2000000e-02
  vertex -5.1306611e-03 1.0847872e-02 7.0000000e-02
  vertex -4.5922012e-03 1.1086554e-02 7.2000000e-02
 endloop
endfacet
facet normal 4.496113e-01 -8.932243e-01 0.000000e+00
 outer loop
  vertex -5.6567608e-03 1.0583055e-02 7.0000000e-02
  vertex -5.1306611e-03 1.0847872e-02 7.0000000e-02
  vertex -5.1306611e-03 1.0847872e-02 7.2000000e-02
 endloop
endfacet
facet normal 4.496113e-01 -8.932243e-01 0.000000e+00
 outer loop
  vertex -5.6567608e-03 1.0583055e-02 7.2000000e-02
  vertex -5.6567608e-03 1.0583055e-02 7.0000000e-02
  vertex -5.1306611e-03 1.0847872e-02 7.2000000e-02
 endloop
endfacet
facet normal 4.928982e-01 -8.700870e-01 0.000000e+00
 outer loop
  vertex -6.1692329e-03 1.0292743e-02 7.0000000e-02
  vertex -5.6567608e-03 1.0583055e-02 7.0000000e-02
  vertex -5.6567608e-03 1.0583055e-02 7.2000000e-02
 endloop
endfacet
facet normal 4.928982e-01 -8.700870e-01 0.000000e+00
 outer loop
  vertex -6.1692329e-03 1.0292743e-02 7.2000000e-02
  vertex -6.1692329e-03 1.0292743e-02 7.0000000e-02
  vertex -5.6567608e-03 1.0583055e-02 7.2000000e-02
 endloop
endfacet
facet normal 5.349976e-01 -8.448536e-01 0.000000e+00
 outer loop
  vertex -6.6668428e-03 9.9776353e-03 7.0000000e-02
  vertex -6.1692329e-03 1.0292743e-02 7.0000000e-02
  vertex -6.1692329e-03 1.0292743e-02 7.2000000e-02
 endloop
endfacet
facet normal 5.349976e-01 -8.448536e-01 0.000000e+00
 outer loop
  vertex -6.6668428e-03 9.9776353e-03 7.2000000e-02
  vertex -6.6668428e-03 9.9776353e-03 7.0000000e-02
  vertex -6.1692329e-03 1.0292743e-02 7.2000000e-02
 endloop
endfacet
facet normal 5.758082e-01 -8.175848e-01 0.000000e+00
 outer loop
  vertex -7.1483917e-03 9.6384904e-03 7.0000000e-02
  vertex -6.6668428e-03 9.9776353e-03 7.0000000e-02
  vertex -6.6668428e-03 9.9776353e-03 7.2000000e-02
 endloop
endfacet
facet normal 5.758082e-01 -8.175848e-01 0.000000e+00
 outer loop
  vertex -7.1483917e-03 9.6384904e-03 7.2000000e-02
  vertex -7.1483917e-03 9.6384904e-03 7.0000000e-02
  vertex -6.6668428e-03 9.9776353e-03 7.2000000e-02
 endloop
endfacet
facet normal 6.152316e-01 -7.883464e-01 0.000000e+00
 outer loop
  vertex -7.6127194e-03 9.2761254e-03 7.0000000e-02
  vertex -7.1483917e-03 9.6384904e-03 7.0000000e-02
  vertex -7.1483917e-03 9.6384904e-03 7.2000000e-02
 endloop
endfacet
facet normal 6.152316e-01 -7.883464e-01 0.000000e+00
 outer loop
  vertex -7.6127194e-03 9.2761254e-03 7.2000000e-02
  vertex -7.6127194e-03 9.2761254e-03 7.0000000e-02
  vertex -7.1483917e-03 9.6384904e-03 7.2000000e-02
 endloop
endfacet
facet normal 6.531728e-01 -7.572088e-01 0.000000e+00
 outer loop
  vertex -8.0587075e-03 8.8914135e-03 7.0000000e-02
  vertex -7.6127194e-03 9.2761254e-03 7.0000000e-02
  vertex -7.6127194e-03 9.2761254e-03 7.2000000e-02
 endloop
endfacet
facet normal 6.531728e-01 -7.572088e-01 0.000000e+00
 outer loop
  vertex -8.0587075e-03 8.8914135e-03 7.2000000e-02
  vertex -8.0587075e-03 8.8914135e-03 7.0000000e-02
  vertex -7.6127194e-03 9.2761254e-03 7.2000000e-02
 endloop
endfacet
facet normal 6.895405e-01 -7.242471e-01 0.000000e+00
 outer loop
  vertex -8.4852814e-03 8.4852814e-03 7.0000000e-02
  vertex -8.0587075e-03 8.8914135e-03 7.0000000e-02
  vertex -8.0587075e-03 8.8914135e-03 7.2000000e-02
 endloop
endfacet
facet normal 6.895405e-01 -7.242471e-01 0.000000e+00
 outer loop
  vertex -8.4852814e-03 8.4852814e-03 7.2000000e-02
  vertex -8.4852814e-03 8.4852814e-03 7.0000000e-02
  vertex -8.0587075e-03 8.8914135e-03 7.2000000e-02
 endloop
endfacet
facet normal 7.242471e-01 -6.895405e-01 0.000000e+00
 outer loop
  vertex -8.8914135e-03 8.0587075e-03 7.0000000e-02
  vertex -8.4852814e-03 8.4852814e-03 7.0000000e-02
  vertex -8.4852814e-03 8.4852814e-03 7.2000000e-02
 endloop
endfacet
facet normal 7.242471e-01 -6.895405e-01 0.000000e+00
 outer loop
  vertex -8.8914135e-03 8.0587075e-03 7.2000000e-02
  vertex -8.8914135e-03 8.0587075e-03 7.0000000e-02
  vertex -8.4852814e-03 8.4852814e-03 7.2000000e-02
 endloop
endfacet
facet normal 7.572088e-01 -6.531728e-01 0.000000e+00
 outer loop
  vertex -9.2761254e-03 7.6127194e-03 7.0000000e-02
  vertex -8.8914135e-03 8.0587075e-03 7.0000000e-02
  vertex -8.8914135e-03 8.0587075e-03 7.2000000e-02
 endloop
endfacet
facet normal 7.572088e-01 -6.531728e-01 0.000000e+00
 outer loop
  vertex -9.2761254e-03 7.6127194e-03 7.2000000e-02
  vertex -9.2761254e-03 7.6127194e-03 7.0000000e-02
  vertex -8.8914135e-03 8.0587075e-03 7.2000000e-02
 endloop
endfacet
facet normal 7.883464e-01 -6.152316e-01 0.000000e+00
 outer loop
  vertex -9.6384904e-03 7.1483917e-03 7.0000000e-02
  vertex -9.2761254e-03 7.6127194e-03 7.0000000e-02
  vertex -9.2761254e-03 7.6127194e-03 7.2000000e-02
 endloop
endfacet
facet normal 7.883464e-01 -6.152316e-01 0.000000e+00
 outer loop
  vertex -9.6384904e-03 7.1483917e-03 7.2000000e-02
  vertex -9.6384904e-03 7.1483917e-03 7.0000000e-02
  vertex -9.2761254e-03 7.6127194e-03 7.2000000e-02
 endloop
endfacet
facet normal 8.175848e-01 -5.758082e-01 0.000000e+00
 outer loop
  vertex -9.9776353e-03 6.6668428e-03 7.0000000e-02
  vertex -9.6384904e-03 7.1483917e-03 7.0000000e-02
  vertex -9.6384904e-03 7.1483917e-03 7.2000000e-02
 endloop
endfacet
facet normal 8.175848e-01 -5.758082e-01 0.000000e+00
 outer loop
  vertex -9.9776353e-03 6.6668428e-03 7.2000000e-02
  vertex -9.9776353e-03 6.6668428e-03 7.0000000e-02
  vertex -9.6384904e-03 7.1483917e-03 7.2000000e-02
 endloop
endfacet
facet normal 8.448536e-01 -5.349976e-01 0.000000e+00
 outer loop
  vertex -1.0292743e-02 6.1692329e-03 7.0000000e-02
  vertex -9.9776353e-03 6.6668428e-03 7.0000000e-02
  vertex -9.9776353e-03 6.6668428e-03 7.2000000e-02
 endloop
endfacet
facet normal 8.448536e-01 -5.349976e-01 0.000000e+00
 outer loop
  vertex -1.0292743e-02 6.1692329e-03 7.2000000e-02
  vertex -1.0292743e-02 6.1692329e-03 7.0000000e-02
  vertex -9.9776353e-03 6.6668428e-03 7.2000000e-02
 endloop
endfacet
facet normal 8.700870e-01 -4.928982e-01 0.000000e+00
 outer loop
  vertex -1.0583055e-02 5.6567608e-03 7.0000000e-02
  vertex -1.0292743e-02 6.1692329e-03 7.0000000e-02
  vertex -1.0292743e-02 6.1692329e-03 7.2000000e-02
 endloop
endfacet
facet normal 8.700870e-01 -4.928982e-01 0.000000e+00
 outer loop
  vertex -1.0583055e-02 5.6567608e-03 7.2000000e-02
  vertex -1.0583055e-02 5.6567608e-03 7.0000000e-02
  vertex -1.0292743e-02 6.1692329e-03 7.2000000e-02
 endloop
endfacet
facet normal 8.932243e-01 -4.496113e-01 0.000000e+00
 outer loop
  vertex -1.0847872e-02 5.1306611e-03 7.0000000e-02
  vertex -1.0583055e-02 5.6567608e-03 7.0000000e-02
  vertex -1.0583055e-02 5.6567608e-03 7.2000000e-02
 endloop
endfacet
facet normal 8.932243e-01 -4.496113e-01 0.000000e+00
 outer loop
  vertex -1.0847872e-02 5.1306611e-03 7.2000000e-02
  vertex -1.0847872e-02 5.1306611e-03 7.0000000e-02
  vertex -1.0583055e-02 5.6567608e-03 7.2000000e-02
 endloop
endfacet
facet normal 9.142098e-01 -4.052413e-01 0.000000e+00
 outer loop
  vertex -1.1086554e-02 4.5922012e-03 7.0000000e-02
  vertex -1.0847872e-02 5.1306611e-03 7.0000000e-02
  vertex -1.0847872e-02 5.1306611e-03 7.2000000e-02
 endloop
endfacet
facet normal 9.142098e-01 -4.052413e-01 0.000000e+00
 outer loop
  vertex -1.1086554e-02 4.5922012e-03 7.2000000e-02
  vertex -1.1086554e-02 4.5922012e-03 7.0000000e-02
  vertex -1.0847872e-02 5.1306611e-03 7.2000000e-02
 endloop
endfacet
facet normal 9.329928e-01 -3.598950e-01 0.000000e+00
 outer loop
  vertex -1.1298529e-02 4.0426782e-03 7.0000000e-02
  vertex -1.1086554e-02 4.5922012e-03 7.0000000e-02
  vertex -1.1086554e-02 4.5922012e-03 7.2000000e-02
 endloop
endfacet
facet normal 9.329928e-01 -3.598950e-01 0.000000e+00
 outer loop
  vertex -1.1298529e-02 4.0426782e-03 7.2000000e-02
  vertex -1.1298529e-02 4.0426782e-03 7.0000000e-02
  vertex -1.1086554e-02 4.5922012e-03 7.2000000e-02
 endloop
endfacet
facet normal 9.495282e-01 -3.136817e-01 0.000000e+00
 outer loop
  vertex -1.1483284e-02 3.4834161e-03 7.0000000e-02
  vertex -1.1298529e-02 4.0426782e-03 7.0000000e-02
  vertex -1.1298529e-02 4.0426782e-03 7.2000000e-02
 endloop
endfacet
facet normal 9.495282e-01 -3.136817e-01 0.000000e+00
 outer loop
  vertex -1.1483284e-02 3.4834161e-03 7.2000000e-02
  vertex -1.1483284e-02 3.4834161e-03 7.0000000e-02
  vertex -1.1298529e-02 4.0426782e-03 7.2000000e-02
 endloop
endfacet
facet normal 9.637761e-01 -2.667128e-01 0.000000e+00
 outer loop
  vertex -1.1640375e-02 2.9157622e-03 7.0000000e-02
  vertex -1.1483284e-02 3.4834161e-03 7.0000000e-02
  vertex -1.1483284e-02 3.4834161e-03 7.2000000e-02
 endloop
endfacet
facet normal 9.637761e-01 -2.667128e-01 0.000000e+00
 outer loop
  vertex -1.1640375e-02 2.9157622e-03 7.2000000e-02
  vertex -1.1640375e-02 2.9157622e-03 7.0000000e-02
  vertex -1.1483284e-02 3.4834161e-03 7.2000000e-02
 endloop
endfacet
facet normal 9.757021e-01 -2.191012e-01 0.000000e+00
 outer loop
  vertex -1.1769423e-02 2.3410839e-03 7.0000000e-02
  vertex -1.1640375e-02 2.9157622e-03 7.0000000e-02
  vertex -1.1640375e-02 2.9157622e-03 7.2000000e-02
 endloop
endfacet
facet normal 9.757021e-01 -2.191012e-01 0.000000e+00
 outer loop
  vertex -1.1769423e-02 2.3410839e-03 7.2000000e-02
  vertex -1.1769423e-02 2.3410839e-03 7.0000000e-02
  vertex -1.1640375e-02 2.9157622e-03 7.2000000e-02
 endloop
endfacet
facet normal 9.852776e-01 -1.709619e-01 0.000000e+00
 outer loop
  vertex -1.1870118e-02 1.7607657e-03 7.0000000e-02
  vertex -1.1769423e-02 2.3410839e-03 7.0000000e-02
  vertex -1.1769423e-02 2.3410839e-03 7.2000000e-02
 endloop
endfacet
facet normal 9.852776e-01 -1.709619e-01 0.000000e+00
 outer loop
  vertex -1.1870118e-02 1.7607657e-03 7.2000000e-02
  vertex -1.1870118e-02 1.7607657e-03 7.0000000e-02
  vertex -1.1769423e-02 2.3410839e-03 7.2000000e-02
 endloop
endfacet
facet normal 9.924795e-01 -1.224107e-01 0.000000e+00
 outer loop
  vertex -1.1942217e-02 1.1762057e-03 7.0000000e-02
  vertex -1.1870118e-02 1.7607657e-03 7.0000000e-02
  vertex -1.1870118e-02 1.7607657e-03 7.2000000e-02
 endloop
endfacet
facet normal 9.924795e-01 -1.224107e-01 0.000000e+00
 outer loop
  vertex -1.1942217e-02 1.1762057e-03 7.2000000e-02
  vertex -1.1942217e-02 1.1762057e-03 7.0000000e-02
  vertex -1.1870118e-02 1.7607657e-03 7.2000000e-02
 endloop
endfacet
facet normal 9.972905e-01 -7.356456e-02 0.000000e+00
 outer loop
  vertex -1.1985545e-02 5.8881209e-04 7.0000000e-02
  vertex -1.1942217e-02 1.1762057e-03 7.0000000e-02
  vertex -1.1942217e-02 1.1762057e-03 7.2000000e-02
 endloop
endfacet
facet normal 9.972905e-01 -7.356456e-02 0.000000e+00
 outer loop
  vertex -1.1985545e-02 5.8881209e-04 7.2000000e-02
  vertex -1.1985545e-02 5.8881209e-04 7.0000000e-02
  vertex -1.1942217e-02 1.1762057e-03 7.2000000e-02
 endloop
endfacet
facet normal 9.996988e-01 -2.454123e-02 0.000000e+00
 outer loop
  vertex -1.2000000e-02 1.4695762e-18 7.0000000e-02
  vertex -1.1985545e-02 5.8881209e-04 7.0000000e-02
  vertex -1.1985545e-02 5.8881209e-04 7.2000000e-02
 endloop
endfacet
facet normal 9.996988e-01 -2.454123e-02 0.000000e+00
 outer loop
  vertex -1.2000000e-02 1.4695762e-18 7.2000000e-02
  vertex -1.2000000e-02 1.4695762e-18 7.0000000e-02
  vertex -1.1985545e-02 5.8881209e-04 7.2000000e-02
 endloop
endfacet
facet normal 9.996988e-01 2.454123e-02 0.000000e+00
 outer loop
  vertex -1.1985545e-02 -5.8881209e-04 7.0000000e-02
  vertex -1.2000000e-02 1.4695762e-18 7.0000000e-02
  vertex -1.2000000e-02 1.4695762e-18 7.2000000e-02
 endloop
endfacet
facet normal 9.996988e-01 2.454123e-02 0.000000e+00
 outer loop
  vertex -1.1985545e-02 -5.8881209e-04 7.2000000e-02
  vertex -1.1985545e-02 -5.8881209e-04 7.0000000e-02
  vertex -1.2000000e-02 1.4695762e-18 7.2000000e-02
 endloop
endfacet
facet normal 9.972905e-01 7.356456e-02 0.000000e+00
 outer loop
  vertex -1.1942217e-02 -1.1762057e-03 7.0000000e-02
  vertex -1.1985545e-02 -5.8881209e-04 7.0000000e-02
  vertex -1.1985545e-02 -5.8881209e-04 7.2000000e-02
 endloop
endfacet
facet normal 9.972905e-01 7.356456e-02 0.000000e+00
 outer loop
  vertex -1.1942217e-02 -1.1762057e-03 7.2000000e-02
  vertex -1.1942217e-02 -1.1762057e-03 7.0000000e-02
  vertex -1.1985545e-02 -5.8881209e-04 7.2000000e-02
 endloop
endfacet
facet normal 9.924795e-01 1.224107e-01 0.000000e+00
 outer loop
  vertex -1.1870118e-02 -1.7607657e-03 7.0000000e-02
  vertex -1.1942217e-02 -1.1762057e-03 7.0000000e-02
  vertex -1.1942217e-02 -1.1762057e-03 7.2000000e-02
 endloop
endfacet
facet normal 9.924795e-01 1.224107e-01 0.000000e+00
 outer loop
  vertex -1.1870118e-02 -1.7607657e-03 7.2000000e-02
  vertex -1.1870118e-02 -1.7607657e-03 7.0000000e-02
  vertex -1.1942217e-02 -1.1762057e-03 7.2000000e-02
 endloop
endfacet
facet normal 9.852776e-01 1.709619e-01 0.000000e+00
 outer loop
  vertex -1.1769423e-02 -2.3410839e-03 7.0000000e-02
  vertex -1.1870118e-02 -1.7607657e-03 7.0000000e-02
  vertex -1.1870118e-02 -1.7607657e-03 7.2000000e-02
 endloop
endfacet
facet normal 9.852776e-01 1.709619e-01 0.000000e+00
 outer loop
  vertex -1.1769423e-02 -2.3410839e-03 7.2000000e-02
  vertex -1.1769423e-02 -2.3410839e-03 7.0000000e-02
  vertex -1.1870118e-02 -1.7607657e-03 7.2000000e-02
 endloop
endfacet
facet normal 9.757021e-01 2.191012e-01 0.000000e+00
 outer loop
  vertex -1.1640375e-02 -2.9157622e-03 7.0000000e-02
  vertex -1.1769423e-02 -2.3410839e-03 7.0000000e-02
  vertex -1.1769423e-02 -2.3410839e-03 7.2000000e-02
 endloop
endfacet
facet normal 9.757021e-01 2.191012e-01 0.000000e+00
 outer loop
  vertex -1.1640375e-02 -2.9157622e-03 7.2000000e-02
  vertex -1.1640375e-02 -2.9157622e-03 7.0000000e-02
  vertex -1.1769423e-02 -2.3410839e-03 7.2000000e-02
 endloop
endfacet
facet normal 9.637761e-01 2.667128e-01 0.000000e+00
 outer loop
  vertex -1.1483284e-02 -3.4834161e-03 7.0000000e-02
  vertex -1.1640375e-02 -2.9157622e-03 7.0000000e-02
  vertex -1.1640375e-02 -2.9157622e-03 7.2000000e-02
 endloop
endfacet
facet normal 9.637761e-01 2.667128e-01 0.000000e+00
 outer loop
  vertex -1.1483284e-02 -3.4834161e-03 7.2000000e-02
  vertex -1.1483284e-02 -3.4834161e-03 7.0000000e-02
  vertex -1.1640375e-02 -2.9157622e-03 7.2000000e-02
 endloop
endfacet
facet normal 9.495282e-01 3.136817e-01 0.000000e+00
 outer loop
  vertex -1.1298529e-02 -4.0426782e-03 7.0000000e-02
  vertex -1.1483284e-02 -3.4834161e-03 7.0000000e-02
  vertex -1.1483284e-02 -3.4834161e-03 7.2000000e-02
 endloop
endfacet
facet normal 9.495282e-01 3.136817e-01 0.000000e+00
 outer loop
  vertex -1.1298529e-02 -4.0426782e-03 7.2000000e-02
  vertex -1.1298529e-02 -4.0426782e-03 7.0000000e-02
  vertex -1.1483284e-02 -3.4834161e-03 7.2000000e-02
 endloop
endfacet
facet normal 9.329928e-01 3.598950e-01 0.000000e+00
 outer loop
  vertex -1.1086554e-02 -4.5922012e-03 7.0000000e-02
  vertex -1.1298529e-02 -4.0426782e-03 7.0000000e-02
  vertex -1.1298529e-02 -4.0426782e-03 7.2000000e-02
 endloop
endfacet
facet normal 9.329928e-01 3.598950e-01 0.000000e+00
 outer loop
  vertex -1.1086554e-02 -4.5922012e-03 7.2000000e-02
  vertex -1.1086554e-02 -4.5922012e-03 7.0000000e-02
  vertex -1.1298529e-02 -4.0426782e-03 7.2000000e-02
 endloop
endfacet
facet normal 9.142098e-01 4.052413e-01 0.000000e+00
 outer loop
  vertex -1.0847872e-02 -5.1306611e-03 7.0000000e-02
  vertex -1.1086554e-02 -4.5922012e-03 7.0000000e-02
  vertex -1.1086554e-02 -4.5922012e-03 7.2000000e-02
 endloop
endfacet
facet normal 9.142098e-01 4.052413e-01 0.000000e+00
 outer loop
  vertex -1.0847872e-02 -5.1306611e-03 7.2000000e-02
  vertex -1.0847872e-02 -5.1306611e-03 7.0000000e-02
  vertex -1.1086554e-02 -4.5922012e-03 7.2000000e-02
 endloop
endfacet
facet normal 8.932243e-01 4.496113e-01 0.000000e+00
 outer loop
  vertex -1.0583055e-02 -5.6567608e-03 7.0000000e-02
  vertex -1.0847872e-02 -5.1306611e-03 7.0000000e-02
  vertex -1.0847872e-02 -5.1306611e-03 7.2000000e-02
 endloop
endfacet
facet normal 8.932243e-01 4.496113e-01 0.000000e+00
 outer loop
  vertex -1.0583055e-02 -5.6567608e-03 7.2000000e-02
  vertex -1.0583055e-02 -5.6567608e-03 7.0000000e-02
  vertex -1.0847872e-02 -5.1306611e-03 7.2000000e-02
 endloop
endfacet
facet normal 8.700870e-01 4.928982e-01 0.000000e+00
 outer loop
  vertex -1.0292743e-02 -6.1692329e-03 7.0000000e-02
  vertex -1.0583055e-02 -5.6567608e-03 7.0000000e-02
  vertex -1.0583055e-02 -5.6567608e-03 7.2000000e-02
 endloop
endfacet
facet normal 8.700870e-01 4.928982e-01 0.000000e+00
 outer loop
  vertex -1.0292743e-02 -6.1692329e-03 7.2000000e-02
  vertex -1.0292743e-02 -6.1692329e-03 7.0000000e-02
  vertex -1.0583055e-02 -5.6567608e-03 7.2000000e-02
 endloop
endfacet
facet normal 8.448536e-01 5.349976e-01 0.000000e+00
 outer loop
  vertex -9.9776353e-03 -6.6668428e-03 7.0000000e-02
  vertex -1.0292743e-02 -6.1692329e-03 7.0000000e-02
  vertex -1.0292743e-02 -6.1692329e-03 7.2000000e-02
 endloop
endfacet
facet normal 8.448536e-01 5.349976e-01 0.000000e+00
 outer loop
  vertex -9.9776353e-03 -6.6668428e-03 7.2000000e-02
  vertex -9.9776353e-03 -6.6668428e-03 7.0000000e-02
  vertex -1.0292743e-02 -6.1692329e-03 7.2000000e-02
 endloop
endfacet
facet normal 8.175848e-01 5.758082e-01 0.000000e+00
 outer loop
  vertex -9.6384904e-03 -7.1483917e-03 7.0000000e-02
  vertex -9.9776353e-03 -6.6668428e-03 7.0000000e-02
  vertex -9.9776353e-03 -6.6668428e-03 7.2000000e-02
 endloop
endfacet
facet normal 8.175848e-01 5.758082e-01 0.000000e+00
 outer loop
  vertex -9.6384904e-03 -7.1483917e-03 7.2000000e-02
  vertex -9.6384904e-03 -7.1483917e-03 7.0000000e-02
  vertex -9.9776353e-03 -6.6668428e-03 7.2000000e-02
 endloop
endfacet
facet normal 7.883464e-01 6.152316e-01 0.000000e+00
 outer loop
  vertex -9.2761254e-03 -7.6127194e-03 7.0000000e-02
  vertex -9.6384904e-03 -7.1483917e-03 7.0000000e-02
  vertex -9.6384904e-03 -7.1483917e-03 7.2000000e-02
 endloop
endfacet
facet normal 7.883464e-01 6.152316e-01 0.000000e+00
 outer loop
  vertex -9.2761254e-03 -7.6127194e-03 7.2000000e-02
  vertex -9.2761254e-03 -7.6127194e-03 7.0000000e-02
  vertex -9.6384904e-03 -7.1483917e-03 7.2000000e-02
 endloop
endfacet
facet normal 7.572088e-01 6.531728e-01 0.000000e+00
 outer loop
  vertex -8.8914135e-03 -8.0587075e-03 7.0000000e-02
  vertex -9.2761254e-03 -7.6127194e-03 7.0000000e-02
  vertex -9.2761254e-03 -7.6127194e-03 7.2000000e-02
 endloop
endfacet
facet normal 7.572088e-01 6.531728e-01 0.000000e+00
 outer loop
  vertex -8.8914135e-03 -8.0587075e-03 7.2000000e-02
  vertex -8.8914135e-03 -8.0587075e-03 7.0000000e-02
  vertex -9.2761254e-03 -7.6127194e-03 7.2000000e-02
 endloop
endfacet
facet normal 7.242471e-01 6.895405e-01 0.000000e+00
 outer loop
  vertex -8.4852814e-03 -8.4852814e-03 7.0000000e-02
  vertex -8.8914135e-03 -8.0587075e-03 7.0000000e-02
  vertex -8.8914135e-03 -8.0587075e-03 7.2000000e-02
 endloop
endfacet
facet normal 7.242471e-01 6.895405e-01 0.000000e+00
 outer loop
  vertex -8.4852814e-03 -8.4852814e-03 7.2000000e-02
  vertex -8.4852814e-03 -8.4852814e-03 7.0000000e-02
  vertex -8.8914135e-03 -8.0587075e-03 7.2000000e-02
 endloop
endfacet
facet normal 6.895405e-01 7.242471e-01 0.000000e+00
 outer loop
  vertex -8.0587075e-03 -8.8914135e-03 7.0000000e-02
  vertex -8.4852814e-03 -8.4852814e-03 7.0000000e-02
  vertex -8.4852814e-03 -8.4852814e-03 7.2000000e-02
 endloop
endfacet
facet normal 6.895405e-01 7.242471e-01 0.000000e+00
 outer loop
  vertex -8.0587075e-03 -8.8914135e-03 7.2000000e-02
  vertex -8.0587075e-03 -8.8914135e-03 7.0000000e-02
  vertex -8.4852814e-03 -8.4852814e-03 7.2000000e-02
 endloop
endfacet
facet normal 6.531728e-01 7.572088e-01 0.000000e+00
 outer loop
  vertex -7.6127194e-03 -9.2761254e-03 7.0000000e-02
  vertex -8.0587075e-03 -8.8914135e-03 7.0000000e-02
  vertex -8.0587075e-03 -8.8914135e-03 7.2000000e-02
 endloop
endfacet
facet normal 6.531728e-01 7.572088e-01 0.000000e+00
 outer loop
  vertex -7.6127194e-03 -9.2761254e-03 7.2000000e-02
  vertex -7.6127194e-03 -9.2761254e-03 7.0000000e-02
  vertex -8.0587075e-03 -8.8914135e-03 7.2000000e-02
 endloop
endfacet
facet normal 6.152316e-01 7.883464e-01 0.000000e+00
 outer loop
  vertex -7.1483917e-03 -9.6384904e-03 7.0000000e-02
  vertex -7.6127194e-03 -9.2761254e-03 7.0000000e-02
  vertex -7.6127194e-03 -9.2761254e-03 7.2000000e-02
 endloop
endfacet
facet normal 6.152316e-01 7.883464e-01 0.000000e+00
 outer loop
  vertex -7.1483917e-03 -9.6384904e-03 7.2000000e-02
  vertex -7.1483917e-03 -9.6384904e-03 7.0000000e-02
  vertex -7.6127194e-03 -9.2761254e-03 7.2000000e-02
 endloop
endfacet
facet normal 5.758082e-01 8.175848e-01 0.000000e+00
 outer loop
  vertex -6.6668428e-03 -9.9776353e-03 7.0000000e-02
  vertex -7.1483917e-03 -9.6384904e-03 7.0000000e-02
  vertex -7.1483917e-03 -9.6384904e-03 7.2000000e-02
 endloop
endfacet
facet normal 5.758082e-01 8.175848e-01 0.000000e+00
 outer loop
  vertex -6.6668428e-03 -9.9776353e-03 7.2000000e-02
  vertex -6.6668428e-03 -9.9776353e-03 7.0000000e-02
  vertex -7.1483917e-03 -9.6384904e-03 7.2000000e-02
 endloop
endfacet
facet normal 5.349976e-01 8.448536e-01 0.000000e+00
 outer loop
  vertex -6.1692329e-03 -1.0292743e-02 7.0000000e-02
  vertex -6.6668428e-03 -9.9776353e-03 7.0000000e-02
  vertex -6.6668428e-03 -9.9776353e-03 7.2000000e-02
 endloop
endfacet
facet normal 5.349976e-01 8.448536e-01 0.000000e+00
 outer loop
  vertex -6.1692329e-03 -1.0292743e-02 7.2000000e-02
  vertex -6.1692329e-03 -1.0292743e-02 7.0000000e-02
  vertex -6.6668428e-03 -9.9776353e-03 7.2000000e-02
 endloop
endfacet
facet normal 4.928982e-01 8.700870e-01 0.000000e+00
 outer loop
  vertex -5.6567608e-03 -1.0583055e-02 7.0000000e-02
  vertex -6.1692329e-03 -1.0292743e-02 7.0000000e-02
  vertex -6.1692329e-03 -1.0292743e-02 7.2000000e-02
 endloop
endfacet
facet normal 4.928982e-01 8.700870e-01 0.000000e+00
 outer loop
  vertex -5.6567608e-03 -1.0583055e-02 7.2000000e-02
  vertex -5.6567608e-03 -1.0583055e-02 7.0000000e-02
  vertex -6.1692329e-03 -1.0292743e-02 7.2000000e-02
 endloop
endfacet
facet normal 4.496113e-01 8.932243e-01 0.000000e+00
 outer loop
  vertex -5.1306611e-03 -1.0847872e-02 7.0000000e-02
  vertex -5.6567608e-03 -1.0583055e-02 7.0000000e-02
  vertex -5.6567608e-03 -1.0583055e-02 7.2000000e-02
 endloop
endfacet
facet normal 4.496113e-01 8.932243e-01 0.000000e+00
 outer loop
  vertex -5.1306611e-03 -1.0847872e-02 7.2000000e-02
  vertex -5.1306611e-03 -1.0847872e-02 7.0000000e-02
  vertex -5.6567608e-03 -1.0583055e-02 7.2000000e-02
 endloop
endfacet
facet normal 4.052413e-01 9.142098e-01 0.000000e+00
 outer loop
  vertex -4.5922012e-03 -1.1086554e-02 7.0000000e-02
  vertex -5.1306611e-03 -1.0847872e-02 7.0000000e-02
  vertex -5.1306611e-03 -1.0847872e-02 7.2000000e-02
 endloop
endfacet
facet normal 4.052413e-01 9.142098e-01 0.000000e+00
 outer loop
  vertex -4.5922012e-03 -1.1086554e-02 7.2000000e-02
  vertex -4.5922012e-03 -1.1086554e-02 7.0000000e-02
  vertex -5.1306611e-03 -1.0847872e-02 7.2000000e-02
 endloop
endfacet
facet normal 3.598950e-01 9.329928e-01 0.000000e+00
 outer loop
  vertex -4.0426782e-03 -1.1298529e-02 7.0000000e-02
  vertex -4.5922012e-03 -1.1086554e-02 7.0000000e-02
  vertex -4.5922012e-03 -1.1086554e-02 7.2000000e-02
 endloop
endfacet
facet normal 3.598950e-01 9.329928e-01 0.000000e+00
 outer loop
  vertex -4.0426782e-03 -1.1298529e-02 7.2000000e-02
  vertex -4.0426782e-03 -1.1298529e-02 7.0000000e-02
  vertex -4.5922012e-03 -1.1086554e-02 7.2000000e-02
 endloop
endfacet
facet normal 3.136817e-01 9.495282e-01 0.000000e+00
 outer loop
  vertex -3.4834161e-03 -1.1483284e-02 7.0000000e-02
  vertex -4.0426782e-03 -1.1298529e-02 7.0000000e-02
  vertex -4.0426782e-03 -1.1298529e-02 7.2000000e-02
 endloop
endfacet
facet normal 3.136817e-01 9.495282e-01 0.000000e+00
 outer loop
  vertex -3.4834161e-03 -1.1483284e-02 7.2000000e-02
  vertex -3.4834161e-03 -1.1483284e-02 7.0000000e-02
  vertex -4.0426782e-03 -1.1298529e-02 7.2000000e-02
 endloop
endfacet
facet normal 2.667128e-01 9.637761e-01 0.000000e+00
 outer loop
  vertex -2.9157622e-03 -1.1640375e-02 7.0000000e-02
  vertex -3.4834161e-03 -1.1483284e-02 7.0000000e-02
  vertex -3.4834161e-03 -1.1483284e-02 7.2000000e-02
 endloop
endfacet
facet normal 2.667128e-01 9.637761e-01 0.000000e+00
 outer loop
  vertex -2.9157622e-03 -1.1640375e-02 7.2000000e-02
  vertex -2.9157622e-03 -1.1640375e-02 7.0000000e-02
  vertex -3.4834161e-03 -1.1483284e-02 7.2000000e-02
 endloop
endfacet
facet normal 2.191012e-01 9.757021e-01 0.000000e+00
 outer loop
  vertex -2.3410839e-03 -1.1769423e-02 7.0000000e-02
  vertex -2.9157622e-03 -1.1640375e-02 7.0000000e-02
  vertex -2.9157622e-03 -1.1640375e-02 7.2000000e-02
 endloop
endfacet
facet normal 2.191012e-01 9.757021e-01 0.000000e+00
 outer loop
  vertex -2.3410839e-03 -1.1769423e-02 7.2000000e-02
  vertex -2.3410839e-03 -1.1769423e-02 7.0000000e-02
  vertex -2.9157622e-03 -1.1640375e-02 7.2000000e-02
 endloop
endfacet
facet normal 1.709619e-01 9.852776e-01 0.000000e+00
 outer loop
  vertex -1.7607657e-03 -1.1870118e-02 7.0000000e-02
  vertex -2.3410839e-03 -1.1769423e-02 7.0000000e-02
  vertex -2.3410839e-03 -1.1769423e-02 7.2000000e-02
 endloop
endfacet
facet normal 1.709619e-01 9.852776e-01 0.000000e+00
 outer loop
  vertex -1.7607657e-03 -1.1870118e-02 7.2000000e-02
  vertex -1.7607657e-03 -1.1870118e-02 7.0000000e-02
  vertex -2.3410839e-03 -1.1769423e-02 7.2000000e-02
 endloop
endfacet
facet normal 1.224107e-01 9.924795e-01 0.000000e+00
 outer loop
  vertex -1.1762057e-03 -1.1942217e-02 7.0000000e-02
  vertex -1.7607657e-03 -1.1870118e-02 7.0000000e-02
  vertex -1.7607657e-03 -1.1870118e-02 7.2000000e-02
 endloop
endfacet
facet normal 1.224107e-01 9.924795e-01 0.000000e+00
 outer loop
  vertex -1.1762057e-03 -1.1942217e-02 7.2000000e-02
  vertex -1.1762057e-03 -1.1942217e-02 7.0000000e-02
  vertex -1.7607657e-03 -1.1870118e-02 7.2000000e-02
 endloop
endfacet
facet normal 7.356456e-02 9.972905e-01 0.000000e+00
 outer loop
  vertex -5.8881209e-04 -1.1985545e-02 7.0000000e-02
  vertex -1.1762057e-03 -1.1942217e-02 7.0000000e-02
  vertex -1.1762057e-03 -1.1942217e-02 7.2000000e-02
 endloop
endfacet
facet normal 7.356456e-02 9.972905e-01 0.000000e+00
 outer loop
  vertex -5.8881209e-04 -1.1985545e-02 7.2000000e-02
  vertex -5.8881209e-04 -1.1985545e-02 7.0000000e-02
  vertex -1.1762057e-03 -1.1942217e-02 7.2000000e-02
 endloop
endfacet
facet normal 2.454123e-02 9.996988e-01 0.000000e+00
 outer loop
  vertex -2.2043642e-18 -1.2000000e-02 7.0000000e-02
  vertex -5.8881209e-04 -1.1985545e-02 7.0000000e-02
  vertex -5.8881209e-04 -1.1985545e-02 7.2000000e-02
 endloop
endfacet
facet normal 2.454123e-02 9.996988e-01 0.000000e+00
 outer loop
  vertex -2.2043642e-18 -1.2000000e-02 7.2000000e-02
  vertex -2.2043642e-18 -1.2000000e-02 7.0000000e-02
  vertex -5.8881209e-04 -1.1985545e-02 7.2000000e-02
 endloop
endfacet
facet normal -2.454123e-02 9.996988e-01 0.000000e+00
 outer loop
  vertex 5.8881209e-04 -1.1985545e-02 7.0000000e-02
  vertex -2.2043642e-18 -1.2000000e-02 7.0000000e-02
  vertex -2.2043642e-18 -1.2000000e-02 7.2000000e-02
 endloop
endfacet
facet normal -2.454123e-02 9.996988e-01 0.000000e+00
 outer loop
  vertex 5.8881209e-04 -1.1985545e-02 7.2000000e-02
  vertex 5.8881209e-04 -1.1985545e-02 7.0000000e-02
  vertex -2.2043642e-18 -1.2000000e-02 7.2000000e-02
 endloop
endfacet
facet normal -7.356456e-02 9.972905e-01 0.000000e+00
 outer loop
  vertex 1.1762057e-03 -1.1942217e-02 7.0000000e-02
  vertex 5.8881209e-04 -1.1985545e-02 7.0000000e-02
  vertex 5.8881209e-04 -1.1985545e-02 7.2000000e-02
 endloop
endfacet
facet normal -7.356456e-02 9.972905e-01 0.000000e+00
 outer loop
  vertex 1.1762057e-03 -1.1942217e-02 7.2000000e-02
  vertex 1.1762057e-03 -1.1942217e-02 7.0000000e-02
  vertex 5.8881209e-04 -1.1985545e-02 7.2000000e-02
 endloop
endfacet
facet normal -1.224107e-01 9.924795e-01 0.000000e+00
 outer loop
  vertex 1.7607657e-03 -1.1870118e-02 7.0000000e-02
  vertex 1.1762057e-03 -1.1942217e-02 7.0000000e-02
  vertex 1.1762057e-03 -1.1942217e-02 7.2000000e-02
 endloop
endfacet
facet normal -1.224107e-01 9.924795e-01 0.000000e+00
 outer loop
  vertex 1.7607657e-03 -1.1870118e-02 7.2000000e-02
  vertex 1.7607657e-03 -1.1870118e-02 7.0000000e-02
  vertex 1.1762057e-03 -1.1942217e-02 7.2000000e-02
 endloop
endfacet
facet normal -1.709619e-01 9.852776e-01 0.000000e+00
 outer loop
  vertex 2.3410839e-03 -1.1769423e-02 7.0000000e-02
  vertex 1.7607657e-03 -1.1870118e-02 7.0000000e-02
  vertex 1.7607657e-03 -1.1870118e-02 7.2000000e-02
 endloop
endfacet
facet normal -1.709619e-01 9.852776e-01 0.000000e+00
 outer loop
  vertex 2.3410839e-03 -1.1769423e-02 7.2000000e-02
  vertex 2.3410839e-03 -1.1769423e-02 7.0000000e-02
  vertex 1.7607657e-03 -1.1870118e-02 7.2000000e-02
 endloop
endfacet
facet normal -2.191012e-01 9.757021e-01 0.000000e+00
 outer loop
  vertex 2.9157622e-03 -1.1640375e-02 7.0000000e-02
  vertex 2.3410839e-03 -1.1769423e-02 7.0000000e-02
  vertex 2.3410839e-03 -1.1769423e-02 7.2000000e-02
 endloop
endfacet
facet normal -2.191012e-01 9.757021e-01 0.000000e+00
 outer loop
  vertex 2.9157622e-03 -1.1640375e-02 7.2000000e-02
  vertex 2.9157622e-03 -1.1640375e-02 7.0000000e-02
  vertex 2.3410839e-03 -1.1769423e-02 7.2000000e-02
 endloop
endfacet
facet normal -2.667128e-01 9.637761e-01 0.000000e+00
 outer loop
  vertex 3.4834161e-03 -1.1483284e-02 7.0000000e-02
  vertex 2.9157622e-03 -1.1640375e-02 7.0000000e-02
  vertex 2.9157622e-03 -1.1640375e-02 7.2000000e-02
 endloop
endfacet
facet normal -2.667128e-01 9.637761e-01 0.000000e+00
 outer loop
  vertex 3.4834161e-03 -1.1483284e-02 7.2000000e-02
  vertex 3.4834161e-03 -1.1483284e-02 7.0000000e-02
  vertex 2.9157622e-03 -1.1640375e-02 7.2000000e-02
 endloop
endfacet
facet normal -3.136817e-01 9.495282e-01 0.000000e+00
 outer loop
  vertex 4.0426782e-03 -1.1298529e-02 7.0000000e-02
  vertex 3.4834161e-03 -1.1483284e-02 7.0000000e-02
  vertex 3.4834161e-03 -1.1483284e-02 7.2000000e-02
 endloop
endfacet
facet normal -3.136817e-01 9.495282e-01 0.000000e+00
 outer loop
  vertex 4.0426782e-03 -1.1298529e-02 7.2000000e-02
  vertex 4.0426782e-03 -1.1298529e-02 7.0000000e-02
  vertex 3.4834161e-03 -1.1483284e-02 7.2000000e-02
 endloop
endfacet
facet normal -3.598950e-01 9.329928e-01 0.000000e+00
 outer loop
  vertex 4.5922012e-03 -1.1086554e-02 7.0000000e-02
  vertex 4.0426782e-03 -1.1298529e-02 7.0000000e-02
  vertex 4.0426782e-03 -1.1298529e-02 7.2000000e-02
 endloop
endfacet
facet normal -3.598950e-01 9.329928e-01 0.000000e+00
 outer loop
  vertex 4.5922012e-03 -1.1086554e-02 7.2000000e-02
  vertex 4.5922012e-03 -1.1086554e-02 7.0000000e-02
  vertex 4.0426782e-03 -1.1298529e-02 7.2000000e-02
 endloop
endfacet
facet normal -4.052413e-01 9.142098e-01 0.000000e+00
 outer loop
  vertex 5.1306611e-03 -1.0847872e-02 7.0000000e-02
  vertex 4.5922012e-03 -1.1086554e-02 7.0000000e-02
  vertex 4.5922012e-03 -1.1086554e-02 7.2000000e-02
 endloop
endfacet
facet normal -4.052413e-01 9.142098e-01 0.000000e+00
 outer loop
  vertex 5.1306611e-03 -1.0847872e-02 7.2000000e-02
  vertex 5.1306611e-03 -1.0847872e-02 7.0000000e-02
  vertex 4.5922012e-03 -1.1086554e-02 7.2000000e-02
 endloop
endfacet
facet normal -4.496113e-01 8.932243e-01 0.000000e+00
 outer loop
  vertex 5.6567608e-03 -1.0583055e-02 7.0000000e-02
  vertex 5.1306611e-03 -1.0847872e-02 7.0000000e-02
  vertex 5.1306611e-03 -1.0847872e-02 7.2000000e-02
 endloop
endfacet
facet normal -4.496113e-01 8.932243e-01 0.000000e+00
 outer loop
  vertex 5.6567608e-03 -1.0583055e-02 7.2000000e-02
  vertex 5.6567608e-03 -1.0583055e-02 7.0000000e-02
  vertex 5.1306611e-03 -1.0847872e-02 7.2000000e-02
 endloop
endfacet
facet normal -4.928982e-01 8.700870e-01 0.000000e+00
 outer loop
  vertex 6.1692329e-03 -1.0292743e-02 7.0000000e-02
  vertex 5.6567608e-03 -1.0583055e-02 7.0000000e-02
  vertex 5.6567608e-03 -1.0583055e-02 7.2000000e-02
 endloop
endfacet
facet normal -4.928982e-01 8.700870e-01 0.000000e+00
 outer loop
  vertex 6.1692329e-03 -1.0292743e-02 7.2000000e-02
  vertex 6.1692329e-03 -1.0292743e-02 7.0000000e-02
  vertex 5.6567608e-03 -1.0583055e-02 7.2000000e-02
 endloop
endfacet
facet normal -5.349976e-01 8.448536e-01 0.000000e+00
 outer loop
  vertex 6.6668428e-03 -9.9776353e-03 7.0000000e-02
  vertex 6.1692329e-03 -1.0292743e-02 7.0000000e-02
  vertex 6.1692329e-03 -1.0292743e-02 7.2000000e-02
 endloop
endfacet
facet normal -5.349976e-01 8.448536e-01 0.000000e+00
 outer loop
  vertex 6.6668428e-03 -9.9776353e-03 7.2000000e-02
  vertex 6.6668428e-03 -9.9776353e-03 7.0000000e-02
  vertex 6.1692329e-03 -1.0292743e-02 7.2000000e-02
 endloop
endfacet
facet normal -5.758082e-01 8.175848e-01 0.000000e+00
 outer loop
  vertex 7.1483917e-03 -9.6384904e-03 7.0000000e-02
  vertex 6.6668428e-03 -9.9776353e-03 7.0000000e-02
  vertex 6.6668428e-03 -9.9776353e-03 7.2000000e-02
 endloop
endfacet
facet normal -5.758082e-01 8.175848e-01 0.000000e+00
 outer loop
  vertex 7.1483917e-03 -9.6384904e-03 7.2000000e-02
  vertex 7.1483917e-03 -9.6384904e-03 7.0000000e-02
  vertex 6.6668428e-03 -9.9776353e-03 7.2000000e-02
 endloop
endfacet
facet normal -6.152316e-01 7.883464e-01 0.000000e+00
 outer loop
  vertex 7.6127194e-03 -9.2761254e-03 7.0000000e-02
  vertex 7.1483917e-03 -9.6384904e-03 7.0000000e-02
  vertex 7.1483917e-03 -9.6384904e-03 7.2000000e-02
 endloop
endfacet
facet normal -6.152316e-01 7.883464e-01 0.000000e+00
 outer loop
  vertex 7.6127194e-03 -9.2761254e-03 7.2000000e-02
  vertex 7.6127194e-03 -9.2761254e-03 7.0000000e-02
  vertex 7.1483917e-03 -9.6384904e-03 7.2000000e-02
 endloop
endfacet
facet normal -6.531728e-01 7.572088e-01 0.000000e+00
 outer loop
  vertex 8.0587075e-03 -8.8914135e-03 7.0000000e-02
  vertex 7.6127194e-03 -9.2761254e-03 7.0000000e-02
  vertex 7.6127194e-03 -9.2761254e-03 7.2000000e-02
 endloop
endfacet
facet normal -6.531728e-01 7.572088e-01 0.000000e+00
 outer loop
  vertex 8.0587075e-03 -8.8914135e-03 7.2000000e-02
  vertex 8.0587075e-03 -8.8914135e-03 7.0000000e-02
  vertex 7.6127194e-03 -9.2761254e-03 7.2000000e-02
 endloop
endfacet
facet normal -6.895405e-01 7.242471e-01 0.000000e+00
 outer loop
  vertex 8.4852814e-03 -8.4852814e-03 7.0000000e-02
  vertex 8.0587075e-03 -8.8914135e-03 7.0000000e-02
  vertex 8.0587075e-03 -8.8914135e-03 7.2000000e-02
 endloop
endfacet
facet normal -6.895405e-01 7.242471e-01 0.000000e+00
 outer loop
  vertex 8.4852814e-03 -8.4852814e-03 7.2000000e-02
  vertex 8.4852814e-03 -8.4852814e-03 7.0000000e-02
  vertex 8.0587075e-03 -8.8914135e-03 7.2000000e-02
 endloop
endfacet
facet normal -7.242471e-01 6.895405e-01 0.000000e+00
 outer loop
  vertex 8.8914135e-03 -8.0587075e-03 7.0000000e-02
  vertex 8.4852814e-03 -8.4852814e-03 7.0000000e-02
  vertex 8.4852814e-03 -8.4852814e-03 7.2000000e-02
 endloop
endfacet
facet normal -7.242471e-01 6.895405e-01 0.000000e+00
 outer loop
  vertex 8.8914135e-03 -8.0587075e-03 7.2000000e-02
  vertex 8.8914135e-03 -8.0587075e-03 7.0000000e-02
  vertex 8.4852814e-03 -8.4852814e-03 7.2000000e-02
 endloop
endfacet
facet normal -7.572088e-01 6.531728e-01 0.000000e+00
 outer loop
  vertex 9.2761254e-03 -7.6127194e-03 7.0000000e-02
  vertex 8.8914135e-03 -8.0587075e-03 7.0000000e-02
  vertex 8.8914135e-03 -8.0587075e-03 7.2000000e-02
 endloop
endfacet
facet normal -7.572088e-01 6.531728e-01 0.000000e+00
 outer loop
  vertex 9.2761254e-03 -7.6127194e-03 7.2000000e-02
  vertex 9.2761254e-03 -7.6127194e-03 7.0000000e-02
  vertex 8.8914135e-03 -8.0587075e-03 7.2000000e-02
 endloop
endfacet
facet normal -7.883464e-01 6.152316e-01 0.000000e+00
 outer loop
  vertex 9.6384904e-03 -7.1483917e-03 7.0000000e-02
  vertex 9.2761254e-03 -7.6127194e-03 7.0000000e-02
  vertex 9.2761254e-03 -7.6127194e-03 7.2000000e-02
 endloop
endfacet
facet normal -7.883464e-01 6.152316e-01 0.000000e+00
 outer loop
  vertex 9.6384904e-03 -7.1483917e-03 7.2000000e-02
  vertex 9.6384904e-03 -7.1483917e-03 7.0000000e-02
  vertex 9.2761254e-03 -7.6127194e-03 7.2000000e-02
 endloop
endfacet
facet normal -8.175848e-01 5.758082e-01 0.000000e+00
 outer loop
  vertex 9.9776353e-03 -6.6668428e-03 7.0000000e-02
  vertex 9.6384904e-03 -7.1483917e-03 7.0000000e-02
  vertex 9.6384904e-03 -7.1483917e-03 7.2000000e-02
 endloop
endfacet
facet normal -8.175848e-01 5.758082e-01 0.000000e+00
 outer loop
  vertex 9.9776353e-03 -6.6668428e-03 7.2000000e-02
  vertex 9.9776353e-03 -6.6668428e-03 7.0000000e-02
  vertex 9.6384904e-03 -7.1483917e-03 7.2000000e-02
 endloop
endfacet
facet normal -8.448536e-01 5.349976e-01 0.000000e+00
 outer loop
  vertex 1.0292743e-02 -6.1692329e-03 7.0000000e-02
  vertex 9.9776353e-03 -6.6668428e-03 7.0000000e-02
  vertex 9.9776353e-03 -6.6668428e-03 7.2000000e-02
 endloop
endfacet
facet normal -8.448536e-01 5.349976e-01 0.000000e+00
 outer loop
  vertex 1.0292743e-02 -6.1692329e-03 7.2000000e-02
  vertex 1.0292743e-02 -6.1692329e-03 7.0000000e-02
  vertex 9.9776353e-03 -6.6668428e-03 7.2000000e-02
 endloop
endfacet
facet normal -8.700870e-01 4.928982e-01 0.000000e+00
 outer loop
  vertex 1.0583055e-02 -5.6567608e-03 7.0000000e-02
  vertex 1.0292743e-02 -6.1692329e-03 7.0000000e-02
  vertex 1.0292743e-02 -6.1692329e-03 7.2000000e-02
 endloop
endfacet
facet normal -8.700870e-01 4.928982e-01 0.000000e+00
 outer loop
  vertex 1.0583055e-02 -5.6567608e-03 7.2000000e-02
  vertex 1.0583055e-02 -5.6567608e-03 7.0000000e-02
  vertex 1.0292743e-02 -6.1692329e-03 7.2000000e-02
 endloop
endfacet
facet normal -8.932243e-01 4.496113e-01 0.000000e+00
 outer loop
  vertex 1.0847872e-02 -5.1306611e-03 7.0000000e-02
  vertex 1.0583055e-02 -5.6567608e-03 7.0000000e-02
  vertex 1.0583055e-02 -5.6567608e-03 7.2000000e-02
 endloop
endfacet
facet normal -8.932243e-01 4.496113e-01 0.000000e+00
 outer loop
  vertex 1.0847872e-02 -5.1306611e-03 7.2000000e-02
  vertex 1.0847872e-02 -5.1306611e-03 7.0000000e-02
  vertex 1.0583055e-02 -5.6567608e-03 7.2000000e-02
 endloop
endfacet
facet normal -9.142098e-01 4.052413e-01 0.000000e+00
 outer loop
  vertex 1.1086554e-02 -4.5922012e-03 7.0000000e-02
  vertex 1.0847872e-02 -5.1306611e-03 7.0000000e-02
  vertex 1.0847872e-02 -5.1306611e-03 7.2000000e-02
 endloop
endfacet
facet normal -9.142098e-01 4.052413e-01 0.000000e+00
 outer loop
  vertex 1.1086554e-02 -4.5922012e-03 7.2000000e-02
  vertex 1.1086554e-02 -4.5922012e-03 7.0000000e-02
  vertex 1.0847872e-02 -5.1306611e-03 7.2000000e-02
 endloop
endfacet
facet normal -9.329928e-01 3.598950e-01 0.000000e+00
 outer loop
  vertex 1.1298529e-02 -4.0426782e-03 7.0000000e-02
  vertex 1.1086554e-02 -4.5922012e-03 7.0000000e-02
  vertex 1.1086554e-02 -4.5922012e-03 7.2000000e-02
 endloop
endfacet
facet normal -9.329928e-01 3.598950e-01 0.000000e+00
 outer loop
  vertex 1.1298529e-02 -4.0426782e-03 7.2000000e-02
  vertex 1.1298529e-02 -4.0426782e-03 7.0000000e-02
  vertex 1.1086554e-02 -4.5922012e-03 7.2000000e-02
 endloop
endfacet
facet normal -9.495282e-01 3.136817e-01 0.000000e+00
 outer loop
  vertex 1.1483284e-02 -3.4834161e-03 7.0000000e-02
  vertex 1.1298529e-02 -4.0426782e-03 7.0000000e-02
  vertex 1.1298529e-02 -4.0426782e-03 7.2000000e-02
 endloop
endfacet
facet normal -9.495282e-01 3.136817e-01 0.000000e+00
 outer loop
  vertex 1.1483284e-02 -3.4834161e-03 7.2000000e-02
  vertex 1.1483284e-02 -3.4834161e-03 7.0000000e-02
  vertex 1.1298529e-02 -4.0426782e-03 7.2000000e-02
 endloop
endfacet
facet normal -9.637761e-01 2.667128e-01 0.000000e+00
 outer loop
  vertex 1.1640375e-02 -2.9157622e-03 7.0000000e-02
  vertex 1.1483284e-02 -3.4834161e-03 7.0000000e-02
  vertex 1.1483284e-02 -3.4834161e-03 7.2000000e-02
 endloop
endfacet
facet normal -9.637761e-01 2.667128e-01 0.000000e+00
 outer loop
  vertex 1.1640375e-02 -2.9157622e-03 7.2000000e-02
  vertex 1.1640375e-02 -2.9157622e-03 7.0000000e-02
  vertex 1.1483284e-02 -3.4834161e-03 7.2000000e-02
 endloop
endfacet
facet normal -9.757021e-01 2.191012e-01 0.000000e+00
 outer loop
  vertex 1.1769423e-02 -2.3410839e-03 7.0000000e-02
  vertex 1.1640375e-02 -2.9157622e-03 7.0000000e-02
  vertex 1.1640375e-02 -2.9157622e-03 7.2000000e-02
 endloop
endfacet
facet normal -9.757021e-01 2.191012e-01 0.000000e+00
 outer loop
  vertex 1.1769423e-02 -2.3410839e-03 7.2000000e-02
  vertex 1.1769423e-02 -2.3410839e-03 7.0000000e-02
  vertex 1.1640375e-02 -2.9157622e-03 7.2000000e-02
 endloop
endfacet
facet normal -9.852776e-01 1.709619e-01 0.000000e+00
 outer loop
  vertex 1.1870118e-02 -1.7607657e-03 7.0000000e-02
  vertex 1.1769423e-02 -2.3410839e-03 7.0000000e-02
  vertex 1.1769423e-02 -2.3410839e-03 7.2000000e-02
 endloop
endfacet
facet normal -9.852776e-01 1.709619e-01 0.000000e+00
 outer loop
  vertex 1.1870118e-02 -1.7607657e-03 7.2000000e-02
  vertex 1.1870118e-02 -1.7607657e-03 7.0000000e-02
  vertex 1.1769423e-02 -2.3410839e-03 7.2000000e-02
 endloop
endfacet
facet normal -9.924795e-01 1.224107e-01 0.000000e+00
 outer loop
  vertex 1.1942217e-02 -1.1762057e-03 7.0000000e-02
  vertex 1.1870118e-02 -1.7607657e-03 7.0000000e-02
  vertex 1.1870118e-02 -1.7607657e-03 7.2000000e-02
 endloop
endfacet
facet normal -9.924795e-01 1.224107e-01 0.000000e+00
 outer loop
  vertex 1.1942217e-02 -1.1762057e-03 7.2000000e-02
  vertex 1.1942217e-02 -1.1762057e-03 7.0000000e-02
  vertex 1.1870118e-02 -1.7607657e-03 7.2000000e-02
 endloop
endfacet
facet normal -9.972905e-01 7.356456e-02 0.000000e+00
 outer loop
  vertex 1.1985545e-02 -5.8881209e-04 7.0000000e-02
  vertex 1.1942217e-02 -1.1762057e-03 7.0000000e-02
  vertex 1.1942217e-02 -1.1762057e-03 7.2000000e-02
 endloop
endfacet
facet normal -9.972905e-01 7.356456e-02 0.000000e+00
 outer loop
  vertex 1.1985545e-02 -5.8881209e-04 7.2000000e-02
  vertex 1.1985545e-02 -5.8881209e-04 7.0000000e-02
  vertex 1.1942217e-02 -1.1762057e-03 7.2000000e-02
 endloop
endfacet
facet normal -9.996988e-01 2.454123e-02 0.000000e+00
 outer loop
  vertex 1.2000000e-02 0.0000000e+00 7.0000000e-02
  vertex 1.1985545e-02 -5.8881209e-04 7.0000000e-02
  vertex 1.1985545e-02 -5.8881209e-04 7.2000000e-02
 endloop
endfacet
facet normal -9.996988e-01 2.454123e-02 0.000000e+00
 outer loop
  vertex 1.2000000e-02 0.0000000e+00 7.2000000e-02
  vertex 1.2000000e-02 0.0000000e+00 7.0000000e-02
  vertex 1.1985545e-02 -5.8881209e-04 7.2000000e-02
 endloop
endfacet
facet normal 0.000000e+00 -0.000000e+00 -1.000000e+00
 outer loop
  vertex 3.3959046e-02 1.6683009e-03 7.0000000e-02
  vertex 3.4000000e-02 0.0000000e+00 7.0000000e-02
  vertex 1.2000000e-02 0.0000000e+00 7.0000000e-02
 endloop
endfacet
facet normal 0.000000e+00 0.000000e+00 -1.000000e+00
 outer loop
  vertex 1.1985545e-02 5.8881209e-04 7.0000000e-02
  vertex 3.3959046e-02 1.6683009e-03 7.0000000e-02
  vertex 1.2000000e-02 0.0000000e+00 7.0000000e-02
 endloop
endfacet
facet normal 0.000000e+00 -0.000000e+00 -1.000000e+00
 outer loop
  vertex 3.3836281e-02 3.3325828e-03 7.0000000e-02
  vertex 3.3959046e-02 1.6683009e-03 7.0000000e-02
  vertex 1.1985545e-02 5.8881209e-04 7.0000000e-02
 endloop
endfacet
facet normal 0.000000e+00 0.000000e+00 -1.000000e+00
 outer loop
  vertex 1.1942217e-02 1.1762057e-03 7.0000000e-02
  vertex 3.3836281e-02 3.3325828e-03 7.0000000e-02
  vertex 1.1985545e-02 5.8881209e-04 7.0000000e-02
 endloop
endfacet
facet normal 0.000000e+00 -0.000000e+00 -1.000000e+00
 outer loop
  vertex 3.3632001e-02 4.9888361e-03 7.0000000e-02
  vertex 3.3836281e-02 3.3325828e-03 7.0000000e-02
  vertex 1.1942217e-02 1.1762057e-03 7.0000000e-02
 endloop
endfacet
facet normal 0.000000e+00 0.000000e+00 -1.000000e+00
 outer loop
  vertex 1.1870118e-02 1.7607657e-03 7.0000000e-02
  vertex 3.3632001e-02 4.9888361e-03 7.0000000e-02
  vertex 1.1942217e-02 1.1762057e-03 7.0000000e-02
 endloop
endfacet
facet normal 0.000000e+00 -0.000000e+00 -1.000000e+00
 outer loop
  vertex 3.3346700e-02 6.6330709e-03 7.0000000e-02
  vertex 3.3632001e-02 4.9888361e-03 7.0000000e-02
  vertex 1.1870118e-02 1.7607657e-03 7.0000000e-02
 endloop
endfacet
facet normal 0.000000e+00 0.000000e+00 -1.000000e+00
 outer loop
  vertex 1.1769423e-02 2.3410839e-03 7.0000000e-02
  vertex 3.3346700e-02 6.6330709e-03 7.0000000e-02
  vertex 1.1870118e-02 1.7607657e-03 7.0000000e-02
 endloop
endfacet
facet normal 0.000000e+00 -0.000000e+00 -1.000000e+00
 outer loop
  vertex 3.2981063e-02 8.2613261e-03 7.0000000e-02
  vertex 3.3346700e-02 6.6330709e-03 7.0000000e-02
  vertex 1.1769423e-02 2.3410839e-03 7.0000000e-02
 endloop
endfacet
facet normal 0.000000e+00 0.000000e+00 -1.000000e+00
 outer loop
  vertex 1.1640375e-02 2.9157622e-03 7.0000000e-02
  vertex 3.2981063e-02 8.2613261e-03 7.0000000e-02
  vertex 1.1769423e-02 2.3410839e-03 7.0000000e-02
 endloop
endfacet
facet normal 0.000000e+00 -0.000000e+00 -1.000000e+00
 outer loop
  vertex 3.2535971e-02 9.8696790e-03 7.0000000e-02
  vertex 3.2981063e-02 8.2613261e-03 7.0000000e-02
  vertex 1.1640375e-02 2.9157622e-03 7.0000000e-02
 endloop
endfacet
facet normal 0.000000e+00 0.000000e+00 -1.000000e+00
 outer loop
  vertex 1.1483284e-02 3.4834161e-03 7.0000000e-02
  vertex 3.2535971e-02 9.8696790e-03 7.0000000e-02
  vertex 1.1640375e-02 2.9157622e-03 7.0000000e-02
 endloop
endfacet
facet normal 0.000000e+00 -0.000000e+00 -1.000000e+00
 outer loop
  vertex 3.2012498e-02 1.1454255e-02 7.0000000e-02
  vertex 3.2535971e-02 9.8696790e-03 7.0000000e-02
  vertex 1.1483284e-02 3.4834161e-03 7.0000000e-02
 endloop
endfacet
facet normal 0.000000e+00 0.000000e+00 -1.000000e+00
 outer loop
  vertex 1.1298529e-02 4.0426782e-03 7.0000000e-02
  vertex 3.2012498e-02 1.1454255e-02 7.0000000e-02
  vertex 1.1483284e-02 3.4834161e-03 7.0000000e-02
 endloop
endfacet
facet normal 0.000000e+00 -0.000000e+00 -1.000000e+00
 outer loop
  vertex 3.1411904e-02 1.3011237e-02 7.0000000e-02
  vertex 3.2012498e-02 1.1454255e-02 7.0000000e-02
  vertex 1.1298529e-02 4.0426782e-03 7.0000000e-02
 endloop
endfacet
facet normal 0.000000e+00 0.000000e+00 -1.000000e+00
 outer loop
  vertex 1.1086554e-02 4.5922012e-03 7.0000000e-02
  vertex 3.1411904e-02 1.3011237e-02 7.0000000e-02
  vertex 1.1298529e-02 4.0426782e-03 7.0000000e-02
 endloop
endfacet
facet normal 0.000000e+00 -0.000000e+00 -1.000000e+00
 outer loop
  vertex 3.0735636e-02 1.4536873e-02 7.0000000e-02
  vertex 3.1411904e-02 1.3011237e-02 7.0000000e-02
  vertex 1.1086554e-02 4.5922012e-03 7.0000000e-02
 endloop
endfacet
facet normal 0.000000e+00 0.000000e+00 -1.000000e+00
 outer loop
  vertex 1.0847872e-02 5.1306611e-03 7.0000000e-02
  vertex 3.0735636e-02 1.4536873e-02 7.0000000e-02
  vertex 1.1086554e-02 4.5922012e-03 7.0000000e-02
 endloop
endfacet
facet normal 0.000000e+00 -0.000000e+00 -1.000000e+00
 outer loop
  vertex 2.9985323e-02 1.6027489e-02 7.0000000e-02
  vertex 3.0735636e-02 1.4536873e-02 7.0000000e-02
  vertex 1.0847872e-02 5.1306611e-03 7.0000000e-02
 endloop
endfacet
facet normal 0.000000e+00 0.000000e+00 -1.000000e+00
 outer loop
  vertex 1.0583055e-02 5.6567608e-03 7.0000000e-02
  vertex 2.9985323e-02 1.6027489e-02 7.0000000e-02
  vertex 1.0847872e-02 5.1306611e-03 7.0000000e-02
 endloop
endfacet
facet normal 0.000000e+00 -0.000000e+00 -1.000000e+00
 outer loop
  vertex 2.9162773e-02 1.7479493e-02 7.0000000e-02
  vertex 2.9985323e-02 1.6027489e-02 7.0000000e-02
  vertex 1.0583055e-02 5.6567608e-03 7.0000000e-02
 endloop
endfacet
facet normal 0.000000e+00 0.000000e+00 -1.000000e+00
 outer loop
  vertex 1.0292743e-02 6.1692329e-03 7.0000000e-02
  vertex 2.9162773e-02 1.7479493e-02 7.0000000e-02
  vertex 1.0583055e-02 5.6567608e-03 7.0000000e-02
 endloop
endfacet
facet normal 0.000000e+00 -0.000000e+00 -1.000000e+00
 outer loop
  vertex 2.8269967e-02 1.8889388e-02 7.0000000e-02
  vertex 2.9162773e-02 1.7479493e-02 7.0000000e-02
  vertex 1.0292743e-02 6.1692329e-03 7.0000000e-02
 endloop
endfacet
facet normal 0.000000e+00 0.000000e+00 -1.000000e+00
 outer loop
  vertex 9.9776353e-03 6.6668428e-03 7.0000000e-02
  vertex 2.8269967e-02 1.8889388e-02 7.0000000e-02
  vertex 1.0292743e-02 6.1692329e-03 7.0000000e-02
 endloop
endfacet
facet normal 0.000000e+00 -0.000000e+00 -1.000000e+00
 outer loop
  vertex 2.7309056e-02 2.0253776e-02 7.0000000e-02
  vertex 2.8269967e-02 1.8889388e-02 7.0000000e-02
  vertex 9.9776353e-03 6.6668428e-03 7.0000000e-02
 endloop
endfacet
facet normal 0.000000e+00 0.000000e+00 -1.000000e+00
 outer loop
  vertex 9.6384904e-03 7.1483917e-03 7.0000000e-02
  vertex 2.7309056e-02 2.0253776e-02 7.0000000e-02
  vertex 9.9776353e-03 6.6668428e-03 7.0000000e-02
 endloop
endfacet
facet normal 0.000000e+00 -0.000000e+00 -1.000000e+00
 outer loop
  vertex 2.6282355e-02 2.1569372e-02 7.0000000e-02
  vertex 2.7309056e-02 2.0253776e-02 7.0000000e-02
  vertex 9.6384904e-03 7.1483917e-03 7.0000000e-02
 endloop
endfacet
facet normal 0.000000e+00 0.000000e+00 -1.000000e+00
 outer loop
  vertex 9.2761254e-03 7.6127194e-03 7.0000000e-02
  vertex 2.6282355e-02 2.1569372e-02 7.0000000e-02
  vertex 9.6384904e-03 7.1483917e-03 7.0000000e-02
 endloop
endfacet
facet normal 0.000000e+00 -0.000000e+00 -1.000000e+00
 outer loop
  vertex 2.5192338e-02 2.2833004e-02 7.0000000e-02
  vertex 2.6282355e-02 2.1569372e-02 7.0000000e-02
  vertex 9.2761254e-03 7.6127194e-03 7.0000000e-02
 endloop
endfacet
facet normal 0.000000e+00 0.000000e+00 -1.000000e+00
 outer loop
  vertex 8.8914135e-03 8.0587075e-03 7.0000000e-02
  vertex 2.5192338e-02 2.2833004e-02 7.0000000e-02
  vertex 9.2761254e-03 7.6127194e-03 7.0000000e-02
 endloop
endfacet
facet normal 0.000000e+00 -0.000000e+00 -1.000000e+00
 outer loop
  vertex 2.4041631e-02 2.4041631e-02 7.0000000e-02
  vertex 2.5192338e-02 2.2833004e-02 7.0000000e-02
  vertex 8.8914135e-03 8.0587075e-03 7.0000000e-02
 endloop
endfacet
facet normal 0.000000e+00 0.000000e+00 -1.000000e+00
 outer loop
  vertex 8.4852814e-03 8.4852814e-03 7.0000000e-02
  vertex 2.4041631e-02 2.4041631e-02 7.0000000e-02
  vertex 8.8914135e-03 8.0587075e-03 7.0000000e-02
 endloop
endfacet
facet normal 0.000000e+00 -0.000000e+00 -1.000000e+00
 outer loop
  vertex 2.2833004e-02 2.5192338e-02 7.0000000e-02
  vertex 2.4041631e-02 2.4041631e-02 7.0000000e-02
  vertex 8.4852814e-03 8.4852814e-03 7.0000000e-02
 endloop
endfacet
facet normal 0.000000e+00 0.000000e+00 -1.000000e+00
 outer loop
  vertex 8.0587075e-03 8.8914135e-03 7.0000000e-02
  vertex 2.2833004e-02 2.5192338e-02 7.0000000e-02
  vertex 8.4852814e-03 8.4852814e-03 7.0000000e-02
 endloop
endfacet
facet normal 0.000000e+00 -0.000000e+00 -1.000000e+00
 outer loop
  vertex 2.1569372e-02 2.6282355e-02 7.0000000e-02
  vertex 2.2833004e-02 2.5192338e-02 7.0000000e-02
  vertex 8.0587075e-03 8.8914135e-03 7.0000000e-02
 endloop
endfacet
facet normal 0.000000e+00 0.000000e+00 -1.000000e+00
 outer loop
  vertex 7.6127194e-03 9.2761254e-03 7.0000000e-02
  vertex 2.1569372e-02 2.6282355e-02 7.0000000e-02
  vertex 8.0587075e-03 8.8914135e-03 7.0000000e-02
 endloop
endfacet
facet normal 0.000000e+00 -0.000000e+00 -1.000000e+00
 outer loop
  vertex 2.0253776e-02 2.7309056e-02 7.0000000e-02
  vertex 2.1569372e-02 2.6282355e-02 7.0000000e-02
  vertex 7.6127194e-03 9.2761254e-03 7.0000000e-02
 endloop
endfacet
facet normal 0.000000e+00 0.000000e+00 -1.000000e+00
 outer loop
  vertex 7.1483917e-03 9.6384904e-03 7.0000000e-02
  vertex 2.0253776e-02 2.7309056e-02 7.0000000e-02
  vertex 7.6127194e-03 9.2761254e-03 7.0000000e-02
 endloop
endfacet
facet normal 0.000000e+00 -0.000000e+00 -1.000000e+00
 outer loop
  vertex 1.8889388e-02 2.8269967e-02 7.0000000e-02
  vertex 2.0253776e-02 2.7309056e-02 7.0000000e-02
  vertex 7.1483917e-03 9.6384904e-03 7.0000000e-02
 endloop
endfacet
facet normal 0.000000e+00 0.000000e+00 -1.000000e+00
 outer loop
  vertex 6.6668428e-03 9.9776353e-03 7.0000000e-02
  vertex 1.8889388e-02 2.8269967e-02 7.0000000e-02
  vertex 7.1483917e-03 9.6384904e-03 7.0000000e-02
 endloop
endfacet
facet normal 0.000000e+00 -0.000000e+00 -1.000000e+00
 outer loop
  vertex 1.7479493e-02 2.9162773e-02 7.0000000e-02
  vertex 1.8889388e-02 2.8269967e-02 7.0000000e-02
  vertex 6.6668428e-03 9.9776353e-03 7.0000000e-02
 endloop
endfacet
facet normal 0.000000e+00 0.000000e+00 -1.000000e+00
 outer loop
  vertex 6.1692329e-03 1.0292743e-02 7.0000000e-02
  vertex 1.7479493e-02 2.9162773e-02 7.0000000e-02
  vertex 6.6668428e-03 9.9776353e-03 7.0000000e-02
 endloop
endfacet
facet normal 0.000000e+00 -0.000000e+00 -1.000000e+00
 outer loop
  vertex 1.6027489e-02 2.9985323e-02 7.0000000e-02
  vertex 1.7479493e-02 2.9162773e-02 7.0000000e-02
  vertex 6.1692329e-03 1.0292743e-02 7.0000000e-02
 endloop
endfacet
facet normal 0.000000e+00 0.000000e+00 -1.000000e+00
 outer loop
  vertex 5.6567608e-03 1.0583055e-02 7.0000000e-02
  vertex 1.6027489e-02 2.9985323e-02 7.0000000e-02
  vertex 6.1692329e-03 1.0292743e-02 7.0000000e-02
 endloop
endfacet
facet normal 0.000000e+00 -0.000000e+00 -1.000000e+00
 outer loop
  vertex 1.4536873e-02 3.0735636e-02 7.0000000e-02
  vertex 1.6027489e-02 2.9985323e-02 7.0000000e-02
  vertex 5.6567608e-03 1.0583055e-02 7.0000000e-02
 endloop
endfacet
facet normal 0.000000e+00 0.000000e+00 -1.000000e+00
 outer loop
  vertex 5.1306611e-03 1.0847872e-02 7.0000000e-02
  vertex 1.4536873e-02 3.0735636e-02 7.0000000e-02
  vertex 5.6567608e-03 1.0583055e-02 7.0000000e-02
 endloop
endfacet
facet normal 0.000000e+00 -0.000000e+00 -1.000000e+00
 outer loop
  vertex 1.3011237e-02 3.1411904e-02 7.0000000e-02
  vertex 1.4536873e-02 3.0735636e-02 7.0000000e-02
  vertex 5.1306611e-03 1.0847872e-02 7.0000000e-02
 endloop
endfacet
facet normal 0.000000e+00 0.000000e+00 -1.000000e+00
 outer loop
  vertex 4.5922012e-03 1.1086554e-02 7.0000000e-02
  vertex 1.3011237e-02 3.1411904e-02 7.0000000e-02
  vertex 5.1306611e-03 1.0847872e-02 7.0000000e-02
 endloop
endfacet
facet normal 0.000000e+00 -0.000000e+00 -1.000000e+00
 outer loop
  vertex 1.1454255e-02 3.2012498e-02 7.0000000e-02
  vertex 1.3011237e-02 3.1411904e-02 7.0000000e-02
  vertex 4.5922012e-03 1.1086554e-02 7.0000000e-02
 endloop
endfacet
facet normal 0.000000e+00 0.000000e+00 -1.000000e+00
 outer loop
  vertex 4.0426782e-03 1.1298529e-02 7.0000000e-02
  vertex 1.1454255e-02 3.2012498e-02 7.0000000e-02
  vertex 4.5922012e-03 1.1086554e-02 7.0000000e-02
 endloop
endfacet
facet normal 0.000000e+00 -0.000000e+00 -1.000000e+00
 outer loop
  vertex 9.8696790e-03 3.2535971e-02 7.0000000e-02
  vertex 1.1454255e-02 3.2012498e-02 7.0000000e-02
  vertex 4.0426782e-03 1.1298529e-02 7.0000000e-02
 endloop
endfacet
facet normal 0.000000e+00 0.000000e+00 -1.000000e+00
 outer loop
  vertex 3.4834161e-03 1.1483284e-02 7.0000000e-02
  vertex 9.8696790e-03 3.2535971e-02 7.0000000e-02
  vertex 4.0426782e-03 1.1298529e-02 7.0000000e-02
 endloop
endfacet
facet normal 0.000000e+00 -0.000000e+00 -1.000000e+00
 outer loop
  vertex 8.2613261e-03 3.2981063e-02 7.0000000e-02
  vertex 9.8696790e-03 3.2535971e-02 7.0000000e-02
  vertex 3.4834161e-03 1.1483284e-02 7.0000000e-02
 endloop
endfacet
facet normal 0.000000e+00 0.000000e+00 -1.000000e+00
 outer loop
  vertex 2.9157622e-03 1.1640375e-02 7.0000000e-02
  vertex 8.2613261e-03 3.2981063e-02 7.0000000e-02
  vertex 3.4834161e-03 1.1483284e-02 7.0000000e-02
 endloop
endfacet
facet normal 0.000000e+00 -0.000000e+00 -1.000000e+00
 outer loop
  vertex 6.6330709e-03 3.3346700e-02 7.0000000e-02
  vertex 8.2613261e-03 3.2981063e-02 7.0000000e-02
  vertex 2.9157622e-03 1.1640375e-02 7.0000000e-02
 endloop
endfacet
facet normal 0.000000e+00 0.000000e+00 -1.000000e+00
 outer loop
  vertex 2.3410839e-03 1.1769423e-02 7.0000000e-02
  vertex 6.6330709e-03 3.3346700e-02 7.0000000e-02
  vertex 2.9157622e-03 1.1640375e-02 7.0000000e-02
 endloop
endfacet
facet normal 0.000000e+00 -0.000000e+00 -1.000000e+00
 outer loop
  vertex 4.9888361e-03 3.3632001e-02 7.0000000e-02
  vertex 6.6330709e-03 3.3346700e-02 7.0000000e-02
  vertex 2.3410839e-03 1.1769423e-02 7.0000000e-02
 endloop
endfacet
facet normal 0.000000e+00 0.000000e+00 -1.000000e+00
 outer loop
  vertex 1.7607657e-03 1.1870118e-02 7.0000000e-02
  vertex 4.9888361e-03 3.3632001e-02 7.0000000e-02
  vertex 2.3410839e-03 1.1769423e-02 7.0000000e-02
 endloop
endfacet
facet normal 0.000000e+00 -0.000000e+00 -1.000000e+00
 outer loop
  vertex 3.3325828e-03 3.3836281e-02 7.0000000e-02
  vertex 4.9888361e-03 3.3632001e-02 7.0000000e-02
  vertex 1.7607657e-03 1.1870118e-02 7.0000000e-02
 endloop
endfacet
facet normal 0.000000e+00 0.000000e+00 -1.000000e+00
 outer loop
  vertex 1.1762057e-03 1.1942217e-02 7.0000000e-02
  vertex 3.3325828e-03 3.3836281e-02 7.0000000e-02
  vertex 1.7607657e-03 1.1870118e-02 7.0000000e-02
 endloop
endfacet
facet normal 0.000000e+00 -0.000000e+00 -1.000000e+00
 outer loop
  vertex 1.6683009e-03 3.3959046e-02 7.0000000e-02
  vertex 3.3325828e-03 3.3836281e-02 7.0000000e-02
  vertex 1.1762057e-03 1.1942217e-02 7.0000000e-02
 endloop
endfacet
facet normal 0.000000e+00 0.000000e+00 -1.000000e+00
 outer loop
  vertex 5.8881209e-04 1.1985545e-02 7.0000000e-02
  vertex 1.6683009e-03 3.3959046e-02 7.0000000e-02
  vertex 1.1762057e-03 1.1942217e-02 7.0000000e-02
 endloop
endfacet
facet normal 0.000000e+00 0.000000e+00 -1.000000e+00
 outer loop
  vertex 2.0818996e-18 3.4000000e-02 7.0000000e-02
  vertex 1.6683009e-03 3.3959046e-02 7.0000000e-02
  vertex 5.8881209e-04 1.1985545e-02 7.0000000e-02
 endloop
endfacet
facet normal 0.000000e+00 0.000000e+00 -1.000000e+00
 outer loop
  vertex 7.3478808e-19 1.2000000e-02 7.0000000e-02
  vertex 2.0818996e-18 3.4000000e-02 7.0000000e-02
  vertex 5.8881209e-04 1.1985545e-02 7.0000000e-02
 endloop
endfacet
facet normal 0.000000e+00 0.000000e+00 -1.000000e+00
 outer loop
  vertex -1.6683009e-03 3.3959046e-02 7.0000000e-02
  vertex 2.0818996e-18 3.4000000e-02 7.0000000e-02
  vertex 7.3478808e-19 1.2000000e-02 7.0000000e-02
 endloop
endfacet
facet normal 0.000000e+00 0.000000e+00 -1.000000e+00
 outer loop
  vertex -5.8881209e-04 1.1985545e-02 7.0000000e-02
  vertex -1.6683009e-03 3.3959046e-02 7.0000000e-02
  vertex 7.3478808e-19 1.2000000e-02 7.0000000e-02
 endloop
endfacet
facet normal 0.000000e+00 0.000000e+00 -1.000000e+00
 outer loop
  vertex -3.3325828e-03 3.3836281e-02 7.0000000e-02
  vertex -1.6683009e-03 3.3959046e-02 7.0000000e-02
  vertex -5.8881209e-04 1.1985545e-02 7.0000000e-02
 endloop
endfacet
facet normal 0.000000e+00 0.000000e+00 -1.000000e+00
 outer loop
  vertex -1.1762057e-03 1.1942217e-02 7.0000000e-02
  vertex -3.3325828e-03 3.3836281e-02 7.0000000e-02
  vertex -5.8881209e-04 1.1985545e-02 7.0000000e-02
 endloop
endfacet
facet normal 0.000000e+00 0.000000e+00 -1.000000e+00
 outer loop
  vertex -4.9888361e-03 3.3632001e-02 7.0000000e-02
  vertex -3.3325828e-03 3.3836281e-02 7.0000000e-02
  vertex -1.1762057e-03 1.1942217e-02 7.0000000e-02
 endloop
endfacet
facet normal 0.000000e+00 0.000000e+00 -1.000000e+00
 outer loop
  vertex -1.7607657e-03 1.1870118e-02 7.0000000e-02
  vertex -4.9888361e-03 3.3632001e-02 7.0000000e-02
  vertex -1.1762057e-03 1.1942217e-02 7.0000000e-02
 endloop
endfacet
facet normal 0.000000e+00 0.000000e+00 -1.000000e+00
 outer loop
  vertex -6.6330709e-03 3.3346700e-02 7.0000000e-02
  vertex -4.9888361e-03 3.3632001e-02 7.0000000e-02
  vertex -1.7607657e-03 1.1870118e-02 7.0000000e-02
 endloop
endfacet
facet normal 0.000000e+00 0.000000e+00 -1.000000e+00
 outer loop
  vertex -2.3410839e-03 1.1769423e-02 7.0000000e-02
  vertex -6.6330709e-03 3.3346700e-02 7.0000000e-02
  vertex -1.7607657e-03 1.1870118e-02 7.0000000e-02
 endloop
endfacet
facet normal 0.000000e+00 0.000000e+00 -1.000000e+00
 outer loop
  vertex -8.2613261e-03 3.2981063e-02 7.0000000e-02
  vertex -6.6330709e-03 3.3346700e-02 7.0000000e-02
  vertex -2.3410839e-03 1.1769423e-02 7.0000000e-02
 endloop
endfacet
facet normal 0.000000e+00 0.000000e+00 -1.000000e+00
 outer loop
  vertex -2.9157622e-03 1.1640375e-02 7.0000000e-02
  vertex -8.2613261e-03 3.2981063e-02 7.0000000e-02
  vertex -2.3410839e-03 1.1769423e-02 7.0000000e-02
 endloop
endfacet
facet normal 0.000000e+00 0.000000e+00 -1.000000e+00
 outer loop
  vertex -9.8696790e-03 3.2535971e-02 7.0000000e-02
  vertex -8.2613261e-03 3.2981063e-02 7.0000000e-02
  vertex -2.9157622e-03 1.1640375e-02 7.0000000e-02
 endloop
endfacet
facet normal 0.000000e+00 0.000000e+00 -1.000000e+00
 outer loop
  vertex -3.4834161e-03 1.1483284e-02 7.0000000e-02
  vertex -9.8696790e-03 3.2535971e-02 7.0000000e-02
  vertex -2.9157622e-03 1.1640375e-02 7.0000000e-02
 endloop
endfacet
facet normal 0.000000e+00 0.000000e+00 -1.000000e+00
 outer loop
  vertex -1.1454255e-02 3.2012498e-02 7.0000000e-02
  vertex -9.8696790e-03 3.2535971e-02 7.0000000e-02
  vertex -3.4834161e-03 1.1483284e-02 7.0000000e-02
 endloop
endfacet
facet normal 0.000000e+00 0.000000e+00 -1.000000e+00
 outer loop
  vertex -4.0426782e-03 1.1298529e-02 7.0000000e-02
  vertex -1.1454255e-02 3.2012498e-02 7.0000000e-02
  vertex -3.4834161e-03 1.1483284e-02 7.0000000e-02
 endloop
endfacet
facet normal 0.000000e+00 0.000000e+00 -1.000000e+00
 outer loop
  vertex -1.3011237e-02 3.1411904e-02 7.0000000e-02
  vertex -1.1454255e-02 3.2012498e-02 7.0000000e-02
  vertex -4.0426782e-03 1.1298529e-02 7.0000000e-02
 endloop
endfacet
facet normal 0.000000e+00 0.000000e+00 -1.000000e+00
 outer loop
  vertex -4.5922012e-03 1.1086554e-02 7.0000000e-02
  vertex -1.3011237e-02 3.1411904e-02 7.0000000e-02
  vertex -4.0426782e-03 1.1298529e-02 7.0000000e-02
 endloop
endfacet
facet normal 0.000000e+00 0.000000e+00 -1.000000e+00
 outer loop
  vertex -1.4536873e-02 3.0735636e-02 7.0000000e-02
  vertex -1.3011237e-02 3.1411904e-02 7.0000000e-02
  vertex -4.5922012e-03 1.1086554e-02 7.0000000e-02
 endloop
endfacet
facet normal 0.000000e+00 0.000000e+00 -1.000000e+00
 outer loop
  vertex -5.1306611e-03 1.0847872e-02 7.0000000e-02
  vertex -1.4536873e-02 3.0735636e-02 7.0000000e-02
  vertex -4.5922012e-03 1.1086554e-02 7.0000000e-02
 endloop
endfacet
facet normal 0.000000e+00 0.000000e+00 -1.000000e+00
 outer loop
  vertex -1.6027489e-02 2.9985323e-02 7.0000000e-02
  vertex -1.4536873e-02 3.0735636e-02 7.0000000e-02
  vertex -5.1306611e-03 1.0847872e-02 7.0000000e-02
 endloop
endfacet
facet normal 0.000000e+00 0.000000e+00 -1.000000e+00
 outer loop
  vertex -5.6567608e-03 1.0583055e-02 7.0000000e-02
  vertex -1.6027489e-02 2.9985323e-02 7.0000000e-02
  vertex -5.1306611e-03 1.0847872e-02 7.0000000e-02
 endloop
endfacet
facet normal 0.000000e+00 0.000000e+00 -1.000000e+00
 outer loop
  vertex -1.7479493e-02 2.9162773e-02 7.0000000e-02
  vertex -1.6027489e-02 2.9985323e-02 7.0000000e-02
  vertex -5.6567608e-03 1.0583055e-02 7.0000000e-02
 endloop
endfacet
facet normal 0.000000e+00 0.000000e+00 -1.000000e+00
 outer loop
  vertex -6.1692329e-03 1.0292743e-02 7.0000000e-02
  vertex -1.7479493e-02 2.9162773e-02 7.0000000e-02
  vertex -5.6567608e-03 1.0583055e-02 7.0000000e-02
 endloop
endfacet
facet normal 0.000000e+00 0.000000e+00 -1.000000e+00
 outer loop
  vertex -1.8889388e-02 2.8269967e-02 7.0000000e-02
  vertex -1.7479493e-02 2.9162773e-02 7.0000000e-02
  vertex -6.1692329e-03 1.0292743e-02 7.0000000e-02
 endloop
endfacet
facet normal 0.000000e+00 0.000000e+00 -1.000000e+00
 outer loop
  vertex -6.6668428e-03 9.9776353e-03 7.0000000e-02
  vertex -1.8889388e-02 2.8269967e-02 7.0000000e-02
  vertex -6.1692329e-03 1.0292743e-02 7.0000000e-02
 endloop
endfacet
facet normal 0.000000e+00 0.000000e+00 -1.000000e+00
 outer loop
  vertex -2.0253776e-02 2.7309056e-02 7.0000000e-02
  vertex -1.8889388e-02 2.8269967e-02 7.0000000e-02
  vertex -6.6668428e-03 9.9776353e-03 7.0000000e-02
 endloop
endfacet
facet normal 0.000000e+00 0.000000e+00 -1.000000e+00
 outer loop
  vertex -7.1483917e-03 9.6384904e-03 7.0000000e-02
  vertex -2.0253776e-02 2.7309056e-02 7.0000000e-02
  vertex -6.6668428e-03 9.9776353e-03 7.0000000e-02
 endloop
endfacet
facet normal 0.000000e+00 0.000000e+00 -1.000000e+00
 outer loop
  vertex -2.1569372e-02 2.6282355e-02 7.0000000e-02
  vertex -2.0253776e-02 2.7309056e-02 7.0000000e-02
  vertex -7.1483917e-03 9.6384904e-03 7.0000000e-02
 endloop
endfacet
facet normal 0.000000e+00 0.000000e+00 -1.000000e+00
 outer loop
  vertex -7.6127194e-03 9.2761254e-03 7.0000000e-02
  vertex -2.1569372e-02 2.6282355e-02 7.0000000e-02
  vertex -7.1483917e-03 9.6384904e-03 7.0000000e-02
 endloop
endfacet
facet normal 0.000000e+00 0.000000e+00 -1.000000e+00
 outer loop
  vertex -2.2833004e-02 2.5192338e-02 7.0000000e-02
  vertex -2.1569372e-02 2.6282355e-02 7.0000000e-02
  vertex -7.6127194e-03 9.2761254e-03 7.0000000e-02
 endloop
endfacet
facet normal 0.000000e+00 0.000000e+00 -1.000000e+00
 outer loop
  vertex -8.0587075e-03 8.8914135e-03 7.0000000e-02
  vertex -2.2833004e-02 2.5192338e-02 7.0000000e-02
  vertex -7.6127194e-03 9.2761254e-03 7.0000000e-02
 endloop
endfacet
facet normal 0.000000e+00 0.000000e+00 -1.000000e+00
 outer loop
  vertex -2.4041631e-02 2.4041631e-02 7.0000000e-02
  vertex -2.2833004e-02 2.5192338e-02 7.0000000e-02
  vertex -8.0587075e-03 8.8914135e-03 7.0000000e-02
 endloop
endfacet
facet normal 0.000000e+00 0.000000e+00 -1.000000e+00
 outer loop
  vertex -8.4852814e-03 8.4852814e-03 7.0000000e-02
  vertex -2.4041631e-02 2.4041631e-02 7.0000000e-02
  vertex -8.0587075e-03 8.8914135e-03 7.0000000e-02
 endloop
endfacet
facet normal 0.000000e+00 0.000000e+00 -1.000000e+00
 outer loop
  vertex -2.5192338e-02 2.2833004e-02 7.0000000e-02
  vertex -2.4041631e-02 2.4041631e-02 7.0000000e-02
  vertex -8.4852814e-03 8.4852814e-03 7.0000000e-02
 endloop
endfacet
facet normal 0.000000e+00 0.000000e+00 -1.000000e+00
 outer loop
  vertex -8.8914135e-03 8.0587075e-03 7.0000000e-02
  vertex -2.5192338e-02 2.2833004e-02 7.0000000e-02
  vertex -8.4852814e-03 8.4852814e-03 7.0000000e-02
 endloop
endfacet
facet normal 0.000000e+00 0.000000e+00 -1.000000e+00
 outer loop
  vertex -2.6282355e-02 2.1569372e-02 7.0000000e-02
  vertex -2.5192338e-02 2.2833004e-02 7.0000000e-02
  vertex -8.8914135e-03 8.0587075e-03 7.0000000e-02
 endloop
endfacet
facet normal 0.000000e+00 0.000000e+00 -1.000000e+00
 outer loop
  vertex -9.2761254e-03 7.6127194e-03 7.0000000e-02
  vertex -2.6282355e-02 2.1569372e-02 7.0000000e-02
  vertex -8.8914135e-03 8.0587075e-03 7.0000000e-02
 endloop
endfacet
facet normal 0.000000e+00 0.000000e+00 -1.000000e+00
 outer loop
  vertex -2.7309056e-02 2.0253776e-02 7.0000000e-02
  vertex -2.6282355e-02 2.1569372e-02 7.0000000e-02
  vertex -9.2761254e-03 7.6127194e-03 7.0000000e-02
 endloop
endfacet
facet normal 0.000000e+00 0.000000e+00 -1.000000e+00
 outer loop
  vertex -9.6384904e-03 7.1483917e-03 7.0000000e-02
  vertex -2.7309056e-02 2.0253776e-02 7.0000000e-02
  vertex -9.2761254e-03 7.6127194e-03 7.0000000e-02
 endloop
endfacet
facet normal 0.000000e+00 0.000000e+00 -1.000000e+00
 outer loop
  vertex -2.8269967e-02 1.8889388e-02 7.0000000e-02
  vertex -2.7309056e-02 2.0253776e-02 7.0000000e-02
  vertex -9.6384904e-03 7.1483917e-03 7.0000000e-02
 endloop
endfacet
facet normal 0.000000e+00 0.000000e+00 -1.000000e+00
 outer loop
  vertex -9.9776353e-03 6.6668428e-03 7.0000000e-02
  vertex -2.8269967e-02 1.8889388e-02 7.0000000e-02
  vertex -9.6384904e-03 7.1483917e-03 7.0000000e-02
 endloop
endfacet
facet normal 0.000000e+00 0.000000e+00 -1.000000e+00
 outer loop
  vertex -2.9162773e-02 1.7479493e-02 7.0000000e-02
  vertex -2.8269967e-02 1.8889388e-02 7.0000000e-02
  vertex -9.9776353e-03 6.6668428e-03 7.0000000e-02
 endloop
endfacet
facet normal 0.000000e+00 0.000000e+00 -1.000000e+00
 outer loop
  vertex -1.0292743e-02 6.1692329e-03 7.0000000e-02
  vertex -2.9162773e-02 1.7479493e-02 7.0000000e-02
  vertex -9.9776353e-03 6.6668428e-03 7.0000000e-02
 endloop
endfacet
facet normal 0.000000e+00 0.000000e+00 -1.000000e+00
 outer loop
  vertex -2.9985323e-02 1.6027489e-02 7.0000000e-02
  vertex -2.9162773e-02 1.7479493e-02 7.0000000e-02
  vertex -1.0292743e-02 6.1692329e-03 7.0000000e-02
 endloop
endfacet
facet normal 0.000000e+00 0.000000e+00 -1.000000e+00
 outer loop
  vertex -1.0583055e-02 5.6567608e-03 7.0000000e-02
  vertex -2.9985323e-02 1.6027489e-02 7.0000000e-02
  vertex -1.0292743e-02 6.1692329e-03 7.0000000e-02
 endloop
endfacet
facet normal 0.000000e+00 0.000000e+00 -1.000000e+00
 outer loop
  vertex -3.0735636e-02 1.4536873e-02 7.0000000e-02
  vertex -2.9985323e-02 1.6027489e-02 7.0000000e-02
  vertex -1.0583055e-02 5.6567608e-03 7.0000000e-02
 endloop
endfacet
facet normal 0.000000e+00 0.000000e+00 -1.000000e+00
 outer loop
  vertex -1.0847872e-02 5.1306611e-03 7.0000000e-02
  vertex -3.0735636e-02 1.4536873e-02 7.0000000e-02
  vertex -1.0583055e-02 5.6567608e-03 7.0000000e-02
 endloop
endfacet
facet normal 0.000000e+00 0.000000e+00 -1.000000e+00
 outer loop
  vertex -3.1411904e-02 1.3011237e-02 7.0000000e-02
  vertex -3.0735636e-02 1.4536873e-02 7.0000000e-02
  vertex -1.0847872e-02 5.1306611e-03 7.0000000e-02
 endloop
endfacet
facet normal 0.000000e+00 0.000000e+00 -1.000000e+00
 outer loop
  vertex -1.1086554e-02 4.5922012e-03 7.0000000e-02
  vertex -3.1411904e-02 1.3011237e-02 7.0000000e-02
  vertex -1.0847872e-02 5.1306611e-03 7.0000000e-02
 endloop
endfacet
facet normal 0.000000e+00 0.000000e+00 -1.000000e+00
 outer loop
  vertex -3.2012498e-02 1.1454255e-02 7.0000000e-02
  vertex -3.1411904e-02 1.3011237e-02 7.0000000e-02
  vertex -1.1086554e-02 4.5922012e-03 7.0000000e-02
 endloop
endfacet
facet normal 0.000000e+00 0.000000e+00 -1.000000e+00
 outer loop
  vertex -1.1298529e-02 4.0426782e-03 7.0000000e-02
  vertex -3.2012498e-02 1.1454255e-02 7.0000000e-02
  vertex -1.1086554e-02 4.5922012e-03 7.0000000e-02
 endloop
endfacet
facet normal 0.000000e+00 0.000000e+00 -1.000000e+00
 outer loop
  vertex -3.2535971e-02 9.8696790e-03 7.0000000e-02
  vertex -3.2012498e-02 1.1454255e-02 7.0000000e-02
  vertex -1.1298529e-02 4.0426782e-03 7.0000000e-02
 endloop
endfacet
facet normal 0.000000e+00 0.000000e+00 -1.000000e+00
 outer loop
  vertex -1.1483284e-02 3.4834161e-03 7.0000000e-02
  vertex -3.2535971e-02 9.8696790e-03 7.0000000e-02
  vertex -1.1298529e-02 4.0426782e-03 7.0000000e-02
 endloop
endfacet
facet normal 0.000000e+00 0.000000e+00 -1.000000e+00
 outer loop
  vertex -3.2981063e-02 8.2613261e-03 7.0000000e-02
  vertex -3.2535971e-02 9.8696790e-03 7.0000000e-02
  vertex -1.1483284e-02 3.4834161e-03 7.0000000e-02
 endloop
endfacet
facet normal 0.000000e+00 0.000000e+00 -1.000000e+00
 outer loop
  vertex -1.1640375e-02 2.9157622e-03 7.0000000e-02
  vertex -3.2981063e-02 8.2613261e-03 7.0000000e-02
  vertex -1.1483284e-02 3.4834161e-03 7.0000000e-02
 endloop
endfacet
facet normal 0.000000e+00 0.000000e+00 -1.000000e+00
 outer loop
  vertex -3.3346700e-02 6.6330709e-03 7.0000000e-02
  vertex -3.2981063e-02 8.2613261e-03 7.0000000e-02
  vertex -1.1640375e-02 2.9157622e-03 7.0000000e-02
 endloop
endfacet
facet normal 0.000000e+00 0.000000e+00 -1.000000e+00
 outer loop
  vertex -1.1769423e-02 2.3410839e-03 7.0000000e-02
  vertex -3.3346700e-02 6.6330709e-03 7.0000000e-02
  vertex -1.1640375e-02 2.9157622e-03 7.0000000e-02
 endloop
endfacet
facet normal 0.000000e+00 0.000000e+00 -1.000000e+00
 outer loop
  vertex -3.3632001e-02 4.9888361e-03 7.0000000e-02
  vertex -3.3346700e-02 6.6330709e-03 7.0000000e-02
  vertex -1.1769423e-02 2.3410839e-03 7.0000000e-02
 endloop
endfacet
facet normal 0.000000e+00 0.000000e+00 -1.000000e+00
 outer loop
  vertex -1.1870118e-02 1.7607657e-03 7.0000000e-02
  vertex -3.3632001e-02 4.9888361e-03 7.0000000e-02
  vertex -1.1769423e-02 2.3410839e-03 7.0000000e-02
 endloop
endfacet
facet normal 0.000000e+00 0.000000e+00 -1.000000e+00
 outer loop
  vertex -3.3836281e-02 3.3325828e-03 7.0000000e-02
  vertex -3.3632001e-02 4.9888361e-03 7.0000000e-02
  vertex -1.1870118e-02 1.7607657e-03 7.0000000e-02
 endloop
endfacet
facet normal 0.000000e+00 0.000000e+00 -1.000000e+00
 outer loop
  vertex -1.1942217e-02 1.1762057e-03 7.0000000e-02
  vertex -3.3836281e-02 3.3325828e-03 7.0000000e-02
  vertex -1.1870118e-02 1.7607657e-03 7.0000000e-02
 endloop
endfacet
facet normal 0.000000e+00 0.000000e+00 -1.000000e+00
 outer loop
  vertex -3.3959046e-02 1.6683009e-03 7.0000000e-02
  vertex -3.3836281e-02 3.3325828e-03 7.0000000e-02
  vertex -1.1942217e-02 1.1762057e-03 7.0000000e-02
 endloop
endfacet
facet normal 0.000000e+00 0.000000e+00 -1.000000e+00
 outer loop
  vertex -1.1985545e-02 5.8881209e-04 7.0000000e-02
  vertex -3.3959046e-02 1.6683009e-03 7.0000000e-02
  vertex -1.1942217e-02 1.1762057e-03 7.0000000e-02
 endloop
endfacet
facet normal 0.000000e+00 0.000000e+00 -1.000000e+00
 outer loop
  vertex -3.4000000e-02 4.1637991e-18 7.0000000e-02
  vertex -3.3959046e-02 1.6683009e-03 7.0000000e-02
  vertex -1.1985545e-02 5.8881209e-04 7.0000000e-02
 endloop
endfacet
facet normal 0.000000e+00 0.000000e+00 -1.000000e+00
 outer loop
  vertex -1.2000000e-02 1.4695762e-18 7.0000000e-02
  vertex -3.4000000e-02 4.1637991e-18 7.0000000e-02
  vertex -1.1985545e-02 5.8881209e-04 7.0000000e-02
 endloop
endfacet
facet normal 0.000000e+00 0.000000e+00 -1.000000e+00
 outer loop
  vertex -3.3959046e-02 -1.6683009e-03 7.0000000e-02
  vertex -3.4000000e-02 4.1637991e-18 7.0000000e-02
  vertex -1.2000000e-02 1.4695762e-18 7.0000000e-02
 endloop
endfacet
facet normal -0.000000e+00 0.000000e+00 -1.000000e+00
 outer loop
  vertex -1.1985545e-02 -5.8881209e-04 7.0000000e-02
  vertex -3.3959046e-02 -1.6683009e-03 7.0000000e-02
  vertex -1.2000000e-02 1.4695762e-18 7.0000000e-02
 endloop
endfacet
facet normal 0.000000e+00 0.000000e+00 -1.000000e+00
 outer loop
  vertex -3.3836281e-02 -3.3325828e-03 7.0000000e-02
  vertex -3.3959046e-02 -1.6683009e-03 7.0000000e-02
  vertex -1.1985545e-02 -5.8881209e-04 7.0000000e-02
 endloop
endfacet
facet normal -0.000000e+00 0.000000e+00 -1.000000e+00
 outer loop
  vertex -1.1942217e-02 -1.1762057e-03 7.0000000e-02
  vertex -3.3836281e-02 -3.3325828e-03 7.0000000e-02
  vertex -1.1985545e-02 -5.8881209e-04 7.0000000e-02
 endloop
endfacet
facet normal 0.000000e+00 0.000000e+00 -1.000000e+00
 outer loop
  vertex -3.3632001e-02 -4.9888361e-03 7.0000000e-02
  vertex -3.3836281e-02 -3.3325828e-03 7.0000000e-02
  vertex -1.1942217e-02 -1.1762057e-03 7.0000000e-02
 endloop
endfacet
facet normal -0.000000e+00 0.000000e+00 -1.000000e+00
 outer loop
  vertex -1.1870118e-02 -1.7607657e-03 7.0000000e-02
  vertex -3.3632001e-02 -4.9888361e-03 7.0000000e-02
  vertex -1.1942217e-02 -1.1762057e-03 7.0000000e-02
 endloop
endfacet
facet normal 0.000000e+00 0.000000e+00 -1.000000e+00
 outer loop
  vertex -3.3346700e-02 -6.6330709e-03 7.0000000e-02
  vertex -3.3632001e-02 -4.9888361e-03 7.0000000e-02
  vertex -1.1870118e-02 -1.7607657e-03 7.0000000e-02
 endloop
endfacet
facet normal -0.000000e+00 0.000000e+00 -1.000000e+00
 outer loop
  vertex -1.1769423e-02 -2.3410839e-03 7.0000000e-02
  vertex -3.3346700e-02 -6.6330709e-03 7.0000000e-02
  vertex -1.1870118e-02 -1.7607657e-03 7.0000000e-02
 endloop
endfacet
facet normal 0.000000e+00 0.000000e+00 -1.000000e+00
 outer loop
  vertex -3.2981063e-02 -8.2613261e-03 7.0000000e-02
  vertex -3.3346700e-02 -6.6330709e-03 7.0000000e-02
  vertex -1.1769423e-02 -2.3410839e-03 7.0000000e-02
 endloop
endfacet
facet normal -0.000000e+00 0.000000e+00 -1.000000e+00
 outer loop
  vertex -1.1640375e-02 -2.9157622e-03 7.0000000e-02
  vertex -3.2981063e-02 -8.2613261e-03 7.0000000e-02
  vertex -1.1769423e-02 -2.3410839e-03 7.0000000e-02
 endloop
endfacet
facet normal 0.000000e+00 0.000000e+00 -1.000000e+00
 outer loop
  vertex -3.2535971e-02 -9.8696790e-03 7.0000000e-02
  vertex -3.2981063e-02 -8.2613261e-03 7.0000000e-02
  vertex -1.1640375e-02 -2.9157622e-03 7.0000000e-02
 endloop
endfacet
facet normal -0.000000e+00 0.000000e+00 -1.000000e+00
 outer loop
  vertex -1.1483284e-02 -3.4834161e-03 7.0000000e-02
  vertex -3.2535971e-02 -9.8696790e-03 7.0000000e-02
  vertex -1.1640375e-02 -2.9157622e-03 7.0000000e-02
 endloop
endfacet
facet normal 0.000000e+00 0.000000e+00 -1.000000e+00
 outer loop
  vertex -3.2012498e-02 -1.1454255e-02 7.0000000e-02
  vertex -3.2535971e-02 -9.8696790e-03 7.0000000e-02
  vertex -1.1483284e-02 -3.4834161e-03 7.0000000e-02
 endloop
endfacet
facet normal -0.000000e+00 0.000000e+00 -1.000000e+00
 outer loop
  vertex -1.1298529e-02 -4.0426782e-03 7.0000000e-02
  vertex -3.2012498e-02 -1.1454255e-02 7.0000000e-02
  vertex -1.1483284e-02 -3.4834161e-03 7.0000000e-02
 endloop
endfacet
facet normal 0.000000e+00 0.000000e+00 -1.000000e+00
 outer loop
  vertex -3.1411904e-02 -1.3011237e-02 7.0000000e-02
  vertex -3.2012498e-02 -1.1454255e-02 7.0000000e-02
  vertex -1.1298529e-02 -4.0426782e-03 7.0000000e-02
 endloop
endfacet
facet normal -0.000000e+00 0.000000e+00 -1.000000e+00
 outer loop
  vertex -1.1086554e-02 -4.5922012e-03 7.0000000e-02
  vertex -3.1411904e-02 -1.3011237e-02 7.0000000e-02
  vertex -1.1298529e-02 -4.0426782e-03 7.0000000e-02
 endloop
endfacet
facet normal 0.000000e+00 0.000000e+00 -1.000000e+00
 outer loop
  vertex -3.0735636e-02 -1.4536873e-02 7.0000000e-02
  vertex -3.1411904e-02 -1.3011237e-02 7.0000000e-02
  vertex -1.1086554e-02 -4.5922012e-03 7.0000000e-02
 endloop
endfacet
facet normal -0.000000e+00 0.000000e+00 -1.000000e+00
 outer loop
  vertex -1.0847872e-02 -5.1306611e-03 7.0000000e-02
  vertex -3.0735636e-02 -1.4536873e-02 7.0000000e-02
  vertex -1.1086554e-02 -4.5922012e-03 7.0000000e-02
 endloop
endfacet
facet normal 0.000000e+00 0.000000e+00 -1.000000e+00
 outer loop
  vertex -2.9985323e-02 -1.6027489e-02 7.0000000e-02
  vertex -3.0735636e-02 -1.4536873e-02 7.0000000e-02
  vertex -1.0847872e-02 -5.1306611e-03 7.0000000e-02
 endloop
endfacet
facet normal -0.000000e+00 0.000000e+00 -1.000000e+00
 outer loop
  vertex -1.0583055e-02 -5.6567608e-03 7.0000000e-02
  vertex -2.9985323e-02 -1.6027489e-02 7.0000000e-02
  vertex -1.0847872e-02 -5.1306611e-03 7.0000000e-02
 endloop
endfacet
facet normal 0.000000e+00 0.000000e+00 -1.000000e+00
 outer loop
  vertex -2.9162773e-02 -1.7479493e-02 7.0000000e-02
  vertex -2.9985323e-02 -1.6027489e-02 7.0000000e-02
  vertex -1.0583055e-02 -5.6567608e-03 7.0000000e-02
 endloop
endfacet
facet normal -0.000000e+00 0.000000e+00 -1.000000e+00
 outer loop
  vertex -1.0292743e-02 -6.1692329e-03 7.0000000e-02
  vertex -2.9162773e-02 -1.7479493e-02 7.0000000e-02
  vertex -1.0583055e-02 -5.6567608e-03 7.0000000e-02
 endloop
endfacet
facet normal 0.000000e+00 0.000000e+00 -1.000000e+00
 outer loop
  vertex -2.8269967e-02 -1.8889388e-02 7.0000000e-02
  vertex -2.9162773e-02 -1.7479493e-02 7.0000000e-02
  vertex -1.0292743e-02 -6.1692329e-03 7.0000000e-02
 endloop
endfacet
facet normal -0.000000e+00 0.000000e+00 -1.000000e+00
 outer loop
  vertex -9.9776353e-03 -6.6668428e-03 7.0000000e-02
  vertex -2.8269967e-02 -1.8889388e-02 7.0000000e-02
  vertex -1.0292743e-02 -6.1692329e-03 7.0000000e-02
 endloop
endfacet
facet normal 0.000000e+00 0.000000e+00 -1.000000e+00
 outer loop
  vertex -2.7309056e-02 -2.0253776e-02 7.0000000e-02
  vertex -2.8269967e-02 -1.8889388e-02 7.0000000e-02
  vertex -9.9776353e-03 -6.6668428e-03 7.0000000e-02
 endloop
endfacet
facet normal -0.000000e+00 0.000000e+00 -1.000000e+00
 outer loop
  vertex -9.6384904e-03 -7.1483917e-03 7.0000000e-02
  vertex -2.7309056e-02 -2.0253776e-02 7.0000000e-02
  vertex -9.9776353e-03 -6.6668428e-03 7.0000000e-02
 endloop
endfacet
facet normal 0.000000e+00 0.000000e+00 -1.000000e+00
 outer loop
  vertex -2.6282355e-02 -2.1569372e-02 7.0000000e-02
  vertex -2.7309056e-02 -2.0253776e-02 7.0000000e-02
  vertex -9.6384904e-03 -7.1483917e-03 7.0000000e-02
 endloop
endfacet
facet normal -0.000000e+00 0.000000e+00 -1.000000e+00
 outer loop
  vertex -9.2761254e-03 -7.6127194e-03 7.0000000e-02
  vertex -2.6282355e-02 -2.1569372e-02 7.0000000e-02
  vertex -9.6384904e-03 -7.1483917e-03 7.0000000e-02
 endloop
endfacet
facet normal 0.000000e+00 0.000000e+00 -1.000000e+00
 outer loop
  vertex -2.5192338e-02 -2.2833004e-02 7.0000000e-02
  vertex -2.6282355e-02 -2.1569372e-02 7.0000000e-02
  vertex -9.2761254e-03 -7.6127194e-03 7.0000000e-02
 endloop
endfacet
facet normal -0.000000e+00 0.000000e+00 -1.000000e+00
 outer loop
  vertex -8.8914135e-03 -8.0587075e-03 7.0000000e-02
  vertex -2.5192338e-02 -2.2833004e-02 7.0000000e-02
  vertex -9.2761254e-03 -7.6127194e-03 7.0000000e-02
 endloop
endfacet
facet normal 0.000000e+00 0.000000e+00 -1.000000e+00
 outer loop
  vertex -2.4041631e-02 -2.4041631e-02 7.0000000e-02
  vertex -2.5192338e-02 -2.2833004e-02 7.0000000e-02
  vertex -8.8914135e-03 -8.0587075e-03 7.0000000e-02
 endloop
endfacet
facet normal -0.000000e+00 0.000000e+00 -1.000000e+00
 outer loop
  vertex -8.4852814e-03 -8.4852814e-03 7.0000000e-02
  vertex -2.4041631e-02 -2.4041631e-02 7.0000000e-02
  vertex -8.8914135e-03 -8.0587075e-03 7.0000000e-02
 endloop
endfacet
facet normal 0.000000e+00 0.000000e+00 -1.000000e+00
 outer loop
  vertex -2.2833004e-02 -2.5192338e-02 7.0000000e-02
  vertex -2.4041631e-02 -2.4041631e-02 7.0000000e-02
  vertex -8.4852814e-03 -8.4852814e-03 7.0000000e-02
 endloop
endfacet
facet normal -0.000000e+00 0.000000e+00 -1.000000e+00
 outer loop
  vertex -8.0587075e-03 -8.8914135e-03 7.0000000e-02
  vertex -2.2833004e-02 -2.5192338e-02 7.0000000e-02
  vertex -8.4852814e-03 -8.4852814e-03 7.0000000e-02
 endloop
endfacet
facet normal 0.000000e+00 0.000000e+00 -1.000000e+00
 outer loop
  vertex -2.1569372e-02 -2.6282355e-02 7.0000000e-02
  vertex -2.2833004e-02 -2.5192338e-02 7.0000000e-02
  vertex -8.0587075e-03 -8.8914135e-03 7.0000000e-02
 endloop
endfacet
facet normal -0.000000e+00 0.000000e+00 -1.000000e+00
 outer loop
  vertex -7.6127194e-03 -9.2761254e-03 7.0000000e-02
  vertex -2.1569372e-02 -2.6282355e-02 7.0000000e-02
  vertex -8.0587075e-03 -8.8914135e-03 7.0000000e-02
 endloop
endfacet
facet normal 0.000000e+00 0.000000e+00 -1.000000e+00
 outer loop
  vertex -2.0253776e-02 -2.7309056e-02 7.0000000e-02
  vertex -2.1569372e-02 -2.6282355e-02 7.0000000e-02
  vertex -7.6127194e-03 -9.2761254e-03 7.0000000e-02
 endloop
endfacet
facet normal -0.000000e+00 0.000000e+00 -1.000000e+00
 outer loop
  vertex -7.1483917e-03 -9.6384904e-03 7.0000000e-02
  vertex -2.0253776e-02 -2.7309056e-02 7.0000000e-02
  vertex -7.6127194e-03 -9.2761254e-03 7.0000000e-02
 endloop
endfacet
facet normal 0.000000e+00 0.000000e+00 -1.000000e+00
 outer loop
  vertex -1.8889388e-02 -2.8269967e-02 7.0000000e-02
  vertex -2.0253776e-02 -2.7309056e-02 7.0000000e-02
  vertex -7.1483917e-03 -9.6384904e-03 7.0000000e-02
 endloop
endfacet
facet normal -0.000000e+00 0.000000e+00 -1.000000e+00
 outer loop
  vertex -6.6668428e-03 -9.9776353e-03 7.0000000e-02
  vertex -1.8889388e-02 -2.8269967e-02 7.0000000e-02
  vertex -7.1483917e-03 -9.6384904e-03 7.0000000e-02
 endloop
endfacet
facet normal 0.000000e+00 0.000000e+00 -1.000000e+00
 outer loop
  vertex -1.7479493e-02 -2.9162773e-02 7.0000000e-02
  vertex -1.8889388e-02 -2.8269967e-02 7.0000000e-02
  vertex -6.6668428e-03 -9.9776353e-03 7.0000000e-02
 endloop
endfacet
facet normal -0.000000e+00 0.000000e+00 -1.000000e+00
 outer loop
  vertex -6.1692329e-03 -1.0292743e-02 7.0000000e-02
  vertex -1.7479493e-02 -2.9162773e-02 7.0000000e-02
  vertex -6.6668428e-03 -9.9776353e-03 7.0000000e-02
 endloop
endfacet
facet normal 0.000000e+00 0.000000e+00 -1.000000e+00
 outer loop
  vertex -1.6027489e-02 -2.9985323e-02 7.0000000e-02
  vertex -1.7479493e-02 -2.9162773e-02 7.0000000e-02
  vertex -6.1692329e-03 -1.0292743e-02 7.0000000e-02
 endloop
endfacet
facet normal -0.000000e+00 0.000000e+00 -1.000000e+00
 outer loop
  vertex -5.6567608e-03 -1.0583055e-02 7.0000000e-02
  vertex -1.6027489e-02 -2.9985323e-02 7.0000000e-02
  vertex -6.1692329e-03 -1.0292743e-02 7.0000000e-02
 endloop
endfacet
facet normal 0.000000e+00 0.000000e+00 -1.000000e+00
 outer loop
  vertex -1.4536873e-02 -3.0735636e-02 7.0000000e-02
  vertex -1.6027489e-02 -2.9985323e-02 7.0000000e-02
  vertex -5.6567608e-03 -1.0583055e-02 7.0000000e-02
 endloop
endfacet
facet normal -0.000000e+00 0.000000e+00 -1.000000e+00
 outer loop
  vertex -5.1306611e-03 -1.0847872e-02 7.0000000e-02
  vertex -1.4536873e-02 -3.0735636e-02 7.0000000e-02
  vertex -5.6567608e-03 -1.0583055e-02 7.0000000e-02
 endloop
endfacet
facet normal 0.000000e+00 0.000000e+00 -1.000000e+00
 outer loop
  vertex -1.3011237e-02 -3.1411904e-02 7.0000000e-02
  vertex -1.4536873e-02 -3.0735636e-02 7.0000000e-02
  vertex -5.1306611e-03 -1.0847872e-02 7.0000000e-02
 endloop
endfacet
facet normal -0.000000e+00 0.000000e+00 -1.000000e+00
 outer loop
  vertex -4.5922012e-03 -1.1086554e-02 7.0000000e-02
  vertex -1.3011237e-02 -3.1411904e-02 7.0000000e-02
  vertex -5.1306611e-03 -1.0847872e-02 7.0000000e-02
 endloop
endfacet
facet normal 0.000000e+00 0.000000e+00 -1.000000e+00
 outer loop
  vertex -1.1454255e-02 -3.2012498e-02 7.0000000e-02
  vertex -1.3011237e-02 -3.1411904e-02 7.0000000e-02
  vertex -4.5922012e-03 -1.1086554e-02 7.0000000e-02
 endloop
endfacet
facet normal -0.000000e+00 0.000000e+00 -1.000000e+00
 outer loop
  vertex -4.0426782e-03 -1.1298529e-02 7.0000000e-02
  vertex -1.1454255e-02 -3.2012498e-02 7.0000000e-02
  vertex -4.5922012e-03 -1.1086554e-02 7.0000000e-02
 endloop
endfacet
facet normal 0.000000e+00 0.000000e+00 -1.000000e+00
 outer loop
  vertex -9.8696790e-03 -3.2535971e-02 7.0000000e-02
  vertex -1.1454255e-02 -3.2012498e-02 7.0000000e-02
  vertex -4.0426782e-03 -1.1298529e-02 7.0000000e-02
 endloop
endfacet
facet normal -0.000000e+00 0.000000e+00 -1.000000e+00
 outer loop
  vertex -3.4834161e-03 -1.1483284e-02 7.0000000e-02
  vertex -9.8696790e-03 -3.2535971e-02 7.0000000e-02
  vertex -4.0426782e-03 -1.1298529e-02 7.0000000e-02
 endloop
endfacet
facet normal 0.000000e+00 0.000000e+00 -1.000000e+00
 outer loop
  vertex -8.2613261e-03 -3.2981063e-02 7.0000000e-02
  vertex -9.8696790e-03 -3.2535971e-02 7.0000000e-02
  vertex -3.4834161e-03 -1.1483284e-02 7.0000000e-02
 endloop
endfacet
facet normal -0.000000e+00 0.000000e+00 -1.000000e+00
 outer loop
  vertex -2.9157622e-03 -1.1640375e-02 7.0000000e-02
  vertex -8.2613261e-03 -3.2981063e-02 7.0000000e-02
  vertex -3.4834161e-03 -1.1483284e-02 7.0000000e-02
 endloop
endfacet
facet normal 0.000000e+00 0.000000e+00 -1.000000e+00
 outer loop
  vertex -6.6330709e-03 -3.3346700e-02 7.0000000e-02
  vertex -8.2613261e-03 -3.2981063e-02 7.0000000e-02
  vertex -2.9157622e-03 -1.1640375e-02 7.0000000e-02
 endloop
endfacet
facet normal -0.000000e+00 0.000000e+00 -1.000000e+00
 outer loop
  vertex -2.3410839e-03 -1.1769423e-02 7.0000000e-02
  vertex -6.6330709e-03 -3.3346700e-02 7.0000000e-02
  vertex -2.9157622e-03 -1.1640375e-02 7.0000000e-02
 endloop
endfacet
facet normal 0.000000e+00 0.000000e+00 -1.000000e+00
 outer loop
  vertex -4.9888361e-03 -3.3632001e-02 7.0000000e-02
  vertex -6.6330709e-03 -3.3346700e-02 7.0000000e-02
  vertex -2.3410839e-03 -1.1769423e-02 7.0000000e-02
 endloop
endfacet
facet normal -0.000000e+00 0.000000e+00 -1.000000e+00
 outer loop
  vertex -1.7607657e-03 -1.1870118e-02 7.0000000e-02
  vertex -4.9888361e-03 -3.3632001e-02 7.0000000e-02
  vertex -2.3410839e-03 -1.1769423e-02 7.0000000e-02
 endloop
endfacet
facet normal 0.000000e+00 0.000000e+00 -1.000000e+00
 outer loop
  vertex -3.3325828e-03 -3.3836281e-02 7.0000000e-02
  vertex -4.9888361e-03 -3.3632001e-02 7.0000000e-02
  vertex -1.7607657e-03 -1.1870118e-02 7.0000000e-02
 endloop
endfacet
facet normal -0.000000e+00 0.000000e+00 -1.000000e+00
 outer loop
  vertex -1.1762057e-03 -1.1942217e-02 7.0000000e-02
  vertex -3.3325828e-03 -3.3836281e-02 7.0000000e-02
  vertex -1.7607657e-03 -1.1870118e-02 7.0000000e-02
 endloop
endfacet
facet normal 0.000000e+00 0.000000e+00 -1.000000e+00
 outer loop
  vertex -1.6683009e-03 -3.3959046e-02 7.0000000e-02
  vertex -3.3325828e-03 -3.3836281e-02 7.0000000e-02
  vertex -1.1762057e-03 -1.1942217e-02 7.0000000e-02
 endloop
endfacet
facet normal -0.000000e+00 0.000000e+00 -1.000000e+00
 outer loop
  vertex -5.8881209e-04 -1.1985545e-02 7.0000000e-02
  vertex -1.6683009e-03 -3.3959046e-02 7.0000000e-02
  vertex -1.1762057e-03 -1.1942217e-02 7.0000000e-02
 endloop
endfacet
facet normal 0.000000e+00 0.000000e+00 -1.000000e+00
 outer loop
  vertex -6.2456987e-18 -3.4000000e-02 7.0000000e-02
  vertex -1.6683009e-03 -3.3959046e-02 7.0000000e-02
  vertex -5.8881209e-04 -1.1985545e-02 7.0000000e-02
 endloop
endfacet
facet normal -0.000000e+00 0.000000e+00 -1.000000e+00
 outer loop
  vertex -2.2043642e-18 -1.2000000e-02 7.0000000e-02
  vertex -6.2456987e-18 -3.4000000e-02 7.0000000e-02
  vertex -5.8881209e-04 -1.1985545e-02 7.0000000e-02
 endloop
endfacet
facet normal -0.000000e+00 0.000000e+00 -1.000000e+00
 outer loop
  vertex 1.6683009e-03 -3.3959046e-02 7.0000000e-02
  vertex -6.2456987e-18 -3.4000000e-02 7.0000000e-02
  vertex -2.2043642e-18 -1.2000000e-02 7.0000000e-02
 endloop
endfacet
facet normal 0.000000e+00 -0.000000e+00 -1.000000e+00
 outer loop
  vertex 5.8881209e-04 -1.1985545e-02 7.0000000e-02
  vertex 1.6683009e-03 -3.3959046e-02 7.0000000e-02
  vertex -2.2043642e-18 -1.2000000e-02 7.0000000e-02
 endloop
endfacet
facet normal -0.000000e+00 0.000000e+00 -1.000000e+00
 outer loop
  vertex 3.3325828e-03 -3.3836281e-02 7.0000000e-02
  vertex 1.6683009e-03 -3.3959046e-02 7.0000000e-02
  vertex 5.8881209e-04 -1.1985545e-02 7.0000000e-02
 endloop
endfacet
facet normal 0.000000e+00 -0.000000e+00 -1.000000e+00
 outer loop
  vertex 1.1762057e-03 -1.1942217e-02 7.0000000e-02
  vertex 3.3325828e-03 -3.3836281e-02 7.0000000e-02
  vertex 5.8881209e-04 -1.1985545e-02 7.0000000e-02
 endloop
endfacet
facet normal -0.000000e+00 0.000000e+00 -1.000000e+00
 outer loop
  vertex 4.9888361e-03 -3.3632001e-02 7.0000000e-02
  vertex 3.3325828e-03 -3.3836281e-02 7.0000000e-02
  vertex 1.1762057e-03 -1.1942217e-02 7.0000000e-02
 endloop
endfacet
facet normal 0.000000e+00 -0.000000e+00 -1.000000e+00
 outer loop
  vertex 1.7607657e-03 -1.1870118e-02 7.0000000e-02
  vertex 4.9888361e-03 -3.3632001e-02 7.0000000e-02
  vertex 1.1762057e-03 -1.1942217e-02 7.0000000e-02
 endloop
endfacet
facet normal -0.000000e+00 0.000000e+00 -1.000000e+00
 outer loop
  vertex 6.6330709e-03 -3.3346700e-02 7.0000000e-02
  vertex 4.9888361e-03 -3.3632001e-02 7.0000000e-02
  vertex 1.7607657e-03 -1.1870118e-02 7.0000000e-02
 endloop
endfacet
facet normal 0.000000e+00 -0.000000e+00 -1.000000e+00
 outer loop
  vertex 2.3410839e-03 -1.1769423e-02 7.0000000e-02
  vertex 6.6330709e-03 -3.3346700e-02 7.0000000e-02
  vertex 1.7607657e-03 -1.1870118e-02 7.0000000e-02
 endloop
endfacet
facet normal -0.000000e+00 0.000000e+00 -1.000000e+00
 outer loop
  vertex 8.2613261e-03 -3.2981063e-02 7.0000000e-02
  vertex 6.6330709e-03 -3.3346700e-02 7.0000000e-02
  vertex 2.3410839e-03 -1.1769423e-02 7.0000000e-02
 endloop
endfacet
facet normal 0.000000e+00 -0.000000e+00 -1.000000e+00
 outer loop
  vertex 2.9157622e-03 -1.1640375e-02 7.0000000e-02
  vertex 8.2613261e-03 -3.2981063e-02 7.0000000e-02
  vertex 2.3410839e-03 -1.1769423e-02 7.0000000e-02
 endloop
endfacet
facet normal -0.000000e+00 0.000000e+00 -1.000000e+00
 outer loop
  vertex 9.8696790e-03 -3.2535971e-02 7.0000000e-02
  vertex 8.2613261e-03 -3.2981063e-02 7.0000000e-02
  vertex 2.9157622e-03 -1.1640375e-02 7.0000000e-02
 endloop
endfacet
facet normal 0.000000e+00 -0.000000e+00 -1.000000e+00
 outer loop
  vertex 3.4834161e-03 -1.1483284e-02 7.0000000e-02
  vertex 9.8696790e-03 -3.2535971e-02 7.0000000e-02
  vertex 2.9157622e-03 -1.1640375e-02 7.0000000e-02
 endloop
endfacet
facet normal -0.000000e+00 0.000000e+00 -1.000000e+00
 outer loop
  vertex 1.1454255e-02 -3.2012498e-02 7.0000000e-02
  vertex 9.8696790e-03 -3.2535971e-02 7.0000000e-02
  vertex 3.4834161e-03 -1.1483284e-02 7.0000000e-02
 endloop
endfacet
facet normal 0.000000e+00 -0.000000e+00 -1.000000e+00
 outer loop
  vertex 4.0426782e-03 -1.1298529e-02 7.0000000e-02
  vertex 1.1454255e-02 -3.2012498e-02 7.0000000e-02
  vertex 3.4834161e-03 -1.1483284e-02 7.0000000e-02
 endloop
endfacet
facet normal -0.000000e+00 0.000000e+00 -1.000000e+00
 outer loop
  vertex 1.3011237e-02 -3.1411904e-02 7.0000000e-02
  vertex 1.1454255e-02 -3.2012498e-02 7.0000000e-02
  vertex 4.0426782e-03 -1.1298529e-02 7.0000000e-02
 endloop
endfacet
facet normal 0.000000e+00 -0.000000e+00 -1.000000e+00
 outer loop
  vertex 4.5922012e-03 -1.1086554e-02 7.0000000e-02
  vertex 1.3011237e-02 -3.1411904e-02 7.0000000e-02
  vertex 4.0426782e-03 -1.1298529e-02 7.0000000e-02
 endloop
endfacet
facet normal -0.000000e+00 0.000000e+00 -1.000000e+00
 outer loop
  vertex 1.4536873e-02 -3.0735636e-02 7.0000000e-02
  vertex 1.3011237e-02 -3.1411904e-02 7.0000000e-02
  vertex 4.5922012e-03 -1.1086554e-02 7.0000000e-02
 endloop
endfacet
facet normal 0.000000e+00 -0.000000e+00 -1.000000e+00
 outer loop
  vertex 5.1306611e-03 -1.0847872e-02 7.0000000e-02
  vertex 1.4536873e-02 -3.0735636e-02 7.0000000e-02
  vertex 4.5922012e-03 -1.1086554e-02 7.0000000e-02
 endloop
endfacet
facet normal -0.000000e+00 0.000000e+00 -1.000000e+00
 outer loop
  vertex 1.6027489e-02 -2.9985323e-02 7.0000000e-02
  vertex 1.4536873e-02 -3.0735636e-02 7.0000000e-02
  vertex 5.1306611e-03 -1.0847872e-02 7.0000000e-02
 endloop
endfacet
facet normal 0.000000e+00 -0.000000e+00 -1.000000e+00
 outer loop
  vertex 5.6567608e-03 -1.0583055e-02 7.0000000e-02
  vertex 1.6027489e-02 -2.9985323e-02 7.0000000e-02
  vertex 5.1306611e-03 -1.0847872e-02 7.0000000e-02
 endloop
endfacet
facet normal -0.000000e+00 0.000000e+00 -1.000000e+00
 outer loop
  vertex 1.7479493e-02 -2.9162773e-02 7.0000000e-02
  vertex 1.6027489e-02 -2.9985323e-02 7.0000000e-02
  vertex 5.6567608e-03 -1.0583055e-02 7.0000000e-02
 endloop
endfacet
facet normal 0.000000e+00 -0.000000e+00 -1.000000e+00
 outer loop
  vertex 6.1692329e-03 -1.0292743e-02 7.0000000e-02
  vertex 1.7479493e-02 -2.9162773e-02 7.0000000e-02
  vertex 5.6567608e-03 -1.0583055e-02 7.0000000e-02
 endloop
endfacet
facet normal -0.000000e+00 0.000000e+00 -1.000000e+00
 outer loop
  vertex 1.8889388e-02 -2.8269967e-02 7.0000000e-02
  vertex 1.7479493e-02 -2.9162773e-02 7.0000000e-02
  vertex 6.1692329e-03 -1.0292743e-02 7.0000000e-02
 endloop
endfacet
facet normal 0.000000e+00 -0.000000e+00 -1.000000e+00
 outer loop
  vertex 6.6668428e-03 -9.9776353e-03 7.0000000e-02
  vertex 1.8889388e-02 -2.8269967e-02 7.0000000e-02
  vertex 6.1692329e-03 -1.0292743e-02 7.0000000e-02
 endloop
endfacet
facet normal -0.000000e+00 0.000000e+00 -1.000000e+00
 outer loop
  vertex 2.0253776e-02 -2.7309056e-02 7.0000000e-02
  vertex 1.8889388e-02 -2.8269967e-02 7.0000000e-02
  vertex 6.6668428e-03 -9.9776353e-03 7.0000000e-02
 endloop
endfacet
facet normal 0.000000e+00 -0.000000e+00 -1.000000e+00
 outer loop
  vertex 7.1483917e-03 -9.6384904e-03 7.0000000e-02
  vertex 2.0253776e-02 -2.7309056e-02 7.0000000e-02
  vertex 6.6668428e-03 -9.9776353e-03 7.0000000e-02
 endloop
endfacet
facet normal -0.000000e+00 0.000000e+00 -1.000000e+00
 outer loop
  vertex 2.1569372e-02 -2.6282355e-02 7.0000000e-02
  vertex 2.0253776e-02 -2.7309056e-02 7.0000000e-02
  vertex 7.1483917e-03 -9.6384904e-03 7.0000000e-02
 endloop
endfacet
facet normal 0.000000e+00 -0.000000e+00 -1.000000e+00
 outer loop
  vertex 7.6127194e-03 -9.2761254e-03 7.0000000e-02
  vertex 2.1569372e-02 -2.6282355e-02 7.0000000e-02
  vertex 7.1483917e-03 -9.6384904e-03 7.0000000e-02
 endloop
endfacet
facet normal -0.000000e+00 0.000000e+00 -1.000000e+00
 outer loop
  vertex 2.2833004e-02 -2.5192338e-02 7.0000000e-02
  vertex 2.1569372e-02 -2.6282355e-02 7.0000000e-02
  vertex 7.6127194e-03 -9.2761254e-03 7.0000000e-02
 endloop
endfacet
facet normal 0.000000e+00 -0.000000e+00 -1.000000e+00
 outer loop
  vertex 8.0587075e-03 -8.8914135e-03 7.0000000e-02
  vertex 2.2833004e-02 -2.5192338e-02 7.0000000e-02
  vertex 7.6127194e-03 -9.2761254e-03 7.0000000e-02
 endloop
endfacet
facet normal -0.000000e+00 0.000000e+00 -1.000000e+00
 outer loop
  vertex 2.4041631e-02 -2.4041631e-02 7.0000000e-02
  vertex 2.2833004e-02 -2.5192338e-02 7.0000000e-02
  vertex 8.0587075e-03 -8.8914135e-03 7.0000000e-02
 endloop
endfacet
facet normal 0.000000e+00 -0.000000e+00 -1.000000e+00
 outer loop
  vertex 8.4852814e-03 -8.4852814e-03 7.0000000e-02
  vertex 2.4041631e-02 -2.4041631e-02 7.0000000e-02
  vertex 8.0587075e-03 -8.8914135e-03 7.0000000e-02
 endloop
endfacet
facet normal -0.000000e+00 0.000000e+00 -1.000000e+00
 outer loop
  vertex 2.5192338e-02 -2.2833004e-02 7.0000000e-02
  vertex 2.4041631e-02 -2.4041631e-02 7.0000000e-02
  vertex 8.4852814e-03 -8.4852814e-03 7.0000000e-02
 endloop
endfacet
facet normal 0.000000e+00 -0.000000e+00 -1.000000e+00
 outer loop
  vertex 8.8914135e-03 -8.0587075e-03 7.0000000e-02
  vertex 2.5192338e-02 -2.2833004e-02 7.0000000e-02
  vertex 8.4852814e-03 -8.4852814e-03 7.0000000e-02
 endloop
endfacet
facet normal -0.000000e+00 0.000000e+00 -1.000000e+00
 outer loop
  vertex 2.6282355e-02 -2.1569372e-02 7.0000000e-02
  vertex 2.5192338e-02 -2.2833004e-02 7.0000000e-02
  vertex 8.8914135e-03 -8.0587075e-03 7.0000000e-02
 endloop
endfacet
facet normal 0.000000e+00 -0.000000e+00 -1.000000e+00
 outer loop
  vertex 9.2761254e-03 -7.6127194e-03 7.0000000e-02
  vertex 2.6282355e-02 -2.1569372e-02 7.0000000e-02
  vertex 8.8914135e-03 -8.0587075e-03 7.0000000e-02
 endloop
endfacet
facet normal -0.000000e+00 0.000000e+00 -1.000000e+00
 outer loop
  vertex 2.7309056e-02 -2.0253776e-02 7.0000000e-02
  vertex 2.6282355e-02 -2.1569372e-02 7.0000000e-02
  vertex 9.2761254e-03 -7.6127194e-03 7.0000000e-02
 endloop
endfacet
facet normal 0.000000e+00 -0.000000e+00 -1.000000e+00
 outer loop
  vertex 9.6384904e-03 -7.1483917e-03 7.0000000e-02
  vertex 2.7309056e-02 -2.0253776e-02 7.0000000e-02
  vertex 9.2761254e-03 -7.6127194e-03 7.0000000e-02
 endloop
endfacet
facet normal -0.000000e+00 0.000000e+00 -1.000000e+00
 outer loop
  vertex 2.8269967e-02 -1.8889388e-02 7.0000000e-02
  vertex 2.7309056e-02 -2.0253776e-02 7.0000000e-02
  vertex 9.6384904e-03 -7.1483917e-03 7.0000000e-02
 endloop
endfacet
facet normal 0.000000e+00 -0.000000e+00 -1.000000e+00
 outer loop
  vertex 9.9776353e-03 -6.6668428e-03 7.0000000e-02
  vertex 2.8269967e-02 -1.8889388e-02 7.0000000e-02
  vertex 9.6384904e-03 -7.1483917e-03 7.0000000e-02
 endloop
endfacet
facet normal -0.000000e+00 0.000000e+00 -1.000000e+00
 outer loop
  vertex 2.9162773e-02 -1.7479493e-02 7.0000000e-02
  vertex 2.8269967e-02 -1.8889388e-02 7.0000000e-02
  vertex 9.9776353e-03 -6.6668428e-03 7.0000000e-02
 endloop
endfacet
facet normal 0.000000e+00 -0.000000e+00 -1.000000e+00
 outer loop
  vertex 1.0292743e-02 -6.1692329e-03 7.0000000e-02
  vertex 2.9162773e-02 -1.7479493e-02 7.0000000e-02
  vertex 9.9776353e-03 -6.6668428e-03 7.0000000e-02
 endloop
endfacet
facet normal -0.000000e+00 0.000000e+00 -1.000000e+00
 outer loop
  vertex 2.9985323e-02 -1.6027489e-02 7.0000000e-02
  vertex 2.9162773e-02 -1.7479493e-02 7.0000000e-02
  vertex 1.0292743e-02 -6.1692329e-03 7.0000000e-02
 endloop
endfacet
facet normal 0.000000e+00 -0.000000e+00 -1.000000e+00
 outer loop
  vertex 1.0583055e-02 -5.6567608e-03 7.0000000e-02
  vertex 2.9985323e-02 -1.6027489e-02 7.0000000e-02
  vertex 1.0292743e-02 -6.1692329e-03 7.0000000e-02
 endloop
endfacet
facet normal -0.000000e+00 0.000000e+00 -1.000000e+00
 outer loop
  vertex 3.0735636e-02 -1.4536873e-02 7.0000000e-02
  vertex 2.9985323e-02 -1.6027489e-02 7.0000000e-02
  vertex 1.0583055e-02 -5.6567608e-03 7.0000000e-02
 endloop
endfacet
facet normal 0.000000e+00 -0.000000e+00 -1.000000e+00
 outer loop
  vertex 1.0847872e-02 -5.1306611e-03 7.0000000e-02
  vertex 3.0735636e-02 -1.4536873e-02 7.0000000e-02
  vertex 1.0583055e-02 -5.6567608e-03 7.0000000e-02
 endloop
endfacet
facet normal -0.000000e+00 0.000000e+00 -1.000000e+00
 outer loop
  vertex 3.1411904e-02 -1.3011237e-02 7.0000000e-02
  vertex 3.0735636e-02 -1.4536873e-02 7.0000000e-02
  vertex 1.0847872e-02 -5.1306611e-03 7.0000000e-02
 endloop
endfacet
facet normal 0.000000e+00 -0.000000e+00 -1.000000e+00
 outer loop
  vertex 1.1086554e-02 -4.5922012e-03 7.0000000e-02
  vertex 3.1411904e-02 -1.3011237e-02 7.0000000e-02
  vertex 1.0847872e-02 -5.1306611e-03 7.0000000e-02
 endloop
endfacet
facet normal -0.000000e+00 0.000000e+00 -1.000000e+00
 outer loop
  vertex 3.2012498e-02 -1.1454255e-02 7.0000000e-02
  vertex 3.1411904e-02 -1.3011237e-02 7.0000000e-02
  vertex 1.1086554e-02 -4.5922012e-03 7.0000000e-02
 endloop
endfacet
facet normal 0.000000e+00 -0.000000e+00 -1.000000e+00
 outer loop
  vertex 1.1298529e-02 -4.0426782e-03 7.0000000e-02
  vertex 3.2012498e-02 -1.1454255e-02 7.0000000e-02
  vertex 1.1086554e-02 -4.5922012e-03 7.0000000e-02
 endloop
endfacet
facet normal -0.000000e+00 0.000000e+00 -1.000000e+00
 outer loop
  vertex 3.2535971e-02 -9.8696790e-03 7.0000000e-02
  vertex 3.2012498e-02 -1.1454255e-02 7.0000000e-02
  vertex 1.1298529e-02 -4.0426782e-03 7.0000000e-02
 endloop
endfacet
facet normal 0.000000e+00 -0.000000e+00 -1.000000e+00
 outer loop
  vertex 1.1483284e-02 -3.4834161e-03 7.0000000e-02
  vertex 3.2535971e-02 -9.8696790e-03 7.0000000e-02
  vertex 1.1298529e-02 -4.0426782e-03 7.0000000e-02
 endloop
endfacet
facet normal -0.000000e+00 0.000000e+00 -1.000000e+00
 outer loop
  vertex 3.2981063e-02 -8.2613261e-03 7.0000000e-02
  vertex 3.2535971e-02 -9.8696790e-03 7.0000000e-02
  vertex 1.1483284e-02 -3.4834161e-03 7.0000000e-02
 endloop
endfacet
facet normal 0.000000e+00 -0.000000e+00 -1.000000e+00
 outer loop
  vertex 1.1640375e-02 -2.9157622e-03 7.0000000e-02
  vertex 3.2981063e-02 -8.2613261e-03 7.0000000e-02
  vertex 1.1483284e-02 -3.4834161e-03 7.0000000e-02
 endloop
endfacet
facet normal -0.000000e+00 0.000000e+00 -1.000000e+00
 outer loop
  vertex 3.3346700e-02 -6.6330709e-03 7.0000000e-02
  vertex 3.2981063e-02 -8.2613261e-03 7.0000000e-02
  vertex 1.1640375e-02 -2.9157622e-03 7.0000000e-02
 endloop
endfacet
facet normal 0.000000e+00 -0.000000e+00 -1.000000e+00
 outer loop
  vertex 1.1769423e-02 -2.3410839e-03 7.0000000e-02
  vertex 3.3346700e-02 -6.6330709e-03 7.0000000e-02
  vertex 1.1640375e-02 -2.9157622e-03 7.0000000e-02
 endloop
endfacet
facet normal -0.000000e+00 0.000000e+00 -1.000000e+00
 outer loop
  vertex 3.3632001e-02 -4.9888361e-03 7.0000000e-02
  vertex 3.3346700e-02 -6.6330709e-03 7.0000000e-02
  vertex 1.1769423e-02 -2.3410839e-03 7.0000000e-02
 endloop
endfacet
facet normal 0.000000e+00 -0.000000e+00 -1.000000e+00
 outer loop
  vertex 1.1870118e-02 -1.7607657e-03 7.0000000e-02
  vertex 3.3632001e-02 -4.9888361e-03 7.0000000e-02
  vertex 1.1769423e-02 -2.3410839e-03 7.0000000e-02
 endloop
endfacet
facet normal -0.000000e+00 0.000000e+00 -1.000000e+00
 outer loop
  vertex 3.3836281e-02 -3.3325828e-03 7.0000000e-02
  vertex 3.3632001e-02 -4.9888361e-03 7.0000000e-02
  vertex 1.1870118e-02 -1.7607657e-03 7.0000000e-02
 endloop
endfacet
facet normal 0.000000e+00 -0.000000e+00 -1.000000e+00
 outer loop
  vertex 1.1942217e-02 -1.1762057e-03 7.0000000e-02
  vertex 3.3836281e-02 -3.3325828e-03 7.0000000e-02
  vertex 1.1870118e-02 -1.7607657e-03 7.0000000e-02
 endloop
endfacet
facet normal -0.000000e+00 0.000000e+00 -1.000000e+00
 outer loop
  vertex 3.3959046e-02 -1.6683009e-03 7.0000000e-02
  vertex 3.3836281e-02 -3.3325828e-03 7.0000000e-02
  vertex 1.1942217e-02 -1.1762057e-03 7.0000000e-02
 endloop
endfacet
facet normal 0.000000e+00 -0.000000e+00 -1.000000e+00
 outer loop
  vertex 1.1985545e-02 -5.8881209e-04 7.0000000e-02
  vertex 3.3959046e-02 -1.6683009e-03 7.0000000e-02
  vertex 1.1942217e-02 -1.1762057e-03 7.0000000e-02
 endloop
endfacet
facet normal 0.000000e+00 0.000000e+00 -1.000000e+00
 outer loop
  vertex 3.4000000e-02 0.0000000e+00 7.0000000e-02
  vertex 3.3959046e-02 -1.6683009e-03 7.0000000e-02
  vertex 1.1985545e-02 -5.8881209e-04 7.0000000e-02
 endloop
endfacet
facet normal 0.000000e+00 -0.000000e+00 -1.000000e+00
 outer loop
  vertex 1.2000000e-02 0.0000000e+00 7.0000000e-02
  vertex 3.4000000e-02 0.0000000e+00 7.0000000e-02
  vertex 1.1985545e-02 -5.8881209e-04 7.0000000e-02
 endloop
endfacet
facet normal -9.996988e-01 -2.454123e-02 0.000000e+00
 outer loop
  vertex 3.3959046e-02 1.6683009e-03 0.0000000e+00
  vertex 3.4000000e-02 0.0000000e+00 0.0000000e+00
  vertex 3.4000000e-02 0.0000000e+00 7.0000000e-02
 endloop
endfacet
facet normal -9.996988e-01 -2.454123e-02 -0.000000e+00
 outer loop
  vertex 3.3959046e-02 1.6683009e-03 7.0000000e-02
  vertex 3.3959046e-02 1.6683009e-03 0.0000000e+00
  vertex 3.4000000e-02 0.0000000e+00 7.0000000e-02
 endloop
endfacet
facet normal -9.972905e-01 -7.356456e-02 0.000000e+00
 outer loop
  vertex 3.3836281e-02 3.3325828e-03 0.0000000e+00
  vertex 3.3959046e-02 1.6683009e-03 0.0000000e+00
  vertex 3.3959046e-02 1.6683009e-03 7.0000000e-02
 endloop
endfacet
facet normal -9.972905e-01 -7.356456e-02 -0.000000e+00
 outer loop
  vertex 3.3836281e-02 3.3325828e-03 7.0000000e-02
  vertex 3.3836281e-02 3.3325828e-03 0.0000000e+00
  vertex 3.3959046e-02 1.6683009e-03 7.0000000e-02
 endloop
endfacet
facet normal -9.924795e-01 -1.224107e-01 0.000000e+00
 outer loop
  vertex 3.3632001e-02 4.9888361e-03 0.0000000e+00
  vertex 3.3836281e-02 3.3325828e-03 0.0000000e+00
  vertex 3.3836281e-02 3.3325828e-03 7.0000000e-02
 endloop
endfacet
facet normal -9.924795e-01 -1.224107e-01 -0.000000e+00
 outer loop
  vertex 3.3632001e-02 4.9888361e-03 7.0000000e-02
  vertex 3.3632001e-02 4.9888361e-03 0.0000000e+00
  vertex 3.3836281e-02 3.3325828e-03 7.0000000e-02
 endloop
endfacet
facet normal -9.852776e-01 -1.709619e-01 0.000000e+00
 outer loop
  vertex 3.3346700e-02 6.6330709e-03 0.0000000e+00
  vertex 3.3632001e-02 4.9888361e-03 0.0000000e+00
  vertex 3.3632001e-02 4.9888361e-03 7.0000000e-02
 endloop
endfacet
facet normal -9.852776e-01 -1.709619e-01 -0.000000e+00
 outer loop
  vertex 3.3346700e-02 6.6330709e-03 7.0000000e-02
  vertex 3.3346700e-02 6.6330709e-03 0.0000000e+00
  vertex 3.3632001e-02 4.9888361e-03 7.0000000e-02
 endloop
endfacet
facet normal -9.757021e-01 -2.191012e-01 0.000000e+00
 outer loop
  vertex 3.2981063e-02 8.2613261e-03 0.0000000e+00
  vertex 3.3346700e-02 6.6330709e-03 0.0000000e+00
  vertex 3.3346700e-02 6.6330709e-03 7.0000000e-02
 endloop
endfacet
facet normal -9.757021e-01 -2.191012e-01 -0.000000e+00
 outer loop
  vertex 3.2981063e-02 8.2613261e-03 7.0000000e-02
  vertex 3.2981063e-02 8.2613261e-03 0.0000000e+00
  vertex 3.3346700e-02 6.6330709e-03 7.0000000e-02
 endloop
endfacet
facet normal -9.637761e-01 -2.667128e-01 0.000000e+00
 outer loop
  vertex 3.2535971e-02 9.8696790e-03 0.0000000e+00
  vertex 3.2981063e-02 8.2613261e-03 0.0000000e+00
  vertex 3.2981063e-02 8.2613261e-03 7.0000000e-02
 endloop
endfacet
facet normal -9.637761e-01 -2.667128e-01 -0.000000e+00
 outer loop
  vertex 3.2535971e-02 9.8696790e-03 7.0000000e-02
  vertex 3.2535971e-02 9.8696790e-03 0.0000000e+00
  vertex 3.2981063e-02 8.2613261e-03 7.0000000e-02
 endloop
endfacet
facet normal -9.495282e-01 -3.136817e-01 0.000000e+00
 outer loop
  vertex 3.2012498e-02 1.1454255e-02 0.0000000e+00
  vertex 3.2535971e-02 9.8696790e-03 0.0000000e+00
  vertex 3.2535971e-02 9.8696790e-03 7.0000000e-02
 endloop
endfacet
facet normal -9.495282e-01 -3.136817e-01 -0.000000e+00
 outer loop
  vertex 3.2012498e-02 1.1454255e-02 7.0000000e-02
  vertex 3.2012498e-02 1.1454255e-02 0.0000000e+00
  vertex 3.2535971e-02 9.8696790e-03 7.0000000e-02
 endloop
endfacet
facet normal -9.329928e-01 -3.598950e-01 0.000000e+00
 outer loop
  vertex 3.1411904e-02 1.3011237e-02 0.0000000e+00
  vertex 3.2012498e-02 1.1454255e-02 0.0000000e+00
  vertex 3.2012498e-02 1.1454255e-02 7.0000000e-02
 endloop
endfacet
facet normal -9.329928e-01 -3.598950e-01 -0.000000e+00
 outer loop
  vertex 3.1411904e-02 1.3011237e-02 7.0000000e-02
  vertex 3.1411904e-02 1.3011237e-02 0.0000000e+00
  vertex 3.2012498e-02 1.1454255e-02 7.0000000e-02
 endloop
endfacet
facet normal -9.142098e-01 -4.052413e-01 0.000000e+00
 outer loop
  vertex 3.0735636e-02 1.4536873e-02 0.0000000e+00
  vertex 3.1411904e-02 1.3011237e-02 0.0000000e+00
  vertex 3.1411904e-02 1.3011237e-02 7.0000000e-02
 endloop
endfacet
facet normal -9.142098e-01 -4.052413e-01 -0.000000e+00
 outer loop
  vertex 3.0735636e-02 1.4536873e-02 7.0000000e-02
  vertex 3.0735636e-02 1.4536873e-02 0.0000000e+00
  vertex 3.1411904e-02 1.3011237e-02 7.0000000e-02
 endloop
endfacet
facet normal -8.932243e-01 -4.496113e-01 0.000000e+00
 outer loop
  vertex 2.9985323e-02 1.6027489e-02 0.0000000e+00
  vertex 3.0735636e-02 1.4536873e-02 0.0000000e+00
  vertex 3.0735636e-02 1.4536873e-02 7.0000000e-02
 endloop
endfacet
facet normal -8.932243e-01 -4.496113e-01 -0.000000e+00
 outer loop
  vertex 2.9985323e-02 1.6027489e-02 7.0000000e-02
  vertex 2.9985323e-02 1.6027489e-02 0.0000000e+00
  vertex 3.0735636e-02 1.4536873e-02 7.0000000e-02
 endloop
endfacet
facet normal -8.700870e-01 -4.928982e-01 0.000000e+00
 outer loop
  vertex 2.9162773e-02 1.7479493e-02 0.0000000e+00
  vertex 2.9985323e-02 1.6027489e-02 0.0000000e+00
  vertex 2.9985323e-02 1.6027489e-02 7.0000000e-02
 endloop
endfacet
facet normal -8.700870e-01 -4.928982e-01 -0.000000e+00
 outer loop
  vertex 2.9162773e-02 1.7479493e-02 7.0000000e-02
  vertex 2.9162773e-02 1.7479493e-02 0.0000000e+00
  vertex 2.9985323e-02 1.6027489e-02 7.0000000e-02
 endloop
endfacet
facet normal -8.448536e-01 -5.349976e-01 0.000000e+00
 outer loop
  vertex 2.8269967e-02 1.8889388e-02 0.0000000e+00
  vertex 2.9162773e-02 1.7479493e-02 0.0000000e+00
  vertex 2.9162773e-02 1.7479493e-02 7.0000000e-02
 endloop
endfacet
facet normal -8.448536e-01 -5.349976e-01 -0.000000e+00
 outer loop
  vertex 2.8269967e-02 1.8889388e-02 7.0000000e-02
  vertex 2.8269967e-02 1.8889388e-02 0.0000000e+00
  vertex 2.9162773e-02 1.7479493e-02 7.0000000e-02
 endloop
endfacet
facet normal -8.175848e-01 -5.758082e-01 0.000000e+00
 outer loop
  vertex 2.7309056e-02 2.0253776e-02 0.0000000e+00
  vertex 2.8269967e-02 1.8889388e-02 0.0000000e+00
  vertex 2.8269967e-02 1.8889388e-02 7.0000000e-02
 endloop
endfacet
facet normal -8.175848e-01 -5.758082e-01 -0.000000e+00
 outer loop
  vertex 2.7309056e-02 2.0253776e-02 7.0000000e-02
  vertex 2.7309056e-02 2.0253776e-02 0.0000000e+00
  vertex 2.8269967e-02 1.8889388e-02 7.0000000e-02
 endloop
endfacet
facet normal -7.883464e-01 -6.152316e-01 0.000000e+00
 outer loop
  vertex 2.6282355e-02 2.1569372e-02 0.0000000e+00
  vertex 2.7309056e-02 2.0253776e-02 0.0000000e+00
  vertex 2.7309056e-02 2.0253776e-02 7.0000000e-02
 endloop
endfacet
facet normal -7.883464e-01 -6.152316e-01 -0.000000e+00
 outer loop
  vertex 2.6282355e-02 2.1569372e-02 7.0000000e-02
  vertex 2.6282355e-02 2.1569372e-02 0.0000000e+00
  vertex 2.7309056e-02 2.0253776e-02 7.0000000e-02
 endloop
endfacet
facet normal -7.572088e-01 -6.531728e-01 0.000000e+00
 outer loop
  vertex 2.5192338e-02 2.2833004e-02 0.0000000e+00
  vertex 2.6282355e-02 2.1569372e-02 0.0000000e+00
  vertex 2.6282355e-02 2.1569372e-02 7.0000000e-02
 endloop
endfacet
facet normal -7.572088e-01 -6.531728e-01 -0.000000e+00
 outer loop
  vertex 2.5192338e-02 2.2833004e-02 7.0000000e-02
  vertex 2.5192338e-02 2.2833004e-02 0.0000000e+00
  vertex 2.6282355e-02 2.1569372e-02 7.0000000e-02
 endloop
endfacet
facet normal -7.242471e-01 -6.895405e-01 0.000000e+00
 outer loop
  vertex 2.4041631e-02 2.4041631e-02 0.0000000e+00
  vertex 2.5192338e-02 2.2833004e-02 0.0000000e+00
  vertex 2.5192338e-02 2.2833004e-02 7.0000000e-02
 endloop
endfacet
facet normal -7.242471e-01 -6.895405e-01 -0.000000e+00
 outer loop
  vertex 2.4041631e-02 2.4041631e-02 7.0000000e-02
  vertex 2.4041631e-02 2.4041631e-02 0.0000000e+00
  vertex 2.5192338e-02 2.2833004e-02 7.0000000e-02
 endloop
endfacet
facet normal -6.895405e-01 -7.242471e-01 0.000000e+00
 outer loop
  vertex 2.2833004e-02 2.5192338e-02 0.0000000e+00
  vertex 2.4041631e-02 2.4041631e-02 0.0000000e+00
  vertex 2.4041631e-02 2.4041631e-02 7.0000000e-02
 endloop
endfacet
facet normal -6.895405e-01 -7.242471e-01 -0.000000e+00
 outer loop
  vertex 2.2833004e-02 2.5192338e-02 7.0000000e-02
  vertex 2.2833004e-02 2.5192338e-02 0.0000000e+00
  vertex 2.4041631e-02 2.4041631e-02 7.0000000e-02
 endloop
endfacet
facet normal -6.531728e-01 -7.572088e-01 0.000000e+00
 outer loop
  vertex 2.1569372e-02 2.6282355e-02 0.0000000e+00
  vertex 2.2833004e-02 2.5192338e-02 0.0000000e+00
  vertex 2.2833004e-02 2.5192338e-02 7.0000000e-02
 endloop
endfacet
facet normal -6.531728e-01 -7.572088e-01 -0.000000e+00
 outer loop
  vertex 2.1569372e-02 2.6282355e-02 7.0000000e-02
  vertex 2.1569372e-02 2.6282355e-02 0.0000000e+00
  vertex 2.2833004e-02 2.5192338e-02 7.0000000e-02
 endloop
endfacet
facet normal -6.152316e-01 -7.883464e-01 0.000000e+00
 outer loop
  vertex 2.0253776e-02 2.7309056e-02 0.0000000e+00
  vertex 2.1569372e-02 2.6282355e-02 0.0000000e+00
  vertex 2.1569372e-02 2.6282355e-02 7.0000000e-02
 endloop
endfacet
facet normal -6.152316e-01 -7.883464e-01 -0.000000e+00
 outer loop
  vertex 2.0253776e-02 2.7309056e-02 7.0000000e-02
  vertex 2.0253776e-02 2.7309056e-02 0.0000000e+00
  vertex 2.1569372e-02 2.6282355e-02 7.0000000e-02
 endloop
endfacet
facet normal -5.758082e-01 -8.175848e-01 0.000000e+00
 outer loop
  vertex 1.8889388e-02 2.8269967e-02 0.0000000e+00
  vertex 2.0253776e-02 2.7309056e-02 0.0000000e+00
  vertex 2.0253776e-02 2.7309056e-02 7.0000000e-02
 endloop
endfacet
facet normal -5.758082e-01 -8.175848e-01 -0.000000e+00
 outer loop
  vertex 1.8889388e-02 2.8269967e-02 7.0000000e-02
  vertex 1.8889388e-02 2.8269967e-02 0.0000000e+00
  vertex 2.0253776e-02 2.7309056e-02 7.0000000e-02
 endloop
endfacet
facet normal -5.349976e-01 -8.448536e-01 0.000000e+00
 outer loop
  vertex 1.7479493e-02 2.9162773e-02 0.0000000e+00
  vertex 1.8889388e-02 2.8269967e-02 0.0000000e+00
  vertex 1.8889388e-02 2.8269967e-02 7.0000000e-02
 endloop
endfacet
facet normal -5.349976e-01 -8.448536e-01 -0.000000e+00
 outer loop
  vertex 1.7479493e-02 2.9162773e-02 7.0000000e-02
  vertex 1.7479493e-02 2.9162773e-02 0.0000000e+00
  vertex 1.8889388e-02 2.8269967e-02 7.0000000e-02
 endloop
endfacet
facet normal -4.928982e-01 -8.700870e-01 0.000000e+00
 outer loop
  vertex 1.6027489e-02 2.9985323e-02 0.0000000e+00
  vertex 1.7479493e-02 2.9162773e-02 0.0000000e+00
  vertex 1.7479493e-02 2.9162773e-02 7.0000000e-02
 endloop
endfacet
facet normal -4.928982e-01 -8.700870e-01 -0.000000e+00
 outer loop
  vertex 1.6027489e-02 2.9985323e-02 7.0000000e-02
  vertex 1.6027489e-02 2.9985323e-02 0.0000000e+00
  vertex 1.7479493e-02 2.9162773e-02 7.0000000e-02
 endloop
endfacet
facet normal -4.496113e-01 -8.932243e-01 0.000000e+00
 outer loop
  vertex 1.4536873e-02 3.0735636e-02 0.0000000e+00
  vertex 1.6027489e-02 2.9985323e-02 0.0000000e+00
  vertex 1.6027489e-02 2.9985323e-02 7.0000000e-02
 endloop
endfacet
facet normal -4.496113e-01 -8.932243e-01 -0.000000e+00
 outer loop
  vertex 1.4536873e-02 3.0735636e-02 7.0000000e-02
  vertex 1.4536873e-02 3.0735636e-02 0.0000000e+00
  vertex 1.6027489e-02 2.9985323e-02 7.0000000e-02
 endloop
endfacet
facet normal -4.052413e-01 -9.142098e-01 0.000000e+00
 outer loop
  vertex 1.3011237e-02 3.1411904e-02 0.0000000e+00
  vertex 1.4536873e-02 3.0735636e-02 0.0000000e+00
  vertex 1.4536873e-02 3.0735636e-02 7.0000000e-02
 endloop
endfacet
facet normal -4.052413e-01 -9.142098e-01 -0.000000e+00
 outer loop
  vertex 1.3011237e-02 3.1411904e-02 7.0000000e-02
  vertex 1.3011237e-02 3.1411904e-02 0.0000000e+00
  vertex 1.4536873e-02 3.0735636e-02 7.0000000e-02
 endloop
endfacet
facet normal -3.598950e-01 -9.329928e-01 0.000000e+00
 outer loop
  vertex 1.1454255e-02 3.2012498e-02 0.0000000e+00
  vertex 1.3011237e-02 3.1411904e-02 0.0000000e+00
  vertex 1.3011237e-02 3.1411904e-02 7.0000000e-02
 endloop
endfacet
facet normal -3.598950e-01 -9.329928e-01 -0.000000e+00
 outer loop
  vertex 1.1454255e-02 3.2012498e-02 7.0000000e-02
  vertex 1.1454255e-02 3.2012498e-02 0.0000000e+00
  vertex 1.3011237e-02 3.1411904e-02 7.0000000e-02
 endloop
endfacet
facet normal -3.136817e-01 -9.495282e-01 0.000000e+00
 outer loop
  vertex 9.8696790e-03 3.2535971e-02 0.0000000e+00
  vertex 1.1454255e-02 3.2012498e-02 0.0000000e+00
  vertex 1.1454255e-02 3.2012498e-02 7.0000000e-02
 endloop
endfacet
facet normal -3.136817e-01 -9.495282e-01 -0.000000e+00
 outer loop
  vertex 9.8696790e-03 3.2535971e-02 7.0000000e-02
  vertex 9.8696790e-03 3.2535971e-02 0.0000000e+00
  vertex 1.1454255e-02 3.2012498e-02 7.0000000e-02
 endloop
endfacet
facet normal -2.667128e-01 -9.637761e-01 0.000000e+00
 outer loop
  vertex 8.2613261e-03 3.2981063e-02 0.0000000e+00
  vertex 9.8696790e-03 3.2535971e-02 0.0000000e+00
  vertex 9.8696790e-03 3.2535971e-02 7.0000000e-02
 endloop
endfacet
facet normal -2.667128e-01 -9.637761e-01 -0.000000e+00
 outer loop
  vertex 8.2613261e-03 3.2981063e-02 7.0000000e-02
  vertex 8.2613261e-03 3.2981063e-02 0.0000000e+00
  vertex 9.8696790e-03 3.2535971e-02 7.0000000e-02
 endloop
endfacet
facet normal -2.191012e-01 -9.757021e-01 0.000000e+00
 outer loop
  vertex 6.6330709e-03 3.3346700e-02 0.0000000e+00
  vertex 8.2613261e-03 3.2981063e-02 0.0000000e+00
  vertex 8.2613261e-03 3.2981063e-02 7.0000000e-02
 endloop
endfacet
facet normal -2.191012e-01 -9.757021e-01 -0.000000e+00
 outer loop
  vertex 6.6330709e-03 3.3346700e-02 7.0000000e-02
  vertex 6.6330709e-03 3.3346700e-02 0.0000000e+00
  vertex 8.2613261e-03 3.2981063e-02 7.0000000e-02
 endloop
endfacet
facet normal -1.709619e-01 -9.852776e-01 0.000000e+00
 outer loop
  vertex 4.9888361e-03 3.3632001e-02 0.0000000e+00
  vertex 6.6330709e-03 3.3346700e-02 0.0000000e+00
  vertex 6.6330709e-03 3.3346700e-02 7.0000000e-02
 endloop
endfacet
facet normal -1.709619e-01 -9.852776e-01 -0.000000e+00
 outer loop
  vertex 4.9888361e-03 3.3632001e-02 7.0000000e-02
  vertex 4.9888361e-03 3.3632001e-02 0.0000000e+00
  vertex 6.6330709e-03 3.3346700e-02 7.0000000e-02
 endloop
endfacet
facet normal -1.224107e-01 -9.924795e-01 0.000000e+00
 outer loop
  vertex 3.3325828e-03 3.3836281e-02 0.0000000e+00
  vertex 4.9888361e-03 3.3632001e-02 0.0000000e+00
  vertex 4.9888361e-03 3.3632001e-02 7.0000000e-02
 endloop
endfacet
facet normal -1.224107e-01 -9.924795e-01 -0.000000e+00
 outer loop
  vertex 3.3325828e-03 3.3836281e-02 7.0000000e-02
  vertex 3.3325828e-03 3.3836281e-02 0.0000000e+00
  vertex 4.9888361e-03 3.3632001e-02 7.0000000e-02
 endloop
endfacet
facet normal -7.356456e-02 -9.972905e-01 0.000000e+00
 outer loop
  vertex 1.6683009e-03 3.3959046e-02 0.0000000e+00
  vertex 3.3325828e-03 3.3836281e-02 0.0000000e+00
  vertex 3.3325828e-03 3.3836281e-02 7.0000000e-02
 endloop
endfacet
facet normal -7.356456e-02 -9.972905e-01 -0.000000e+00
 outer loop
  vertex 1.6683009e-03 3.3959046e-02 7.0000000e-02
  vertex 1.6683009e-03 3.3959046e-02 0.0000000e+00
  vertex 3.3325828e-03 3.3836281e-02 7.0000000e-02
 endloop
endfacet
facet normal -2.454123e-02 -9.996988e-01 0.000000e+00
 outer loop
  vertex 2.0818996e-18 3.4000000e-02 0.0000000e+00
  vertex 1.6683009e-03 3.3959046e-02 0.0000000e+00
  vertex 1.6683009e-03 3.3959046e-02 7.0000000e-02
 endloop
endfacet
facet normal -2.454123e-02 -9.996988e-01 -0.000000e+00
 outer loop
  vertex 2.0818996e-18 3.4000000e-02 7.0000000e-02
  vertex 2.0818996e-18 3.4000000e-02 0.0000000e+00
  vertex 1.6683009e-03 3.3959046e-02 7.0000000e-02
 endloop
endfacet
facet normal 2.454123e-02 -9.996988e-01 0.000000e+00
 outer loop
  vertex -1.6683009e-03 3.3959046e-02 0.0000000e+00
  vertex 2.0818996e-18 3.4000000e-02 0.0000000e+00
  vertex 2.0818996e-18 3.4000000e-02 7.0000000e-02
 endloop
endfacet
facet normal 2.454123e-02 -9.996988e-01 0.000000e+00
 outer loop
  vertex -1.6683009e-03 3.3959046e-02 7.0000000e-02
  vertex -1.6683009e-03 3.3959046e-02 0.0000000e+00
  vertex 2.0818996e-18 3.4000000e-02 7.0000000e-02
 endloop
endfacet
facet normal 7.356456e-02 -9.972905e-01 0.000000e+00
 outer loop
  vertex -3.3325828e-03 3.3836281e-02 0.0000000e+00
  vertex -1.6683009e-03 3.3959046e-02 0.0000000e+00
  vertex -1.6683009e-03 3.3959046e-02 7.0000000e-02
 endloop
endfacet
facet normal 7.356456e-02 -9.972905e-01 0.000000e+00
 outer loop
  vertex -3.3325828e-03 3.3836281e-02 7.0000000e-02
  vertex -3.3325828e-03 3.3836281e-02 0.0000000e+00
  vertex -1.6683009e-03 3.3959046e-02 7.0000000e-02
 endloop
endfacet
facet normal 1.224107e-01 -9.924795e-01 0.000000e+00
 outer loop
  vertex -4.9888361e-03 3.3632001e-02 0.0000000e+00
  vertex -3.3325828e-03 3.3836281e-02 0.0000000e+00
  vertex -3.3325828e-03 3.3836281e-02 7.0000000e-02
 endloop
endfacet
facet normal 1.224107e-01 -9.924795e-01 0.000000e+00
 outer loop
  vertex -4.9888361e-03 3.3632001e-02 7.0000000e-02
  vertex -4.9888361e-03 3.3632001e-02 0.0000000e+00
  vertex -3.3325828e-03 3.3836281e-02 7.0000000e-02
 endloop
endfacet
facet normal 1.709619e-01 -9.852776e-01 0.000000e+00
 outer loop
  vertex -6.6330709e-03 3.3346700e-02 0.0000000e+00
  vertex -4.9888361e-03 3.3632001e-02 0.0000000e+00
  vertex -4.9888361e-03 3.3632001e-02 7.0000000e-02
 endloop
endfacet
facet normal 1.709619e-01 -9.852776e-01 0.000000e+00
 outer loop
  vertex -6.6330709e-03 3.3346700e-02 7.0000000e-02
  vertex -6.6330709e-03 3.3346700e-02 0.0000000e+00
  vertex -4.9888361e-03 3.3632001e-02 7.0000000e-02
 endloop
endfacet
facet normal 2.191012e-01 -9.757021e-01 0.000000e+00
 outer loop
  vertex -8.2613261e-03 3.2981063e-02 0.0000000e+00
  vertex -6.6330709e-03 3.3346700e-02 0.0000000e+00
  vertex -6.6330709e-03 3.3346700e-02 7.0000000e-02
 endloop
endfacet
facet normal 2.191012e-01 -9.757021e-01 0.000000e+00
 outer loop
  vertex -8.2613261e-03 3.2981063e-02 7.0000000e-02
  vertex -8.2613261e-03 3.2981063e-02 0.0000000e+00
  vertex -6.6330709e-03 3.3346700e-02 7.0000000e-02
 endloop
endfacet
facet normal 2.667128e-01 -9.637761e-01 0.000000e+00
 outer loop
  vertex -9.8696790e-03 3.2535971e-02 0.0000000e+00
  vertex -8.2613261e-03 3.2981063e-02 0.0000000e+00
  vertex -8.2613261e-03 3.2981063e-02 7.0000000e-02
 endloop
endfacet
facet normal 2.667128e-01 -9.637761e-01 0.000000e+00
 outer loop
  vertex -9.8696790e-03 3.2535971e-02 7.0000000e-02
  vertex -9.8696790e-03 3.2535971e-02 0.0000000e+00
  vertex -8.2613261e-03 3.2981063e-02 7.0000000e-02
 endloop
endfacet
facet normal 3.136817e-01 -9.495282e-01 0.000000e+00
 outer loop
  vertex -1.1454255e-02 3.2012498e-02 0.0000000e+00
  vertex -9.8696790e-03 3.2535971e-02 0.0000000e+00
  vertex -9.8696790e-03 3.2535971e-02 7.0000000e-02
 endloop
endfacet
facet normal 3.136817e-01 -9.495282e-01 0.000000e+00
 outer loop
  vertex -1.1454255e-02 3.2012498e-02 7.0000000e-02
  vertex -1.1454255e-02 3.2012498e-02 0.0000000e+00
  vertex -9.8696790e-03 3.2535971e-02 7.0000000e-02
 endloop
endfacet
facet normal 3.598950e-01 -9.329928e-01 0.000000e+00
 outer loop
  vertex -1.3011237e-02 3.1411904e-02 0.0000000e+00
  vertex -1.1454255e-02 3.2012498e-02 0.0000000e+00
  vertex -1.1454255e-02 3.2012498e-02 7.0000000e-02
 endloop
endfacet
facet normal 3.598950e-01 -9.329928e-01 0.000000e+00
 outer loop
  vertex -1.3011237e-02 3.1411904e-02 7.0000000e-02
  vertex -1.3011237e-02 3.1411904e-02 0.0000000e+00
  vertex -1.1454255e-02 3.2012498e-02 7.0000000e-02
 endloop
endfacet
facet normal 4.052413e-01 -9.142098e-01 0.000000e+00
 outer loop
  vertex -1.4536873e-02 3.0735636e-02 0.0000000e+00
  vertex -1.3011237e-02 3.1411904e-02 0.0000000e+00
  vertex -1.3011237e-02 3.1411904e-02 7.0000000e-02
 endloop
endfacet
facet normal 4.052413e-01 -9.142098e-01 0.000000e+00
 outer loop
  vertex -1.4536873e-02 3.0735636e-02 7.0000000e-02
  vertex -1.4536873e-02 3.0735636e-02 0.0000000e+00
  vertex -1.3011237e-02 3.1411904e-02 7.0000000e-02
 endloop
endfacet
facet normal 4.496113e-01 -8.932243e-01 0.000000e+00
 outer loop
  vertex -1.6027489e-02 2.9985323e-02 0.0000000e+00
  vertex -1.4536873e-02 3.0735636e-02 0.0000000e+00
  vertex -1.4536873e-02 3.0735636e-02 7.0000000e-02
 endloop
endfacet
facet normal 4.496113e-01 -8.932243e-01 0.000000e+00
 outer loop
  vertex -1.6027489e-02 2.9985323e-02 7.0000000e-02
  vertex -1.6027489e-02 2.9985323e-02 0.0000000e+00
  vertex -1.4536873e-02 3.0735636e-02 7.0000000e-02
 endloop
endfacet
facet normal 4.928982e-01 -8.700870e-01 0.000000e+00
 outer loop
  vertex -1.7479493e-02 2.9162773e-02 0.0000000e+00
  vertex -1.6027489e-02 2.9985323e-02 0.0000000e+00
  vertex -1.6027489e-02 2.9985323e-02 7.0000000e-02
 endloop
endfacet
facet normal 4.928982e-01 -8.700870e-01 0.000000e+00
 outer loop
  vertex -1.7479493e-02 2.9162773e-02 7.0000000e-02
  vertex -1.7479493e-02 2.9162773e-02 0.0000000e+00
  vertex -1.6027489e-02 2.9985323e-02 7.0000000e-02
 endloop
endfacet
facet normal 5.349976e-01 -8.448536e-01 0.000000e+00
 outer loop
  vertex -1.8889388e-02 2.8269967e-02 0.0000000e+00
  vertex -1.7479493e-02 2.9162773e-02 0.0000000e+00
  vertex -1.7479493e-02 2.9162773e-02 7.0000000e-02
 endloop
endfacet
facet normal 5.349976e-01 -8.448536e-01 0.000000e+00
 outer loop
  vertex -1.8889388e-02 2.8269967e-02 7.0000000e-02
  vertex -1.8889388e-02 2.8269967e-02 0.0000000e+00
  vertex -1.7479493e-02 2.9162773e-02 7.0000000e-02
 endloop
endfacet
facet normal 5.758082e-01 -8.175848e-01 0.000000e+00
 outer loop
  vertex -2.0253776e-02 2.7309056e-02 0.0000000e+00
  vertex -1.8889388e-02 2.8269967e-02 0.0000000e+00
  vertex -1.8889388e-02 2.8269967e-02 7.0000000e-02
 endloop
endfacet
facet normal 5.758082e-01 -8.175848e-01 0.000000e+00
 outer loop
  vertex -2.0253776e-02 2.7309056e-02 7.0000000e-02
  vertex -2.0253776e-02 2.7309056e-02 0.0000000e+00
  vertex -1.8889388e-02 2.8269967e-02 7.0000000e-02
 endloop
endfacet
facet normal 6.152316e-01 -7.883464e-01 0.000000e+00
 outer loop
  vertex -2.1569372e-02 2.6282355e-02 0.0000000e+00
  vertex -2.0253776e-02 2.7309056e-02 0.0000000e+00
  vertex -2.0253776e-02 2.7309056e-02 7.0000000e-02
 endloop
endfacet
facet normal 6.152316e-01 -7.883464e-01 0.000000e+00
 outer loop
  vertex -2.1569372e-02 2.6282355e-02 7.0000000e-02
  vertex -2.1569372e-02 2.6282355e-02 0.0000000e+00
  vertex -2.0253776e-02 2.7309056e-02 7.0000000e-02
 endloop
endfacet
facet normal 6.531728e-01 -7.572088e-01 0.000000e+00
 outer loop
  vertex -2.2833004e-02 2.5192338e-02 0.0000000e+00
  vertex -2.1569372e-02 2.6282355e-02 0.0000000e+00
  vertex -2.1569372e-02 2.6282355e-02 7.0000000e-02
 endloop
endfacet
facet normal 6.531728e-01 -7.572088e-01 0.000000e+00
 outer loop
  vertex -2.2833004e-02 2.5192338e-02 7.0000000e-02
  vertex -2.2833004e-02 2.5192338e-02 0.0000000e+00
  vertex -2.1569372e-02 2.6282355e-02 7.0000000e-02
 endloop
endfacet
facet normal 6.895405e-01 -7.242471e-01 0.000000e+00
 outer loop
  vertex -2.4041631e-02 2.4041631e-02 0.0000000e+00
  vertex -2.2833004e-02 2.5192338e-02 0.0000000e+00
  vertex -2.2833004e-02 2.5192338e-02 7.0000000e-02
 endloop
endfacet
facet normal 6.895405e-01 -7.242471e-01 0.000000e+00
 outer loop
  vertex -2.4041631e-02 2.4041631e-02 7.0000000e-02
  vertex -2.4041631e-02 2.4041631e-02 0.0000000e+00
  vertex -2.2833004e-02 2.5192338e-02 7.0000000e-02
 endloop
endfacet
facet normal 7.242471e-01 -6.895405e-01 0.000000e+00
 outer loop
  vertex -2.5192338e-02 2.2833004e-02 0.0000000e+00
  vertex -2.4041631e-02 2.4041631e-02 0.0000000e+00
  vertex -2.4041631e-02 2.4041631e-02 7.0000000e-02
 endloop
endfacet
facet normal 7.242471e-01 -6.895405e-01 0.000000e+00
 outer loop
  vertex -2.5192338e-02 2.2833004e-02 7.0000000e-02
  vertex -2.5192338e-02 2.2833004e-02 0.0000000e+00
  vertex -2.4041631e-02 2.4041631e-02 7.0000000e-02
 endloop
endfacet
facet normal 7.572088e-01 -6.531728e-01 0.000000e+00
 outer loop
  vertex -2.6282355e-02 2.1569372e-02 0.0000000e+00
  vertex -2.5192338e-02 2.2833004e-02 0.0000000e+00
  vertex -2.5192338e-02 2.2833004e-02 7.0000000e-02
 endloop
endfacet
facet normal 7.572088e-01 -6.531728e-01 0.000000e+00
 outer loop
  vertex -2.6282355e-02 2.1569372e-02 7.0000000e-02
  vertex -2.6282355e-02 2.1569372e-02 0.0000000e+00
  vertex -2.5192338e-02 2.2833004e-02 7.0000000e-02
 endloop
endfacet
facet normal 7.883464e-01 -6.152316e-01 0.000000e+00
 outer loop
  vertex -2.7309056e-02 2.0253776e-02 0.0000000e+00
  vertex -2.6282355e-02 2.1569372e-02 0.0000000e+00
  vertex -2.6282355e-02 2.1569372e-02 7.0000000e-02
 endloop
endfacet
facet normal 7.883464e-01 -6.152316e-01 0.000000e+00
 outer loop
  vertex -2.7309056e-02 2.0253776e-02 7.0000000e-02
  vertex -2.7309056e-02 2.0253776e-02 0.0000000e+00
  vertex -2.6282355e-02 2.1569372e-02 7.0000000e-02
 endloop
endfacet
facet normal 8.175848e-01 -5.758082e-01 0.000000e+00
 outer loop
  vertex -2.8269967e-02 1.8889388e-02 0.0000000e+00
  vertex -2.7309056e-02 2.0253776e-02 0.0000000e+00
  vertex -2.7309056e-02 2.0253776e-02 7.0000000e-02
 endloop
endfacet
facet normal 8.175848e-01 -5.758082e-01 0.000000e+00
 outer loop
  vertex -2.8269967e-02 1.8889388e-02 7.0000000e-02
  vertex -2.8269967e-02 1.8889388e-02 0.0000000e+00
  vertex -2.7309056e-02 2.0253776e-02 7.0000000e-02
 endloop
endfacet
facet normal 8.448536e-01 -5.349976e-01 0.000000e+00
 outer loop
  vertex -2.9162773e-02 1.7479493e-02 0.0000000e+00
  vertex -2.8269967e-02 1.8889388e-02 0.0000000e+00
  vertex -2.8269967e-02 1.8889388e-02 7.0000000e-02
 endloop
endfacet
facet normal 8.448536e-01 -5.349976e-01 0.000000e+00
 outer loop
  vertex -2.9162773e-02 1.7479493e-02 7.0000000e-02
  vertex -2.9162773e-02 1.7479493e-02 0.0000000e+00
  vertex -2.8269967e-02 1.8889388e-02 7.0000000e-02
 endloop
endfacet
facet normal 8.700870e-01 -4.928982e-01 0.000000e+00
 outer loop
  vertex -2.9985323e-02 1.6027489e-02 0.0000000e+00
  vertex -2.9162773e-02 1.7479493e-02 0.0000000e+00
  vertex -2.9162773e-02 1.7479493e-02 7.0000000e-02
 endloop
endfacet
facet normal 8.700870e-01 -4.928982e-01 0.000000e+00
 outer loop
  vertex -2.9985323e-02 1.6027489e-02 7.0000000e-02
  vertex -2.9985323e-02 1.6027489e-02 0.0000000e+00
  vertex -2.9162773e-02 1.7479493e-02 7.0000000e-02
 endloop
endfacet
facet normal 8.932243e-01 -4.496113e-01 0.000000e+00
 outer loop
  vertex -3.0735636e-02 1.4536873e-02 0.0000000e+00
  vertex -2.9985323e-02 1.6027489e-02 0.0000000e+00
  vertex -2.9985323e-02 1.6027489e-02 7.0000000e-02
 endloop
endfacet
facet normal 8.932243e-01 -4.496113e-01 0.000000e+00
 outer loop
  vertex -3.0735636e-02 1.4536873e-02 7.0000000e-02
  vertex -3.0735636e-02 1.4536873e-02 0.0000000e+00
  vertex -2.9985323e-02 1.6027489e-02 7.0000000e-02
 endloop
endfacet
facet normal 9.142098e-01 -4.052413e-01 0.000000e+00
 outer loop
  vertex -3.1411904e-02 1.3011237e-02 0.0000000e+00
  vertex -3.0735636e-02 1.4536873e-02 0.0000000e+00
  vertex -3.0735636e-02 1.4536873e-02 7.0000000e-02
 endloop
endfacet
facet normal 9.142098e-01 -4.052413e-01 0.000000e+00
 outer loop
  vertex -3.1411904e-02 1.3011237e-02 7.0000000e-02
  vertex -3.1411904e-02 1.3011237e-02 0.0000000e+00
  vertex -3.0735636e-02 1.4536873e-02 7.0000000e-02
 endloop
endfacet
facet normal 9.329928e-01 -3.598950e-01 0.000000e+00
 outer loop
  vertex -3.2012498e-02 1.1454255e-02 0.0000000e+00
  vertex -3.1411904e-02 1.3011237e-02 0.0000000e+00
  vertex -3.1411904e-02 1.3011237e-02 7.0000000e-02
 endloop
endfacet
facet normal 9.329928e-01 -3.598950e-01 0.000000e+00
 outer loop
  vertex -3.2012498e-02 1.1454255e-02 7.0000000e-02
  vertex -3.2012498e-02 1.1454255e-02 0.0000000e+00
  vertex -3.1411904e-02 1.3011237e-02 7.0000000e-02
 endloop
endfacet
facet normal 9.495282e-01 -3.136817e-01 0.000000e+00
 outer loop
  vertex -3.2535971e-02 9.8696790e-03 0.0000000e+00
  vertex -3.2012498e-02 1.1454255e-02 0.0000000e+00
  vertex -3.2012498e-02 1.1454255e-02 7.0000000e-02
 endloop
endfacet
facet normal 9.495282e-01 -3.136817e-01 0.000000e+00
 outer loop
  vertex -3.2535971e-02 9.8696790e-03 7.0000000e-02
  vertex -3.2535971e-02 9.8696790e-03 0.0000000e+00
  vertex -3.2012498e-02 1.1454255e-02 7.0000000e-02
 endloop
endfacet
facet normal 9.637761e-01 -2.667128e-01 0.000000e+00
 outer loop
  vertex -3.2981063e-02 8.2613261e-03 0.0000000e+00
  vertex -3.2535971e-02 9.8696790e-03 0.0000000e+00
  vertex -3.2535971e-02 9.8696790e-03 7.0000000e-02
 endloop
endfacet
facet normal 9.637761e-01 -2.667128e-01 0.000000e+00
 outer loop
  vertex -3.2981063e-02 8.2613261e-03 7.0000000e-02
  vertex -3.2981063e-02 8.2613261e-03 0.0000000e+00
  vertex -3.2535971e-02 9.8696790e-03 7.0000000e-02
 endloop
endfacet
facet normal 9.757021e-01 -2.191012e-01 0.000000e+00
 outer loop
  vertex -3.3346700e-02 6.6330709e-03 0.0000000e+00
  vertex -3.2981063e-02 8.2613261e-03 0.0000000e+00
  vertex -3.2981063e-02 8.2613261e-03 7.0000000e-02
 endloop
endfacet
facet normal 9.757021e-01 -2.191012e-01 0.000000e+00
 outer loop
  vertex -3.3346700e-02 6.6330709e-03 7.0000000e-02
  vertex -3.3346700e-02 6.6330709e-03 0.0000000e+00
  vertex -3.2981063e-02 8.2613261e-03 7.0000000e-02
 endloop
endfacet
facet normal 9.852776e-01 -1.709619e-01 0.000000e+00
 outer loop
  vertex -3.3632001e-02 4.9888361e-03 0.0000000e+00
  vertex -3.3346700e-02 6.6330709e-03 0.0000000e+00
  vertex -3.3346700e-02 6.6330709e-03 7.0000000e-02
 endloop
endfacet
facet normal 9.852776e-01 -1.709619e-01 0.000000e+00
 outer loop
  vertex -3.3632001e-02 4.9888361e-03 7.0000000e-02
  vertex -3.3632001e-02 4.9888361e-03 0.0000000e+00
  vertex -3.3346700e-02 6.6330709e-03 7.0000000e-02
 endloop
endfacet
facet normal 9.924795e-01 -1.224107e-01 0.000000e+00
 outer loop
  vertex -3.3836281e-02 3.3325828e-03 0.0000000e+00
  vertex -3.3632001e-02 4.9888361e-03 0.0000000e+00
  vertex -3.3632001e-02 4.9888361e-03 7.0000000e-02
 endloop
endfacet
facet normal 9.924795e-01 -1.224107e-01 0.000000e+00
 outer loop
  vertex -3.3836281e-02 3.3325828e-03 7.0000000e-02
  vertex -3.3836281e-02 3.3325828e-03 0.0000000e+00
  vertex -3.3632001e-02 4.9888361e-03 7.0000000e-02
 endloop
endfacet
facet normal 9.972905e-01 -7.356456e-02 0.000000e+00
 outer loop
  vertex -3.3959046e-02 1.6683009e-03 0.0000000e+00
  vertex -3.3836281e-02 3.3325828e-03 0.0000000e+00
  vertex -3.3836281e-02 3.3325828e-03 7.0000000e-02
 endloop
endfacet
facet normal 9.972905e-01 -7.356456e-02 0.000000e+00
 outer loop
  vertex -3.3959046e-02 1.6683009e-03 7.0000000e-02
  vertex -3.3959046e-02 1.6683009e-03 0.0000000e+00
  vertex -3.3836281e-02 3.3325828e-03 7.0000000e-02
 endloop
endfacet
facet normal 9.996988e-01 -2.454123e-02 0.000000e+00
 outer loop
  vertex -3.4000000e-02 4.1637991e-18 0.0000000e+00
  vertex -3.3959046e-02 1.6683009e-03 0.0000000e+00
  vertex -3.3959046e-02 1.6683009e-03 7.0000000e-02
 endloop
endfacet
facet normal 9.996988e-01 -2.454123e-02 0.000000e+00
 outer loop
  vertex -3.4000000e-02 4.1637991e-18 7.0000000e-02
  vertex -3.4000000e-02 4.1637991e-18 0.0000000e+00
  vertex -3.3959046e-02 1.6683009e-03 7.0000000e-02
 endloop
endfacet
facet normal 9.996988e-01 2.454123e-02 0.000000e+00
 outer loop
  vertex -3.3959046e-02 -1.6683009e-03 0.0000000e+00
  vertex -3.4000000e-02 4.1637991e-18 0.0000000e+00
  vertex -3.4000000e-02 4.1637991e-18 7.0000000e-02
 endloop
endfacet
facet normal 9.996988e-01 2.454123e-02 0.000000e+00
 outer loop
  vertex -3.3959046e-02 -1.6683009e-03 7.0000000e-02
  vertex -3.3959046e-02 -1.6683009e-03 0.0000000e+00
  vertex -3.4000000e-02 4.1637991e-18 7.0000000e-02
 endloop
endfacet
facet normal 9.972905e-01 7.356456e-02 0.000000e+00
 outer loop
  vertex -3.3836281e-02 -3.3325828e-03 0.0000000e+00
  vertex -3.3959046e-02 -1.6683009e-03 0.0000000e+00
  vertex -3.3959046e-02 -1.6683009e-03 7.0000000e-02
 endloop
endfacet
facet normal 9.972905e-01 7.356456e-02 0.000000e+00
 outer loop
  vertex -3.3836281e-02 -3.3325828e-03 7.0000000e-02
  vertex -3.3836281e-02 -3.3325828e-03 0.0000000e+00
  vertex -3.3959046e-02 -1.6683009e-03 7.0000000e-02
 endloop
endfacet
facet normal 9.924795e-01 1.224107e-01 0.000000e+00
 outer loop
  vertex -3.3632001e-02 -4.9888361e-03 0.0000000e+00
  vertex -3.3836281e-02 -3.3325828e-03 0.0000000e+00
  vertex -3.3836281e-02 -3.3325828e-03 7.0000000e-02
 endloop
endfacet
facet normal 9.924795e-01 1.224107e-01 0.000000e+00
 outer loop
  vertex -3.3632001e-02 -4.9888361e-03 7.0000000e-02
  vertex -3.3632001e-02 -4.9888361e-03 0.0000000e+00
  vertex -3.3836281e-02 -3.3325828e-03 7.0000000e-02
 endloop
endfacet
facet normal 9.852776e-01 1.709619e-01 0.000000e+00
 outer loop
  vertex -3.3346700e-02 -6.6330709e-03 0.0000000e+00
  vertex -3.3632001e-02 -4.9888361e-03 0.0000000e+00
  vertex -3.3632001e-02 -4.9888361e-03 7.0000000e-02
 endloop
endfacet
facet normal 9.852776e-01 1.709619e-01 0.000000e+00
 outer loop
  vertex -3.3346700e-02 -6.6330709e-03 7.0000000e-02
  vertex -3.3346700e-02 -6.6330709e-03 0.0000000e+00
  vertex -3.3632001e-02 -4.9888361e-03 7.0000000e-02
 endloop
endfacet
facet normal 9.757021e-01 2.191012e-01 0.000000e+00
 outer loop
  vertex -3.2981063e-02 -8.2613261e-03 0.0000000e+00
  vertex -3.3346700e-02 -6.6330709e-03 0.0000000e+00
  vertex -3.3346700e-02 -6.6330709e-03 7.0000000e-02
 endloop
endfacet
facet normal 9.757021e-01 2.191012e-01 0.000000e+00
 outer loop
  vertex -3.2981063e-02 -8.2613261e-03 7.0000000e-02
  vertex -3.2981063e-02 -8.2613261e-03 0.0000000e+00
  vertex -3.3346700e-02 -6.6330709e-03 7.0000000e-02
 endloop
endfacet
facet normal 9.637761e-01 2.667128e-01 0.000000e+00
 outer loop
  vertex -3.2535971e-02 -9.8696790e-03 0.0000000e+00
  vertex -3.2981063e-02 -8.2613261e-03 0.0000000e+00
  vertex -3.2981063e-02 -8.2613261e-03 7.0000000e-02
 endloop
endfacet
facet normal 9.637761e-01 2.667128e-01 0.000000e+00
 outer loop
  vertex -3.2535971e-02 -9.8696790e-03 7.0000000e-02
  vertex -3.2535971e-02 -9.8696790e-03 0.0000000e+00
  vertex -3.2981063e-02 -8.2613261e-03 7.0000000e-02
 endloop
endfacet
facet normal 9.495282e-01 3.136817e-01 0.000000e+00
 outer loop
  vertex -3.2012498e-02 -1.1454255e-02 0.0000000e+00
  vertex -3.2535971e-02 -9.8696790e-03 0.0000000e+00
  vertex -3.2535971e-02 -9.8696790e-03 7.0000000e-02
 endloop
endfacet
facet normal 9.495282e-01 3.136817e-01 0.000000e+00
 outer loop
  vertex -3.2012498e-02 -1.1454255e-02 7.0000000e-02
  vertex -3.2012498e-02 -1.1454255e-02 0.0000000e+00
  vertex -3.2535971e-02 -9.8696790e-03 7.0000000e-02
 endloop
endfacet
facet normal 9.329928e-01 3.598950e-01 0.000000e+00
 outer loop
  vertex -3.1411904e-02 -1.3011237e-02 0.0000000e+00
  vertex -3.2012498e-02 -1.1454255e-02 0.0000000e+00
  vertex -3.2012498e-02 -1.1454255e-02 7.0000000e-02
 endloop
endfacet
facet normal 9.329928e-01 3.598950e-01 0.000000e+00
 outer loop
  vertex -3.1411904e-02 -1.3011237e-02 7.0000000e-02
  vertex -3.1411904e-02 -1.3011237e-02 0.0000000e+00
  vertex -3.2012498e-02 -1.1454255e-02 7.0000000e-02
 endloop
endfacet
facet normal 9.142098e-01 4.052413e-01 0.000000e+00
 outer loop
  vertex -3.0735636e-02 -1.4536873e-02 0.0000000e+00
  vertex -3.1411904e-02 -1.3011237e-02 0.0000000e+00
  vertex -3.1411904e-02 -1.3011237e-02 7.0000000e-02
 endloop
endfacet
facet normal 9.142098e-01 4.052413e-01 0.000000e+00
 outer loop
  vertex -3.0735636e-02 -1.4536873e-02 7.0000000e-02
  vertex -3.0735636e-02 -1.4536873e-02 0.0000000e+00
  vertex -3.1411904e-02 -1.3011237e-02 7.0000000e-02
 endloop
endfacet
facet normal 8.932243e-01 4.496113e-01 0.000000e+00
 outer loop
  vertex -2.9985323e-02 -1.6027489e-02 0.0000000e+00
  vertex -3.0735636e-02 -1.4536873e-02 0.0000000e+00
  vertex -3.0735636e-02 -1.4536873e-02 7.0000000e-02
 endloop
endfacet
facet normal 8.932243e-01 4.496113e-01 0.000000e+00
 outer loop
  vertex -2.9985323e-02 -1.6027489e-02 7.0000000e-02
  vertex -2.9985323e-02 -1.6027489e-02 0.0000000e+00
  vertex -3.0735636e-02 -1.4536873e-02 7.0000000e-02
 endloop
endfacet
facet normal 8.700870e-01 4.928982e-01 0.000000e+00
 outer loop
  vertex -2.9162773e-02 -1.7479493e-02 0.0000000e+00
  vertex -2.9985323e-02 -1.6027489e-02 0.0000000e+00
  vertex -2.9985323e-02 -1.6027489e-02 7.0000000e-02
 endloop
endfacet
facet normal 8.700870e-01 4.928982e-01 0.000000e+00
 outer loop
  vertex -2.9162773e-02 -1.7479493e-02 7.0000000e-02
  vertex -2.9162773e-02 -1.7479493e-02 0.0000000e+00
  vertex -2.9985323e-02 -1.6027489e-02 7.0000000e-02
 endloop
endfacet
facet normal 8.448536e-01 5.349976e-01 0.000000e+00
 outer loop
  vertex -2.8269967e-02 -1.8889388e-02 0.0000000e+00
  vertex -2.9162773e-02 -1.7479493e-02 0.0000000e+00
  vertex -2.9162773e-02 -1.7479493e-02 7.0000000e-02
 endloop
endfacet
facet normal 8.448536e-01 5.349976e-01 0.000000e+00
 outer loop
  vertex -2.8269967e-02 -1.8889388e-02 7.0000000e-02
  vertex -2.8269967e-02 -1.8889388e-02 0.0000000e+00
  vertex -2.9162773e-02 -1.7479493e-02 7.0000000e-02
 endloop
endfacet
facet normal 8.175848e-01 5.758082e-01 0.000000e+00
 outer loop
  vertex -2.7309056e-02 -2.0253776e-02 0.0000000e+00
  vertex -2.8269967e-02 -1.8889388e-02 0.0000000e+00
  vertex -2.8269967e-02 -1.8889388e-02 7.0000000e-02
 endloop
endfacet
facet normal 8.175848e-01 5.758082e-01 0.000000e+00
 outer loop
  vertex -2.7309056e-02 -2.0253776e-02 7.0000000e-02
  vertex -2.7309056e-02 -2.0253776e-02 0.0000000e+00
  vertex -2.8269967e-02 -1.8889388e-02 7.0000000e-02
 endloop
endfacet
facet normal 7.883464e-01 6.152316e-01 0.000000e+00
 outer loop
  vertex -2.6282355e-02 -2.1569372e-02 0.0000000e+00
  vertex -2.7309056e-02 -2.0253776e-02 0.0000000e+00
  vertex -2.7309056e-02 -2.0253776e-02 7.0000000e-02
 endloop
endfacet
facet normal 7.883464e-01 6.152316e-01 0.000000e+00
 outer loop
  vertex -2.6282355e-02 -2.1569372e-02 7.0000000e-02
  vertex -2.6282355e-02 -2.1569372e-02 0.0000000e+00
  vertex -2.7309056e-02 -2.0253776e-02 7.0000000e-02
 endloop
endfacet
facet normal 7.572088e-01 6.531728e-01 0.000000e+00
 outer loop
  vertex -2.5192338e-02 -2.2833004e-02 0.0000000e+00
  vertex -2.6282355e-02 -2.1569372e-02 0.0000000e+00
  vertex -2.6282355e-02 -2.1569372e-02 7.0000000e-02
 endloop
endfacet
facet normal 7.572088e-01 6.531728e-01 0.000000e+00
 outer loop
  vertex -2.5192338e-02 -2.2833004e-02 7.0000000e-02
  vertex -2.5192338e-02 -2.2833004e-02 0.0000000e+00
  vertex -2.6282355e-02 -2.1569372e-02 7.0000000e-02
 endloop
endfacet
facet normal 7.242471e-01 6.895405e-01 0.000000e+00
 outer loop
  vertex -2.4041631e-02 -2.4041631e-02 0.0000000e+00
  vertex -2.5192338e-02 -2.2833004e-02 0.0000000e+00
  vertex -2.5192338e-02 -2.2833004e-02 7.0000000e-02
 endloop
endfacet
facet normal 7.242471e-01 6.895405e-01 0.000000e+00
 outer loop
  vertex -2.4041631e-02 -2.4041631e-02 7.0000000e-02
  vertex -2.4041631e-02 -2.4041631e-02 0.0000000e+00
  vertex -2.5192338e-02 -2.2833004e-02 7.0000000e-02
 endloop
endfacet
facet normal 6.895405e-01 7.242471e-01 0.000000e+00
 outer loop
  vertex -2.2833004e-02 -2.5192338e-02 0.0000000e+00
  vertex -2.4041631e-02 -2.4041631e-02 0.0000000e+00
  vertex -2.4041631e-02 -2.4041631e-02 7.0000000e-02
 endloop
endfacet
facet normal 6.895405e-01 7.242471e-01 0.000000e+00
 outer loop
  vertex -2.2833004e-02 -2.5192338e-02 7.0000000e-02
  vertex -2.2833004e-02 -2.5192338e-02 0.0000000e+00
  vertex -2.4041631e-02 -2.4041631e-02 7.0000000e-02
 endloop
endfacet
facet normal 6.531728e-01 7.572088e-01 0.000000e+00
 outer loop
  vertex -2.1569372e-02 -2.6282355e-02 0.0000000e+00
  vertex -2.2833004e-02 -2.5192338e-02 0.0000000e+00
  vertex -2.2833004e-02 -2.5192338e-02 7.0000000e-02
 endloop
endfacet
facet normal 6.531728e-01 7.572088e-01 0.000000e+00
 outer loop
  vertex -2.1569372e-02 -2.6282355e-02 7.0000000e-02
  vertex -2.1569372e-02 -2.6282355e-02 0.0000000e+00
  vertex -2.2833004e-02 -2.5192338e-02 7.0000000e-02
 endloop
endfacet
facet normal 6.152316e-01 7.883464e-01 0.000000e+00
 outer loop
  vertex -2.0253776e-02 -2.7309056e-02 0.0000000e+00
  vertex -2.1569372e-02 -2.6282355e-02 0.0000000e+00
  vertex -2.1569372e-02 -2.6282355e-02 7.0000000e-02
 endloop
endfacet
facet normal 6.152316e-01 7.883464e-01 0.000000e+00
 outer loop
  vertex -2.0253776e-02 -2.7309056e-02 7.0000000e-02
  vertex -2.0253776e-02 -2.7309056e-02 0.0000000e+00
  vertex -2.1569372e-02 -2.6282355e-02 7.0000000e-02
 endloop
endfacet
facet normal 5.758082e-01 8.175848e-01 0.000000e+00
 outer loop
  vertex -1.8889388e-02 -2.8269967e-02 0.0000000e+00
  vertex -2.0253776e-02 -2.7309056e-02 0.0000000e+00
  vertex -2.0253776e-02 -2.7309056e-02 7.0000000e-02
 endloop
endfacet
facet normal 5.758082e-01 8.175848e-01 0.000000e+00
 outer loop
  vertex -1.8889388e-02 -2.8269967e-02 7.0000000e-02
  vertex -1.8889388e-02 -2.8269967e-02 0.0000000e+00
  vertex -2.0253776e-02 -2.7309056e-02 7.0000000e-02
 endloop
endfacet
facet normal 5.349976e-01 8.448536e-01 0.000000e+00
 outer loop
  vertex -1.7479493e-02 -2.9162773e-02 0.0000000e+00
  vertex -1.8889388e-02 -2.8269967e-02 0.0000000e+00
  vertex -1.8889388e-02 -2.8269967e-02 7.0000000e-02
 endloop
endfacet
facet normal 5.349976e-01 8.448536e-01 0.000000e+00
 outer loop
  vertex -1.7479493e-02 -2.9162773e-02 7.0000000e-02
  vertex -1.7479493e-02 -2.9162773e-02 0.0000000e+00
  vertex -1.8889388e-02 -2.8269967e-02 7.0000000e-02
 endloop
endfacet
facet normal 4.928982e-01 8.700870e-01 0.000000e+00
 outer loop
  vertex -1.6027489e-02 -2.9985323e-02 0.0000000e+00
  vertex -1.7479493e-02 -2.9162773e-02 0.0000000e+00
  vertex -1.7479493e-02 -2.9162773e-02 7.0000000e-02
 endloop
endfacet
facet normal 4.928982e-01 8.700870e-01 0.000000e+00
 outer loop
  vertex -1.6027489e-02 -2.9985323e-02 7.0000000e-02
  vertex -1.6027489e-02 -2.9985323e-02 0.0000000e+00
  vertex -1.7479493e-02 -2.9162773e-02 7.0000000e-02
 endloop
endfacet
facet normal 4.496113e-01 8.932243e-01 0.000000e+00
 outer loop
  vertex -1.4536873e-02 -3.0735636e-02 0.0000000e+00
  vertex -1.6027489e-02 -2.9985323e-02 0.0000000e+00
  vertex -1.6027489e-02 -2.9985323e-02 7.0000000e-02
 endloop
endfacet
facet normal 4.496113e-01 8.932243e-01 0.000000e+00
 outer loop
  vertex -1.4536873e-02 -3.0735636e-02 7.0000000e-02
  vertex -1.4536873e-02 -3.0735636e-02 0.0000000e+00
  vertex -1.6027489e-02 -2.9985323e-02 7.0000000e-02
 endloop
endfacet
facet normal 4.052413e-01 9.142098e-01 0.000000e+00
 outer loop
  vertex -1.3011237e-02 -3.1411904e-02 0.0000000e+00
  vertex -1.4536873e-02 -3.0735636e-02 0.0000000e+00
  vertex -1.4536873e-02 -3.0735636e-02 7.0000000e-02
 endloop
endfacet
facet normal 4.052413e-01 9.142098e-01 0.000000e+00
 outer loop
  vertex -1.3011237e-02 -3.1411904e-02 7.0000000e-02
  vertex -1.3011237e-02 -3.1411904e-02 0.0000000e+00
  vertex -1.4536873e-02 -3.0735636e-02 7.0000000e-02
 endloop
endfacet
facet normal 3.598950e-01 9.329928e-01 0.000000e+00
 outer loop
  vertex -1.1454255e-02 -3.2012498e-02 0.0000000e+00
  vertex -1.3011237e-02 -3.1411904e-02 0.0000000e+00
  vertex -1.3011237e-02 -3.1411904e-02 7.0000000e-02
 endloop
endfacet
facet normal 3.598950e-01 9.329928e-01 0.000000e+00
 outer loop
  vertex -1.1454255e-02 -3.2012498e-02 7.0000000e-02
  vertex -1.1454255e-02 -3.2012498e-02 0.0000000e+00
  vertex -1.3011237e-02 -3.1411904e-02 7.0000000e-02
 endloop
endfacet
facet normal 3.136817e-01 9.495282e-01 0.000000e+00
 outer loop
  vertex -9.8696790e-03 -3.2535971e-02 0.0000000e+00
  vertex -1.1454255e-02 -3.2012498e-02 0.0000000e+00
  vertex -1.1454255e-02 -3.2012498e-02 7.0000000e-02
 endloop
endfacet
facet normal 3.136817e-01 9.495282e-01 0.000000e+00
 outer loop
  vertex -9.8696790e-03 -3.2535971e-02 7.0000000e-02
  vertex -9.8696790e-03 -3.2535971e-02 0.0000000e+00
  vertex -1.1454255e-02 -3.2012498e-02 7.0000000e-02
 endloop
endfacet
facet normal 2.667128e-01 9.637761e-01 0.000000e+00
 outer loop
  vertex -8.2613261e-03 -3.2981063e-02 0.0000000e+00
  vertex -9.8696790e-03 -3.2535971e-02 0.0000000e+00
  vertex -9.8696790e-03 -3.2535971e-02 7.0000000e-02
 endloop
endfacet
facet normal 2.667128e-01 9.637761e-01 0.000000e+00
 outer loop
  vertex -8.2613261e-03 -3.2981063e-02 7.0000000e-02
  vertex -8.2613261e-03 -3.2981063e-02 0.0000000e+00
  vertex -9.8696790e-03 -3.2535971e-02 7.0000000e-02
 endloop
endfacet
facet normal 2.191012e-01 9.757021e-01 0.000000e+00
 outer loop
  vertex -6.6330709e-03 -3.3346700e-02 0.0000000e+00
  vertex -8.2613261e-03 -3.2981063e-02 0.0000000e+00
  vertex -8.2613261e-03 -3.2981063e-02 7.0000000e-02
 endloop
endfacet
facet normal 2.191012e-01 9.757021e-01 0.000000e+00
 outer loop
  vertex -6.6330709e-03 -3.3346700e-02 7.0000000e-02
  vertex -6.6330709e-03 -3.3346700e-02 0.0000000e+00
  vertex -8.2613261e-03 -3.2981063e-02 7.0000000e-02
 endloop
endfacet
facet normal 1.709619e-01 9.852776e-01 0.000000e+00
 outer loop
  vertex -4.9888361e-03 -3.3632001e-02 0.0000000e+00
  vertex -6.6330709e-03 -3.3346700e-02 0.0000000e+00
  vertex -6.6330709e-03 -3.3346700e-02 7.0000000e-02
 endloop
endfacet
facet normal 1.709619e-01 9.852776e-01 0.000000e+00
 outer loop
  vertex -4.9888361e-03 -3.3632001e-02 7.0000000e-02
  vertex -4.9888361e-03 -3.3632001e-02 0.0000000e+00
  vertex -6.6330709e-03 -3.3346700e-02 7.0000000e-02
 endloop
endfacet
facet normal 1.224107e-01 9.924795e-01 0.000000e+00
 outer loop
  vertex -3.3325828e-03 -3.3836281e-02 0.0000000e+00
  vertex -4.9888361e-03 -3.3632001e-02 0.0000000e+00
  vertex -4.9888361e-03 -3.3632001e-02 7.0000000e-02
 endloop
endfacet
facet normal 1.224107e-01 9.924795e-01 0.000000e+00
 outer loop
  vertex -3.3325828e-03 -3.3836281e-02 7.0000000e-02
  vertex -3.3325828e-03 -3.3836281e-02 0.0000000e+00
  vertex -4.9888361e-03 -3.3632001e-02 7.0000000e-02
 endloop
endfacet
facet normal 7.356456e-02 9.972905e-01 0.000000e+00
 outer loop
  vertex -1.6683009e-03 -3.3959046e-02 0.0000000e+00
  vertex -3.3325828e-03 -3.3836281e-02 0.0000000e+00
  vertex -3.3325828e-03 -3.3836281e-02 7.0000000e-02
 endloop
endfacet
facet normal 7.356456e-02 9.972905e-01 0.000000e+00
 outer loop
  vertex -1.6683009e-03 -3.3959046e-02 7.0000000e-02
  vertex -1.6683009e-03 -3.3959046e-02 0.0000000e+00
  vertex -3.3325828e-03 -3.3836281e-02 7.0000000e-02
 endloop
endfacet
facet normal 2.454123e-02 9.996988e-01 0.000000e+00
 outer loop
  vertex -6.2456987e-18 -3.4000000e-02 0.0000000e+00
  vertex -1.6683009e-03 -3.3959046e-02 0.0000000e+00
  vertex -1.6683009e-03 -3.3959046e-02 7.0000000e-02
 endloop
endfacet
facet normal 2.454123e-02 9.996988e-01 0.000000e+00
 outer loop
  vertex -6.2456987e-18 -3.4000000e-02 7.0000000e-02
  vertex -6.2456987e-18 -3.4000000e-02 0.0000000e+00
  vertex -1.6683009e-03 -3.3959046e-02 7.0000000e-02
 endloop
endfacet
facet normal -2.454123e-02 9.996988e-01 0.000000e+00
 outer loop
  vertex 1.6683009e-03 -3.3959046e-02 0.0000000e+00
  vertex -6.2456987e-18 -3.4000000e-02 0.0000000e+00
  vertex -6.2456987e-18 -3.4000000e-02 7.0000000e-02
 endloop
endfacet
facet normal -2.454123e-02 9.996988e-01 0.000000e+00
 outer loop
  vertex 1.6683009e-03 -3.3959046e-02 7.0000000e-02
  vertex 1.6683009e-03 -3.3959046e-02 0.0000000e+00
  vertex -6.2456987e-18 -3.4000000e-02 7.0000000e-02
 endloop
endfacet
facet normal -7.356456e-02 9.972905e-01 0.000000e+00
 outer loop
  vertex 3.3325828e-03 -3.3836281e-02 0.0000000e+00
  vertex 1.6683009e-03 -3.3959046e-02 0.0000000e+00
  vertex 1.6683009e-03 -3.3959046e-02 7.0000000e-02
 endloop
endfacet
facet normal -7.356456e-02 9.972905e-01 0.000000e+00
 outer loop
  vertex 3.3325828e-03 -3.3836281e-02 7.0000000e-02
  vertex 3.3325828e-03 -3.3836281e-02 0.0000000e+00
  vertex 1.6683009e-03 -3.3959046e-02 7.0000000e-02
 endloop
endfacet
facet normal -1.224107e-01 9.924795e-01 0.000000e+00
 outer loop
  vertex 4.9888361e-03 -3.3632001e-02 0.0000000e+00
  vertex 3.3325828e-03 -3.3836281e-02 0.0000000e+00
  vertex 3.3325828e-03 -3.3836281e-02 7.0000000e-02
 endloop
endfacet
facet normal -1.224107e-01 9.924795e-01 0.000000e+00
 outer loop
  vertex 4.9888361e-03 -3.3632001e-02 7.0000000e-02
  vertex 4.9888361e-03 -3.3632001e-02 0.0000000e+00
  vertex 3.3325828e-03 -3.3836281e-02 7.0000000e-02
 endloop
endfacet
facet normal -1.709619e-01 9.852776e-01 0.000000e+00
 outer loop
  vertex 6.6330709e-03 -3.3346700e-02 0.0000000e+00
  vertex 4.9888361e-03 -3.3632001e-02 0.0000000e+00
  vertex 4.9888361e-03 -3.3632001e-02 7.0000000e-02
 endloop
endfacet
facet normal -1.709619e-01 9.852776e-01 0.000000e+00
 outer loop
  vertex 6.6330709e-03 -3.3346700e-02 7.0000000e-02
  vertex 6.6330709e-03 -3.3346700e-02 0.0000000e+00
  vertex 4.9888361e-03 -3.3632001e-02 7.0000000e-02
 endloop
endfacet
facet normal -2.191012e-01 9.757021e-01 0.000000e+00
 outer loop
  vertex 8.2613261e-03 -3.2981063e-02 0.0000000e+00
  vertex 6.6330709e-03 -3.3346700e-02 0.0000000e+00
  vertex 6.6330709e-03 -3.3346700e-02 7.0000000e-02
 endloop
endfacet
facet normal -2.191012e-01 9.757021e-01 0.000000e+00
 outer loop
  vertex 8.2613261e-03 -3.2981063e-02 7.0000000e-02
  vertex 8.2613261e-03 -3.2981063e-02 0.0000000e+00
  vertex 6.6330709e-03 -3.3346700e-02 7.0000000e-02
 endloop
endfacet
facet normal -2.667128e-01 9.637761e-01 0.000000e+00
 outer loop
  vertex 9.8696790e-03 -3.2535971e-02 0.0000000e+00
  vertex 8.2613261e-03 -3.2981063e-02 0.0000000e+00
  vertex 8.2613261e-03 -3.2981063e-02 7.0000000e-02
 endloop
endfacet
facet normal -2.667128e-01 9.637761e-01 0.000000e+00
 outer loop
  vertex 9.8696790e-03 -3.2535971e-02 7.0000000e-02
  vertex 9.8696790e-03 -3.2535971e-02 0.0000000e+00
  vertex 8.2613261e-03 -3.2981063e-02 7.0000000e-02
 endloop
endfacet
facet normal -3.136817e-01 9.495282e-01 0.000000e+00
 outer loop
  vertex 1.1454255e-02 -3.2012498e-02 0.0000000e+00
  vertex 9.8696790e-03 -3.2535971e-02 0.0000000e+00
  vertex 9.8696790e-03 -3.2535971e-02 7.0000000e-02
 endloop
endfacet
facet normal -3.136817e-01 9.495282e-01 0.000000e+00
 outer loop
  vertex 1.1454255e-02 -3.2012498e-02 7.0000000e-02
  vertex 1.1454255e-02 -3.2012498e-02 0.0000000e+00
  vertex 9.8696790e-03 -3.2535971e-02 7.0000000e-02
 endloop
endfacet
facet normal -3.598950e-01 9.329928e-01 0.000000e+00
 outer loop
  vertex 1.3011237e-02 -3.1411904e-02 0.0000000e+00
  vertex 1.1454255e-02 -3.2012498e-02 0.0000000e+00
  vertex 1.1454255e-02 -3.2012498e-02 7.0000000e-02
 endloop
endfacet
facet normal -3.598950e-01 9.329928e-01 0.000000e+00
 outer loop
  vertex 1.3011237e-02 -3.1411904e-02 7.0000000e-02
  vertex 1.3011237e-02 -3.1411904e-02 0.0000000e+00
  vertex 1.1454255e-02 -3.2012498e-02 7.0000000e-02
 endloop
endfacet
facet normal -4.052413e-01 9.142098e-01 0.000000e+00
 outer loop
  vertex 1.4536873e-02 -3.0735636e-02 0.0000000e+00
  vertex 1.3011237e-02 -3.1411904e-02 0.0000000e+00
  vertex 1.3011237e-02 -3.1411904e-02 7.0000000e-02
 endloop
endfacet
facet normal -4.052413e-01 9.142098e-01 0.000000e+00
 outer loop
  vertex 1.4536873e-02 -3.0735636e-02 7.0000000e-02
  vertex 1.4536873e-02 -3.0735636e-02 0.0000000e+00
  vertex 1.3011237e-02 -3.1411904e-02 7.0000000e-02
 endloop
endfacet
facet normal -4.496113e-01 8.932243e-01 0.000000e+00
 outer loop
  vertex 1.6027489e-02 -2.9985323e-02 0.0000000e+00
  vertex 1.4536873e-02 -3.0735636e-02 0.0000000e+00
  vertex 1.4536873e-02 -3.0735636e-02 7.0000000e-02
 endloop
endfacet
facet normal -4.496113e-01 8.932243e-01 0.000000e+00
 outer loop
  vertex 1.6027489e-02 -2.9985323e-02 7.0000000e-02
  vertex 1.6027489e-02 -2.9985323e-02 0.0000000e+00
  vertex 1.4536873e-02 -3.0735636e-02 7.0000000e-02
 endloop
endfacet
facet normal -4.928982e-01 8.700870e-01 0.000000e+00
 outer loop
  vertex 1.7479493e-02 -2.9162773e-02 0.0000000e+00
  vertex 1.6027489e-02 -2.9985323e-02 0.0000000e+00
  vertex 1.6027489e-02 -2.9985323e-02 7.0000000e-02
 endloop
endfacet
facet normal -4.928982e-01 8.700870e-01 0.000000e+00
 outer loop
  vertex 1.7479493e-02 -2.9162773e-02 7.0000000e-02
  vertex 1.7479493e-02 -2.9162773e-02 0.0000000e+00
  vertex 1.6027489e-02 -2.9985323e-02 7.0000000e-02
 endloop
endfacet
facet normal -5.349976e-01 8.448536e-01 0.000000e+00
 outer loop
  vertex 1.8889388e-02 -2.8269967e-02 0.0000000e+00
  vertex 1.7479493e-02 -2.9162773e-02 0.0000000e+00
  vertex 1.7479493e-02 -2.9162773e-02 7.0000000e-02
 endloop
endfacet
facet normal -5.349976e-01 8.448536e-01 0.000000e+00
 outer loop
  vertex 1.8889388e-02 -2.8269967e-02 7.0000000e-02
  vertex 1.8889388e-02 -2.8269967e-02 0.0000000e+00
  vertex 1.7479493e-02 -2.9162773e-02 7.0000000e-02
 endloop
endfacet
facet normal -5.758082e-01 8.175848e-01 0.000000e+00
 outer loop
  vertex 2.0253776e-02 -2.7309056e-02 0.0000000e+00
  vertex 1.8889388e-02 -2.8269967e-02 0.0000000e+00
  vertex 1.8889388e-02 -2.8269967e-02 7.0000000e-02
 endloop
endfacet
facet normal -5.758082e-01 8.175848e-01 0.000000e+00
 outer loop
  vertex 2.0253776e-02 -2.7309056e-02 7.0000000e-02
  vertex 2.0253776e-02 -2.7309056e-02 0.0000000e+00
  vertex 1.8889388e-02 -2.8269967e-02 7.0000000e-02
 endloop
endfacet
facet normal -6.152316e-01 7.883464e-01 0.000000e+00
 outer loop
  vertex 2.1569372e-02 -2.6282355e-02 0.0000000e+00
  vertex 2.0253776e-02 -2.7309056e-02 0.0000000e+00
  vertex 2.0253776e-02 -2.7309056e-02 7.0000000e-02
 endloop
endfacet
facet normal -6.152316e-01 7.883464e-01 0.000000e+00
 outer loop
  vertex 2.1569372e-02 -2.6282355e-02 7.0000000e-02
  vertex 2.1569372e-02 -2.6282355e-02 0.0000000e+00
  vertex 2.0253776e-02 -2.7309056e-02 7.0000000e-02
 endloop
endfacet
facet normal -6.531728e-01 7.572088e-01 0.000000e+00
 outer loop
  vertex 2.2833004e-02 -2.5192338e-02 0.0000000e+00
  vertex 2.1569372e-02 -2.6282355e-02 0.0000000e+00
  vertex 2.1569372e-02 -2.6282355e-02 7.0000000e-02
 endloop
endfacet
facet normal -6.531728e-01 7.572088e-01 0.000000e+00
 outer loop
  vertex 2.2833004e-02 -2.5192338e-02 7.0000000e-02
  vertex 2.2833004e-02 -2.5192338e-02 0.0000000e+00
  vertex 2.1569372e-02 -2.6282355e-02 7.0000000e-02
 endloop
endfacet
facet normal -6.895405e-01 7.242471e-01 0.000000e+00
 outer loop
  vertex 2.4041631e-02 -2.4041631e-02 0.0000000e+00
  vertex 2.2833004e-02 -2.5192338e-02 0.0000000e+00
  vertex 2.2833004e-02 -2.5192338e-02 7.0000000e-02
 endloop
endfacet
facet normal -6.895405e-01 7.242471e-01 0.000000e+00
 outer loop
  vertex 2.4041631e-02 -2.4041631e-02 7.0000000e-02
  vertex 2.4041631e-02 -2.4041631e-02 0.0000000e+00
  vertex 2.2833004e-02 -2.5192338e-02 7.0000000e-02
 endloop
endfacet
facet normal -7.242471e-01 6.895405e-01 0.000000e+00
 outer loop
  vertex 2.5192338e-02 -2.2833004e-02 0.0000000e+00
  vertex 2.4041631e-02 -2.4041631e-02 0.0000000e+00
  vertex 2.4041631e-02 -2.4041631e-02 7.0000000e-02
 endloop
endfacet
facet normal -7.242471e-01 6.895405e-01 0.000000e+00
 outer loop
  vertex 2.5192338e-02 -2.2833004e-02 7.0000000e-02
  vertex 2.5192338e-02 -2.2833004e-02 0.0000000e+00
  vertex 2.4041631e-02 -2.4041631e-02 7.0000000e-02
 endloop
endfacet
facet normal -7.572088e-01 6.531728e-01 0.000000e+00
 outer loop
  vertex 2.6282355e-02 -2.1569372e-02 0.0000000e+00
  vertex 2.5192338e-02 -2.2833004e-02 0.0000000e+00
  vertex 2.5192338e-02 -2.2833004e-02 7.0000000e-02
 endloop
endfacet
facet normal -7.572088e-01 6.531728e-01 0.000000e+00
 outer loop
  vertex 2.6282355e-02 -2.1569372e-02 7.0000000e-02
  vertex 2.6282355e-02 -2.1569372e-02 0.0000000e+00
  vertex 2.5192338e-02 -2.2833004e-02 7.0000000e-02
 endloop
endfacet
facet normal -7.883464e-01 6.152316e-01 0.000000e+00
 outer loop
  vertex 2.7309056e-02 -2.0253776e-02 0.0000000e+00
  vertex 2.6282355e-02 -2.1569372e-02 0.0000000e+00
  vertex 2.6282355e-02 -2.1569372e-02 7.0000000e-02
 endloop
endfacet
facet normal -7.883464e-01 6.152316e-01 0.000000e+00
 outer loop
  vertex 2.7309056e-02 -2.0253776e-02 7.0000000e-02
  vertex 2.7309056e-02 -2.0253776e-02 0.0000000e+00
  vertex 2.6282355e-02 -2.1569372e-02 7.0000000e-02
 endloop
endfacet
facet normal -8.175848e-01 5.758082e-01 0.000000e+00
 outer loop
  vertex 2.8269967e-02 -1.8889388e-02 0.0000000e+00
  vertex 2.7309056e-02 -2.0253776e-02 0.0000000e+00
  vertex 2.7309056e-02 -2.0253776e-02 7.0000000e-02
 endloop
endfacet
facet normal -8.175848e-01 5.758082e-01 0.000000e+00
 outer loop
  vertex 2.8269967e-02 -1.8889388e-02 7.0000000e-02
  vertex 2.8269967e-02 -1.8889388e-02 0.0000000e+00
  vertex 2.7309056e-02 -2.0253776e-02 7.0000000e-02
 endloop
endfacet
facet normal -8.448536e-01 5.349976e-01 0.000000e+00
 outer loop
  vertex 2.9162773e-02 -1.7479493e-02 0.0000000e+00
  vertex 2.8269967e-02 -1.8889388e-02 0.0000000e+00
  vertex 2.8269967e-02 -1.8889388e-02 7.0000000e-02
 endloop
endfacet
facet normal -8.448536e-01 5.349976e-01 0.000000e+00
 outer loop
  vertex 2.9162773e-02 -1.7479493e-02 7.0000000e-02
  vertex 2.9162773e-02 -1.7479493e-02 0.0000000e+00
  vertex 2.8269967e-02 -1.8889388e-02 7.0000000e-02
 endloop
endfacet
facet normal -8.700870e-01 4.928982e-01 0.000000e+00
 outer loop
  vertex 2.9985323e-02 -1.6027489e-02 0.0000000e+00
  vertex 2.9162773e-02 -1.7479493e-02 0.0000000e+00
  vertex 2.9162773e-02 -1.7479493e-02 7.0000000e-02
 endloop
endfacet
facet normal -8.700870e-01 4.928982e-01 0.000000e+00
 outer loop
  vertex 2.9985323e-02 -1.6027489e-02 7.0000000e-02
  vertex 2.9985323e-02 -1.6027489e-02 0.0000000e+00
  vertex 2.9162773e-02 -1.7479493e-02 7.0000000e-02
 endloop
endfacet
facet normal -8.932243e-01 4.496113e-01 0.000000e+00
 outer loop
  vertex 3.0735636e-02 -1.4536873e-02 0.0000000e+00
  vertex 2.9985323e-02 -1.6027489e-02 0.0000000e+00
  vertex 2.9985323e-02 -1.6027489e-02 7.0000000e-02
 endloop
endfacet
facet normal -8.932243e-01 4.496113e-01 0.000000e+00
 outer loop
  vertex 3.0735636e-02 -1.4536873e-02 7.0000000e-02
  vertex 3.0735636e-02 -1.4536873e-02 0.0000000e+00
  vertex 2.9985323e-02 -1.6027489e-02 7.0000000e-02
 endloop
endfacet
facet normal -9.142098e-01 4.052413e-01 0.000000e+00
 outer loop
  vertex 3.1411904e-02 -1.3011237e-02 0.0000000e+00
  vertex 3.0735636e-02 -1.4536873e-02 0.0000000e+00
  vertex 3.0735636e-02 -1.4536873e-02 7.0000000e-02
 endloop
endfacet
facet normal -9.142098e-01 4.052413e-01 0.000000e+00
 outer loop
  vertex 3.1411904e-02 -1.3011237e-02 7.0000000e-02
  vertex 3.1411904e-02 -1.3011237e-02 0.0000000e+00
  vertex 3.0735636e-02 -1.4536873e-02 7.0000000e-02
 endloop
endfacet
facet normal -9.329928e-01 3.598950e-01 0.000000e+00
 outer loop
  vertex 3.2012498e-02 -1.1454255e-02 0.0000000e+00
  vertex 3.1411904e-02 -1.3011237e-02 0.0000000e+00
  vertex 3.1411904e-02 -1.3011237e-02 7.0000000e-02
 endloop
endfacet
facet normal -9.329928e-01 3.598950e-01 0.000000e+00
 outer loop
  vertex 3.2012498e-02 -1.1454255e-02 7.0000000e-02
  vertex 3.2012498e-02 -1.1454255e-02 0.0000000e+00
  vertex 3.1411904e-02 -1.3011237e-02 7.0000000e-02
 endloop
endfacet
facet normal -9.495282e-01 3.136817e-01 0.000000e+00
 outer loop
  vertex 3.2535971e-02 -9.8696790e-03 0.0000000e+00
  vertex 3.2012498e-02 -1.1454255e-02 0.0000000e+00
  vertex 3.2012498e-02 -1.1454255e-02 7.0000000e-02
 endloop
endfacet
facet normal -9.495282e-01 3.136817e-01 0.000000e+00
 outer loop
  vertex 3.2535971e-02 -9.8696790e-03 7.0000000e-02
  vertex 3.2535971e-02 -9.8696790e-03 0.0000000e+00
  vertex 3.2012498e-02 -1.1454255e-02 7.0000000e-02
 endloop
endfacet
facet normal -9.637761e-01 2.667128e-01 0.000000e+00
 outer loop
  vertex 3.2981063e-02 -8.2613261e-03 0.0000000e+00
  vertex 3.2535971e-02 -9.8696790e-03 0.0000000e+00
  vertex 3.2535971e-02 -9.8696790e-03 7.0000000e-02
 endloop
endfacet
facet normal -9.637761e-01 2.667128e-01 0.000000e+00
 outer loop
  vertex 3.2981063e-02 -8.2613261e-03 7.0000000e-02
  vertex 3.2981063e-02 -8.2613261e-03 0.0000000e+00
  vertex 3.2535971e-02 -9.8696790e-03 7.0000000e-02
 endloop
endfacet
facet normal -9.757021e-01 2.191012e-01 0.000000e+00
 outer loop
  vertex 3.3346700e-02 -6.6330709e-03 0.0000000e+00
  vertex 3.2981063e-02 -8.2613261e-03 0.0000000e+00
  vertex 3.2981063e-02 -8.2613261e-03 7.0000000e-02
 endloop
endfacet
facet normal -9.757021e-01 2.191012e-01 0.000000e+00
 outer loop
  vertex 3.3346700e-02 -6.6330709e-03 7.0000000e-02
  vertex 3.3346700e-02 -6.6330709e-03 0.0000000e+00
  vertex 3.2981063e-02 -8.2613261e-03 7.0000000e-02
 endloop
endfacet
facet normal -9.852776e-01 1.709619e-01 0.000000e+00
 outer loop
  vertex 3.3632001e-02 -4.9888361e-03 0.0000000e+00
  vertex 3.3346700e-02 -6.6330709e-03 0.0000000e+00
  vertex 3.3346700e-02 -6.6330709e-03 7.0000000e-02
 endloop
endfacet
facet normal -9.852776e-01 1.709619e-01 0.000000e+00
 outer loop
  vertex 3.3632001e-02 -4.9888361e-03 7.0000000e-02
  vertex 3.3632001e-02 -4.9888361e-03 0.0000000e+00
  vertex 3.3346700e-02 -6.6330709e-03 7.0000000e-02
 endloop
endfacet
facet normal -9.924795e-01 1.224107e-01 0.000000e+00
 outer loop
  vertex 3.3836281e-02 -3.3325828e-03 0.0000000e+00
  vertex 3.3632001e-02 -4.9888361e-03 0.0000000e+00
  vertex 3.3632001e-02 -4.9888361e-03 7.0000000e-02
 endloop
endfacet
facet normal -9.924795e-01 1.224107e-01 0.000000e+00
 outer loop
  vertex 3.3836281e-02 -3.3325828e-03 7.0000000e-02
  vertex 3.3836281e-02 -3.3325828e-03 0.0000000e+00
  vertex 3.3632001e-02 -4.9888361e-03 7.0000000e-02
 endloop
endfacet
facet normal -9.972905e-01 7.356456e-02 0.000000e+00
 outer loop
  vertex 3.3959046e-02 -1.6683009e-03 0.0000000e+00
  vertex 3.3836281e-02 -3.3325828e-03 0.0000000e+00
  vertex 3.3836281e-02 -3.3325828e-03 7.0000000e-02
 endloop
endfacet
facet normal -9.972905e-01 7.356456e-02 0.000000e+00
 outer loop
  vertex 3.3959046e-02 -1.6683009e-03 7.0000000e-02
  vertex 3.3959046e-02 -1.6683009e-03 0.0000000e+00
  vertex 3.3836281e-02 -3.3325828e-03 7.0000000e-02
 endloop
endfacet
facet normal -9.996988e-01 2.454123e-02 0.000000e+00
 outer loop
  vertex 3.4000000e-02 0.0000000e+00 0.0000000e+00
  vertex 3.3959046e-02 -1.6683009e-03 0.0000000e+00
  vertex 3.3959046e-02 -1.6683009e-03 7.0000000e-02
 endloop
endfacet
facet normal -9.996988e-01 2.454123e-02 0.000000e+00
 outer loop
  vertex 3.4000000e-02 0.0000000e+00 7.0000000e-02
  vertex 3.4000000e-02 0.0000000e+00 0.0000000e+00
  vertex 3.3959046e-02 -1.6683009e-03 7.0000000e-02
 endloop
endfacet
endsolid cvwt_housing_cfd_r34
