solid deckTop
facet normal 0.000000e+00 0.000000e+00 1.000000e+00
 outer loop
  vertex -7.0000000e-01 -6.0000000e-01 -1.5000000e-02
  vertex -8.5000000e-02 -6.0000000e-01 -1.5000000e-02
  vertex -8.5000000e-02 -8.5000000e-02 -1.5000000e-02
 endloop
endfacet
facet normal 0.000000e+00 0.000000e+00 1.000000e+00
 outer loop
  vertex -7.0000000e-01 -6.0000000e-01 -1.5000000e-02
  vertex -8.5000000e-02 -8.5000000e-02 -1.5000000e-02
  vertex -7.0000000e-01 -8.5000000e-02 -1.5000000e-02
 endloop
endfacet
facet normal 0.000000e+00 0.000000e+00 1.000000e+00
 outer loop
  vertex -7.0000000e-01 -8.5000000e-02 -1.5000000e-02
  vertex -8.5000000e-02 -8.5000000e-02 -1.5000000e-02
  vertex -8.5000000e-02 -5.5000000e-02 -1.5000000e-02
 endloop
endfacet
facet normal 0.000000e+00 0.000000e+00 1.000000e+00
 outer loop
  vertex -7.0000000e-01 -8.5000000e-02 -1.5000000e-02
  vertex -8.5000000e-02 -5.5000000e-02 -1.5000000e-02
  vertex -7.0000000e-01 -5.5000000e-02 -1.5000000e-02
 endloop
endfacet
facet normal 0.000000e+00 0.000000e+00 1.000000e+00
 outer loop
  vertex -7.0000000e-01 -5.5000000e-02 -1.5000000e-02
  vertex -8.5000000e-02 -5.5000000e-02 -1.5000000e-02
  vertex -8.5000000e-02 -1.8000000e-02 -1.5000000e-02
 endloop
endfacet
facet normal 0.000000e+00 0.000000e+00 1.000000e+00
 outer loop
  vertex -7.0000000e-01 -5.5000000e-02 -1.5000000e-02
  vertex -8.5000000e-02 -1.8000000e-02 -1.5000000e-02
  vertex -7.0000000e-01 -1.8000000e-02 -1.5000000e-02
 endloop
endfacet
facet normal 0.000000e+00 0.000000e+00 1.000000e+00
 outer loop
  vertex -7.0000000e-01 -1.8000000e-02 -1.5000000e-02
  vertex -8.5000000e-02 -1.8000000e-02 -1.5000000e-02
  vertex -8.5000000e-02 -1.1000000e-02 -1.5000000e-02
 endloop
endfacet
facet normal 0.000000e+00 0.000000e+00 1.000000e+00
 outer loop
  vertex -7.0000000e-01 -1.8000000e-02 -1.5000000e-02
  vertex -8.5000000e-02 -1.1000000e-02 -1.5000000e-02
  vertex -7.0000000e-01 -1.1000000e-02 -1.5000000e-02
 endloop
endfacet
facet normal 0.000000e+00 0.000000e+00 1.000000e+00
 outer loop
  vertex -7.0000000e-01 -1.1000000e-02 -1.5000000e-02
  vertex -8.5000000e-02 -1.1000000e-02 -1.5000000e-02
  vertex -8.5000000e-02 -5.0000000e-03 -1.5000000e-02
 endloop
endfacet
facet normal 0.000000e+00 0.000000e+00 1.000000e+00
 outer loop
  vertex -7.0000000e-01 -1.1000000e-02 -1.5000000e-02
  vertex -8.5000000e-02 -5.0000000e-03 -1.5000000e-02
  vertex -7.0000000e-01 -5.0000000e-03 -1.5000000e-02
 endloop
endfacet
facet normal 0.000000e+00 0.000000e+00 1.000000e+00
 outer loop
  vertex -7.0000000e-01 -5.0000000e-03 -1.5000000e-02
  vertex -8.5000000e-02 -5.0000000e-03 -1.5000000e-02
  vertex -8.5000000e-02 -3.0000000e-03 -1.5000000e-02
 endloop
endfacet
facet normal 0.000000e+00 0.000000e+00 1.000000e+00
 outer loop
  vertex -7.0000000e-01 -5.0000000e-03 -1.5000000e-02
  vertex -8.5000000e-02 -3.0000000e-03 -1.5000000e-02
  vertex -7.0000000e-01 -3.0000000e-03 -1.5000000e-02
 endloop
endfacet
facet normal 0.000000e+00 0.000000e+00 1.000000e+00
 outer loop
  vertex -7.0000000e-01 -3.0000000e-03 -1.5000000e-02
  vertex -8.5000000e-02 -3.0000000e-03 -1.5000000e-02
  vertex -8.5000000e-02 3.0000000e-03 -1.5000000e-02
 endloop
endfacet
facet normal 0.000000e+00 0.000000e+00 1.000000e+00
 outer loop
  vertex -7.0000000e-01 -3.0000000e-03 -1.5000000e-02
  vertex -8.5000000e-02 3.0000000e-03 -1.5000000e-02
  vertex -7.0000000e-01 3.0000000e-03 -1.5000000e-02
 endloop
endfacet
facet normal 0.000000e+00 0.000000e+00 1.000000e+00
 outer loop
  vertex -7.0000000e-01 3.0000000e-03 -1.5000000e-02
  vertex -8.5000000e-02 3.0000000e-03 -1.5000000e-02
  vertex -8.5000000e-02 5.0000000e-03 -1.5000000e-02
 endloop
endfacet
facet normal 0.000000e+00 0.000000e+00 1.000000e+00
 outer loop
  vertex -7.0000000e-01 3.0000000e-03 -1.5000000e-02
  vertex -8.5000000e-02 5.0000000e-03 -1.5000000e-02
  vertex -7.0000000e-01 5.0000000e-03 -1.5000000e-02
 endloop
endfacet
facet normal 0.000000e+00 0.000000e+00 1.000000e+00
 outer loop
  vertex -7.0000000e-01 5.0000000e-03 -1.5000000e-02
  vertex -8.5000000e-02 5.0000000e-03 -1.5000000e-02
  vertex -8.5000000e-02 1.1000000e-02 -1.5000000e-02
 endloop
endfacet
facet normal 0.000000e+00 0.000000e+00 1.000000e+00
 outer loop
  vertex -7.0000000e-01 5.0000000e-03 -1.5000000e-02
  vertex -8.5000000e-02 1.1000000e-02 -1.5000000e-02
  vertex -7.0000000e-01 1.1000000e-02 -1.5000000e-02
 endloop
endfacet
facet normal 0.000000e+00 0.000000e+00 1.000000e+00
 outer loop
  vertex -7.0000000e-01 1.1000000e-02 -1.5000000e-02
  vertex -8.5000000e-02 1.1000000e-02 -1.5000000e-02
  vertex -8.5000000e-02 1.8000000e-02 -1.5000000e-02
 endloop
endfacet
facet normal 0.000000e+00 0.000000e+00 1.000000e+00
 outer loop
  vertex -7.0000000e-01 1.1000000e-02 -1.5000000e-02
  vertex -8.5000000e-02 1.8000000e-02 -1.5000000e-02
  vertex -7.0000000e-01 1.8000000e-02 -1.5000000e-02
 endloop
endfacet
facet normal 0.000000e+00 0.000000e+00 1.000000e+00
 outer loop
  vertex -7.0000000e-01 1.8000000e-02 -1.5000000e-02
  vertex -8.5000000e-02 1.8000000e-02 -1.5000000e-02
  vertex -8.5000000e-02 5.5000000e-02 -1.5000000e-02
 endloop
endfacet
facet normal 0.000000e+00 0.000000e+00 1.000000e+00
 outer loop
  vertex -7.0000000e-01 1.8000000e-02 -1.5000000e-02
  vertex -8.5000000e-02 5.5000000e-02 -1.5000000e-02
  vertex -7.0000000e-01 5.5000000e-02 -1.5000000e-02
 endloop
endfacet
facet normal 0.000000e+00 0.000000e+00 1.000000e+00
 outer loop
  vertex -7.0000000e-01 5.5000000e-02 -1.5000000e-02
  vertex -8.5000000e-02 5.5000000e-02 -1.5000000e-02
  vertex -8.5000000e-02 8.5000000e-02 -1.5000000e-02
 endloop
endfacet
facet normal 0.000000e+00 0.000000e+00 1.000000e+00
 outer loop
  vertex -7.0000000e-01 5.5000000e-02 -1.5000000e-02
  vertex -8.5000000e-02 8.5000000e-02 -1.5000000e-02
  vertex -7.0000000e-01 8.5000000e-02 -1.5000000e-02
 endloop
endfacet
facet normal 0.000000e+00 0.000000e+00 1.000000e+00
 outer loop
  vertex -7.0000000e-01 8.5000000e-02 -1.5000000e-02
  vertex -8.5000000e-02 8.5000000e-02 -1.5000000e-02
  vertex -8.5000000e-02 6.0000000e-01 -1.5000000e-02
 endloop
endfacet
facet normal 0.000000e+00 0.000000e+00 1.000000e+00
 outer loop
  vertex -7.0000000e-01 8.5000000e-02 -1.5000000e-02
  vertex -8.5000000e-02 6.0000000e-01 -1.5000000e-02
  vertex -7.0000000e-01 6.0000000e-01 -1.5000000e-02
 endloop
endfacet
facet normal 0.000000e+00 0.000000e+00 1.000000e+00
 outer loop
  vertex -8.5000000e-02 -6.0000000e-01 -1.5000000e-02
  vertex -1.8000000e-02 -6.0000000e-01 -1.5000000e-02
  vertex -1.8000000e-02 -8.5000000e-02 -1.5000000e-02
 endloop
endfacet
facet normal 0.000000e+00 0.000000e+00 1.000000e+00
 outer loop
  vertex -8.5000000e-02 -6.0000000e-01 -1.5000000e-02
  vertex -1.8000000e-02 -8.5000000e-02 -1.5000000e-02
  vertex -8.5000000e-02 -8.5000000e-02 -1.5000000e-02
 endloop
endfacet
facet normal 0.000000e+00 0.000000e+00 1.000000e+00
 outer loop
  vertex -8.5000000e-02 -8.5000000e-02 -1.5000000e-02
  vertex -1.8000000e-02 -8.5000000e-02 -1.5000000e-02
  vertex -1.8000000e-02 -5.5000000e-02 -1.5000000e-02
 endloop
endfacet
facet normal 0.000000e+00 0.000000e+00 1.000000e+00
 outer loop
  vertex -8.5000000e-02 -8.5000000e-02 -1.5000000e-02
  vertex -1.8000000e-02 -5.5000000e-02 -1.5000000e-02
  vertex -8.5000000e-02 -5.5000000e-02 -1.5000000e-02
 endloop
endfacet
facet normal 0.000000e+00 0.000000e+00 1.000000e+00
 outer loop
  vertex -8.5000000e-02 5.5000000e-02 -1.5000000e-02
  vertex -1.8000000e-02 5.5000000e-02 -1.5000000e-02
  vertex -1.8000000e-02 8.5000000e-02 -1.5000000e-02
 endloop
endfacet
facet normal 0.000000e+00 0.000000e+00 1.000000e+00
 outer loop
  vertex -8.5000000e-02 5.5000000e-02 -1.5000000e-02
  vertex -1.8000000e-02 8.5000000e-02 -1.5000000e-02
  vertex -8.5000000e-02 8.5000000e-02 -1.5000000e-02
 endloop
endfacet
facet normal 0.000000e+00 0.000000e+00 1.000000e+00
 outer loop
  vertex -8.5000000e-02 8.5000000e-02 -1.5000000e-02
  vertex -1.8000000e-02 8.5000000e-02 -1.5000000e-02
  vertex -1.8000000e-02 6.0000000e-01 -1.5000000e-02
 endloop
endfacet
facet normal 0.000000e+00 0.000000e+00 1.000000e+00
 outer loop
  vertex -8.5000000e-02 8.5000000e-02 -1.5000000e-02
  vertex -1.8000000e-02 6.0000000e-01 -1.5000000e-02
  vertex -8.5000000e-02 6.0000000e-01 -1.5000000e-02
 endloop
endfacet
facet normal 0.000000e+00 0.000000e+00 1.000000e+00
 outer loop
  vertex -1.8000000e-02 -6.0000000e-01 -1.5000000e-02
  vertex -1.5716234e-02 -6.0000000e-01 -1.5000000e-02
  vertex -1.5716234e-02 -8.5000000e-02 -1.5000000e-02
 endloop
endfacet
facet normal 0.000000e+00 0.000000e+00 1.000000e+00
 outer loop
  vertex -1.8000000e-02 -6.0000000e-01 -1.5000000e-02
  vertex -1.5716234e-02 -8.5000000e-02 -1.5000000e-02
  vertex -1.8000000e-02 -8.5000000e-02 -1.5000000e-02
 endloop
endfacet
facet normal 0.000000e+00 0.000000e+00 1.000000e+00
 outer loop
  vertex -1.8000000e-02 -8.5000000e-02 -1.5000000e-02
  vertex -1.5716234e-02 -8.5000000e-02 -1.5000000e-02
  vertex -1.5716234e-02 -5.5000000e-02 -1.5000000e-02
 endloop
endfacet
facet normal 0.000000e+00 0.000000e+00 1.000000e+00
 outer loop
  vertex -1.8000000e-02 -8.5000000e-02 -1.5000000e-02
  vertex -1.5716234e-02 -5.5000000e-02 -1.5000000e-02
  vertex -1.8000000e-02 -5.5000000e-02 -1.5000000e-02
 endloop
endfacet
facet normal 0.000000e+00 0.000000e+00 1.000000e+00
 outer loop
  vertex -1.8000000e-02 5.5000000e-02 -1.5000000e-02
  vertex -1.5716234e-02 5.5000000e-02 -1.5000000e-02
  vertex -1.5716234e-02 8.5000000e-02 -1.5000000e-02
 endloop
endfacet
facet normal 0.000000e+00 0.000000e+00 1.000000e+00
 outer loop
  vertex -1.8000000e-02 5.5000000e-02 -1.5000000e-02
  vertex -1.5716234e-02 8.5000000e-02 -1.5000000e-02
  vertex -1.8000000e-02 8.5000000e-02 -1.5000000e-02
 endloop
endfacet
facet normal 0.000000e+00 0.000000e+00 1.000000e+00
 outer loop
  vertex -1.8000000e-02 8.5000000e-02 -1.5000000e-02
  vertex -1.5716234e-02 8.5000000e-02 -1.5000000e-02
  vertex -1.5716234e-02 6.0000000e-01 -1.5000000e-02
 endloop
endfacet
facet normal 0.000000e+00 0.000000e+00 1.000000e+00
 outer loop
  vertex -1.8000000e-02 8.5000000e-02 -1.5000000e-02
  vertex -1.5716234e-02 6.0000000e-01 -1.5000000e-02
  vertex -1.8000000e-02 6.0000000e-01 -1.5000000e-02
 endloop
endfacet
facet normal 0.000000e+00 0.000000e+00 1.000000e+00
 outer loop
  vertex -1.5716234e-02 -6.0000000e-01 -1.5000000e-02
  vertex -1.1618950e-02 -6.0000000e-01 -1.5000000e-02
  vertex -1.1618950e-02 -8.5000000e-02 -1.5000000e-02
 endloop
endfacet
facet normal 0.000000e+00 0.000000e+00 1.000000e+00
 outer loop
  vertex -1.5716234e-02 -6.0000000e-01 -1.5000000e-02
  vertex -1.1618950e-02 -8.5000000e-02 -1.5000000e-02
  vertex -1.5716234e-02 -8.5000000e-02 -1.5000000e-02
 endloop
endfacet
facet normal 0.000000e+00 0.000000e+00 1.000000e+00
 outer loop
  vertex -1.5716234e-02 -8.5000000e-02 -1.5000000e-02
  vertex -1.1618950e-02 -8.5000000e-02 -1.5000000e-02
  vertex -1.1618950e-02 -5.5000000e-02 -1.5000000e-02
 endloop
endfacet
facet normal 0.000000e+00 0.000000e+00 1.000000e+00
 outer loop
  vertex -1.5716234e-02 -8.5000000e-02 -1.5000000e-02
  vertex -1.1618950e-02 -5.5000000e-02 -1.5000000e-02
  vertex -1.5716234e-02 -5.5000000e-02 -1.5000000e-02
 endloop
endfacet
facet normal 0.000000e+00 0.000000e+00 1.000000e+00
 outer loop
  vertex -1.5716234e-02 5.5000000e-02 -1.5000000e-02
  vertex -1.1618950e-02 5.5000000e-02 -1.5000000e-02
  vertex -1.1618950e-02 8.5000000e-02 -1.5000000e-02
 endloop
endfacet
facet normal 0.000000e+00 0.000000e+00 1.000000e+00
 outer loop
  vertex -1.5716234e-02 5.5000000e-02 -1.5000000e-02
  vertex -1.1618950e-02 8.5000000e-02 -1.5000000e-02
  vertex -1.5716234e-02 8.5000000e-02 -1.5000000e-02
 endloop
endfacet
facet normal 0.000000e+00 0.000000e+00 1.000000e+00
 outer loop
  vertex -1.5716234e-02 8.5000000e-02 -1.5000000e-02
  vertex -1.1618950e-02 8.5000000e-02 -1.5000000e-02
  vertex -1.1618950e-02 6.0000000e-01 -1.5000000e-02
 endloop
endfacet
facet normal 0.000000e+00 0.000000e+00 1.000000e+00
 outer loop
  vertex -1.5716234e-02 8.5000000e-02 -1.5000000e-02
  vertex -1.1618950e-02 6.0000000e-01 -1.5000000e-02
  vertex -1.5716234e-02 6.0000000e-01 -1.5000000e-02
 endloop
endfacet
facet normal 0.000000e+00 0.000000e+00 1.000000e+00
 outer loop
  vertex -1.1618950e-02 -6.0000000e-01 -1.5000000e-02
  vertex 1.1618950e-02 -6.0000000e-01 -1.5000000e-02
  vertex 1.1618950e-02 -8.5000000e-02 -1.5000000e-02
 endloop
endfacet
facet normal 0.000000e+00 0.000000e+00 1.000000e+00
 outer loop
  vertex -1.1618950e-02 -6.0000000e-01 -1.5000000e-02
  vertex 1.1618950e-02 -8.5000000e-02 -1.5000000e-02
  vertex -1.1618950e-02 -8.5000000e-02 -1.5000000e-02
 endloop
endfacet
facet normal 0.000000e+00 0.000000e+00 1.000000e+00
 outer loop
  vertex -1.1618950e-02 -8.5000000e-02 -1.5000000e-02
  vertex 1.1618950e-02 -8.5000000e-02 -1.5000000e-02
  vertex 1.1618950e-02 -5.5000000e-02 -1.5000000e-02
 endloop
endfacet
facet normal 0.000000e+00 0.000000e+00 1.000000e+00
 outer loop
  vertex -1.1618950e-02 -8.5000000e-02 -1.5000000e-02
  vertex 1.1618950e-02 -5.5000000e-02 -1.5000000e-02
  vertex -1.1618950e-02 -5.5000000e-02 -1.5000000e-02
 endloop
endfacet
facet normal 0.000000e+00 0.000000e+00 1.000000e+00
 outer loop
  vertex -1.1618950e-02 5.5000000e-02 -1.5000000e-02
  vertex 1.1618950e-02 5.5000000e-02 -1.5000000e-02
  vertex 1.1618950e-02 8.5000000e-02 -1.5000000e-02
 endloop
endfacet
facet normal 0.000000e+00 0.000000e+00 1.000000e+00
 outer loop
  vertex -1.1618950e-02 5.5000000e-02 -1.5000000e-02
  vertex 1.1618950e-02 8.5000000e-02 -1.5000000e-02
  vertex -1.1618950e-02 8.5000000e-02 -1.5000000e-02
 endloop
endfacet
facet normal 0.000000e+00 0.000000e+00 1.000000e+00
 outer loop
  vertex -1.1618950e-02 8.5000000e-02 -1.5000000e-02
  vertex 1.1618950e-02 8.5000000e-02 -1.5000000e-02
  vertex 1.1618950e-02 6.0000000e-01 -1.5000000e-02
 endloop
endfacet
facet normal 0.000000e+00 0.000000e+00 1.000000e+00
 outer loop
  vertex -1.1618950e-02 8.5000000e-02 -1.5000000e-02
  vertex 1.1618950e-02 6.0000000e-01 -1.5000000e-02
  vertex -1.1618950e-02 6.0000000e-01 -1.5000000e-02
 endloop
endfacet
facet normal 0.000000e+00 0.000000e+00 1.000000e+00
 outer loop
  vertex 1.1618950e-02 -6.0000000e-01 -1.5000000e-02
  vertex 1.5716234e-02 -6.0000000e-01 -1.5000000e-02
  vertex 1.5716234e-02 -8.5000000e-02 -1.5000000e-02
 endloop
endfacet
facet normal 0.000000e+00 0.000000e+00 1.000000e+00
 outer loop
  vertex 1.1618950e-02 -6.0000000e-01 -1.5000000e-02
  vertex 1.5716234e-02 -8.5000000e-02 -1.5000000e-02
  vertex 1.1618950e-02 -8.5000000e-02 -1.5000000e-02
 endloop
endfacet
facet normal 0.000000e+00 0.000000e+00 1.000000e+00
 outer loop
  vertex 1.1618950e-02 -8.5000000e-02 -1.5000000e-02
  vertex 1.5716234e-02 -8.5000000e-02 -1.5000000e-02
  vertex 1.5716234e-02 -5.5000000e-02 -1.5000000e-02
 endloop
endfacet
facet normal 0.000000e+00 0.000000e+00 1.000000e+00
 outer loop
  vertex 1.1618950e-02 -8.5000000e-02 -1.5000000e-02
  vertex 1.5716234e-02 -5.5000000e-02 -1.5000000e-02
  vertex 1.1618950e-02 -5.5000000e-02 -1.5000000e-02
 endloop
endfacet
facet normal 0.000000e+00 0.000000e+00 1.000000e+00
 outer loop
  vertex 1.1618950e-02 5.5000000e-02 -1.5000000e-02
  vertex 1.5716234e-02 5.5000000e-02 -1.5000000e-02
  vertex 1.5716234e-02 8.5000000e-02 -1.5000000e-02
 endloop
endfacet
facet normal 0.000000e+00 0.000000e+00 1.000000e+00
 outer loop
  vertex 1.1618950e-02 5.5000000e-02 -1.5000000e-02
  vertex 1.5716234e-02 8.5000000e-02 -1.5000000e-02
  vertex 1.1618950e-02 8.5000000e-02 -1.5000000e-02
 endloop
endfacet
facet normal 0.000000e+00 0.000000e+00 1.000000e+00
 outer loop
  vertex 1.1618950e-02 8.5000000e-02 -1.5000000e-02
  vertex 1.5716234e-02 8.5000000e-02 -1.5000000e-02
  vertex 1.5716234e-02 6.0000000e-01 -1.5000000e-02
 endloop
endfacet
facet normal 0.000000e+00 0.000000e+00 1.000000e+00
 outer loop
  vertex 1.1618950e-02 8.5000000e-02 -1.5000000e-02
  vertex 1.5716234e-02 6.0000000e-01 -1.5000000e-02
  vertex 1.1618950e-02 6.0000000e-01 -1.5000000e-02
 endloop
endfacet
facet normal 0.000000e+00 0.000000e+00 1.000000e+00
 outer loop
  vertex 1.5716234e-02 -6.0000000e-01 -1.5000000e-02
  vertex 1.8000000e-02 -6.0000000e-01 -1.5000000e-02
  vertex 1.8000000e-02 -8.5000000e-02 -1.5000000e-02
 endloop
endfacet
facet normal 0.000000e+00 0.000000e+00 1.000000e+00
 outer loop
  vertex 1.5716234e-02 -6.0000000e-01 -1.5000000e-02
  vertex 1.8000000e-02 -8.5000000e-02 -1.5000000e-02
  vertex 1.5716234e-02 -8.5000000e-02 -1.5000000e-02
 endloop
endfacet
facet normal 0.000000e+00 0.000000e+00 1.000000e+00
 outer loop
  vertex 1.5716234e-02 -8.5000000e-02 -1.5000000e-02
  vertex 1.8000000e-02 -8.5000000e-02 -1.5000000e-02
  vertex 1.8000000e-02 -5.5000000e-02 -1.5000000e-02
 endloop
endfacet
facet normal 0.000000e+00 0.000000e+00 1.000000e+00
 outer loop
  vertex 1.5716234e-02 -8.5000000e-02 -1.5000000e-02
  vertex 1.8000000e-02 -5.5000000e-02 -1.5000000e-02
  vertex 1.5716234e-02 -5.5000000e-02 -1.5000000e-02
 endloop
endfacet
facet normal 0.000000e+00 0.000000e+00 1.000000e+00
 outer loop
  vertex 1.5716234e-02 5.5000000e-02 -1.5000000e-02
  vertex 1.8000000e-02 5.5000000e-02 -1.5000000e-02
  vertex 1.8000000e-02 8.5000000e-02 -1.5000000e-02
 endloop
endfacet
facet normal 0.000000e+00 0.000000e+00 1.000000e+00
 outer loop
  vertex 1.5716234e-02 5.5000000e-02 -1.5000000e-02
  vertex 1.8000000e-02 8.5000000e-02 -1.5000000e-02
  vertex 1.5716234e-02 8.5000000e-02 -1.5000000e-02
 endloop
endfacet
facet normal 0.000000e+00 0.000000e+00 1.000000e+00
 outer loop
  vertex 1.5716234e-02 8.5000000e-02 -1.5000000e-02
  vertex 1.8000000e-02 8.5000000e-02 -1.5000000e-02
  vertex 1.8000000e-02 6.0000000e-01 -1.5000000e-02
 endloop
endfacet
facet normal 0.000000e+00 0.000000e+00 1.000000e+00
 outer loop
  vertex 1.5716234e-02 8.5000000e-02 -1.5000000e-02
  vertex 1.8000000e-02 6.0000000e-01 -1.5000000e-02
  vertex 1.5716234e-02 6.0000000e-01 -1.5000000e-02
 endloop
endfacet
facet normal 0.000000e+00 0.000000e+00 1.000000e+00
 outer loop
  vertex 1.8000000e-02 -6.0000000e-01 -1.5000000e-02
  vertex 8.5000000e-02 -6.0000000e-01 -1.5000000e-02
  vertex 8.5000000e-02 -8.5000000e-02 -1.5000000e-02
 endloop
endfacet
facet normal 0.000000e+00 0.000000e+00 1.000000e+00
 outer loop
  vertex 1.8000000e-02 -6.0000000e-01 -1.5000000e-02
  vertex 8.5000000e-02 -8.5000000e-02 -1.5000000e-02
  vertex 1.8000000e-02 -8.5000000e-02 -1.5000000e-02
 endloop
endfacet
facet normal 0.000000e+00 0.000000e+00 1.000000e+00
 outer loop
  vertex 1.8000000e-02 -8.5000000e-02 -1.5000000e-02
  vertex 8.5000000e-02 -8.5000000e-02 -1.5000000e-02
  vertex 8.5000000e-02 -5.5000000e-02 -1.5000000e-02
 endloop
endfacet
facet normal 0.000000e+00 0.000000e+00 1.000000e+00
 outer loop
  vertex 1.8000000e-02 -8.5000000e-02 -1.5000000e-02
  vertex 8.5000000e-02 -5.5000000e-02 -1.5000000e-02
  vertex 1.8000000e-02 -5.5000000e-02 -1.5000000e-02
 endloop
endfacet
facet normal 0.000000e+00 0.000000e+00 1.000000e+00
 outer loop
  vertex 1.8000000e-02 5.5000000e-02 -1.5000000e-02
  vertex 8.5000000e-02 5.5000000e-02 -1.5000000e-02
  vertex 8.5000000e-02 8.5000000e-02 -1.5000000e-02
 endloop
endfacet
facet normal 0.000000e+00 0.000000e+00 1.000000e+00
 outer loop
  vertex 1.8000000e-02 5.5000000e-02 -1.5000000e-02
  vertex 8.5000000e-02 8.5000000e-02 -1.5000000e-02
  vertex 1.8000000e-02 8.5000000e-02 -1.5000000e-02
 endloop
endfacet
facet normal 0.000000e+00 0.000000e+00 1.000000e+00
 outer loop
  vertex 1.8000000e-02 8.5000000e-02 -1.5000000e-02
  vertex 8.5000000e-02 8.5000000e-02 -1.5000000e-02
  vertex 8.5000000e-02 6.0000000e-01 -1.5000000e-02
 endloop
endfacet
facet normal 0.000000e+00 0.000000e+00 1.000000e+00
 outer loop
  vertex 1.8000000e-02 8.5000000e-02 -1.5000000e-02
  vertex 8.5000000e-02 6.0000000e-01 -1.5000000e-02
  vertex 1.8000000e-02 6.0000000e-01 -1.5000000e-02
 endloop
endfacet
facet normal 0.000000e+00 0.000000e+00 1.000000e+00
 outer loop
  vertex 8.5000000e-02 -6.0000000e-01 -1.5000000e-02
  vertex 1.5000000e+00 -6.0000000e-01 -1.5000000e-02
  vertex 1.5000000e+00 -8.5000000e-02 -1.5000000e-02
 endloop
endfacet
facet normal 0.000000e+00 0.000000e+00 1.000000e+00
 outer loop
  vertex 8.5000000e-02 -6.0000000e-01 -1.5000000e-02
  vertex 1.5000000e+00 -8.5000000e-02 -1.5000000e-02
  vertex 8.5000000e-02 -8.5000000e-02 -1.5000000e-02
 endloop
endfacet
facet normal 0.000000e+00 0.000000e+00 1.000000e+00
 outer loop
  vertex 8.5000000e-02 -8.5000000e-02 -1.5000000e-02
  vertex 1.5000000e+00 -8.5000000e-02 -1.5000000e-02
  vertex 1.5000000e+00 -5.5000000e-02 -1.5000000e-02
 endloop
endfacet
facet normal 0.000000e+00 0.000000e+00 1.000000e+00
 outer loop
  vertex 8.5000000e-02 -8.5000000e-02 -1.5000000e-02
  vertex 1.5000000e+00 -5.5000000e-02 -1.5000000e-02
  vertex 8.5000000e-02 -5.5000000e-02 -1.5000000e-02
 endloop
endfacet
facet normal 0.000000e+00 0.000000e+00 1.000000e+00
 outer loop
  vertex 8.5000000e-02 -5.5000000e-02 -1.5000000e-02
  vertex 1.5000000e+00 -5.5000000e-02 -1.5000000e-02
  vertex 1.5000000e+00 -1.8000000e-02 -1.5000000e-02
 endloop
endfacet
facet normal 0.000000e+00 0.000000e+00 1.000000e+00
 outer loop
  vertex 8.5000000e-02 -5.5000000e-02 -1.5000000e-02
  vertex 1.5000000e+00 -1.8000000e-02 -1.5000000e-02
  vertex 8.5000000e-02 -1.8000000e-02 -1.5000000e-02
 endloop
endfacet
facet normal 0.000000e+00 0.000000e+00 1.000000e+00
 outer loop
  vertex 8.5000000e-02 -1.8000000e-02 -1.5000000e-02
  vertex 1.5000000e+00 -1.8000000e-02 -1.5000000e-02
  vertex 1.5000000e+00 -1.1000000e-02 -1.5000000e-02
 endloop
endfacet
facet normal 0.000000e+00 0.000000e+00 1.000000e+00
 outer loop
  vertex 8.5000000e-02 -1.8000000e-02 -1.5000000e-02
  vertex 1.5000000e+00 -1.1000000e-02 -1.5000000e-02
  vertex 8.5000000e-02 -1.1000000e-02 -1.5000000e-02
 endloop
endfacet
facet normal 0.000000e+00 0.000000e+00 1.000000e+00
 outer loop
  vertex 8.5000000e-02 -1.1000000e-02 -1.5000000e-02
  vertex 1.5000000e+00 -1.1000000e-02 -1.5000000e-02
  vertex 1.5000000e+00 -5.0000000e-03 -1.5000000e-02
 endloop
endfacet
facet normal 0.000000e+00 0.000000e+00 1.000000e+00
 outer loop
  vertex 8.5000000e-02 -1.1000000e-02 -1.5000000e-02
  vertex 1.5000000e+00 -5.0000000e-03 -1.5000000e-02
  vertex 8.5000000e-02 -5.0000000e-03 -1.5000000e-02
 endloop
endfacet
facet normal 0.000000e+00 0.000000e+00 1.000000e+00
 outer loop
  vertex 8.5000000e-02 -5.0000000e-03 -1.5000000e-02
  vertex 1.5000000e+00 -5.0000000e-03 -1.5000000e-02
  vertex 1.5000000e+00 -3.0000000e-03 -1.5000000e-02
 endloop
endfacet
facet normal 0.000000e+00 0.000000e+00 1.000000e+00
 outer loop
  vertex 8.5000000e-02 -5.0000000e-03 -1.5000000e-02
  vertex 1.5000000e+00 -3.0000000e-03 -1.5000000e-02
  vertex 8.5000000e-02 -3.0000000e-03 -1.5000000e-02
 endloop
endfacet
facet normal 0.000000e+00 0.000000e+00 1.000000e+00
 outer loop
  vertex 8.5000000e-02 -3.0000000e-03 -1.5000000e-02
  vertex 1.5000000e+00 -3.0000000e-03 -1.5000000e-02
  vertex 1.5000000e+00 3.0000000e-03 -1.5000000e-02
 endloop
endfacet
facet normal 0.000000e+00 0.000000e+00 1.000000e+00
 outer loop
  vertex 8.5000000e-02 -3.0000000e-03 -1.5000000e-02
  vertex 1.5000000e+00 3.0000000e-03 -1.5000000e-02
  vertex 8.5000000e-02 3.0000000e-03 -1.5000000e-02
 endloop
endfacet
facet normal 0.000000e+00 0.000000e+00 1.000000e+00
 outer loop
  vertex 8.5000000e-02 3.0000000e-03 -1.5000000e-02
  vertex 1.5000000e+00 3.0000000e-03 -1.5000000e-02
  vertex 1.5000000e+00 5.0000000e-03 -1.5000000e-02
 endloop
endfacet
facet normal 0.000000e+00 0.000000e+00 1.000000e+00
 outer loop
  vertex 8.5000000e-02 3.0000000e-03 -1.5000000e-02
  vertex 1.5000000e+00 5.0000000e-03 -1.5000000e-02
  vertex 8.5000000e-02 5.0000000e-03 -1.5000000e-02
 endloop
endfacet
facet normal 0.000000e+00 0.000000e+00 1.000000e+00
 outer loop
  vertex 8.5000000e-02 5.0000000e-03 -1.5000000e-02
  vertex 1.5000000e+00 5.0000000e-03 -1.5000000e-02
  vertex 1.5000000e+00 1.1000000e-02 -1.5000000e-02
 endloop
endfacet
facet normal 0.000000e+00 0.000000e+00 1.000000e+00
 outer loop
  vertex 8.5000000e-02 5.0000000e-03 -1.5000000e-02
  vertex 1.5000000e+00 1.1000000e-02 -1.5000000e-02
  vertex 8.5000000e-02 1.1000000e-02 -1.5000000e-02
 endloop
endfacet
facet normal 0.000000e+00 0.000000e+00 1.000000e+00
 outer loop
  vertex 8.5000000e-02 1.1000000e-02 -1.5000000e-02
  vertex 1.5000000e+00 1.1000000e-02 -1.5000000e-02
  vertex 1.5000000e+00 1.8000000e-02 -1.5000000e-02
 endloop
endfacet
facet normal 0.000000e+00 0.000000e+00 1.000000e+00
 outer loop
  vertex 8.5000000e-02 1.1000000e-02 -1.5000000e-02
  vertex 1.5000000e+00 1.8000000e-02 -1.5000000e-02
  vertex 8.5000000e-02 1.8000000e-02 -1.5000000e-02
 endloop
endfacet
facet normal 0.000000e+00 0.000000e+00 1.000000e+00
 outer loop
  vertex 8.5000000e-02 1.8000000e-02 -1.5000000e-02
  vertex 1.5000000e+00 1.8000000e-02 -1.5000000e-02
  vertex 1.5000000e+00 5.5000000e-02 -1.5000000e-02
 endloop
endfacet
facet normal 0.000000e+00 0.000000e+00 1.000000e+00
 outer loop
  vertex 8.5000000e-02 1.8000000e-02 -1.5000000e-02
  vertex 1.5000000e+00 5.5000000e-02 -1.5000000e-02
  vertex 8.5000000e-02 5.5000000e-02 -1.5000000e-02
 endloop
endfacet
facet normal 0.000000e+00 0.000000e+00 1.000000e+00
 outer loop
  vertex 8.5000000e-02 5.5000000e-02 -1.5000000e-02
  vertex 1.5000000e+00 5.5000000e-02 -1.5000000e-02
  vertex 1.5000000e+00 8.5000000e-02 -1.5000000e-02
 endloop
endfacet
facet normal 0.000000e+00 0.000000e+00 1.000000e+00
 outer loop
  vertex 8.5000000e-02 5.5000000e-02 -1.5000000e-02
  vertex 1.5000000e+00 8.5000000e-02 -1.5000000e-02
  vertex 8.5000000e-02 8.5000000e-02 -1.5000000e-02
 endloop
endfacet
facet normal 0.000000e+00 0.000000e+00 1.000000e+00
 outer loop
  vertex 8.5000000e-02 8.5000000e-02 -1.5000000e-02
  vertex 1.5000000e+00 8.5000000e-02 -1.5000000e-02
  vertex 1.5000000e+00 6.0000000e-01 -1.5000000e-02
 endloop
endfacet
facet normal 0.000000e+00 0.000000e+00 1.000000e+00
 outer loop
  vertex 8.5000000e-02 8.5000000e-02 -1.5000000e-02
  vertex 1.5000000e+00 6.0000000e-01 -1.5000000e-02
  vertex 8.5000000e-02 6.0000000e-01 -1.5000000e-02
 endloop
endfacet
endsolid deckTop
solid walls
facet normal -1.000000e+00 0.000000e+00 0.000000e+00
 outer loop
  vertex -7.0000000e-01 -6.0000000e-01 -1.5000000e-02
  vertex -7.0000000e-01 -8.5000000e-02 -1.5000000e-02
  vertex -7.0000000e-01 -8.5000000e-02 -2.6000000e-02
 endloop
endfacet
facet normal -1.000000e+00 0.000000e+00 0.000000e+00
 outer loop
  vertex -7.0000000e-01 -6.0000000e-01 -1.5000000e-02
  vertex -7.0000000e-01 -8.5000000e-02 -2.6000000e-02
  vertex -7.0000000e-01 -6.0000000e-01 -2.6000000e-02
 endloop
endfacet
facet normal 0.000000e+00 -1.000000e+00 0.000000e+00
 outer loop
  vertex -7.0000000e-01 -6.0000000e-01 -2.6000000e-02
  vertex -8.5000000e-02 -6.0000000e-01 -2.6000000e-02
  vertex -8.5000000e-02 -6.0000000e-01 -1.5000000e-02
 endloop
endfacet
facet normal 0.000000e+00 -1.000000e+00 0.000000e+00
 outer loop
  vertex -7.0000000e-01 -6.0000000e-01 -2.6000000e-02
  vertex -8.5000000e-02 -6.0000000e-01 -1.5000000e-02
  vertex -7.0000000e-01 -6.0000000e-01 -1.5000000e-02
 endloop
endfacet
facet normal 0.000000e+00 0.000000e+00 -1.000000e+00
 outer loop
  vertex -7.0000000e-01 -8.5000000e-02 -2.6000000e-02
  vertex -8.5000000e-02 -8.5000000e-02 -2.6000000e-02
  vertex -8.5000000e-02 -6.0000000e-01 -2.6000000e-02
 endloop
endfacet
facet normal 0.000000e+00 0.000000e+00 -1.000000e+00
 outer loop
  vertex -7.0000000e-01 -8.5000000e-02 -2.6000000e-02
  vertex -8.5000000e-02 -6.0000000e-01 -2.6000000e-02
  vertex -7.0000000e-01 -6.0000000e-01 -2.6000000e-02
 endloop
endfacet
facet normal -1.000000e+00 0.000000e+00 0.000000e+00
 outer loop
  vertex -7.0000000e-01 -8.5000000e-02 -1.5000000e-02
  vertex -7.0000000e-01 -5.5000000e-02 -1.5000000e-02
  vertex -7.0000000e-01 -5.5000000e-02 -2.6000000e-02
 endloop
endfacet
facet normal -1.000000e+00 0.000000e+00 0.000000e+00
 outer loop
  vertex -7.0000000e-01 -8.5000000e-02 -1.5000000e-02
  vertex -7.0000000e-01 -5.5000000e-02 -2.6000000e-02
  vertex -7.0000000e-01 -8.5000000e-02 -2.6000000e-02
 endloop
endfacet
facet normal 0.000000e+00 0.000000e+00 -1.000000e+00
 outer loop
  vertex -7.0000000e-01 -5.5000000e-02 -2.6000000e-02
  vertex -8.5000000e-02 -5.5000000e-02 -2.6000000e-02
  vertex -8.5000000e-02 -8.5000000e-02 -2.6000000e-02
 endloop
endfacet
facet normal 0.000000e+00 0.000000e+00 -1.000000e+00
 outer loop
  vertex -7.0000000e-01 -5.5000000e-02 -2.6000000e-02
  vertex -8.5000000e-02 -8.5000000e-02 -2.6000000e-02
  vertex -7.0000000e-01 -8.5000000e-02 -2.6000000e-02
 endloop
endfacet
facet normal -1.000000e+00 0.000000e+00 0.000000e+00
 outer loop
  vertex -7.0000000e-01 -5.5000000e-02 -1.5000000e-02
  vertex -7.0000000e-01 -1.8000000e-02 -1.5000000e-02
  vertex -7.0000000e-01 -1.8000000e-02 -2.6000000e-02
 endloop
endfacet
facet normal -1.000000e+00 0.000000e+00 0.000000e+00
 outer loop
  vertex -7.0000000e-01 -5.5000000e-02 -1.5000000e-02
  vertex -7.0000000e-01 -1.8000000e-02 -2.6000000e-02
  vertex -7.0000000e-01 -5.5000000e-02 -2.6000000e-02
 endloop
endfacet
facet normal 0.000000e+00 0.000000e+00 -1.000000e+00
 outer loop
  vertex -7.0000000e-01 -1.8000000e-02 -2.6000000e-02
  vertex -8.5000000e-02 -1.8000000e-02 -2.6000000e-02
  vertex -8.5000000e-02 -5.5000000e-02 -2.6000000e-02
 endloop
endfacet
facet normal 0.000000e+00 0.000000e+00 -1.000000e+00
 outer loop
  vertex -7.0000000e-01 -1.8000000e-02 -2.6000000e-02
  vertex -8.5000000e-02 -5.5000000e-02 -2.6000000e-02
  vertex -7.0000000e-01 -5.5000000e-02 -2.6000000e-02
 endloop
endfacet
facet normal -1.000000e+00 0.000000e+00 0.000000e+00
 outer loop
  vertex -7.0000000e-01 -1.8000000e-02 -1.5000000e-02
  vertex -7.0000000e-01 -1.1000000e-02 -1.5000000e-02
  vertex -7.0000000e-01 -1.1000000e-02 -2.6000000e-02
 endloop
endfacet
facet normal -1.000000e+00 0.000000e+00 0.000000e+00
 outer loop
  vertex -7.0000000e-01 -1.8000000e-02 -1.5000000e-02
  vertex -7.0000000e-01 -1.1000000e-02 -2.6000000e-02
  vertex -7.0000000e-01 -1.8000000e-02 -2.6000000e-02
 endloop
endfacet
facet normal 0.000000e+00 0.000000e+00 -1.000000e+00
 outer loop
  vertex -7.0000000e-01 -1.1000000e-02 -2.6000000e-02
  vertex -8.5000000e-02 -1.1000000e-02 -2.6000000e-02
  vertex -8.5000000e-02 -1.8000000e-02 -2.6000000e-02
 endloop
endfacet
facet normal 0.000000e+00 0.000000e+00 -1.000000e+00
 outer loop
  vertex -7.0000000e-01 -1.1000000e-02 -2.6000000e-02
  vertex -8.5000000e-02 -1.8000000e-02 -2.6000000e-02
  vertex -7.0000000e-01 -1.8000000e-02 -2.6000000e-02
 endloop
endfacet
facet normal -1.000000e+00 0.000000e+00 0.000000e+00
 outer loop
  vertex -7.0000000e-01 -1.1000000e-02 -1.5000000e-02
  vertex -7.0000000e-01 -5.0000000e-03 -1.5000000e-02
  vertex -7.0000000e-01 -5.0000000e-03 -2.6000000e-02
 endloop
endfacet
facet normal -1.000000e+00 0.000000e+00 0.000000e+00
 outer loop
  vertex -7.0000000e-01 -1.1000000e-02 -1.5000000e-02
  vertex -7.0000000e-01 -5.0000000e-03 -2.6000000e-02
  vertex -7.0000000e-01 -1.1000000e-02 -2.6000000e-02
 endloop
endfacet
facet normal 0.000000e+00 0.000000e+00 -1.000000e+00
 outer loop
  vertex -7.0000000e-01 -5.0000000e-03 -2.6000000e-02
  vertex -8.5000000e-02 -5.0000000e-03 -2.6000000e-02
  vertex -8.5000000e-02 -1.1000000e-02 -2.6000000e-02
 endloop
endfacet
facet normal 0.000000e+00 0.000000e+00 -1.000000e+00
 outer loop
  vertex -7.0000000e-01 -5.0000000e-03 -2.6000000e-02
  vertex -8.5000000e-02 -1.1000000e-02 -2.6000000e-02
  vertex -7.0000000e-01 -1.1000000e-02 -2.6000000e-02
 endloop
endfacet
facet normal -1.000000e+00 0.000000e+00 0.000000e+00
 outer loop
  vertex -7.0000000e-01 -5.0000000e-03 -1.5000000e-02
  vertex -7.0000000e-01 -3.0000000e-03 -1.5000000e-02
  vertex -7.0000000e-01 -3.0000000e-03 -2.6000000e-02
 endloop
endfacet
facet normal -1.000000e+00 0.000000e+00 0.000000e+00
 outer loop
  vertex -7.0000000e-01 -5.0000000e-03 -1.5000000e-02
  vertex -7.0000000e-01 -3.0000000e-03 -2.6000000e-02
  vertex -7.0000000e-01 -5.0000000e-03 -2.6000000e-02
 endloop
endfacet
facet normal 0.000000e+00 0.000000e+00 -1.000000e+00
 outer loop
  vertex -7.0000000e-01 -3.0000000e-03 -2.6000000e-02
  vertex -8.5000000e-02 -3.0000000e-03 -2.6000000e-02
  vertex -8.5000000e-02 -5.0000000e-03 -2.6000000e-02
 endloop
endfacet
facet normal 0.000000e+00 0.000000e+00 -1.000000e+00
 outer loop
  vertex -7.0000000e-01 -3.0000000e-03 -2.6000000e-02
  vertex -8.5000000e-02 -5.0000000e-03 -2.6000000e-02
  vertex -7.0000000e-01 -5.0000000e-03 -2.6000000e-02
 endloop
endfacet
facet normal -1.000000e+00 0.000000e+00 0.000000e+00
 outer loop
  vertex -7.0000000e-01 -3.0000000e-03 -1.5000000e-02
  vertex -7.0000000e-01 3.0000000e-03 -1.5000000e-02
  vertex -7.0000000e-01 3.0000000e-03 -2.6000000e-02
 endloop
endfacet
facet normal -1.000000e+00 0.000000e+00 0.000000e+00
 outer loop
  vertex -7.0000000e-01 -3.0000000e-03 -1.5000000e-02
  vertex -7.0000000e-01 3.0000000e-03 -2.6000000e-02
  vertex -7.0000000e-01 -3.0000000e-03 -2.6000000e-02
 endloop
endfacet
facet normal 0.000000e+00 0.000000e+00 -1.000000e+00
 outer loop
  vertex -7.0000000e-01 3.0000000e-03 -2.6000000e-02
  vertex -8.5000000e-02 3.0000000e-03 -2.6000000e-02
  vertex -8.5000000e-02 -3.0000000e-03 -2.6000000e-02
 endloop
endfacet
facet normal 0.000000e+00 0.000000e+00 -1.000000e+00
 outer loop
  vertex -7.0000000e-01 3.0000000e-03 -2.6000000e-02
  vertex -8.5000000e-02 -3.0000000e-03 -2.6000000e-02
  vertex -7.0000000e-01 -3.0000000e-03 -2.6000000e-02
 endloop
endfacet
facet normal -1.000000e+00 0.000000e+00 0.000000e+00
 outer loop
  vertex -7.0000000e-01 3.0000000e-03 -1.5000000e-02
  vertex -7.0000000e-01 5.0000000e-03 -1.5000000e-02
  vertex -7.0000000e-01 5.0000000e-03 -2.6000000e-02
 endloop
endfacet
facet normal -1.000000e+00 0.000000e+00 0.000000e+00
 outer loop
  vertex -7.0000000e-01 3.0000000e-03 -1.5000000e-02
  vertex -7.0000000e-01 5.0000000e-03 -2.6000000e-02
  vertex -7.0000000e-01 3.0000000e-03 -2.6000000e-02
 endloop
endfacet
facet normal 0.000000e+00 0.000000e+00 -1.000000e+00
 outer loop
  vertex -7.0000000e-01 5.0000000e-03 -2.6000000e-02
  vertex -8.5000000e-02 5.0000000e-03 -2.6000000e-02
  vertex -8.5000000e-02 3.0000000e-03 -2.6000000e-02
 endloop
endfacet
facet normal 0.000000e+00 0.000000e+00 -1.000000e+00
 outer loop
  vertex -7.0000000e-01 5.0000000e-03 -2.6000000e-02
  vertex -8.5000000e-02 3.0000000e-03 -2.6000000e-02
  vertex -7.0000000e-01 3.0000000e-03 -2.6000000e-02
 endloop
endfacet
facet normal -1.000000e+00 0.000000e+00 0.000000e+00
 outer loop
  vertex -7.0000000e-01 5.0000000e-03 -1.5000000e-02
  vertex -7.0000000e-01 1.1000000e-02 -1.5000000e-02
  vertex -7.0000000e-01 1.1000000e-02 -2.6000000e-02
 endloop
endfacet
facet normal -1.000000e+00 0.000000e+00 0.000000e+00
 outer loop
  vertex -7.0000000e-01 5.0000000e-03 -1.5000000e-02
  vertex -7.0000000e-01 1.1000000e-02 -2.6000000e-02
  vertex -7.0000000e-01 5.0000000e-03 -2.6000000e-02
 endloop
endfacet
facet normal 0.000000e+00 0.000000e+00 -1.000000e+00
 outer loop
  vertex -7.0000000e-01 1.1000000e-02 -2.6000000e-02
  vertex -8.5000000e-02 1.1000000e-02 -2.6000000e-02
  vertex -8.5000000e-02 5.0000000e-03 -2.6000000e-02
 endloop
endfacet
facet normal 0.000000e+00 0.000000e+00 -1.000000e+00
 outer loop
  vertex -7.0000000e-01 1.1000000e-02 -2.6000000e-02
  vertex -8.5000000e-02 5.0000000e-03 -2.6000000e-02
  vertex -7.0000000e-01 5.0000000e-03 -2.6000000e-02
 endloop
endfacet
facet normal -1.000000e+00 0.000000e+00 0.000000e+00
 outer loop
  vertex -7.0000000e-01 1.1000000e-02 -1.5000000e-02
  vertex -7.0000000e-01 1.8000000e-02 -1.5000000e-02
  vertex -7.0000000e-01 1.8000000e-02 -2.6000000e-02
 endloop
endfacet
facet normal -1.000000e+00 0.000000e+00 0.000000e+00
 outer loop
  vertex -7.0000000e-01 1.1000000e-02 -1.5000000e-02
  vertex -7.0000000e-01 1.8000000e-02 -2.6000000e-02
  vertex -7.0000000e-01 1.1000000e-02 -2.6000000e-02
 endloop
endfacet
facet normal 0.000000e+00 0.000000e+00 -1.000000e+00
 outer loop
  vertex -7.0000000e-01 1.8000000e-02 -2.6000000e-02
  vertex -8.5000000e-02 1.8000000e-02 -2.6000000e-02
  vertex -8.5000000e-02 1.1000000e-02 -2.6000000e-02
 endloop
endfacet
facet normal 0.000000e+00 0.000000e+00 -1.000000e+00
 outer loop
  vertex -7.0000000e-01 1.8000000e-02 -2.6000000e-02
  vertex -8.5000000e-02 1.1000000e-02 -2.6000000e-02
  vertex -7.0000000e-01 1.1000000e-02 -2.6000000e-02
 endloop
endfacet
facet normal -1.000000e+00 0.000000e+00 0.000000e+00
 outer loop
  vertex -7.0000000e-01 1.8000000e-02 -1.5000000e-02
  vertex -7.0000000e-01 5.5000000e-02 -1.5000000e-02
  vertex -7.0000000e-01 5.5000000e-02 -2.6000000e-02
 endloop
endfacet
facet normal -1.000000e+00 0.000000e+00 0.000000e+00
 outer loop
  vertex -7.0000000e-01 1.8000000e-02 -1.5000000e-02
  vertex -7.0000000e-01 5.5000000e-02 -2.6000000e-02
  vertex -7.0000000e-01 1.8000000e-02 -2.6000000e-02
 endloop
endfacet
facet normal 0.000000e+00 0.000000e+00 -1.000000e+00
 outer loop
  vertex -7.0000000e-01 5.5000000e-02 -2.6000000e-02
  vertex -8.5000000e-02 5.5000000e-02 -2.6000000e-02
  vertex -8.5000000e-02 1.8000000e-02 -2.6000000e-02
 endloop
endfacet
facet normal 0.000000e+00 0.000000e+00 -1.000000e+00
 outer loop
  vertex -7.0000000e-01 5.5000000e-02 -2.6000000e-02
  vertex -8.5000000e-02 1.8000000e-02 -2.6000000e-02
  vertex -7.0000000e-01 1.8000000e-02 -2.6000000e-02
 endloop
endfacet
facet normal -1.000000e+00 0.000000e+00 0.000000e+00
 outer loop
  vertex -7.0000000e-01 5.5000000e-02 -1.5000000e-02
  vertex -7.0000000e-01 8.5000000e-02 -1.5000000e-02
  vertex -7.0000000e-01 8.5000000e-02 -2.6000000e-02
 endloop
endfacet
facet normal -1.000000e+00 0.000000e+00 0.000000e+00
 outer loop
  vertex -7.0000000e-01 5.5000000e-02 -1.5000000e-02
  vertex -7.0000000e-01 8.5000000e-02 -2.6000000e-02
  vertex -7.0000000e-01 5.5000000e-02 -2.6000000e-02
 endloop
endfacet
facet normal 0.000000e+00 0.000000e+00 -1.000000e+00
 outer loop
  vertex -7.0000000e-01 8.5000000e-02 -2.6000000e-02
  vertex -8.5000000e-02 8.5000000e-02 -2.6000000e-02
  vertex -8.5000000e-02 5.5000000e-02 -2.6000000e-02
 endloop
endfacet
facet normal 0.000000e+00 0.000000e+00 -1.000000e+00
 outer loop
  vertex -7.0000000e-01 8.5000000e-02 -2.6000000e-02
  vertex -8.5000000e-02 5.5000000e-02 -2.6000000e-02
  vertex -7.0000000e-01 5.5000000e-02 -2.6000000e-02
 endloop
endfacet
facet normal -1.000000e+00 0.000000e+00 0.000000e+00
 outer loop
  vertex -7.0000000e-01 8.5000000e-02 -1.5000000e-02
  vertex -7.0000000e-01 6.0000000e-01 -1.5000000e-02
  vertex -7.0000000e-01 6.0000000e-01 -2.6000000e-02
 endloop
endfacet
facet normal -1.000000e+00 0.000000e+00 0.000000e+00
 outer loop
  vertex -7.0000000e-01 8.5000000e-02 -1.5000000e-02
  vertex -7.0000000e-01 6.0000000e-01 -2.6000000e-02
  vertex -7.0000000e-01 8.5000000e-02 -2.6000000e-02
 endloop
endfacet
facet normal -0.000000e+00 1.000000e+00 0.000000e+00
 outer loop
  vertex -7.0000000e-01 6.0000000e-01 -1.5000000e-02
  vertex -8.5000000e-02 6.0000000e-01 -1.5000000e-02
  vertex -8.5000000e-02 6.0000000e-01 -2.6000000e-02
 endloop
endfacet
facet normal 0.000000e+00 1.000000e+00 0.000000e+00
 outer loop
  vertex -7.0000000e-01 6.0000000e-01 -1.5000000e-02
  vertex -8.5000000e-02 6.0000000e-01 -2.6000000e-02
  vertex -7.0000000e-01 6.0000000e-01 -2.6000000e-02
 endloop
endfacet
facet normal 0.000000e+00 0.000000e+00 -1.000000e+00
 outer loop
  vertex -7.0000000e-01 6.0000000e-01 -2.6000000e-02
  vertex -8.5000000e-02 6.0000000e-01 -2.6000000e-02
  vertex -8.5000000e-02 8.5000000e-02 -2.6000000e-02
 endloop
endfacet
facet normal 0.000000e+00 0.000000e+00 -1.000000e+00
 outer loop
  vertex -7.0000000e-01 6.0000000e-01 -2.6000000e-02
  vertex -8.5000000e-02 8.5000000e-02 -2.6000000e-02
  vertex -7.0000000e-01 8.5000000e-02 -2.6000000e-02
 endloop
endfacet
facet normal 0.000000e+00 -1.000000e+00 0.000000e+00
 outer loop
  vertex -8.5000000e-02 -6.0000000e-01 -2.6000000e-02
  vertex -1.8000000e-02 -6.0000000e-01 -2.6000000e-02
  vertex -1.8000000e-02 -6.0000000e-01 -1.5000000e-02
 endloop
endfacet
facet normal 0.000000e+00 -1.000000e+00 0.000000e+00
 outer loop
  vertex -8.5000000e-02 -6.0000000e-01 -2.6000000e-02
  vertex -1.8000000e-02 -6.0000000e-01 -1.5000000e-02
  vertex -8.5000000e-02 -6.0000000e-01 -1.5000000e-02
 endloop
endfacet
facet normal 0.000000e+00 0.000000e+00 -1.000000e+00
 outer loop
  vertex -8.5000000e-02 -8.5000000e-02 -2.6000000e-02
  vertex -1.8000000e-02 -8.5000000e-02 -2.6000000e-02
  vertex -1.8000000e-02 -6.0000000e-01 -2.6000000e-02
 endloop
endfacet
facet normal 0.000000e+00 0.000000e+00 -1.000000e+00
 outer loop
  vertex -8.5000000e-02 -8.5000000e-02 -2.6000000e-02
  vertex -1.8000000e-02 -6.0000000e-01 -2.6000000e-02
  vertex -8.5000000e-02 -6.0000000e-01 -2.6000000e-02
 endloop
endfacet
facet normal 0.000000e+00 0.000000e+00 -1.000000e+00
 outer loop
  vertex -8.5000000e-02 -5.5000000e-02 -2.6000000e-02
  vertex -1.8000000e-02 -5.5000000e-02 -2.6000000e-02
  vertex -1.8000000e-02 -8.5000000e-02 -2.6000000e-02
 endloop
endfacet
facet normal 0.000000e+00 0.000000e+00 -1.000000e+00
 outer loop
  vertex -8.5000000e-02 -5.5000000e-02 -2.6000000e-02
  vertex -1.8000000e-02 -8.5000000e-02 -2.6000000e-02
  vertex -8.5000000e-02 -8.5000000e-02 -2.6000000e-02
 endloop
endfacet
facet normal -1.000000e+00 0.000000e+00 0.000000e+00
 outer loop
  vertex -8.5000000e-02 -8.5000000e-02 0.0000000e+00
  vertex -8.5000000e-02 -5.5000000e-02 0.0000000e+00
  vertex -8.5000000e-02 -5.5000000e-02 -5.0000000e-03
 endloop
endfacet
facet normal -1.000000e+00 0.000000e+00 0.000000e+00
 outer loop
  vertex -8.5000000e-02 -8.5000000e-02 0.0000000e+00
  vertex -8.5000000e-02 -5.5000000e-02 -5.0000000e-03
  vertex -8.5000000e-02 -8.5000000e-02 -5.0000000e-03
 endloop
endfacet
facet normal 0.000000e+00 -1.000000e+00 0.000000e+00
 outer loop
  vertex -8.5000000e-02 -8.5000000e-02 -5.0000000e-03
  vertex -1.8000000e-02 -8.5000000e-02 -5.0000000e-03
  vertex -1.8000000e-02 -8.5000000e-02 0.0000000e+00
 endloop
endfacet
facet normal 0.000000e+00 -1.000000e+00 0.000000e+00
 outer loop
  vertex -8.5000000e-02 -8.5000000e-02 -5.0000000e-03
  vertex -1.8000000e-02 -8.5000000e-02 0.0000000e+00
  vertex -8.5000000e-02 -8.5000000e-02 0.0000000e+00
 endloop
endfacet
facet normal 0.000000e+00 0.000000e+00 1.000000e+00
 outer loop
  vertex -8.5000000e-02 -8.5000000e-02 0.0000000e+00
  vertex -1.8000000e-02 -8.5000000e-02 0.0000000e+00
  vertex -1.8000000e-02 -5.5000000e-02 0.0000000e+00
 endloop
endfacet
facet normal 0.000000e+00 0.000000e+00 1.000000e+00
 outer loop
  vertex -8.5000000e-02 -8.5000000e-02 0.0000000e+00
  vertex -1.8000000e-02 -5.5000000e-02 0.0000000e+00
  vertex -8.5000000e-02 -5.5000000e-02 0.0000000e+00
 endloop
endfacet
facet normal 0.000000e+00 0.000000e+00 -1.000000e+00
 outer loop
  vertex -8.5000000e-02 -5.5000000e-02 -5.0000000e-03
  vertex -1.8000000e-02 -5.5000000e-02 -5.0000000e-03
  vertex -1.8000000e-02 -8.5000000e-02 -5.0000000e-03
 endloop
endfacet
facet normal 0.000000e+00 0.000000e+00 -1.000000e+00
 outer loop
  vertex -8.5000000e-02 -5.5000000e-02 -5.0000000e-03
  vertex -1.8000000e-02 -8.5000000e-02 -5.0000000e-03
  vertex -8.5000000e-02 -8.5000000e-02 -5.0000000e-03
 endloop
endfacet
facet normal 0.000000e+00 0.000000e+00 -1.000000e+00
 outer loop
  vertex -8.5000000e-02 -1.8000000e-02 -2.6000000e-02
  vertex -1.8000000e-02 -1.8000000e-02 -2.6000000e-02
  vertex -1.8000000e-02 -5.5000000e-02 -2.6000000e-02
 endloop
endfacet
facet normal 0.000000e+00 0.000000e+00 -1.000000e+00
 outer loop
  vertex -8.5000000e-02 -1.8000000e-02 -2.6000000e-02
  vertex -1.8000000e-02 -5.5000000e-02 -2.6000000e-02
  vertex -8.5000000e-02 -5.5000000e-02 -2.6000000e-02
 endloop
endfacet
facet normal -1.000000e+00 0.000000e+00 0.000000e+00
 outer loop
  vertex -8.5000000e-02 -5.5000000e-02 -5.0000000e-03
  vertex -8.5000000e-02 -1.8000000e-02 -5.0000000e-03
  vertex -8.5000000e-02 -1.8000000e-02 -1.5000000e-02
 endloop
endfacet
facet normal -1.000000e+00 0.000000e+00 0.000000e+00
 outer loop
  vertex -8.5000000e-02 -5.5000000e-02 -5.0000000e-03
  vertex -8.5000000e-02 -1.8000000e-02 -1.5000000e-02
  vertex -8.5000000e-02 -5.5000000e-02 -1.5000000e-02
 endloop
endfacet
facet normal 0.000000e+00 -1.000000e+00 0.000000e+00
 outer loop
  vertex -8.5000000e-02 -5.5000000e-02 -1.5000000e-02
  vertex -1.8000000e-02 -5.5000000e-02 -1.5000000e-02
  vertex -1.8000000e-02 -5.5000000e-02 -5.0000000e-03
 endloop
endfacet
facet normal 0.000000e+00 -1.000000e+00 0.000000e+00
 outer loop
  vertex -8.5000000e-02 -5.5000000e-02 -1.5000000e-02
  vertex -1.8000000e-02 -5.5000000e-02 -5.0000000e-03
  vertex -8.5000000e-02 -5.5000000e-02 -5.0000000e-03
 endloop
endfacet
facet normal -1.000000e+00 0.000000e+00 0.000000e+00
 outer loop
  vertex -8.5000000e-02 -5.5000000e-02 0.0000000e+00
  vertex -8.5000000e-02 -1.8000000e-02 0.0000000e+00
  vertex -8.5000000e-02 -1.8000000e-02 -5.0000000e-03
 endloop
endfacet
facet normal -1.000000e+00 0.000000e+00 0.000000e+00
 outer loop
  vertex -8.5000000e-02 -5.5000000e-02 0.0000000e+00
  vertex -8.5000000e-02 -1.8000000e-02 -5.0000000e-03
  vertex -8.5000000e-02 -5.5000000e-02 -5.0000000e-03
 endloop
endfacet
facet normal 0.000000e+00 0.000000e+00 1.000000e+00
 outer loop
  vertex -8.5000000e-02 -5.5000000e-02 0.0000000e+00
  vertex -1.8000000e-02 -5.5000000e-02 0.0000000e+00
  vertex -1.8000000e-02 -1.8000000e-02 0.0000000e+00
 endloop
endfacet
facet normal 0.000000e+00 0.000000e+00 1.000000e+00
 outer loop
  vertex -8.5000000e-02 -5.5000000e-02 0.0000000e+00
  vertex -1.8000000e-02 -1.8000000e-02 0.0000000e+00
  vertex -8.5000000e-02 -1.8000000e-02 0.0000000e+00
 endloop
endfacet
facet normal 0.000000e+00 0.000000e+00 -1.000000e+00
 outer loop
  vertex -8.5000000e-02 -1.1000000e-02 -2.6000000e-02
  vertex -1.8000000e-02 -1.1000000e-02 -2.6000000e-02
  vertex -1.8000000e-02 -1.8000000e-02 -2.6000000e-02
 endloop
endfacet
facet normal 0.000000e+00 0.000000e+00 -1.000000e+00
 outer loop
  vertex -8.5000000e-02 -1.1000000e-02 -2.6000000e-02
  vertex -1.8000000e-02 -1.8000000e-02 -2.6000000e-02
  vertex -8.5000000e-02 -1.8000000e-02 -2.6000000e-02
 endloop
endfacet
facet normal -1.000000e+00 0.000000e+00 0.000000e+00
 outer loop
  vertex -8.5000000e-02 -1.8000000e-02 -5.0000000e-03
  vertex -8.5000000e-02 -1.1000000e-02 -5.0000000e-03
  vertex -8.5000000e-02 -1.1000000e-02 -1.5000000e-02
 endloop
endfacet
facet normal -1.000000e+00 0.000000e+00 0.000000e+00
 outer loop
  vertex -8.5000000e-02 -1.8000000e-02 -5.0000000e-03
  vertex -8.5000000e-02 -1.1000000e-02 -1.5000000e-02
  vertex -8.5000000e-02 -1.8000000e-02 -1.5000000e-02
 endloop
endfacet
facet normal -1.000000e+00 0.000000e+00 0.000000e+00
 outer loop
  vertex -8.5000000e-02 -1.8000000e-02 0.0000000e+00
  vertex -8.5000000e-02 -1.1000000e-02 0.0000000e+00
  vertex -8.5000000e-02 -1.1000000e-02 -5.0000000e-03
 endloop
endfacet
facet normal -1.000000e+00 0.000000e+00 0.000000e+00
 outer loop
  vertex -8.5000000e-02 -1.8000000e-02 0.0000000e+00
  vertex -8.5000000e-02 -1.1000000e-02 -5.0000000e-03
  vertex -8.5000000e-02 -1.8000000e-02 -5.0000000e-03
 endloop
endfacet
facet normal 0.000000e+00 0.000000e+00 1.000000e+00
 outer loop
  vertex -8.5000000e-02 -1.8000000e-02 0.0000000e+00
  vertex -1.8000000e-02 -1.8000000e-02 0.0000000e+00
  vertex -1.8000000e-02 -1.1000000e-02 0.0000000e+00
 endloop
endfacet
facet normal 0.000000e+00 0.000000e+00 1.000000e+00
 outer loop
  vertex -8.5000000e-02 -1.8000000e-02 0.0000000e+00
  vertex -1.8000000e-02 -1.1000000e-02 0.0000000e+00
  vertex -8.5000000e-02 -1.1000000e-02 0.0000000e+00
 endloop
endfacet
facet normal 0.000000e+00 0.000000e+00 -1.000000e+00
 outer loop
  vertex -8.5000000e-02 -5.0000000e-03 -2.6000000e-02
  vertex -1.8000000e-02 -5.0000000e-03 -2.6000000e-02
  vertex -1.8000000e-02 -1.1000000e-02 -2.6000000e-02
 endloop
endfacet
facet normal 0.000000e+00 0.000000e+00 -1.000000e+00
 outer loop
  vertex -8.5000000e-02 -5.0000000e-03 -2.6000000e-02
  vertex -1.8000000e-02 -1.1000000e-02 -2.6000000e-02
  vertex -8.5000000e-02 -1.1000000e-02 -2.6000000e-02
 endloop
endfacet
facet normal -1.000000e+00 0.000000e+00 0.000000e+00
 outer loop
  vertex -8.5000000e-02 -1.1000000e-02 -5.0000000e-03
  vertex -8.5000000e-02 -5.0000000e-03 -5.0000000e-03
  vertex -8.5000000e-02 -5.0000000e-03 -1.5000000e-02
 endloop
endfacet
facet normal -1.000000e+00 0.000000e+00 0.000000e+00
 outer loop
  vertex -8.5000000e-02 -1.1000000e-02 -5.0000000e-03
  vertex -8.5000000e-02 -5.0000000e-03 -1.5000000e-02
  vertex -8.5000000e-02 -1.1000000e-02 -1.5000000e-02
 endloop
endfacet
facet normal -1.000000e+00 0.000000e+00 0.000000e+00
 outer loop
  vertex -8.5000000e-02 -1.1000000e-02 0.0000000e+00
  vertex -8.5000000e-02 -5.0000000e-03 0.0000000e+00
  vertex -8.5000000e-02 -5.0000000e-03 -5.0000000e-03
 endloop
endfacet
facet normal -1.000000e+00 0.000000e+00 0.000000e+00
 outer loop
  vertex -8.5000000e-02 -1.1000000e-02 0.0000000e+00
  vertex -8.5000000e-02 -5.0000000e-03 -5.0000000e-03
  vertex -8.5000000e-02 -1.1000000e-02 -5.0000000e-03
 endloop
endfacet
facet normal 0.000000e+00 0.000000e+00 1.000000e+00
 outer loop
  vertex -8.5000000e-02 -1.1000000e-02 0.0000000e+00
  vertex -1.8000000e-02 -1.1000000e-02 0.0000000e+00
  vertex -1.8000000e-02 -5.0000000e-03 0.0000000e+00
 endloop
endfacet
facet normal 0.000000e+00 0.000000e+00 1.000000e+00
 outer loop
  vertex -8.5000000e-02 -1.1000000e-02 0.0000000e+00
  vertex -1.8000000e-02 -5.0000000e-03 0.0000000e+00
  vertex -8.5000000e-02 -5.0000000e-03 0.0000000e+00
 endloop
endfacet
facet normal 0.000000e+00 0.000000e+00 -1.000000e+00
 outer loop
  vertex -8.5000000e-02 -3.0000000e-03 -2.6000000e-02
  vertex -1.8000000e-02 -3.0000000e-03 -2.6000000e-02
  vertex -1.8000000e-02 -5.0000000e-03 -2.6000000e-02
 endloop
endfacet
facet normal 0.000000e+00 0.000000e+00 -1.000000e+00
 outer loop
  vertex -8.5000000e-02 -3.0000000e-03 -2.6000000e-02
  vertex -1.8000000e-02 -5.0000000e-03 -2.6000000e-02
  vertex -8.5000000e-02 -5.0000000e-03 -2.6000000e-02
 endloop
endfacet
facet normal -1.000000e+00 0.000000e+00 0.000000e+00
 outer loop
  vertex -8.5000000e-02 -5.0000000e-03 -5.0000000e-03
  vertex -8.5000000e-02 -3.0000000e-03 -5.0000000e-03
  vertex -8.5000000e-02 -3.0000000e-03 -1.5000000e-02
 endloop
endfacet
facet normal -1.000000e+00 0.000000e+00 0.000000e+00
 outer loop
  vertex -8.5000000e-02 -5.0000000e-03 -5.0000000e-03
  vertex -8.5000000e-02 -3.0000000e-03 -1.5000000e-02
  vertex -8.5000000e-02 -5.0000000e-03 -1.5000000e-02
 endloop
endfacet
facet normal -1.000000e+00 0.000000e+00 0.000000e+00
 outer loop
  vertex -8.5000000e-02 -5.0000000e-03 0.0000000e+00
  vertex -8.5000000e-02 -3.0000000e-03 0.0000000e+00
  vertex -8.5000000e-02 -3.0000000e-03 -5.0000000e-03
 endloop
endfacet
facet normal -1.000000e+00 0.000000e+00 0.000000e+00
 outer loop
  vertex -8.5000000e-02 -5.0000000e-03 0.0000000e+00
  vertex -8.5000000e-02 -3.0000000e-03 -5.0000000e-03
  vertex -8.5000000e-02 -5.0000000e-03 -5.0000000e-03
 endloop
endfacet
facet normal 0.000000e+00 0.000000e+00 1.000000e+00
 outer loop
  vertex -8.5000000e-02 -5.0000000e-03 0.0000000e+00
  vertex -1.8000000e-02 -5.0000000e-03 0.0000000e+00
  vertex -1.8000000e-02 -3.0000000e-03 0.0000000e+00
 endloop
endfacet
facet normal 0.000000e+00 0.000000e+00 1.000000e+00
 outer loop
  vertex -8.5000000e-02 -5.0000000e-03 0.0000000e+00
  vertex -1.8000000e-02 -3.0000000e-03 0.0000000e+00
  vertex -8.5000000e-02 -3.0000000e-03 0.0000000e+00
 endloop
endfacet
facet normal 0.000000e+00 0.000000e+00 -1.000000e+00
 outer loop
  vertex -8.5000000e-02 3.0000000e-03 -2.6000000e-02
  vertex -1.8000000e-02 3.0000000e-03 -2.6000000e-02
  vertex -1.8000000e-02 -3.0000000e-03 -2.6000000e-02
 endloop
endfacet
facet normal 0.000000e+00 0.000000e+00 -1.000000e+00
 outer loop
  vertex -8.5000000e-02 3.0000000e-03 -2.6000000e-02
  vertex -1.8000000e-02 -3.0000000e-03 -2.6000000e-02
  vertex -8.5000000e-02 -3.0000000e-03 -2.6000000e-02
 endloop
endfacet
facet normal -1.000000e+00 0.000000e+00 0.000000e+00
 outer loop
  vertex -8.5000000e-02 -3.0000000e-03 -5.0000000e-03
  vertex -8.5000000e-02 3.0000000e-03 -5.0000000e-03
  vertex -8.5000000e-02 3.0000000e-03 -1.5000000e-02
 endloop
endfacet
facet normal -1.000000e+00 0.000000e+00 0.000000e+00
 outer loop
  vertex -8.5000000e-02 -3.0000000e-03 -5.0000000e-03
  vertex -8.5000000e-02 3.0000000e-03 -1.5000000e-02
  vertex -8.5000000e-02 -3.0000000e-03 -1.5000000e-02
 endloop
endfacet
facet normal -1.000000e+00 0.000000e+00 0.000000e+00
 outer loop
  vertex -8.5000000e-02 -3.0000000e-03 0.0000000e+00
  vertex -8.5000000e-02 3.0000000e-03 0.0000000e+00
  vertex -8.5000000e-02 3.0000000e-03 -5.0000000e-03
 endloop
endfacet
facet normal -1.000000e+00 0.000000e+00 0.000000e+00
 outer loop
  vertex -8.5000000e-02 -3.0000000e-03 0.0000000e+00
  vertex -8.5000000e-02 3.0000000e-03 -5.0000000e-03
  vertex -8.5000000e-02 -3.0000000e-03 -5.0000000e-03
 endloop
endfacet
facet normal 0.000000e+00 0.000000e+00 1.000000e+00
 outer loop
  vertex -8.5000000e-02 -3.0000000e-03 0.0000000e+00
  vertex -1.8000000e-02 -3.0000000e-03 0.0000000e+00
  vertex -1.8000000e-02 3.0000000e-03 0.0000000e+00
 endloop
endfacet
facet normal 0.000000e+00 0.000000e+00 1.000000e+00
 outer loop
  vertex -8.5000000e-02 -3.0000000e-03 0.0000000e+00
  vertex -1.8000000e-02 3.0000000e-03 0.0000000e+00
  vertex -8.5000000e-02 3.0000000e-03 0.0000000e+00
 endloop
endfacet
facet normal 0.000000e+00 0.000000e+00 -1.000000e+00
 outer loop
  vertex -8.5000000e-02 5.0000000e-03 -2.6000000e-02
  vertex -1.8000000e-02 5.0000000e-03 -2.6000000e-02
  vertex -1.8000000e-02 3.0000000e-03 -2.6000000e-02
 endloop
endfacet
facet normal 0.000000e+00 0.000000e+00 -1.000000e+00
 outer loop
  vertex -8.5000000e-02 5.0000000e-03 -2.6000000e-02
  vertex -1.8000000e-02 3.0000000e-03 -2.6000000e-02
  vertex -8.5000000e-02 3.0000000e-03 -2.6000000e-02
 endloop
endfacet
facet normal -1.000000e+00 0.000000e+00 0.000000e+00
 outer loop
  vertex -8.5000000e-02 3.0000000e-03 -5.0000000e-03
  vertex -8.5000000e-02 5.0000000e-03 -5.0000000e-03
  vertex -8.5000000e-02 5.0000000e-03 -1.5000000e-02
 endloop
endfacet
facet normal -1.000000e+00 0.000000e+00 0.000000e+00
 outer loop
  vertex -8.5000000e-02 3.0000000e-03 -5.0000000e-03
  vertex -8.5000000e-02 5.0000000e-03 -1.5000000e-02
  vertex -8.5000000e-02 3.0000000e-03 -1.5000000e-02
 endloop
endfacet
facet normal -1.000000e+00 0.000000e+00 0.000000e+00
 outer loop
  vertex -8.5000000e-02 3.0000000e-03 0.0000000e+00
  vertex -8.5000000e-02 5.0000000e-03 0.0000000e+00
  vertex -8.5000000e-02 5.0000000e-03 -5.0000000e-03
 endloop
endfacet
facet normal -1.000000e+00 0.000000e+00 0.000000e+00
 outer loop
  vertex -8.5000000e-02 3.0000000e-03 0.0000000e+00
  vertex -8.5000000e-02 5.0000000e-03 -5.0000000e-03
  vertex -8.5000000e-02 3.0000000e-03 -5.0000000e-03
 endloop
endfacet
facet normal 0.000000e+00 0.000000e+00 1.000000e+00
 outer loop
  vertex -8.5000000e-02 3.0000000e-03 0.0000000e+00
  vertex -1.8000000e-02 3.0000000e-03 0.0000000e+00
  vertex -1.8000000e-02 5.0000000e-03 0.0000000e+00
 endloop
endfacet
facet normal 0.000000e+00 0.000000e+00 1.000000e+00
 outer loop
  vertex -8.5000000e-02 3.0000000e-03 0.0000000e+00
  vertex -1.8000000e-02 5.0000000e-03 0.0000000e+00
  vertex -8.5000000e-02 5.0000000e-03 0.0000000e+00
 endloop
endfacet
facet normal 0.000000e+00 0.000000e+00 -1.000000e+00
 outer loop
  vertex -8.5000000e-02 1.1000000e-02 -2.6000000e-02
  vertex -1.8000000e-02 1.1000000e-02 -2.6000000e-02
  vertex -1.8000000e-02 5.0000000e-03 -2.6000000e-02
 endloop
endfacet
facet normal 0.000000e+00 0.000000e+00 -1.000000e+00
 outer loop
  vertex -8.5000000e-02 1.1000000e-02 -2.6000000e-02
  vertex -1.8000000e-02 5.0000000e-03 -2.6000000e-02
  vertex -8.5000000e-02 5.0000000e-03 -2.6000000e-02
 endloop
endfacet
facet normal -1.000000e+00 0.000000e+00 0.000000e+00
 outer loop
  vertex -8.5000000e-02 5.0000000e-03 -5.0000000e-03
  vertex -8.5000000e-02 1.1000000e-02 -5.0000000e-03
  vertex -8.5000000e-02 1.1000000e-02 -1.5000000e-02
 endloop
endfacet
facet normal -1.000000e+00 0.000000e+00 0.000000e+00
 outer loop
  vertex -8.5000000e-02 5.0000000e-03 -5.0000000e-03
  vertex -8.5000000e-02 1.1000000e-02 -1.5000000e-02
  vertex -8.5000000e-02 5.0000000e-03 -1.5000000e-02
 endloop
endfacet
facet normal -1.000000e+00 0.000000e+00 0.000000e+00
 outer loop
  vertex -8.5000000e-02 5.0000000e-03 0.0000000e+00
  vertex -8.5000000e-02 1.1000000e-02 0.0000000e+00
  vertex -8.5000000e-02 1.1000000e-02 -5.0000000e-03
 endloop
endfacet
facet normal -1.000000e+00 0.000000e+00 0.000000e+00
 outer loop
  vertex -8.5000000e-02 5.0000000e-03 0.0000000e+00
  vertex -8.5000000e-02 1.1000000e-02 -5.0000000e-03
  vertex -8.5000000e-02 5.0000000e-03 -5.0000000e-03
 endloop
endfacet
facet normal 0.000000e+00 0.000000e+00 1.000000e+00
 outer loop
  vertex -8.5000000e-02 5.0000000e-03 0.0000000e+00
  vertex -1.8000000e-02 5.0000000e-03 0.0000000e+00
  vertex -1.8000000e-02 1.1000000e-02 0.0000000e+00
 endloop
endfacet
facet normal 0.000000e+00 0.000000e+00 1.000000e+00
 outer loop
  vertex -8.5000000e-02 5.0000000e-03 0.0000000e+00
  vertex -1.8000000e-02 1.1000000e-02 0.0000000e+00
  vertex -8.5000000e-02 1.1000000e-02 0.0000000e+00
 endloop
endfacet
facet normal 0.000000e+00 0.000000e+00 -1.000000e+00
 outer loop
  vertex -8.5000000e-02 1.8000000e-02 -2.6000000e-02
  vertex -1.8000000e-02 1.8000000e-02 -2.6000000e-02
  vertex -1.8000000e-02 1.1000000e-02 -2.6000000e-02
 endloop
endfacet
facet normal 0.000000e+00 0.000000e+00 -1.000000e+00
 outer loop
  vertex -8.5000000e-02 1.8000000e-02 -2.6000000e-02
  vertex -1.8000000e-02 1.1000000e-02 -2.6000000e-02
  vertex -8.5000000e-02 1.1000000e-02 -2.6000000e-02
 endloop
endfacet
facet normal -1.000000e+00 0.000000e+00 0.000000e+00
 outer loop
  vertex -8.5000000e-02 1.1000000e-02 -5.0000000e-03
  vertex -8.5000000e-02 1.8000000e-02 -5.0000000e-03
  vertex -8.5000000e-02 1.8000000e-02 -1.5000000e-02
 endloop
endfacet
facet normal -1.000000e+00 0.000000e+00 0.000000e+00
 outer loop
  vertex -8.5000000e-02 1.1000000e-02 -5.0000000e-03
  vertex -8.5000000e-02 1.8000000e-02 -1.5000000e-02
  vertex -8.5000000e-02 1.1000000e-02 -1.5000000e-02
 endloop
endfacet
facet normal -1.000000e+00 0.000000e+00 0.000000e+00
 outer loop
  vertex -8.5000000e-02 1.1000000e-02 0.0000000e+00
  vertex -8.5000000e-02 1.8000000e-02 0.0000000e+00
  vertex -8.5000000e-02 1.8000000e-02 -5.0000000e-03
 endloop
endfacet
facet normal -1.000000e+00 0.000000e+00 0.000000e+00
 outer loop
  vertex -8.5000000e-02 1.1000000e-02 0.0000000e+00
  vertex -8.5000000e-02 1.8000000e-02 -5.0000000e-03
  vertex -8.5000000e-02 1.1000000e-02 -5.0000000e-03
 endloop
endfacet
facet normal 0.000000e+00 0.000000e+00 1.000000e+00
 outer loop
  vertex -8.5000000e-02 1.1000000e-02 0.0000000e+00
  vertex -1.8000000e-02 1.1000000e-02 0.0000000e+00
  vertex -1.8000000e-02 1.8000000e-02 0.0000000e+00
 endloop
endfacet
facet normal 0.000000e+00 0.000000e+00 1.000000e+00
 outer loop
  vertex -8.5000000e-02 1.1000000e-02 0.0000000e+00
  vertex -1.8000000e-02 1.8000000e-02 0.0000000e+00
  vertex -8.5000000e-02 1.8000000e-02 0.0000000e+00
 endloop
endfacet
facet normal 0.000000e+00 0.000000e+00 -1.000000e+00
 outer loop
  vertex -8.5000000e-02 5.5000000e-02 -2.6000000e-02
  vertex -1.8000000e-02 5.5000000e-02 -2.6000000e-02
  vertex -1.8000000e-02 1.8000000e-02 -2.6000000e-02
 endloop
endfacet
facet normal 0.000000e+00 0.000000e+00 -1.000000e+00
 outer loop
  vertex -8.5000000e-02 5.5000000e-02 -2.6000000e-02
  vertex -1.8000000e-02 1.8000000e-02 -2.6000000e-02
  vertex -8.5000000e-02 1.8000000e-02 -2.6000000e-02
 endloop
endfacet
facet normal -1.000000e+00 0.000000e+00 0.000000e+00
 outer loop
  vertex -8.5000000e-02 1.8000000e-02 -5.0000000e-03
  vertex -8.5000000e-02 5.5000000e-02 -5.0000000e-03
  vertex -8.5000000e-02 5.5000000e-02 -1.5000000e-02
 endloop
endfacet
facet normal -1.000000e+00 0.000000e+00 0.000000e+00
 outer loop
  vertex -8.5000000e-02 1.8000000e-02 -5.0000000e-03
  vertex -8.5000000e-02 5.5000000e-02 -1.5000000e-02
  vertex -8.5000000e-02 1.8000000e-02 -1.5000000e-02
 endloop
endfacet
facet normal -0.000000e+00 1.000000e+00 0.000000e+00
 outer loop
  vertex -8.5000000e-02 5.5000000e-02 -5.0000000e-03
  vertex -1.8000000e-02 5.5000000e-02 -5.0000000e-03
  vertex -1.8000000e-02 5.5000000e-02 -1.5000000e-02
 endloop
endfacet
facet normal 0.000000e+00 1.000000e+00 0.000000e+00
 outer loop
  vertex -8.5000000e-02 5.5000000e-02 -5.0000000e-03
  vertex -1.8000000e-02 5.5000000e-02 -1.5000000e-02
  vertex -8.5000000e-02 5.5000000e-02 -1.5000000e-02
 endloop
endfacet
facet normal -1.000000e+00 0.000000e+00 0.000000e+00
 outer loop
  vertex -8.5000000e-02 1.8000000e-02 0.0000000e+00
  vertex -8.5000000e-02 5.5000000e-02 0.0000000e+00
  vertex -8.5000000e-02 5.5000000e-02 -5.0000000e-03
 endloop
endfacet
facet normal -1.000000e+00 0.000000e+00 0.000000e+00
 outer loop
  vertex -8.5000000e-02 1.8000000e-02 0.0000000e+00
  vertex -8.5000000e-02 5.5000000e-02 -5.0000000e-03
  vertex -8.5000000e-02 1.8000000e-02 -5.0000000e-03
 endloop
endfacet
facet normal 0.000000e+00 0.000000e+00 1.000000e+00
 outer loop
  vertex -8.5000000e-02 1.8000000e-02 0.0000000e+00
  vertex -1.8000000e-02 1.8000000e-02 0.0000000e+00
  vertex -1.8000000e-02 5.5000000e-02 0.0000000e+00
 endloop
endfacet
facet normal 0.000000e+00 0.000000e+00 1.000000e+00
 outer loop
  vertex -8.5000000e-02 1.8000000e-02 0.0000000e+00
  vertex -1.8000000e-02 5.5000000e-02 0.0000000e+00
  vertex -8.5000000e-02 5.5000000e-02 0.0000000e+00
 endloop
endfacet
facet normal 0.000000e+00 0.000000e+00 -1.000000e+00
 outer loop
  vertex -8.5000000e-02 8.5000000e-02 -2.6000000e-02
  vertex -1.8000000e-02 8.5000000e-02 -2.6000000e-02
  vertex -1.8000000e-02 5.5000000e-02 -2.6000000e-02
 endloop
endfacet
facet normal 0.000000e+00 0.000000e+00 -1.000000e+00
 outer loop
  vertex -8.5000000e-02 8.5000000e-02 -2.6000000e-02
  vertex -1.8000000e-02 5.5000000e-02 -2.6000000e-02
  vertex -8.5000000e-02 5.5000000e-02 -2.6000000e-02
 endloop
endfacet
facet normal -1.000000e+00 0.000000e+00 0.000000e+00
 outer loop
  vertex -8.5000000e-02 5.5000000e-02 0.0000000e+00
  vertex -8.5000000e-02 8.5000000e-02 0.0000000e+00
  vertex -8.5000000e-02 8.5000000e-02 -5.0000000e-03
 endloop
endfacet
facet normal -1.000000e+00 0.000000e+00 0.000000e+00
 outer loop
  vertex -8.5000000e-02 5.5000000e-02 0.0000000e+00
  vertex -8.5000000e-02 8.5000000e-02 -5.0000000e-03
  vertex -8.5000000e-02 5.5000000e-02 -5.0000000e-03
 endloop
endfacet
facet normal -0.000000e+00 1.000000e+00 0.000000e+00
 outer loop
  vertex -8.5000000e-02 8.5000000e-02 0.0000000e+00
  vertex -1.8000000e-02 8.5000000e-02 0.0000000e+00
  vertex -1.8000000e-02 8.5000000e-02 -5.0000000e-03
 endloop
endfacet
facet normal 0.000000e+00 1.000000e+00 0.000000e+00
 outer loop
  vertex -8.5000000e-02 8.5000000e-02 0.0000000e+00
  vertex -1.8000000e-02 8.5000000e-02 -5.0000000e-03
  vertex -8.5000000e-02 8.5000000e-02 -5.0000000e-03
 endloop
endfacet
facet normal 0.000000e+00 0.000000e+00 1.000000e+00
 outer loop
  vertex -8.5000000e-02 5.5000000e-02 0.0000000e+00
  vertex -1.8000000e-02 5.5000000e-02 0.0000000e+00
  vertex -1.8000000e-02 8.5000000e-02 0.0000000e+00
 endloop
endfacet
facet normal 0.000000e+00 0.000000e+00 1.000000e+00
 outer loop
  vertex -8.5000000e-02 5.5000000e-02 0.0000000e+00
  vertex -1.8000000e-02 8.5000000e-02 0.0000000e+00
  vertex -8.5000000e-02 8.5000000e-02 0.0000000e+00
 endloop
endfacet
facet normal 0.000000e+00 0.000000e+00 -1.000000e+00
 outer loop
  vertex -8.5000000e-02 8.5000000e-02 -5.0000000e-03
  vertex -1.8000000e-02 8.5000000e-02 -5.0000000e-03
  vertex -1.8000000e-02 5.5000000e-02 -5.0000000e-03
 endloop
endfacet
facet normal 0.000000e+00 0.000000e+00 -1.000000e+00
 outer loop
  vertex -8.5000000e-02 8.5000000e-02 -5.0000000e-03
  vertex -1.8000000e-02 5.5000000e-02 -5.0000000e-03
  vertex -8.5000000e-02 5.5000000e-02 -5.0000000e-03
 endloop
endfacet
facet normal -0.000000e+00 1.000000e+00 0.000000e+00
 outer loop
  vertex -8.5000000e-02 6.0000000e-01 -1.5000000e-02
  vertex -1.8000000e-02 6.0000000e-01 -1.5000000e-02
  vertex -1.8000000e-02 6.0000000e-01 -2.6000000e-02
 endloop
endfacet
facet normal 0.000000e+00 1.000000e+00 0.000000e+00
 outer loop
  vertex -8.5000000e-02 6.0000000e-01 -1.5000000e-02
  vertex -1.8000000e-02 6.0000000e-01 -2.6000000e-02
  vertex -8.5000000e-02 6.0000000e-01 -2.6000000e-02
 endloop
endfacet
facet normal 0.000000e+00 0.000000e+00 -1.000000e+00
 outer loop
  vertex -8.5000000e-02 6.0000000e-01 -2.6000000e-02
  vertex -1.8000000e-02 6.0000000e-01 -2.6000000e-02
  vertex -1.8000000e-02 8.5000000e-02 -2.6000000e-02
 endloop
endfacet
facet normal 0.000000e+00 0.000000e+00 -1.000000e+00
 outer loop
  vertex -8.5000000e-02 6.0000000e-01 -2.6000000e-02
  vertex -1.8000000e-02 8.5000000e-02 -2.6000000e-02
  vertex -8.5000000e-02 8.5000000e-02 -2.6000000e-02
 endloop
endfacet
facet normal 0.000000e+00 -1.000000e+00 0.000000e+00
 outer loop
  vertex -1.8000000e-02 -6.0000000e-01 -2.6000000e-02
  vertex -1.5716234e-02 -6.0000000e-01 -2.6000000e-02
  vertex -1.5716234e-02 -6.0000000e-01 -1.5000000e-02
 endloop
endfacet
facet normal 0.000000e+00 -1.000000e+00 0.000000e+00
 outer loop
  vertex -1.8000000e-02 -6.0000000e-01 -2.6000000e-02
  vertex -1.5716234e-02 -6.0000000e-01 -1.5000000e-02
  vertex -1.8000000e-02 -6.0000000e-01 -1.5000000e-02
 endloop
endfacet
facet normal 0.000000e+00 0.000000e+00 -1.000000e+00
 outer loop
  vertex -1.8000000e-02 -8.5000000e-02 -2.6000000e-02
  vertex -1.5716234e-02 -8.5000000e-02 -2.6000000e-02
  vertex -1.5716234e-02 -6.0000000e-01 -2.6000000e-02
 endloop
endfacet
facet normal 0.000000e+00 0.000000e+00 -1.000000e+00
 outer loop
  vertex -1.8000000e-02 -8.5000000e-02 -2.6000000e-02
  vertex -1.5716234e-02 -6.0000000e-01 -2.6000000e-02
  vertex -1.8000000e-02 -6.0000000e-01 -2.6000000e-02
 endloop
endfacet
facet normal 0.000000e+00 0.000000e+00 -1.000000e+00
 outer loop
  vertex -1.8000000e-02 -5.5000000e-02 -2.6000000e-02
  vertex -1.5716234e-02 -5.5000000e-02 -2.6000000e-02
  vertex -1.5716234e-02 -8.5000000e-02 -2.6000000e-02
 endloop
endfacet
facet normal 0.000000e+00 0.000000e+00 -1.000000e+00
 outer loop
  vertex -1.8000000e-02 -5.5000000e-02 -2.6000000e-02
  vertex -1.5716234e-02 -8.5000000e-02 -2.6000000e-02
  vertex -1.8000000e-02 -8.5000000e-02 -2.6000000e-02
 endloop
endfacet
facet normal 0.000000e+00 -1.000000e+00 0.000000e+00
 outer loop
  vertex -1.8000000e-02 -8.5000000e-02 -5.0000000e-03
  vertex -1.5716234e-02 -8.5000000e-02 -5.0000000e-03
  vertex -1.5716234e-02 -8.5000000e-02 0.0000000e+00
 endloop
endfacet
facet normal 0.000000e+00 -1.000000e+00 0.000000e+00
 outer loop
  vertex -1.8000000e-02 -8.5000000e-02 -5.0000000e-03
  vertex -1.5716234e-02 -8.5000000e-02 0.0000000e+00
  vertex -1.8000000e-02 -8.5000000e-02 0.0000000e+00
 endloop
endfacet
facet normal 0.000000e+00 0.000000e+00 1.000000e+00
 outer loop
  vertex -1.8000000e-02 -8.5000000e-02 0.0000000e+00
  vertex -1.5716234e-02 -8.5000000e-02 0.0000000e+00
  vertex -1.5716234e-02 -5.5000000e-02 0.0000000e+00
 endloop
endfacet
facet normal 0.000000e+00 0.000000e+00 1.000000e+00
 outer loop
  vertex -1.8000000e-02 -8.5000000e-02 0.0000000e+00
  vertex -1.5716234e-02 -5.5000000e-02 0.0000000e+00
  vertex -1.8000000e-02 -5.5000000e-02 0.0000000e+00
 endloop
endfacet
facet normal 0.000000e+00 0.000000e+00 -1.000000e+00
 outer loop
  vertex -1.8000000e-02 -5.5000000e-02 -5.0000000e-03
  vertex -1.5716234e-02 -5.5000000e-02 -5.0000000e-03
  vertex -1.5716234e-02 -8.5000000e-02 -5.0000000e-03
 endloop
endfacet
facet normal 0.000000e+00 0.000000e+00 -1.000000e+00
 outer loop
  vertex -1.8000000e-02 -5.5000000e-02 -5.0000000e-03
  vertex -1.5716234e-02 -8.5000000e-02 -5.0000000e-03
  vertex -1.8000000e-02 -8.5000000e-02 -5.0000000e-03
 endloop
endfacet
facet normal 0.000000e+00 0.000000e+00 -1.000000e+00
 outer loop
  vertex -1.8000000e-02 -1.8000000e-02 -2.6000000e-02
  vertex -1.5716234e-02 -1.8000000e-02 -2.6000000e-02
  vertex -1.5716234e-02 -5.5000000e-02 -2.6000000e-02
 endloop
endfacet
facet normal 0.000000e+00 0.000000e+00 -1.000000e+00
 outer loop
  vertex -1.8000000e-02 -1.8000000e-02 -2.6000000e-02
  vertex -1.5716234e-02 -5.5000000e-02 -2.6000000e-02
  vertex -1.8000000e-02 -5.5000000e-02 -2.6000000e-02
 endloop
endfacet
facet normal 0.000000e+00 -1.000000e+00 0.000000e+00
 outer loop
  vertex -1.8000000e-02 -5.5000000e-02 -1.5000000e-02
  vertex -1.5716234e-02 -5.5000000e-02 -1.5000000e-02
  vertex -1.5716234e-02 -5.5000000e-02 -5.0000000e-03
 endloop
endfacet
facet normal 0.000000e+00 -1.000000e+00 0.000000e+00
 outer loop
  vertex -1.8000000e-02 -5.5000000e-02 -1.5000000e-02
  vertex -1.5716234e-02 -5.5000000e-02 -5.0000000e-03
  vertex -1.8000000e-02 -5.5000000e-02 -5.0000000e-03
 endloop
endfacet
facet normal 0.000000e+00 0.000000e+00 1.000000e+00
 outer loop
  vertex -1.8000000e-02 -5.5000000e-02 0.0000000e+00
  vertex -1.5716234e-02 -5.5000000e-02 0.0000000e+00
  vertex -1.5716234e-02 -1.8000000e-02 0.0000000e+00
 endloop
endfacet
facet normal 0.000000e+00 0.000000e+00 1.000000e+00
 outer loop
  vertex -1.8000000e-02 -5.5000000e-02 0.0000000e+00
  vertex -1.5716234e-02 -1.8000000e-02 0.0000000e+00
  vertex -1.8000000e-02 -1.8000000e-02 0.0000000e+00
 endloop
endfacet
facet normal 0.000000e+00 0.000000e+00 -1.000000e+00
 outer loop
  vertex -1.8000000e-02 -1.1000000e-02 -2.6000000e-02
  vertex -1.5716234e-02 -1.1000000e-02 -2.6000000e-02
  vertex -1.5716234e-02 -1.8000000e-02 -2.6000000e-02
 endloop
endfacet
facet normal 0.000000e+00 0.000000e+00 -1.000000e+00
 outer loop
  vertex -1.8000000e-02 -1.1000000e-02 -2.6000000e-02
  vertex -1.5716234e-02 -1.8000000e-02 -2.6000000e-02
  vertex -1.8000000e-02 -1.8000000e-02 -2.6000000e-02
 endloop
endfacet
facet normal -1.000000e+00 0.000000e+00 0.000000e+00
 outer loop
  vertex -1.8000000e-02 -1.8000000e-02 5.0000000e-03
  vertex -1.8000000e-02 -1.1000000e-02 5.0000000e-03
  vertex -1.8000000e-02 -1.1000000e-02 0.0000000e+00
 endloop
endfacet
facet normal -1.000000e+00 0.000000e+00 0.000000e+00
 outer loop
  vertex -1.8000000e-02 -1.8000000e-02 5.0000000e-03
  vertex -1.8000000e-02 -1.1000000e-02 0.0000000e+00
  vertex -1.8000000e-02 -1.8000000e-02 0.0000000e+00
 endloop
endfacet
facet normal 0.000000e+00 -1.000000e+00 0.000000e+00
 outer loop
  vertex -1.8000000e-02 -1.8000000e-02 0.0000000e+00
  vertex -1.5716234e-02 -1.8000000e-02 0.0000000e+00
  vertex -1.5716234e-02 -1.8000000e-02 5.0000000e-03
 endloop
endfacet
facet normal 0.000000e+00 -1.000000e+00 0.000000e+00
 outer loop
  vertex -1.8000000e-02 -1.8000000e-02 0.0000000e+00
  vertex -1.5716234e-02 -1.8000000e-02 5.0000000e-03
  vertex -1.8000000e-02 -1.8000000e-02 5.0000000e-03
 endloop
endfacet
facet normal 0.000000e+00 0.000000e+00 1.000000e+00
 outer loop
  vertex -1.8000000e-02 -1.8000000e-02 5.0000000e-03
  vertex -1.5716234e-02 -1.8000000e-02 5.0000000e-03
  vertex -1.5716234e-02 -1.1000000e-02 5.0000000e-03
 endloop
endfacet
facet normal 0.000000e+00 0.000000e+00 1.000000e+00
 outer loop
  vertex -1.8000000e-02 -1.8000000e-02 5.0000000e-03
  vertex -1.5716234e-02 -1.1000000e-02 5.0000000e-03
  vertex -1.8000000e-02 -1.1000000e-02 5.0000000e-03
 endloop
endfacet
facet normal 0.000000e+00 0.000000e+00 -1.000000e+00
 outer loop
  vertex -1.8000000e-02 -5.0000000e-03 -2.6000000e-02
  vertex -1.5716234e-02 -5.0000000e-03 -2.6000000e-02
  vertex -1.5716234e-02 -1.1000000e-02 -2.6000000e-02
 endloop
endfacet
facet normal 0.000000e+00 0.000000e+00 -1.000000e+00
 outer loop
  vertex -1.8000000e-02 -5.0000000e-03 -2.6000000e-02
  vertex -1.5716234e-02 -1.1000000e-02 -2.6000000e-02
  vertex -1.8000000e-02 -1.1000000e-02 -2.6000000e-02
 endloop
endfacet
facet normal -1.000000e+00 0.000000e+00 0.000000e+00
 outer loop
  vertex -1.8000000e-02 -1.1000000e-02 5.0000000e-03
  vertex -1.8000000e-02 -5.0000000e-03 5.0000000e-03
  vertex -1.8000000e-02 -5.0000000e-03 0.0000000e+00
 endloop
endfacet
facet normal -1.000000e+00 0.000000e+00 0.000000e+00
 outer loop
  vertex -1.8000000e-02 -1.1000000e-02 5.0000000e-03
  vertex -1.8000000e-02 -5.0000000e-03 0.0000000e+00
  vertex -1.8000000e-02 -1.1000000e-02 0.0000000e+00
 endloop
endfacet
facet normal 0.000000e+00 0.000000e+00 1.000000e+00
 outer loop
  vertex -1.8000000e-02 -1.1000000e-02 5.0000000e-03
  vertex -1.5716234e-02 -1.1000000e-02 5.0000000e-03
  vertex -1.5716234e-02 -5.0000000e-03 5.0000000e-03
 endloop
endfacet
facet normal 0.000000e+00 0.000000e+00 1.000000e+00
 outer loop
  vertex -1.8000000e-02 -1.1000000e-02 5.0000000e-03
  vertex -1.5716234e-02 -5.0000000e-03 5.0000000e-03
  vertex -1.8000000e-02 -5.0000000e-03 5.0000000e-03
 endloop
endfacet
facet normal 0.000000e+00 0.000000e+00 -1.000000e+00
 outer loop
  vertex -1.8000000e-02 -3.0000000e-03 -2.6000000e-02
  vertex -1.5716234e-02 -3.0000000e-03 -2.6000000e-02
  vertex -1.5716234e-02 -5.0000000e-03 -2.6000000e-02
 endloop
endfacet
facet normal 0.000000e+00 0.000000e+00 -1.000000e+00
 outer loop
  vertex -1.8000000e-02 -3.0000000e-03 -2.6000000e-02
  vertex -1.5716234e-02 -5.0000000e-03 -2.6000000e-02
  vertex -1.8000000e-02 -5.0000000e-03 -2.6000000e-02
 endloop
endfacet
facet normal -1.000000e+00 0.000000e+00 0.000000e+00
 outer loop
  vertex -1.8000000e-02 -5.0000000e-03 5.0000000e-03
  vertex -1.8000000e-02 -3.0000000e-03 5.0000000e-03
  vertex -1.8000000e-02 -3.0000000e-03 0.0000000e+00
 endloop
endfacet
facet normal -1.000000e+00 0.000000e+00 0.000000e+00
 outer loop
  vertex -1.8000000e-02 -5.0000000e-03 5.0000000e-03
  vertex -1.8000000e-02 -3.0000000e-03 0.0000000e+00
  vertex -1.8000000e-02 -5.0000000e-03 0.0000000e+00
 endloop
endfacet
facet normal 0.000000e+00 0.000000e+00 1.000000e+00
 outer loop
  vertex -1.8000000e-02 -5.0000000e-03 5.0000000e-03
  vertex -1.5716234e-02 -5.0000000e-03 5.0000000e-03
  vertex -1.5716234e-02 -3.0000000e-03 5.0000000e-03
 endloop
endfacet
facet normal 0.000000e+00 0.000000e+00 1.000000e+00
 outer loop
  vertex -1.8000000e-02 -5.0000000e-03 5.0000000e-03
  vertex -1.5716234e-02 -3.0000000e-03 5.0000000e-03
  vertex -1.8000000e-02 -3.0000000e-03 5.0000000e-03
 endloop
endfacet
facet normal 1.000000e+00 0.000000e+00 0.000000e+00
 outer loop
  vertex -1.5716234e-02 -3.0000000e-03 -2.6000000e-02
  vertex -1.5716234e-02 3.0000000e-03 -2.6000000e-02
  vertex -1.5716234e-02 3.0000000e-03 -1.5000000e-02
 endloop
endfacet
facet normal 1.000000e+00 0.000000e+00 0.000000e+00
 outer loop
  vertex -1.5716234e-02 -3.0000000e-03 -2.6000000e-02
  vertex -1.5716234e-02 3.0000000e-03 -1.5000000e-02
  vertex -1.5716234e-02 -3.0000000e-03 -1.5000000e-02
 endloop
endfacet
facet normal 0.000000e+00 0.000000e+00 -1.000000e+00
 outer loop
  vertex -1.8000000e-02 3.0000000e-03 -2.6000000e-02
  vertex -1.5716234e-02 3.0000000e-03 -2.6000000e-02
  vertex -1.5716234e-02 -3.0000000e-03 -2.6000000e-02
 endloop
endfacet
facet normal 0.000000e+00 0.000000e+00 -1.000000e+00
 outer loop
  vertex -1.8000000e-02 3.0000000e-03 -2.6000000e-02
  vertex -1.5716234e-02 -3.0000000e-03 -2.6000000e-02
  vertex -1.8000000e-02 -3.0000000e-03 -2.6000000e-02
 endloop
endfacet
facet normal 1.000000e+00 0.000000e+00 0.000000e+00
 outer loop
  vertex -1.5716234e-02 -3.0000000e-03 -1.5000000e-02
  vertex -1.5716234e-02 3.0000000e-03 -1.5000000e-02
  vertex -1.5716234e-02 3.0000000e-03 -5.0000000e-03
 endloop
endfacet
facet normal 1.000000e+00 0.000000e+00 0.000000e+00
 outer loop
  vertex -1.5716234e-02 -3.0000000e-03 -1.5000000e-02
  vertex -1.5716234e-02 3.0000000e-03 -5.0000000e-03
  vertex -1.5716234e-02 -3.0000000e-03 -5.0000000e-03
 endloop
endfacet
facet normal 1.000000e+00 0.000000e+00 0.000000e+00
 outer loop
  vertex -1.5716234e-02 -3.0000000e-03 -5.0000000e-03
  vertex -1.5716234e-02 3.0000000e-03 -5.0000000e-03
  vertex -1.5716234e-02 3.0000000e-03 0.0000000e+00
 endloop
endfacet
facet normal 1.000000e+00 0.000000e+00 0.000000e+00
 outer loop
  vertex -1.5716234e-02 -3.0000000e-03 -5.0000000e-03
  vertex -1.5716234e-02 3.0000000e-03 0.0000000e+00
  vertex -1.5716234e-02 -3.0000000e-03 0.0000000e+00
 endloop
endfacet
facet normal 1.000000e+00 0.000000e+00 0.000000e+00
 outer loop
  vertex -1.5716234e-02 -3.0000000e-03 0.0000000e+00
  vertex -1.5716234e-02 3.0000000e-03 0.0000000e+00
  vertex -1.5716234e-02 3.0000000e-03 5.0000000e-03
 endloop
endfacet
facet normal 1.000000e+00 0.000000e+00 0.000000e+00
 outer loop
  vertex -1.5716234e-02 -3.0000000e-03 0.0000000e+00
  vertex -1.5716234e-02 3.0000000e-03 5.0000000e-03
  vertex -1.5716234e-02 -3.0000000e-03 5.0000000e-03
 endloop
endfacet
facet normal -1.000000e+00 0.000000e+00 0.000000e+00
 outer loop
  vertex -1.8000000e-02 -3.0000000e-03 5.0000000e-03
  vertex -1.8000000e-02 3.0000000e-03 5.0000000e-03
  vertex -1.8000000e-02 3.0000000e-03 0.0000000e+00
 endloop
endfacet
facet normal -1.000000e+00 0.000000e+00 0.000000e+00
 outer loop
  vertex -1.8000000e-02 -3.0000000e-03 5.0000000e-03
  vertex -1.8000000e-02 3.0000000e-03 0.0000000e+00
  vertex -1.8000000e-02 -3.0000000e-03 0.0000000e+00
 endloop
endfacet
facet normal 0.000000e+00 0.000000e+00 1.000000e+00
 outer loop
  vertex -1.8000000e-02 -3.0000000e-03 5.0000000e-03
  vertex -1.5716234e-02 -3.0000000e-03 5.0000000e-03
  vertex -1.5716234e-02 3.0000000e-03 5.0000000e-03
 endloop
endfacet
facet normal 0.000000e+00 0.000000e+00 1.000000e+00
 outer loop
  vertex -1.8000000e-02 -3.0000000e-03 5.0000000e-03
  vertex -1.5716234e-02 3.0000000e-03 5.0000000e-03
  vertex -1.8000000e-02 3.0000000e-03 5.0000000e-03
 endloop
endfacet
facet normal 0.000000e+00 0.000000e+00 -1.000000e+00
 outer loop
  vertex -1.8000000e-02 5.0000000e-03 -2.6000000e-02
  vertex -1.5716234e-02 5.0000000e-03 -2.6000000e-02
  vertex -1.5716234e-02 3.0000000e-03 -2.6000000e-02
 endloop
endfacet
facet normal 0.000000e+00 0.000000e+00 -1.000000e+00
 outer loop
  vertex -1.8000000e-02 5.0000000e-03 -2.6000000e-02
  vertex -1.5716234e-02 3.0000000e-03 -2.6000000e-02
  vertex -1.8000000e-02 3.0000000e-03 -2.6000000e-02
 endloop
endfacet
facet normal -1.000000e+00 0.000000e+00 0.000000e+00
 outer loop
  vertex -1.8000000e-02 3.0000000e-03 5.0000000e-03
  vertex -1.8000000e-02 5.0000000e-03 5.0000000e-03
  vertex -1.8000000e-02 5.0000000e-03 0.0000000e+00
 endloop
endfacet
facet normal -1.000000e+00 0.000000e+00 0.000000e+00
 outer loop
  vertex -1.8000000e-02 3.0000000e-03 5.0000000e-03
  vertex -1.8000000e-02 5.0000000e-03 0.0000000e+00
  vertex -1.8000000e-02 3.0000000e-03 0.0000000e+00
 endloop
endfacet
facet normal 0.000000e+00 0.000000e+00 1.000000e+00
 outer loop
  vertex -1.8000000e-02 3.0000000e-03 5.0000000e-03
  vertex -1.5716234e-02 3.0000000e-03 5.0000000e-03
  vertex -1.5716234e-02 5.0000000e-03 5.0000000e-03
 endloop
endfacet
facet normal 0.000000e+00 0.000000e+00 1.000000e+00
 outer loop
  vertex -1.8000000e-02 3.0000000e-03 5.0000000e-03
  vertex -1.5716234e-02 5.0000000e-03 5.0000000e-03
  vertex -1.8000000e-02 5.0000000e-03 5.0000000e-03
 endloop
endfacet
facet normal 0.000000e+00 0.000000e+00 -1.000000e+00
 outer loop
  vertex -1.8000000e-02 1.1000000e-02 -2.6000000e-02
  vertex -1.5716234e-02 1.1000000e-02 -2.6000000e-02
  vertex -1.5716234e-02 5.0000000e-03 -2.6000000e-02
 endloop
endfacet
facet normal 0.000000e+00 0.000000e+00 -1.000000e+00
 outer loop
  vertex -1.8000000e-02 1.1000000e-02 -2.6000000e-02
  vertex -1.5716234e-02 5.0000000e-03 -2.6000000e-02
  vertex -1.8000000e-02 5.0000000e-03 -2.6000000e-02
 endloop
endfacet
facet normal -1.000000e+00 0.000000e+00 0.000000e+00
 outer loop
  vertex -1.8000000e-02 5.0000000e-03 5.0000000e-03
  vertex -1.8000000e-02 1.1000000e-02 5.0000000e-03
  vertex -1.8000000e-02 1.1000000e-02 0.0000000e+00
 endloop
endfacet
facet normal -1.000000e+00 0.000000e+00 0.000000e+00
 outer loop
  vertex -1.8000000e-02 5.0000000e-03 5.0000000e-03
  vertex -1.8000000e-02 1.1000000e-02 0.0000000e+00
  vertex -1.8000000e-02 5.0000000e-03 0.0000000e+00
 endloop
endfacet
facet normal 0.000000e+00 0.000000e+00 1.000000e+00
 outer loop
  vertex -1.8000000e-02 5.0000000e-03 5.0000000e-03
  vertex -1.5716234e-02 5.0000000e-03 5.0000000e-03
  vertex -1.5716234e-02 1.1000000e-02 5.0000000e-03
 endloop
endfacet
facet normal 0.000000e+00 0.000000e+00 1.000000e+00
 outer loop
  vertex -1.8000000e-02 5.0000000e-03 5.0000000e-03
  vertex -1.5716234e-02 1.1000000e-02 5.0000000e-03
  vertex -1.8000000e-02 1.1000000e-02 5.0000000e-03
 endloop
endfacet
facet normal 0.000000e+00 0.000000e+00 -1.000000e+00
 outer loop
  vertex -1.8000000e-02 1.8000000e-02 -2.6000000e-02
  vertex -1.5716234e-02 1.8000000e-02 -2.6000000e-02
  vertex -1.5716234e-02 1.1000000e-02 -2.6000000e-02
 endloop
endfacet
facet normal 0.000000e+00 0.000000e+00 -1.000000e+00
 outer loop
  vertex -1.8000000e-02 1.8000000e-02 -2.6000000e-02
  vertex -1.5716234e-02 1.1000000e-02 -2.6000000e-02
  vertex -1.8000000e-02 1.1000000e-02 -2.6000000e-02
 endloop
endfacet
facet normal -1.000000e+00 0.000000e+00 0.000000e+00
 outer loop
  vertex -1.8000000e-02 1.1000000e-02 5.0000000e-03
  vertex -1.8000000e-02 1.8000000e-02 5.0000000e-03
  vertex -1.8000000e-02 1.8000000e-02 0.0000000e+00
 endloop
endfacet
facet normal -1.000000e+00 0.000000e+00 0.000000e+00
 outer loop
  vertex -1.8000000e-02 1.1000000e-02 5.0000000e-03
  vertex -1.8000000e-02 1.8000000e-02 0.0000000e+00
  vertex -1.8000000e-02 1.1000000e-02 0.0000000e+00
 endloop
endfacet
facet normal -0.000000e+00 1.000000e+00 0.000000e+00
 outer loop
  vertex -1.8000000e-02 1.8000000e-02 5.0000000e-03
  vertex -1.5716234e-02 1.8000000e-02 5.0000000e-03
  vertex -1.5716234e-02 1.8000000e-02 0.0000000e+00
 endloop
endfacet
facet normal 0.000000e+00 1.000000e+00 0.000000e+00
 outer loop
  vertex -1.8000000e-02 1.8000000e-02 5.0000000e-03
  vertex -1.5716234e-02 1.8000000e-02 0.0000000e+00
  vertex -1.8000000e-02 1.8000000e-02 0.0000000e+00
 endloop
endfacet
facet normal 0.000000e+00 0.000000e+00 1.000000e+00
 outer loop
  vertex -1.8000000e-02 1.1000000e-02 5.0000000e-03
  vertex -1.5716234e-02 1.1000000e-02 5.0000000e-03
  vertex -1.5716234e-02 1.8000000e-02 5.0000000e-03
 endloop
endfacet
facet normal 0.000000e+00 0.000000e+00 1.000000e+00
 outer loop
  vertex -1.8000000e-02 1.1000000e-02 5.0000000e-03
  vertex -1.5716234e-02 1.8000000e-02 5.0000000e-03
  vertex -1.8000000e-02 1.8000000e-02 5.0000000e-03
 endloop
endfacet
facet normal 0.000000e+00 0.000000e+00 -1.000000e+00
 outer loop
  vertex -1.8000000e-02 5.5000000e-02 -2.6000000e-02
  vertex -1.5716234e-02 5.5000000e-02 -2.6000000e-02
  vertex -1.5716234e-02 1.8000000e-02 -2.6000000e-02
 endloop
endfacet
facet normal 0.000000e+00 0.000000e+00 -1.000000e+00
 outer loop
  vertex -1.8000000e-02 5.5000000e-02 -2.6000000e-02
  vertex -1.5716234e-02 1.8000000e-02 -2.6000000e-02
  vertex -1.8000000e-02 1.8000000e-02 -2.6000000e-02
 endloop
endfacet
facet normal -0.000000e+00 1.000000e+00 0.000000e+00
 outer loop
  vertex -1.8000000e-02 5.5000000e-02 -5.0000000e-03
  vertex -1.5716234e-02 5.5000000e-02 -5.0000000e-03
  vertex -1.5716234e-02 5.5000000e-02 -1.5000000e-02
 endloop
endfacet
facet normal 0.000000e+00 1.000000e+00 0.000000e+00
 outer loop
  vertex -1.8000000e-02 5.5000000e-02 -5.0000000e-03
  vertex -1.5716234e-02 5.5000000e-02 -1.5000000e-02
  vertex -1.8000000e-02 5.5000000e-02 -1.5000000e-02
 endloop
endfacet
facet normal 0.000000e+00 0.000000e+00 1.000000e+00
 outer loop
  vertex -1.8000000e-02 1.8000000e-02 0.0000000e+00
  vertex -1.5716234e-02 1.8000000e-02 0.0000000e+00
  vertex -1.5716234e-02 5.5000000e-02 0.0000000e+00
 endloop
endfacet
facet normal 0.000000e+00 0.000000e+00 1.000000e+00
 outer loop
  vertex -1.8000000e-02 1.8000000e-02 0.0000000e+00
  vertex -1.5716234e-02 5.5000000e-02 0.0000000e+00
  vertex -1.8000000e-02 5.5000000e-02 0.0000000e+00
 endloop
endfacet
facet normal 0.000000e+00 0.000000e+00 -1.000000e+00
 outer loop
  vertex -1.8000000e-02 8.5000000e-02 -2.6000000e-02
  vertex -1.5716234e-02 8.5000000e-02 -2.6000000e-02
  vertex -1.5716234e-02 5.5000000e-02 -2.6000000e-02
 endloop
endfacet
facet normal 0.000000e+00 0.000000e+00 -1.000000e+00
 outer loop
  vertex -1.8000000e-02 8.5000000e-02 -2.6000000e-02
  vertex -1.5716234e-02 5.5000000e-02 -2.6000000e-02
  vertex -1.8000000e-02 5.5000000e-02 -2.6000000e-02
 endloop
endfacet
facet normal -0.000000e+00 1.000000e+00 0.000000e+00
 outer loop
  vertex -1.8000000e-02 8.5000000e-02 0.0000000e+00
  vertex -1.5716234e-02 8.5000000e-02 0.0000000e+00
  vertex -1.5716234e-02 8.5000000e-02 -5.0000000e-03
 endloop
endfacet
facet normal 0.000000e+00 1.000000e+00 0.000000e+00
 outer loop
  vertex -1.8000000e-02 8.5000000e-02 0.0000000e+00
  vertex -1.5716234e-02 8.5000000e-02 -5.0000000e-03
  vertex -1.8000000e-02 8.5000000e-02 -5.0000000e-03
 endloop
endfacet
facet normal 0.000000e+00 0.000000e+00 1.000000e+00
 outer loop
  vertex -1.8000000e-02 5.5000000e-02 0.0000000e+00
  vertex -1.5716234e-02 5.5000000e-02 0.0000000e+00
  vertex -1.5716234e-02 8.5000000e-02 0.0000000e+00
 endloop
endfacet
facet normal 0.000000e+00 0.000000e+00 1.000000e+00
 outer loop
  vertex -1.8000000e-02 5.5000000e-02 0.0000000e+00
  vertex -1.5716234e-02 8.5000000e-02 0.0000000e+00
  vertex -1.8000000e-02 8.5000000e-02 0.0000000e+00
 endloop
endfacet
facet normal 0.000000e+00 0.000000e+00 -1.000000e+00
 outer loop
  vertex -1.8000000e-02 8.5000000e-02 -5.0000000e-03
  vertex -1.5716234e-02 8.5000000e-02 -5.0000000e-03
  vertex -1.5716234e-02 5.5000000e-02 -5.0000000e-03
 endloop
endfacet
facet normal 0.000000e+00 0.000000e+00 -1.000000e+00
 outer loop
  vertex -1.8000000e-02 8.5000000e-02 -5.0000000e-03
  vertex -1.5716234e-02 5.5000000e-02 -5.0000000e-03
  vertex -1.8000000e-02 5.5000000e-02 -5.0000000e-03
 endloop
endfacet
facet normal -0.000000e+00 1.000000e+00 0.000000e+00
 outer loop
  vertex -1.8000000e-02 6.0000000e-01 -1.5000000e-02
  vertex -1.5716234e-02 6.0000000e-01 -1.5000000e-02
  vertex -1.5716234e-02 6.0000000e-01 -2.6000000e-02
 endloop
endfacet
facet normal 0.000000e+00 1.000000e+00 0.000000e+00
 outer loop
  vertex -1.8000000e-02 6.0000000e-01 -1.5000000e-02
  vertex -1.5716234e-02 6.0000000e-01 -2.6000000e-02
  vertex -1.8000000e-02 6.0000000e-01 -2.6000000e-02
 endloop
endfacet
facet normal 0.000000e+00 0.000000e+00 -1.000000e+00
 outer loop
  vertex -1.8000000e-02 6.0000000e-01 -2.6000000e-02
  vertex -1.5716234e-02 6.0000000e-01 -2.6000000e-02
  vertex -1.5716234e-02 8.5000000e-02 -2.6000000e-02
 endloop
endfacet
facet normal 0.000000e+00 0.000000e+00 -1.000000e+00
 outer loop
  vertex -1.8000000e-02 6.0000000e-01 -2.6000000e-02
  vertex -1.5716234e-02 8.5000000e-02 -2.6000000e-02
  vertex -1.8000000e-02 8.5000000e-02 -2.6000000e-02
 endloop
endfacet
facet normal 0.000000e+00 -1.000000e+00 0.000000e+00
 outer loop
  vertex -1.5716234e-02 -6.0000000e-01 -2.6000000e-02
  vertex -1.1618950e-02 -6.0000000e-01 -2.6000000e-02
  vertex -1.1618950e-02 -6.0000000e-01 -1.5000000e-02
 endloop
endfacet
facet normal 0.000000e+00 -1.000000e+00 0.000000e+00
 outer loop
  vertex -1.5716234e-02 -6.0000000e-01 -2.6000000e-02
  vertex -1.1618950e-02 -6.0000000e-01 -1.5000000e-02
  vertex -1.5716234e-02 -6.0000000e-01 -1.5000000e-02
 endloop
endfacet
facet normal 0.000000e+00 0.000000e+00 -1.000000e+00
 outer loop
  vertex -1.5716234e-02 -8.5000000e-02 -2.6000000e-02
  vertex -1.1618950e-02 -8.5000000e-02 -2.6000000e-02
  vertex -1.1618950e-02 -6.0000000e-01 -2.6000000e-02
 endloop
endfacet
facet normal 0.000000e+00 0.000000e+00 -1.000000e+00
 outer loop
  vertex -1.5716234e-02 -8.5000000e-02 -2.6000000e-02
  vertex -1.1618950e-02 -6.0000000e-01 -2.6000000e-02
  vertex -1.5716234e-02 -6.0000000e-01 -2.6000000e-02
 endloop
endfacet
facet normal 0.000000e+00 0.000000e+00 -1.000000e+00
 outer loop
  vertex -1.5716234e-02 -5.5000000e-02 -2.6000000e-02
  vertex -1.1618950e-02 -5.5000000e-02 -2.6000000e-02
  vertex -1.1618950e-02 -8.5000000e-02 -2.6000000e-02
 endloop
endfacet
facet normal 0.000000e+00 0.000000e+00 -1.000000e+00
 outer loop
  vertex -1.5716234e-02 -5.5000000e-02 -2.6000000e-02
  vertex -1.1618950e-02 -8.5000000e-02 -2.6000000e-02
  vertex -1.5716234e-02 -8.5000000e-02 -2.6000000e-02
 endloop
endfacet
facet normal 0.000000e+00 -1.000000e+00 0.000000e+00
 outer loop
  vertex -1.5716234e-02 -8.5000000e-02 -5.0000000e-03
  vertex -1.1618950e-02 -8.5000000e-02 -5.0000000e-03
  vertex -1.1618950e-02 -8.5000000e-02 0.0000000e+00
 endloop
endfacet
facet normal 0.000000e+00 -1.000000e+00 0.000000e+00
 outer loop
  vertex -1.5716234e-02 -8.5000000e-02 -5.0000000e-03
  vertex -1.1618950e-02 -8.5000000e-02 0.0000000e+00
  vertex -1.5716234e-02 -8.5000000e-02 0.0000000e+00
 endloop
endfacet
facet normal 0.000000e+00 0.000000e+00 1.000000e+00
 outer loop
  vertex -1.5716234e-02 -8.5000000e-02 0.0000000e+00
  vertex -1.1618950e-02 -8.5000000e-02 0.0000000e+00
  vertex -1.1618950e-02 -5.5000000e-02 0.0000000e+00
 endloop
endfacet
facet normal 0.000000e+00 0.000000e+00 1.000000e+00
 outer loop
  vertex -1.5716234e-02 -8.5000000e-02 0.0000000e+00
  vertex -1.1618950e-02 -5.5000000e-02 0.0000000e+00
  vertex -1.5716234e-02 -5.5000000e-02 0.0000000e+00
 endloop
endfacet
facet normal 0.000000e+00 0.000000e+00 -1.000000e+00
 outer loop
  vertex -1.5716234e-02 -5.5000000e-02 -5.0000000e-03
  vertex -1.1618950e-02 -5.5000000e-02 -5.0000000e-03
  vertex -1.1618950e-02 -8.5000000e-02 -5.0000000e-03
 endloop
endfacet
facet normal 0.000000e+00 0.000000e+00 -1.000000e+00
 outer loop
  vertex -1.5716234e-02 -5.5000000e-02 -5.0000000e-03
  vertex -1.1618950e-02 -8.5000000e-02 -5.0000000e-03
  vertex -1.5716234e-02 -8.5000000e-02 -5.0000000e-03
 endloop
endfacet
facet normal 0.000000e+00 0.000000e+00 -1.000000e+00
 outer loop
  vertex -1.5716234e-02 -1.8000000e-02 -2.6000000e-02
  vertex -1.1618950e-02 -1.8000000e-02 -2.6000000e-02
  vertex -1.1618950e-02 -5.5000000e-02 -2.6000000e-02
 endloop
endfacet
facet normal 0.000000e+00 0.000000e+00 -1.000000e+00
 outer loop
  vertex -1.5716234e-02 -1.8000000e-02 -2.6000000e-02
  vertex -1.1618950e-02 -5.5000000e-02 -2.6000000e-02
  vertex -1.5716234e-02 -5.5000000e-02 -2.6000000e-02
 endloop
endfacet
facet normal 0.000000e+00 -1.000000e+00 0.000000e+00
 outer loop
  vertex -1.5716234e-02 -5.5000000e-02 -1.5000000e-02
  vertex -1.1618950e-02 -5.5000000e-02 -1.5000000e-02
  vertex -1.1618950e-02 -5.5000000e-02 -5.0000000e-03
 endloop
endfacet
facet normal 0.000000e+00 -1.000000e+00 0.000000e+00
 outer loop
  vertex -1.5716234e-02 -5.5000000e-02 -1.5000000e-02
  vertex -1.1618950e-02 -5.5000000e-02 -5.0000000e-03
  vertex -1.5716234e-02 -5.5000000e-02 -5.0000000e-03
 endloop
endfacet
facet normal 0.000000e+00 0.000000e+00 1.000000e+00
 outer loop
  vertex -1.5716234e-02 -5.5000000e-02 0.0000000e+00
  vertex -1.1618950e-02 -5.5000000e-02 0.0000000e+00
  vertex -1.1618950e-02 -1.8000000e-02 0.0000000e+00
 endloop
endfacet
facet normal 0.000000e+00 0.000000e+00 1.000000e+00
 outer loop
  vertex -1.5716234e-02 -5.5000000e-02 0.0000000e+00
  vertex -1.1618950e-02 -1.8000000e-02 0.0000000e+00
  vertex -1.5716234e-02 -1.8000000e-02 0.0000000e+00
 endloop
endfacet
facet normal 0.000000e+00 0.000000e+00 -1.000000e+00
 outer loop
  vertex -1.5716234e-02 -1.1000000e-02 -2.6000000e-02
  vertex -1.1618950e-02 -1.1000000e-02 -2.6000000e-02
  vertex -1.1618950e-02 -1.8000000e-02 -2.6000000e-02
 endloop
endfacet
facet normal 0.000000e+00 0.000000e+00 -1.000000e+00
 outer loop
  vertex -1.5716234e-02 -1.1000000e-02 -2.6000000e-02
  vertex -1.1618950e-02 -1.8000000e-02 -2.6000000e-02
  vertex -1.5716234e-02 -1.8000000e-02 -2.6000000e-02
 endloop
endfacet
facet normal 0.000000e+00 -1.000000e+00 0.000000e+00
 outer loop
  vertex -1.5716234e-02 -1.8000000e-02 0.0000000e+00
  vertex -1.1618950e-02 -1.8000000e-02 0.0000000e+00
  vertex -1.1618950e-02 -1.8000000e-02 5.0000000e-03
 endloop
endfacet
facet normal 0.000000e+00 -1.000000e+00 0.000000e+00
 outer loop
  vertex -1.5716234e-02 -1.8000000e-02 0.0000000e+00
  vertex -1.1618950e-02 -1.8000000e-02 5.0000000e-03
  vertex -1.5716234e-02 -1.8000000e-02 5.0000000e-03
 endloop
endfacet
facet normal 0.000000e+00 0.000000e+00 1.000000e+00
 outer loop
  vertex -1.5716234e-02 -1.8000000e-02 5.0000000e-03
  vertex -1.1618950e-02 -1.8000000e-02 5.0000000e-03
  vertex -1.1618950e-02 -1.1000000e-02 5.0000000e-03
 endloop
endfacet
facet normal 0.000000e+00 0.000000e+00 1.000000e+00
 outer loop
  vertex -1.5716234e-02 -1.8000000e-02 5.0000000e-03
  vertex -1.1618950e-02 -1.1000000e-02 5.0000000e-03
  vertex -1.5716234e-02 -1.1000000e-02 5.0000000e-03
 endloop
endfacet
facet normal 1.000000e+00 0.000000e+00 0.000000e+00
 outer loop
  vertex -1.1618950e-02 -1.1000000e-02 -2.6000000e-02
  vertex -1.1618950e-02 -5.0000000e-03 -2.6000000e-02
  vertex -1.1618950e-02 -5.0000000e-03 -1.5000000e-02
 endloop
endfacet
facet normal 1.000000e+00 0.000000e+00 0.000000e+00
 outer loop
  vertex -1.1618950e-02 -1.1000000e-02 -2.6000000e-02
  vertex -1.1618950e-02 -5.0000000e-03 -1.5000000e-02
  vertex -1.1618950e-02 -1.1000000e-02 -1.5000000e-02
 endloop
endfacet
facet normal 0.000000e+00 0.000000e+00 -1.000000e+00
 outer loop
  vertex -1.5716234e-02 -5.0000000e-03 -2.6000000e-02
  vertex -1.1618950e-02 -5.0000000e-03 -2.6000000e-02
  vertex -1.1618950e-02 -1.1000000e-02 -2.6000000e-02
 endloop
endfacet
facet normal 0.000000e+00 0.000000e+00 -1.000000e+00
 outer loop
  vertex -1.5716234e-02 -5.0000000e-03 -2.6000000e-02
  vertex -1.1618950e-02 -1.1000000e-02 -2.6000000e-02
  vertex -1.5716234e-02 -1.1000000e-02 -2.6000000e-02
 endloop
endfacet
facet normal 1.000000e+00 0.000000e+00 0.000000e+00
 outer loop
  vertex -1.1618950e-02 -1.1000000e-02 -1.5000000e-02
  vertex -1.1618950e-02 -5.0000000e-03 -1.5000000e-02
  vertex -1.1618950e-02 -5.0000000e-03 -5.0000000e-03
 endloop
endfacet
facet normal 1.000000e+00 0.000000e+00 0.000000e+00
 outer loop
  vertex -1.1618950e-02 -1.1000000e-02 -1.5000000e-02
  vertex -1.1618950e-02 -5.0000000e-03 -5.0000000e-03
  vertex -1.1618950e-02 -1.1000000e-02 -5.0000000e-03
 endloop
endfacet
facet normal 1.000000e+00 0.000000e+00 0.000000e+00
 outer loop
  vertex -1.1618950e-02 -1.1000000e-02 -5.0000000e-03
  vertex -1.1618950e-02 -5.0000000e-03 -5.0000000e-03
  vertex -1.1618950e-02 -5.0000000e-03 0.0000000e+00
 endloop
endfacet
facet normal 1.000000e+00 0.000000e+00 0.000000e+00
 outer loop
  vertex -1.1618950e-02 -1.1000000e-02 -5.0000000e-03
  vertex -1.1618950e-02 -5.0000000e-03 0.0000000e+00
  vertex -1.1618950e-02 -1.1000000e-02 0.0000000e+00
 endloop
endfacet
facet normal 1.000000e+00 0.000000e+00 0.000000e+00
 outer loop
  vertex -1.1618950e-02 -1.1000000e-02 0.0000000e+00
  vertex -1.1618950e-02 -5.0000000e-03 0.0000000e+00
  vertex -1.1618950e-02 -5.0000000e-03 5.0000000e-03
 endloop
endfacet
facet normal 1.000000e+00 0.000000e+00 0.000000e+00
 outer loop
  vertex -1.1618950e-02 -1.1000000e-02 0.0000000e+00
  vertex -1.1618950e-02 -5.0000000e-03 5.0000000e-03
  vertex -1.1618950e-02 -1.1000000e-02 5.0000000e-03
 endloop
endfacet
facet normal 0.000000e+00 0.000000e+00 1.000000e+00
 outer loop
  vertex -1.5716234e-02 -1.1000000e-02 5.0000000e-03
  vertex -1.1618950e-02 -1.1000000e-02 5.0000000e-03
  vertex -1.1618950e-02 -5.0000000e-03 5.0000000e-03
 endloop
endfacet
facet normal 0.000000e+00 0.000000e+00 1.000000e+00
 outer loop
  vertex -1.5716234e-02 -1.1000000e-02 5.0000000e-03
  vertex -1.1618950e-02 -5.0000000e-03 5.0000000e-03
  vertex -1.5716234e-02 -5.0000000e-03 5.0000000e-03
 endloop
endfacet
facet normal -0.000000e+00 1.000000e+00 0.000000e+00
 outer loop
  vertex -1.5716234e-02 -3.0000000e-03 -1.5000000e-02
  vertex -1.1618950e-02 -3.0000000e-03 -1.5000000e-02
  vertex -1.1618950e-02 -3.0000000e-03 -2.6000000e-02
 endloop
endfacet
facet normal 0.000000e+00 1.000000e+00 0.000000e+00
 outer loop
  vertex -1.5716234e-02 -3.0000000e-03 -1.5000000e-02
  vertex -1.1618950e-02 -3.0000000e-03 -2.6000000e-02
  vertex -1.5716234e-02 -3.0000000e-03 -2.6000000e-02
 endloop
endfacet
facet normal 0.000000e+00 0.000000e+00 -1.000000e+00
 outer loop
  vertex -1.5716234e-02 -3.0000000e-03 -2.6000000e-02
  vertex -1.1618950e-02 -3.0000000e-03 -2.6000000e-02
  vertex -1.1618950e-02 -5.0000000e-03 -2.6000000e-02
 endloop
endfacet
facet normal 0.000000e+00 0.000000e+00 -1.000000e+00
 outer loop
  vertex -1.5716234e-02 -3.0000000e-03 -2.6000000e-02
  vertex -1.1618950e-02 -5.0000000e-03 -2.6000000e-02
  vertex -1.5716234e-02 -5.0000000e-03 -2.6000000e-02
 endloop
endfacet
facet normal -0.000000e+00 1.000000e+00 0.000000e+00
 outer loop
  vertex -1.5716234e-02 -3.0000000e-03 -5.0000000e-03
  vertex -1.1618950e-02 -3.0000000e-03 -5.0000000e-03
  vertex -1.1618950e-02 -3.0000000e-03 -1.5000000e-02
 endloop
endfacet
facet normal 0.000000e+00 1.000000e+00 0.000000e+00
 outer loop
  vertex -1.5716234e-02 -3.0000000e-03 -5.0000000e-03
  vertex -1.1618950e-02 -3.0000000e-03 -1.5000000e-02
  vertex -1.5716234e-02 -3.0000000e-03 -1.5000000e-02
 endloop
endfacet
facet normal -0.000000e+00 1.000000e+00 0.000000e+00
 outer loop
  vertex -1.5716234e-02 -3.0000000e-03 0.0000000e+00
  vertex -1.1618950e-02 -3.0000000e-03 0.0000000e+00
  vertex -1.1618950e-02 -3.0000000e-03 -5.0000000e-03
 endloop
endfacet
facet normal 0.000000e+00 1.000000e+00 0.000000e+00
 outer loop
  vertex -1.5716234e-02 -3.0000000e-03 0.0000000e+00
  vertex -1.1618950e-02 -3.0000000e-03 -5.0000000e-03
  vertex -1.5716234e-02 -3.0000000e-03 -5.0000000e-03
 endloop
endfacet
facet normal -0.000000e+00 1.000000e+00 0.000000e+00
 outer loop
  vertex -1.5716234e-02 -3.0000000e-03 5.0000000e-03
  vertex -1.1618950e-02 -3.0000000e-03 5.0000000e-03
  vertex -1.1618950e-02 -3.0000000e-03 0.0000000e+00
 endloop
endfacet
facet normal 0.000000e+00 1.000000e+00 0.000000e+00
 outer loop
  vertex -1.5716234e-02 -3.0000000e-03 5.0000000e-03
  vertex -1.1618950e-02 -3.0000000e-03 0.0000000e+00
  vertex -1.5716234e-02 -3.0000000e-03 0.0000000e+00
 endloop
endfacet
facet normal 0.000000e+00 0.000000e+00 1.000000e+00
 outer loop
  vertex -1.5716234e-02 -5.0000000e-03 5.0000000e-03
  vertex -1.1618950e-02 -5.0000000e-03 5.0000000e-03
  vertex -1.1618950e-02 -3.0000000e-03 5.0000000e-03
 endloop
endfacet
facet normal 0.000000e+00 0.000000e+00 1.000000e+00
 outer loop
  vertex -1.5716234e-02 -5.0000000e-03 5.0000000e-03
  vertex -1.1618950e-02 -3.0000000e-03 5.0000000e-03
  vertex -1.5716234e-02 -3.0000000e-03 5.0000000e-03
 endloop
endfacet
facet normal 0.000000e+00 -1.000000e+00 0.000000e+00
 outer loop
  vertex -1.5716234e-02 3.0000000e-03 -2.6000000e-02
  vertex -1.1618950e-02 3.0000000e-03 -2.6000000e-02
  vertex -1.1618950e-02 3.0000000e-03 -1.5000000e-02
 endloop
endfacet
facet normal 0.000000e+00 -1.000000e+00 0.000000e+00
 outer loop
  vertex -1.5716234e-02 3.0000000e-03 -2.6000000e-02
  vertex -1.1618950e-02 3.0000000e-03 -1.5000000e-02
  vertex -1.5716234e-02 3.0000000e-03 -1.5000000e-02
 endloop
endfacet
facet normal 0.000000e+00 0.000000e+00 -1.000000e+00
 outer loop
  vertex -1.5716234e-02 5.0000000e-03 -2.6000000e-02
  vertex -1.1618950e-02 5.0000000e-03 -2.6000000e-02
  vertex -1.1618950e-02 3.0000000e-03 -2.6000000e-02
 endloop
endfacet
facet normal 0.000000e+00 0.000000e+00 -1.000000e+00
 outer loop
  vertex -1.5716234e-02 5.0000000e-03 -2.6000000e-02
  vertex -1.1618950e-02 3.0000000e-03 -2.6000000e-02
  vertex -1.5716234e-02 3.0000000e-03 -2.6000000e-02
 endloop
endfacet
facet normal 0.000000e+00 -1.000000e+00 0.000000e+00
 outer loop
  vertex -1.5716234e-02 3.0000000e-03 -1.5000000e-02
  vertex -1.1618950e-02 3.0000000e-03 -1.5000000e-02
  vertex -1.1618950e-02 3.0000000e-03 -5.0000000e-03
 endloop
endfacet
facet normal 0.000000e+00 -1.000000e+00 0.000000e+00
 outer loop
  vertex -1.5716234e-02 3.0000000e-03 -1.5000000e-02
  vertex -1.1618950e-02 3.0000000e-03 -5.0000000e-03
  vertex -1.5716234e-02 3.0000000e-03 -5.0000000e-03
 endloop
endfacet
facet normal 0.000000e+00 -1.000000e+00 0.000000e+00
 outer loop
  vertex -1.5716234e-02 3.0000000e-03 -5.0000000e-03
  vertex -1.1618950e-02 3.0000000e-03 -5.0000000e-03
  vertex -1.1618950e-02 3.0000000e-03 0.0000000e+00
 endloop
endfacet
facet normal 0.000000e+00 -1.000000e+00 0.000000e+00
 outer loop
  vertex -1.5716234e-02 3.0000000e-03 -5.0000000e-03
  vertex -1.1618950e-02 3.0000000e-03 0.0000000e+00
  vertex -1.5716234e-02 3.0000000e-03 0.0000000e+00
 endloop
endfacet
facet normal 0.000000e+00 -1.000000e+00 0.000000e+00
 outer loop
  vertex -1.5716234e-02 3.0000000e-03 0.0000000e+00
  vertex -1.1618950e-02 3.0000000e-03 0.0000000e+00
  vertex -1.1618950e-02 3.0000000e-03 5.0000000e-03
 endloop
endfacet
facet normal 0.000000e+00 -1.000000e+00 0.000000e+00
 outer loop
  vertex -1.5716234e-02 3.0000000e-03 0.0000000e+00
  vertex -1.1618950e-02 3.0000000e-03 5.0000000e-03
  vertex -1.5716234e-02 3.0000000e-03 5.0000000e-03
 endloop
endfacet
facet normal 0.000000e+00 0.000000e+00 1.000000e+00
 outer loop
  vertex -1.5716234e-02 3.0000000e-03 5.0000000e-03
  vertex -1.1618950e-02 3.0000000e-03 5.0000000e-03
  vertex -1.1618950e-02 5.0000000e-03 5.0000000e-03
 endloop
endfacet
facet normal 0.000000e+00 0.000000e+00 1.000000e+00
 outer loop
  vertex -1.5716234e-02 3.0000000e-03 5.0000000e-03
  vertex -1.1618950e-02 5.0000000e-03 5.0000000e-03
  vertex -1.5716234e-02 5.0000000e-03 5.0000000e-03
 endloop
endfacet
facet normal 1.000000e+00 0.000000e+00 0.000000e+00
 outer loop
  vertex -1.1618950e-02 5.0000000e-03 -2.6000000e-02
  vertex -1.1618950e-02 1.1000000e-02 -2.6000000e-02
  vertex -1.1618950e-02 1.1000000e-02 -1.5000000e-02
 endloop
endfacet
facet normal 1.000000e+00 0.000000e+00 0.000000e+00
 outer loop
  vertex -1.1618950e-02 5.0000000e-03 -2.6000000e-02
  vertex -1.1618950e-02 1.1000000e-02 -1.5000000e-02
  vertex -1.1618950e-02 5.0000000e-03 -1.5000000e-02
 endloop
endfacet
facet normal 0.000000e+00 0.000000e+00 -1.000000e+00
 outer loop
  vertex -1.5716234e-02 1.1000000e-02 -2.6000000e-02
  vertex -1.1618950e-02 1.1000000e-02 -2.6000000e-02
  vertex -1.1618950e-02 5.0000000e-03 -2.6000000e-02
 endloop
endfacet
facet normal 0.000000e+00 0.000000e+00 -1.000000e+00
 outer loop
  vertex -1.5716234e-02 1.1000000e-02 -2.6000000e-02
  vertex -1.1618950e-02 5.0000000e-03 -2.6000000e-02
  vertex -1.5716234e-02 5.0000000e-03 -2.6000000e-02
 endloop
endfacet
facet normal 1.000000e+00 0.000000e+00 0.000000e+00
 outer loop
  vertex -1.1618950e-02 5.0000000e-03 -1.5000000e-02
  vertex -1.1618950e-02 1.1000000e-02 -1.5000000e-02
  vertex -1.1618950e-02 1.1000000e-02 -5.0000000e-03
 endloop
endfacet
facet normal 1.000000e+00 0.000000e+00 0.000000e+00
 outer loop
  vertex -1.1618950e-02 5.0000000e-03 -1.5000000e-02
  vertex -1.1618950e-02 1.1000000e-02 -5.0000000e-03
  vertex -1.1618950e-02 5.0000000e-03 -5.0000000e-03
 endloop
endfacet
facet normal 1.000000e+00 0.000000e+00 0.000000e+00
 outer loop
  vertex -1.1618950e-02 5.0000000e-03 -5.0000000e-03
  vertex -1.1618950e-02 1.1000000e-02 -5.0000000e-03
  vertex -1.1618950e-02 1.1000000e-02 0.0000000e+00
 endloop
endfacet
facet normal 1.000000e+00 0.000000e+00 0.000000e+00
 outer loop
  vertex -1.1618950e-02 5.0000000e-03 -5.0000000e-03
  vertex -1.1618950e-02 1.1000000e-02 0.0000000e+00
  vertex -1.1618950e-02 5.0000000e-03 0.0000000e+00
 endloop
endfacet
facet normal 1.000000e+00 0.000000e+00 0.000000e+00
 outer loop
  vertex -1.1618950e-02 5.0000000e-03 0.0000000e+00
  vertex -1.1618950e-02 1.1000000e-02 0.0000000e+00
  vertex -1.1618950e-02 1.1000000e-02 5.0000000e-03
 endloop
endfacet
facet normal 1.000000e+00 0.000000e+00 0.000000e+00
 outer loop
  vertex -1.1618950e-02 5.0000000e-03 0.0000000e+00
  vertex -1.1618950e-02 1.1000000e-02 5.0000000e-03
  vertex -1.1618950e-02 5.0000000e-03 5.0000000e-03
 endloop
endfacet
facet normal 0.000000e+00 0.000000e+00 1.000000e+00
 outer loop
  vertex -1.5716234e-02 5.0000000e-03 5.0000000e-03
  vertex -1.1618950e-02 5.0000000e-03 5.0000000e-03
  vertex -1.1618950e-02 1.1000000e-02 5.0000000e-03
 endloop
endfacet
facet normal 0.000000e+00 0.000000e+00 1.000000e+00
 outer loop
  vertex -1.5716234e-02 5.0000000e-03 5.0000000e-03
  vertex -1.1618950e-02 1.1000000e-02 5.0000000e-03
  vertex -1.5716234e-02 1.1000000e-02 5.0000000e-03
 endloop
endfacet
facet normal 0.000000e+00 0.000000e+00 -1.000000e+00
 outer loop
  vertex -1.5716234e-02 1.8000000e-02 -2.6000000e-02
  vertex -1.1618950e-02 1.8000000e-02 -2.6000000e-02
  vertex -1.1618950e-02 1.1000000e-02 -2.6000000e-02
 endloop
endfacet
facet normal 0.000000e+00 0.000000e+00 -1.000000e+00
 outer loop
  vertex -1.5716234e-02 1.8000000e-02 -2.6000000e-02
  vertex -1.1618950e-02 1.1000000e-02 -2.6000000e-02
  vertex -1.5716234e-02 1.1000000e-02 -2.6000000e-02
 endloop
endfacet
facet normal -0.000000e+00 1.000000e+00 0.000000e+00
 outer loop
  vertex -1.5716234e-02 1.8000000e-02 5.0000000e-03
  vertex -1.1618950e-02 1.8000000e-02 5.0000000e-03
  vertex -1.1618950e-02 1.8000000e-02 0.0000000e+00
 endloop
endfacet
facet normal 0.000000e+00 1.000000e+00 0.000000e+00
 outer loop
  vertex -1.5716234e-02 1.8000000e-02 5.0000000e-03
  vertex -1.1618950e-02 1.8000000e-02 0.0000000e+00
  vertex -1.5716234e-02 1.8000000e-02 0.0000000e+00
 endloop
endfacet
facet normal 0.000000e+00 0.000000e+00 1.000000e+00
 outer loop
  vertex -1.5716234e-02 1.1000000e-02 5.0000000e-03
  vertex -1.1618950e-02 1.1000000e-02 5.0000000e-03
  vertex -1.1618950e-02 1.8000000e-02 5.0000000e-03
 endloop
endfacet
facet normal 0.000000e+00 0.000000e+00 1.000000e+00
 outer loop
  vertex -1.5716234e-02 1.1000000e-02 5.0000000e-03
  vertex -1.1618950e-02 1.8000000e-02 5.0000000e-03
  vertex -1.5716234e-02 1.8000000e-02 5.0000000e-03
 endloop
endfacet
facet normal 0.000000e+00 0.000000e+00 -1.000000e+00
 outer loop
  vertex -1.5716234e-02 5.5000000e-02 -2.6000000e-02
  vertex -1.1618950e-02 5.5000000e-02 -2.6000000e-02
  vertex -1.1618950e-02 1.8000000e-02 -2.6000000e-02
 endloop
endfacet
facet normal 0.000000e+00 0.000000e+00 -1.000000e+00
 outer loop
  vertex -1.5716234e-02 5.5000000e-02 -2.6000000e-02
  vertex -1.1618950e-02 1.8000000e-02 -2.6000000e-02
  vertex -1.5716234e-02 1.8000000e-02 -2.6000000e-02
 endloop
endfacet
facet normal -0.000000e+00 1.000000e+00 0.000000e+00
 outer loop
  vertex -1.5716234e-02 5.5000000e-02 -5.0000000e-03
  vertex -1.1618950e-02 5.5000000e-02 -5.0000000e-03
  vertex -1.1618950e-02 5.5000000e-02 -1.5000000e-02
 endloop
endfacet
facet normal 0.000000e+00 1.000000e+00 0.000000e+00
 outer loop
  vertex -1.5716234e-02 5.5000000e-02 -5.0000000e-03
  vertex -1.1618950e-02 5.5000000e-02 -1.5000000e-02
  vertex -1.5716234e-02 5.5000000e-02 -1.5000000e-02
 endloop
endfacet
facet normal 0.000000e+00 0.000000e+00 1.000000e+00
 outer loop
  vertex -1.5716234e-02 1.8000000e-02 0.0000000e+00
  vertex -1.1618950e-02 1.8000000e-02 0.0000000e+00
  vertex -1.1618950e-02 5.5000000e-02 0.0000000e+00
 endloop
endfacet
facet normal 0.000000e+00 0.000000e+00 1.000000e+00
 outer loop
  vertex -1.5716234e-02 1.8000000e-02 0.0000000e+00
  vertex -1.1618950e-02 5.5000000e-02 0.0000000e+00
  vertex -1.5716234e-02 5.5000000e-02 0.0000000e+00
 endloop
endfacet
facet normal 0.000000e+00 0.000000e+00 -1.000000e+00
 outer loop
  vertex -1.5716234e-02 8.5000000e-02 -2.6000000e-02
  vertex -1.1618950e-02 8.5000000e-02 -2.6000000e-02
  vertex -1.1618950e-02 5.5000000e-02 -2.6000000e-02
 endloop
endfacet
facet normal 0.000000e+00 0.000000e+00 -1.000000e+00
 outer loop
  vertex -1.5716234e-02 8.5000000e-02 -2.6000000e-02
  vertex -1.1618950e-02 5.5000000e-02 -2.6000000e-02
  vertex -1.5716234e-02 5.5000000e-02 -2.6000000e-02
 endloop
endfacet
facet normal -0.000000e+00 1.000000e+00 0.000000e+00
 outer loop
  vertex -1.5716234e-02 8.5000000e-02 0.0000000e+00
  vertex -1.1618950e-02 8.5000000e-02 0.0000000e+00
  vertex -1.1618950e-02 8.5000000e-02 -5.0000000e-03
 endloop
endfacet
facet normal 0.000000e+00 1.000000e+00 0.000000e+00
 outer loop
  vertex -1.5716234e-02 8.5000000e-02 0.0000000e+00
  vertex -1.1618950e-02 8.5000000e-02 -5.0000000e-03
  vertex -1.5716234e-02 8.5000000e-02 -5.0000000e-03
 endloop
endfacet
facet normal 0.000000e+00 0.000000e+00 1.000000e+00
 outer loop
  vertex -1.5716234e-02 5.5000000e-02 0.0000000e+00
  vertex -1.1618950e-02 5.5000000e-02 0.0000000e+00
  vertex -1.1618950e-02 8.5000000e-02 0.0000000e+00
 endloop
endfacet
facet normal 0.000000e+00 0.000000e+00 1.000000e+00
 outer loop
  vertex -1.5716234e-02 5.5000000e-02 0.0000000e+00
  vertex -1.1618950e-02 8.5000000e-02 0.0000000e+00
  vertex -1.5716234e-02 8.5000000e-02 0.0000000e+00
 endloop
endfacet
facet normal 0.000000e+00 0.000000e+00 -1.000000e+00
 outer loop
  vertex -1.5716234e-02 8.5000000e-02 -5.0000000e-03
  vertex -1.1618950e-02 8.5000000e-02 -5.0000000e-03
  vertex -1.1618950e-02 5.5000000e-02 -5.0000000e-03
 endloop
endfacet
facet normal 0.000000e+00 0.000000e+00 -1.000000e+00
 outer loop
  vertex -1.5716234e-02 8.5000000e-02 -5.0000000e-03
  vertex -1.1618950e-02 5.5000000e-02 -5.0000000e-03
  vertex -1.5716234e-02 5.5000000e-02 -5.0000000e-03
 endloop
endfacet
facet normal -0.000000e+00 1.000000e+00 0.000000e+00
 outer loop
  vertex -1.5716234e-02 6.0000000e-01 -1.5000000e-02
  vertex -1.1618950e-02 6.0000000e-01 -1.5000000e-02
  vertex -1.1618950e-02 6.0000000e-01 -2.6000000e-02
 endloop
endfacet
facet normal 0.000000e+00 1.000000e+00 0.000000e+00
 outer loop
  vertex -1.5716234e-02 6.0000000e-01 -1.5000000e-02
  vertex -1.1618950e-02 6.0000000e-01 -2.6000000e-02
  vertex -1.5716234e-02 6.0000000e-01 -2.6000000e-02
 endloop
endfacet
facet normal 0.000000e+00 0.000000e+00 -1.000000e+00
 outer loop
  vertex -1.5716234e-02 6.0000000e-01 -2.6000000e-02
  vertex -1.1618950e-02 6.0000000e-01 -2.6000000e-02
  vertex -1.1618950e-02 8.5000000e-02 -2.6000000e-02
 endloop
endfacet
facet normal 0.000000e+00 0.000000e+00 -1.000000e+00
 outer loop
  vertex -1.5716234e-02 6.0000000e-01 -2.6000000e-02
  vertex -1.1618950e-02 8.5000000e-02 -2.6000000e-02
  vertex -1.5716234e-02 8.5000000e-02 -2.6000000e-02
 endloop
endfacet
facet normal 0.000000e+00 -1.000000e+00 0.000000e+00
 outer loop
  vertex -1.1618950e-02 -6.0000000e-01 -2.6000000e-02
  vertex 1.1618950e-02 -6.0000000e-01 -2.6000000e-02
  vertex 1.1618950e-02 -6.0000000e-01 -1.5000000e-02
 endloop
endfacet
facet normal 0.000000e+00 -1.000000e+00 0.000000e+00
 outer loop
  vertex -1.1618950e-02 -6.0000000e-01 -2.6000000e-02
  vertex 1.1618950e-02 -6.0000000e-01 -1.5000000e-02
  vertex -1.1618950e-02 -6.0000000e-01 -1.5000000e-02
 endloop
endfacet
facet normal 0.000000e+00 0.000000e+00 -1.000000e+00
 outer loop
  vertex -1.1618950e-02 -8.5000000e-02 -2.6000000e-02
  vertex 1.1618950e-02 -8.5000000e-02 -2.6000000e-02
  vertex 1.1618950e-02 -6.0000000e-01 -2.6000000e-02
 endloop
endfacet
facet normal 0.000000e+00 0.000000e+00 -1.000000e+00
 outer loop
  vertex -1.1618950e-02 -8.5000000e-02 -2.6000000e-02
  vertex 1.1618950e-02 -6.0000000e-01 -2.6000000e-02
  vertex -1.1618950e-02 -6.0000000e-01 -2.6000000e-02
 endloop
endfacet
facet normal 0.000000e+00 0.000000e+00 -1.000000e+00
 outer loop
  vertex -1.1618950e-02 -5.5000000e-02 -2.6000000e-02
  vertex 1.1618950e-02 -5.5000000e-02 -2.6000000e-02
  vertex 1.1618950e-02 -8.5000000e-02 -2.6000000e-02
 endloop
endfacet
facet normal 0.000000e+00 0.000000e+00 -1.000000e+00
 outer loop
  vertex -1.1618950e-02 -5.5000000e-02 -2.6000000e-02
  vertex 1.1618950e-02 -8.5000000e-02 -2.6000000e-02
  vertex -1.1618950e-02 -8.5000000e-02 -2.6000000e-02
 endloop
endfacet
facet normal 0.000000e+00 -1.000000e+00 0.000000e+00
 outer loop
  vertex -1.1618950e-02 -8.5000000e-02 -5.0000000e-03
  vertex 1.1618950e-02 -8.5000000e-02 -5.0000000e-03
  vertex 1.1618950e-02 -8.5000000e-02 0.0000000e+00
 endloop
endfacet
facet normal 0.000000e+00 -1.000000e+00 0.000000e+00
 outer loop
  vertex -1.1618950e-02 -8.5000000e-02 -5.0000000e-03
  vertex 1.1618950e-02 -8.5000000e-02 0.0000000e+00
  vertex -1.1618950e-02 -8.5000000e-02 0.0000000e+00
 endloop
endfacet
facet normal 0.000000e+00 0.000000e+00 1.000000e+00
 outer loop
  vertex -1.1618950e-02 -8.5000000e-02 0.0000000e+00
  vertex 1.1618950e-02 -8.5000000e-02 0.0000000e+00
  vertex 1.1618950e-02 -5.5000000e-02 0.0000000e+00
 endloop
endfacet
facet normal 0.000000e+00 0.000000e+00 1.000000e+00
 outer loop
  vertex -1.1618950e-02 -8.5000000e-02 0.0000000e+00
  vertex 1.1618950e-02 -5.5000000e-02 0.0000000e+00
  vertex -1.1618950e-02 -5.5000000e-02 0.0000000e+00
 endloop
endfacet
facet normal 0.000000e+00 0.000000e+00 -1.000000e+00
 outer loop
  vertex -1.1618950e-02 -5.5000000e-02 -5.0000000e-03
  vertex 1.1618950e-02 -5.5000000e-02 -5.0000000e-03
  vertex 1.1618950e-02 -8.5000000e-02 -5.0000000e-03
 endloop
endfacet
facet normal 0.000000e+00 0.000000e+00 -1.000000e+00
 outer loop
  vertex -1.1618950e-02 -5.5000000e-02 -5.0000000e-03
  vertex 1.1618950e-02 -8.5000000e-02 -5.0000000e-03
  vertex -1.1618950e-02 -8.5000000e-02 -5.0000000e-03
 endloop
endfacet
facet normal 0.000000e+00 0.000000e+00 -1.000000e+00
 outer loop
  vertex -1.1618950e-02 -1.8000000e-02 -2.6000000e-02
  vertex 1.1618950e-02 -1.8000000e-02 -2.6000000e-02
  vertex 1.1618950e-02 -5.5000000e-02 -2.6000000e-02
 endloop
endfacet
facet normal 0.000000e+00 0.000000e+00 -1.000000e+00
 outer loop
  vertex -1.1618950e-02 -1.8000000e-02 -2.6000000e-02
  vertex 1.1618950e-02 -5.5000000e-02 -2.6000000e-02
  vertex -1.1618950e-02 -5.5000000e-02 -2.6000000e-02
 endloop
endfacet
facet normal 0.000000e+00 -1.000000e+00 0.000000e+00
 outer loop
  vertex -1.1618950e-02 -5.5000000e-02 -1.5000000e-02
  vertex 1.1618950e-02 -5.5000000e-02 -1.5000000e-02
  vertex 1.1618950e-02 -5.5000000e-02 -5.0000000e-03
 endloop
endfacet
facet normal 0.000000e+00 -1.000000e+00 0.000000e+00
 outer loop
  vertex -1.1618950e-02 -5.5000000e-02 -1.5000000e-02
  vertex 1.1618950e-02 -5.5000000e-02 -5.0000000e-03
  vertex -1.1618950e-02 -5.5000000e-02 -5.0000000e-03
 endloop
endfacet
facet normal 0.000000e+00 0.000000e+00 1.000000e+00
 outer loop
  vertex -1.1618950e-02 -5.5000000e-02 0.0000000e+00
  vertex 1.1618950e-02 -5.5000000e-02 0.0000000e+00
  vertex 1.1618950e-02 -1.8000000e-02 0.0000000e+00
 endloop
endfacet
facet normal 0.000000e+00 0.000000e+00 1.000000e+00
 outer loop
  vertex -1.1618950e-02 -5.5000000e-02 0.0000000e+00
  vertex 1.1618950e-02 -1.8000000e-02 0.0000000e+00
  vertex -1.1618950e-02 -1.8000000e-02 0.0000000e+00
 endloop
endfacet
facet normal -0.000000e+00 1.000000e+00 0.000000e+00
 outer loop
  vertex -1.1618950e-02 -1.1000000e-02 -1.5000000e-02
  vertex 1.1618950e-02 -1.1000000e-02 -1.5000000e-02
  vertex 1.1618950e-02 -1.1000000e-02 -2.6000000e-02
 endloop
endfacet
facet normal 0.000000e+00 1.000000e+00 0.000000e+00
 outer loop
  vertex -1.1618950e-02 -1.1000000e-02 -1.5000000e-02
  vertex 1.1618950e-02 -1.1000000e-02 -2.6000000e-02
  vertex -1.1618950e-02 -1.1000000e-02 -2.6000000e-02
 endloop
endfacet
facet normal 0.000000e+00 0.000000e+00 -1.000000e+00
 outer loop
  vertex -1.1618950e-02 -1.1000000e-02 -2.6000000e-02
  vertex 1.1618950e-02 -1.1000000e-02 -2.6000000e-02
  vertex 1.1618950e-02 -1.8000000e-02 -2.6000000e-02
 endloop
endfacet
facet normal 0.000000e+00 0.000000e+00 -1.000000e+00
 outer loop
  vertex -1.1618950e-02 -1.1000000e-02 -2.6000000e-02
  vertex 1.1618950e-02 -1.8000000e-02 -2.6000000e-02
  vertex -1.1618950e-02 -1.8000000e-02 -2.6000000e-02
 endloop
endfacet
facet normal -0.000000e+00 1.000000e+00 0.000000e+00
 outer loop
  vertex -1.1618950e-02 -1.1000000e-02 -5.0000000e-03
  vertex 1.1618950e-02 -1.1000000e-02 -5.0000000e-03
  vertex 1.1618950e-02 -1.1000000e-02 -1.5000000e-02
 endloop
endfacet
facet normal 0.000000e+00 1.000000e+00 0.000000e+00
 outer loop
  vertex -1.1618950e-02 -1.1000000e-02 -5.0000000e-03
  vertex 1.1618950e-02 -1.1000000e-02 -1.5000000e-02
  vertex -1.1618950e-02 -1.1000000e-02 -1.5000000e-02
 endloop
endfacet
facet normal -0.000000e+00 1.000000e+00 0.000000e+00
 outer loop
  vertex -1.1618950e-02 -1.1000000e-02 0.0000000e+00
  vertex 1.1618950e-02 -1.1000000e-02 0.0000000e+00
  vertex 1.1618950e-02 -1.1000000e-02 -5.0000000e-03
 endloop
endfacet
facet normal 0.000000e+00 1.000000e+00 0.000000e+00
 outer loop
  vertex -1.1618950e-02 -1.1000000e-02 0.0000000e+00
  vertex 1.1618950e-02 -1.1000000e-02 -5.0000000e-03
  vertex -1.1618950e-02 -1.1000000e-02 -5.0000000e-03
 endloop
endfacet
facet normal -0.000000e+00 1.000000e+00 0.000000e+00
 outer loop
  vertex -1.1618950e-02 -1.1000000e-02 5.0000000e-03
  vertex 1.1618950e-02 -1.1000000e-02 5.0000000e-03
  vertex 1.1618950e-02 -1.1000000e-02 0.0000000e+00
 endloop
endfacet
facet normal 0.000000e+00 1.000000e+00 0.000000e+00
 outer loop
  vertex -1.1618950e-02 -1.1000000e-02 5.0000000e-03
  vertex 1.1618950e-02 -1.1000000e-02 0.0000000e+00
  vertex -1.1618950e-02 -1.1000000e-02 0.0000000e+00
 endloop
endfacet
facet normal 0.000000e+00 -1.000000e+00 0.000000e+00
 outer loop
  vertex -1.1618950e-02 -1.8000000e-02 0.0000000e+00
  vertex 1.1618950e-02 -1.8000000e-02 0.0000000e+00
  vertex 1.1618950e-02 -1.8000000e-02 5.0000000e-03
 endloop
endfacet
facet normal 0.000000e+00 -1.000000e+00 0.000000e+00
 outer loop
  vertex -1.1618950e-02 -1.8000000e-02 0.0000000e+00
  vertex 1.1618950e-02 -1.8000000e-02 5.0000000e-03
  vertex -1.1618950e-02 -1.8000000e-02 5.0000000e-03
 endloop
endfacet
facet normal 0.000000e+00 0.000000e+00 1.000000e+00
 outer loop
  vertex -1.1618950e-02 -1.8000000e-02 5.0000000e-03
  vertex 1.1618950e-02 -1.8000000e-02 5.0000000e-03
  vertex 1.1618950e-02 -1.1000000e-02 5.0000000e-03
 endloop
endfacet
facet normal 0.000000e+00 0.000000e+00 1.000000e+00
 outer loop
  vertex -1.1618950e-02 -1.8000000e-02 5.0000000e-03
  vertex 1.1618950e-02 -1.1000000e-02 5.0000000e-03
  vertex -1.1618950e-02 -1.1000000e-02 5.0000000e-03
 endloop
endfacet
facet normal -0.000000e+00 1.000000e+00 0.000000e+00
 outer loop
  vertex -1.1618950e-02 -3.0000000e-03 -1.5000000e-02
  vertex 1.1618950e-02 -3.0000000e-03 -1.5000000e-02
  vertex 1.1618950e-02 -3.0000000e-03 -2.6000000e-02
 endloop
endfacet
facet normal 0.000000e+00 1.000000e+00 0.000000e+00
 outer loop
  vertex -1.1618950e-02 -3.0000000e-03 -1.5000000e-02
  vertex 1.1618950e-02 -3.0000000e-03 -2.6000000e-02
  vertex -1.1618950e-02 -3.0000000e-03 -2.6000000e-02
 endloop
endfacet
facet normal 0.000000e+00 -1.000000e+00 0.000000e+00
 outer loop
  vertex -1.1618950e-02 -5.0000000e-03 -2.6000000e-02
  vertex 1.1618950e-02 -5.0000000e-03 -2.6000000e-02
  vertex 1.1618950e-02 -5.0000000e-03 -1.5000000e-02
 endloop
endfacet
facet normal 0.000000e+00 -1.000000e+00 0.000000e+00
 outer loop
  vertex -1.1618950e-02 -5.0000000e-03 -2.6000000e-02
  vertex 1.1618950e-02 -5.0000000e-03 -1.5000000e-02
  vertex -1.1618950e-02 -5.0000000e-03 -1.5000000e-02
 endloop
endfacet
facet normal 0.000000e+00 0.000000e+00 -1.000000e+00
 outer loop
  vertex -1.1618950e-02 -3.0000000e-03 -2.6000000e-02
  vertex 1.1618950e-02 -3.0000000e-03 -2.6000000e-02
  vertex 1.1618950e-02 -5.0000000e-03 -2.6000000e-02
 endloop
endfacet
facet normal 0.000000e+00 0.000000e+00 -1.000000e+00
 outer loop
  vertex -1.1618950e-02 -3.0000000e-03 -2.6000000e-02
  vertex 1.1618950e-02 -5.0000000e-03 -2.6000000e-02
  vertex -1.1618950e-02 -5.0000000e-03 -2.6000000e-02
 endloop
endfacet
facet normal -0.000000e+00 1.000000e+00 0.000000e+00
 outer loop
  vertex -1.1618950e-02 -3.0000000e-03 -5.0000000e-03
  vertex 1.1618950e-02 -3.0000000e-03 -5.0000000e-03
  vertex 1.1618950e-02 -3.0000000e-03 -1.5000000e-02
 endloop
endfacet
facet normal 0.000000e+00 1.000000e+00 0.000000e+00
 outer loop
  vertex -1.1618950e-02 -3.0000000e-03 -5.0000000e-03
  vertex 1.1618950e-02 -3.0000000e-03 -1.5000000e-02
  vertex -1.1618950e-02 -3.0000000e-03 -1.5000000e-02
 endloop
endfacet
facet normal 0.000000e+00 -1.000000e+00 0.000000e+00
 outer loop
  vertex -1.1618950e-02 -5.0000000e-03 -1.5000000e-02
  vertex 1.1618950e-02 -5.0000000e-03 -1.5000000e-02
  vertex 1.1618950e-02 -5.0000000e-03 -5.0000000e-03
 endloop
endfacet
facet normal 0.000000e+00 -1.000000e+00 0.000000e+00
 outer loop
  vertex -1.1618950e-02 -5.0000000e-03 -1.5000000e-02
  vertex 1.1618950e-02 -5.0000000e-03 -5.0000000e-03
  vertex -1.1618950e-02 -5.0000000e-03 -5.0000000e-03
 endloop
endfacet
facet normal -0.000000e+00 1.000000e+00 0.000000e+00
 outer loop
  vertex -1.1618950e-02 -3.0000000e-03 0.0000000e+00
  vertex 1.1618950e-02 -3.0000000e-03 0.0000000e+00
  vertex 1.1618950e-02 -3.0000000e-03 -5.0000000e-03
 endloop
endfacet
facet normal 0.000000e+00 1.000000e+00 0.000000e+00
 outer loop
  vertex -1.1618950e-02 -3.0000000e-03 0.0000000e+00
  vertex 1.1618950e-02 -3.0000000e-03 -5.0000000e-03
  vertex -1.1618950e-02 -3.0000000e-03 -5.0000000e-03
 endloop
endfacet
facet normal 0.000000e+00 -1.000000e+00 0.000000e+00
 outer loop
  vertex -1.1618950e-02 -5.0000000e-03 -5.0000000e-03
  vertex 1.1618950e-02 -5.0000000e-03 -5.0000000e-03
  vertex 1.1618950e-02 -5.0000000e-03 0.0000000e+00
 endloop
endfacet
facet normal 0.000000e+00 -1.000000e+00 0.000000e+00
 outer loop
  vertex -1.1618950e-02 -5.0000000e-03 -5.0000000e-03
  vertex 1.1618950e-02 -5.0000000e-03 0.0000000e+00
  vertex -1.1618950e-02 -5.0000000e-03 0.0000000e+00
 endloop
endfacet
facet normal -0.000000e+00 1.000000e+00 0.000000e+00
 outer loop
  vertex -1.1618950e-02 -3.0000000e-03 5.0000000e-03
  vertex 1.1618950e-02 -3.0000000e-03 5.0000000e-03
  vertex 1.1618950e-02 -3.0000000e-03 0.0000000e+00
 endloop
endfacet
facet normal 0.000000e+00 1.000000e+00 0.000000e+00
 outer loop
  vertex -1.1618950e-02 -3.0000000e-03 5.0000000e-03
  vertex 1.1618950e-02 -3.0000000e-03 0.0000000e+00
  vertex -1.1618950e-02 -3.0000000e-03 0.0000000e+00
 endloop
endfacet
facet normal 0.000000e+00 -1.000000e+00 0.000000e+00
 outer loop
  vertex -1.1618950e-02 -5.0000000e-03 0.0000000e+00
  vertex 1.1618950e-02 -5.0000000e-03 0.0000000e+00
  vertex 1.1618950e-02 -5.0000000e-03 5.0000000e-03
 endloop
endfacet
facet normal 0.000000e+00 -1.000000e+00 0.000000e+00
 outer loop
  vertex -1.1618950e-02 -5.0000000e-03 0.0000000e+00
  vertex 1.1618950e-02 -5.0000000e-03 5.0000000e-03
  vertex -1.1618950e-02 -5.0000000e-03 5.0000000e-03
 endloop
endfacet
facet normal 0.000000e+00 0.000000e+00 1.000000e+00
 outer loop
  vertex -1.1618950e-02 -5.0000000e-03 5.0000000e-03
  vertex 1.1618950e-02 -5.0000000e-03 5.0000000e-03
  vertex 1.1618950e-02 -3.0000000e-03 5.0000000e-03
 endloop
endfacet
facet normal 0.000000e+00 0.000000e+00 1.000000e+00
 outer loop
  vertex -1.1618950e-02 -5.0000000e-03 5.0000000e-03
  vertex 1.1618950e-02 -3.0000000e-03 5.0000000e-03
  vertex -1.1618950e-02 -3.0000000e-03 5.0000000e-03
 endloop
endfacet
facet normal -0.000000e+00 1.000000e+00 0.000000e+00
 outer loop
  vertex -1.1618950e-02 5.0000000e-03 -1.5000000e-02
  vertex 1.1618950e-02 5.0000000e-03 -1.5000000e-02
  vertex 1.1618950e-02 5.0000000e-03 -2.6000000e-02
 endloop
endfacet
facet normal 0.000000e+00 1.000000e+00 0.000000e+00
 outer loop
  vertex -1.1618950e-02 5.0000000e-03 -1.5000000e-02
  vertex 1.1618950e-02 5.0000000e-03 -2.6000000e-02
  vertex -1.1618950e-02 5.0000000e-03 -2.6000000e-02
 endloop
endfacet
facet normal 0.000000e+00 -1.000000e+00 0.000000e+00
 outer loop
  vertex -1.1618950e-02 3.0000000e-03 -2.6000000e-02
  vertex 1.1618950e-02 3.0000000e-03 -2.6000000e-02
  vertex 1.1618950e-02 3.0000000e-03 -1.5000000e-02
 endloop
endfacet
facet normal 0.000000e+00 -1.000000e+00 0.000000e+00
 outer loop
  vertex -1.1618950e-02 3.0000000e-03 -2.6000000e-02
  vertex 1.1618950e-02 3.0000000e-03 -1.5000000e-02
  vertex -1.1618950e-02 3.0000000e-03 -1.5000000e-02
 endloop
endfacet
facet normal 0.000000e+00 0.000000e+00 -1.000000e+00
 outer loop
  vertex -1.1618950e-02 5.0000000e-03 -2.6000000e-02
  vertex 1.1618950e-02 5.0000000e-03 -2.6000000e-02
  vertex 1.1618950e-02 3.0000000e-03 -2.6000000e-02
 endloop
endfacet
facet normal 0.000000e+00 0.000000e+00 -1.000000e+00
 outer loop
  vertex -1.1618950e-02 5.0000000e-03 -2.6000000e-02
  vertex 1.1618950e-02 3.0000000e-03 -2.6000000e-02
  vertex -1.1618950e-02 3.0000000e-03 -2.6000000e-02
 endloop
endfacet
facet normal -0.000000e+00 1.000000e+00 0.000000e+00
 outer loop
  vertex -1.1618950e-02 5.0000000e-03 -5.0000000e-03
  vertex 1.1618950e-02 5.0000000e-03 -5.0000000e-03
  vertex 1.1618950e-02 5.0000000e-03 -1.5000000e-02
 endloop
endfacet
facet normal 0.000000e+00 1.000000e+00 0.000000e+00
 outer loop
  vertex -1.1618950e-02 5.0000000e-03 -5.0000000e-03
  vertex 1.1618950e-02 5.0000000e-03 -1.5000000e-02
  vertex -1.1618950e-02 5.0000000e-03 -1.5000000e-02
 endloop
endfacet
facet normal 0.000000e+00 -1.000000e+00 0.000000e+00
 outer loop
  vertex -1.1618950e-02 3.0000000e-03 -1.5000000e-02
  vertex 1.1618950e-02 3.0000000e-03 -1.5000000e-02
  vertex 1.1618950e-02 3.0000000e-03 -5.0000000e-03
 endloop
endfacet
facet normal 0.000000e+00 -1.000000e+00 0.000000e+00
 outer loop
  vertex -1.1618950e-02 3.0000000e-03 -1.5000000e-02
  vertex 1.1618950e-02 3.0000000e-03 -5.0000000e-03
  vertex -1.1618950e-02 3.0000000e-03 -5.0000000e-03
 endloop
endfacet
facet normal -0.000000e+00 1.000000e+00 0.000000e+00
 outer loop
  vertex -1.1618950e-02 5.0000000e-03 0.0000000e+00
  vertex 1.1618950e-02 5.0000000e-03 0.0000000e+00
  vertex 1.1618950e-02 5.0000000e-03 -5.0000000e-03
 endloop
endfacet
facet normal 0.000000e+00 1.000000e+00 0.000000e+00
 outer loop
  vertex -1.1618950e-02 5.0000000e-03 0.0000000e+00
  vertex 1.1618950e-02 5.0000000e-03 -5.0000000e-03
  vertex -1.1618950e-02 5.0000000e-03 -5.0000000e-03
 endloop
endfacet
facet normal 0.000000e+00 -1.000000e+00 0.000000e+00
 outer loop
  vertex -1.1618950e-02 3.0000000e-03 -5.0000000e-03
  vertex 1.1618950e-02 3.0000000e-03 -5.0000000e-03
  vertex 1.1618950e-02 3.0000000e-03 0.0000000e+00
 endloop
endfacet
facet normal 0.000000e+00 -1.000000e+00 0.000000e+00
 outer loop
  vertex -1.1618950e-02 3.0000000e-03 -5.0000000e-03
  vertex 1.1618950e-02 3.0000000e-03 0.0000000e+00
  vertex -1.1618950e-02 3.0000000e-03 0.0000000e+00
 endloop
endfacet
facet normal -0.000000e+00 1.000000e+00 0.000000e+00
 outer loop
  vertex -1.1618950e-02 5.0000000e-03 5.0000000e-03
  vertex 1.1618950e-02 5.0000000e-03 5.0000000e-03
  vertex 1.1618950e-02 5.0000000e-03 0.0000000e+00
 endloop
endfacet
facet normal 0.000000e+00 1.000000e+00 0.000000e+00
 outer loop
  vertex -1.1618950e-02 5.0000000e-03 5.0000000e-03
  vertex 1.1618950e-02 5.0000000e-03 0.0000000e+00
  vertex -1.1618950e-02 5.0000000e-03 0.0000000e+00
 endloop
endfacet
facet normal 0.000000e+00 -1.000000e+00 0.000000e+00
 outer loop
  vertex -1.1618950e-02 3.0000000e-03 0.0000000e+00
  vertex 1.1618950e-02 3.0000000e-03 0.0000000e+00
  vertex 1.1618950e-02 3.0000000e-03 5.0000000e-03
 endloop
endfacet
facet normal 0.000000e+00 -1.000000e+00 0.000000e+00
 outer loop
  vertex -1.1618950e-02 3.0000000e-03 0.0000000e+00
  vertex 1.1618950e-02 3.0000000e-03 5.0000000e-03
  vertex -1.1618950e-02 3.0000000e-03 5.0000000e-03
 endloop
endfacet
facet normal 0.000000e+00 0.000000e+00 1.000000e+00
 outer loop
  vertex -1.1618950e-02 3.0000000e-03 5.0000000e-03
  vertex 1.1618950e-02 3.0000000e-03 5.0000000e-03
  vertex 1.1618950e-02 5.0000000e-03 5.0000000e-03
 endloop
endfacet
facet normal 0.000000e+00 0.000000e+00 1.000000e+00
 outer loop
  vertex -1.1618950e-02 3.0000000e-03 5.0000000e-03
  vertex 1.1618950e-02 5.0000000e-03 5.0000000e-03
  vertex -1.1618950e-02 5.0000000e-03 5.0000000e-03
 endloop
endfacet
facet normal 0.000000e+00 -1.000000e+00 0.000000e+00
 outer loop
  vertex -1.1618950e-02 1.1000000e-02 -2.6000000e-02
  vertex 1.1618950e-02 1.1000000e-02 -2.6000000e-02
  vertex 1.1618950e-02 1.1000000e-02 -1.5000000e-02
 endloop
endfacet
facet normal 0.000000e+00 -1.000000e+00 0.000000e+00
 outer loop
  vertex -1.1618950e-02 1.1000000e-02 -2.6000000e-02
  vertex 1.1618950e-02 1.1000000e-02 -1.5000000e-02
  vertex -1.1618950e-02 1.1000000e-02 -1.5000000e-02
 endloop
endfacet
facet normal 0.000000e+00 0.000000e+00 -1.000000e+00
 outer loop
  vertex -1.1618950e-02 1.8000000e-02 -2.6000000e-02
  vertex 1.1618950e-02 1.8000000e-02 -2.6000000e-02
  vertex 1.1618950e-02 1.1000000e-02 -2.6000000e-02
 endloop
endfacet
facet normal 0.000000e+00 0.000000e+00 -1.000000e+00
 outer loop
  vertex -1.1618950e-02 1.8000000e-02 -2.6000000e-02
  vertex 1.1618950e-02 1.1000000e-02 -2.6000000e-02
  vertex -1.1618950e-02 1.1000000e-02 -2.6000000e-02
 endloop
endfacet
facet normal 0.000000e+00 -1.000000e+00 0.000000e+00
 outer loop
  vertex -1.1618950e-02 1.1000000e-02 -1.5000000e-02
  vertex 1.1618950e-02 1.1000000e-02 -1.5000000e-02
  vertex 1.1618950e-02 1.1000000e-02 -5.0000000e-03
 endloop
endfacet
facet normal 0.000000e+00 -1.000000e+00 0.000000e+00
 outer loop
  vertex -1.1618950e-02 1.1000000e-02 -1.5000000e-02
  vertex 1.1618950e-02 1.1000000e-02 -5.0000000e-03
  vertex -1.1618950e-02 1.1000000e-02 -5.0000000e-03
 endloop
endfacet
facet normal 0.000000e+00 -1.000000e+00 0.000000e+00
 outer loop
  vertex -1.1618950e-02 1.1000000e-02 -5.0000000e-03
  vertex 1.1618950e-02 1.1000000e-02 -5.0000000e-03
  vertex 1.1618950e-02 1.1000000e-02 0.0000000e+00
 endloop
endfacet
facet normal 0.000000e+00 -1.000000e+00 0.000000e+00
 outer loop
  vertex -1.1618950e-02 1.1000000e-02 -5.0000000e-03
  vertex 1.1618950e-02 1.1000000e-02 0.0000000e+00
  vertex -1.1618950e-02 1.1000000e-02 0.0000000e+00
 endloop
endfacet
facet normal -0.000000e+00 1.000000e+00 0.000000e+00
 outer loop
  vertex -1.1618950e-02 1.8000000e-02 5.0000000e-03
  vertex 1.1618950e-02 1.8000000e-02 5.0000000e-03
  vertex 1.1618950e-02 1.8000000e-02 0.0000000e+00
 endloop
endfacet
facet normal 0.000000e+00 1.000000e+00 0.000000e+00
 outer loop
  vertex -1.1618950e-02 1.8000000e-02 5.0000000e-03
  vertex 1.1618950e-02 1.8000000e-02 0.0000000e+00
  vertex -1.1618950e-02 1.8000000e-02 0.0000000e+00
 endloop
endfacet
facet normal 0.000000e+00 -1.000000e+00 0.000000e+00
 outer loop
  vertex -1.1618950e-02 1.1000000e-02 0.0000000e+00
  vertex 1.1618950e-02 1.1000000e-02 0.0000000e+00
  vertex 1.1618950e-02 1.1000000e-02 5.0000000e-03
 endloop
endfacet
facet normal 0.000000e+00 -1.000000e+00 0.000000e+00
 outer loop
  vertex -1.1618950e-02 1.1000000e-02 0.0000000e+00
  vertex 1.1618950e-02 1.1000000e-02 5.0000000e-03
  vertex -1.1618950e-02 1.1000000e-02 5.0000000e-03
 endloop
endfacet
facet normal 0.000000e+00 0.000000e+00 1.000000e+00
 outer loop
  vertex -1.1618950e-02 1.1000000e-02 5.0000000e-03
  vertex 1.1618950e-02 1.1000000e-02 5.0000000e-03
  vertex 1.1618950e-02 1.8000000e-02 5.0000000e-03
 endloop
endfacet
facet normal 0.000000e+00 0.000000e+00 1.000000e+00
 outer loop
  vertex -1.1618950e-02 1.1000000e-02 5.0000000e-03
  vertex 1.1618950e-02 1.8000000e-02 5.0000000e-03
  vertex -1.1618950e-02 1.8000000e-02 5.0000000e-03
 endloop
endfacet
facet normal 0.000000e+00 0.000000e+00 -1.000000e+00
 outer loop
  vertex -1.1618950e-02 5.5000000e-02 -2.6000000e-02
  vertex 1.1618950e-02 5.5000000e-02 -2.6000000e-02
  vertex 1.1618950e-02 1.8000000e-02 -2.6000000e-02
 endloop
endfacet
facet normal 0.000000e+00 0.000000e+00 -1.000000e+00
 outer loop
  vertex -1.1618950e-02 5.5000000e-02 -2.6000000e-02
  vertex 1.1618950e-02 1.8000000e-02 -2.6000000e-02
  vertex -1.1618950e-02 1.8000000e-02 -2.6000000e-02
 endloop
endfacet
facet normal -0.000000e+00 1.000000e+00 0.000000e+00
 outer loop
  vertex -1.1618950e-02 5.5000000e-02 -5.0000000e-03
  vertex 1.1618950e-02 5.5000000e-02 -5.0000000e-03
  vertex 1.1618950e-02 5.5000000e-02 -1.5000000e-02
 endloop
endfacet
facet normal 0.000000e+00 1.000000e+00 0.000000e+00
 outer loop
  vertex -1.1618950e-02 5.5000000e-02 -5.0000000e-03
  vertex 1.1618950e-02 5.5000000e-02 -1.5000000e-02
  vertex -1.1618950e-02 5.5000000e-02 -1.5000000e-02
 endloop
endfacet
facet normal 0.000000e+00 0.000000e+00 1.000000e+00
 outer loop
  vertex -1.1618950e-02 1.8000000e-02 0.0000000e+00
  vertex 1.1618950e-02 1.8000000e-02 0.0000000e+00
  vertex 1.1618950e-02 5.5000000e-02 0.0000000e+00
 endloop
endfacet
facet normal 0.000000e+00 0.000000e+00 1.000000e+00
 outer loop
  vertex -1.1618950e-02 1.8000000e-02 0.0000000e+00
  vertex 1.1618950e-02 5.5000000e-02 0.0000000e+00
  vertex -1.1618950e-02 5.5000000e-02 0.0000000e+00
 endloop
endfacet
facet normal 0.000000e+00 0.000000e+00 -1.000000e+00
 outer loop
  vertex -1.1618950e-02 8.5000000e-02 -2.6000000e-02
  vertex 1.1618950e-02 8.5000000e-02 -2.6000000e-02
  vertex 1.1618950e-02 5.5000000e-02 -2.6000000e-02
 endloop
endfacet
facet normal 0.000000e+00 0.000000e+00 -1.000000e+00
 outer loop
  vertex -1.1618950e-02 8.5000000e-02 -2.6000000e-02
  vertex 1.1618950e-02 5.5000000e-02 -2.6000000e-02
  vertex -1.1618950e-02 5.5000000e-02 -2.6000000e-02
 endloop
endfacet
facet normal -0.000000e+00 1.000000e+00 0.000000e+00
 outer loop
  vertex -1.1618950e-02 8.5000000e-02 0.0000000e+00
  vertex 1.1618950e-02 8.5000000e-02 0.0000000e+00
  vertex 1.1618950e-02 8.5000000e-02 -5.0000000e-03
 endloop
endfacet
facet normal 0.000000e+00 1.000000e+00 0.000000e+00
 outer loop
  vertex -1.1618950e-02 8.5000000e-02 0.0000000e+00
  vertex 1.1618950e-02 8.5000000e-02 -5.0000000e-03
  vertex -1.1618950e-02 8.5000000e-02 -5.0000000e-03
 endloop
endfacet
facet normal 0.000000e+00 0.000000e+00 1.000000e+00
 outer loop
  vertex -1.1618950e-02 5.5000000e-02 0.0000000e+00
  vertex 1.1618950e-02 5.5000000e-02 0.0000000e+00
  vertex 1.1618950e-02 8.5000000e-02 0.0000000e+00
 endloop
endfacet
facet normal 0.000000e+00 0.000000e+00 1.000000e+00
 outer loop
  vertex -1.1618950e-02 5.5000000e-02 0.0000000e+00
  vertex 1.1618950e-02 8.5000000e-02 0.0000000e+00
  vertex -1.1618950e-02 8.5000000e-02 0.0000000e+00
 endloop
endfacet
facet normal 0.000000e+00 0.000000e+00 -1.000000e+00
 outer loop
  vertex -1.1618950e-02 8.5000000e-02 -5.0000000e-03
  vertex 1.1618950e-02 8.5000000e-02 -5.0000000e-03
  vertex 1.1618950e-02 5.5000000e-02 -5.0000000e-03
 endloop
endfacet
facet normal 0.000000e+00 0.000000e+00 -1.000000e+00
 outer loop
  vertex -1.1618950e-02 8.5000000e-02 -5.0000000e-03
  vertex 1.1618950e-02 5.5000000e-02 -5.0000000e-03
  vertex -1.1618950e-02 5.5000000e-02 -5.0000000e-03
 endloop
endfacet
facet normal -0.000000e+00 1.000000e+00 0.000000e+00
 outer loop
  vertex -1.1618950e-02 6.0000000e-01 -1.5000000e-02
  vertex 1.1618950e-02 6.0000000e-01 -1.5000000e-02
  vertex 1.1618950e-02 6.0000000e-01 -2.6000000e-02
 endloop
endfacet
facet normal 0.000000e+00 1.000000e+00 0.000000e+00
 outer loop
  vertex -1.1618950e-02 6.0000000e-01 -1.5000000e-02
  vertex 1.1618950e-02 6.0000000e-01 -2.6000000e-02
  vertex -1.1618950e-02 6.0000000e-01 -2.6000000e-02
 endloop
endfacet
facet normal 0.000000e+00 0.000000e+00 -1.000000e+00
 outer loop
  vertex -1.1618950e-02 6.0000000e-01 -2.6000000e-02
  vertex 1.1618950e-02 6.0000000e-01 -2.6000000e-02
  vertex 1.1618950e-02 8.5000000e-02 -2.6000000e-02
 endloop
endfacet
facet normal 0.000000e+00 0.000000e+00 -1.000000e+00
 outer loop
  vertex -1.1618950e-02 6.0000000e-01 -2.6000000e-02
  vertex 1.1618950e-02 8.5000000e-02 -2.6000000e-02
  vertex -1.1618950e-02 8.5000000e-02 -2.6000000e-02
 endloop
endfacet
facet normal 0.000000e+00 -1.000000e+00 0.000000e+00
 outer loop
  vertex 1.1618950e-02 -6.0000000e-01 -2.6000000e-02
  vertex 1.5716234e-02 -6.0000000e-01 -2.6000000e-02
  vertex 1.5716234e-02 -6.0000000e-01 -1.5000000e-02
 endloop
endfacet
facet normal 0.000000e+00 -1.000000e+00 0.000000e+00
 outer loop
  vertex 1.1618950e-02 -6.0000000e-01 -2.6000000e-02
  vertex 1.5716234e-02 -6.0000000e-01 -1.5000000e-02
  vertex 1.1618950e-02 -6.0000000e-01 -1.5000000e-02
 endloop
endfacet
facet normal 0.000000e+00 0.000000e+00 -1.000000e+00
 outer loop
  vertex 1.1618950e-02 -8.5000000e-02 -2.6000000e-02
  vertex 1.5716234e-02 -8.5000000e-02 -2.6000000e-02
  vertex 1.5716234e-02 -6.0000000e-01 -2.6000000e-02
 endloop
endfacet
facet normal 0.000000e+00 0.000000e+00 -1.000000e+00
 outer loop
  vertex 1.1618950e-02 -8.5000000e-02 -2.6000000e-02
  vertex 1.5716234e-02 -6.0000000e-01 -2.6000000e-02
  vertex 1.1618950e-02 -6.0000000e-01 -2.6000000e-02
 endloop
endfacet
facet normal 0.000000e+00 0.000000e+00 -1.000000e+00
 outer loop
  vertex 1.1618950e-02 -5.5000000e-02 -2.6000000e-02
  vertex 1.5716234e-02 -5.5000000e-02 -2.6000000e-02
  vertex 1.5716234e-02 -8.5000000e-02 -2.6000000e-02
 endloop
endfacet
facet normal 0.000000e+00 0.000000e+00 -1.000000e+00
 outer loop
  vertex 1.1618950e-02 -5.5000000e-02 -2.6000000e-02
  vertex 1.5716234e-02 -8.5000000e-02 -2.6000000e-02
  vertex 1.1618950e-02 -8.5000000e-02 -2.6000000e-02
 endloop
endfacet
facet normal 0.000000e+00 -1.000000e+00 0.000000e+00
 outer loop
  vertex 1.1618950e-02 -8.5000000e-02 -5.0000000e-03
  vertex 1.5716234e-02 -8.5000000e-02 -5.0000000e-03
  vertex 1.5716234e-02 -8.5000000e-02 0.0000000e+00
 endloop
endfacet
facet normal 0.000000e+00 -1.000000e+00 0.000000e+00
 outer loop
  vertex 1.1618950e-02 -8.5000000e-02 -5.0000000e-03
  vertex 1.5716234e-02 -8.5000000e-02 0.0000000e+00
  vertex 1.1618950e-02 -8.5000000e-02 0.0000000e+00
 endloop
endfacet
facet normal 0.000000e+00 0.000000e+00 1.000000e+00
 outer loop
  vertex 1.1618950e-02 -8.5000000e-02 0.0000000e+00
  vertex 1.5716234e-02 -8.5000000e-02 0.0000000e+00
  vertex 1.5716234e-02 -5.5000000e-02 0.0000000e+00
 endloop
endfacet
facet normal 0.000000e+00 0.000000e+00 1.000000e+00
 outer loop
  vertex 1.1618950e-02 -8.5000000e-02 0.0000000e+00
  vertex 1.5716234e-02 -5.5000000e-02 0.0000000e+00
  vertex 1.1618950e-02 -5.5000000e-02 0.0000000e+00
 endloop
endfacet
facet normal 0.000000e+00 0.000000e+00 -1.000000e+00
 outer loop
  vertex 1.1618950e-02 -5.5000000e-02 -5.0000000e-03
  vertex 1.5716234e-02 -5.5000000e-02 -5.0000000e-03
  vertex 1.5716234e-02 -8.5000000e-02 -5.0000000e-03
 endloop
endfacet
facet normal 0.000000e+00 0.000000e+00 -1.000000e+00
 outer loop
  vertex 1.1618950e-02 -5.5000000e-02 -5.0000000e-03
  vertex 1.5716234e-02 -8.5000000e-02 -5.0000000e-03
  vertex 1.1618950e-02 -8.5000000e-02 -5.0000000e-03
 endloop
endfacet
facet normal 0.000000e+00 0.000000e+00 -1.000000e+00
 outer loop
  vertex 1.1618950e-02 -1.8000000e-02 -2.6000000e-02
  vertex 1.5716234e-02 -1.8000000e-02 -2.6000000e-02
  vertex 1.5716234e-02 -5.5000000e-02 -2.6000000e-02
 endloop
endfacet
facet normal 0.000000e+00 0.000000e+00 -1.000000e+00
 outer loop
  vertex 1.1618950e-02 -1.8000000e-02 -2.6000000e-02
  vertex 1.5716234e-02 -5.5000000e-02 -2.6000000e-02
  vertex 1.1618950e-02 -5.5000000e-02 -2.6000000e-02
 endloop
endfacet
facet normal 0.000000e+00 -1.000000e+00 0.000000e+00
 outer loop
  vertex 1.1618950e-02 -5.5000000e-02 -1.5000000e-02
  vertex 1.5716234e-02 -5.5000000e-02 -1.5000000e-02
  vertex 1.5716234e-02 -5.5000000e-02 -5.0000000e-03
 endloop
endfacet
facet normal 0.000000e+00 -1.000000e+00 0.000000e+00
 outer loop
  vertex 1.1618950e-02 -5.5000000e-02 -1.5000000e-02
  vertex 1.5716234e-02 -5.5000000e-02 -5.0000000e-03
  vertex 1.1618950e-02 -5.5000000e-02 -5.0000000e-03
 endloop
endfacet
facet normal 0.000000e+00 0.000000e+00 1.000000e+00
 outer loop
  vertex 1.1618950e-02 -5.5000000e-02 0.0000000e+00
  vertex 1.5716234e-02 -5.5000000e-02 0.0000000e+00
  vertex 1.5716234e-02 -1.8000000e-02 0.0000000e+00
 endloop
endfacet
facet normal 0.000000e+00 0.000000e+00 1.000000e+00
 outer loop
  vertex 1.1618950e-02 -5.5000000e-02 0.0000000e+00
  vertex 1.5716234e-02 -1.8000000e-02 0.0000000e+00
  vertex 1.1618950e-02 -1.8000000e-02 0.0000000e+00
 endloop
endfacet
facet normal 0.000000e+00 0.000000e+00 -1.000000e+00
 outer loop
  vertex 1.1618950e-02 -1.1000000e-02 -2.6000000e-02
  vertex 1.5716234e-02 -1.1000000e-02 -2.6000000e-02
  vertex 1.5716234e-02 -1.8000000e-02 -2.6000000e-02
 endloop
endfacet
facet normal 0.000000e+00 0.000000e+00 -1.000000e+00
 outer loop
  vertex 1.1618950e-02 -1.1000000e-02 -2.6000000e-02
  vertex 1.5716234e-02 -1.8000000e-02 -2.6000000e-02
  vertex 1.1618950e-02 -1.8000000e-02 -2.6000000e-02
 endloop
endfacet
facet normal 0.000000e+00 -1.000000e+00 0.000000e+00
 outer loop
  vertex 1.1618950e-02 -1.8000000e-02 0.0000000e+00
  vertex 1.5716234e-02 -1.8000000e-02 0.0000000e+00
  vertex 1.5716234e-02 -1.8000000e-02 5.0000000e-03
 endloop
endfacet
facet normal 0.000000e+00 -1.000000e+00 0.000000e+00
 outer loop
  vertex 1.1618950e-02 -1.8000000e-02 0.0000000e+00
  vertex 1.5716234e-02 -1.8000000e-02 5.0000000e-03
  vertex 1.1618950e-02 -1.8000000e-02 5.0000000e-03
 endloop
endfacet
facet normal 0.000000e+00 0.000000e+00 1.000000e+00
 outer loop
  vertex 1.1618950e-02 -1.8000000e-02 5.0000000e-03
  vertex 1.5716234e-02 -1.8000000e-02 5.0000000e-03
  vertex 1.5716234e-02 -1.1000000e-02 5.0000000e-03
 endloop
endfacet
facet normal 0.000000e+00 0.000000e+00 1.000000e+00
 outer loop
  vertex 1.1618950e-02 -1.8000000e-02 5.0000000e-03
  vertex 1.5716234e-02 -1.1000000e-02 5.0000000e-03
  vertex 1.1618950e-02 -1.1000000e-02 5.0000000e-03
 endloop
endfacet
facet normal -1.000000e+00 0.000000e+00 0.000000e+00
 outer loop
  vertex 1.1618950e-02 -1.1000000e-02 -1.5000000e-02
  vertex 1.1618950e-02 -5.0000000e-03 -1.5000000e-02
  vertex 1.1618950e-02 -5.0000000e-03 -2.6000000e-02
 endloop
endfacet
facet normal -1.000000e+00 0.000000e+00 0.000000e+00
 outer loop
  vertex 1.1618950e-02 -1.1000000e-02 -1.5000000e-02
  vertex 1.1618950e-02 -5.0000000e-03 -2.6000000e-02
  vertex 1.1618950e-02 -1.1000000e-02 -2.6000000e-02
 endloop
endfacet
facet normal 0.000000e+00 0.000000e+00 -1.000000e+00
 outer loop
  vertex 1.1618950e-02 -5.0000000e-03 -2.6000000e-02
  vertex 1.5716234e-02 -5.0000000e-03 -2.6000000e-02
  vertex 1.5716234e-02 -1.1000000e-02 -2.6000000e-02
 endloop
endfacet
facet normal 0.000000e+00 0.000000e+00 -1.000000e+00
 outer loop
  vertex 1.1618950e-02 -5.0000000e-03 -2.6000000e-02
  vertex 1.5716234e-02 -1.1000000e-02 -2.6000000e-02
  vertex 1.1618950e-02 -1.1000000e-02 -2.6000000e-02
 endloop
endfacet
facet normal -1.000000e+00 0.000000e+00 0.000000e+00
 outer loop
  vertex 1.1618950e-02 -1.1000000e-02 -5.0000000e-03
  vertex 1.1618950e-02 -5.0000000e-03 -5.0000000e-03
  vertex 1.1618950e-02 -5.0000000e-03 -1.5000000e-02
 endloop
endfacet
facet normal -1.000000e+00 0.000000e+00 0.000000e+00
 outer loop
  vertex 1.1618950e-02 -1.1000000e-02 -5.0000000e-03
  vertex 1.1618950e-02 -5.0000000e-03 -1.5000000e-02
  vertex 1.1618950e-02 -1.1000000e-02 -1.5000000e-02
 endloop
endfacet
facet normal -1.000000e+00 0.000000e+00 0.000000e+00
 outer loop
  vertex 1.1618950e-02 -1.1000000e-02 0.0000000e+00
  vertex 1.1618950e-02 -5.0000000e-03 0.0000000e+00
  vertex 1.1618950e-02 -5.0000000e-03 -5.0000000e-03
 endloop
endfacet
facet normal -1.000000e+00 0.000000e+00 0.000000e+00
 outer loop
  vertex 1.1618950e-02 -1.1000000e-02 0.0000000e+00
  vertex 1.1618950e-02 -5.0000000e-03 -5.0000000e-03
  vertex 1.1618950e-02 -1.1000000e-02 -5.0000000e-03
 endloop
endfacet
facet normal -1.000000e+00 0.000000e+00 0.000000e+00
 outer loop
  vertex 1.1618950e-02 -1.1000000e-02 5.0000000e-03
  vertex 1.1618950e-02 -5.0000000e-03 5.0000000e-03
  vertex 1.1618950e-02 -5.0000000e-03 0.0000000e+00
 endloop
endfacet
facet normal -1.000000e+00 0.000000e+00 0.000000e+00
 outer loop
  vertex 1.1618950e-02 -1.1000000e-02 5.0000000e-03
  vertex 1.1618950e-02 -5.0000000e-03 0.0000000e+00
  vertex 1.1618950e-02 -1.1000000e-02 0.0000000e+00
 endloop
endfacet
facet normal 0.000000e+00 0.000000e+00 1.000000e+00
 outer loop
  vertex 1.1618950e-02 -1.1000000e-02 5.0000000e-03
  vertex 1.5716234e-02 -1.1000000e-02 5.0000000e-03
  vertex 1.5716234e-02 -5.0000000e-03 5.0000000e-03
 endloop
endfacet
facet normal 0.000000e+00 0.000000e+00 1.000000e+00
 outer loop
  vertex 1.1618950e-02 -1.1000000e-02 5.0000000e-03
  vertex 1.5716234e-02 -5.0000000e-03 5.0000000e-03
  vertex 1.1618950e-02 -5.0000000e-03 5.0000000e-03
 endloop
endfacet
facet normal -0.000000e+00 1.000000e+00 0.000000e+00
 outer loop
  vertex 1.1618950e-02 -3.0000000e-03 -1.5000000e-02
  vertex 1.5716234e-02 -3.0000000e-03 -1.5000000e-02
  vertex 1.5716234e-02 -3.0000000e-03 -2.6000000e-02
 endloop
endfacet
facet normal 0.000000e+00 1.000000e+00 0.000000e+00
 outer loop
  vertex 1.1618950e-02 -3.0000000e-03 -1.5000000e-02
  vertex 1.5716234e-02 -3.0000000e-03 -2.6000000e-02
  vertex 1.1618950e-02 -3.0000000e-03 -2.6000000e-02
 endloop
endfacet
facet normal 0.000000e+00 0.000000e+00 -1.000000e+00
 outer loop
  vertex 1.1618950e-02 -3.0000000e-03 -2.6000000e-02
  vertex 1.5716234e-02 -3.0000000e-03 -2.6000000e-02
  vertex 1.5716234e-02 -5.0000000e-03 -2.6000000e-02
 endloop
endfacet
facet normal 0.000000e+00 0.000000e+00 -1.000000e+00
 outer loop
  vertex 1.1618950e-02 -3.0000000e-03 -2.6000000e-02
  vertex 1.5716234e-02 -5.0000000e-03 -2.6000000e-02
  vertex 1.1618950e-02 -5.0000000e-03 -2.6000000e-02
 endloop
endfacet
facet normal -0.000000e+00 1.000000e+00 0.000000e+00
 outer loop
  vertex 1.1618950e-02 -3.0000000e-03 -5.0000000e-03
  vertex 1.5716234e-02 -3.0000000e-03 -5.0000000e-03
  vertex 1.5716234e-02 -3.0000000e-03 -1.5000000e-02
 endloop
endfacet
facet normal 0.000000e+00 1.000000e+00 0.000000e+00
 outer loop
  vertex 1.1618950e-02 -3.0000000e-03 -5.0000000e-03
  vertex 1.5716234e-02 -3.0000000e-03 -1.5000000e-02
  vertex 1.1618950e-02 -3.0000000e-03 -1.5000000e-02
 endloop
endfacet
facet normal -0.000000e+00 1.000000e+00 0.000000e+00
 outer loop
  vertex 1.1618950e-02 -3.0000000e-03 0.0000000e+00
  vertex 1.5716234e-02 -3.0000000e-03 0.0000000e+00
  vertex 1.5716234e-02 -3.0000000e-03 -5.0000000e-03
 endloop
endfacet
facet normal 0.000000e+00 1.000000e+00 0.000000e+00
 outer loop
  vertex 1.1618950e-02 -3.0000000e-03 0.0000000e+00
  vertex 1.5716234e-02 -3.0000000e-03 -5.0000000e-03
  vertex 1.1618950e-02 -3.0000000e-03 -5.0000000e-03
 endloop
endfacet
facet normal -0.000000e+00 1.000000e+00 0.000000e+00
 outer loop
  vertex 1.1618950e-02 -3.0000000e-03 5.0000000e-03
  vertex 1.5716234e-02 -3.0000000e-03 5.0000000e-03
  vertex 1.5716234e-02 -3.0000000e-03 0.0000000e+00
 endloop
endfacet
facet normal 0.000000e+00 1.000000e+00 0.000000e+00
 outer loop
  vertex 1.1618950e-02 -3.0000000e-03 5.0000000e-03
  vertex 1.5716234e-02 -3.0000000e-03 0.0000000e+00
  vertex 1.1618950e-02 -3.0000000e-03 0.0000000e+00
 endloop
endfacet
facet normal 0.000000e+00 0.000000e+00 1.000000e+00
 outer loop
  vertex 1.1618950e-02 -5.0000000e-03 5.0000000e-03
  vertex 1.5716234e-02 -5.0000000e-03 5.0000000e-03
  vertex 1.5716234e-02 -3.0000000e-03 5.0000000e-03
 endloop
endfacet
facet normal 0.000000e+00 0.000000e+00 1.000000e+00
 outer loop
  vertex 1.1618950e-02 -5.0000000e-03 5.0000000e-03
  vertex 1.5716234e-02 -3.0000000e-03 5.0000000e-03
  vertex 1.1618950e-02 -3.0000000e-03 5.0000000e-03
 endloop
endfacet
facet normal 0.000000e+00 -1.000000e+00 0.000000e+00
 outer loop
  vertex 1.1618950e-02 3.0000000e-03 -2.6000000e-02
  vertex 1.5716234e-02 3.0000000e-03 -2.6000000e-02
  vertex 1.5716234e-02 3.0000000e-03 -1.5000000e-02
 endloop
endfacet
facet normal 0.000000e+00 -1.000000e+00 0.000000e+00
 outer loop
  vertex 1.1618950e-02 3.0000000e-03 -2.6000000e-02
  vertex 1.5716234e-02 3.0000000e-03 -1.5000000e-02
  vertex 1.1618950e-02 3.0000000e-03 -1.5000000e-02
 endloop
endfacet
facet normal 0.000000e+00 0.000000e+00 -1.000000e+00
 outer loop
  vertex 1.1618950e-02 5.0000000e-03 -2.6000000e-02
  vertex 1.5716234e-02 5.0000000e-03 -2.6000000e-02
  vertex 1.5716234e-02 3.0000000e-03 -2.6000000e-02
 endloop
endfacet
facet normal 0.000000e+00 0.000000e+00 -1.000000e+00
 outer loop
  vertex 1.1618950e-02 5.0000000e-03 -2.6000000e-02
  vertex 1.5716234e-02 3.0000000e-03 -2.6000000e-02
  vertex 1.1618950e-02 3.0000000e-03 -2.6000000e-02
 endloop
endfacet
facet normal 0.000000e+00 -1.000000e+00 0.000000e+00
 outer loop
  vertex 1.1618950e-02 3.0000000e-03 -1.5000000e-02
  vertex 1.5716234e-02 3.0000000e-03 -1.5000000e-02
  vertex 1.5716234e-02 3.0000000e-03 -5.0000000e-03
 endloop
endfacet
facet normal 0.000000e+00 -1.000000e+00 0.000000e+00
 outer loop
  vertex 1.1618950e-02 3.0000000e-03 -1.5000000e-02
  vertex 1.5716234e-02 3.0000000e-03 -5.0000000e-03
  vertex 1.1618950e-02 3.0000000e-03 -5.0000000e-03
 endloop
endfacet
facet normal 0.000000e+00 -1.000000e+00 0.000000e+00
 outer loop
  vertex 1.1618950e-02 3.0000000e-03 -5.0000000e-03
  vertex 1.5716234e-02 3.0000000e-03 -5.0000000e-03
  vertex 1.5716234e-02 3.0000000e-03 0.0000000e+00
 endloop
endfacet
facet normal 0.000000e+00 -1.000000e+00 0.000000e+00
 outer loop
  vertex 1.1618950e-02 3.0000000e-03 -5.0000000e-03
  vertex 1.5716234e-02 3.0000000e-03 0.0000000e+00
  vertex 1.1618950e-02 3.0000000e-03 0.0000000e+00
 endloop
endfacet
facet normal 0.000000e+00 -1.000000e+00 0.000000e+00
 outer loop
  vertex 1.1618950e-02 3.0000000e-03 0.0000000e+00
  vertex 1.5716234e-02 3.0000000e-03 0.0000000e+00
  vertex 1.5716234e-02 3.0000000e-03 5.0000000e-03
 endloop
endfacet
facet normal 0.000000e+00 -1.000000e+00 0.000000e+00
 outer loop
  vertex 1.1618950e-02 3.0000000e-03 0.0000000e+00
  vertex 1.5716234e-02 3.0000000e-03 5.0000000e-03
  vertex 1.1618950e-02 3.0000000e-03 5.0000000e-03
 endloop
endfacet
facet normal 0.000000e+00 0.000000e+00 1.000000e+00
 outer loop
  vertex 1.1618950e-02 3.0000000e-03 5.0000000e-03
  vertex 1.5716234e-02 3.0000000e-03 5.0000000e-03
  vertex 1.5716234e-02 5.0000000e-03 5.0000000e-03
 endloop
endfacet
facet normal 0.000000e+00 0.000000e+00 1.000000e+00
 outer loop
  vertex 1.1618950e-02 3.0000000e-03 5.0000000e-03
  vertex 1.5716234e-02 5.0000000e-03 5.0000000e-03
  vertex 1.1618950e-02 5.0000000e-03 5.0000000e-03
 endloop
endfacet
facet normal -1.000000e+00 0.000000e+00 0.000000e+00
 outer loop
  vertex 1.1618950e-02 5.0000000e-03 -1.5000000e-02
  vertex 1.1618950e-02 1.1000000e-02 -1.5000000e-02
  vertex 1.1618950e-02 1.1000000e-02 -2.6000000e-02
 endloop
endfacet
facet normal -1.000000e+00 0.000000e+00 0.000000e+00
 outer loop
  vertex 1.1618950e-02 5.0000000e-03 -1.5000000e-02
  vertex 1.1618950e-02 1.1000000e-02 -2.6000000e-02
  vertex 1.1618950e-02 5.0000000e-03 -2.6000000e-02
 endloop
endfacet
facet normal 0.000000e+00 0.000000e+00 -1.000000e+00
 outer loop
  vertex 1.1618950e-02 1.1000000e-02 -2.6000000e-02
  vertex 1.5716234e-02 1.1000000e-02 -2.6000000e-02
  vertex 1.5716234e-02 5.0000000e-03 -2.6000000e-02
 endloop
endfacet
facet normal 0.000000e+00 0.000000e+00 -1.000000e+00
 outer loop
  vertex 1.1618950e-02 1.1000000e-02 -2.6000000e-02
  vertex 1.5716234e-02 5.0000000e-03 -2.6000000e-02
  vertex 1.1618950e-02 5.0000000e-03 -2.6000000e-02
 endloop
endfacet
facet normal -1.000000e+00 0.000000e+00 0.000000e+00
 outer loop
  vertex 1.1618950e-02 5.0000000e-03 -5.0000000e-03
  vertex 1.1618950e-02 1.1000000e-02 -5.0000000e-03
  vertex 1.1618950e-02 1.1000000e-02 -1.5000000e-02
 endloop
endfacet
facet normal -1.000000e+00 0.000000e+00 0.000000e+00
 outer loop
  vertex 1.1618950e-02 5.0000000e-03 -5.0000000e-03
  vertex 1.1618950e-02 1.1000000e-02 -1.5000000e-02
  vertex 1.1618950e-02 5.0000000e-03 -1.5000000e-02
 endloop
endfacet
facet normal -1.000000e+00 0.000000e+00 0.000000e+00
 outer loop
  vertex 1.1618950e-02 5.0000000e-03 0.0000000e+00
  vertex 1.1618950e-02 1.1000000e-02 0.0000000e+00
  vertex 1.1618950e-02 1.1000000e-02 -5.0000000e-03
 endloop
endfacet
facet normal -1.000000e+00 0.000000e+00 0.000000e+00
 outer loop
  vertex 1.1618950e-02 5.0000000e-03 0.0000000e+00
  vertex 1.1618950e-02 1.1000000e-02 -5.0000000e-03
  vertex 1.1618950e-02 5.0000000e-03 -5.0000000e-03
 endloop
endfacet
facet normal -1.000000e+00 0.000000e+00 0.000000e+00
 outer loop
  vertex 1.1618950e-02 5.0000000e-03 5.0000000e-03
  vertex 1.1618950e-02 1.1000000e-02 5.0000000e-03
  vertex 1.1618950e-02 1.1000000e-02 0.0000000e+00
 endloop
endfacet
facet normal -1.000000e+00 0.000000e+00 0.000000e+00
 outer loop
  vertex 1.1618950e-02 5.0000000e-03 5.0000000e-03
  vertex 1.1618950e-02 1.1000000e-02 0.0000000e+00
  vertex 1.1618950e-02 5.0000000e-03 0.0000000e+00
 endloop
endfacet
facet normal 0.000000e+00 0.000000e+00 1.000000e+00
 outer loop
  vertex 1.1618950e-02 5.0000000e-03 5.0000000e-03
  vertex 1.5716234e-02 5.0000000e-03 5.0000000e-03
  vertex 1.5716234e-02 1.1000000e-02 5.0000000e-03
 endloop
endfacet
facet normal 0.000000e+00 0.000000e+00 1.000000e+00
 outer loop
  vertex 1.1618950e-02 5.0000000e-03 5.0000000e-03
  vertex 1.5716234e-02 1.1000000e-02 5.0000000e-03
  vertex 1.1618950e-02 1.1000000e-02 5.0000000e-03
 endloop
endfacet
facet normal 0.000000e+00 0.000000e+00 -1.000000e+00
 outer loop
  vertex 1.1618950e-02 1.8000000e-02 -2.6000000e-02
  vertex 1.5716234e-02 1.8000000e-02 -2.6000000e-02
  vertex 1.5716234e-02 1.1000000e-02 -2.6000000e-02
 endloop
endfacet
facet normal 0.000000e+00 0.000000e+00 -1.000000e+00
 outer loop
  vertex 1.1618950e-02 1.8000000e-02 -2.6000000e-02
  vertex 1.5716234e-02 1.1000000e-02 -2.6000000e-02
  vertex 1.1618950e-02 1.1000000e-02 -2.6000000e-02
 endloop
endfacet
facet normal -0.000000e+00 1.000000e+00 0.000000e+00
 outer loop
  vertex 1.1618950e-02 1.8000000e-02 5.0000000e-03
  vertex 1.5716234e-02 1.8000000e-02 5.0000000e-03
  vertex 1.5716234e-02 1.8000000e-02 0.0000000e+00
 endloop
endfacet
facet normal 0.000000e+00 1.000000e+00 0.000000e+00
 outer loop
  vertex 1.1618950e-02 1.8000000e-02 5.0000000e-03
  vertex 1.5716234e-02 1.8000000e-02 0.0000000e+00
  vertex 1.1618950e-02 1.8000000e-02 0.0000000e+00
 endloop
endfacet
facet normal 0.000000e+00 0.000000e+00 1.000000e+00
 outer loop
  vertex 1.1618950e-02 1.1000000e-02 5.0000000e-03
  vertex 1.5716234e-02 1.1000000e-02 5.0000000e-03
  vertex 1.5716234e-02 1.8000000e-02 5.0000000e-03
 endloop
endfacet
facet normal 0.000000e+00 0.000000e+00 1.000000e+00
 outer loop
  vertex 1.1618950e-02 1.1000000e-02 5.0000000e-03
  vertex 1.5716234e-02 1.8000000e-02 5.0000000e-03
  vertex 1.1618950e-02 1.8000000e-02 5.0000000e-03
 endloop
endfacet
facet normal 0.000000e+00 0.000000e+00 -1.000000e+00
 outer loop
  vertex 1.1618950e-02 5.5000000e-02 -2.6000000e-02
  vertex 1.5716234e-02 5.5000000e-02 -2.6000000e-02
  vertex 1.5716234e-02 1.8000000e-02 -2.6000000e-02
 endloop
endfacet
facet normal 0.000000e+00 0.000000e+00 -1.000000e+00
 outer loop
  vertex 1.1618950e-02 5.5000000e-02 -2.6000000e-02
  vertex 1.5716234e-02 1.8000000e-02 -2.6000000e-02
  vertex 1.1618950e-02 1.8000000e-02 -2.6000000e-02
 endloop
endfacet
facet normal -0.000000e+00 1.000000e+00 0.000000e+00
 outer loop
  vertex 1.1618950e-02 5.5000000e-02 -5.0000000e-03
  vertex 1.5716234e-02 5.5000000e-02 -5.0000000e-03
  vertex 1.5716234e-02 5.5000000e-02 -1.5000000e-02
 endloop
endfacet
facet normal 0.000000e+00 1.000000e+00 0.000000e+00
 outer loop
  vertex 1.1618950e-02 5.5000000e-02 -5.0000000e-03
  vertex 1.5716234e-02 5.5000000e-02 -1.5000000e-02
  vertex 1.1618950e-02 5.5000000e-02 -1.5000000e-02
 endloop
endfacet
facet normal 0.000000e+00 0.000000e+00 1.000000e+00
 outer loop
  vertex 1.1618950e-02 1.8000000e-02 0.0000000e+00
  vertex 1.5716234e-02 1.8000000e-02 0.0000000e+00
  vertex 1.5716234e-02 5.5000000e-02 0.0000000e+00
 endloop
endfacet
facet normal 0.000000e+00 0.000000e+00 1.000000e+00
 outer loop
  vertex 1.1618950e-02 1.8000000e-02 0.0000000e+00
  vertex 1.5716234e-02 5.5000000e-02 0.0000000e+00
  vertex 1.1618950e-02 5.5000000e-02 0.0000000e+00
 endloop
endfacet
facet normal 0.000000e+00 0.000000e+00 -1.000000e+00
 outer loop
  vertex 1.1618950e-02 8.5000000e-02 -2.6000000e-02
  vertex 1.5716234e-02 8.5000000e-02 -2.6000000e-02
  vertex 1.5716234e-02 5.5000000e-02 -2.6000000e-02
 endloop
endfacet
facet normal 0.000000e+00 0.000000e+00 -1.000000e+00
 outer loop
  vertex 1.1618950e-02 8.5000000e-02 -2.6000000e-02
  vertex 1.5716234e-02 5.5000000e-02 -2.6000000e-02
  vertex 1.1618950e-02 5.5000000e-02 -2.6000000e-02
 endloop
endfacet
facet normal -0.000000e+00 1.000000e+00 0.000000e+00
 outer loop
  vertex 1.1618950e-02 8.5000000e-02 0.0000000e+00
  vertex 1.5716234e-02 8.5000000e-02 0.0000000e+00
  vertex 1.5716234e-02 8.5000000e-02 -5.0000000e-03
 endloop
endfacet
facet normal 0.000000e+00 1.000000e+00 0.000000e+00
 outer loop
  vertex 1.1618950e-02 8.5000000e-02 0.0000000e+00
  vertex 1.5716234e-02 8.5000000e-02 -5.0000000e-03
  vertex 1.1618950e-02 8.5000000e-02 -5.0000000e-03
 endloop
endfacet
facet normal 0.000000e+00 0.000000e+00 1.000000e+00
 outer loop
  vertex 1.1618950e-02 5.5000000e-02 0.0000000e+00
  vertex 1.5716234e-02 5.5000000e-02 0.0000000e+00
  vertex 1.5716234e-02 8.5000000e-02 0.0000000e+00
 endloop
endfacet
facet normal 0.000000e+00 0.000000e+00 1.000000e+00
 outer loop
  vertex 1.1618950e-02 5.5000000e-02 0.0000000e+00
  vertex 1.5716234e-02 8.5000000e-02 0.0000000e+00
  vertex 1.1618950e-02 8.5000000e-02 0.0000000e+00
 endloop
endfacet
facet normal 0.000000e+00 0.000000e+00 -1.000000e+00
 outer loop
  vertex 1.1618950e-02 8.5000000e-02 -5.0000000e-03
  vertex 1.5716234e-02 8.5000000e-02 -5.0000000e-03
  vertex 1.5716234e-02 5.5000000e-02 -5.0000000e-03
 endloop
endfacet
facet normal 0.000000e+00 0.000000e+00 -1.000000e+00
 outer loop
  vertex 1.1618950e-02 8.5000000e-02 -5.0000000e-03
  vertex 1.5716234e-02 5.5000000e-02 -5.0000000e-03
  vertex 1.1618950e-02 5.5000000e-02 -5.0000000e-03
 endloop
endfacet
facet normal -0.000000e+00 1.000000e+00 0.000000e+00
 outer loop
  vertex 1.1618950e-02 6.0000000e-01 -1.5000000e-02
  vertex 1.5716234e-02 6.0000000e-01 -1.5000000e-02
  vertex 1.5716234e-02 6.0000000e-01 -2.6000000e-02
 endloop
endfacet
facet normal 0.000000e+00 1.000000e+00 0.000000e+00
 outer loop
  vertex 1.1618950e-02 6.0000000e-01 -1.5000000e-02
  vertex 1.5716234e-02 6.0000000e-01 -2.6000000e-02
  vertex 1.1618950e-02 6.0000000e-01 -2.6000000e-02
 endloop
endfacet
facet normal 0.000000e+00 0.000000e+00 -1.000000e+00
 outer loop
  vertex 1.1618950e-02 6.0000000e-01 -2.6000000e-02
  vertex 1.5716234e-02 6.0000000e-01 -2.6000000e-02
  vertex 1.5716234e-02 8.5000000e-02 -2.6000000e-02
 endloop
endfacet
facet normal 0.000000e+00 0.000000e+00 -1.000000e+00
 outer loop
  vertex 1.1618950e-02 6.0000000e-01 -2.6000000e-02
  vertex 1.5716234e-02 8.5000000e-02 -2.6000000e-02
  vertex 1.1618950e-02 8.5000000e-02 -2.6000000e-02
 endloop
endfacet
facet normal 0.000000e+00 -1.000000e+00 0.000000e+00
 outer loop
  vertex 1.5716234e-02 -6.0000000e-01 -2.6000000e-02
  vertex 1.8000000e-02 -6.0000000e-01 -2.6000000e-02
  vertex 1.8000000e-02 -6.0000000e-01 -1.5000000e-02
 endloop
endfacet
facet normal 0.000000e+00 -1.000000e+00 0.000000e+00
 outer loop
  vertex 1.5716234e-02 -6.0000000e-01 -2.6000000e-02
  vertex 1.8000000e-02 -6.0000000e-01 -1.5000000e-02
  vertex 1.5716234e-02 -6.0000000e-01 -1.5000000e-02
 endloop
endfacet
facet normal 0.000000e+00 0.000000e+00 -1.000000e+00
 outer loop
  vertex 1.5716234e-02 -8.5000000e-02 -2.6000000e-02
  vertex 1.8000000e-02 -8.5000000e-02 -2.6000000e-02
  vertex 1.8000000e-02 -6.0000000e-01 -2.6000000e-02
 endloop
endfacet
facet normal 0.000000e+00 0.000000e+00 -1.000000e+00
 outer loop
  vertex 1.5716234e-02 -8.5000000e-02 -2.6000000e-02
  vertex 1.8000000e-02 -6.0000000e-01 -2.6000000e-02
  vertex 1.5716234e-02 -6.0000000e-01 -2.6000000e-02
 endloop
endfacet
facet normal 0.000000e+00 0.000000e+00 -1.000000e+00
 outer loop
  vertex 1.5716234e-02 -5.5000000e-02 -2.6000000e-02
  vertex 1.8000000e-02 -5.5000000e-02 -2.6000000e-02
  vertex 1.8000000e-02 -8.5000000e-02 -2.6000000e-02
 endloop
endfacet
facet normal 0.000000e+00 0.000000e+00 -1.000000e+00
 outer loop
  vertex 1.5716234e-02 -5.5000000e-02 -2.6000000e-02
  vertex 1.8000000e-02 -8.5000000e-02 -2.6000000e-02
  vertex 1.5716234e-02 -8.5000000e-02 -2.6000000e-02
 endloop
endfacet
facet normal 0.000000e+00 -1.000000e+00 0.000000e+00
 outer loop
  vertex 1.5716234e-02 -8.5000000e-02 -5.0000000e-03
  vertex 1.8000000e-02 -8.5000000e-02 -5.0000000e-03
  vertex 1.8000000e-02 -8.5000000e-02 0.0000000e+00
 endloop
endfacet
facet normal 0.000000e+00 -1.000000e+00 0.000000e+00
 outer loop
  vertex 1.5716234e-02 -8.5000000e-02 -5.0000000e-03
  vertex 1.8000000e-02 -8.5000000e-02 0.0000000e+00
  vertex 1.5716234e-02 -8.5000000e-02 0.0000000e+00
 endloop
endfacet
facet normal 0.000000e+00 0.000000e+00 1.000000e+00
 outer loop
  vertex 1.5716234e-02 -8.5000000e-02 0.0000000e+00
  vertex 1.8000000e-02 -8.5000000e-02 0.0000000e+00
  vertex 1.8000000e-02 -5.5000000e-02 0.0000000e+00
 endloop
endfacet
facet normal 0.000000e+00 0.000000e+00 1.000000e+00
 outer loop
  vertex 1.5716234e-02 -8.5000000e-02 0.0000000e+00
  vertex 1.8000000e-02 -5.5000000e-02 0.0000000e+00
  vertex 1.5716234e-02 -5.5000000e-02 0.0000000e+00
 endloop
endfacet
facet normal 0.000000e+00 0.000000e+00 -1.000000e+00
 outer loop
  vertex 1.5716234e-02 -5.5000000e-02 -5.0000000e-03
  vertex 1.8000000e-02 -5.5000000e-02 -5.0000000e-03
  vertex 1.8000000e-02 -8.5000000e-02 -5.0000000e-03
 endloop
endfacet
facet normal 0.000000e+00 0.000000e+00 -1.000000e+00
 outer loop
  vertex 1.5716234e-02 -5.5000000e-02 -5.0000000e-03
  vertex 1.8000000e-02 -8.5000000e-02 -5.0000000e-03
  vertex 1.5716234e-02 -8.5000000e-02 -5.0000000e-03
 endloop
endfacet
facet normal 0.000000e+00 0.000000e+00 -1.000000e+00
 outer loop
  vertex 1.5716234e-02 -1.8000000e-02 -2.6000000e-02
  vertex 1.8000000e-02 -1.8000000e-02 -2.6000000e-02
  vertex 1.8000000e-02 -5.5000000e-02 -2.6000000e-02
 endloop
endfacet
facet normal 0.000000e+00 0.000000e+00 -1.000000e+00
 outer loop
  vertex 1.5716234e-02 -1.8000000e-02 -2.6000000e-02
  vertex 1.8000000e-02 -5.5000000e-02 -2.6000000e-02
  vertex 1.5716234e-02 -5.5000000e-02 -2.6000000e-02
 endloop
endfacet
facet normal 0.000000e+00 -1.000000e+00 0.000000e+00
 outer loop
  vertex 1.5716234e-02 -5.5000000e-02 -1.5000000e-02
  vertex 1.8000000e-02 -5.5000000e-02 -1.5000000e-02
  vertex 1.8000000e-02 -5.5000000e-02 -5.0000000e-03
 endloop
endfacet
facet normal 0.000000e+00 -1.000000e+00 0.000000e+00
 outer loop
  vertex 1.5716234e-02 -5.5000000e-02 -1.5000000e-02
  vertex 1.8000000e-02 -5.5000000e-02 -5.0000000e-03
  vertex 1.5716234e-02 -5.5000000e-02 -5.0000000e-03
 endloop
endfacet
facet normal 0.000000e+00 0.000000e+00 1.000000e+00
 outer loop
  vertex 1.5716234e-02 -5.5000000e-02 0.0000000e+00
  vertex 1.8000000e-02 -5.5000000e-02 0.0000000e+00
  vertex 1.8000000e-02 -1.8000000e-02 0.0000000e+00
 endloop
endfacet
facet normal 0.000000e+00 0.000000e+00 1.000000e+00
 outer loop
  vertex 1.5716234e-02 -5.5000000e-02 0.0000000e+00
  vertex 1.8000000e-02 -1.8000000e-02 0.0000000e+00
  vertex 1.5716234e-02 -1.8000000e-02 0.0000000e+00
 endloop
endfacet
facet normal 0.000000e+00 0.000000e+00 -1.000000e+00
 outer loop
  vertex 1.5716234e-02 -1.1000000e-02 -2.6000000e-02
  vertex 1.8000000e-02 -1.1000000e-02 -2.6000000e-02
  vertex 1.8000000e-02 -1.8000000e-02 -2.6000000e-02
 endloop
endfacet
facet normal 0.000000e+00 0.000000e+00 -1.000000e+00
 outer loop
  vertex 1.5716234e-02 -1.1000000e-02 -2.6000000e-02
  vertex 1.8000000e-02 -1.8000000e-02 -2.6000000e-02
  vertex 1.5716234e-02 -1.8000000e-02 -2.6000000e-02
 endloop
endfacet
facet normal 1.000000e+00 0.000000e+00 0.000000e+00
 outer loop
  vertex 1.8000000e-02 -1.8000000e-02 0.0000000e+00
  vertex 1.8000000e-02 -1.1000000e-02 0.0000000e+00
  vertex 1.8000000e-02 -1.1000000e-02 5.0000000e-03
 endloop
endfacet
facet normal 1.000000e+00 0.000000e+00 0.000000e+00
 outer loop
  vertex 1.8000000e-02 -1.8000000e-02 0.0000000e+00
  vertex 1.8000000e-02 -1.1000000e-02 5.0000000e-03
  vertex 1.8000000e-02 -1.8000000e-02 5.0000000e-03
 endloop
endfacet
facet normal 0.000000e+00 -1.000000e+00 0.000000e+00
 outer loop
  vertex 1.5716234e-02 -1.8000000e-02 0.0000000e+00
  vertex 1.8000000e-02 -1.8000000e-02 0.0000000e+00
  vertex 1.8000000e-02 -1.8000000e-02 5.0000000e-03
 endloop
endfacet
facet normal 0.000000e+00 -1.000000e+00 0.000000e+00
 outer loop
  vertex 1.5716234e-02 -1.8000000e-02 0.0000000e+00
  vertex 1.8000000e-02 -1.8000000e-02 5.0000000e-03
  vertex 1.5716234e-02 -1.8000000e-02 5.0000000e-03
 endloop
endfacet
facet normal 0.000000e+00 0.000000e+00 1.000000e+00
 outer loop
  vertex 1.5716234e-02 -1.8000000e-02 5.0000000e-03
  vertex 1.8000000e-02 -1.8000000e-02 5.0000000e-03
  vertex 1.8000000e-02 -1.1000000e-02 5.0000000e-03
 endloop
endfacet
facet normal 0.000000e+00 0.000000e+00 1.000000e+00
 outer loop
  vertex 1.5716234e-02 -1.8000000e-02 5.0000000e-03
  vertex 1.8000000e-02 -1.1000000e-02 5.0000000e-03
  vertex 1.5716234e-02 -1.1000000e-02 5.0000000e-03
 endloop
endfacet
facet normal 0.000000e+00 0.000000e+00 -1.000000e+00
 outer loop
  vertex 1.5716234e-02 -5.0000000e-03 -2.6000000e-02
  vertex 1.8000000e-02 -5.0000000e-03 -2.6000000e-02
  vertex 1.8000000e-02 -1.1000000e-02 -2.6000000e-02
 endloop
endfacet
facet normal 0.000000e+00 0.000000e+00 -1.000000e+00
 outer loop
  vertex 1.5716234e-02 -5.0000000e-03 -2.6000000e-02
  vertex 1.8000000e-02 -1.1000000e-02 -2.6000000e-02
  vertex 1.5716234e-02 -1.1000000e-02 -2.6000000e-02
 endloop
endfacet
facet normal 1.000000e+00 0.000000e+00 0.000000e+00
 outer loop
  vertex 1.8000000e-02 -1.1000000e-02 0.0000000e+00
  vertex 1.8000000e-02 -5.0000000e-03 0.0000000e+00
  vertex 1.8000000e-02 -5.0000000e-03 5.0000000e-03
 endloop
endfacet
facet normal 1.000000e+00 0.000000e+00 0.000000e+00
 outer loop
  vertex 1.8000000e-02 -1.1000000e-02 0.0000000e+00
  vertex 1.8000000e-02 -5.0000000e-03 5.0000000e-03
  vertex 1.8000000e-02 -1.1000000e-02 5.0000000e-03
 endloop
endfacet
facet normal 0.000000e+00 0.000000e+00 1.000000e+00
 outer loop
  vertex 1.5716234e-02 -1.1000000e-02 5.0000000e-03
  vertex 1.8000000e-02 -1.1000000e-02 5.0000000e-03
  vertex 1.8000000e-02 -5.0000000e-03 5.0000000e-03
 endloop
endfacet
facet normal 0.000000e+00 0.000000e+00 1.000000e+00
 outer loop
  vertex 1.5716234e-02 -1.1000000e-02 5.0000000e-03
  vertex 1.8000000e-02 -5.0000000e-03 5.0000000e-03
  vertex 1.5716234e-02 -5.0000000e-03 5.0000000e-03
 endloop
endfacet
facet normal 0.000000e+00 0.000000e+00 -1.000000e+00
 outer loop
  vertex 1.5716234e-02 -3.0000000e-03 -2.6000000e-02
  vertex 1.8000000e-02 -3.0000000e-03 -2.6000000e-02
  vertex 1.8000000e-02 -5.0000000e-03 -2.6000000e-02
 endloop
endfacet
facet normal 0.000000e+00 0.000000e+00 -1.000000e+00
 outer loop
  vertex 1.5716234e-02 -3.0000000e-03 -2.6000000e-02
  vertex 1.8000000e-02 -5.0000000e-03 -2.6000000e-02
  vertex 1.5716234e-02 -5.0000000e-03 -2.6000000e-02
 endloop
endfacet
facet normal 1.000000e+00 0.000000e+00 0.000000e+00
 outer loop
  vertex 1.8000000e-02 -5.0000000e-03 0.0000000e+00
  vertex 1.8000000e-02 -3.0000000e-03 0.0000000e+00
  vertex 1.8000000e-02 -3.0000000e-03 5.0000000e-03
 endloop
endfacet
facet normal 1.000000e+00 0.000000e+00 0.000000e+00
 outer loop
  vertex 1.8000000e-02 -5.0000000e-03 0.0000000e+00
  vertex 1.8000000e-02 -3.0000000e-03 5.0000000e-03
  vertex 1.8000000e-02 -5.0000000e-03 5.0000000e-03
 endloop
endfacet
facet normal 0.000000e+00 0.000000e+00 1.000000e+00
 outer loop
  vertex 1.5716234e-02 -5.0000000e-03 5.0000000e-03
  vertex 1.8000000e-02 -5.0000000e-03 5.0000000e-03
  vertex 1.8000000e-02 -3.0000000e-03 5.0000000e-03
 endloop
endfacet
facet normal 0.000000e+00 0.000000e+00 1.000000e+00
 outer loop
  vertex 1.5716234e-02 -5.0000000e-03 5.0000000e-03
  vertex 1.8000000e-02 -3.0000000e-03 5.0000000e-03
  vertex 1.5716234e-02 -3.0000000e-03 5.0000000e-03
 endloop
endfacet
facet normal -1.000000e+00 0.000000e+00 0.000000e+00
 outer loop
  vertex 1.5716234e-02 -3.0000000e-03 -1.5000000e-02
  vertex 1.5716234e-02 3.0000000e-03 -1.5000000e-02
  vertex 1.5716234e-02 3.0000000e-03 -2.6000000e-02
 endloop
endfacet
facet normal -1.000000e+00 0.000000e+00 0.000000e+00
 outer loop
  vertex 1.5716234e-02 -3.0000000e-03 -1.5000000e-02
  vertex 1.5716234e-02 3.0000000e-03 -2.6000000e-02
  vertex 1.5716234e-02 -3.0000000e-03 -2.6000000e-02
 endloop
endfacet
facet normal 0.000000e+00 0.000000e+00 -1.000000e+00
 outer loop
  vertex 1.5716234e-02 3.0000000e-03 -2.6000000e-02
  vertex 1.8000000e-02 3.0000000e-03 -2.6000000e-02
  vertex 1.8000000e-02 -3.0000000e-03 -2.6000000e-02
 endloop
endfacet
facet normal 0.000000e+00 0.000000e+00 -1.000000e+00
 outer loop
  vertex 1.5716234e-02 3.0000000e-03 -2.6000000e-02
  vertex 1.8000000e-02 -3.0000000e-03 -2.6000000e-02
  vertex 1.5716234e-02 -3.0000000e-03 -2.6000000e-02
 endloop
endfacet
facet normal -1.000000e+00 0.000000e+00 0.000000e+00
 outer loop
  vertex 1.5716234e-02 -3.0000000e-03 -5.0000000e-03
  vertex 1.5716234e-02 3.0000000e-03 -5.0000000e-03
  vertex 1.5716234e-02 3.0000000e-03 -1.5000000e-02
 endloop
endfacet
facet normal -1.000000e+00 0.000000e+00 0.000000e+00
 outer loop
  vertex 1.5716234e-02 -3.0000000e-03 -5.0000000e-03
  vertex 1.5716234e-02 3.0000000e-03 -1.5000000e-02
  vertex 1.5716234e-02 -3.0000000e-03 -1.5000000e-02
 endloop
endfacet
facet normal -1.000000e+00 0.000000e+00 0.000000e+00
 outer loop
  vertex 1.5716234e-02 -3.0000000e-03 0.0000000e+00
  vertex 1.5716234e-02 3.0000000e-03 0.0000000e+00
  vertex 1.5716234e-02 3.0000000e-03 -5.0000000e-03
 endloop
endfacet
facet normal -1.000000e+00 0.000000e+00 0.000000e+00
 outer loop
  vertex 1.5716234e-02 -3.0000000e-03 0.0000000e+00
  vertex 1.5716234e-02 3.0000000e-03 -5.0000000e-03
  vertex 1.5716234e-02 -3.0000000e-03 -5.0000000e-03
 endloop
endfacet
facet normal 1.000000e+00 0.000000e+00 0.000000e+00
 outer loop
  vertex 1.8000000e-02 -3.0000000e-03 0.0000000e+00
  vertex 1.8000000e-02 3.0000000e-03 0.0000000e+00
  vertex 1.8000000e-02 3.0000000e-03 5.0000000e-03
 endloop
endfacet
facet normal 1.000000e+00 0.000000e+00 0.000000e+00
 outer loop
  vertex 1.8000000e-02 -3.0000000e-03 0.0000000e+00
  vertex 1.8000000e-02 3.0000000e-03 5.0000000e-03
  vertex 1.8000000e-02 -3.0000000e-03 5.0000000e-03
 endloop
endfacet
facet normal -1.000000e+00 0.000000e+00 0.000000e+00
 outer loop
  vertex 1.5716234e-02 -3.0000000e-03 5.0000000e-03
  vertex 1.5716234e-02 3.0000000e-03 5.0000000e-03
  vertex 1.5716234e-02 3.0000000e-03 0.0000000e+00
 endloop
endfacet
facet normal -1.000000e+00 0.000000e+00 0.000000e+00
 outer loop
  vertex 1.5716234e-02 -3.0000000e-03 5.0000000e-03
  vertex 1.5716234e-02 3.0000000e-03 0.0000000e+00
  vertex 1.5716234e-02 -3.0000000e-03 0.0000000e+00
 endloop
endfacet
facet normal 0.000000e+00 0.000000e+00 1.000000e+00
 outer loop
  vertex 1.5716234e-02 -3.0000000e-03 5.0000000e-03
  vertex 1.8000000e-02 -3.0000000e-03 5.0000000e-03
  vertex 1.8000000e-02 3.0000000e-03 5.0000000e-03
 endloop
endfacet
facet normal 0.000000e+00 0.000000e+00 1.000000e+00
 outer loop
  vertex 1.5716234e-02 -3.0000000e-03 5.0000000e-03
  vertex 1.8000000e-02 3.0000000e-03 5.0000000e-03
  vertex 1.5716234e-02 3.0000000e-03 5.0000000e-03
 endloop
endfacet
facet normal 0.000000e+00 0.000000e+00 -1.000000e+00
 outer loop
  vertex 1.5716234e-02 5.0000000e-03 -2.6000000e-02
  vertex 1.8000000e-02 5.0000000e-03 -2.6000000e-02
  vertex 1.8000000e-02 3.0000000e-03 -2.6000000e-02
 endloop
endfacet
facet normal 0.000000e+00 0.000000e+00 -1.000000e+00
 outer loop
  vertex 1.5716234e-02 5.0000000e-03 -2.6000000e-02
  vertex 1.8000000e-02 3.0000000e-03 -2.6000000e-02
  vertex 1.5716234e-02 3.0000000e-03 -2.6000000e-02
 endloop
endfacet
facet normal 1.000000e+00 0.000000e+00 0.000000e+00
 outer loop
  vertex 1.8000000e-02 3.0000000e-03 0.0000000e+00
  vertex 1.8000000e-02 5.0000000e-03 0.0000000e+00
  vertex 1.8000000e-02 5.0000000e-03 5.0000000e-03
 endloop
endfacet
facet normal 1.000000e+00 0.000000e+00 0.000000e+00
 outer loop
  vertex 1.8000000e-02 3.0000000e-03 0.0000000e+00
  vertex 1.8000000e-02 5.0000000e-03 5.0000000e-03
  vertex 1.8000000e-02 3.0000000e-03 5.0000000e-03
 endloop
endfacet
facet normal 0.000000e+00 0.000000e+00 1.000000e+00
 outer loop
  vertex 1.5716234e-02 3.0000000e-03 5.0000000e-03
  vertex 1.8000000e-02 3.0000000e-03 5.0000000e-03
  vertex 1.8000000e-02 5.0000000e-03 5.0000000e-03
 endloop
endfacet
facet normal 0.000000e+00 0.000000e+00 1.000000e+00
 outer loop
  vertex 1.5716234e-02 3.0000000e-03 5.0000000e-03
  vertex 1.8000000e-02 5.0000000e-03 5.0000000e-03
  vertex 1.5716234e-02 5.0000000e-03 5.0000000e-03
 endloop
endfacet
facet normal 0.000000e+00 0.000000e+00 -1.000000e+00
 outer loop
  vertex 1.5716234e-02 1.1000000e-02 -2.6000000e-02
  vertex 1.8000000e-02 1.1000000e-02 -2.6000000e-02
  vertex 1.8000000e-02 5.0000000e-03 -2.6000000e-02
 endloop
endfacet
facet normal 0.000000e+00 0.000000e+00 -1.000000e+00
 outer loop
  vertex 1.5716234e-02 1.1000000e-02 -2.6000000e-02
  vertex 1.8000000e-02 5.0000000e-03 -2.6000000e-02
  vertex 1.5716234e-02 5.0000000e-03 -2.6000000e-02
 endloop
endfacet
facet normal 1.000000e+00 0.000000e+00 0.000000e+00
 outer loop
  vertex 1.8000000e-02 5.0000000e-03 0.0000000e+00
  vertex 1.8000000e-02 1.1000000e-02 0.0000000e+00
  vertex 1.8000000e-02 1.1000000e-02 5.0000000e-03
 endloop
endfacet
facet normal 1.000000e+00 0.000000e+00 0.000000e+00
 outer loop
  vertex 1.8000000e-02 5.0000000e-03 0.0000000e+00
  vertex 1.8000000e-02 1.1000000e-02 5.0000000e-03
  vertex 1.8000000e-02 5.0000000e-03 5.0000000e-03
 endloop
endfacet
facet normal 0.000000e+00 0.000000e+00 1.000000e+00
 outer loop
  vertex 1.5716234e-02 5.0000000e-03 5.0000000e-03
  vertex 1.8000000e-02 5.0000000e-03 5.0000000e-03
  vertex 1.8000000e-02 1.1000000e-02 5.0000000e-03
 endloop
endfacet
facet normal 0.000000e+00 0.000000e+00 1.000000e+00
 outer loop
  vertex 1.5716234e-02 5.0000000e-03 5.0000000e-03
  vertex 1.8000000e-02 1.1000000e-02 5.0000000e-03
  vertex 1.5716234e-02 1.1000000e-02 5.0000000e-03
 endloop
endfacet
facet normal 0.000000e+00 0.000000e+00 -1.000000e+00
 outer loop
  vertex 1.5716234e-02 1.8000000e-02 -2.6000000e-02
  vertex 1.8000000e-02 1.8000000e-02 -2.6000000e-02
  vertex 1.8000000e-02 1.1000000e-02 -2.6000000e-02
 endloop
endfacet
facet normal 0.000000e+00 0.000000e+00 -1.000000e+00
 outer loop
  vertex 1.5716234e-02 1.8000000e-02 -2.6000000e-02
  vertex 1.8000000e-02 1.1000000e-02 -2.6000000e-02
  vertex 1.5716234e-02 1.1000000e-02 -2.6000000e-02
 endloop
endfacet
facet normal 1.000000e+00 0.000000e+00 0.000000e+00
 outer loop
  vertex 1.8000000e-02 1.1000000e-02 0.0000000e+00
  vertex 1.8000000e-02 1.8000000e-02 0.0000000e+00
  vertex 1.8000000e-02 1.8000000e-02 5.0000000e-03
 endloop
endfacet
facet normal 1.000000e+00 0.000000e+00 0.000000e+00
 outer loop
  vertex 1.8000000e-02 1.1000000e-02 0.0000000e+00
  vertex 1.8000000e-02 1.8000000e-02 5.0000000e-03
  vertex 1.8000000e-02 1.1000000e-02 5.0000000e-03
 endloop
endfacet
facet normal -0.000000e+00 1.000000e+00 0.000000e+00
 outer loop
  vertex 1.5716234e-02 1.8000000e-02 5.0000000e-03
  vertex 1.8000000e-02 1.8000000e-02 5.0000000e-03
  vertex 1.8000000e-02 1.8000000e-02 0.0000000e+00
 endloop
endfacet
facet normal 0.000000e+00 1.000000e+00 0.000000e+00
 outer loop
  vertex 1.5716234e-02 1.8000000e-02 5.0000000e-03
  vertex 1.8000000e-02 1.8000000e-02 0.0000000e+00
  vertex 1.5716234e-02 1.8000000e-02 0.0000000e+00
 endloop
endfacet
facet normal 0.000000e+00 0.000000e+00 1.000000e+00
 outer loop
  vertex 1.5716234e-02 1.1000000e-02 5.0000000e-03
  vertex 1.8000000e-02 1.1000000e-02 5.0000000e-03
  vertex 1.8000000e-02 1.8000000e-02 5.0000000e-03
 endloop
endfacet
facet normal 0.000000e+00 0.000000e+00 1.000000e+00
 outer loop
  vertex 1.5716234e-02 1.1000000e-02 5.0000000e-03
  vertex 1.8000000e-02 1.8000000e-02 5.0000000e-03
  vertex 1.5716234e-02 1.8000000e-02 5.0000000e-03
 endloop
endfacet
facet normal 0.000000e+00 0.000000e+00 -1.000000e+00
 outer loop
  vertex 1.5716234e-02 5.5000000e-02 -2.6000000e-02
  vertex 1.8000000e-02 5.5000000e-02 -2.6000000e-02
  vertex 1.8000000e-02 1.8000000e-02 -2.6000000e-02
 endloop
endfacet
facet normal 0.000000e+00 0.000000e+00 -1.000000e+00
 outer loop
  vertex 1.5716234e-02 5.5000000e-02 -2.6000000e-02
  vertex 1.8000000e-02 1.8000000e-02 -2.6000000e-02
  vertex 1.5716234e-02 1.8000000e-02 -2.6000000e-02
 endloop
endfacet
facet normal -0.000000e+00 1.000000e+00 0.000000e+00
 outer loop
  vertex 1.5716234e-02 5.5000000e-02 -5.0000000e-03
  vertex 1.8000000e-02 5.5000000e-02 -5.0000000e-03
  vertex 1.8000000e-02 5.5000000e-02 -1.5000000e-02
 endloop
endfacet
facet normal 0.000000e+00 1.000000e+00 0.000000e+00
 outer loop
  vertex 1.5716234e-02 5.5000000e-02 -5.0000000e-03
  vertex 1.8000000e-02 5.5000000e-02 -1.5000000e-02
  vertex 1.5716234e-02 5.5000000e-02 -1.5000000e-02
 endloop
endfacet
facet normal 0.000000e+00 0.000000e+00 1.000000e+00
 outer loop
  vertex 1.5716234e-02 1.8000000e-02 0.0000000e+00
  vertex 1.8000000e-02 1.8000000e-02 0.0000000e+00
  vertex 1.8000000e-02 5.5000000e-02 0.0000000e+00
 endloop
endfacet
facet normal 0.000000e+00 0.000000e+00 1.000000e+00
 outer loop
  vertex 1.5716234e-02 1.8000000e-02 0.0000000e+00
  vertex 1.8000000e-02 5.5000000e-02 0.0000000e+00
  vertex 1.5716234e-02 5.5000000e-02 0.0000000e+00
 endloop
endfacet
facet normal 0.000000e+00 0.000000e+00 -1.000000e+00
 outer loop
  vertex 1.5716234e-02 8.5000000e-02 -2.6000000e-02
  vertex 1.8000000e-02 8.5000000e-02 -2.6000000e-02
  vertex 1.8000000e-02 5.5000000e-02 -2.6000000e-02
 endloop
endfacet
facet normal 0.000000e+00 0.000000e+00 -1.000000e+00
 outer loop
  vertex 1.5716234e-02 8.5000000e-02 -2.6000000e-02
  vertex 1.8000000e-02 5.5000000e-02 -2.6000000e-02
  vertex 1.5716234e-02 5.5000000e-02 -2.6000000e-02
 endloop
endfacet
facet normal -0.000000e+00 1.000000e+00 0.000000e+00
 outer loop
  vertex 1.5716234e-02 8.5000000e-02 0.0000000e+00
  vertex 1.8000000e-02 8.5000000e-02 0.0000000e+00
  vertex 1.8000000e-02 8.5000000e-02 -5.0000000e-03
 endloop
endfacet
facet normal 0.000000e+00 1.000000e+00 0.000000e+00
 outer loop
  vertex 1.5716234e-02 8.5000000e-02 0.0000000e+00
  vertex 1.8000000e-02 8.5000000e-02 -5.0000000e-03
  vertex 1.5716234e-02 8.5000000e-02 -5.0000000e-03
 endloop
endfacet
facet normal 0.000000e+00 0.000000e+00 1.000000e+00
 outer loop
  vertex 1.5716234e-02 5.5000000e-02 0.0000000e+00
  vertex 1.8000000e-02 5.5000000e-02 0.0000000e+00
  vertex 1.8000000e-02 8.5000000e-02 0.0000000e+00
 endloop
endfacet
facet normal 0.000000e+00 0.000000e+00 1.000000e+00
 outer loop
  vertex 1.5716234e-02 5.5000000e-02 0.0000000e+00
  vertex 1.8000000e-02 8.5000000e-02 0.0000000e+00
  vertex 1.5716234e-02 8.5000000e-02 0.0000000e+00
 endloop
endfacet
facet normal 0.000000e+00 0.000000e+00 -1.000000e+00
 outer loop
  vertex 1.5716234e-02 8.5000000e-02 -5.0000000e-03
  vertex 1.8000000e-02 8.5000000e-02 -5.0000000e-03
  vertex 1.8000000e-02 5.5000000e-02 -5.0000000e-03
 endloop
endfacet
facet normal 0.000000e+00 0.000000e+00 -1.000000e+00
 outer loop
  vertex 1.5716234e-02 8.5000000e-02 -5.0000000e-03
  vertex 1.8000000e-02 5.5000000e-02 -5.0000000e-03
  vertex 1.5716234e-02 5.5000000e-02 -5.0000000e-03
 endloop
endfacet
facet normal -0.000000e+00 1.000000e+00 0.000000e+00
 outer loop
  vertex 1.5716234e-02 6.0000000e-01 -1.5000000e-02
  vertex 1.8000000e-02 6.0000000e-01 -1.5000000e-02
  vertex 1.8000000e-02 6.0000000e-01 -2.6000000e-02
 endloop
endfacet
facet normal 0.000000e+00 1.000000e+00 0.000000e+00
 outer loop
  vertex 1.5716234e-02 6.0000000e-01 -1.5000000e-02
  vertex 1.8000000e-02 6.0000000e-01 -2.6000000e-02
  vertex 1.5716234e-02 6.0000000e-01 -2.6000000e-02
 endloop
endfacet
facet normal 0.000000e+00 0.000000e+00 -1.000000e+00
 outer loop
  vertex 1.5716234e-02 6.0000000e-01 -2.6000000e-02
  vertex 1.8000000e-02 6.0000000e-01 -2.6000000e-02
  vertex 1.8000000e-02 8.5000000e-02 -2.6000000e-02
 endloop
endfacet
facet normal 0.000000e+00 0.000000e+00 -1.000000e+00
 outer loop
  vertex 1.5716234e-02 6.0000000e-01 -2.6000000e-02
  vertex 1.8000000e-02 8.5000000e-02 -2.6000000e-02
  vertex 1.5716234e-02 8.5000000e-02 -2.6000000e-02
 endloop
endfacet
facet normal 0.000000e+00 -1.000000e+00 0.000000e+00
 outer loop
  vertex 1.8000000e-02 -6.0000000e-01 -2.6000000e-02
  vertex 8.5000000e-02 -6.0000000e-01 -2.6000000e-02
  vertex 8.5000000e-02 -6.0000000e-01 -1.5000000e-02
 endloop
endfacet
facet normal 0.000000e+00 -1.000000e+00 0.000000e+00
 outer loop
  vertex 1.8000000e-02 -6.0000000e-01 -2.6000000e-02
  vertex 8.5000000e-02 -6.0000000e-01 -1.5000000e-02
  vertex 1.8000000e-02 -6.0000000e-01 -1.5000000e-02
 endloop
endfacet
facet normal 0.000000e+00 0.000000e+00 -1.000000e+00
 outer loop
  vertex 1.8000000e-02 -8.5000000e-02 -2.6000000e-02
  vertex 8.5000000e-02 -8.5000000e-02 -2.6000000e-02
  vertex 8.5000000e-02 -6.0000000e-01 -2.6000000e-02
 endloop
endfacet
facet normal 0.000000e+00 0.000000e+00 -1.000000e+00
 outer loop
  vertex 1.8000000e-02 -8.5000000e-02 -2.6000000e-02
  vertex 8.5000000e-02 -6.0000000e-01 -2.6000000e-02
  vertex 1.8000000e-02 -6.0000000e-01 -2.6000000e-02
 endloop
endfacet
facet normal 0.000000e+00 0.000000e+00 -1.000000e+00
 outer loop
  vertex 1.8000000e-02 -5.5000000e-02 -2.6000000e-02
  vertex 8.5000000e-02 -5.5000000e-02 -2.6000000e-02
  vertex 8.5000000e-02 -8.5000000e-02 -2.6000000e-02
 endloop
endfacet
facet normal 0.000000e+00 0.000000e+00 -1.000000e+00
 outer loop
  vertex 1.8000000e-02 -5.5000000e-02 -2.6000000e-02
  vertex 8.5000000e-02 -8.5000000e-02 -2.6000000e-02
  vertex 1.8000000e-02 -8.5000000e-02 -2.6000000e-02
 endloop
endfacet
facet normal 1.000000e+00 0.000000e+00 0.000000e+00
 outer loop
  vertex 8.5000000e-02 -8.5000000e-02 -5.0000000e-03
  vertex 8.5000000e-02 -5.5000000e-02 -5.0000000e-03
  vertex 8.5000000e-02 -5.5000000e-02 0.0000000e+00
 endloop
endfacet
facet normal 1.000000e+00 0.000000e+00 0.000000e+00
 outer loop
  vertex 8.5000000e-02 -8.5000000e-02 -5.0000000e-03
  vertex 8.5000000e-02 -5.5000000e-02 0.0000000e+00
  vertex 8.5000000e-02 -8.5000000e-02 0.0000000e+00
 endloop
endfacet
facet normal 0.000000e+00 -1.000000e+00 0.000000e+00
 outer loop
  vertex 1.8000000e-02 -8.5000000e-02 -5.0000000e-03
  vertex 8.5000000e-02 -8.5000000e-02 -5.0000000e-03
  vertex 8.5000000e-02 -8.5000000e-02 0.0000000e+00
 endloop
endfacet
facet normal 0.000000e+00 -1.000000e+00 0.000000e+00
 outer loop
  vertex 1.8000000e-02 -8.5000000e-02 -5.0000000e-03
  vertex 8.5000000e-02 -8.5000000e-02 0.0000000e+00
  vertex 1.8000000e-02 -8.5000000e-02 0.0000000e+00
 endloop
endfacet
facet normal 0.000000e+00 0.000000e+00 1.000000e+00
 outer loop
  vertex 1.8000000e-02 -8.5000000e-02 0.0000000e+00
  vertex 8.5000000e-02 -8.5000000e-02 0.0000000e+00
  vertex 8.5000000e-02 -5.5000000e-02 0.0000000e+00
 endloop
endfacet
facet normal 0.000000e+00 0.000000e+00 1.000000e+00
 outer loop
  vertex 1.8000000e-02 -8.5000000e-02 0.0000000e+00
  vertex 8.5000000e-02 -5.5000000e-02 0.0000000e+00
  vertex 1.8000000e-02 -5.5000000e-02 0.0000000e+00
 endloop
endfacet
facet normal 0.000000e+00 0.000000e+00 -1.000000e+00
 outer loop
  vertex 1.8000000e-02 -5.5000000e-02 -5.0000000e-03
  vertex 8.5000000e-02 -5.5000000e-02 -5.0000000e-03
  vertex 8.5000000e-02 -8.5000000e-02 -5.0000000e-03
 endloop
endfacet
facet normal 0.000000e+00 0.000000e+00 -1.000000e+00
 outer loop
  vertex 1.8000000e-02 -5.5000000e-02 -5.0000000e-03
  vertex 8.5000000e-02 -8.5000000e-02 -5.0000000e-03
  vertex 1.8000000e-02 -8.5000000e-02 -5.0000000e-03
 endloop
endfacet
facet normal 0.000000e+00 0.000000e+00 -1.000000e+00
 outer loop
  vertex 1.8000000e-02 -1.8000000e-02 -2.6000000e-02
  vertex 8.5000000e-02 -1.8000000e-02 -2.6000000e-02
  vertex 8.5000000e-02 -5.5000000e-02 -2.6000000e-02
 endloop
endfacet
facet normal 0.000000e+00 0.000000e+00 -1.000000e+00
 outer loop
  vertex 1.8000000e-02 -1.8000000e-02 -2.6000000e-02
  vertex 8.5000000e-02 -5.5000000e-02 -2.6000000e-02
  vertex 1.8000000e-02 -5.5000000e-02 -2.6000000e-02
 endloop
endfacet
facet normal 1.000000e+00 0.000000e+00 0.000000e+00
 outer loop
  vertex 8.5000000e-02 -5.5000000e-02 -1.5000000e-02
  vertex 8.5000000e-02 -1.8000000e-02 -1.5000000e-02
  vertex 8.5000000e-02 -1.8000000e-02 -5.0000000e-03
 endloop
endfacet
facet normal 1.000000e+00 0.000000e+00 0.000000e+00
 outer loop
  vertex 8.5000000e-02 -5.5000000e-02 -1.5000000e-02
  vertex 8.5000000e-02 -1.8000000e-02 -5.0000000e-03
  vertex 8.5000000e-02 -5.5000000e-02 -5.0000000e-03
 endloop
endfacet
facet normal 0.000000e+00 -1.000000e+00 0.000000e+00
 outer loop
  vertex 1.8000000e-02 -5.5000000e-02 -1.5000000e-02
  vertex 8.5000000e-02 -5.5000000e-02 -1.5000000e-02
  vertex 8.5000000e-02 -5.5000000e-02 -5.0000000e-03
 endloop
endfacet
facet normal 0.000000e+00 -1.000000e+00 0.000000e+00
 outer loop
  vertex 1.8000000e-02 -5.5000000e-02 -1.5000000e-02
  vertex 8.5000000e-02 -5.5000000e-02 -5.0000000e-03
  vertex 1.8000000e-02 -5.5000000e-02 -5.0000000e-03
 endloop
endfacet
facet normal 1.000000e+00 0.000000e+00 0.000000e+00
 outer loop
  vertex 8.5000000e-02 -5.5000000e-02 -5.0000000e-03
  vertex 8.5000000e-02 -1.8000000e-02 -5.0000000e-03
  vertex 8.5000000e-02 -1.8000000e-02 0.0000000e+00
 endloop
endfacet
facet normal 1.000000e+00 0.000000e+00 0.000000e+00
 outer loop
  vertex 8.5000000e-02 -5.5000000e-02 -5.0000000e-03
  vertex 8.5000000e-02 -1.8000000e-02 0.0000000e+00
  vertex 8.5000000e-02 -5.5000000e-02 0.0000000e+00
 endloop
endfacet
facet normal 0.000000e+00 0.000000e+00 1.000000e+00
 outer loop
  vertex 1.8000000e-02 -5.5000000e-02 0.0000000e+00
  vertex 8.5000000e-02 -5.5000000e-02 0.0000000e+00
  vertex 8.5000000e-02 -1.8000000e-02 0.0000000e+00
 endloop
endfacet
facet normal 0.000000e+00 0.000000e+00 1.000000e+00
 outer loop
  vertex 1.8000000e-02 -5.5000000e-02 0.0000000e+00
  vertex 8.5000000e-02 -1.8000000e-02 0.0000000e+00
  vertex 1.8000000e-02 -1.8000000e-02 0.0000000e+00
 endloop
endfacet
facet normal 0.000000e+00 0.000000e+00 -1.000000e+00
 outer loop
  vertex 1.8000000e-02 -1.1000000e-02 -2.6000000e-02
  vertex 8.5000000e-02 -1.1000000e-02 -2.6000000e-02
  vertex 8.5000000e-02 -1.8000000e-02 -2.6000000e-02
 endloop
endfacet
facet normal 0.000000e+00 0.000000e+00 -1.000000e+00
 outer loop
  vertex 1.8000000e-02 -1.1000000e-02 -2.6000000e-02
  vertex 8.5000000e-02 -1.8000000e-02 -2.6000000e-02
  vertex 1.8000000e-02 -1.8000000e-02 -2.6000000e-02
 endloop
endfacet
facet normal 1.000000e+00 0.000000e+00 0.000000e+00
 outer loop
  vertex 8.5000000e-02 -1.8000000e-02 -1.5000000e-02
  vertex 8.5000000e-02 -1.1000000e-02 -1.5000000e-02
  vertex 8.5000000e-02 -1.1000000e-02 -5.0000000e-03
 endloop
endfacet
facet normal 1.000000e+00 0.000000e+00 0.000000e+00
 outer loop
  vertex 8.5000000e-02 -1.8000000e-02 -1.5000000e-02
  vertex 8.5000000e-02 -1.1000000e-02 -5.0000000e-03
  vertex 8.5000000e-02 -1.8000000e-02 -5.0000000e-03
 endloop
endfacet
facet normal 1.000000e+00 0.000000e+00 0.000000e+00
 outer loop
  vertex 8.5000000e-02 -1.8000000e-02 -5.0000000e-03
  vertex 8.5000000e-02 -1.1000000e-02 -5.0000000e-03
  vertex 8.5000000e-02 -1.1000000e-02 0.0000000e+00
 endloop
endfacet
facet normal 1.000000e+00 0.000000e+00 0.000000e+00
 outer loop
  vertex 8.5000000e-02 -1.8000000e-02 -5.0000000e-03
  vertex 8.5000000e-02 -1.1000000e-02 0.0000000e+00
  vertex 8.5000000e-02 -1.8000000e-02 0.0000000e+00
 endloop
endfacet
facet normal 0.000000e+00 0.000000e+00 1.000000e+00
 outer loop
  vertex 1.8000000e-02 -1.8000000e-02 0.0000000e+00
  vertex 8.5000000e-02 -1.8000000e-02 0.0000000e+00
  vertex 8.5000000e-02 -1.1000000e-02 0.0000000e+00
 endloop
endfacet
facet normal 0.000000e+00 0.000000e+00 1.000000e+00
 outer loop
  vertex 1.8000000e-02 -1.8000000e-02 0.0000000e+00
  vertex 8.5000000e-02 -1.1000000e-02 0.0000000e+00
  vertex 1.8000000e-02 -1.1000000e-02 0.0000000e+00
 endloop
endfacet
facet normal 0.000000e+00 0.000000e+00 -1.000000e+00
 outer loop
  vertex 1.8000000e-02 -5.0000000e-03 -2.6000000e-02
  vertex 8.5000000e-02 -5.0000000e-03 -2.6000000e-02
  vertex 8.5000000e-02 -1.1000000e-02 -2.6000000e-02
 endloop
endfacet
facet normal 0.000000e+00 0.000000e+00 -1.000000e+00
 outer loop
  vertex 1.8000000e-02 -5.0000000e-03 -2.6000000e-02
  vertex 8.5000000e-02 -1.1000000e-02 -2.6000000e-02
  vertex 1.8000000e-02 -1.1000000e-02 -2.6000000e-02
 endloop
endfacet
facet normal 1.000000e+00 0.000000e+00 0.000000e+00
 outer loop
  vertex 8.5000000e-02 -1.1000000e-02 -1.5000000e-02
  vertex 8.5000000e-02 -5.0000000e-03 -1.5000000e-02
  vertex 8.5000000e-02 -5.0000000e-03 -5.0000000e-03
 endloop
endfacet
facet normal 1.000000e+00 0.000000e+00 0.000000e+00
 outer loop
  vertex 8.5000000e-02 -1.1000000e-02 -1.5000000e-02
  vertex 8.5000000e-02 -5.0000000e-03 -5.0000000e-03
  vertex 8.5000000e-02 -1.1000000e-02 -5.0000000e-03
 endloop
endfacet
facet normal 1.000000e+00 0.000000e+00 0.000000e+00
 outer loop
  vertex 8.5000000e-02 -1.1000000e-02 -5.0000000e-03
  vertex 8.5000000e-02 -5.0000000e-03 -5.0000000e-03
  vertex 8.5000000e-02 -5.0000000e-03 0.0000000e+00
 endloop
endfacet
facet normal 1.000000e+00 0.000000e+00 0.000000e+00
 outer loop
  vertex 8.5000000e-02 -1.1000000e-02 -5.0000000e-03
  vertex 8.5000000e-02 -5.0000000e-03 0.0000000e+00
  vertex 8.5000000e-02 -1.1000000e-02 0.0000000e+00
 endloop
endfacet
facet normal 0.000000e+00 0.000000e+00 1.000000e+00
 outer loop
  vertex 1.8000000e-02 -1.1000000e-02 0.0000000e+00
  vertex 8.5000000e-02 -1.1000000e-02 0.0000000e+00
  vertex 8.5000000e-02 -5.0000000e-03 0.0000000e+00
 endloop
endfacet
facet normal 0.000000e+00 0.000000e+00 1.000000e+00
 outer loop
  vertex 1.8000000e-02 -1.1000000e-02 0.0000000e+00
  vertex 8.5000000e-02 -5.0000000e-03 0.0000000e+00
  vertex 1.8000000e-02 -5.0000000e-03 0.0000000e+00
 endloop
endfacet
facet normal 0.000000e+00 0.000000e+00 -1.000000e+00
 outer loop
  vertex 1.8000000e-02 -3.0000000e-03 -2.6000000e-02
  vertex 8.5000000e-02 -3.0000000e-03 -2.6000000e-02
  vertex 8.5000000e-02 -5.0000000e-03 -2.6000000e-02
 endloop
endfacet
facet normal 0.000000e+00 0.000000e+00 -1.000000e+00
 outer loop
  vertex 1.8000000e-02 -3.0000000e-03 -2.6000000e-02
  vertex 8.5000000e-02 -5.0000000e-03 -2.6000000e-02
  vertex 1.8000000e-02 -5.0000000e-03 -2.6000000e-02
 endloop
endfacet
facet normal 1.000000e+00 0.000000e+00 0.000000e+00
 outer loop
  vertex 8.5000000e-02 -5.0000000e-03 -1.5000000e-02
  vertex 8.5000000e-02 -3.0000000e-03 -1.5000000e-02
  vertex 8.5000000e-02 -3.0000000e-03 -5.0000000e-03
 endloop
endfacet
facet normal 1.000000e+00 0.000000e+00 0.000000e+00
 outer loop
  vertex 8.5000000e-02 -5.0000000e-03 -1.5000000e-02
  vertex 8.5000000e-02 -3.0000000e-03 -5.0000000e-03
  vertex 8.5000000e-02 -5.0000000e-03 -5.0000000e-03
 endloop
endfacet
facet normal 1.000000e+00 0.000000e+00 0.000000e+00
 outer loop
  vertex 8.5000000e-02 -5.0000000e-03 -5.0000000e-03
  vertex 8.5000000e-02 -3.0000000e-03 -5.0000000e-03
  vertex 8.5000000e-02 -3.0000000e-03 0.0000000e+00
 endloop
endfacet
facet normal 1.000000e+00 0.000000e+00 0.000000e+00
 outer loop
  vertex 8.5000000e-02 -5.0000000e-03 -5.0000000e-03
  vertex 8.5000000e-02 -3.0000000e-03 0.0000000e+00
  vertex 8.5000000e-02 -5.0000000e-03 0.0000000e+00
 endloop
endfacet
facet normal 0.000000e+00 0.000000e+00 1.000000e+00
 outer loop
  vertex 1.8000000e-02 -5.0000000e-03 0.0000000e+00
  vertex 8.5000000e-02 -5.0000000e-03 0.0000000e+00
  vertex 8.5000000e-02 -3.0000000e-03 0.0000000e+00
 endloop
endfacet
facet normal 0.000000e+00 0.000000e+00 1.000000e+00
 outer loop
  vertex 1.8000000e-02 -5.0000000e-03 0.0000000e+00
  vertex 8.5000000e-02 -3.0000000e-03 0.0000000e+00
  vertex 1.8000000e-02 -3.0000000e-03 0.0000000e+00
 endloop
endfacet
facet normal 0.000000e+00 0.000000e+00 -1.000000e+00
 outer loop
  vertex 1.8000000e-02 3.0000000e-03 -2.6000000e-02
  vertex 8.5000000e-02 3.0000000e-03 -2.6000000e-02
  vertex 8.5000000e-02 -3.0000000e-03 -2.6000000e-02
 endloop
endfacet
facet normal 0.000000e+00 0.000000e+00 -1.000000e+00
 outer loop
  vertex 1.8000000e-02 3.0000000e-03 -2.6000000e-02
  vertex 8.5000000e-02 -3.0000000e-03 -2.6000000e-02
  vertex 1.8000000e-02 -3.0000000e-03 -2.6000000e-02
 endloop
endfacet
facet normal 1.000000e+00 0.000000e+00 0.000000e+00
 outer loop
  vertex 8.5000000e-02 -3.0000000e-03 -1.5000000e-02
  vertex 8.5000000e-02 3.0000000e-03 -1.5000000e-02
  vertex 8.5000000e-02 3.0000000e-03 -5.0000000e-03
 endloop
endfacet
facet normal 1.000000e+00 0.000000e+00 0.000000e+00
 outer loop
  vertex 8.5000000e-02 -3.0000000e-03 -1.5000000e-02
  vertex 8.5000000e-02 3.0000000e-03 -5.0000000e-03
  vertex 8.5000000e-02 -3.0000000e-03 -5.0000000e-03
 endloop
endfacet
facet normal 1.000000e+00 0.000000e+00 0.000000e+00
 outer loop
  vertex 8.5000000e-02 -3.0000000e-03 -5.0000000e-03
  vertex 8.5000000e-02 3.0000000e-03 -5.0000000e-03
  vertex 8.5000000e-02 3.0000000e-03 0.0000000e+00
 endloop
endfacet
facet normal 1.000000e+00 0.000000e+00 0.000000e+00
 outer loop
  vertex 8.5000000e-02 -3.0000000e-03 -5.0000000e-03
  vertex 8.5000000e-02 3.0000000e-03 0.0000000e+00
  vertex 8.5000000e-02 -3.0000000e-03 0.0000000e+00
 endloop
endfacet
facet normal 0.000000e+00 0.000000e+00 1.000000e+00
 outer loop
  vertex 1.8000000e-02 -3.0000000e-03 0.0000000e+00
  vertex 8.5000000e-02 -3.0000000e-03 0.0000000e+00
  vertex 8.5000000e-02 3.0000000e-03 0.0000000e+00
 endloop
endfacet
facet normal 0.000000e+00 0.000000e+00 1.000000e+00
 outer loop
  vertex 1.8000000e-02 -3.0000000e-03 0.0000000e+00
  vertex 8.5000000e-02 3.0000000e-03 0.0000000e+00
  vertex 1.8000000e-02 3.0000000e-03 0.0000000e+00
 endloop
endfacet
facet normal 0.000000e+00 0.000000e+00 -1.000000e+00
 outer loop
  vertex 1.8000000e-02 5.0000000e-03 -2.6000000e-02
  vertex 8.5000000e-02 5.0000000e-03 -2.6000000e-02
  vertex 8.5000000e-02 3.0000000e-03 -2.6000000e-02
 endloop
endfacet
facet normal 0.000000e+00 0.000000e+00 -1.000000e+00
 outer loop
  vertex 1.8000000e-02 5.0000000e-03 -2.6000000e-02
  vertex 8.5000000e-02 3.0000000e-03 -2.6000000e-02
  vertex 1.8000000e-02 3.0000000e-03 -2.6000000e-02
 endloop
endfacet
facet normal 1.000000e+00 0.000000e+00 0.000000e+00
 outer loop
  vertex 8.5000000e-02 3.0000000e-03 -1.5000000e-02
  vertex 8.5000000e-02 5.0000000e-03 -1.5000000e-02
  vertex 8.5000000e-02 5.0000000e-03 -5.0000000e-03
 endloop
endfacet
facet normal 1.000000e+00 0.000000e+00 0.000000e+00
 outer loop
  vertex 8.5000000e-02 3.0000000e-03 -1.5000000e-02
  vertex 8.5000000e-02 5.0000000e-03 -5.0000000e-03
  vertex 8.5000000e-02 3.0000000e-03 -5.0000000e-03
 endloop
endfacet
facet normal 1.000000e+00 0.000000e+00 0.000000e+00
 outer loop
  vertex 8.5000000e-02 3.0000000e-03 -5.0000000e-03
  vertex 8.5000000e-02 5.0000000e-03 -5.0000000e-03
  vertex 8.5000000e-02 5.0000000e-03 0.0000000e+00
 endloop
endfacet
facet normal 1.000000e+00 0.000000e+00 0.000000e+00
 outer loop
  vertex 8.5000000e-02 3.0000000e-03 -5.0000000e-03
  vertex 8.5000000e-02 5.0000000e-03 0.0000000e+00
  vertex 8.5000000e-02 3.0000000e-03 0.0000000e+00
 endloop
endfacet
facet normal 0.000000e+00 0.000000e+00 1.000000e+00
 outer loop
  vertex 1.8000000e-02 3.0000000e-03 0.0000000e+00
  vertex 8.5000000e-02 3.0000000e-03 0.0000000e+00
  vertex 8.5000000e-02 5.0000000e-03 0.0000000e+00
 endloop
endfacet
facet normal 0.000000e+00 0.000000e+00 1.000000e+00
 outer loop
  vertex 1.8000000e-02 3.0000000e-03 0.0000000e+00
  vertex 8.5000000e-02 5.0000000e-03 0.0000000e+00
  vertex 1.8000000e-02 5.0000000e-03 0.0000000e+00
 endloop
endfacet
facet normal 0.000000e+00 0.000000e+00 -1.000000e+00
 outer loop
  vertex 1.8000000e-02 1.1000000e-02 -2.6000000e-02
  vertex 8.5000000e-02 1.1000000e-02 -2.6000000e-02
  vertex 8.5000000e-02 5.0000000e-03 -2.6000000e-02
 endloop
endfacet
facet normal 0.000000e+00 0.000000e+00 -1.000000e+00
 outer loop
  vertex 1.8000000e-02 1.1000000e-02 -2.6000000e-02
  vertex 8.5000000e-02 5.0000000e-03 -2.6000000e-02
  vertex 1.8000000e-02 5.0000000e-03 -2.6000000e-02
 endloop
endfacet
facet normal 1.000000e+00 0.000000e+00 0.000000e+00
 outer loop
  vertex 8.5000000e-02 5.0000000e-03 -1.5000000e-02
  vertex 8.5000000e-02 1.1000000e-02 -1.5000000e-02
  vertex 8.5000000e-02 1.1000000e-02 -5.0000000e-03
 endloop
endfacet
facet normal 1.000000e+00 0.000000e+00 0.000000e+00
 outer loop
  vertex 8.5000000e-02 5.0000000e-03 -1.5000000e-02
  vertex 8.5000000e-02 1.1000000e-02 -5.0000000e-03
  vertex 8.5000000e-02 5.0000000e-03 -5.0000000e-03
 endloop
endfacet
facet normal 1.000000e+00 0.000000e+00 0.000000e+00
 outer loop
  vertex 8.5000000e-02 5.0000000e-03 -5.0000000e-03
  vertex 8.5000000e-02 1.1000000e-02 -5.0000000e-03
  vertex 8.5000000e-02 1.1000000e-02 0.0000000e+00
 endloop
endfacet
facet normal 1.000000e+00 0.000000e+00 0.000000e+00
 outer loop
  vertex 8.5000000e-02 5.0000000e-03 -5.0000000e-03
  vertex 8.5000000e-02 1.1000000e-02 0.0000000e+00
  vertex 8.5000000e-02 5.0000000e-03 0.0000000e+00
 endloop
endfacet
facet normal 0.000000e+00 0.000000e+00 1.000000e+00
 outer loop
  vertex 1.8000000e-02 5.0000000e-03 0.0000000e+00
  vertex 8.5000000e-02 5.0000000e-03 0.0000000e+00
  vertex 8.5000000e-02 1.1000000e-02 0.0000000e+00
 endloop
endfacet
facet normal 0.000000e+00 0.000000e+00 1.000000e+00
 outer loop
  vertex 1.8000000e-02 5.0000000e-03 0.0000000e+00
  vertex 8.5000000e-02 1.1000000e-02 0.0000000e+00
  vertex 1.8000000e-02 1.1000000e-02 0.0000000e+00
 endloop
endfacet
facet normal 0.000000e+00 0.000000e+00 -1.000000e+00
 outer loop
  vertex 1.8000000e-02 1.8000000e-02 -2.6000000e-02
  vertex 8.5000000e-02 1.8000000e-02 -2.6000000e-02
  vertex 8.5000000e-02 1.1000000e-02 -2.6000000e-02
 endloop
endfacet
facet normal 0.000000e+00 0.000000e+00 -1.000000e+00
 outer loop
  vertex 1.8000000e-02 1.8000000e-02 -2.6000000e-02
  vertex 8.5000000e-02 1.1000000e-02 -2.6000000e-02
  vertex 1.8000000e-02 1.1000000e-02 -2.6000000e-02
 endloop
endfacet
facet normal 1.000000e+00 0.000000e+00 0.000000e+00
 outer loop
  vertex 8.5000000e-02 1.1000000e-02 -1.5000000e-02
  vertex 8.5000000e-02 1.8000000e-02 -1.5000000e-02
  vertex 8.5000000e-02 1.8000000e-02 -5.0000000e-03
 endloop
endfacet
facet normal 1.000000e+00 0.000000e+00 0.000000e+00
 outer loop
  vertex 8.5000000e-02 1.1000000e-02 -1.5000000e-02
  vertex 8.5000000e-02 1.8000000e-02 -5.0000000e-03
  vertex 8.5000000e-02 1.1000000e-02 -5.0000000e-03
 endloop
endfacet
facet normal 1.000000e+00 0.000000e+00 0.000000e+00
 outer loop
  vertex 8.5000000e-02 1.1000000e-02 -5.0000000e-03
  vertex 8.5000000e-02 1.8000000e-02 -5.0000000e-03
  vertex 8.5000000e-02 1.8000000e-02 0.0000000e+00
 endloop
endfacet
facet normal 1.000000e+00 0.000000e+00 0.000000e+00
 outer loop
  vertex 8.5000000e-02 1.1000000e-02 -5.0000000e-03
  vertex 8.5000000e-02 1.8000000e-02 0.0000000e+00
  vertex 8.5000000e-02 1.1000000e-02 0.0000000e+00
 endloop
endfacet
facet normal 0.000000e+00 0.000000e+00 1.000000e+00
 outer loop
  vertex 1.8000000e-02 1.1000000e-02 0.0000000e+00
  vertex 8.5000000e-02 1.1000000e-02 0.0000000e+00
  vertex 8.5000000e-02 1.8000000e-02 0.0000000e+00
 endloop
endfacet
facet normal 0.000000e+00 0.000000e+00 1.000000e+00
 outer loop
  vertex 1.8000000e-02 1.1000000e-02 0.0000000e+00
  vertex 8.5000000e-02 1.8000000e-02 0.0000000e+00
  vertex 1.8000000e-02 1.8000000e-02 0.0000000e+00
 endloop
endfacet
facet normal 0.000000e+00 0.000000e+00 -1.000000e+00
 outer loop
  vertex 1.8000000e-02 5.5000000e-02 -2.6000000e-02
  vertex 8.5000000e-02 5.5000000e-02 -2.6000000e-02
  vertex 8.5000000e-02 1.8000000e-02 -2.6000000e-02
 endloop
endfacet
facet normal 0.000000e+00 0.000000e+00 -1.000000e+00
 outer loop
  vertex 1.8000000e-02 5.5000000e-02 -2.6000000e-02
  vertex 8.5000000e-02 1.8000000e-02 -2.6000000e-02
  vertex 1.8000000e-02 1.8000000e-02 -2.6000000e-02
 endloop
endfacet
facet normal 1.000000e+00 0.000000e+00 0.000000e+00
 outer loop
  vertex 8.5000000e-02 1.8000000e-02 -1.5000000e-02
  vertex 8.5000000e-02 5.5000000e-02 -1.5000000e-02
  vertex 8.5000000e-02 5.5000000e-02 -5.0000000e-03
 endloop
endfacet
facet normal 1.000000e+00 0.000000e+00 0.000000e+00
 outer loop
  vertex 8.5000000e-02 1.8000000e-02 -1.5000000e-02
  vertex 8.5000000e-02 5.5000000e-02 -5.0000000e-03
  vertex 8.5000000e-02 1.8000000e-02 -5.0000000e-03
 endloop
endfacet
facet normal -0.000000e+00 1.000000e+00 0.000000e+00
 outer loop
  vertex 1.8000000e-02 5.5000000e-02 -5.0000000e-03
  vertex 8.5000000e-02 5.5000000e-02 -5.0000000e-03
  vertex 8.5000000e-02 5.5000000e-02 -1.5000000e-02
 endloop
endfacet
facet normal 0.000000e+00 1.000000e+00 0.000000e+00
 outer loop
  vertex 1.8000000e-02 5.5000000e-02 -5.0000000e-03
  vertex 8.5000000e-02 5.5000000e-02 -1.5000000e-02
  vertex 1.8000000e-02 5.5000000e-02 -1.5000000e-02
 endloop
endfacet
facet normal 1.000000e+00 0.000000e+00 0.000000e+00
 outer loop
  vertex 8.5000000e-02 1.8000000e-02 -5.0000000e-03
  vertex 8.5000000e-02 5.5000000e-02 -5.0000000e-03
  vertex 8.5000000e-02 5.5000000e-02 0.0000000e+00
 endloop
endfacet
facet normal 1.000000e+00 0.000000e+00 0.000000e+00
 outer loop
  vertex 8.5000000e-02 1.8000000e-02 -5.0000000e-03
  vertex 8.5000000e-02 5.5000000e-02 0.0000000e+00
  vertex 8.5000000e-02 1.8000000e-02 0.0000000e+00
 endloop
endfacet
facet normal 0.000000e+00 0.000000e+00 1.000000e+00
 outer loop
  vertex 1.8000000e-02 1.8000000e-02 0.0000000e+00
  vertex 8.5000000e-02 1.8000000e-02 0.0000000e+00
  vertex 8.5000000e-02 5.5000000e-02 0.0000000e+00
 endloop
endfacet
facet normal 0.000000e+00 0.000000e+00 1.000000e+00
 outer loop
  vertex 1.8000000e-02 1.8000000e-02 0.0000000e+00
  vertex 8.5000000e-02 5.5000000e-02 0.0000000e+00
  vertex 1.8000000e-02 5.5000000e-02 0.0000000e+00
 endloop
endfacet
facet normal 0.000000e+00 0.000000e+00 -1.000000e+00
 outer loop
  vertex 1.8000000e-02 8.5000000e-02 -2.6000000e-02
  vertex 8.5000000e-02 8.5000000e-02 -2.6000000e-02
  vertex 8.5000000e-02 5.5000000e-02 -2.6000000e-02
 endloop
endfacet
facet normal 0.000000e+00 0.000000e+00 -1.000000e+00
 outer loop
  vertex 1.8000000e-02 8.5000000e-02 -2.6000000e-02
  vertex 8.5000000e-02 5.5000000e-02 -2.6000000e-02
  vertex 1.8000000e-02 5.5000000e-02 -2.6000000e-02
 endloop
endfacet
facet normal 1.000000e+00 0.000000e+00 0.000000e+00
 outer loop
  vertex 8.5000000e-02 5.5000000e-02 -5.0000000e-03
  vertex 8.5000000e-02 8.5000000e-02 -5.0000000e-03
  vertex 8.5000000e-02 8.5000000e-02 0.0000000e+00
 endloop
endfacet
facet normal 1.000000e+00 0.000000e+00 0.000000e+00
 outer loop
  vertex 8.5000000e-02 5.5000000e-02 -5.0000000e-03
  vertex 8.5000000e-02 8.5000000e-02 0.0000000e+00
  vertex 8.5000000e-02 5.5000000e-02 0.0000000e+00
 endloop
endfacet
facet normal -0.000000e+00 1.000000e+00 0.000000e+00
 outer loop
  vertex 1.8000000e-02 8.5000000e-02 0.0000000e+00
  vertex 8.5000000e-02 8.5000000e-02 0.0000000e+00
  vertex 8.5000000e-02 8.5000000e-02 -5.0000000e-03
 endloop
endfacet
facet normal 0.000000e+00 1.000000e+00 0.000000e+00
 outer loop
  vertex 1.8000000e-02 8.5000000e-02 0.0000000e+00
  vertex 8.5000000e-02 8.5000000e-02 -5.0000000e-03
  vertex 1.8000000e-02 8.5000000e-02 -5.0000000e-03
 endloop
endfacet
facet normal 0.000000e+00 0.000000e+00 1.000000e+00
 outer loop
  vertex 1.8000000e-02 5.5000000e-02 0.0000000e+00
  vertex 8.5000000e-02 5.5000000e-02 0.0000000e+00
  vertex 8.5000000e-02 8.5000000e-02 0.0000000e+00
 endloop
endfacet
facet normal 0.000000e+00 0.000000e+00 1.000000e+00
 outer loop
  vertex 1.8000000e-02 5.5000000e-02 0.0000000e+00
  vertex 8.5000000e-02 8.5000000e-02 0.0000000e+00
  vertex 1.8000000e-02 8.5000000e-02 0.0000000e+00
 endloop
endfacet
facet normal 0.000000e+00 0.000000e+00 -1.000000e+00
 outer loop
  vertex 1.8000000e-02 8.5000000e-02 -5.0000000e-03
  vertex 8.5000000e-02 8.5000000e-02 -5.0000000e-03
  vertex 8.5000000e-02 5.5000000e-02 -5.0000000e-03
 endloop
endfacet
facet normal 0.000000e+00 0.000000e+00 -1.000000e+00
 outer loop
  vertex 1.8000000e-02 8.5000000e-02 -5.0000000e-03
  vertex 8.5000000e-02 5.5000000e-02 -5.0000000e-03
  vertex 1.8000000e-02 5.5000000e-02 -5.0000000e-03
 endloop
endfacet
facet normal -0.000000e+00 1.000000e+00 0.000000e+00
 outer loop
  vertex 1.8000000e-02 6.0000000e-01 -1.5000000e-02
  vertex 8.5000000e-02 6.0000000e-01 -1.5000000e-02
  vertex 8.5000000e-02 6.0000000e-01 -2.6000000e-02
 endloop
endfacet
facet normal 0.000000e+00 1.000000e+00 0.000000e+00
 outer loop
  vertex 1.8000000e-02 6.0000000e-01 -1.5000000e-02
  vertex 8.5000000e-02 6.0000000e-01 -2.6000000e-02
  vertex 1.8000000e-02 6.0000000e-01 -2.6000000e-02
 endloop
endfacet
facet normal 0.000000e+00 0.000000e+00 -1.000000e+00
 outer loop
  vertex 1.8000000e-02 6.0000000e-01 -2.6000000e-02
  vertex 8.5000000e-02 6.0000000e-01 -2.6000000e-02
  vertex 8.5000000e-02 8.5000000e-02 -2.6000000e-02
 endloop
endfacet
facet normal 0.000000e+00 0.000000e+00 -1.000000e+00
 outer loop
  vertex 1.8000000e-02 6.0000000e-01 -2.6000000e-02
  vertex 8.5000000e-02 8.5000000e-02 -2.6000000e-02
  vertex 1.8000000e-02 8.5000000e-02 -2.6000000e-02
 endloop
endfacet
facet normal 1.000000e+00 0.000000e+00 0.000000e+00
 outer loop
  vertex 1.5000000e+00 -6.0000000e-01 -2.6000000e-02
  vertex 1.5000000e+00 -8.5000000e-02 -2.6000000e-02
  vertex 1.5000000e+00 -8.5000000e-02 -1.5000000e-02
 endloop
endfacet
facet normal 1.000000e+00 0.000000e+00 0.000000e+00
 outer loop
  vertex 1.5000000e+00 -6.0000000e-01 -2.6000000e-02
  vertex 1.5000000e+00 -8.5000000e-02 -1.5000000e-02
  vertex 1.5000000e+00 -6.0000000e-01 -1.5000000e-02
 endloop
endfacet
facet normal 0.000000e+00 -1.000000e+00 0.000000e+00
 outer loop
  vertex 8.5000000e-02 -6.0000000e-01 -2.6000000e-02
  vertex 1.5000000e+00 -6.0000000e-01 -2.6000000e-02
  vertex 1.5000000e+00 -6.0000000e-01 -1.5000000e-02
 endloop
endfacet
facet normal 0.000000e+00 -1.000000e+00 0.000000e+00
 outer loop
  vertex 8.5000000e-02 -6.0000000e-01 -2.6000000e-02
  vertex 1.5000000e+00 -6.0000000e-01 -1.5000000e-02
  vertex 8.5000000e-02 -6.0000000e-01 -1.5000000e-02
 endloop
endfacet
facet normal 0.000000e+00 0.000000e+00 -1.000000e+00
 outer loop
  vertex 8.5000000e-02 -8.5000000e-02 -2.6000000e-02
  vertex 1.5000000e+00 -8.5000000e-02 -2.6000000e-02
  vertex 1.5000000e+00 -6.0000000e-01 -2.6000000e-02
 endloop
endfacet
facet normal 0.000000e+00 0.000000e+00 -1.000000e+00
 outer loop
  vertex 8.5000000e-02 -8.5000000e-02 -2.6000000e-02
  vertex 1.5000000e+00 -6.0000000e-01 -2.6000000e-02
  vertex 8.5000000e-02 -6.0000000e-01 -2.6000000e-02
 endloop
endfacet
facet normal 1.000000e+00 0.000000e+00 0.000000e+00
 outer loop
  vertex 1.5000000e+00 -8.5000000e-02 -2.6000000e-02
  vertex 1.5000000e+00 -5.5000000e-02 -2.6000000e-02
  vertex 1.5000000e+00 -5.5000000e-02 -1.5000000e-02
 endloop
endfacet
facet normal 1.000000e+00 0.000000e+00 0.000000e+00
 outer loop
  vertex 1.5000000e+00 -8.5000000e-02 -2.6000000e-02
  vertex 1.5000000e+00 -5.5000000e-02 -1.5000000e-02
  vertex 1.5000000e+00 -8.5000000e-02 -1.5000000e-02
 endloop
endfacet
facet normal 0.000000e+00 0.000000e+00 -1.000000e+00
 outer loop
  vertex 8.5000000e-02 -5.5000000e-02 -2.6000000e-02
  vertex 1.5000000e+00 -5.5000000e-02 -2.6000000e-02
  vertex 1.5000000e+00 -8.5000000e-02 -2.6000000e-02
 endloop
endfacet
facet normal 0.000000e+00 0.000000e+00 -1.000000e+00
 outer loop
  vertex 8.5000000e-02 -5.5000000e-02 -2.6000000e-02
  vertex 1.5000000e+00 -8.5000000e-02 -2.6000000e-02
  vertex 8.5000000e-02 -8.5000000e-02 -2.6000000e-02
 endloop
endfacet
facet normal 1.000000e+00 0.000000e+00 0.000000e+00
 outer loop
  vertex 1.5000000e+00 -5.5000000e-02 -2.6000000e-02
  vertex 1.5000000e+00 -1.8000000e-02 -2.6000000e-02
  vertex 1.5000000e+00 -1.8000000e-02 -1.5000000e-02
 endloop
endfacet
facet normal 1.000000e+00 0.000000e+00 0.000000e+00
 outer loop
  vertex 1.5000000e+00 -5.5000000e-02 -2.6000000e-02
  vertex 1.5000000e+00 -1.8000000e-02 -1.5000000e-02
  vertex 1.5000000e+00 -5.5000000e-02 -1.5000000e-02
 endloop
endfacet
facet normal 0.000000e+00 0.000000e+00 -1.000000e+00
 outer loop
  vertex 8.5000000e-02 -1.8000000e-02 -2.6000000e-02
  vertex 1.5000000e+00 -1.8000000e-02 -2.6000000e-02
  vertex 1.5000000e+00 -5.5000000e-02 -2.6000000e-02
 endloop
endfacet
facet normal 0.000000e+00 0.000000e+00 -1.000000e+00
 outer loop
  vertex 8.5000000e-02 -1.8000000e-02 -2.6000000e-02
  vertex 1.5000000e+00 -5.5000000e-02 -2.6000000e-02
  vertex 8.5000000e-02 -5.5000000e-02 -2.6000000e-02
 endloop
endfacet
facet normal 1.000000e+00 0.000000e+00 0.000000e+00
 outer loop
  vertex 1.5000000e+00 -1.8000000e-02 -2.6000000e-02
  vertex 1.5000000e+00 -1.1000000e-02 -2.6000000e-02
  vertex 1.5000000e+00 -1.1000000e-02 -1.5000000e-02
 endloop
endfacet
facet normal 1.000000e+00 0.000000e+00 0.000000e+00
 outer loop
  vertex 1.5000000e+00 -1.8000000e-02 -2.6000000e-02
  vertex 1.5000000e+00 -1.1000000e-02 -1.5000000e-02
  vertex 1.5000000e+00 -1.8000000e-02 -1.5000000e-02
 endloop
endfacet
facet normal 0.000000e+00 0.000000e+00 -1.000000e+00
 outer loop
  vertex 8.5000000e-02 -1.1000000e-02 -2.6000000e-02
  vertex 1.5000000e+00 -1.1000000e-02 -2.6000000e-02
  vertex 1.5000000e+00 -1.8000000e-02 -2.6000000e-02
 endloop
endfacet
facet normal 0.000000e+00 0.000000e+00 -1.000000e+00
 outer loop
  vertex 8.5000000e-02 -1.1000000e-02 -2.6000000e-02
  vertex 1.5000000e+00 -1.8000000e-02 -2.6000000e-02
  vertex 8.5000000e-02 -1.8000000e-02 -2.6000000e-02
 endloop
endfacet
facet normal 1.000000e+00 0.000000e+00 0.000000e+00
 outer loop
  vertex 1.5000000e+00 -1.1000000e-02 -2.6000000e-02
  vertex 1.5000000e+00 -5.0000000e-03 -2.6000000e-02
  vertex 1.5000000e+00 -5.0000000e-03 -1.5000000e-02
 endloop
endfacet
facet normal 1.000000e+00 0.000000e+00 0.000000e+00
 outer loop
  vertex 1.5000000e+00 -1.1000000e-02 -2.6000000e-02
  vertex 1.5000000e+00 -5.0000000e-03 -1.5000000e-02
  vertex 1.5000000e+00 -1.1000000e-02 -1.5000000e-02
 endloop
endfacet
facet normal 0.000000e+00 0.000000e+00 -1.000000e+00
 outer loop
  vertex 8.5000000e-02 -5.0000000e-03 -2.6000000e-02
  vertex 1.5000000e+00 -5.0000000e-03 -2.6000000e-02
  vertex 1.5000000e+00 -1.1000000e-02 -2.6000000e-02
 endloop
endfacet
facet normal 0.000000e+00 0.000000e+00 -1.000000e+00
 outer loop
  vertex 8.5000000e-02 -5.0000000e-03 -2.6000000e-02
  vertex 1.5000000e+00 -1.1000000e-02 -2.6000000e-02
  vertex 8.5000000e-02 -1.1000000e-02 -2.6000000e-02
 endloop
endfacet
facet normal 1.000000e+00 0.000000e+00 0.000000e+00
 outer loop
  vertex 1.5000000e+00 -5.0000000e-03 -2.6000000e-02
  vertex 1.5000000e+00 -3.0000000e-03 -2.6000000e-02
  vertex 1.5000000e+00 -3.0000000e-03 -1.5000000e-02
 endloop
endfacet
facet normal 1.000000e+00 0.000000e+00 0.000000e+00
 outer loop
  vertex 1.5000000e+00 -5.0000000e-03 -2.6000000e-02
  vertex 1.5000000e+00 -3.0000000e-03 -1.5000000e-02
  vertex 1.5000000e+00 -5.0000000e-03 -1.5000000e-02
 endloop
endfacet
facet normal 0.000000e+00 0.000000e+00 -1.000000e+00
 outer loop
  vertex 8.5000000e-02 -3.0000000e-03 -2.6000000e-02
  vertex 1.5000000e+00 -3.0000000e-03 -2.6000000e-02
  vertex 1.5000000e+00 -5.0000000e-03 -2.6000000e-02
 endloop
endfacet
facet normal 0.000000e+00 0.000000e+00 -1.000000e+00
 outer loop
  vertex 8.5000000e-02 -3.0000000e-03 -2.6000000e-02
  vertex 1.5000000e+00 -5.0000000e-03 -2.6000000e-02
  vertex 8.5000000e-02 -5.0000000e-03 -2.6000000e-02
 endloop
endfacet
facet normal 1.000000e+00 0.000000e+00 0.000000e+00
 outer loop
  vertex 1.5000000e+00 -3.0000000e-03 -2.6000000e-02
  vertex 1.5000000e+00 3.0000000e-03 -2.6000000e-02
  vertex 1.5000000e+00 3.0000000e-03 -1.5000000e-02
 endloop
endfacet
facet normal 1.000000e+00 0.000000e+00 0.000000e+00
 outer loop
  vertex 1.5000000e+00 -3.0000000e-03 -2.6000000e-02
  vertex 1.5000000e+00 3.0000000e-03 -1.5000000e-02
  vertex 1.5000000e+00 -3.0000000e-03 -1.5000000e-02
 endloop
endfacet
facet normal 0.000000e+00 0.000000e+00 -1.000000e+00
 outer loop
  vertex 8.5000000e-02 3.0000000e-03 -2.6000000e-02
  vertex 1.5000000e+00 3.0000000e-03 -2.6000000e-02
  vertex 1.5000000e+00 -3.0000000e-03 -2.6000000e-02
 endloop
endfacet
facet normal 0.000000e+00 0.000000e+00 -1.000000e+00
 outer loop
  vertex 8.5000000e-02 3.0000000e-03 -2.6000000e-02
  vertex 1.5000000e+00 -3.0000000e-03 -2.6000000e-02
  vertex 8.5000000e-02 -3.0000000e-03 -2.6000000e-02
 endloop
endfacet
facet normal 1.000000e+00 0.000000e+00 0.000000e+00
 outer loop
  vertex 1.5000000e+00 3.0000000e-03 -2.6000000e-02
  vertex 1.5000000e+00 5.0000000e-03 -2.6000000e-02
  vertex 1.5000000e+00 5.0000000e-03 -1.5000000e-02
 endloop
endfacet
facet normal 1.000000e+00 0.000000e+00 0.000000e+00
 outer loop
  vertex 1.5000000e+00 3.0000000e-03 -2.6000000e-02
  vertex 1.5000000e+00 5.0000000e-03 -1.5000000e-02
  vertex 1.5000000e+00 3.0000000e-03 -1.5000000e-02
 endloop
endfacet
facet normal 0.000000e+00 0.000000e+00 -1.000000e+00
 outer loop
  vertex 8.5000000e-02 5.0000000e-03 -2.6000000e-02
  vertex 1.5000000e+00 5.0000000e-03 -2.6000000e-02
  vertex 1.5000000e+00 3.0000000e-03 -2.6000000e-02
 endloop
endfacet
facet normal 0.000000e+00 0.000000e+00 -1.000000e+00
 outer loop
  vertex 8.5000000e-02 5.0000000e-03 -2.6000000e-02
  vertex 1.5000000e+00 3.0000000e-03 -2.6000000e-02
  vertex 8.5000000e-02 3.0000000e-03 -2.6000000e-02
 endloop
endfacet
facet normal 1.000000e+00 0.000000e+00 0.000000e+00
 outer loop
  vertex 1.5000000e+00 5.0000000e-03 -2.6000000e-02
  vertex 1.5000000e+00 1.1000000e-02 -2.6000000e-02
  vertex 1.5000000e+00 1.1000000e-02 -1.5000000e-02
 endloop
endfacet
facet normal 1.000000e+00 0.000000e+00 0.000000e+00
 outer loop
  vertex 1.5000000e+00 5.0000000e-03 -2.6000000e-02
  vertex 1.5000000e+00 1.1000000e-02 -1.5000000e-02
  vertex 1.5000000e+00 5.0000000e-03 -1.5000000e-02
 endloop
endfacet
facet normal 0.000000e+00 0.000000e+00 -1.000000e+00
 outer loop
  vertex 8.5000000e-02 1.1000000e-02 -2.6000000e-02
  vertex 1.5000000e+00 1.1000000e-02 -2.6000000e-02
  vertex 1.5000000e+00 5.0000000e-03 -2.6000000e-02
 endloop
endfacet
facet normal 0.000000e+00 0.000000e+00 -1.000000e+00
 outer loop
  vertex 8.5000000e-02 1.1000000e-02 -2.6000000e-02
  vertex 1.5000000e+00 5.0000000e-03 -2.6000000e-02
  vertex 8.5000000e-02 5.0000000e-03 -2.6000000e-02
 endloop
endfacet
facet normal 1.000000e+00 0.000000e+00 0.000000e+00
 outer loop
  vertex 1.5000000e+00 1.1000000e-02 -2.6000000e-02
  vertex 1.5000000e+00 1.8000000e-02 -2.6000000e-02
  vertex 1.5000000e+00 1.8000000e-02 -1.5000000e-02
 endloop
endfacet
facet normal 1.000000e+00 0.000000e+00 0.000000e+00
 outer loop
  vertex 1.5000000e+00 1.1000000e-02 -2.6000000e-02
  vertex 1.5000000e+00 1.8000000e-02 -1.5000000e-02
  vertex 1.5000000e+00 1.1000000e-02 -1.5000000e-02
 endloop
endfacet
facet normal 0.000000e+00 0.000000e+00 -1.000000e+00
 outer loop
  vertex 8.5000000e-02 1.8000000e-02 -2.6000000e-02
  vertex 1.5000000e+00 1.8000000e-02 -2.6000000e-02
  vertex 1.5000000e+00 1.1000000e-02 -2.6000000e-02
 endloop
endfacet
facet normal 0.000000e+00 0.000000e+00 -1.000000e+00
 outer loop
  vertex 8.5000000e-02 1.8000000e-02 -2.6000000e-02
  vertex 1.5000000e+00 1.1000000e-02 -2.6000000e-02
  vertex 8.5000000e-02 1.1000000e-02 -2.6000000e-02
 endloop
endfacet
facet normal 1.000000e+00 0.000000e+00 0.000000e+00
 outer loop
  vertex 1.5000000e+00 1.8000000e-02 -2.6000000e-02
  vertex 1.5000000e+00 5.5000000e-02 -2.6000000e-02
  vertex 1.5000000e+00 5.5000000e-02 -1.5000000e-02
 endloop
endfacet
facet normal 1.000000e+00 0.000000e+00 0.000000e+00
 outer loop
  vertex 1.5000000e+00 1.8000000e-02 -2.6000000e-02
  vertex 1.5000000e+00 5.5000000e-02 -1.5000000e-02
  vertex 1.5000000e+00 1.8000000e-02 -1.5000000e-02
 endloop
endfacet
facet normal 0.000000e+00 0.000000e+00 -1.000000e+00
 outer loop
  vertex 8.5000000e-02 5.5000000e-02 -2.6000000e-02
  vertex 1.5000000e+00 5.5000000e-02 -2.6000000e-02
  vertex 1.5000000e+00 1.8000000e-02 -2.6000000e-02
 endloop
endfacet
facet normal 0.000000e+00 0.000000e+00 -1.000000e+00
 outer loop
  vertex 8.5000000e-02 5.5000000e-02 -2.6000000e-02
  vertex 1.5000000e+00 1.8000000e-02 -2.6000000e-02
  vertex 8.5000000e-02 1.8000000e-02 -2.6000000e-02
 endloop
endfacet
facet normal 1.000000e+00 0.000000e+00 0.000000e+00
 outer loop
  vertex 1.5000000e+00 5.5000000e-02 -2.6000000e-02
  vertex 1.5000000e+00 8.5000000e-02 -2.6000000e-02
  vertex 1.5000000e+00 8.5000000e-02 -1.5000000e-02
 endloop
endfacet
facet normal 1.000000e+00 0.000000e+00 0.000000e+00
 outer loop
  vertex 1.5000000e+00 5.5000000e-02 -2.6000000e-02
  vertex 1.5000000e+00 8.5000000e-02 -1.5000000e-02
  vertex 1.5000000e+00 5.5000000e-02 -1.5000000e-02
 endloop
endfacet
facet normal 0.000000e+00 0.000000e+00 -1.000000e+00
 outer loop
  vertex 8.5000000e-02 8.5000000e-02 -2.6000000e-02
  vertex 1.5000000e+00 8.5000000e-02 -2.6000000e-02
  vertex 1.5000000e+00 5.5000000e-02 -2.6000000e-02
 endloop
endfacet
facet normal 0.000000e+00 0.000000e+00 -1.000000e+00
 outer loop
  vertex 8.5000000e-02 8.5000000e-02 -2.6000000e-02
  vertex 1.5000000e+00 5.5000000e-02 -2.6000000e-02
  vertex 8.5000000e-02 5.5000000e-02 -2.6000000e-02
 endloop
endfacet
facet normal 1.000000e+00 0.000000e+00 0.000000e+00
 outer loop
  vertex 1.5000000e+00 8.5000000e-02 -2.6000000e-02
  vertex 1.5000000e+00 6.0000000e-01 -2.6000000e-02
  vertex 1.5000000e+00 6.0000000e-01 -1.5000000e-02
 endloop
endfacet
facet normal 1.000000e+00 0.000000e+00 0.000000e+00
 outer loop
  vertex 1.5000000e+00 8.5000000e-02 -2.6000000e-02
  vertex 1.5000000e+00 6.0000000e-01 -1.5000000e-02
  vertex 1.5000000e+00 8.5000000e-02 -1.5000000e-02
 endloop
endfacet
facet normal -0.000000e+00 1.000000e+00 0.000000e+00
 outer loop
  vertex 8.5000000e-02 6.0000000e-01 -1.5000000e-02
  vertex 1.5000000e+00 6.0000000e-01 -1.5000000e-02
  vertex 1.5000000e+00 6.0000000e-01 -2.6000000e-02
 endloop
endfacet
facet normal 0.000000e+00 1.000000e+00 0.000000e+00
 outer loop
  vertex 8.5000000e-02 6.0000000e-01 -1.5000000e-02
  vertex 1.5000000e+00 6.0000000e-01 -2.6000000e-02
  vertex 8.5000000e-02 6.0000000e-01 -2.6000000e-02
 endloop
endfacet
facet normal 0.000000e+00 0.000000e+00 -1.000000e+00
 outer loop
  vertex 8.5000000e-02 6.0000000e-01 -2.6000000e-02
  vertex 1.5000000e+00 6.0000000e-01 -2.6000000e-02
  vertex 1.5000000e+00 8.5000000e-02 -2.6000000e-02
 endloop
endfacet
facet normal 0.000000e+00 0.000000e+00 -1.000000e+00
 outer loop
  vertex 8.5000000e-02 6.0000000e-01 -2.6000000e-02
  vertex 1.5000000e+00 8.5000000e-02 -2.6000000e-02
  vertex 8.5000000e-02 8.5000000e-02 -2.6000000e-02
 endloop
endfacet
endsolid walls
