solid cvwt_housing_cfd
facet normal 0.000000e+00 0.000000e+00 -1.000000e+00
 outer loop
  vertex 1.7000000e-02 0.0000000e+00 0.0000000e+00
  vertex 7.4909659e-02 3.6800756e-03 0.0000000e+00
  vertex 7.5000000e-02 0.0000000e+00 0.0000000e+00
 endloop
endfacet
facet normal 0.000000e+00 0.000000e+00 -1.000000e+00
 outer loop
  vertex 1.7000000e-02 0.0000000e+00 0.0000000e+00
  vertex 1.6979523e-02 8.3415046e-04 0.0000000e+00
  vertex 7.4909659e-02 3.6800756e-03 0.0000000e+00
 endloop
endfacet
facet normal 0.000000e+00 0.000000e+00 -1.000000e+00
 outer loop
  vertex 1.6979523e-02 8.3415046e-04 0.0000000e+00
  vertex 7.4638855e-02 7.3512855e-03 0.0000000e+00
  vertex 7.4909659e-02 3.6800756e-03 0.0000000e+00
 endloop
endfacet
facet normal 0.000000e+00 0.000000e+00 -1.000000e+00
 outer loop
  vertex 1.6979523e-02 8.3415046e-04 0.0000000e+00
  vertex 1.6918140e-02 1.6662914e-03 0.0000000e+00
  vertex 7.4638855e-02 7.3512855e-03 0.0000000e+00
 endloop
endfacet
facet normal 0.000000e+00 0.000000e+00 -1.000000e+00
 outer loop
  vertex 1.6918140e-02 1.6662914e-03 0.0000000e+00
  vertex 7.4188238e-02 1.1004786e-02 0.0000000e+00
  vertex 7.4638855e-02 7.3512855e-03 0.0000000e+00
 endloop
endfacet
facet normal 0.000000e+00 0.000000e+00 -1.000000e+00
 outer loop
  vertex 1.6918140e-02 1.6662914e-03 0.0000000e+00
  vertex 1.6816001e-02 2.4944181e-03 0.0000000e+00
  vertex 7.4188238e-02 1.1004786e-02 0.0000000e+00
 endloop
endfacet
facet normal 0.000000e+00 0.000000e+00 -1.000000e+00
 outer loop
  vertex 1.6816001e-02 2.4944181e-03 0.0000000e+00
  vertex 7.3558896e-02 1.4631774e-02 0.0000000e+00
  vertex 7.4188238e-02 1.1004786e-02 0.0000000e+00
 endloop
endfacet
facet normal 0.000000e+00 0.000000e+00 -1.000000e+00
 outer loop
  vertex 1.6816001e-02 2.4944181e-03 0.0000000e+00
  vertex 1.6673350e-02 3.3165355e-03 0.0000000e+00
  vertex 7.3558896e-02 1.4631774e-02 0.0000000e+00
 endloop
endfacet
facet normal 0.000000e+00 0.000000e+00 -1.000000e+00
 outer loop
  vertex 1.6673350e-02 3.3165355e-03 0.0000000e+00
  vertex 7.2752344e-02 1.8223513e-02 0.0000000e+00
  vertex 7.3558896e-02 1.4631774e-02 0.0000000e+00
 endloop
endfacet
facet normal 0.000000e+00 0.000000e+00 -1.000000e+00
 outer loop
  vertex 1.6673350e-02 3.3165355e-03 0.0000000e+00
  vertex 1.6490531e-02 4.1306631e-03 0.0000000e+00
  vertex 7.2752344e-02 1.8223513e-02 0.0000000e+00
 endloop
endfacet
facet normal 0.000000e+00 0.000000e+00 -1.000000e+00
 outer loop
  vertex 1.6490531e-02 4.1306631e-03 0.0000000e+00
  vertex 7.1770525e-02 2.1771351e-02 0.0000000e+00
  vertex 7.2752344e-02 1.8223513e-02 0.0000000e+00
 endloop
endfacet
facet normal 0.000000e+00 0.000000e+00 -1.000000e+00
 outer loop
  vertex 1.6490531e-02 4.1306631e-03 0.0000000e+00
  vertex 1.6267986e-02 4.9348395e-03 0.0000000e+00
  vertex 7.1770525e-02 2.1771351e-02 0.0000000e+00
 endloop
endfacet
facet normal 0.000000e+00 0.000000e+00 -1.000000e+00
 outer loop
  vertex 1.6267986e-02 4.9348395e-03 0.0000000e+00
  vertex 7.0615805e-02 2.5266739e-02 0.0000000e+00
  vertex 7.1770525e-02 2.1771351e-02 0.0000000e+00
 endloop
endfacet
facet normal 0.000000e+00 0.000000e+00 -1.000000e+00
 outer loop
  vertex 1.6267986e-02 4.9348395e-03 0.0000000e+00
  vertex 1.6006249e-02 5.7271275e-03 0.0000000e+00
  vertex 7.0615805e-02 2.5266739e-02 0.0000000e+00
 endloop
endfacet
facet normal 0.000000e+00 0.000000e+00 -1.000000e+00
 outer loop
  vertex 1.6006249e-02 5.7271275e-03 0.0000000e+00
  vertex 6.9290965e-02 2.8701257e-02 0.0000000e+00
  vertex 7.0615805e-02 2.5266739e-02 0.0000000e+00
 endloop
endfacet
facet normal 0.000000e+00 0.000000e+00 -1.000000e+00
 outer loop
  vertex 1.6006249e-02 5.7271275e-03 0.0000000e+00
  vertex 1.5705952e-02 6.5056184e-03 0.0000000e+00
  vertex 6.9290965e-02 2.8701257e-02 0.0000000e+00
 endloop
endfacet
facet normal 0.000000e+00 0.000000e+00 -1.000000e+00
 outer loop
  vertex 1.5705952e-02 6.5056184e-03 0.0000000e+00
  vertex 6.7799197e-02 3.2066632e-02 0.0000000e+00
  vertex 6.9290965e-02 2.8701257e-02 0.0000000e+00
 endloop
endfacet
facet normal 0.000000e+00 0.000000e+00 -1.000000e+00
 outer loop
  vertex 1.5705952e-02 6.5056184e-03 0.0000000e+00
  vertex 1.5367818e-02 7.2684366e-03 0.0000000e+00
  vertex 6.7799197e-02 3.2066632e-02 0.0000000e+00
 endloop
endfacet
facet normal 0.000000e+00 0.000000e+00 -1.000000e+00
 outer loop
  vertex 1.5367818e-02 7.2684366e-03 0.0000000e+00
  vertex 6.6144095e-02 3.5354755e-02 0.0000000e+00
  vertex 6.7799197e-02 3.2066632e-02 0.0000000e+00
 endloop
endfacet
facet normal 0.000000e+00 0.000000e+00 -1.000000e+00
 outer loop
  vertex 1.5367818e-02 7.2684366e-03 0.0000000e+00
  vertex 1.4992661e-02 8.0137445e-03 0.0000000e+00
  vertex 6.6144095e-02 3.5354755e-02 0.0000000e+00
 endloop
endfacet
facet normal 0.000000e+00 0.000000e+00 -1.000000e+00
 outer loop
  vertex 1.4992661e-02 8.0137445e-03 0.0000000e+00
  vertex 6.4329646e-02 3.8557706e-02 0.0000000e+00
  vertex 6.6144095e-02 3.5354755e-02 0.0000000e+00
 endloop
endfacet
facet normal 0.000000e+00 0.000000e+00 -1.000000e+00
 outer loop
  vertex 1.4992661e-02 8.0137445e-03 0.0000000e+00
  vertex 1.4581386e-02 8.7397467e-03 0.0000000e+00
  vertex 6.4329646e-02 3.8557706e-02 0.0000000e+00
 endloop
endfacet
facet normal 0.000000e+00 0.000000e+00 -1.000000e+00
 outer loop
  vertex 1.4581386e-02 8.7397467e-03 0.0000000e+00
  vertex 6.2360221e-02 4.1667767e-02 0.0000000e+00
  vertex 6.4329646e-02 3.8557706e-02 0.0000000e+00
 endloop
endfacet
facet normal 0.000000e+00 0.000000e+00 -1.000000e+00
 outer loop
  vertex 1.4581386e-02 8.7397467e-03 0.0000000e+00
  vertex 1.4134983e-02 9.4446940e-03 0.0000000e+00
  vertex 6.2360221e-02 4.1667767e-02 0.0000000e+00
 endloop
endfacet
facet normal 0.000000e+00 0.000000e+00 -1.000000e+00
 outer loop
  vertex 1.4134983e-02 9.4446940e-03 0.0000000e+00
  vertex 6.0240565e-02 4.4677448e-02 0.0000000e+00
  vertex 6.2360221e-02 4.1667767e-02 0.0000000e+00
 endloop
endfacet
facet normal 0.000000e+00 0.000000e+00 -1.000000e+00
 outer loop
  vertex 1.4134983e-02 9.4446940e-03 0.0000000e+00
  vertex 1.3654528e-02 1.0126888e-02 0.0000000e+00
  vertex 6.0240565e-02 4.4677448e-02 0.0000000e+00
 endloop
endfacet
facet normal 0.000000e+00 0.000000e+00 -1.000000e+00
 outer loop
  vertex 1.3654528e-02 1.0126888e-02 0.0000000e+00
  vertex 5.7975784e-02 4.7579496e-02 0.0000000e+00
  vertex 6.0240565e-02 4.4677448e-02 0.0000000e+00
 endloop
endfacet
facet normal 0.000000e+00 0.000000e+00 -1.000000e+00
 outer loop
  vertex 1.3654528e-02 1.0126888e-02 0.0000000e+00
  vertex 1.3141178e-02 1.0784686e-02 0.0000000e+00
  vertex 5.7975784e-02 4.7579496e-02 0.0000000e+00
 endloop
endfacet
facet normal 0.000000e+00 0.000000e+00 -1.000000e+00
 outer loop
  vertex 1.3141178e-02 1.0784686e-02 0.0000000e+00
  vertex 5.5571334e-02 5.0366922e-02 0.0000000e+00
  vertex 5.7975784e-02 4.7579496e-02 0.0000000e+00
 endloop
endfacet
facet normal 0.000000e+00 0.000000e+00 -1.000000e+00
 outer loop
  vertex 1.3141178e-02 1.0784686e-02 0.0000000e+00
  vertex 1.2596169e-02 1.1416502e-02 0.0000000e+00
  vertex 5.5571334e-02 5.0366922e-02 0.0000000e+00
 endloop
endfacet
facet normal 0.000000e+00 0.000000e+00 -1.000000e+00
 outer loop
  vertex 1.2596169e-02 1.1416502e-02 0.0000000e+00
  vertex 5.3033009e-02 5.3033009e-02 0.0000000e+00
  vertex 5.5571334e-02 5.0366922e-02 0.0000000e+00
 endloop
endfacet
facet normal 0.000000e+00 0.000000e+00 -1.000000e+00
 outer loop
  vertex 1.2596169e-02 1.1416502e-02 0.0000000e+00
  vertex 1.2020815e-02 1.2020815e-02 0.0000000e+00
  vertex 5.3033009e-02 5.3033009e-02 0.0000000e+00
 endloop
endfacet
facet normal 0.000000e+00 0.000000e+00 -1.000000e+00
 outer loop
  vertex 1.2020815e-02 1.2020815e-02 0.0000000e+00
  vertex 5.0366922e-02 5.5571334e-02 0.0000000e+00
  vertex 5.3033009e-02 5.3033009e-02 0.0000000e+00
 endloop
endfacet
facet normal 0.000000e+00 0.000000e+00 -1.000000e+00
 outer loop
  vertex 1.2020815e-02 1.2020815e-02 0.0000000e+00
  vertex 1.1416502e-02 1.2596169e-02 0.0000000e+00
  vertex 5.0366922e-02 5.5571334e-02 0.0000000e+00
 endloop
endfacet
facet normal 0.000000e+00 0.000000e+00 -1.000000e+00
 outer loop
  vertex 1.1416502e-02 1.2596169e-02 0.0000000e+00
  vertex 4.7579496e-02 5.7975784e-02 0.0000000e+00
  vertex 5.0366922e-02 5.5571334e-02 0.0000000e+00
 endloop
endfacet
facet normal 0.000000e+00 0.000000e+00 -1.000000e+00
 outer loop
  vertex 1.1416502e-02 1.2596169e-02 0.0000000e+00
  vertex 1.0784686e-02 1.3141178e-02 0.0000000e+00
  vertex 4.7579496e-02 5.7975784e-02 0.0000000e+00
 endloop
endfacet
facet normal 0.000000e+00 0.000000e+00 -1.000000e+00
 outer loop
  vertex 1.0784686e-02 1.3141178e-02 0.0000000e+00
  vertex 4.4677448e-02 6.0240565e-02 0.0000000e+00
  vertex 4.7579496e-02 5.7975784e-02 0.0000000e+00
 endloop
endfacet
facet normal 0.000000e+00 0.000000e+00 -1.000000e+00
 outer loop
  vertex 1.0784686e-02 1.3141178e-02 0.0000000e+00
  vertex 1.0126888e-02 1.3654528e-02 0.0000000e+00
  vertex 4.4677448e-02 6.0240565e-02 0.0000000e+00
 endloop
endfacet
facet normal 0.000000e+00 0.000000e+00 -1.000000e+00
 outer loop
  vertex 1.0126888e-02 1.3654528e-02 0.0000000e+00
  vertex 4.1667767e-02 6.2360221e-02 0.0000000e+00
  vertex 4.4677448e-02 6.0240565e-02 0.0000000e+00
 endloop
endfacet
facet normal 0.000000e+00 0.000000e+00 -1.000000e+00
 outer loop
  vertex 1.0126888e-02 1.3654528e-02 0.0000000e+00
  vertex 9.4446940e-03 1.4134983e-02 0.0000000e+00
  vertex 4.1667767e-02 6.2360221e-02 0.0000000e+00
 endloop
endfacet
facet normal 0.000000e+00 0.000000e+00 -1.000000e+00
 outer loop
  vertex 9.4446940e-03 1.4134983e-02 0.0000000e+00
  vertex 3.8557706e-02 6.4329646e-02 0.0000000e+00
  vertex 4.1667767e-02 6.2360221e-02 0.0000000e+00
 endloop
endfacet
facet normal 0.000000e+00 0.000000e+00 -1.000000e+00
 outer loop
  vertex 9.4446940e-03 1.4134983e-02 0.0000000e+00
  vertex 8.7397467e-03 1.4581386e-02 0.0000000e+00
  vertex 3.8557706e-02 6.4329646e-02 0.0000000e+00
 endloop
endfacet
facet normal 0.000000e+00 0.000000e+00 -1.000000e+00
 outer loop
  vertex 8.7397467e-03 1.4581386e-02 0.0000000e+00
  vertex 3.5354755e-02 6.6144095e-02 0.0000000e+00
  vertex 3.8557706e-02 6.4329646e-02 0.0000000e+00
 endloop
endfacet
facet normal 0.000000e+00 0.000000e+00 -1.000000e+00
 outer loop
  vertex 8.7397467e-03 1.4581386e-02 0.0000000e+00
  vertex 8.0137445e-03 1.4992661e-02 0.0000000e+00
  vertex 3.5354755e-02 6.6144095e-02 0.0000000e+00
 endloop
endfacet
facet normal 0.000000e+00 0.000000e+00 -1.000000e+00
 outer loop
  vertex 8.0137445e-03 1.4992661e-02 0.0000000e+00
  vertex 3.2066632e-02 6.7799197e-02 0.0000000e+00
  vertex 3.5354755e-02 6.6144095e-02 0.0000000e+00
 endloop
endfacet
facet normal 0.000000e+00 0.000000e+00 -1.000000e+00
 outer loop
  vertex 8.0137445e-03 1.4992661e-02 0.0000000e+00
  vertex 7.2684366e-03 1.5367818e-02 0.0000000e+00
  vertex 3.2066632e-02 6.7799197e-02 0.0000000e+00
 endloop
endfacet
facet normal 0.000000e+00 0.000000e+00 -1.000000e+00
 outer loop
  vertex 7.2684366e-03 1.5367818e-02 0.0000000e+00
  vertex 2.8701257e-02 6.9290965e-02 0.0000000e+00
  vertex 3.2066632e-02 6.7799197e-02 0.0000000e+00
 endloop
endfacet
facet normal 0.000000e+00 0.000000e+00 -1.000000e+00
 outer loop
  vertex 7.2684366e-03 1.5367818e-02 0.0000000e+00
  vertex 6.5056184e-03 1.5705952e-02 0.0000000e+00
  vertex 2.8701257e-02 6.9290965e-02 0.0000000e+00
 endloop
endfacet
facet normal 0.000000e+00 0.000000e+00 -1.000000e+00
 outer loop
  vertex 6.5056184e-03 1.5705952e-02 0.0000000e+00
  vertex 2.5266739e-02 7.0615805e-02 0.0000000e+00
  vertex 2.8701257e-02 6.9290965e-02 0.0000000e+00
 endloop
endfacet
facet normal 0.000000e+00 0.000000e+00 -1.000000e+00
 outer loop
  vertex 6.5056184e-03 1.5705952e-02 0.0000000e+00
  vertex 5.7271275e-03 1.6006249e-02 0.0000000e+00
  vertex 2.5266739e-02 7.0615805e-02 0.0000000e+00
 endloop
endfacet
facet normal 0.000000e+00 0.000000e+00 -1.000000e+00
 outer loop
  vertex 5.7271275e-03 1.6006249e-02 0.0000000e+00
  vertex 2.1771351e-02 7.1770525e-02 0.0000000e+00
  vertex 2.5266739e-02 7.0615805e-02 0.0000000e+00
 endloop
endfacet
facet normal 0.000000e+00 0.000000e+00 -1.000000e+00
 outer loop
  vertex 5.7271275e-03 1.6006249e-02 0.0000000e+00
  vertex 4.9348395e-03 1.6267986e-02 0.0000000e+00
  vertex 2.1771351e-02 7.1770525e-02 0.0000000e+00
 endloop
endfacet
facet normal 0.000000e+00 0.000000e+00 -1.000000e+00
 outer loop
  vertex 4.9348395e-03 1.6267986e-02 0.0000000e+00
  vertex 1.8223513e-02 7.2752344e-02 0.0000000e+00
  vertex 2.1771351e-02 7.1770525e-02 0.0000000e+00
 endloop
endfacet
facet normal 0.000000e+00 0.000000e+00 -1.000000e+00
 outer loop
  vertex 4.9348395e-03 1.6267986e-02 0.0000000e+00
  vertex 4.1306631e-03 1.6490531e-02 0.0000000e+00
  vertex 1.8223513e-02 7.2752344e-02 0.0000000e+00
 endloop
endfacet
facet normal 0.000000e+00 0.000000e+00 -1.000000e+00
 outer loop
  vertex 4.1306631e-03 1.6490531e-02 0.0000000e+00
  vertex 1.4631774e-02 7.3558896e-02 0.0000000e+00
  vertex 1.8223513e-02 7.2752344e-02 0.0000000e+00
 endloop
endfacet
facet normal 0.000000e+00 0.000000e+00 -1.000000e+00
 outer loop
  vertex 4.1306631e-03 1.6490531e-02 0.0000000e+00
  vertex 3.3165355e-03 1.6673350e-02 0.0000000e+00
  vertex 1.4631774e-02 7.3558896e-02 0.0000000e+00
 endloop
endfacet
facet normal 0.000000e+00 0.000000e+00 -1.000000e+00
 outer loop
  vertex 3.3165355e-03 1.6673350e-02 0.0000000e+00
  vertex 1.1004786e-02 7.4188238e-02 0.0000000e+00
  vertex 1.4631774e-02 7.3558896e-02 0.0000000e+00
 endloop
endfacet
facet normal 0.000000e+00 0.000000e+00 -1.000000e+00
 outer loop
  vertex 3.3165355e-03 1.6673350e-02 0.0000000e+00
  vertex 2.4944181e-03 1.6816001e-02 0.0000000e+00
  vertex 1.1004786e-02 7.4188238e-02 0.0000000e+00
 endloop
endfacet
facet normal 0.000000e+00 0.000000e+00 -1.000000e+00
 outer loop
  vertex 2.4944181e-03 1.6816001e-02 0.0000000e+00
  vertex 7.3512855e-03 7.4638855e-02 0.0000000e+00
  vertex 1.1004786e-02 7.4188238e-02 0.0000000e+00
 endloop
endfacet
facet normal 0.000000e+00 0.000000e+00 -1.000000e+00
 outer loop
  vertex 2.4944181e-03 1.6816001e-02 0.0000000e+00
  vertex 1.6662914e-03 1.6918140e-02 0.0000000e+00
  vertex 7.3512855e-03 7.4638855e-02 0.0000000e+00
 endloop
endfacet
facet normal 0.000000e+00 0.000000e+00 -1.000000e+00
 outer loop
  vertex 1.6662914e-03 1.6918140e-02 0.0000000e+00
  vertex 3.6800756e-03 7.4909659e-02 0.0000000e+00
  vertex 7.3512855e-03 7.4638855e-02 0.0000000e+00
 endloop
endfacet
facet normal 0.000000e+00 0.000000e+00 -1.000000e+00
 outer loop
  vertex 1.6662914e-03 1.6918140e-02 0.0000000e+00
  vertex 8.3415046e-04 1.6979523e-02 0.0000000e+00
  vertex 3.6800756e-03 7.4909659e-02 0.0000000e+00
 endloop
endfacet
facet normal 0.000000e+00 0.000000e+00 -1.000000e+00
 outer loop
  vertex 8.3415046e-04 1.6979523e-02 0.0000000e+00
  vertex 4.5924255e-18 7.5000000e-02 0.0000000e+00
  vertex 3.6800756e-03 7.4909659e-02 0.0000000e+00
 endloop
endfacet
facet normal 0.000000e+00 0.000000e+00 -1.000000e+00
 outer loop
  vertex 8.3415046e-04 1.6979523e-02 0.0000000e+00
  vertex 1.0409498e-18 1.7000000e-02 0.0000000e+00
  vertex 4.5924255e-18 7.5000000e-02 0.0000000e+00
 endloop
endfacet
facet normal 0.000000e+00 0.000000e+00 -1.000000e+00
 outer loop
  vertex 1.0409498e-18 1.7000000e-02 0.0000000e+00
  vertex -3.6800756e-03 7.4909659e-02 0.0000000e+00
  vertex 4.5924255e-18 7.5000000e-02 0.0000000e+00
 endloop
endfacet
facet normal -0.000000e+00 0.000000e+00 -1.000000e+00
 outer loop
  vertex 1.0409498e-18 1.7000000e-02 0.0000000e+00
  vertex -8.3415046e-04 1.6979523e-02 0.0000000e+00
  vertex -3.6800756e-03 7.4909659e-02 0.0000000e+00
 endloop
endfacet
facet normal 0.000000e+00 0.000000e+00 -1.000000e+00
 outer loop
  vertex -8.3415046e-04 1.6979523e-02 0.0000000e+00
  vertex -7.3512855e-03 7.4638855e-02 0.0000000e+00
  vertex -3.6800756e-03 7.4909659e-02 0.0000000e+00
 endloop
endfacet
facet normal -0.000000e+00 0.000000e+00 -1.000000e+00
 outer loop
  vertex -8.3415046e-04 1.6979523e-02 0.0000000e+00
  vertex -1.6662914e-03 1.6918140e-02 0.0000000e+00
  vertex -7.3512855e-03 7.4638855e-02 0.0000000e+00
 endloop
endfacet
facet normal 0.000000e+00 0.000000e+00 -1.000000e+00
 outer loop
  vertex -1.6662914e-03 1.6918140e-02 0.0000000e+00
  vertex -1.1004786e-02 7.4188238e-02 0.0000000e+00
  vertex -7.3512855e-03 7.4638855e-02 0.0000000e+00
 endloop
endfacet
facet normal -0.000000e+00 0.000000e+00 -1.000000e+00
 outer loop
  vertex -1.6662914e-03 1.6918140e-02 0.0000000e+00
  vertex -2.4944181e-03 1.6816001e-02 0.0000000e+00
  vertex -1.1004786e-02 7.4188238e-02 0.0000000e+00
 endloop
endfacet
facet normal 0.000000e+00 0.000000e+00 -1.000000e+00
 outer loop
  vertex -2.4944181e-03 1.6816001e-02 0.0000000e+00
  vertex -1.4631774e-02 7.3558896e-02 0.0000000e+00
  vertex -1.1004786e-02 7.4188238e-02 0.0000000e+00
 endloop
endfacet
facet normal -0.000000e+00 0.000000e+00 -1.000000e+00
 outer loop
  vertex -2.4944181e-03 1.6816001e-02 0.0000000e+00
  vertex -3.3165355e-03 1.6673350e-02 0.0000000e+00
  vertex -1.4631774e-02 7.3558896e-02 0.0000000e+00
 endloop
endfacet
facet normal 0.000000e+00 0.000000e+00 -1.000000e+00
 outer loop
  vertex -3.3165355e-03 1.6673350e-02 0.0000000e+00
  vertex -1.8223513e-02 7.2752344e-02 0.0000000e+00
  vertex -1.4631774e-02 7.3558896e-02 0.0000000e+00
 endloop
endfacet
facet normal -0.000000e+00 0.000000e+00 -1.000000e+00
 outer loop
  vertex -3.3165355e-03 1.6673350e-02 0.0000000e+00
  vertex -4.1306631e-03 1.6490531e-02 0.0000000e+00
  vertex -1.8223513e-02 7.2752344e-02 0.0000000e+00
 endloop
endfacet
facet normal 0.000000e+00 0.000000e+00 -1.000000e+00
 outer loop
  vertex -4.1306631e-03 1.6490531e-02 0.0000000e+00
  vertex -2.1771351e-02 7.1770525e-02 0.0000000e+00
  vertex -1.8223513e-02 7.2752344e-02 0.0000000e+00
 endloop
endfacet
facet normal -0.000000e+00 0.000000e+00 -1.000000e+00
 outer loop
  vertex -4.1306631e-03 1.6490531e-02 0.0000000e+00
  vertex -4.9348395e-03 1.6267986e-02 0.0000000e+00
  vertex -2.1771351e-02 7.1770525e-02 0.0000000e+00
 endloop
endfacet
facet normal 0.000000e+00 0.000000e+00 -1.000000e+00
 outer loop
  vertex -4.9348395e-03 1.6267986e-02 0.0000000e+00
  vertex -2.5266739e-02 7.0615805e-02 0.0000000e+00
  vertex -2.1771351e-02 7.1770525e-02 0.0000000e+00
 endloop
endfacet
facet normal -0.000000e+00 0.000000e+00 -1.000000e+00
 outer loop
  vertex -4.9348395e-03 1.6267986e-02 0.0000000e+00
  vertex -5.7271275e-03 1.6006249e-02 0.0000000e+00
  vertex -2.5266739e-02 7.0615805e-02 0.0000000e+00
 endloop
endfacet
facet normal 0.000000e+00 0.000000e+00 -1.000000e+00
 outer loop
  vertex -5.7271275e-03 1.6006249e-02 0.0000000e+00
  vertex -2.8701257e-02 6.9290965e-02 0.0000000e+00
  vertex -2.5266739e-02 7.0615805e-02 0.0000000e+00
 endloop
endfacet
facet normal -0.000000e+00 0.000000e+00 -1.000000e+00
 outer loop
  vertex -5.7271275e-03 1.6006249e-02 0.0000000e+00
  vertex -6.5056184e-03 1.5705952e-02 0.0000000e+00
  vertex -2.8701257e-02 6.9290965e-02 0.0000000e+00
 endloop
endfacet
facet normal 0.000000e+00 0.000000e+00 -1.000000e+00
 outer loop
  vertex -6.5056184e-03 1.5705952e-02 0.0000000e+00
  vertex -3.2066632e-02 6.7799197e-02 0.0000000e+00
  vertex -2.8701257e-02 6.9290965e-02 0.0000000e+00
 endloop
endfacet
facet normal -0.000000e+00 0.000000e+00 -1.000000e+00
 outer loop
  vertex -6.5056184e-03 1.5705952e-02 0.0000000e+00
  vertex -7.2684366e-03 1.5367818e-02 0.0000000e+00
  vertex -3.2066632e-02 6.7799197e-02 0.0000000e+00
 endloop
endfacet
facet normal 0.000000e+00 0.000000e+00 -1.000000e+00
 outer loop
  vertex -7.2684366e-03 1.5367818e-02 0.0000000e+00
  vertex -3.5354755e-02 6.6144095e-02 0.0000000e+00
  vertex -3.2066632e-02 6.7799197e-02 0.0000000e+00
 endloop
endfacet
facet normal -0.000000e+00 0.000000e+00 -1.000000e+00
 outer loop
  vertex -7.2684366e-03 1.5367818e-02 0.0000000e+00
  vertex -8.0137445e-03 1.4992661e-02 0.0000000e+00
  vertex -3.5354755e-02 6.6144095e-02 0.0000000e+00
 endloop
endfacet
facet normal 0.000000e+00 0.000000e+00 -1.000000e+00
 outer loop
  vertex -8.0137445e-03 1.4992661e-02 0.0000000e+00
  vertex -3.8557706e-02 6.4329646e-02 0.0000000e+00
  vertex -3.5354755e-02 6.6144095e-02 0.0000000e+00
 endloop
endfacet
facet normal -0.000000e+00 0.000000e+00 -1.000000e+00
 outer loop
  vertex -8.0137445e-03 1.4992661e-02 0.0000000e+00
  vertex -8.7397467e-03 1.4581386e-02 0.0000000e+00
  vertex -3.8557706e-02 6.4329646e-02 0.0000000e+00
 endloop
endfacet
facet normal 0.000000e+00 0.000000e+00 -1.000000e+00
 outer loop
  vertex -8.7397467e-03 1.4581386e-02 0.0000000e+00
  vertex -4.1667767e-02 6.2360221e-02 0.0000000e+00
  vertex -3.8557706e-02 6.4329646e-02 0.0000000e+00
 endloop
endfacet
facet normal -0.000000e+00 0.000000e+00 -1.000000e+00
 outer loop
  vertex -8.7397467e-03 1.4581386e-02 0.0000000e+00
  vertex -9.4446940e-03 1.4134983e-02 0.0000000e+00
  vertex -4.1667767e-02 6.2360221e-02 0.0000000e+00
 endloop
endfacet
facet normal 0.000000e+00 0.000000e+00 -1.000000e+00
 outer loop
  vertex -9.4446940e-03 1.4134983e-02 0.0000000e+00
  vertex -4.4677448e-02 6.0240565e-02 0.0000000e+00
  vertex -4.1667767e-02 6.2360221e-02 0.0000000e+00
 endloop
endfacet
facet normal -0.000000e+00 0.000000e+00 -1.000000e+00
 outer loop
  vertex -9.4446940e-03 1.4134983e-02 0.0000000e+00
  vertex -1.0126888e-02 1.3654528e-02 0.0000000e+00
  vertex -4.4677448e-02 6.0240565e-02 0.0000000e+00
 endloop
endfacet
facet normal 0.000000e+00 0.000000e+00 -1.000000e+00
 outer loop
  vertex -1.0126888e-02 1.3654528e-02 0.0000000e+00
  vertex -4.7579496e-02 5.7975784e-02 0.0000000e+00
  vertex -4.4677448e-02 6.0240565e-02 0.0000000e+00
 endloop
endfacet
facet normal -0.000000e+00 0.000000e+00 -1.000000e+00
 outer loop
  vertex -1.0126888e-02 1.3654528e-02 0.0000000e+00
  vertex -1.0784686e-02 1.3141178e-02 0.0000000e+00
  vertex -4.7579496e-02 5.7975784e-02 0.0000000e+00
 endloop
endfacet
facet normal 0.000000e+00 0.000000e+00 -1.000000e+00
 outer loop
  vertex -1.0784686e-02 1.3141178e-02 0.0000000e+00
  vertex -5.0366922e-02 5.5571334e-02 0.0000000e+00
  vertex -4.7579496e-02 5.7975784e-02 0.0000000e+00
 endloop
endfacet
facet normal -0.000000e+00 0.000000e+00 -1.000000e+00
 outer loop
  vertex -1.0784686e-02 1.3141178e-02 0.0000000e+00
  vertex -1.1416502e-02 1.2596169e-02 0.0000000e+00
  vertex -5.0366922e-02 5.5571334e-02 0.0000000e+00
 endloop
endfacet
facet normal 0.000000e+00 0.000000e+00 -1.000000e+00
 outer loop
  vertex -1.1416502e-02 1.2596169e-02 0.0000000e+00
  vertex -5.3033009e-02 5.3033009e-02 0.0000000e+00
  vertex -5.0366922e-02 5.5571334e-02 0.0000000e+00
 endloop
endfacet
facet normal -0.000000e+00 0.000000e+00 -1.000000e+00
 outer loop
  vertex -1.1416502e-02 1.2596169e-02 0.0000000e+00
  vertex -1.2020815e-02 1.2020815e-02 0.0000000e+00
  vertex -5.3033009e-02 5.3033009e-02 0.0000000e+00
 endloop
endfacet
facet normal 0.000000e+00 0.000000e+00 -1.000000e+00
 outer loop
  vertex -1.2020815e-02 1.2020815e-02 0.0000000e+00
  vertex -5.5571334e-02 5.0366922e-02 0.0000000e+00
  vertex -5.3033009e-02 5.3033009e-02 0.0000000e+00
 endloop
endfacet
facet normal -0.000000e+00 0.000000e+00 -1.000000e+00
 outer loop
  vertex -1.2020815e-02 1.2020815e-02 0.0000000e+00
  vertex -1.2596169e-02 1.1416502e-02 0.0000000e+00
  vertex -5.5571334e-02 5.0366922e-02 0.0000000e+00
 endloop
endfacet
facet normal 0.000000e+00 0.000000e+00 -1.000000e+00
 outer loop
  vertex -1.2596169e-02 1.1416502e-02 0.0000000e+00
  vertex -5.7975784e-02 4.7579496e-02 0.0000000e+00
  vertex -5.5571334e-02 5.0366922e-02 0.0000000e+00
 endloop
endfacet
facet normal -0.000000e+00 0.000000e+00 -1.000000e+00
 outer loop
  vertex -1.2596169e-02 1.1416502e-02 0.0000000e+00
  vertex -1.3141178e-02 1.0784686e-02 0.0000000e+00
  vertex -5.7975784e-02 4.7579496e-02 0.0000000e+00
 endloop
endfacet
facet normal 0.000000e+00 0.000000e+00 -1.000000e+00
 outer loop
  vertex -1.3141178e-02 1.0784686e-02 0.0000000e+00
  vertex -6.0240565e-02 4.4677448e-02 0.0000000e+00
  vertex -5.7975784e-02 4.7579496e-02 0.0000000e+00
 endloop
endfacet
facet normal -0.000000e+00 0.000000e+00 -1.000000e+00
 outer loop
  vertex -1.3141178e-02 1.0784686e-02 0.0000000e+00
  vertex -1.3654528e-02 1.0126888e-02 0.0000000e+00
  vertex -6.0240565e-02 4.4677448e-02 0.0000000e+00
 endloop
endfacet
facet normal 0.000000e+00 0.000000e+00 -1.000000e+00
 outer loop
  vertex -1.3654528e-02 1.0126888e-02 0.0000000e+00
  vertex -6.2360221e-02 4.1667767e-02 0.0000000e+00
  vertex -6.0240565e-02 4.4677448e-02 0.0000000e+00
 endloop
endfacet
facet normal -0.000000e+00 0.000000e+00 -1.000000e+00
 outer loop
  vertex -1.3654528e-02 1.0126888e-02 0.0000000e+00
  vertex -1.4134983e-02 9.4446940e-03 0.0000000e+00
  vertex -6.2360221e-02 4.1667767e-02 0.0000000e+00
 endloop
endfacet
facet normal 0.000000e+00 0.000000e+00 -1.000000e+00
 outer loop
  vertex -1.4134983e-02 9.4446940e-03 0.0000000e+00
  vertex -6.4329646e-02 3.8557706e-02 0.0000000e+00
  vertex -6.2360221e-02 4.1667767e-02 0.0000000e+00
 endloop
endfacet
facet normal -0.000000e+00 0.000000e+00 -1.000000e+00
 outer loop
  vertex -1.4134983e-02 9.4446940e-03 0.0000000e+00
  vertex -1.4581386e-02 8.7397467e-03 0.0000000e+00
  vertex -6.4329646e-02 3.8557706e-02 0.0000000e+00
 endloop
endfacet
facet normal 0.000000e+00 0.000000e+00 -1.000000e+00
 outer loop
  vertex -1.4581386e-02 8.7397467e-03 0.0000000e+00
  vertex -6.6144095e-02 3.5354755e-02 0.0000000e+00
  vertex -6.4329646e-02 3.8557706e-02 0.0000000e+00
 endloop
endfacet
facet normal -0.000000e+00 0.000000e+00 -1.000000e+00
 outer loop
  vertex -1.4581386e-02 8.7397467e-03 0.0000000e+00
  vertex -1.4992661e-02 8.0137445e-03 0.0000000e+00
  vertex -6.6144095e-02 3.5354755e-02 0.0000000e+00
 endloop
endfacet
facet normal 0.000000e+00 0.000000e+00 -1.000000e+00
 outer loop
  vertex -1.4992661e-02 8.0137445e-03 0.0000000e+00
  vertex -6.7799197e-02 3.2066632e-02 0.0000000e+00
  vertex -6.6144095e-02 3.5354755e-02 0.0000000e+00
 endloop
endfacet
facet normal -0.000000e+00 0.000000e+00 -1.000000e+00
 outer loop
  vertex -1.4992661e-02 8.0137445e-03 0.0000000e+00
  vertex -1.5367818e-02 7.2684366e-03 0.0000000e+00
  vertex -6.7799197e-02 3.2066632e-02 0.0000000e+00
 endloop
endfacet
facet normal 0.000000e+00 0.000000e+00 -1.000000e+00
 outer loop
  vertex -1.5367818e-02 7.2684366e-03 0.0000000e+00
  vertex -6.9290965e-02 2.8701257e-02 0.0000000e+00
  vertex -6.7799197e-02 3.2066632e-02 0.0000000e+00
 endloop
endfacet
facet normal -0.000000e+00 0.000000e+00 -1.000000e+00
 outer loop
  vertex -1.5367818e-02 7.2684366e-03 0.0000000e+00
  vertex -1.5705952e-02 6.5056184e-03 0.0000000e+00
  vertex -6.9290965e-02 2.8701257e-02 0.0000000e+00
 endloop
endfacet
facet normal 0.000000e+00 0.000000e+00 -1.000000e+00
 outer loop
  vertex -1.5705952e-02 6.5056184e-03 0.0000000e+00
  vertex -7.0615805e-02 2.5266739e-02 0.0000000e+00
  vertex -6.9290965e-02 2.8701257e-02 0.0000000e+00
 endloop
endfacet
facet normal -0.000000e+00 0.000000e+00 -1.000000e+00
 outer loop
  vertex -1.5705952e-02 6.5056184e-03 0.0000000e+00
  vertex -1.6006249e-02 5.7271275e-03 0.0000000e+00
  vertex -7.0615805e-02 2.5266739e-02 0.0000000e+00
 endloop
endfacet
facet normal 0.000000e+00 0.000000e+00 -1.000000e+00
 outer loop
  vertex -1.6006249e-02 5.7271275e-03 0.0000000e+00
  vertex -7.1770525e-02 2.1771351e-02 0.0000000e+00
  vertex -7.0615805e-02 2.5266739e-02 0.0000000e+00
 endloop
endfacet
facet normal -0.000000e+00 0.000000e+00 -1.000000e+00
 outer loop
  vertex -1.6006249e-02 5.7271275e-03 0.0000000e+00
  vertex -1.6267986e-02 4.9348395e-03 0.0000000e+00
  vertex -7.1770525e-02 2.1771351e-02 0.0000000e+00
 endloop
endfacet
facet normal 0.000000e+00 0.000000e+00 -1.000000e+00
 outer loop
  vertex -1.6267986e-02 4.9348395e-03 0.0000000e+00
  vertex -7.2752344e-02 1.8223513e-02 0.0000000e+00
  vertex -7.1770525e-02 2.1771351e-02 0.0000000e+00
 endloop
endfacet
facet normal -0.000000e+00 0.000000e+00 -1.000000e+00
 outer loop
  vertex -1.6267986e-02 4.9348395e-03 0.0000000e+00
  vertex -1.6490531e-02 4.1306631e-03 0.0000000e+00
  vertex -7.2752344e-02 1.8223513e-02 0.0000000e+00
 endloop
endfacet
facet normal 0.000000e+00 0.000000e+00 -1.000000e+00
 outer loop
  vertex -1.6490531e-02 4.1306631e-03 0.0000000e+00
  vertex -7.3558896e-02 1.4631774e-02 0.0000000e+00
  vertex -7.2752344e-02 1.8223513e-02 0.0000000e+00
 endloop
endfacet
facet normal -0.000000e+00 0.000000e+00 -1.000000e+00
 outer loop
  vertex -1.6490531e-02 4.1306631e-03 0.0000000e+00
  vertex -1.6673350e-02 3.3165355e-03 0.0000000e+00
  vertex -7.3558896e-02 1.4631774e-02 0.0000000e+00
 endloop
endfacet
facet normal 0.000000e+00 0.000000e+00 -1.000000e+00
 outer loop
  vertex -1.6673350e-02 3.3165355e-03 0.0000000e+00
  vertex -7.4188238e-02 1.1004786e-02 0.0000000e+00
  vertex -7.3558896e-02 1.4631774e-02 0.0000000e+00
 endloop
endfacet
facet normal -0.000000e+00 0.000000e+00 -1.000000e+00
 outer loop
  vertex -1.6673350e-02 3.3165355e-03 0.0000000e+00
  vertex -1.6816001e-02 2.4944181e-03 0.0000000e+00
  vertex -7.4188238e-02 1.1004786e-02 0.0000000e+00
 endloop
endfacet
facet normal 0.000000e+00 0.000000e+00 -1.000000e+00
 outer loop
  vertex -1.6816001e-02 2.4944181e-03 0.0000000e+00
  vertex -7.4638855e-02 7.3512855e-03 0.0000000e+00
  vertex -7.4188238e-02 1.1004786e-02 0.0000000e+00
 endloop
endfacet
facet normal -0.000000e+00 0.000000e+00 -1.000000e+00
 outer loop
  vertex -1.6816001e-02 2.4944181e-03 0.0000000e+00
  vertex -1.6918140e-02 1.6662914e-03 0.0000000e+00
  vertex -7.4638855e-02 7.3512855e-03 0.0000000e+00
 endloop
endfacet
facet normal 0.000000e+00 0.000000e+00 -1.000000e+00
 outer loop
  vertex -1.6918140e-02 1.6662914e-03 0.0000000e+00
  vertex -7.4909659e-02 3.6800756e-03 0.0000000e+00
  vertex -7.4638855e-02 7.3512855e-03 0.0000000e+00
 endloop
endfacet
facet normal -0.000000e+00 0.000000e+00 -1.000000e+00
 outer loop
  vertex -1.6918140e-02 1.6662914e-03 0.0000000e+00
  vertex -1.6979523e-02 8.3415046e-04 0.0000000e+00
  vertex -7.4909659e-02 3.6800756e-03 0.0000000e+00
 endloop
endfacet
facet normal -0.000000e+00 0.000000e+00 -1.000000e+00
 outer loop
  vertex -1.6979523e-02 8.3415046e-04 0.0000000e+00
  vertex -7.5000000e-02 9.1848510e-18 0.0000000e+00
  vertex -7.4909659e-02 3.6800756e-03 0.0000000e+00
 endloop
endfacet
facet normal 0.000000e+00 0.000000e+00 -1.000000e+00
 outer loop
  vertex -1.6979523e-02 8.3415046e-04 0.0000000e+00
  vertex -1.7000000e-02 2.0818996e-18 0.0000000e+00
  vertex -7.5000000e-02 9.1848510e-18 0.0000000e+00
 endloop
endfacet
facet normal -0.000000e+00 0.000000e+00 -1.000000e+00
 outer loop
  vertex -1.7000000e-02 2.0818996e-18 0.0000000e+00
  vertex -7.4909659e-02 -3.6800756e-03 0.0000000e+00
  vertex -7.5000000e-02 9.1848510e-18 0.0000000e+00
 endloop
endfacet
facet normal 0.000000e+00 -0.000000e+00 -1.000000e+00
 outer loop
  vertex -1.7000000e-02 2.0818996e-18 0.0000000e+00
  vertex -1.6979523e-02 -8.3415046e-04 0.0000000e+00
  vertex -7.4909659e-02 -3.6800756e-03 0.0000000e+00
 endloop
endfacet
facet normal 0.000000e+00 0.000000e+00 -1.000000e+00
 outer loop
  vertex -1.6979523e-02 -8.3415046e-04 0.0000000e+00
  vertex -7.4638855e-02 -7.3512855e-03 0.0000000e+00
  vertex -7.4909659e-02 -3.6800756e-03 0.0000000e+00
 endloop
endfacet
facet normal 0.000000e+00 -0.000000e+00 -1.000000e+00
 outer loop
  vertex -1.6979523e-02 -8.3415046e-04 0.0000000e+00
  vertex -1.6918140e-02 -1.6662914e-03 0.0000000e+00
  vertex -7.4638855e-02 -7.3512855e-03 0.0000000e+00
 endloop
endfacet
facet normal 0.000000e+00 0.000000e+00 -1.000000e+00
 outer loop
  vertex -1.6918140e-02 -1.6662914e-03 0.0000000e+00
  vertex -7.4188238e-02 -1.1004786e-02 0.0000000e+00
  vertex -7.4638855e-02 -7.3512855e-03 0.0000000e+00
 endloop
endfacet
facet normal 0.000000e+00 -0.000000e+00 -1.000000e+00
 outer loop
  vertex -1.6918140e-02 -1.6662914e-03 0.0000000e+00
  vertex -1.6816001e-02 -2.4944181e-03 0.0000000e+00
  vertex -7.4188238e-02 -1.1004786e-02 0.0000000e+00
 endloop
endfacet
facet normal 0.000000e+00 0.000000e+00 -1.000000e+00
 outer loop
  vertex -1.6816001e-02 -2.4944181e-03 0.0000000e+00
  vertex -7.3558896e-02 -1.4631774e-02 0.0000000e+00
  vertex -7.4188238e-02 -1.1004786e-02 0.0000000e+00
 endloop
endfacet
facet normal 0.000000e+00 -0.000000e+00 -1.000000e+00
 outer loop
  vertex -1.6816001e-02 -2.4944181e-03 0.0000000e+00
  vertex -1.6673350e-02 -3.3165355e-03 0.0000000e+00
  vertex -7.3558896e-02 -1.4631774e-02 0.0000000e+00
 endloop
endfacet
facet normal 0.000000e+00 0.000000e+00 -1.000000e+00
 outer loop
  vertex -1.6673350e-02 -3.3165355e-03 0.0000000e+00
  vertex -7.2752344e-02 -1.8223513e-02 0.0000000e+00
  vertex -7.3558896e-02 -1.4631774e-02 0.0000000e+00
 endloop
endfacet
facet normal 0.000000e+00 -0.000000e+00 -1.000000e+00
 outer loop
  vertex -1.6673350e-02 -3.3165355e-03 0.0000000e+00
  vertex -1.6490531e-02 -4.1306631e-03 0.0000000e+00
  vertex -7.2752344e-02 -1.8223513e-02 0.0000000e+00
 endloop
endfacet
facet normal 0.000000e+00 0.000000e+00 -1.000000e+00
 outer loop
  vertex -1.6490531e-02 -4.1306631e-03 0.0000000e+00
  vertex -7.1770525e-02 -2.1771351e-02 0.0000000e+00
  vertex -7.2752344e-02 -1.8223513e-02 0.0000000e+00
 endloop
endfacet
facet normal 0.000000e+00 -0.000000e+00 -1.000000e+00
 outer loop
  vertex -1.6490531e-02 -4.1306631e-03 0.0000000e+00
  vertex -1.6267986e-02 -4.9348395e-03 0.0000000e+00
  vertex -7.1770525e-02 -2.1771351e-02 0.0000000e+00
 endloop
endfacet
facet normal 0.000000e+00 0.000000e+00 -1.000000e+00
 outer loop
  vertex -1.6267986e-02 -4.9348395e-03 0.0000000e+00
  vertex -7.0615805e-02 -2.5266739e-02 0.0000000e+00
  vertex -7.1770525e-02 -2.1771351e-02 0.0000000e+00
 endloop
endfacet
facet normal 0.000000e+00 -0.000000e+00 -1.000000e+00
 outer loop
  vertex -1.6267986e-02 -4.9348395e-03 0.0000000e+00
  vertex -1.6006249e-02 -5.7271275e-03 0.0000000e+00
  vertex -7.0615805e-02 -2.5266739e-02 0.0000000e+00
 endloop
endfacet
facet normal 0.000000e+00 0.000000e+00 -1.000000e+00
 outer loop
  vertex -1.6006249e-02 -5.7271275e-03 0.0000000e+00
  vertex -6.9290965e-02 -2.8701257e-02 0.0000000e+00
  vertex -7.0615805e-02 -2.5266739e-02 0.0000000e+00
 endloop
endfacet
facet normal 0.000000e+00 -0.000000e+00 -1.000000e+00
 outer loop
  vertex -1.6006249e-02 -5.7271275e-03 0.0000000e+00
  vertex -1.5705952e-02 -6.5056184e-03 0.0000000e+00
  vertex -6.9290965e-02 -2.8701257e-02 0.0000000e+00
 endloop
endfacet
facet normal 0.000000e+00 0.000000e+00 -1.000000e+00
 outer loop
  vertex -1.5705952e-02 -6.5056184e-03 0.0000000e+00
  vertex -6.7799197e-02 -3.2066632e-02 0.0000000e+00
  vertex -6.9290965e-02 -2.8701257e-02 0.0000000e+00
 endloop
endfacet
facet normal 0.000000e+00 -0.000000e+00 -1.000000e+00
 outer loop
  vertex -1.5705952e-02 -6.5056184e-03 0.0000000e+00
  vertex -1.5367818e-02 -7.2684366e-03 0.0000000e+00
  vertex -6.7799197e-02 -3.2066632e-02 0.0000000e+00
 endloop
endfacet
facet normal 0.000000e+00 0.000000e+00 -1.000000e+00
 outer loop
  vertex -1.5367818e-02 -7.2684366e-03 0.0000000e+00
  vertex -6.6144095e-02 -3.5354755e-02 0.0000000e+00
  vertex -6.7799197e-02 -3.2066632e-02 0.0000000e+00
 endloop
endfacet
facet normal 0.000000e+00 -0.000000e+00 -1.000000e+00
 outer loop
  vertex -1.5367818e-02 -7.2684366e-03 0.0000000e+00
  vertex -1.4992661e-02 -8.0137445e-03 0.0000000e+00
  vertex -6.6144095e-02 -3.5354755e-02 0.0000000e+00
 endloop
endfacet
facet normal 0.000000e+00 0.000000e+00 -1.000000e+00
 outer loop
  vertex -1.4992661e-02 -8.0137445e-03 0.0000000e+00
  vertex -6.4329646e-02 -3.8557706e-02 0.0000000e+00
  vertex -6.6144095e-02 -3.5354755e-02 0.0000000e+00
 endloop
endfacet
facet normal 0.000000e+00 -0.000000e+00 -1.000000e+00
 outer loop
  vertex -1.4992661e-02 -8.0137445e-03 0.0000000e+00
  vertex -1.4581386e-02 -8.7397467e-03 0.0000000e+00
  vertex -6.4329646e-02 -3.8557706e-02 0.0000000e+00
 endloop
endfacet
facet normal 0.000000e+00 0.000000e+00 -1.000000e+00
 outer loop
  vertex -1.4581386e-02 -8.7397467e-03 0.0000000e+00
  vertex -6.2360221e-02 -4.1667767e-02 0.0000000e+00
  vertex -6.4329646e-02 -3.8557706e-02 0.0000000e+00
 endloop
endfacet
facet normal 0.000000e+00 -0.000000e+00 -1.000000e+00
 outer loop
  vertex -1.4581386e-02 -8.7397467e-03 0.0000000e+00
  vertex -1.4134983e-02 -9.4446940e-03 0.0000000e+00
  vertex -6.2360221e-02 -4.1667767e-02 0.0000000e+00
 endloop
endfacet
facet normal 0.000000e+00 0.000000e+00 -1.000000e+00
 outer loop
  vertex -1.4134983e-02 -9.4446940e-03 0.0000000e+00
  vertex -6.0240565e-02 -4.4677448e-02 0.0000000e+00
  vertex -6.2360221e-02 -4.1667767e-02 0.0000000e+00
 endloop
endfacet
facet normal 0.000000e+00 -0.000000e+00 -1.000000e+00
 outer loop
  vertex -1.4134983e-02 -9.4446940e-03 0.0000000e+00
  vertex -1.3654528e-02 -1.0126888e-02 0.0000000e+00
  vertex -6.0240565e-02 -4.4677448e-02 0.0000000e+00
 endloop
endfacet
facet normal 0.000000e+00 0.000000e+00 -1.000000e+00
 outer loop
  vertex -1.3654528e-02 -1.0126888e-02 0.0000000e+00
  vertex -5.7975784e-02 -4.7579496e-02 0.0000000e+00
  vertex -6.0240565e-02 -4.4677448e-02 0.0000000e+00
 endloop
endfacet
facet normal 0.000000e+00 -0.000000e+00 -1.000000e+00
 outer loop
  vertex -1.3654528e-02 -1.0126888e-02 0.0000000e+00
  vertex -1.3141178e-02 -1.0784686e-02 0.0000000e+00
  vertex -5.7975784e-02 -4.7579496e-02 0.0000000e+00
 endloop
endfacet
facet normal 0.000000e+00 0.000000e+00 -1.000000e+00
 outer loop
  vertex -1.3141178e-02 -1.0784686e-02 0.0000000e+00
  vertex -5.5571334e-02 -5.0366922e-02 0.0000000e+00
  vertex -5.7975784e-02 -4.7579496e-02 0.0000000e+00
 endloop
endfacet
facet normal 0.000000e+00 -0.000000e+00 -1.000000e+00
 outer loop
  vertex -1.3141178e-02 -1.0784686e-02 0.0000000e+00
  vertex -1.2596169e-02 -1.1416502e-02 0.0000000e+00
  vertex -5.5571334e-02 -5.0366922e-02 0.0000000e+00
 endloop
endfacet
facet normal 0.000000e+00 0.000000e+00 -1.000000e+00
 outer loop
  vertex -1.2596169e-02 -1.1416502e-02 0.0000000e+00
  vertex -5.3033009e-02 -5.3033009e-02 0.0000000e+00
  vertex -5.5571334e-02 -5.0366922e-02 0.0000000e+00
 endloop
endfacet
facet normal 0.000000e+00 -0.000000e+00 -1.000000e+00
 outer loop
  vertex -1.2596169e-02 -1.1416502e-02 0.0000000e+00
  vertex -1.2020815e-02 -1.2020815e-02 0.0000000e+00
  vertex -5.3033009e-02 -5.3033009e-02 0.0000000e+00
 endloop
endfacet
facet normal 0.000000e+00 0.000000e+00 -1.000000e+00
 outer loop
  vertex -1.2020815e-02 -1.2020815e-02 0.0000000e+00
  vertex -5.0366922e-02 -5.5571334e-02 0.0000000e+00
  vertex -5.3033009e-02 -5.3033009e-02 0.0000000e+00
 endloop
endfacet
facet normal 0.000000e+00 -0.000000e+00 -1.000000e+00
 outer loop
  vertex -1.2020815e-02 -1.2020815e-02 0.0000000e+00
  vertex -1.1416502e-02 -1.2596169e-02 0.0000000e+00
  vertex -5.0366922e-02 -5.5571334e-02 0.0000000e+00
 endloop
endfacet
facet normal 0.000000e+00 0.000000e+00 -1.000000e+00
 outer loop
  vertex -1.1416502e-02 -1.2596169e-02 0.0000000e+00
  vertex -4.7579496e-02 -5.7975784e-02 0.0000000e+00
  vertex -5.0366922e-02 -5.5571334e-02 0.0000000e+00
 endloop
endfacet
facet normal 0.000000e+00 -0.000000e+00 -1.000000e+00
 outer loop
  vertex -1.1416502e-02 -1.2596169e-02 0.0000000e+00
  vertex -1.0784686e-02 -1.3141178e-02 0.0000000e+00
  vertex -4.7579496e-02 -5.7975784e-02 0.0000000e+00
 endloop
endfacet
facet normal 0.000000e+00 0.000000e+00 -1.000000e+00
 outer loop
  vertex -1.0784686e-02 -1.3141178e-02 0.0000000e+00
  vertex -4.4677448e-02 -6.0240565e-02 0.0000000e+00
  vertex -4.7579496e-02 -5.7975784e-02 0.0000000e+00
 endloop
endfacet
facet normal 0.000000e+00 -0.000000e+00 -1.000000e+00
 outer loop
  vertex -1.0784686e-02 -1.3141178e-02 0.0000000e+00
  vertex -1.0126888e-02 -1.3654528e-02 0.0000000e+00
  vertex -4.4677448e-02 -6.0240565e-02 0.0000000e+00
 endloop
endfacet
facet normal 0.000000e+00 0.000000e+00 -1.000000e+00
 outer loop
  vertex -1.0126888e-02 -1.3654528e-02 0.0000000e+00
  vertex -4.1667767e-02 -6.2360221e-02 0.0000000e+00
  vertex -4.4677448e-02 -6.0240565e-02 0.0000000e+00
 endloop
endfacet
facet normal 0.000000e+00 -0.000000e+00 -1.000000e+00
 outer loop
  vertex -1.0126888e-02 -1.3654528e-02 0.0000000e+00
  vertex -9.4446940e-03 -1.4134983e-02 0.0000000e+00
  vertex -4.1667767e-02 -6.2360221e-02 0.0000000e+00
 endloop
endfacet
facet normal 0.000000e+00 0.000000e+00 -1.000000e+00
 outer loop
  vertex -9.4446940e-03 -1.4134983e-02 0.0000000e+00
  vertex -3.8557706e-02 -6.4329646e-02 0.0000000e+00
  vertex -4.1667767e-02 -6.2360221e-02 0.0000000e+00
 endloop
endfacet
facet normal 0.000000e+00 -0.000000e+00 -1.000000e+00
 outer loop
  vertex -9.4446940e-03 -1.4134983e-02 0.0000000e+00
  vertex -8.7397467e-03 -1.4581386e-02 0.0000000e+00
  vertex -3.8557706e-02 -6.4329646e-02 0.0000000e+00
 endloop
endfacet
facet normal 0.000000e+00 0.000000e+00 -1.000000e+00
 outer loop
  vertex -8.7397467e-03 -1.4581386e-02 0.0000000e+00
  vertex -3.5354755e-02 -6.6144095e-02 0.0000000e+00
  vertex -3.8557706e-02 -6.4329646e-02 0.0000000e+00
 endloop
endfacet
facet normal 0.000000e+00 -0.000000e+00 -1.000000e+00
 outer loop
  vertex -8.7397467e-03 -1.4581386e-02 0.0000000e+00
  vertex -8.0137445e-03 -1.4992661e-02 0.0000000e+00
  vertex -3.5354755e-02 -6.6144095e-02 0.0000000e+00
 endloop
endfacet
facet normal 0.000000e+00 0.000000e+00 -1.000000e+00
 outer loop
  vertex -8.0137445e-03 -1.4992661e-02 0.0000000e+00
  vertex -3.2066632e-02 -6.7799197e-02 0.0000000e+00
  vertex -3.5354755e-02 -6.6144095e-02 0.0000000e+00
 endloop
endfacet
facet normal 0.000000e+00 -0.000000e+00 -1.000000e+00
 outer loop
  vertex -8.0137445e-03 -1.4992661e-02 0.0000000e+00
  vertex -7.2684366e-03 -1.5367818e-02 0.0000000e+00
  vertex -3.2066632e-02 -6.7799197e-02 0.0000000e+00
 endloop
endfacet
facet normal 0.000000e+00 0.000000e+00 -1.000000e+00
 outer loop
  vertex -7.2684366e-03 -1.5367818e-02 0.0000000e+00
  vertex -2.8701257e-02 -6.9290965e-02 0.0000000e+00
  vertex -3.2066632e-02 -6.7799197e-02 0.0000000e+00
 endloop
endfacet
facet normal 0.000000e+00 -0.000000e+00 -1.000000e+00
 outer loop
  vertex -7.2684366e-03 -1.5367818e-02 0.0000000e+00
  vertex -6.5056184e-03 -1.5705952e-02 0.0000000e+00
  vertex -2.8701257e-02 -6.9290965e-02 0.0000000e+00
 endloop
endfacet
facet normal 0.000000e+00 0.000000e+00 -1.000000e+00
 outer loop
  vertex -6.5056184e-03 -1.5705952e-02 0.0000000e+00
  vertex -2.5266739e-02 -7.0615805e-02 0.0000000e+00
  vertex -2.8701257e-02 -6.9290965e-02 0.0000000e+00
 endloop
endfacet
facet normal 0.000000e+00 -0.000000e+00 -1.000000e+00
 outer loop
  vertex -6.5056184e-03 -1.5705952e-02 0.0000000e+00
  vertex -5.7271275e-03 -1.6006249e-02 0.0000000e+00
  vertex -2.5266739e-02 -7.0615805e-02 0.0000000e+00
 endloop
endfacet
facet normal 0.000000e+00 0.000000e+00 -1.000000e+00
 outer loop
  vertex -5.7271275e-03 -1.6006249e-02 0.0000000e+00
  vertex -2.1771351e-02 -7.1770525e-02 0.0000000e+00
  vertex -2.5266739e-02 -7.0615805e-02 0.0000000e+00
 endloop
endfacet
facet normal 0.000000e+00 -0.000000e+00 -1.000000e+00
 outer loop
  vertex -5.7271275e-03 -1.6006249e-02 0.0000000e+00
  vertex -4.9348395e-03 -1.6267986e-02 0.0000000e+00
  vertex -2.1771351e-02 -7.1770525e-02 0.0000000e+00
 endloop
endfacet
facet normal 0.000000e+00 0.000000e+00 -1.000000e+00
 outer loop
  vertex -4.9348395e-03 -1.6267986e-02 0.0000000e+00
  vertex -1.8223513e-02 -7.2752344e-02 0.0000000e+00
  vertex -2.1771351e-02 -7.1770525e-02 0.0000000e+00
 endloop
endfacet
facet normal 0.000000e+00 -0.000000e+00 -1.000000e+00
 outer loop
  vertex -4.9348395e-03 -1.6267986e-02 0.0000000e+00
  vertex -4.1306631e-03 -1.6490531e-02 0.0000000e+00
  vertex -1.8223513e-02 -7.2752344e-02 0.0000000e+00
 endloop
endfacet
facet normal 0.000000e+00 0.000000e+00 -1.000000e+00
 outer loop
  vertex -4.1306631e-03 -1.6490531e-02 0.0000000e+00
  vertex -1.4631774e-02 -7.3558896e-02 0.0000000e+00
  vertex -1.8223513e-02 -7.2752344e-02 0.0000000e+00
 endloop
endfacet
facet normal 0.000000e+00 -0.000000e+00 -1.000000e+00
 outer loop
  vertex -4.1306631e-03 -1.6490531e-02 0.0000000e+00
  vertex -3.3165355e-03 -1.6673350e-02 0.0000000e+00
  vertex -1.4631774e-02 -7.3558896e-02 0.0000000e+00
 endloop
endfacet
facet normal 0.000000e+00 0.000000e+00 -1.000000e+00
 outer loop
  vertex -3.3165355e-03 -1.6673350e-02 0.0000000e+00
  vertex -1.1004786e-02 -7.4188238e-02 0.0000000e+00
  vertex -1.4631774e-02 -7.3558896e-02 0.0000000e+00
 endloop
endfacet
facet normal 0.000000e+00 -0.000000e+00 -1.000000e+00
 outer loop
  vertex -3.3165355e-03 -1.6673350e-02 0.0000000e+00
  vertex -2.4944181e-03 -1.6816001e-02 0.0000000e+00
  vertex -1.1004786e-02 -7.4188238e-02 0.0000000e+00
 endloop
endfacet
facet normal 0.000000e+00 0.000000e+00 -1.000000e+00
 outer loop
  vertex -2.4944181e-03 -1.6816001e-02 0.0000000e+00
  vertex -7.3512855e-03 -7.4638855e-02 0.0000000e+00
  vertex -1.1004786e-02 -7.4188238e-02 0.0000000e+00
 endloop
endfacet
facet normal 0.000000e+00 -0.000000e+00 -1.000000e+00
 outer loop
  vertex -2.4944181e-03 -1.6816001e-02 0.0000000e+00
  vertex -1.6662914e-03 -1.6918140e-02 0.0000000e+00
  vertex -7.3512855e-03 -7.4638855e-02 0.0000000e+00
 endloop
endfacet
facet normal 0.000000e+00 0.000000e+00 -1.000000e+00
 outer loop
  vertex -1.6662914e-03 -1.6918140e-02 0.0000000e+00
  vertex -3.6800756e-03 -7.4909659e-02 0.0000000e+00
  vertex -7.3512855e-03 -7.4638855e-02 0.0000000e+00
 endloop
endfacet
facet normal 0.000000e+00 -0.000000e+00 -1.000000e+00
 outer loop
  vertex -1.6662914e-03 -1.6918140e-02 0.0000000e+00
  vertex -8.3415046e-04 -1.6979523e-02 0.0000000e+00
  vertex -3.6800756e-03 -7.4909659e-02 0.0000000e+00
 endloop
endfacet
facet normal 0.000000e+00 -0.000000e+00 -1.000000e+00
 outer loop
  vertex -8.3415046e-04 -1.6979523e-02 0.0000000e+00
  vertex -1.3777276e-17 -7.5000000e-02 0.0000000e+00
  vertex -3.6800756e-03 -7.4909659e-02 0.0000000e+00
 endloop
endfacet
facet normal 0.000000e+00 0.000000e+00 -1.000000e+00
 outer loop
  vertex -8.3415046e-04 -1.6979523e-02 0.0000000e+00
  vertex -3.1228493e-18 -1.7000000e-02 0.0000000e+00
  vertex -1.3777276e-17 -7.5000000e-02 0.0000000e+00
 endloop
endfacet
facet normal 0.000000e+00 -0.000000e+00 -1.000000e+00
 outer loop
  vertex -3.1228493e-18 -1.7000000e-02 0.0000000e+00
  vertex 3.6800756e-03 -7.4909659e-02 0.0000000e+00
  vertex -1.3777276e-17 -7.5000000e-02 0.0000000e+00
 endloop
endfacet
facet normal 0.000000e+00 0.000000e+00 -1.000000e+00
 outer loop
  vertex -3.1228493e-18 -1.7000000e-02 0.0000000e+00
  vertex 8.3415046e-04 -1.6979523e-02 0.0000000e+00
  vertex 3.6800756e-03 -7.4909659e-02 0.0000000e+00
 endloop
endfacet
facet normal 0.000000e+00 0.000000e+00 -1.000000e+00
 outer loop
  vertex 8.3415046e-04 -1.6979523e-02 0.0000000e+00
  vertex 7.3512855e-03 -7.4638855e-02 0.0000000e+00
  vertex 3.6800756e-03 -7.4909659e-02 0.0000000e+00
 endloop
endfacet
facet normal 0.000000e+00 0.000000e+00 -1.000000e+00
 outer loop
  vertex 8.3415046e-04 -1.6979523e-02 0.0000000e+00
  vertex 1.6662914e-03 -1.6918140e-02 0.0000000e+00
  vertex 7.3512855e-03 -7.4638855e-02 0.0000000e+00
 endloop
endfacet
facet normal 0.000000e+00 0.000000e+00 -1.000000e+00
 outer loop
  vertex 1.6662914e-03 -1.6918140e-02 0.0000000e+00
  vertex 1.1004786e-02 -7.4188238e-02 0.0000000e+00
  vertex 7.3512855e-03 -7.4638855e-02 0.0000000e+00
 endloop
endfacet
facet normal 0.000000e+00 0.000000e+00 -1.000000e+00
 outer loop
  vertex 1.6662914e-03 -1.6918140e-02 0.0000000e+00
  vertex 2.4944181e-03 -1.6816001e-02 0.0000000e+00
  vertex 1.1004786e-02 -7.4188238e-02 0.0000000e+00
 endloop
endfacet
facet normal 0.000000e+00 0.000000e+00 -1.000000e+00
 outer loop
  vertex 2.4944181e-03 -1.6816001e-02 0.0000000e+00
  vertex 1.4631774e-02 -7.3558896e-02 0.0000000e+00
  vertex 1.1004786e-02 -7.4188238e-02 0.0000000e+00
 endloop
endfacet
facet normal 0.000000e+00 0.000000e+00 -1.000000e+00
 outer loop
  vertex 2.4944181e-03 -1.6816001e-02 0.0000000e+00
  vertex 3.3165355e-03 -1.6673350e-02 0.0000000e+00
  vertex 1.4631774e-02 -7.3558896e-02 0.0000000e+00
 endloop
endfacet
facet normal 0.000000e+00 0.000000e+00 -1.000000e+00
 outer loop
  vertex 3.3165355e-03 -1.6673350e-02 0.0000000e+00
  vertex 1.8223513e-02 -7.2752344e-02 0.0000000e+00
  vertex 1.4631774e-02 -7.3558896e-02 0.0000000e+00
 endloop
endfacet
facet normal 0.000000e+00 0.000000e+00 -1.000000e+00
 outer loop
  vertex 3.3165355e-03 -1.6673350e-02 0.0000000e+00
  vertex 4.1306631e-03 -1.6490531e-02 0.0000000e+00
  vertex 1.8223513e-02 -7.2752344e-02 0.0000000e+00
 endloop
endfacet
facet normal 0.000000e+00 0.000000e+00 -1.000000e+00
 outer loop
  vertex 4.1306631e-03 -1.6490531e-02 0.0000000e+00
  vertex 2.1771351e-02 -7.1770525e-02 0.0000000e+00
  vertex 1.8223513e-02 -7.2752344e-02 0.0000000e+00
 endloop
endfacet
facet normal 0.000000e+00 0.000000e+00 -1.000000e+00
 outer loop
  vertex 4.1306631e-03 -1.6490531e-02 0.0000000e+00
  vertex 4.9348395e-03 -1.6267986e-02 0.0000000e+00
  vertex 2.1771351e-02 -7.1770525e-02 0.0000000e+00
 endloop
endfacet
facet normal 0.000000e+00 0.000000e+00 -1.000000e+00
 outer loop
  vertex 4.9348395e-03 -1.6267986e-02 0.0000000e+00
  vertex 2.5266739e-02 -7.0615805e-02 0.0000000e+00
  vertex 2.1771351e-02 -7.1770525e-02 0.0000000e+00
 endloop
endfacet
facet normal 0.000000e+00 0.000000e+00 -1.000000e+00
 outer loop
  vertex 4.9348395e-03 -1.6267986e-02 0.0000000e+00
  vertex 5.7271275e-03 -1.6006249e-02 0.0000000e+00
  vertex 2.5266739e-02 -7.0615805e-02 0.0000000e+00
 endloop
endfacet
facet normal 0.000000e+00 0.000000e+00 -1.000000e+00
 outer loop
  vertex 5.7271275e-03 -1.6006249e-02 0.0000000e+00
  vertex 2.8701257e-02 -6.9290965e-02 0.0000000e+00
  vertex 2.5266739e-02 -7.0615805e-02 0.0000000e+00
 endloop
endfacet
facet normal 0.000000e+00 0.000000e+00 -1.000000e+00
 outer loop
  vertex 5.7271275e-03 -1.6006249e-02 0.0000000e+00
  vertex 6.5056184e-03 -1.5705952e-02 0.0000000e+00
  vertex 2.8701257e-02 -6.9290965e-02 0.0000000e+00
 endloop
endfacet
facet normal 0.000000e+00 0.000000e+00 -1.000000e+00
 outer loop
  vertex 6.5056184e-03 -1.5705952e-02 0.0000000e+00
  vertex 3.2066632e-02 -6.7799197e-02 0.0000000e+00
  vertex 2.8701257e-02 -6.9290965e-02 0.0000000e+00
 endloop
endfacet
facet normal 0.000000e+00 0.000000e+00 -1.000000e+00
 outer loop
  vertex 6.5056184e-03 -1.5705952e-02 0.0000000e+00
  vertex 7.2684366e-03 -1.5367818e-02 0.0000000e+00
  vertex 3.2066632e-02 -6.7799197e-02 0.0000000e+00
 endloop
endfacet
facet normal 0.000000e+00 0.000000e+00 -1.000000e+00
 outer loop
  vertex 7.2684366e-03 -1.5367818e-02 0.0000000e+00
  vertex 3.5354755e-02 -6.6144095e-02 0.0000000e+00
  vertex 3.2066632e-02 -6.7799197e-02 0.0000000e+00
 endloop
endfacet
facet normal 0.000000e+00 0.000000e+00 -1.000000e+00
 outer loop
  vertex 7.2684366e-03 -1.5367818e-02 0.0000000e+00
  vertex 8.0137445e-03 -1.4992661e-02 0.0000000e+00
  vertex 3.5354755e-02 -6.6144095e-02 0.0000000e+00
 endloop
endfacet
facet normal 0.000000e+00 0.000000e+00 -1.000000e+00
 outer loop
  vertex 8.0137445e-03 -1.4992661e-02 0.0000000e+00
  vertex 3.8557706e-02 -6.4329646e-02 0.0000000e+00
  vertex 3.5354755e-02 -6.6144095e-02 0.0000000e+00
 endloop
endfacet
facet normal 0.000000e+00 0.000000e+00 -1.000000e+00
 outer loop
  vertex 8.0137445e-03 -1.4992661e-02 0.0000000e+00
  vertex 8.7397467e-03 -1.4581386e-02 0.0000000e+00
  vertex 3.8557706e-02 -6.4329646e-02 0.0000000e+00
 endloop
endfacet
facet normal 0.000000e+00 0.000000e+00 -1.000000e+00
 outer loop
  vertex 8.7397467e-03 -1.4581386e-02 0.0000000e+00
  vertex 4.1667767e-02 -6.2360221e-02 0.0000000e+00
  vertex 3.8557706e-02 -6.4329646e-02 0.0000000e+00
 endloop
endfacet
facet normal 0.000000e+00 0.000000e+00 -1.000000e+00
 outer loop
  vertex 8.7397467e-03 -1.4581386e-02 0.0000000e+00
  vertex 9.4446940e-03 -1.4134983e-02 0.0000000e+00
  vertex 4.1667767e-02 -6.2360221e-02 0.0000000e+00
 endloop
endfacet
facet normal 0.000000e+00 0.000000e+00 -1.000000e+00
 outer loop
  vertex 9.4446940e-03 -1.4134983e-02 0.0000000e+00
  vertex 4.4677448e-02 -6.0240565e-02 0.0000000e+00
  vertex 4.1667767e-02 -6.2360221e-02 0.0000000e+00
 endloop
endfacet
facet normal 0.000000e+00 0.000000e+00 -1.000000e+00
 outer loop
  vertex 9.4446940e-03 -1.4134983e-02 0.0000000e+00
  vertex 1.0126888e-02 -1.3654528e-02 0.0000000e+00
  vertex 4.4677448e-02 -6.0240565e-02 0.0000000e+00
 endloop
endfacet
facet normal 0.000000e+00 0.000000e+00 -1.000000e+00
 outer loop
  vertex 1.0126888e-02 -1.3654528e-02 0.0000000e+00
  vertex 4.7579496e-02 -5.7975784e-02 0.0000000e+00
  vertex 4.4677448e-02 -6.0240565e-02 0.0000000e+00
 endloop
endfacet
facet normal 0.000000e+00 0.000000e+00 -1.000000e+00
 outer loop
  vertex 1.0126888e-02 -1.3654528e-02 0.0000000e+00
  vertex 1.0784686e-02 -1.3141178e-02 0.0000000e+00
  vertex 4.7579496e-02 -5.7975784e-02 0.0000000e+00
 endloop
endfacet
facet normal 0.000000e+00 0.000000e+00 -1.000000e+00
 outer loop
  vertex 1.0784686e-02 -1.3141178e-02 0.0000000e+00
  vertex 5.0366922e-02 -5.5571334e-02 0.0000000e+00
  vertex 4.7579496e-02 -5.7975784e-02 0.0000000e+00
 endloop
endfacet
facet normal 0.000000e+00 0.000000e+00 -1.000000e+00
 outer loop
  vertex 1.0784686e-02 -1.3141178e-02 0.0000000e+00
  vertex 1.1416502e-02 -1.2596169e-02 0.0000000e+00
  vertex 5.0366922e-02 -5.5571334e-02 0.0000000e+00
 endloop
endfacet
facet normal 0.000000e+00 0.000000e+00 -1.000000e+00
 outer loop
  vertex 1.1416502e-02 -1.2596169e-02 0.0000000e+00
  vertex 5.3033009e-02 -5.3033009e-02 0.0000000e+00
  vertex 5.0366922e-02 -5.5571334e-02 0.0000000e+00
 endloop
endfacet
facet normal 0.000000e+00 0.000000e+00 -1.000000e+00
 outer loop
  vertex 1.1416502e-02 -1.2596169e-02 0.0000000e+00
  vertex 1.2020815e-02 -1.2020815e-02 0.0000000e+00
  vertex 5.3033009e-02 -5.3033009e-02 0.0000000e+00
 endloop
endfacet
facet normal 0.000000e+00 0.000000e+00 -1.000000e+00
 outer loop
  vertex 1.2020815e-02 -1.2020815e-02 0.0000000e+00
  vertex 5.5571334e-02 -5.0366922e-02 0.0000000e+00
  vertex 5.3033009e-02 -5.3033009e-02 0.0000000e+00
 endloop
endfacet
facet normal 0.000000e+00 0.000000e+00 -1.000000e+00
 outer loop
  vertex 1.2020815e-02 -1.2020815e-02 0.0000000e+00
  vertex 1.2596169e-02 -1.1416502e-02 0.0000000e+00
  vertex 5.5571334e-02 -5.0366922e-02 0.0000000e+00
 endloop
endfacet
facet normal 0.000000e+00 0.000000e+00 -1.000000e+00
 outer loop
  vertex 1.2596169e-02 -1.1416502e-02 0.0000000e+00
  vertex 5.7975784e-02 -4.7579496e-02 0.0000000e+00
  vertex 5.5571334e-02 -5.0366922e-02 0.0000000e+00
 endloop
endfacet
facet normal 0.000000e+00 0.000000e+00 -1.000000e+00
 outer loop
  vertex 1.2596169e-02 -1.1416502e-02 0.0000000e+00
  vertex 1.3141178e-02 -1.0784686e-02 0.0000000e+00
  vertex 5.7975784e-02 -4.7579496e-02 0.0000000e+00
 endloop
endfacet
facet normal 0.000000e+00 0.000000e+00 -1.000000e+00
 outer loop
  vertex 1.3141178e-02 -1.0784686e-02 0.0000000e+00
  vertex 6.0240565e-02 -4.4677448e-02 0.0000000e+00
  vertex 5.7975784e-02 -4.7579496e-02 0.0000000e+00
 endloop
endfacet
facet normal 0.000000e+00 0.000000e+00 -1.000000e+00
 outer loop
  vertex 1.3141178e-02 -1.0784686e-02 0.0000000e+00
  vertex 1.3654528e-02 -1.0126888e-02 0.0000000e+00
  vertex 6.0240565e-02 -4.4677448e-02 0.0000000e+00
 endloop
endfacet
facet normal 0.000000e+00 0.000000e+00 -1.000000e+00
 outer loop
  vertex 1.3654528e-02 -1.0126888e-02 0.0000000e+00
  vertex 6.2360221e-02 -4.1667767e-02 0.0000000e+00
  vertex 6.0240565e-02 -4.4677448e-02 0.0000000e+00
 endloop
endfacet
facet normal 0.000000e+00 0.000000e+00 -1.000000e+00
 outer loop
  vertex 1.3654528e-02 -1.0126888e-02 0.0000000e+00
  vertex 1.4134983e-02 -9.4446940e-03 0.0000000e+00
  vertex 6.2360221e-02 -4.1667767e-02 0.0000000e+00
 endloop
endfacet
facet normal 0.000000e+00 0.000000e+00 -1.000000e+00
 outer loop
  vertex 1.4134983e-02 -9.4446940e-03 0.0000000e+00
  vertex 6.4329646e-02 -3.8557706e-02 0.0000000e+00
  vertex 6.2360221e-02 -4.1667767e-02 0.0000000e+00
 endloop
endfacet
facet normal 0.000000e+00 0.000000e+00 -1.000000e+00
 outer loop
  vertex 1.4134983e-02 -9.4446940e-03 0.0000000e+00
  vertex 1.4581386e-02 -8.7397467e-03 0.0000000e+00
  vertex 6.4329646e-02 -3.8557706e-02 0.0000000e+00
 endloop
endfacet
facet normal 0.000000e+00 0.000000e+00 -1.000000e+00
 outer loop
  vertex 1.4581386e-02 -8.7397467e-03 0.0000000e+00
  vertex 6.6144095e-02 -3.5354755e-02 0.0000000e+00
  vertex 6.4329646e-02 -3.8557706e-02 0.0000000e+00
 endloop
endfacet
facet normal 0.000000e+00 0.000000e+00 -1.000000e+00
 outer loop
  vertex 1.4581386e-02 -8.7397467e-03 0.0000000e+00
  vertex 1.4992661e-02 -8.0137445e-03 0.0000000e+00
  vertex 6.6144095e-02 -3.5354755e-02 0.0000000e+00
 endloop
endfacet
facet normal 0.000000e+00 0.000000e+00 -1.000000e+00
 outer loop
  vertex 1.4992661e-02 -8.0137445e-03 0.0000000e+00
  vertex 6.7799197e-02 -3.2066632e-02 0.0000000e+00
  vertex 6.6144095e-02 -3.5354755e-02 0.0000000e+00
 endloop
endfacet
facet normal 0.000000e+00 0.000000e+00 -1.000000e+00
 outer loop
  vertex 1.4992661e-02 -8.0137445e-03 0.0000000e+00
  vertex 1.5367818e-02 -7.2684366e-03 0.0000000e+00
  vertex 6.7799197e-02 -3.2066632e-02 0.0000000e+00
 endloop
endfacet
facet normal 0.000000e+00 0.000000e+00 -1.000000e+00
 outer loop
  vertex 1.5367818e-02 -7.2684366e-03 0.0000000e+00
  vertex 6.9290965e-02 -2.8701257e-02 0.0000000e+00
  vertex 6.7799197e-02 -3.2066632e-02 0.0000000e+00
 endloop
endfacet
facet normal 0.000000e+00 0.000000e+00 -1.000000e+00
 outer loop
  vertex 1.5367818e-02 -7.2684366e-03 0.0000000e+00
  vertex 1.5705952e-02 -6.5056184e-03 0.0000000e+00
  vertex 6.9290965e-02 -2.8701257e-02 0.0000000e+00
 endloop
endfacet
facet normal 0.000000e+00 0.000000e+00 -1.000000e+00
 outer loop
  vertex 1.5705952e-02 -6.5056184e-03 0.0000000e+00
  vertex 7.0615805e-02 -2.5266739e-02 0.0000000e+00
  vertex 6.9290965e-02 -2.8701257e-02 0.0000000e+00
 endloop
endfacet
facet normal 0.000000e+00 0.000000e+00 -1.000000e+00
 outer loop
  vertex 1.5705952e-02 -6.5056184e-03 0.0000000e+00
  vertex 1.6006249e-02 -5.7271275e-03 0.0000000e+00
  vertex 7.0615805e-02 -2.5266739e-02 0.0000000e+00
 endloop
endfacet
facet normal 0.000000e+00 0.000000e+00 -1.000000e+00
 outer loop
  vertex 1.6006249e-02 -5.7271275e-03 0.0000000e+00
  vertex 7.1770525e-02 -2.1771351e-02 0.0000000e+00
  vertex 7.0615805e-02 -2.5266739e-02 0.0000000e+00
 endloop
endfacet
facet normal 0.000000e+00 0.000000e+00 -1.000000e+00
 outer loop
  vertex 1.6006249e-02 -5.7271275e-03 0.0000000e+00
  vertex 1.6267986e-02 -4.9348395e-03 0.0000000e+00
  vertex 7.1770525e-02 -2.1771351e-02 0.0000000e+00
 endloop
endfacet
facet normal 0.000000e+00 0.000000e+00 -1.000000e+00
 outer loop
  vertex 1.6267986e-02 -4.9348395e-03 0.0000000e+00
  vertex 7.2752344e-02 -1.8223513e-02 0.0000000e+00
  vertex 7.1770525e-02 -2.1771351e-02 0.0000000e+00
 endloop
endfacet
facet normal 0.000000e+00 0.000000e+00 -1.000000e+00
 outer loop
  vertex 1.6267986e-02 -4.9348395e-03 0.0000000e+00
  vertex 1.6490531e-02 -4.1306631e-03 0.0000000e+00
  vertex 7.2752344e-02 -1.8223513e-02 0.0000000e+00
 endloop
endfacet
facet normal 0.000000e+00 0.000000e+00 -1.000000e+00
 outer loop
  vertex 1.6490531e-02 -4.1306631e-03 0.0000000e+00
  vertex 7.3558896e-02 -1.4631774e-02 0.0000000e+00
  vertex 7.2752344e-02 -1.8223513e-02 0.0000000e+00
 endloop
endfacet
facet normal 0.000000e+00 0.000000e+00 -1.000000e+00
 outer loop
  vertex 1.6490531e-02 -4.1306631e-03 0.0000000e+00
  vertex 1.6673350e-02 -3.3165355e-03 0.0000000e+00
  vertex 7.3558896e-02 -1.4631774e-02 0.0000000e+00
 endloop
endfacet
facet normal 0.000000e+00 0.000000e+00 -1.000000e+00
 outer loop
  vertex 1.6673350e-02 -3.3165355e-03 0.0000000e+00
  vertex 7.4188238e-02 -1.1004786e-02 0.0000000e+00
  vertex 7.3558896e-02 -1.4631774e-02 0.0000000e+00
 endloop
endfacet
facet normal 0.000000e+00 0.000000e+00 -1.000000e+00
 outer loop
  vertex 1.6673350e-02 -3.3165355e-03 0.0000000e+00
  vertex 1.6816001e-02 -2.4944181e-03 0.0000000e+00
  vertex 7.4188238e-02 -1.1004786e-02 0.0000000e+00
 endloop
endfacet
facet normal 0.000000e+00 0.000000e+00 -1.000000e+00
 outer loop
  vertex 1.6816001e-02 -2.4944181e-03 0.0000000e+00
  vertex 7.4638855e-02 -7.3512855e-03 0.0000000e+00
  vertex 7.4188238e-02 -1.1004786e-02 0.0000000e+00
 endloop
endfacet
facet normal 0.000000e+00 0.000000e+00 -1.000000e+00
 outer loop
  vertex 1.6816001e-02 -2.4944181e-03 0.0000000e+00
  vertex 1.6918140e-02 -1.6662914e-03 0.0000000e+00
  vertex 7.4638855e-02 -7.3512855e-03 0.0000000e+00
 endloop
endfacet
facet normal 0.000000e+00 0.000000e+00 -1.000000e+00
 outer loop
  vertex 1.6918140e-02 -1.6662914e-03 0.0000000e+00
  vertex 7.4909659e-02 -3.6800756e-03 0.0000000e+00
  vertex 7.4638855e-02 -7.3512855e-03 0.0000000e+00
 endloop
endfacet
facet normal 0.000000e+00 0.000000e+00 -1.000000e+00
 outer loop
  vertex 1.6918140e-02 -1.6662914e-03 0.0000000e+00
  vertex 1.6979523e-02 -8.3415046e-04 0.0000000e+00
  vertex 7.4909659e-02 -3.6800756e-03 0.0000000e+00
 endloop
endfacet
facet normal 0.000000e+00 0.000000e+00 -1.000000e+00
 outer loop
  vertex 1.6979523e-02 -8.3415046e-04 0.0000000e+00
  vertex 7.5000000e-02 0.0000000e+00 0.0000000e+00
  vertex 7.4909659e-02 -3.6800756e-03 0.0000000e+00
 endloop
endfacet
facet normal 0.000000e+00 0.000000e+00 -1.000000e+00
 outer loop
  vertex 1.6979523e-02 -8.3415046e-04 0.0000000e+00
  vertex 1.7000000e-02 0.0000000e+00 0.0000000e+00
  vertex 7.5000000e-02 0.0000000e+00 0.0000000e+00
 endloop
endfacet
facet normal 9.996988e-01 2.454123e-02 -0.000000e+00
 outer loop
  vertex 7.5000000e-02 0.0000000e+00 0.0000000e+00
  vertex 7.4909659e-02 3.6800756e-03 5.0000000e-03
  vertex 7.5000000e-02 0.0000000e+00 5.0000000e-03
 endloop
endfacet
facet normal 9.996988e-01 2.454123e-02 0.000000e+00
 outer loop
  vertex 7.5000000e-02 0.0000000e+00 0.0000000e+00
  vertex 7.4909659e-02 3.6800756e-03 0.0000000e+00
  vertex 7.4909659e-02 3.6800756e-03 5.0000000e-03
 endloop
endfacet
facet normal 9.972905e-01 7.356456e-02 -0.000000e+00
 outer loop
  vertex 7.4909659e-02 3.6800756e-03 0.0000000e+00
  vertex 7.4638855e-02 7.3512855e-03 5.0000000e-03
  vertex 7.4909659e-02 3.6800756e-03 5.0000000e-03
 endloop
endfacet
facet normal 9.972905e-01 7.356456e-02 0.000000e+00
 outer loop
  vertex 7.4909659e-02 3.6800756e-03 0.0000000e+00
  vertex 7.4638855e-02 7.3512855e-03 0.0000000e+00
  vertex 7.4638855e-02 7.3512855e-03 5.0000000e-03
 endloop
endfacet
facet normal 9.924795e-01 1.224107e-01 -0.000000e+00
 outer loop
  vertex 7.4638855e-02 7.3512855e-03 0.0000000e+00
  vertex 7.4188238e-02 1.1004786e-02 5.0000000e-03
  vertex 7.4638855e-02 7.3512855e-03 5.0000000e-03
 endloop
endfacet
facet normal 9.924795e-01 1.224107e-01 0.000000e+00
 outer loop
  vertex 7.4638855e-02 7.3512855e-03 0.0000000e+00
  vertex 7.4188238e-02 1.1004786e-02 0.0000000e+00
  vertex 7.4188238e-02 1.1004786e-02 5.0000000e-03
 endloop
endfacet
facet normal 9.852776e-01 1.709619e-01 -0.000000e+00
 outer loop
  vertex 7.4188238e-02 1.1004786e-02 0.0000000e+00
  vertex 7.3558896e-02 1.4631774e-02 5.0000000e-03
  vertex 7.4188238e-02 1.1004786e-02 5.0000000e-03
 endloop
endfacet
facet normal 9.852776e-01 1.709619e-01 0.000000e+00
 outer loop
  vertex 7.4188238e-02 1.1004786e-02 0.0000000e+00
  vertex 7.3558896e-02 1.4631774e-02 0.0000000e+00
  vertex 7.3558896e-02 1.4631774e-02 5.0000000e-03
 endloop
endfacet
facet normal 9.757021e-01 2.191012e-01 -0.000000e+00
 outer loop
  vertex 7.3558896e-02 1.4631774e-02 0.0000000e+00
  vertex 7.2752344e-02 1.8223513e-02 5.0000000e-03
  vertex 7.3558896e-02 1.4631774e-02 5.0000000e-03
 endloop
endfacet
facet normal 9.757021e-01 2.191012e-01 0.000000e+00
 outer loop
  vertex 7.3558896e-02 1.4631774e-02 0.0000000e+00
  vertex 7.2752344e-02 1.8223513e-02 0.0000000e+00
  vertex 7.2752344e-02 1.8223513e-02 5.0000000e-03
 endloop
endfacet
facet normal 9.637761e-01 2.667128e-01 -0.000000e+00
 outer loop
  vertex 7.2752344e-02 1.8223513e-02 0.0000000e+00
  vertex 7.1770525e-02 2.1771351e-02 5.0000000e-03
  vertex 7.2752344e-02 1.8223513e-02 5.0000000e-03
 endloop
endfacet
facet normal 9.637761e-01 2.667128e-01 0.000000e+00
 outer loop
  vertex 7.2752344e-02 1.8223513e-02 0.0000000e+00
  vertex 7.1770525e-02 2.1771351e-02 0.0000000e+00
  vertex 7.1770525e-02 2.1771351e-02 5.0000000e-03
 endloop
endfacet
facet normal 9.495282e-01 3.136817e-01 -0.000000e+00
 outer loop
  vertex 7.1770525e-02 2.1771351e-02 0.0000000e+00
  vertex 7.0615805e-02 2.5266739e-02 5.0000000e-03
  vertex 7.1770525e-02 2.1771351e-02 5.0000000e-03
 endloop
endfacet
facet normal 9.495282e-01 3.136817e-01 0.000000e+00
 outer loop
  vertex 7.1770525e-02 2.1771351e-02 0.0000000e+00
  vertex 7.0615805e-02 2.5266739e-02 0.0000000e+00
  vertex 7.0615805e-02 2.5266739e-02 5.0000000e-03
 endloop
endfacet
facet normal 9.329928e-01 3.598950e-01 -0.000000e+00
 outer loop
  vertex 7.0615805e-02 2.5266739e-02 0.0000000e+00
  vertex 6.9290965e-02 2.8701257e-02 5.0000000e-03
  vertex 7.0615805e-02 2.5266739e-02 5.0000000e-03
 endloop
endfacet
facet normal 9.329928e-01 3.598950e-01 0.000000e+00
 outer loop
  vertex 7.0615805e-02 2.5266739e-02 0.0000000e+00
  vertex 6.9290965e-02 2.8701257e-02 0.0000000e+00
  vertex 6.9290965e-02 2.8701257e-02 5.0000000e-03
 endloop
endfacet
facet normal 9.142098e-01 4.052413e-01 -0.000000e+00
 outer loop
  vertex 6.9290965e-02 2.8701257e-02 0.0000000e+00
  vertex 6.7799197e-02 3.2066632e-02 5.0000000e-03
  vertex 6.9290965e-02 2.8701257e-02 5.0000000e-03
 endloop
endfacet
facet normal 9.142098e-01 4.052413e-01 0.000000e+00
 outer loop
  vertex 6.9290965e-02 2.8701257e-02 0.0000000e+00
  vertex 6.7799197e-02 3.2066632e-02 0.0000000e+00
  vertex 6.7799197e-02 3.2066632e-02 5.0000000e-03
 endloop
endfacet
facet normal 8.932243e-01 4.496113e-01 -0.000000e+00
 outer loop
  vertex 6.7799197e-02 3.2066632e-02 0.0000000e+00
  vertex 6.6144095e-02 3.5354755e-02 5.0000000e-03
  vertex 6.7799197e-02 3.2066632e-02 5.0000000e-03
 endloop
endfacet
facet normal 8.932243e-01 4.496113e-01 0.000000e+00
 outer loop
  vertex 6.7799197e-02 3.2066632e-02 0.0000000e+00
  vertex 6.6144095e-02 3.5354755e-02 0.0000000e+00
  vertex 6.6144095e-02 3.5354755e-02 5.0000000e-03
 endloop
endfacet
facet normal 8.700870e-01 4.928982e-01 -0.000000e+00
 outer loop
  vertex 6.6144095e-02 3.5354755e-02 0.0000000e+00
  vertex 6.4329646e-02 3.8557706e-02 5.0000000e-03
  vertex 6.6144095e-02 3.5354755e-02 5.0000000e-03
 endloop
endfacet
facet normal 8.700870e-01 4.928982e-01 0.000000e+00
 outer loop
  vertex 6.6144095e-02 3.5354755e-02 0.0000000e+00
  vertex 6.4329646e-02 3.8557706e-02 0.0000000e+00
  vertex 6.4329646e-02 3.8557706e-02 5.0000000e-03
 endloop
endfacet
facet normal 8.448536e-01 5.349976e-01 -0.000000e+00
 outer loop
  vertex 6.4329646e-02 3.8557706e-02 0.0000000e+00
  vertex 6.2360221e-02 4.1667767e-02 5.0000000e-03
  vertex 6.4329646e-02 3.8557706e-02 5.0000000e-03
 endloop
endfacet
facet normal 8.448536e-01 5.349976e-01 0.000000e+00
 outer loop
  vertex 6.4329646e-02 3.8557706e-02 0.0000000e+00
  vertex 6.2360221e-02 4.1667767e-02 0.0000000e+00
  vertex 6.2360221e-02 4.1667767e-02 5.0000000e-03
 endloop
endfacet
facet normal 8.175848e-01 5.758082e-01 -0.000000e+00
 outer loop
  vertex 6.2360221e-02 4.1667767e-02 0.0000000e+00
  vertex 6.0240565e-02 4.4677448e-02 5.0000000e-03
  vertex 6.2360221e-02 4.1667767e-02 5.0000000e-03
 endloop
endfacet
facet normal 8.175848e-01 5.758082e-01 0.000000e+00
 outer loop
  vertex 6.2360221e-02 4.1667767e-02 0.0000000e+00
  vertex 6.0240565e-02 4.4677448e-02 0.0000000e+00
  vertex 6.0240565e-02 4.4677448e-02 5.0000000e-03
 endloop
endfacet
facet normal 7.883464e-01 6.152316e-01 -0.000000e+00
 outer loop
  vertex 6.0240565e-02 4.4677448e-02 0.0000000e+00
  vertex 5.7975784e-02 4.7579496e-02 5.0000000e-03
  vertex 6.0240565e-02 4.4677448e-02 5.0000000e-03
 endloop
endfacet
facet normal 7.883464e-01 6.152316e-01 0.000000e+00
 outer loop
  vertex 6.0240565e-02 4.4677448e-02 0.0000000e+00
  vertex 5.7975784e-02 4.7579496e-02 0.0000000e+00
  vertex 5.7975784e-02 4.7579496e-02 5.0000000e-03
 endloop
endfacet
facet normal 7.572088e-01 6.531728e-01 -0.000000e+00
 outer loop
  vertex 5.7975784e-02 4.7579496e-02 0.0000000e+00
  vertex 5.5571334e-02 5.0366922e-02 5.0000000e-03
  vertex 5.7975784e-02 4.7579496e-02 5.0000000e-03
 endloop
endfacet
facet normal 7.572088e-01 6.531728e-01 0.000000e+00
 outer loop
  vertex 5.7975784e-02 4.7579496e-02 0.0000000e+00
  vertex 5.5571334e-02 5.0366922e-02 0.0000000e+00
  vertex 5.5571334e-02 5.0366922e-02 5.0000000e-03
 endloop
endfacet
facet normal 7.242471e-01 6.895405e-01 -0.000000e+00
 outer loop
  vertex 5.5571334e-02 5.0366922e-02 0.0000000e+00
  vertex 5.3033009e-02 5.3033009e-02 5.0000000e-03
  vertex 5.5571334e-02 5.0366922e-02 5.0000000e-03
 endloop
endfacet
facet normal 7.242471e-01 6.895405e-01 0.000000e+00
 outer loop
  vertex 5.5571334e-02 5.0366922e-02 0.0000000e+00
  vertex 5.3033009e-02 5.3033009e-02 0.0000000e+00
  vertex 5.3033009e-02 5.3033009e-02 5.0000000e-03
 endloop
endfacet
facet normal 6.895405e-01 7.242471e-01 -0.000000e+00
 outer loop
  vertex 5.3033009e-02 5.3033009e-02 0.0000000e+00
  vertex 5.0366922e-02 5.5571334e-02 5.0000000e-03
  vertex 5.3033009e-02 5.3033009e-02 5.0000000e-03
 endloop
endfacet
facet normal 6.895405e-01 7.242471e-01 0.000000e+00
 outer loop
  vertex 5.3033009e-02 5.3033009e-02 0.0000000e+00
  vertex 5.0366922e-02 5.5571334e-02 0.0000000e+00
  vertex 5.0366922e-02 5.5571334e-02 5.0000000e-03
 endloop
endfacet
facet normal 6.531728e-01 7.572088e-01 -0.000000e+00
 outer loop
  vertex 5.0366922e-02 5.5571334e-02 0.0000000e+00
  vertex 4.7579496e-02 5.7975784e-02 5.0000000e-03
  vertex 5.0366922e-02 5.5571334e-02 5.0000000e-03
 endloop
endfacet
facet normal 6.531728e-01 7.572088e-01 0.000000e+00
 outer loop
  vertex 5.0366922e-02 5.5571334e-02 0.0000000e+00
  vertex 4.7579496e-02 5.7975784e-02 0.0000000e+00
  vertex 4.7579496e-02 5.7975784e-02 5.0000000e-03
 endloop
endfacet
facet normal 6.152316e-01 7.883464e-01 -0.000000e+00
 outer loop
  vertex 4.7579496e-02 5.7975784e-02 0.0000000e+00
  vertex 4.4677448e-02 6.0240565e-02 5.0000000e-03
  vertex 4.7579496e-02 5.7975784e-02 5.0000000e-03
 endloop
endfacet
facet normal 6.152316e-01 7.883464e-01 0.000000e+00
 outer loop
  vertex 4.7579496e-02 5.7975784e-02 0.0000000e+00
  vertex 4.4677448e-02 6.0240565e-02 0.0000000e+00
  vertex 4.4677448e-02 6.0240565e-02 5.0000000e-03
 endloop
endfacet
facet normal 5.758082e-01 8.175848e-01 -0.000000e+00
 outer loop
  vertex 4.4677448e-02 6.0240565e-02 0.0000000e+00
  vertex 4.1667767e-02 6.2360221e-02 5.0000000e-03
  vertex 4.4677448e-02 6.0240565e-02 5.0000000e-03
 endloop
endfacet
facet normal 5.758082e-01 8.175848e-01 0.000000e+00
 outer loop
  vertex 4.4677448e-02 6.0240565e-02 0.0000000e+00
  vertex 4.1667767e-02 6.2360221e-02 0.0000000e+00
  vertex 4.1667767e-02 6.2360221e-02 5.0000000e-03
 endloop
endfacet
facet normal 5.349976e-01 8.448536e-01 -0.000000e+00
 outer loop
  vertex 4.1667767e-02 6.2360221e-02 0.0000000e+00
  vertex 3.8557706e-02 6.4329646e-02 5.0000000e-03
  vertex 4.1667767e-02 6.2360221e-02 5.0000000e-03
 endloop
endfacet
facet normal 5.349976e-01 8.448536e-01 0.000000e+00
 outer loop
  vertex 4.1667767e-02 6.2360221e-02 0.0000000e+00
  vertex 3.8557706e-02 6.4329646e-02 0.0000000e+00
  vertex 3.8557706e-02 6.4329646e-02 5.0000000e-03
 endloop
endfacet
facet normal 4.928982e-01 8.700870e-01 -0.000000e+00
 outer loop
  vertex 3.8557706e-02 6.4329646e-02 0.0000000e+00
  vertex 3.5354755e-02 6.6144095e-02 5.0000000e-03
  vertex 3.8557706e-02 6.4329646e-02 5.0000000e-03
 endloop
endfacet
facet normal 4.928982e-01 8.700870e-01 0.000000e+00
 outer loop
  vertex 3.8557706e-02 6.4329646e-02 0.0000000e+00
  vertex 3.5354755e-02 6.6144095e-02 0.0000000e+00
  vertex 3.5354755e-02 6.6144095e-02 5.0000000e-03
 endloop
endfacet
facet normal 4.496113e-01 8.932243e-01 -0.000000e+00
 outer loop
  vertex 3.5354755e-02 6.6144095e-02 0.0000000e+00
  vertex 3.2066632e-02 6.7799197e-02 5.0000000e-03
  vertex 3.5354755e-02 6.6144095e-02 5.0000000e-03
 endloop
endfacet
facet normal 4.496113e-01 8.932243e-01 0.000000e+00
 outer loop
  vertex 3.5354755e-02 6.6144095e-02 0.0000000e+00
  vertex 3.2066632e-02 6.7799197e-02 0.0000000e+00
  vertex 3.2066632e-02 6.7799197e-02 5.0000000e-03
 endloop
endfacet
facet normal 4.052413e-01 9.142098e-01 -0.000000e+00
 outer loop
  vertex 3.2066632e-02 6.7799197e-02 0.0000000e+00
  vertex 2.8701257e-02 6.9290965e-02 5.0000000e-03
  vertex 3.2066632e-02 6.7799197e-02 5.0000000e-03
 endloop
endfacet
facet normal 4.052413e-01 9.142098e-01 0.000000e+00
 outer loop
  vertex 3.2066632e-02 6.7799197e-02 0.0000000e+00
  vertex 2.8701257e-02 6.9290965e-02 0.0000000e+00
  vertex 2.8701257e-02 6.9290965e-02 5.0000000e-03
 endloop
endfacet
facet normal 3.598950e-01 9.329928e-01 -0.000000e+00
 outer loop
  vertex 2.8701257e-02 6.9290965e-02 0.0000000e+00
  vertex 2.5266739e-02 7.0615805e-02 5.0000000e-03
  vertex 2.8701257e-02 6.9290965e-02 5.0000000e-03
 endloop
endfacet
facet normal 3.598950e-01 9.329928e-01 0.000000e+00
 outer loop
  vertex 2.8701257e-02 6.9290965e-02 0.0000000e+00
  vertex 2.5266739e-02 7.0615805e-02 0.0000000e+00
  vertex 2.5266739e-02 7.0615805e-02 5.0000000e-03
 endloop
endfacet
facet normal 3.136817e-01 9.495282e-01 -0.000000e+00
 outer loop
  vertex 2.5266739e-02 7.0615805e-02 0.0000000e+00
  vertex 2.1771351e-02 7.1770525e-02 5.0000000e-03
  vertex 2.5266739e-02 7.0615805e-02 5.0000000e-03
 endloop
endfacet
facet normal 3.136817e-01 9.495282e-01 0.000000e+00
 outer loop
  vertex 2.5266739e-02 7.0615805e-02 0.0000000e+00
  vertex 2.1771351e-02 7.1770525e-02 0.0000000e+00
  vertex 2.1771351e-02 7.1770525e-02 5.0000000e-03
 endloop
endfacet
facet normal 2.667128e-01 9.637761e-01 -0.000000e+00
 outer loop
  vertex 2.1771351e-02 7.1770525e-02 0.0000000e+00
  vertex 1.8223513e-02 7.2752344e-02 5.0000000e-03
  vertex 2.1771351e-02 7.1770525e-02 5.0000000e-03
 endloop
endfacet
facet normal 2.667128e-01 9.637761e-01 0.000000e+00
 outer loop
  vertex 2.1771351e-02 7.1770525e-02 0.0000000e+00
  vertex 1.8223513e-02 7.2752344e-02 0.0000000e+00
  vertex 1.8223513e-02 7.2752344e-02 5.0000000e-03
 endloop
endfacet
facet normal 2.191012e-01 9.757021e-01 -0.000000e+00
 outer loop
  vertex 1.8223513e-02 7.2752344e-02 0.0000000e+00
  vertex 1.4631774e-02 7.3558896e-02 5.0000000e-03
  vertex 1.8223513e-02 7.2752344e-02 5.0000000e-03
 endloop
endfacet
facet normal 2.191012e-01 9.757021e-01 0.000000e+00
 outer loop
  vertex 1.8223513e-02 7.2752344e-02 0.0000000e+00
  vertex 1.4631774e-02 7.3558896e-02 0.0000000e+00
  vertex 1.4631774e-02 7.3558896e-02 5.0000000e-03
 endloop
endfacet
facet normal 1.709619e-01 9.852776e-01 -0.000000e+00
 outer loop
  vertex 1.4631774e-02 7.3558896e-02 0.0000000e+00
  vertex 1.1004786e-02 7.4188238e-02 5.0000000e-03
  vertex 1.4631774e-02 7.3558896e-02 5.0000000e-03
 endloop
endfacet
facet normal 1.709619e-01 9.852776e-01 0.000000e+00
 outer loop
  vertex 1.4631774e-02 7.3558896e-02 0.0000000e+00
  vertex 1.1004786e-02 7.4188238e-02 0.0000000e+00
  vertex 1.1004786e-02 7.4188238e-02 5.0000000e-03
 endloop
endfacet
facet normal 1.224107e-01 9.924795e-01 -0.000000e+00
 outer loop
  vertex 1.1004786e-02 7.4188238e-02 0.0000000e+00
  vertex 7.3512855e-03 7.4638855e-02 5.0000000e-03
  vertex 1.1004786e-02 7.4188238e-02 5.0000000e-03
 endloop
endfacet
facet normal 1.224107e-01 9.924795e-01 0.000000e+00
 outer loop
  vertex 1.1004786e-02 7.4188238e-02 0.0000000e+00
  vertex 7.3512855e-03 7.4638855e-02 0.0000000e+00
  vertex 7.3512855e-03 7.4638855e-02 5.0000000e-03
 endloop
endfacet
facet normal 7.356456e-02 9.972905e-01 -0.000000e+00
 outer loop
  vertex 7.3512855e-03 7.4638855e-02 0.0000000e+00
  vertex 3.6800756e-03 7.4909659e-02 5.0000000e-03
  vertex 7.3512855e-03 7.4638855e-02 5.0000000e-03
 endloop
endfacet
facet normal 7.356456e-02 9.972905e-01 0.000000e+00
 outer loop
  vertex 7.3512855e-03 7.4638855e-02 0.0000000e+00
  vertex 3.6800756e-03 7.4909659e-02 0.0000000e+00
  vertex 3.6800756e-03 7.4909659e-02 5.0000000e-03
 endloop
endfacet
facet normal 2.454123e-02 9.996988e-01 -0.000000e+00
 outer loop
  vertex 3.6800756e-03 7.4909659e-02 0.0000000e+00
  vertex 4.5924255e-18 7.5000000e-02 5.0000000e-03
  vertex 3.6800756e-03 7.4909659e-02 5.0000000e-03
 endloop
endfacet
facet normal 2.454123e-02 9.996988e-01 0.000000e+00
 outer loop
  vertex 3.6800756e-03 7.4909659e-02 0.0000000e+00
  vertex 4.5924255e-18 7.5000000e-02 0.0000000e+00
  vertex 4.5924255e-18 7.5000000e-02 5.0000000e-03
 endloop
endfacet
facet normal -2.454123e-02 9.996988e-01 0.000000e+00
 outer loop
  vertex 4.5924255e-18 7.5000000e-02 0.0000000e+00
  vertex -3.6800756e-03 7.4909659e-02 5.0000000e-03
  vertex 4.5924255e-18 7.5000000e-02 5.0000000e-03
 endloop
endfacet
facet normal -2.454123e-02 9.996988e-01 0.000000e+00
 outer loop
  vertex 4.5924255e-18 7.5000000e-02 0.0000000e+00
  vertex -3.6800756e-03 7.4909659e-02 0.0000000e+00
  vertex -3.6800756e-03 7.4909659e-02 5.0000000e-03
 endloop
endfacet
facet normal -7.356456e-02 9.972905e-01 0.000000e+00
 outer loop
  vertex -3.6800756e-03 7.4909659e-02 0.0000000e+00
  vertex -7.3512855e-03 7.4638855e-02 5.0000000e-03
  vertex -3.6800756e-03 7.4909659e-02 5.0000000e-03
 endloop
endfacet
facet normal -7.356456e-02 9.972905e-01 0.000000e+00
 outer loop
  vertex -3.6800756e-03 7.4909659e-02 0.0000000e+00
  vertex -7.3512855e-03 7.4638855e-02 0.0000000e+00
  vertex -7.3512855e-03 7.4638855e-02 5.0000000e-03
 endloop
endfacet
facet normal -1.224107e-01 9.924795e-01 0.000000e+00
 outer loop
  vertex -7.3512855e-03 7.4638855e-02 0.0000000e+00
  vertex -1.1004786e-02 7.4188238e-02 5.0000000e-03
  vertex -7.3512855e-03 7.4638855e-02 5.0000000e-03
 endloop
endfacet
facet normal -1.224107e-01 9.924795e-01 0.000000e+00
 outer loop
  vertex -7.3512855e-03 7.4638855e-02 0.0000000e+00
  vertex -1.1004786e-02 7.4188238e-02 0.0000000e+00
  vertex -1.1004786e-02 7.4188238e-02 5.0000000e-03
 endloop
endfacet
facet normal -1.709619e-01 9.852776e-01 0.000000e+00
 outer loop
  vertex -1.1004786e-02 7.4188238e-02 0.0000000e+00
  vertex -1.4631774e-02 7.3558896e-02 5.0000000e-03
  vertex -1.1004786e-02 7.4188238e-02 5.0000000e-03
 endloop
endfacet
facet normal -1.709619e-01 9.852776e-01 0.000000e+00
 outer loop
  vertex -1.1004786e-02 7.4188238e-02 0.0000000e+00
  vertex -1.4631774e-02 7.3558896e-02 0.0000000e+00
  vertex -1.4631774e-02 7.3558896e-02 5.0000000e-03
 endloop
endfacet
facet normal -2.191012e-01 9.757021e-01 0.000000e+00
 outer loop
  vertex -1.4631774e-02 7.3558896e-02 0.0000000e+00
  vertex -1.8223513e-02 7.2752344e-02 5.0000000e-03
  vertex -1.4631774e-02 7.3558896e-02 5.0000000e-03
 endloop
endfacet
facet normal -2.191012e-01 9.757021e-01 0.000000e+00
 outer loop
  vertex -1.4631774e-02 7.3558896e-02 0.0000000e+00
  vertex -1.8223513e-02 7.2752344e-02 0.0000000e+00
  vertex -1.8223513e-02 7.2752344e-02 5.0000000e-03
 endloop
endfacet
facet normal -2.667128e-01 9.637761e-01 0.000000e+00
 outer loop
  vertex -1.8223513e-02 7.2752344e-02 0.0000000e+00
  vertex -2.1771351e-02 7.1770525e-02 5.0000000e-03
  vertex -1.8223513e-02 7.2752344e-02 5.0000000e-03
 endloop
endfacet
facet normal -2.667128e-01 9.637761e-01 0.000000e+00
 outer loop
  vertex -1.8223513e-02 7.2752344e-02 0.0000000e+00
  vertex -2.1771351e-02 7.1770525e-02 0.0000000e+00
  vertex -2.1771351e-02 7.1770525e-02 5.0000000e-03
 endloop
endfacet
facet normal -3.136817e-01 9.495282e-01 0.000000e+00
 outer loop
  vertex -2.1771351e-02 7.1770525e-02 0.0000000e+00
  vertex -2.5266739e-02 7.0615805e-02 5.0000000e-03
  vertex -2.1771351e-02 7.1770525e-02 5.0000000e-03
 endloop
endfacet
facet normal -3.136817e-01 9.495282e-01 0.000000e+00
 outer loop
  vertex -2.1771351e-02 7.1770525e-02 0.0000000e+00
  vertex -2.5266739e-02 7.0615805e-02 0.0000000e+00
  vertex -2.5266739e-02 7.0615805e-02 5.0000000e-03
 endloop
endfacet
facet normal -3.598950e-01 9.329928e-01 0.000000e+00
 outer loop
  vertex -2.5266739e-02 7.0615805e-02 0.0000000e+00
  vertex -2.8701257e-02 6.9290965e-02 5.0000000e-03
  vertex -2.5266739e-02 7.0615805e-02 5.0000000e-03
 endloop
endfacet
facet normal -3.598950e-01 9.329928e-01 0.000000e+00
 outer loop
  vertex -2.5266739e-02 7.0615805e-02 0.0000000e+00
  vertex -2.8701257e-02 6.9290965e-02 0.0000000e+00
  vertex -2.8701257e-02 6.9290965e-02 5.0000000e-03
 endloop
endfacet
facet normal -4.052413e-01 9.142098e-01 0.000000e+00
 outer loop
  vertex -2.8701257e-02 6.9290965e-02 0.0000000e+00
  vertex -3.2066632e-02 6.7799197e-02 5.0000000e-03
  vertex -2.8701257e-02 6.9290965e-02 5.0000000e-03
 endloop
endfacet
facet normal -4.052413e-01 9.142098e-01 0.000000e+00
 outer loop
  vertex -2.8701257e-02 6.9290965e-02 0.0000000e+00
  vertex -3.2066632e-02 6.7799197e-02 0.0000000e+00
  vertex -3.2066632e-02 6.7799197e-02 5.0000000e-03
 endloop
endfacet
facet normal -4.496113e-01 8.932243e-01 0.000000e+00
 outer loop
  vertex -3.2066632e-02 6.7799197e-02 0.0000000e+00
  vertex -3.5354755e-02 6.6144095e-02 5.0000000e-03
  vertex -3.2066632e-02 6.7799197e-02 5.0000000e-03
 endloop
endfacet
facet normal -4.496113e-01 8.932243e-01 0.000000e+00
 outer loop
  vertex -3.2066632e-02 6.7799197e-02 0.0000000e+00
  vertex -3.5354755e-02 6.6144095e-02 0.0000000e+00
  vertex -3.5354755e-02 6.6144095e-02 5.0000000e-03
 endloop
endfacet
facet normal -4.928982e-01 8.700870e-01 0.000000e+00
 outer loop
  vertex -3.5354755e-02 6.6144095e-02 0.0000000e+00
  vertex -3.8557706e-02 6.4329646e-02 5.0000000e-03
  vertex -3.5354755e-02 6.6144095e-02 5.0000000e-03
 endloop
endfacet
facet normal -4.928982e-01 8.700870e-01 0.000000e+00
 outer loop
  vertex -3.5354755e-02 6.6144095e-02 0.0000000e+00
  vertex -3.8557706e-02 6.4329646e-02 0.0000000e+00
  vertex -3.8557706e-02 6.4329646e-02 5.0000000e-03
 endloop
endfacet
facet normal -5.349976e-01 8.448536e-01 0.000000e+00
 outer loop
  vertex -3.8557706e-02 6.4329646e-02 0.0000000e+00
  vertex -4.1667767e-02 6.2360221e-02 5.0000000e-03
  vertex -3.8557706e-02 6.4329646e-02 5.0000000e-03
 endloop
endfacet
facet normal -5.349976e-01 8.448536e-01 0.000000e+00
 outer loop
  vertex -3.8557706e-02 6.4329646e-02 0.0000000e+00
  vertex -4.1667767e-02 6.2360221e-02 0.0000000e+00
  vertex -4.1667767e-02 6.2360221e-02 5.0000000e-03
 endloop
endfacet
facet normal -5.758082e-01 8.175848e-01 0.000000e+00
 outer loop
  vertex -4.1667767e-02 6.2360221e-02 0.0000000e+00
  vertex -4.4677448e-02 6.0240565e-02 5.0000000e-03
  vertex -4.1667767e-02 6.2360221e-02 5.0000000e-03
 endloop
endfacet
facet normal -5.758082e-01 8.175848e-01 0.000000e+00
 outer loop
  vertex -4.1667767e-02 6.2360221e-02 0.0000000e+00
  vertex -4.4677448e-02 6.0240565e-02 0.0000000e+00
  vertex -4.4677448e-02 6.0240565e-02 5.0000000e-03
 endloop
endfacet
facet normal -6.152316e-01 7.883464e-01 0.000000e+00
 outer loop
  vertex -4.4677448e-02 6.0240565e-02 0.0000000e+00
  vertex -4.7579496e-02 5.7975784e-02 5.0000000e-03
  vertex -4.4677448e-02 6.0240565e-02 5.0000000e-03
 endloop
endfacet
facet normal -6.152316e-01 7.883464e-01 0.000000e+00
 outer loop
  vertex -4.4677448e-02 6.0240565e-02 0.0000000e+00
  vertex -4.7579496e-02 5.7975784e-02 0.0000000e+00
  vertex -4.7579496e-02 5.7975784e-02 5.0000000e-03
 endloop
endfacet
facet normal -6.531728e-01 7.572088e-01 0.000000e+00
 outer loop
  vertex -4.7579496e-02 5.7975784e-02 0.0000000e+00
  vertex -5.0366922e-02 5.5571334e-02 5.0000000e-03
  vertex -4.7579496e-02 5.7975784e-02 5.0000000e-03
 endloop
endfacet
facet normal -6.531728e-01 7.572088e-01 0.000000e+00
 outer loop
  vertex -4.7579496e-02 5.7975784e-02 0.0000000e+00
  vertex -5.0366922e-02 5.5571334e-02 0.0000000e+00
  vertex -5.0366922e-02 5.5571334e-02 5.0000000e-03
 endloop
endfacet
facet normal -6.895405e-01 7.242471e-01 0.000000e+00
 outer loop
  vertex -5.0366922e-02 5.5571334e-02 0.0000000e+00
  vertex -5.3033009e-02 5.3033009e-02 5.0000000e-03
  vertex -5.0366922e-02 5.5571334e-02 5.0000000e-03
 endloop
endfacet
facet normal -6.895405e-01 7.242471e-01 0.000000e+00
 outer loop
  vertex -5.0366922e-02 5.5571334e-02 0.0000000e+00
  vertex -5.3033009e-02 5.3033009e-02 0.0000000e+00
  vertex -5.3033009e-02 5.3033009e-02 5.0000000e-03
 endloop
endfacet
facet normal -7.242471e-01 6.895405e-01 0.000000e+00
 outer loop
  vertex -5.3033009e-02 5.3033009e-02 0.0000000e+00
  vertex -5.5571334e-02 5.0366922e-02 5.0000000e-03
  vertex -5.3033009e-02 5.3033009e-02 5.0000000e-03
 endloop
endfacet
facet normal -7.242471e-01 6.895405e-01 0.000000e+00
 outer loop
  vertex -5.3033009e-02 5.3033009e-02 0.0000000e+00
  vertex -5.5571334e-02 5.0366922e-02 0.0000000e+00
  vertex -5.5571334e-02 5.0366922e-02 5.0000000e-03
 endloop
endfacet
facet normal -7.572088e-01 6.531728e-01 0.000000e+00
 outer loop
  vertex -5.5571334e-02 5.0366922e-02 0.0000000e+00
  vertex -5.7975784e-02 4.7579496e-02 5.0000000e-03
  vertex -5.5571334e-02 5.0366922e-02 5.0000000e-03
 endloop
endfacet
facet normal -7.572088e-01 6.531728e-01 0.000000e+00
 outer loop
  vertex -5.5571334e-02 5.0366922e-02 0.0000000e+00
  vertex -5.7975784e-02 4.7579496e-02 0.0000000e+00
  vertex -5.7975784e-02 4.7579496e-02 5.0000000e-03
 endloop
endfacet
facet normal -7.883464e-01 6.152316e-01 0.000000e+00
 outer loop
  vertex -5.7975784e-02 4.7579496e-02 0.0000000e+00
  vertex -6.0240565e-02 4.4677448e-02 5.0000000e-03
  vertex -5.7975784e-02 4.7579496e-02 5.0000000e-03
 endloop
endfacet
facet normal -7.883464e-01 6.152316e-01 0.000000e+00
 outer loop
  vertex -5.7975784e-02 4.7579496e-02 0.0000000e+00
  vertex -6.0240565e-02 4.4677448e-02 0.0000000e+00
  vertex -6.0240565e-02 4.4677448e-02 5.0000000e-03
 endloop
endfacet
facet normal -8.175848e-01 5.758082e-01 0.000000e+00
 outer loop
  vertex -6.0240565e-02 4.4677448e-02 0.0000000e+00
  vertex -6.2360221e-02 4.1667767e-02 5.0000000e-03
  vertex -6.0240565e-02 4.4677448e-02 5.0000000e-03
 endloop
endfacet
facet normal -8.175848e-01 5.758082e-01 0.000000e+00
 outer loop
  vertex -6.0240565e-02 4.4677448e-02 0.0000000e+00
  vertex -6.2360221e-02 4.1667767e-02 0.0000000e+00
  vertex -6.2360221e-02 4.1667767e-02 5.0000000e-03
 endloop
endfacet
facet normal -8.448536e-01 5.349976e-01 0.000000e+00
 outer loop
  vertex -6.2360221e-02 4.1667767e-02 0.0000000e+00
  vertex -6.4329646e-02 3.8557706e-02 5.0000000e-03
  vertex -6.2360221e-02 4.1667767e-02 5.0000000e-03
 endloop
endfacet
facet normal -8.448536e-01 5.349976e-01 0.000000e+00
 outer loop
  vertex -6.2360221e-02 4.1667767e-02 0.0000000e+00
  vertex -6.4329646e-02 3.8557706e-02 0.0000000e+00
  vertex -6.4329646e-02 3.8557706e-02 5.0000000e-03
 endloop
endfacet
facet normal -8.700870e-01 4.928982e-01 0.000000e+00
 outer loop
  vertex -6.4329646e-02 3.8557706e-02 0.0000000e+00
  vertex -6.6144095e-02 3.5354755e-02 5.0000000e-03
  vertex -6.4329646e-02 3.8557706e-02 5.0000000e-03
 endloop
endfacet
facet normal -8.700870e-01 4.928982e-01 0.000000e+00
 outer loop
  vertex -6.4329646e-02 3.8557706e-02 0.0000000e+00
  vertex -6.6144095e-02 3.5354755e-02 0.0000000e+00
  vertex -6.6144095e-02 3.5354755e-02 5.0000000e-03
 endloop
endfacet
facet normal -8.932243e-01 4.496113e-01 0.000000e+00
 outer loop
  vertex -6.6144095e-02 3.5354755e-02 0.0000000e+00
  vertex -6.7799197e-02 3.2066632e-02 5.0000000e-03
  vertex -6.6144095e-02 3.5354755e-02 5.0000000e-03
 endloop
endfacet
facet normal -8.932243e-01 4.496113e-01 0.000000e+00
 outer loop
  vertex -6.6144095e-02 3.5354755e-02 0.0000000e+00
  vertex -6.7799197e-02 3.2066632e-02 0.0000000e+00
  vertex -6.7799197e-02 3.2066632e-02 5.0000000e-03
 endloop
endfacet
facet normal -9.142098e-01 4.052413e-01 0.000000e+00
 outer loop
  vertex -6.7799197e-02 3.2066632e-02 0.0000000e+00
  vertex -6.9290965e-02 2.8701257e-02 5.0000000e-03
  vertex -6.7799197e-02 3.2066632e-02 5.0000000e-03
 endloop
endfacet
facet normal -9.142098e-01 4.052413e-01 0.000000e+00
 outer loop
  vertex -6.7799197e-02 3.2066632e-02 0.0000000e+00
  vertex -6.9290965e-02 2.8701257e-02 0.0000000e+00
  vertex -6.9290965e-02 2.8701257e-02 5.0000000e-03
 endloop
endfacet
facet normal -9.329928e-01 3.598950e-01 0.000000e+00
 outer loop
  vertex -6.9290965e-02 2.8701257e-02 0.0000000e+00
  vertex -7.0615805e-02 2.5266739e-02 5.0000000e-03
  vertex -6.9290965e-02 2.8701257e-02 5.0000000e-03
 endloop
endfacet
facet normal -9.329928e-01 3.598950e-01 0.000000e+00
 outer loop
  vertex -6.9290965e-02 2.8701257e-02 0.0000000e+00
  vertex -7.0615805e-02 2.5266739e-02 0.0000000e+00
  vertex -7.0615805e-02 2.5266739e-02 5.0000000e-03
 endloop
endfacet
facet normal -9.495282e-01 3.136817e-01 0.000000e+00
 outer loop
  vertex -7.0615805e-02 2.5266739e-02 0.0000000e+00
  vertex -7.1770525e-02 2.1771351e-02 5.0000000e-03
  vertex -7.0615805e-02 2.5266739e-02 5.0000000e-03
 endloop
endfacet
facet normal -9.495282e-01 3.136817e-01 0.000000e+00
 outer loop
  vertex -7.0615805e-02 2.5266739e-02 0.0000000e+00
  vertex -7.1770525e-02 2.1771351e-02 0.0000000e+00
  vertex -7.1770525e-02 2.1771351e-02 5.0000000e-03
 endloop
endfacet
facet normal -9.637761e-01 2.667128e-01 0.000000e+00
 outer loop
  vertex -7.1770525e-02 2.1771351e-02 0.0000000e+00
  vertex -7.2752344e-02 1.8223513e-02 5.0000000e-03
  vertex -7.1770525e-02 2.1771351e-02 5.0000000e-03
 endloop
endfacet
facet normal -9.637761e-01 2.667128e-01 0.000000e+00
 outer loop
  vertex -7.1770525e-02 2.1771351e-02 0.0000000e+00
  vertex -7.2752344e-02 1.8223513e-02 0.0000000e+00
  vertex -7.2752344e-02 1.8223513e-02 5.0000000e-03
 endloop
endfacet
facet normal -9.757021e-01 2.191012e-01 0.000000e+00
 outer loop
  vertex -7.2752344e-02 1.8223513e-02 0.0000000e+00
  vertex -7.3558896e-02 1.4631774e-02 5.0000000e-03
  vertex -7.2752344e-02 1.8223513e-02 5.0000000e-03
 endloop
endfacet
facet normal -9.757021e-01 2.191012e-01 0.000000e+00
 outer loop
  vertex -7.2752344e-02 1.8223513e-02 0.0000000e+00
  vertex -7.3558896e-02 1.4631774e-02 0.0000000e+00
  vertex -7.3558896e-02 1.4631774e-02 5.0000000e-03
 endloop
endfacet
facet normal -9.852776e-01 1.709619e-01 0.000000e+00
 outer loop
  vertex -7.3558896e-02 1.4631774e-02 0.0000000e+00
  vertex -7.4188238e-02 1.1004786e-02 5.0000000e-03
  vertex -7.3558896e-02 1.4631774e-02 5.0000000e-03
 endloop
endfacet
facet normal -9.852776e-01 1.709619e-01 0.000000e+00
 outer loop
  vertex -7.3558896e-02 1.4631774e-02 0.0000000e+00
  vertex -7.4188238e-02 1.1004786e-02 0.0000000e+00
  vertex -7.4188238e-02 1.1004786e-02 5.0000000e-03
 endloop
endfacet
facet normal -9.924795e-01 1.224107e-01 0.000000e+00
 outer loop
  vertex -7.4188238e-02 1.1004786e-02 0.0000000e+00
  vertex -7.4638855e-02 7.3512855e-03 5.0000000e-03
  vertex -7.4188238e-02 1.1004786e-02 5.0000000e-03
 endloop
endfacet
facet normal -9.924795e-01 1.224107e-01 0.000000e+00
 outer loop
  vertex -7.4188238e-02 1.1004786e-02 0.0000000e+00
  vertex -7.4638855e-02 7.3512855e-03 0.0000000e+00
  vertex -7.4638855e-02 7.3512855e-03 5.0000000e-03
 endloop
endfacet
facet normal -9.972905e-01 7.356456e-02 0.000000e+00
 outer loop
  vertex -7.4638855e-02 7.3512855e-03 0.0000000e+00
  vertex -7.4909659e-02 3.6800756e-03 5.0000000e-03
  vertex -7.4638855e-02 7.3512855e-03 5.0000000e-03
 endloop
endfacet
facet normal -9.972905e-01 7.356456e-02 0.000000e+00
 outer loop
  vertex -7.4638855e-02 7.3512855e-03 0.0000000e+00
  vertex -7.4909659e-02 3.6800756e-03 0.0000000e+00
  vertex -7.4909659e-02 3.6800756e-03 5.0000000e-03
 endloop
endfacet
facet normal -9.996988e-01 2.454123e-02 0.000000e+00
 outer loop
  vertex -7.4909659e-02 3.6800756e-03 0.0000000e+00
  vertex -7.5000000e-02 9.1848510e-18 5.0000000e-03
  vertex -7.4909659e-02 3.6800756e-03 5.0000000e-03
 endloop
endfacet
facet normal -9.996988e-01 2.454123e-02 0.000000e+00
 outer loop
  vertex -7.4909659e-02 3.6800756e-03 0.0000000e+00
  vertex -7.5000000e-02 9.1848510e-18 0.0000000e+00
  vertex -7.5000000e-02 9.1848510e-18 5.0000000e-03
 endloop
endfacet
facet normal -9.996988e-01 -2.454123e-02 0.000000e+00
 outer loop
  vertex -7.5000000e-02 9.1848510e-18 0.0000000e+00
  vertex -7.4909659e-02 -3.6800756e-03 5.0000000e-03
  vertex -7.5000000e-02 9.1848510e-18 5.0000000e-03
 endloop
endfacet
facet normal -9.996988e-01 -2.454123e-02 0.000000e+00
 outer loop
  vertex -7.5000000e-02 9.1848510e-18 0.0000000e+00
  vertex -7.4909659e-02 -3.6800756e-03 0.0000000e+00
  vertex -7.4909659e-02 -3.6800756e-03 5.0000000e-03
 endloop
endfacet
facet normal -9.972905e-01 -7.356456e-02 0.000000e+00
 outer loop
  vertex -7.4909659e-02 -3.6800756e-03 0.0000000e+00
  vertex -7.4638855e-02 -7.3512855e-03 5.0000000e-03
  vertex -7.4909659e-02 -3.6800756e-03 5.0000000e-03
 endloop
endfacet
facet normal -9.972905e-01 -7.356456e-02 0.000000e+00
 outer loop
  vertex -7.4909659e-02 -3.6800756e-03 0.0000000e+00
  vertex -7.4638855e-02 -7.3512855e-03 0.0000000e+00
  vertex -7.4638855e-02 -7.3512855e-03 5.0000000e-03
 endloop
endfacet
facet normal -9.924795e-01 -1.224107e-01 0.000000e+00
 outer loop
  vertex -7.4638855e-02 -7.3512855e-03 0.0000000e+00
  vertex -7.4188238e-02 -1.1004786e-02 5.0000000e-03
  vertex -7.4638855e-02 -7.3512855e-03 5.0000000e-03
 endloop
endfacet
facet normal -9.924795e-01 -1.224107e-01 0.000000e+00
 outer loop
  vertex -7.4638855e-02 -7.3512855e-03 0.0000000e+00
  vertex -7.4188238e-02 -1.1004786e-02 0.0000000e+00
  vertex -7.4188238e-02 -1.1004786e-02 5.0000000e-03
 endloop
endfacet
facet normal -9.852776e-01 -1.709619e-01 0.000000e+00
 outer loop
  vertex -7.4188238e-02 -1.1004786e-02 0.0000000e+00
  vertex -7.3558896e-02 -1.4631774e-02 5.0000000e-03
  vertex -7.4188238e-02 -1.1004786e-02 5.0000000e-03
 endloop
endfacet
facet normal -9.852776e-01 -1.709619e-01 0.000000e+00
 outer loop
  vertex -7.4188238e-02 -1.1004786e-02 0.0000000e+00
  vertex -7.3558896e-02 -1.4631774e-02 0.0000000e+00
  vertex -7.3558896e-02 -1.4631774e-02 5.0000000e-03
 endloop
endfacet
facet normal -9.757021e-01 -2.191012e-01 0.000000e+00
 outer loop
  vertex -7.3558896e-02 -1.4631774e-02 0.0000000e+00
  vertex -7.2752344e-02 -1.8223513e-02 5.0000000e-03
  vertex -7.3558896e-02 -1.4631774e-02 5.0000000e-03
 endloop
endfacet
facet normal -9.757021e-01 -2.191012e-01 0.000000e+00
 outer loop
  vertex -7.3558896e-02 -1.4631774e-02 0.0000000e+00
  vertex -7.2752344e-02 -1.8223513e-02 0.0000000e+00
  vertex -7.2752344e-02 -1.8223513e-02 5.0000000e-03
 endloop
endfacet
facet normal -9.637761e-01 -2.667128e-01 0.000000e+00
 outer loop
  vertex -7.2752344e-02 -1.8223513e-02 0.0000000e+00
  vertex -7.1770525e-02 -2.1771351e-02 5.0000000e-03
  vertex -7.2752344e-02 -1.8223513e-02 5.0000000e-03
 endloop
endfacet
facet normal -9.637761e-01 -2.667128e-01 0.000000e+00
 outer loop
  vertex -7.2752344e-02 -1.8223513e-02 0.0000000e+00
  vertex -7.1770525e-02 -2.1771351e-02 0.0000000e+00
  vertex -7.1770525e-02 -2.1771351e-02 5.0000000e-03
 endloop
endfacet
facet normal -9.495282e-01 -3.136817e-01 0.000000e+00
 outer loop
  vertex -7.1770525e-02 -2.1771351e-02 0.0000000e+00
  vertex -7.0615805e-02 -2.5266739e-02 5.0000000e-03
  vertex -7.1770525e-02 -2.1771351e-02 5.0000000e-03
 endloop
endfacet
facet normal -9.495282e-01 -3.136817e-01 0.000000e+00
 outer loop
  vertex -7.1770525e-02 -2.1771351e-02 0.0000000e+00
  vertex -7.0615805e-02 -2.5266739e-02 0.0000000e+00
  vertex -7.0615805e-02 -2.5266739e-02 5.0000000e-03
 endloop
endfacet
facet normal -9.329928e-01 -3.598950e-01 0.000000e+00
 outer loop
  vertex -7.0615805e-02 -2.5266739e-02 0.0000000e+00
  vertex -6.9290965e-02 -2.8701257e-02 5.0000000e-03
  vertex -7.0615805e-02 -2.5266739e-02 5.0000000e-03
 endloop
endfacet
facet normal -9.329928e-01 -3.598950e-01 0.000000e+00
 outer loop
  vertex -7.0615805e-02 -2.5266739e-02 0.0000000e+00
  vertex -6.9290965e-02 -2.8701257e-02 0.0000000e+00
  vertex -6.9290965e-02 -2.8701257e-02 5.0000000e-03
 endloop
endfacet
facet normal -9.142098e-01 -4.052413e-01 0.000000e+00
 outer loop
  vertex -6.9290965e-02 -2.8701257e-02 0.0000000e+00
  vertex -6.7799197e-02 -3.2066632e-02 5.0000000e-03
  vertex -6.9290965e-02 -2.8701257e-02 5.0000000e-03
 endloop
endfacet
facet normal -9.142098e-01 -4.052413e-01 0.000000e+00
 outer loop
  vertex -6.9290965e-02 -2.8701257e-02 0.0000000e+00
  vertex -6.7799197e-02 -3.2066632e-02 0.0000000e+00
  vertex -6.7799197e-02 -3.2066632e-02 5.0000000e-03
 endloop
endfacet
facet normal -8.932243e-01 -4.496113e-01 0.000000e+00
 outer loop
  vertex -6.7799197e-02 -3.2066632e-02 0.0000000e+00
  vertex -6.6144095e-02 -3.5354755e-02 5.0000000e-03
  vertex -6.7799197e-02 -3.2066632e-02 5.0000000e-03
 endloop
endfacet
facet normal -8.932243e-01 -4.496113e-01 0.000000e+00
 outer loop
  vertex -6.7799197e-02 -3.2066632e-02 0.0000000e+00
  vertex -6.6144095e-02 -3.5354755e-02 0.0000000e+00
  vertex -6.6144095e-02 -3.5354755e-02 5.0000000e-03
 endloop
endfacet
facet normal -8.700870e-01 -4.928982e-01 0.000000e+00
 outer loop
  vertex -6.6144095e-02 -3.5354755e-02 0.0000000e+00
  vertex -6.4329646e-02 -3.8557706e-02 5.0000000e-03
  vertex -6.6144095e-02 -3.5354755e-02 5.0000000e-03
 endloop
endfacet
facet normal -8.700870e-01 -4.928982e-01 0.000000e+00
 outer loop
  vertex -6.6144095e-02 -3.5354755e-02 0.0000000e+00
  vertex -6.4329646e-02 -3.8557706e-02 0.0000000e+00
  vertex -6.4329646e-02 -3.8557706e-02 5.0000000e-03
 endloop
endfacet
facet normal -8.448536e-01 -5.349976e-01 0.000000e+00
 outer loop
  vertex -6.4329646e-02 -3.8557706e-02 0.0000000e+00
  vertex -6.2360221e-02 -4.1667767e-02 5.0000000e-03
  vertex -6.4329646e-02 -3.8557706e-02 5.0000000e-03
 endloop
endfacet
facet normal -8.448536e-01 -5.349976e-01 0.000000e+00
 outer loop
  vertex -6.4329646e-02 -3.8557706e-02 0.0000000e+00
  vertex -6.2360221e-02 -4.1667767e-02 0.0000000e+00
  vertex -6.2360221e-02 -4.1667767e-02 5.0000000e-03
 endloop
endfacet
facet normal -8.175848e-01 -5.758082e-01 0.000000e+00
 outer loop
  vertex -6.2360221e-02 -4.1667767e-02 0.0000000e+00
  vertex -6.0240565e-02 -4.4677448e-02 5.0000000e-03
  vertex -6.2360221e-02 -4.1667767e-02 5.0000000e-03
 endloop
endfacet
facet normal -8.175848e-01 -5.758082e-01 0.000000e+00
 outer loop
  vertex -6.2360221e-02 -4.1667767e-02 0.0000000e+00
  vertex -6.0240565e-02 -4.4677448e-02 0.0000000e+00
  vertex -6.0240565e-02 -4.4677448e-02 5.0000000e-03
 endloop
endfacet
facet normal -7.883464e-01 -6.152316e-01 0.000000e+00
 outer loop
  vertex -6.0240565e-02 -4.4677448e-02 0.0000000e+00
  vertex -5.7975784e-02 -4.7579496e-02 5.0000000e-03
  vertex -6.0240565e-02 -4.4677448e-02 5.0000000e-03
 endloop
endfacet
facet normal -7.883464e-01 -6.152316e-01 0.000000e+00
 outer loop
  vertex -6.0240565e-02 -4.4677448e-02 0.0000000e+00
  vertex -5.7975784e-02 -4.7579496e-02 0.0000000e+00
  vertex -5.7975784e-02 -4.7579496e-02 5.0000000e-03
 endloop
endfacet
facet normal -7.572088e-01 -6.531728e-01 0.000000e+00
 outer loop
  vertex -5.7975784e-02 -4.7579496e-02 0.0000000e+00
  vertex -5.5571334e-02 -5.0366922e-02 5.0000000e-03
  vertex -5.7975784e-02 -4.7579496e-02 5.0000000e-03
 endloop
endfacet
facet normal -7.572088e-01 -6.531728e-01 0.000000e+00
 outer loop
  vertex -5.7975784e-02 -4.7579496e-02 0.0000000e+00
  vertex -5.5571334e-02 -5.0366922e-02 0.0000000e+00
  vertex -5.5571334e-02 -5.0366922e-02 5.0000000e-03
 endloop
endfacet
facet normal -7.242471e-01 -6.895405e-01 0.000000e+00
 outer loop
  vertex -5.5571334e-02 -5.0366922e-02 0.0000000e+00
  vertex -5.3033009e-02 -5.3033009e-02 5.0000000e-03
  vertex -5.5571334e-02 -5.0366922e-02 5.0000000e-03
 endloop
endfacet
facet normal -7.242471e-01 -6.895405e-01 0.000000e+00
 outer loop
  vertex -5.5571334e-02 -5.0366922e-02 0.0000000e+00
  vertex -5.3033009e-02 -5.3033009e-02 0.0000000e+00
  vertex -5.3033009e-02 -5.3033009e-02 5.0000000e-03
 endloop
endfacet
facet normal -6.895405e-01 -7.242471e-01 0.000000e+00
 outer loop
  vertex -5.3033009e-02 -5.3033009e-02 0.0000000e+00
  vertex -5.0366922e-02 -5.5571334e-02 5.0000000e-03
  vertex -5.3033009e-02 -5.3033009e-02 5.0000000e-03
 endloop
endfacet
facet normal -6.895405e-01 -7.242471e-01 0.000000e+00
 outer loop
  vertex -5.3033009e-02 -5.3033009e-02 0.0000000e+00
  vertex -5.0366922e-02 -5.5571334e-02 0.0000000e+00
  vertex -5.0366922e-02 -5.5571334e-02 5.0000000e-03
 endloop
endfacet
facet normal -6.531728e-01 -7.572088e-01 0.000000e+00
 outer loop
  vertex -5.0366922e-02 -5.5571334e-02 0.0000000e+00
  vertex -4.7579496e-02 -5.7975784e-02 5.0000000e-03
  vertex -5.0366922e-02 -5.5571334e-02 5.0000000e-03
 endloop
endfacet
facet normal -6.531728e-01 -7.572088e-01 0.000000e+00
 outer loop
  vertex -5.0366922e-02 -5.5571334e-02 0.0000000e+00
  vertex -4.7579496e-02 -5.7975784e-02 0.0000000e+00
  vertex -4.7579496e-02 -5.7975784e-02 5.0000000e-03
 endloop
endfacet
facet normal -6.152316e-01 -7.883464e-01 0.000000e+00
 outer loop
  vertex -4.7579496e-02 -5.7975784e-02 0.0000000e+00
  vertex -4.4677448e-02 -6.0240565e-02 5.0000000e-03
  vertex -4.7579496e-02 -5.7975784e-02 5.0000000e-03
 endloop
endfacet
facet normal -6.152316e-01 -7.883464e-01 0.000000e+00
 outer loop
  vertex -4.7579496e-02 -5.7975784e-02 0.0000000e+00
  vertex -4.4677448e-02 -6.0240565e-02 0.0000000e+00
  vertex -4.4677448e-02 -6.0240565e-02 5.0000000e-03
 endloop
endfacet
facet normal -5.758082e-01 -8.175848e-01 0.000000e+00
 outer loop
  vertex -4.4677448e-02 -6.0240565e-02 0.0000000e+00
  vertex -4.1667767e-02 -6.2360221e-02 5.0000000e-03
  vertex -4.4677448e-02 -6.0240565e-02 5.0000000e-03
 endloop
endfacet
facet normal -5.758082e-01 -8.175848e-01 0.000000e+00
 outer loop
  vertex -4.4677448e-02 -6.0240565e-02 0.0000000e+00
  vertex -4.1667767e-02 -6.2360221e-02 0.0000000e+00
  vertex -4.1667767e-02 -6.2360221e-02 5.0000000e-03
 endloop
endfacet
facet normal -5.349976e-01 -8.448536e-01 0.000000e+00
 outer loop
  vertex -4.1667767e-02 -6.2360221e-02 0.0000000e+00
  vertex -3.8557706e-02 -6.4329646e-02 5.0000000e-03
  vertex -4.1667767e-02 -6.2360221e-02 5.0000000e-03
 endloop
endfacet
facet normal -5.349976e-01 -8.448536e-01 0.000000e+00
 outer loop
  vertex -4.1667767e-02 -6.2360221e-02 0.0000000e+00
  vertex -3.8557706e-02 -6.4329646e-02 0.0000000e+00
  vertex -3.8557706e-02 -6.4329646e-02 5.0000000e-03
 endloop
endfacet
facet normal -4.928982e-01 -8.700870e-01 0.000000e+00
 outer loop
  vertex -3.8557706e-02 -6.4329646e-02 0.0000000e+00
  vertex -3.5354755e-02 -6.6144095e-02 5.0000000e-03
  vertex -3.8557706e-02 -6.4329646e-02 5.0000000e-03
 endloop
endfacet
facet normal -4.928982e-01 -8.700870e-01 0.000000e+00
 outer loop
  vertex -3.8557706e-02 -6.4329646e-02 0.0000000e+00
  vertex -3.5354755e-02 -6.6144095e-02 0.0000000e+00
  vertex -3.5354755e-02 -6.6144095e-02 5.0000000e-03
 endloop
endfacet
facet normal -4.496113e-01 -8.932243e-01 0.000000e+00
 outer loop
  vertex -3.5354755e-02 -6.6144095e-02 0.0000000e+00
  vertex -3.2066632e-02 -6.7799197e-02 5.0000000e-03
  vertex -3.5354755e-02 -6.6144095e-02 5.0000000e-03
 endloop
endfacet
facet normal -4.496113e-01 -8.932243e-01 0.000000e+00
 outer loop
  vertex -3.5354755e-02 -6.6144095e-02 0.0000000e+00
  vertex -3.2066632e-02 -6.7799197e-02 0.0000000e+00
  vertex -3.2066632e-02 -6.7799197e-02 5.0000000e-03
 endloop
endfacet
facet normal -4.052413e-01 -9.142098e-01 0.000000e+00
 outer loop
  vertex -3.2066632e-02 -6.7799197e-02 0.0000000e+00
  vertex -2.8701257e-02 -6.9290965e-02 5.0000000e-03
  vertex -3.2066632e-02 -6.7799197e-02 5.0000000e-03
 endloop
endfacet
facet normal -4.052413e-01 -9.142098e-01 0.000000e+00
 outer loop
  vertex -3.2066632e-02 -6.7799197e-02 0.0000000e+00
  vertex -2.8701257e-02 -6.9290965e-02 0.0000000e+00
  vertex -2.8701257e-02 -6.9290965e-02 5.0000000e-03
 endloop
endfacet
facet normal -3.598950e-01 -9.329928e-01 0.000000e+00
 outer loop
  vertex -2.8701257e-02 -6.9290965e-02 0.0000000e+00
  vertex -2.5266739e-02 -7.0615805e-02 5.0000000e-03
  vertex -2.8701257e-02 -6.9290965e-02 5.0000000e-03
 endloop
endfacet
facet normal -3.598950e-01 -9.329928e-01 0.000000e+00
 outer loop
  vertex -2.8701257e-02 -6.9290965e-02 0.0000000e+00
  vertex -2.5266739e-02 -7.0615805e-02 0.0000000e+00
  vertex -2.5266739e-02 -7.0615805e-02 5.0000000e-03
 endloop
endfacet
facet normal -3.136817e-01 -9.495282e-01 0.000000e+00
 outer loop
  vertex -2.5266739e-02 -7.0615805e-02 0.0000000e+00
  vertex -2.1771351e-02 -7.1770525e-02 5.0000000e-03
  vertex -2.5266739e-02 -7.0615805e-02 5.0000000e-03
 endloop
endfacet
facet normal -3.136817e-01 -9.495282e-01 0.000000e+00
 outer loop
  vertex -2.5266739e-02 -7.0615805e-02 0.0000000e+00
  vertex -2.1771351e-02 -7.1770525e-02 0.0000000e+00
  vertex -2.1771351e-02 -7.1770525e-02 5.0000000e-03
 endloop
endfacet
facet normal -2.667128e-01 -9.637761e-01 0.000000e+00
 outer loop
  vertex -2.1771351e-02 -7.1770525e-02 0.0000000e+00
  vertex -1.8223513e-02 -7.2752344e-02 5.0000000e-03
  vertex -2.1771351e-02 -7.1770525e-02 5.0000000e-03
 endloop
endfacet
facet normal -2.667128e-01 -9.637761e-01 0.000000e+00
 outer loop
  vertex -2.1771351e-02 -7.1770525e-02 0.0000000e+00
  vertex -1.8223513e-02 -7.2752344e-02 0.0000000e+00
  vertex -1.8223513e-02 -7.2752344e-02 5.0000000e-03
 endloop
endfacet
facet normal -2.191012e-01 -9.757021e-01 0.000000e+00
 outer loop
  vertex -1.8223513e-02 -7.2752344e-02 0.0000000e+00
  vertex -1.4631774e-02 -7.3558896e-02 5.0000000e-03
  vertex -1.8223513e-02 -7.2752344e-02 5.0000000e-03
 endloop
endfacet
facet normal -2.191012e-01 -9.757021e-01 0.000000e+00
 outer loop
  vertex -1.8223513e-02 -7.2752344e-02 0.0000000e+00
  vertex -1.4631774e-02 -7.3558896e-02 0.0000000e+00
  vertex -1.4631774e-02 -7.3558896e-02 5.0000000e-03
 endloop
endfacet
facet normal -1.709619e-01 -9.852776e-01 0.000000e+00
 outer loop
  vertex -1.4631774e-02 -7.3558896e-02 0.0000000e+00
  vertex -1.1004786e-02 -7.4188238e-02 5.0000000e-03
  vertex -1.4631774e-02 -7.3558896e-02 5.0000000e-03
 endloop
endfacet
facet normal -1.709619e-01 -9.852776e-01 0.000000e+00
 outer loop
  vertex -1.4631774e-02 -7.3558896e-02 0.0000000e+00
  vertex -1.1004786e-02 -7.4188238e-02 0.0000000e+00
  vertex -1.1004786e-02 -7.4188238e-02 5.0000000e-03
 endloop
endfacet
facet normal -1.224107e-01 -9.924795e-01 0.000000e+00
 outer loop
  vertex -1.1004786e-02 -7.4188238e-02 0.0000000e+00
  vertex -7.3512855e-03 -7.4638855e-02 5.0000000e-03
  vertex -1.1004786e-02 -7.4188238e-02 5.0000000e-03
 endloop
endfacet
facet normal -1.224107e-01 -9.924795e-01 0.000000e+00
 outer loop
  vertex -1.1004786e-02 -7.4188238e-02 0.0000000e+00
  vertex -7.3512855e-03 -7.4638855e-02 0.0000000e+00
  vertex -7.3512855e-03 -7.4638855e-02 5.0000000e-03
 endloop
endfacet
facet normal -7.356456e-02 -9.972905e-01 0.000000e+00
 outer loop
  vertex -7.3512855e-03 -7.4638855e-02 0.0000000e+00
  vertex -3.6800756e-03 -7.4909659e-02 5.0000000e-03
  vertex -7.3512855e-03 -7.4638855e-02 5.0000000e-03
 endloop
endfacet
facet normal -7.356456e-02 -9.972905e-01 0.000000e+00
 outer loop
  vertex -7.3512855e-03 -7.4638855e-02 0.0000000e+00
  vertex -3.6800756e-03 -7.4909659e-02 0.0000000e+00
  vertex -3.6800756e-03 -7.4909659e-02 5.0000000e-03
 endloop
endfacet
facet normal -2.454123e-02 -9.996988e-01 0.000000e+00
 outer loop
  vertex -3.6800756e-03 -7.4909659e-02 0.0000000e+00
  vertex -1.3777276e-17 -7.5000000e-02 5.0000000e-03
  vertex -3.6800756e-03 -7.4909659e-02 5.0000000e-03
 endloop
endfacet
facet normal -2.454123e-02 -9.996988e-01 0.000000e+00
 outer loop
  vertex -3.6800756e-03 -7.4909659e-02 0.0000000e+00
  vertex -1.3777276e-17 -7.5000000e-02 0.0000000e+00
  vertex -1.3777276e-17 -7.5000000e-02 5.0000000e-03
 endloop
endfacet
facet normal 2.454123e-02 -9.996988e-01 0.000000e+00
 outer loop
  vertex -1.3777276e-17 -7.5000000e-02 0.0000000e+00
  vertex 3.6800756e-03 -7.4909659e-02 5.0000000e-03
  vertex -1.3777276e-17 -7.5000000e-02 5.0000000e-03
 endloop
endfacet
facet normal 2.454123e-02 -9.996988e-01 0.000000e+00
 outer loop
  vertex -1.3777276e-17 -7.5000000e-02 0.0000000e+00
  vertex 3.6800756e-03 -7.4909659e-02 0.0000000e+00
  vertex 3.6800756e-03 -7.4909659e-02 5.0000000e-03
 endloop
endfacet
facet normal 7.356456e-02 -9.972905e-01 0.000000e+00
 outer loop
  vertex 3.6800756e-03 -7.4909659e-02 0.0000000e+00
  vertex 7.3512855e-03 -7.4638855e-02 5.0000000e-03
  vertex 3.6800756e-03 -7.4909659e-02 5.0000000e-03
 endloop
endfacet
facet normal 7.356456e-02 -9.972905e-01 0.000000e+00
 outer loop
  vertex 3.6800756e-03 -7.4909659e-02 0.0000000e+00
  vertex 7.3512855e-03 -7.4638855e-02 0.0000000e+00
  vertex 7.3512855e-03 -7.4638855e-02 5.0000000e-03
 endloop
endfacet
facet normal 1.224107e-01 -9.924795e-01 0.000000e+00
 outer loop
  vertex 7.3512855e-03 -7.4638855e-02 0.0000000e+00
  vertex 1.1004786e-02 -7.4188238e-02 5.0000000e-03
  vertex 7.3512855e-03 -7.4638855e-02 5.0000000e-03
 endloop
endfacet
facet normal 1.224107e-01 -9.924795e-01 0.000000e+00
 outer loop
  vertex 7.3512855e-03 -7.4638855e-02 0.0000000e+00
  vertex 1.1004786e-02 -7.4188238e-02 0.0000000e+00
  vertex 1.1004786e-02 -7.4188238e-02 5.0000000e-03
 endloop
endfacet
facet normal 1.709619e-01 -9.852776e-01 0.000000e+00
 outer loop
  vertex 1.1004786e-02 -7.4188238e-02 0.0000000e+00
  vertex 1.4631774e-02 -7.3558896e-02 5.0000000e-03
  vertex 1.1004786e-02 -7.4188238e-02 5.0000000e-03
 endloop
endfacet
facet normal 1.709619e-01 -9.852776e-01 0.000000e+00
 outer loop
  vertex 1.1004786e-02 -7.4188238e-02 0.0000000e+00
  vertex 1.4631774e-02 -7.3558896e-02 0.0000000e+00
  vertex 1.4631774e-02 -7.3558896e-02 5.0000000e-03
 endloop
endfacet
facet normal 2.191012e-01 -9.757021e-01 0.000000e+00
 outer loop
  vertex 1.4631774e-02 -7.3558896e-02 0.0000000e+00
  vertex 1.8223513e-02 -7.2752344e-02 5.0000000e-03
  vertex 1.4631774e-02 -7.3558896e-02 5.0000000e-03
 endloop
endfacet
facet normal 2.191012e-01 -9.757021e-01 0.000000e+00
 outer loop
  vertex 1.4631774e-02 -7.3558896e-02 0.0000000e+00
  vertex 1.8223513e-02 -7.2752344e-02 0.0000000e+00
  vertex 1.8223513e-02 -7.2752344e-02 5.0000000e-03
 endloop
endfacet
facet normal 2.667128e-01 -9.637761e-01 0.000000e+00
 outer loop
  vertex 1.8223513e-02 -7.2752344e-02 0.0000000e+00
  vertex 2.1771351e-02 -7.1770525e-02 5.0000000e-03
  vertex 1.8223513e-02 -7.2752344e-02 5.0000000e-03
 endloop
endfacet
facet normal 2.667128e-01 -9.637761e-01 0.000000e+00
 outer loop
  vertex 1.8223513e-02 -7.2752344e-02 0.0000000e+00
  vertex 2.1771351e-02 -7.1770525e-02 0.0000000e+00
  vertex 2.1771351e-02 -7.1770525e-02 5.0000000e-03
 endloop
endfacet
facet normal 3.136817e-01 -9.495282e-01 0.000000e+00
 outer loop
  vertex 2.1771351e-02 -7.1770525e-02 0.0000000e+00
  vertex 2.5266739e-02 -7.0615805e-02 5.0000000e-03
  vertex 2.1771351e-02 -7.1770525e-02 5.0000000e-03
 endloop
endfacet
facet normal 3.136817e-01 -9.495282e-01 0.000000e+00
 outer loop
  vertex 2.1771351e-02 -7.1770525e-02 0.0000000e+00
  vertex 2.5266739e-02 -7.0615805e-02 0.0000000e+00
  vertex 2.5266739e-02 -7.0615805e-02 5.0000000e-03
 endloop
endfacet
facet normal 3.598950e-01 -9.329928e-01 0.000000e+00
 outer loop
  vertex 2.5266739e-02 -7.0615805e-02 0.0000000e+00
  vertex 2.8701257e-02 -6.9290965e-02 5.0000000e-03
  vertex 2.5266739e-02 -7.0615805e-02 5.0000000e-03
 endloop
endfacet
facet normal 3.598950e-01 -9.329928e-01 0.000000e+00
 outer loop
  vertex 2.5266739e-02 -7.0615805e-02 0.0000000e+00
  vertex 2.8701257e-02 -6.9290965e-02 0.0000000e+00
  vertex 2.8701257e-02 -6.9290965e-02 5.0000000e-03
 endloop
endfacet
facet normal 4.052413e-01 -9.142098e-01 0.000000e+00
 outer loop
  vertex 2.8701257e-02 -6.9290965e-02 0.0000000e+00
  vertex 3.2066632e-02 -6.7799197e-02 5.0000000e-03
  vertex 2.8701257e-02 -6.9290965e-02 5.0000000e-03
 endloop
endfacet
facet normal 4.052413e-01 -9.142098e-01 0.000000e+00
 outer loop
  vertex 2.8701257e-02 -6.9290965e-02 0.0000000e+00
  vertex 3.2066632e-02 -6.7799197e-02 0.0000000e+00
  vertex 3.2066632e-02 -6.7799197e-02 5.0000000e-03
 endloop
endfacet
facet normal 4.496113e-01 -8.932243e-01 0.000000e+00
 outer loop
  vertex 3.2066632e-02 -6.7799197e-02 0.0000000e+00
  vertex 3.5354755e-02 -6.6144095e-02 5.0000000e-03
  vertex 3.2066632e-02 -6.7799197e-02 5.0000000e-03
 endloop
endfacet
facet normal 4.496113e-01 -8.932243e-01 0.000000e+00
 outer loop
  vertex 3.2066632e-02 -6.7799197e-02 0.0000000e+00
  vertex 3.5354755e-02 -6.6144095e-02 0.0000000e+00
  vertex 3.5354755e-02 -6.6144095e-02 5.0000000e-03
 endloop
endfacet
facet normal 4.928982e-01 -8.700870e-01 0.000000e+00
 outer loop
  vertex 3.5354755e-02 -6.6144095e-02 0.0000000e+00
  vertex 3.8557706e-02 -6.4329646e-02 5.0000000e-03
  vertex 3.5354755e-02 -6.6144095e-02 5.0000000e-03
 endloop
endfacet
facet normal 4.928982e-01 -8.700870e-01 0.000000e+00
 outer loop
  vertex 3.5354755e-02 -6.6144095e-02 0.0000000e+00
  vertex 3.8557706e-02 -6.4329646e-02 0.0000000e+00
  vertex 3.8557706e-02 -6.4329646e-02 5.0000000e-03
 endloop
endfacet
facet normal 5.349976e-01 -8.448536e-01 0.000000e+00
 outer loop
  vertex 3.8557706e-02 -6.4329646e-02 0.0000000e+00
  vertex 4.1667767e-02 -6.2360221e-02 5.0000000e-03
  vertex 3.8557706e-02 -6.4329646e-02 5.0000000e-03
 endloop
endfacet
facet normal 5.349976e-01 -8.448536e-01 0.000000e+00
 outer loop
  vertex 3.8557706e-02 -6.4329646e-02 0.0000000e+00
  vertex 4.1667767e-02 -6.2360221e-02 0.0000000e+00
  vertex 4.1667767e-02 -6.2360221e-02 5.0000000e-03
 endloop
endfacet
facet normal 5.758082e-01 -8.175848e-01 0.000000e+00
 outer loop
  vertex 4.1667767e-02 -6.2360221e-02 0.0000000e+00
  vertex 4.4677448e-02 -6.0240565e-02 5.0000000e-03
  vertex 4.1667767e-02 -6.2360221e-02 5.0000000e-03
 endloop
endfacet
facet normal 5.758082e-01 -8.175848e-01 0.000000e+00
 outer loop
  vertex 4.1667767e-02 -6.2360221e-02 0.0000000e+00
  vertex 4.4677448e-02 -6.0240565e-02 0.0000000e+00
  vertex 4.4677448e-02 -6.0240565e-02 5.0000000e-03
 endloop
endfacet
facet normal 6.152316e-01 -7.883464e-01 0.000000e+00
 outer loop
  vertex 4.4677448e-02 -6.0240565e-02 0.0000000e+00
  vertex 4.7579496e-02 -5.7975784e-02 5.0000000e-03
  vertex 4.4677448e-02 -6.0240565e-02 5.0000000e-03
 endloop
endfacet
facet normal 6.152316e-01 -7.883464e-01 0.000000e+00
 outer loop
  vertex 4.4677448e-02 -6.0240565e-02 0.0000000e+00
  vertex 4.7579496e-02 -5.7975784e-02 0.0000000e+00
  vertex 4.7579496e-02 -5.7975784e-02 5.0000000e-03
 endloop
endfacet
facet normal 6.531728e-01 -7.572088e-01 0.000000e+00
 outer loop
  vertex 4.7579496e-02 -5.7975784e-02 0.0000000e+00
  vertex 5.0366922e-02 -5.5571334e-02 5.0000000e-03
  vertex 4.7579496e-02 -5.7975784e-02 5.0000000e-03
 endloop
endfacet
facet normal 6.531728e-01 -7.572088e-01 0.000000e+00
 outer loop
  vertex 4.7579496e-02 -5.7975784e-02 0.0000000e+00
  vertex 5.0366922e-02 -5.5571334e-02 0.0000000e+00
  vertex 5.0366922e-02 -5.5571334e-02 5.0000000e-03
 endloop
endfacet
facet normal 6.895405e-01 -7.242471e-01 0.000000e+00
 outer loop
  vertex 5.0366922e-02 -5.5571334e-02 0.0000000e+00
  vertex 5.3033009e-02 -5.3033009e-02 5.0000000e-03
  vertex 5.0366922e-02 -5.5571334e-02 5.0000000e-03
 endloop
endfacet
facet normal 6.895405e-01 -7.242471e-01 0.000000e+00
 outer loop
  vertex 5.0366922e-02 -5.5571334e-02 0.0000000e+00
  vertex 5.3033009e-02 -5.3033009e-02 0.0000000e+00
  vertex 5.3033009e-02 -5.3033009e-02 5.0000000e-03
 endloop
endfacet
facet normal 7.242471e-01 -6.895405e-01 0.000000e+00
 outer loop
  vertex 5.3033009e-02 -5.3033009e-02 0.0000000e+00
  vertex 5.5571334e-02 -5.0366922e-02 5.0000000e-03
  vertex 5.3033009e-02 -5.3033009e-02 5.0000000e-03
 endloop
endfacet
facet normal 7.242471e-01 -6.895405e-01 0.000000e+00
 outer loop
  vertex 5.3033009e-02 -5.3033009e-02 0.0000000e+00
  vertex 5.5571334e-02 -5.0366922e-02 0.0000000e+00
  vertex 5.5571334e-02 -5.0366922e-02 5.0000000e-03
 endloop
endfacet
facet normal 7.572088e-01 -6.531728e-01 0.000000e+00
 outer loop
  vertex 5.5571334e-02 -5.0366922e-02 0.0000000e+00
  vertex 5.7975784e-02 -4.7579496e-02 5.0000000e-03
  vertex 5.5571334e-02 -5.0366922e-02 5.0000000e-03
 endloop
endfacet
facet normal 7.572088e-01 -6.531728e-01 0.000000e+00
 outer loop
  vertex 5.5571334e-02 -5.0366922e-02 0.0000000e+00
  vertex 5.7975784e-02 -4.7579496e-02 0.0000000e+00
  vertex 5.7975784e-02 -4.7579496e-02 5.0000000e-03
 endloop
endfacet
facet normal 7.883464e-01 -6.152316e-01 0.000000e+00
 outer loop
  vertex 5.7975784e-02 -4.7579496e-02 0.0000000e+00
  vertex 6.0240565e-02 -4.4677448e-02 5.0000000e-03
  vertex 5.7975784e-02 -4.7579496e-02 5.0000000e-03
 endloop
endfacet
facet normal 7.883464e-01 -6.152316e-01 0.000000e+00
 outer loop
  vertex 5.7975784e-02 -4.7579496e-02 0.0000000e+00
  vertex 6.0240565e-02 -4.4677448e-02 0.0000000e+00
  vertex 6.0240565e-02 -4.4677448e-02 5.0000000e-03
 endloop
endfacet
facet normal 8.175848e-01 -5.758082e-01 0.000000e+00
 outer loop
  vertex 6.0240565e-02 -4.4677448e-02 0.0000000e+00
  vertex 6.2360221e-02 -4.1667767e-02 5.0000000e-03
  vertex 6.0240565e-02 -4.4677448e-02 5.0000000e-03
 endloop
endfacet
facet normal 8.175848e-01 -5.758082e-01 0.000000e+00
 outer loop
  vertex 6.0240565e-02 -4.4677448e-02 0.0000000e+00
  vertex 6.2360221e-02 -4.1667767e-02 0.0000000e+00
  vertex 6.2360221e-02 -4.1667767e-02 5.0000000e-03
 endloop
endfacet
facet normal 8.448536e-01 -5.349976e-01 0.000000e+00
 outer loop
  vertex 6.2360221e-02 -4.1667767e-02 0.0000000e+00
  vertex 6.4329646e-02 -3.8557706e-02 5.0000000e-03
  vertex 6.2360221e-02 -4.1667767e-02 5.0000000e-03
 endloop
endfacet
facet normal 8.448536e-01 -5.349976e-01 0.000000e+00
 outer loop
  vertex 6.2360221e-02 -4.1667767e-02 0.0000000e+00
  vertex 6.4329646e-02 -3.8557706e-02 0.0000000e+00
  vertex 6.4329646e-02 -3.8557706e-02 5.0000000e-03
 endloop
endfacet
facet normal 8.700870e-01 -4.928982e-01 0.000000e+00
 outer loop
  vertex 6.4329646e-02 -3.8557706e-02 0.0000000e+00
  vertex 6.6144095e-02 -3.5354755e-02 5.0000000e-03
  vertex 6.4329646e-02 -3.8557706e-02 5.0000000e-03
 endloop
endfacet
facet normal 8.700870e-01 -4.928982e-01 0.000000e+00
 outer loop
  vertex 6.4329646e-02 -3.8557706e-02 0.0000000e+00
  vertex 6.6144095e-02 -3.5354755e-02 0.0000000e+00
  vertex 6.6144095e-02 -3.5354755e-02 5.0000000e-03
 endloop
endfacet
facet normal 8.932243e-01 -4.496113e-01 0.000000e+00
 outer loop
  vertex 6.6144095e-02 -3.5354755e-02 0.0000000e+00
  vertex 6.7799197e-02 -3.2066632e-02 5.0000000e-03
  vertex 6.6144095e-02 -3.5354755e-02 5.0000000e-03
 endloop
endfacet
facet normal 8.932243e-01 -4.496113e-01 0.000000e+00
 outer loop
  vertex 6.6144095e-02 -3.5354755e-02 0.0000000e+00
  vertex 6.7799197e-02 -3.2066632e-02 0.0000000e+00
  vertex 6.7799197e-02 -3.2066632e-02 5.0000000e-03
 endloop
endfacet
facet normal 9.142098e-01 -4.052413e-01 0.000000e+00
 outer loop
  vertex 6.7799197e-02 -3.2066632e-02 0.0000000e+00
  vertex 6.9290965e-02 -2.8701257e-02 5.0000000e-03
  vertex 6.7799197e-02 -3.2066632e-02 5.0000000e-03
 endloop
endfacet
facet normal 9.142098e-01 -4.052413e-01 0.000000e+00
 outer loop
  vertex 6.7799197e-02 -3.2066632e-02 0.0000000e+00
  vertex 6.9290965e-02 -2.8701257e-02 0.0000000e+00
  vertex 6.9290965e-02 -2.8701257e-02 5.0000000e-03
 endloop
endfacet
facet normal 9.329928e-01 -3.598950e-01 0.000000e+00
 outer loop
  vertex 6.9290965e-02 -2.8701257e-02 0.0000000e+00
  vertex 7.0615805e-02 -2.5266739e-02 5.0000000e-03
  vertex 6.9290965e-02 -2.8701257e-02 5.0000000e-03
 endloop
endfacet
facet normal 9.329928e-01 -3.598950e-01 0.000000e+00
 outer loop
  vertex 6.9290965e-02 -2.8701257e-02 0.0000000e+00
  vertex 7.0615805e-02 -2.5266739e-02 0.0000000e+00
  vertex 7.0615805e-02 -2.5266739e-02 5.0000000e-03
 endloop
endfacet
facet normal 9.495282e-01 -3.136817e-01 0.000000e+00
 outer loop
  vertex 7.0615805e-02 -2.5266739e-02 0.0000000e+00
  vertex 7.1770525e-02 -2.1771351e-02 5.0000000e-03
  vertex 7.0615805e-02 -2.5266739e-02 5.0000000e-03
 endloop
endfacet
facet normal 9.495282e-01 -3.136817e-01 0.000000e+00
 outer loop
  vertex 7.0615805e-02 -2.5266739e-02 0.0000000e+00
  vertex 7.1770525e-02 -2.1771351e-02 0.0000000e+00
  vertex 7.1770525e-02 -2.1771351e-02 5.0000000e-03
 endloop
endfacet
facet normal 9.637761e-01 -2.667128e-01 0.000000e+00
 outer loop
  vertex 7.1770525e-02 -2.1771351e-02 0.0000000e+00
  vertex 7.2752344e-02 -1.8223513e-02 5.0000000e-03
  vertex 7.1770525e-02 -2.1771351e-02 5.0000000e-03
 endloop
endfacet
facet normal 9.637761e-01 -2.667128e-01 0.000000e+00
 outer loop
  vertex 7.1770525e-02 -2.1771351e-02 0.0000000e+00
  vertex 7.2752344e-02 -1.8223513e-02 0.0000000e+00
  vertex 7.2752344e-02 -1.8223513e-02 5.0000000e-03
 endloop
endfacet
facet normal 9.757021e-01 -2.191012e-01 0.000000e+00
 outer loop
  vertex 7.2752344e-02 -1.8223513e-02 0.0000000e+00
  vertex 7.3558896e-02 -1.4631774e-02 5.0000000e-03
  vertex 7.2752344e-02 -1.8223513e-02 5.0000000e-03
 endloop
endfacet
facet normal 9.757021e-01 -2.191012e-01 0.000000e+00
 outer loop
  vertex 7.2752344e-02 -1.8223513e-02 0.0000000e+00
  vertex 7.3558896e-02 -1.4631774e-02 0.0000000e+00
  vertex 7.3558896e-02 -1.4631774e-02 5.0000000e-03
 endloop
endfacet
facet normal 9.852776e-01 -1.709619e-01 0.000000e+00
 outer loop
  vertex 7.3558896e-02 -1.4631774e-02 0.0000000e+00
  vertex 7.4188238e-02 -1.1004786e-02 5.0000000e-03
  vertex 7.3558896e-02 -1.4631774e-02 5.0000000e-03
 endloop
endfacet
facet normal 9.852776e-01 -1.709619e-01 0.000000e+00
 outer loop
  vertex 7.3558896e-02 -1.4631774e-02 0.0000000e+00
  vertex 7.4188238e-02 -1.1004786e-02 0.0000000e+00
  vertex 7.4188238e-02 -1.1004786e-02 5.0000000e-03
 endloop
endfacet
facet normal 9.924795e-01 -1.224107e-01 0.000000e+00
 outer loop
  vertex 7.4188238e-02 -1.1004786e-02 0.0000000e+00
  vertex 7.4638855e-02 -7.3512855e-03 5.0000000e-03
  vertex 7.4188238e-02 -1.1004786e-02 5.0000000e-03
 endloop
endfacet
facet normal 9.924795e-01 -1.224107e-01 0.000000e+00
 outer loop
  vertex 7.4188238e-02 -1.1004786e-02 0.0000000e+00
  vertex 7.4638855e-02 -7.3512855e-03 0.0000000e+00
  vertex 7.4638855e-02 -7.3512855e-03 5.0000000e-03
 endloop
endfacet
facet normal 9.972905e-01 -7.356456e-02 0.000000e+00
 outer loop
  vertex 7.4638855e-02 -7.3512855e-03 0.0000000e+00
  vertex 7.4909659e-02 -3.6800756e-03 5.0000000e-03
  vertex 7.4638855e-02 -7.3512855e-03 5.0000000e-03
 endloop
endfacet
facet normal 9.972905e-01 -7.356456e-02 0.000000e+00
 outer loop
  vertex 7.4638855e-02 -7.3512855e-03 0.0000000e+00
  vertex 7.4909659e-02 -3.6800756e-03 0.0000000e+00
  vertex 7.4909659e-02 -3.6800756e-03 5.0000000e-03
 endloop
endfacet
facet normal 9.996988e-01 -2.454123e-02 0.000000e+00
 outer loop
  vertex 7.4909659e-02 -3.6800756e-03 0.0000000e+00
  vertex 7.5000000e-02 0.0000000e+00 5.0000000e-03
  vertex 7.4909659e-02 -3.6800756e-03 5.0000000e-03
 endloop
endfacet
facet normal 9.996988e-01 -2.454123e-02 0.000000e+00
 outer loop
  vertex 7.4909659e-02 -3.6800756e-03 0.0000000e+00
  vertex 7.5000000e-02 0.0000000e+00 0.0000000e+00
  vertex 7.5000000e-02 0.0000000e+00 5.0000000e-03
 endloop
endfacet
facet normal 0.000000e+00 0.000000e+00 1.000000e+00
 outer loop
  vertex 7.5000000e-02 0.0000000e+00 5.0000000e-03
  vertex 2.2972295e-02 1.1285565e-03 5.0000000e-03
  vertex 2.3000000e-02 0.0000000e+00 5.0000000e-03
 endloop
endfacet
facet normal 0.000000e+00 0.000000e+00 1.000000e+00
 outer loop
  vertex 7.5000000e-02 0.0000000e+00 5.0000000e-03
  vertex 7.4909659e-02 3.6800756e-03 5.0000000e-03
  vertex 2.2972295e-02 1.1285565e-03 5.0000000e-03
 endloop
endfacet
facet normal 0.000000e+00 0.000000e+00 1.000000e+00
 outer loop
  vertex 7.4909659e-02 3.6800756e-03 5.0000000e-03
  vertex 2.2889249e-02 2.2543942e-03 5.0000000e-03
  vertex 2.2972295e-02 1.1285565e-03 5.0000000e-03
 endloop
endfacet
facet normal 0.000000e+00 0.000000e+00 1.000000e+00
 outer loop
  vertex 7.4909659e-02 3.6800756e-03 5.0000000e-03
  vertex 7.4638855e-02 7.3512855e-03 5.0000000e-03
  vertex 2.2889249e-02 2.2543942e-03 5.0000000e-03
 endloop
endfacet
facet normal 0.000000e+00 0.000000e+00 1.000000e+00
 outer loop
  vertex 7.4638855e-02 7.3512855e-03 5.0000000e-03
  vertex 2.2751060e-02 3.3748009e-03 5.0000000e-03
  vertex 2.2889249e-02 2.2543942e-03 5.0000000e-03
 endloop
endfacet
facet normal 0.000000e+00 0.000000e+00 1.000000e+00
 outer loop
  vertex 7.4638855e-02 7.3512855e-03 5.0000000e-03
  vertex 7.4188238e-02 1.1004786e-02 5.0000000e-03
  vertex 2.2751060e-02 3.3748009e-03 5.0000000e-03
 endloop
endfacet
facet normal 0.000000e+00 0.000000e+00 1.000000e+00
 outer loop
  vertex 7.4188238e-02 1.1004786e-02 5.0000000e-03
  vertex 2.2558061e-02 4.4870774e-03 5.0000000e-03
  vertex 2.2751060e-02 3.3748009e-03 5.0000000e-03
 endloop
endfacet
facet normal 0.000000e+00 0.000000e+00 1.000000e+00
 outer loop
  vertex 7.4188238e-02 1.1004786e-02 5.0000000e-03
  vertex 7.3558896e-02 1.4631774e-02 5.0000000e-03
  vertex 2.2558061e-02 4.4870774e-03 5.0000000e-03
 endloop
endfacet
facet normal 0.000000e+00 0.000000e+00 1.000000e+00
 outer loop
  vertex 7.3558896e-02 1.4631774e-02 5.0000000e-03
  vertex 2.2310719e-02 5.5885441e-03 5.0000000e-03
  vertex 2.2558061e-02 4.4870774e-03 5.0000000e-03
 endloop
endfacet
facet normal 0.000000e+00 0.000000e+00 1.000000e+00
 outer loop
  vertex 7.3558896e-02 1.4631774e-02 5.0000000e-03
  vertex 7.2752344e-02 1.8223513e-02 5.0000000e-03
  vertex 2.2310719e-02 5.5885441e-03 5.0000000e-03
 endloop
endfacet
facet normal 0.000000e+00 0.000000e+00 1.000000e+00
 outer loop
  vertex 7.2752344e-02 1.8223513e-02 5.0000000e-03
  vertex 2.2009628e-02 6.6765476e-03 5.0000000e-03
  vertex 2.2310719e-02 5.5885441e-03 5.0000000e-03
 endloop
endfacet
facet normal 0.000000e+00 0.000000e+00 1.000000e+00
 outer loop
  vertex 7.2752344e-02 1.8223513e-02 5.0000000e-03
  vertex 7.1770525e-02 2.1771351e-02 5.0000000e-03
  vertex 2.2009628e-02 6.6765476e-03 5.0000000e-03
 endloop
endfacet
facet normal 0.000000e+00 0.000000e+00 1.000000e+00
 outer loop
  vertex 7.1770525e-02 2.1771351e-02 5.0000000e-03
  vertex 2.1655513e-02 7.7484666e-03 5.0000000e-03
  vertex 2.2009628e-02 6.6765476e-03 5.0000000e-03
 endloop
endfacet
facet normal 0.000000e+00 0.000000e+00 1.000000e+00
 outer loop
  vertex 7.1770525e-02 2.1771351e-02 5.0000000e-03
  vertex 7.0615805e-02 2.5266739e-02 5.0000000e-03
  vertex 2.1655513e-02 7.7484666e-03 5.0000000e-03
 endloop
endfacet
facet normal 0.000000e+00 0.000000e+00 1.000000e+00
 outer loop
  vertex 7.0615805e-02 2.5266739e-02 5.0000000e-03
  vertex 2.1249229e-02 8.8017189e-03 5.0000000e-03
  vertex 2.1655513e-02 7.7484666e-03 5.0000000e-03
 endloop
endfacet
facet normal 0.000000e+00 0.000000e+00 1.000000e+00
 outer loop
  vertex 7.0615805e-02 2.5266739e-02 5.0000000e-03
  vertex 6.9290965e-02 2.8701257e-02 5.0000000e-03
  vertex 2.1249229e-02 8.8017189e-03 5.0000000e-03
 endloop
endfacet
facet normal 0.000000e+00 0.000000e+00 1.000000e+00
 outer loop
  vertex 6.9290965e-02 2.8701257e-02 5.0000000e-03
  vertex 2.0791754e-02 9.8337671e-03 5.0000000e-03
  vertex 2.1249229e-02 8.8017189e-03 5.0000000e-03
 endloop
endfacet
facet normal 0.000000e+00 0.000000e+00 1.000000e+00
 outer loop
  vertex 6.9290965e-02 2.8701257e-02 5.0000000e-03
  vertex 6.7799197e-02 3.2066632e-02 5.0000000e-03
  vertex 2.0791754e-02 9.8337671e-03 5.0000000e-03
 endloop
endfacet
facet normal 0.000000e+00 0.000000e+00 1.000000e+00
 outer loop
  vertex 6.7799197e-02 3.2066632e-02 5.0000000e-03
  vertex 2.0284189e-02 1.0842125e-02 5.0000000e-03
  vertex 2.0791754e-02 9.8337671e-03 5.0000000e-03
 endloop
endfacet
facet normal 0.000000e+00 0.000000e+00 1.000000e+00
 outer loop
  vertex 6.7799197e-02 3.2066632e-02 5.0000000e-03
  vertex 6.6144095e-02 3.5354755e-02 5.0000000e-03
  vertex 2.0284189e-02 1.0842125e-02 5.0000000e-03
 endloop
endfacet
facet normal 0.000000e+00 0.000000e+00 1.000000e+00
 outer loop
  vertex 6.6144095e-02 3.5354755e-02 5.0000000e-03
  vertex 1.9727758e-02 1.1824363e-02 5.0000000e-03
  vertex 2.0284189e-02 1.0842125e-02 5.0000000e-03
 endloop
endfacet
facet normal 0.000000e+00 0.000000e+00 1.000000e+00
 outer loop
  vertex 6.6144095e-02 3.5354755e-02 5.0000000e-03
  vertex 6.4329646e-02 3.8557706e-02 5.0000000e-03
  vertex 1.9727758e-02 1.1824363e-02 5.0000000e-03
 endloop
endfacet
facet normal 0.000000e+00 0.000000e+00 1.000000e+00
 outer loop
  vertex 6.4329646e-02 3.8557706e-02 5.0000000e-03
  vertex 1.9123801e-02 1.2778115e-02 5.0000000e-03
  vertex 1.9727758e-02 1.1824363e-02 5.0000000e-03
 endloop
endfacet
facet normal 0.000000e+00 0.000000e+00 1.000000e+00
 outer loop
  vertex 6.4329646e-02 3.8557706e-02 5.0000000e-03
  vertex 6.2360221e-02 4.1667767e-02 5.0000000e-03
  vertex 1.9123801e-02 1.2778115e-02 5.0000000e-03
 endloop
endfacet
facet normal 0.000000e+00 0.000000e+00 1.000000e+00
 outer loop
  vertex 6.2360221e-02 4.1667767e-02 5.0000000e-03
  vertex 1.8473773e-02 1.3701084e-02 5.0000000e-03
  vertex 1.9123801e-02 1.2778115e-02 5.0000000e-03
 endloop
endfacet
facet normal 0.000000e+00 0.000000e+00 1.000000e+00
 outer loop
  vertex 6.2360221e-02 4.1667767e-02 5.0000000e-03
  vertex 6.0240565e-02 4.4677448e-02 5.0000000e-03
  vertex 1.8473773e-02 1.3701084e-02 5.0000000e-03
 endloop
endfacet
facet normal 0.000000e+00 0.000000e+00 1.000000e+00
 outer loop
  vertex 6.0240565e-02 4.4677448e-02 5.0000000e-03
  vertex 1.7779240e-02 1.4591046e-02 5.0000000e-03
  vertex 1.8473773e-02 1.3701084e-02 5.0000000e-03
 endloop
endfacet
facet normal 0.000000e+00 0.000000e+00 1.000000e+00
 outer loop
  vertex 6.0240565e-02 4.4677448e-02 5.0000000e-03
  vertex 5.7975784e-02 4.7579496e-02 5.0000000e-03
  vertex 1.7779240e-02 1.4591046e-02 5.0000000e-03
 endloop
endfacet
facet normal 0.000000e+00 0.000000e+00 1.000000e+00
 outer loop
  vertex 5.7975784e-02 4.7579496e-02 5.0000000e-03
  vertex 1.7041876e-02 1.5445856e-02 5.0000000e-03
  vertex 1.7779240e-02 1.4591046e-02 5.0000000e-03
 endloop
endfacet
facet normal 0.000000e+00 0.000000e+00 1.000000e+00
 outer loop
  vertex 5.7975784e-02 4.7579496e-02 5.0000000e-03
  vertex 5.5571334e-02 5.0366922e-02 5.0000000e-03
  vertex 1.7041876e-02 1.5445856e-02 5.0000000e-03
 endloop
endfacet
facet normal 0.000000e+00 0.000000e+00 1.000000e+00
 outer loop
  vertex 5.5571334e-02 5.0366922e-02 5.0000000e-03
  vertex 1.6263456e-02 1.6263456e-02 5.0000000e-03
  vertex 1.7041876e-02 1.5445856e-02 5.0000000e-03
 endloop
endfacet
facet normal 0.000000e+00 0.000000e+00 1.000000e+00
 outer loop
  vertex 5.5571334e-02 5.0366922e-02 5.0000000e-03
  vertex 5.3033009e-02 5.3033009e-02 5.0000000e-03
  vertex 1.6263456e-02 1.6263456e-02 5.0000000e-03
 endloop
endfacet
facet normal 0.000000e+00 0.000000e+00 1.000000e+00
 outer loop
  vertex 5.3033009e-02 5.3033009e-02 5.0000000e-03
  vertex 1.5445856e-02 1.7041876e-02 5.0000000e-03
  vertex 1.6263456e-02 1.6263456e-02 5.0000000e-03
 endloop
endfacet
facet normal 0.000000e+00 0.000000e+00 1.000000e+00
 outer loop
  vertex 5.3033009e-02 5.3033009e-02 5.0000000e-03
  vertex 5.0366922e-02 5.5571334e-02 5.0000000e-03
  vertex 1.5445856e-02 1.7041876e-02 5.0000000e-03
 endloop
endfacet
facet normal 0.000000e+00 0.000000e+00 1.000000e+00
 outer loop
  vertex 5.0366922e-02 5.5571334e-02 5.0000000e-03
  vertex 1.4591046e-02 1.7779240e-02 5.0000000e-03
  vertex 1.5445856e-02 1.7041876e-02 5.0000000e-03
 endloop
endfacet
facet normal 0.000000e+00 0.000000e+00 1.000000e+00
 outer loop
  vertex 5.0366922e-02 5.5571334e-02 5.0000000e-03
  vertex 4.7579496e-02 5.7975784e-02 5.0000000e-03
  vertex 1.4591046e-02 1.7779240e-02 5.0000000e-03
 endloop
endfacet
facet normal 0.000000e+00 0.000000e+00 1.000000e+00
 outer loop
  vertex 4.7579496e-02 5.7975784e-02 5.0000000e-03
  vertex 1.3701084e-02 1.8473773e-02 5.0000000e-03
  vertex 1.4591046e-02 1.7779240e-02 5.0000000e-03
 endloop
endfacet
facet normal 0.000000e+00 0.000000e+00 1.000000e+00
 outer loop
  vertex 4.7579496e-02 5.7975784e-02 5.0000000e-03
  vertex 4.4677448e-02 6.0240565e-02 5.0000000e-03
  vertex 1.3701084e-02 1.8473773e-02 5.0000000e-03
 endloop
endfacet
facet normal 0.000000e+00 0.000000e+00 1.000000e+00
 outer loop
  vertex 4.4677448e-02 6.0240565e-02 5.0000000e-03
  vertex 1.2778115e-02 1.9123801e-02 5.0000000e-03
  vertex 1.3701084e-02 1.8473773e-02 5.0000000e-03
 endloop
endfacet
facet normal 0.000000e+00 0.000000e+00 1.000000e+00
 outer loop
  vertex 4.4677448e-02 6.0240565e-02 5.0000000e-03
  vertex 4.1667767e-02 6.2360221e-02 5.0000000e-03
  vertex 1.2778115e-02 1.9123801e-02 5.0000000e-03
 endloop
endfacet
facet normal 0.000000e+00 0.000000e+00 1.000000e+00
 outer loop
  vertex 4.1667767e-02 6.2360221e-02 5.0000000e-03
  vertex 1.1824363e-02 1.9727758e-02 5.0000000e-03
  vertex 1.2778115e-02 1.9123801e-02 5.0000000e-03
 endloop
endfacet
facet normal 0.000000e+00 0.000000e+00 1.000000e+00
 outer loop
  vertex 4.1667767e-02 6.2360221e-02 5.0000000e-03
  vertex 3.8557706e-02 6.4329646e-02 5.0000000e-03
  vertex 1.1824363e-02 1.9727758e-02 5.0000000e-03
 endloop
endfacet
facet normal 0.000000e+00 0.000000e+00 1.000000e+00
 outer loop
  vertex 3.8557706e-02 6.4329646e-02 5.0000000e-03
  vertex 1.0842125e-02 2.0284189e-02 5.0000000e-03
  vertex 1.1824363e-02 1.9727758e-02 5.0000000e-03
 endloop
endfacet
facet normal 0.000000e+00 0.000000e+00 1.000000e+00
 outer loop
  vertex 3.8557706e-02 6.4329646e-02 5.0000000e-03
  vertex 3.5354755e-02 6.6144095e-02 5.0000000e-03
  vertex 1.0842125e-02 2.0284189e-02 5.0000000e-03
 endloop
endfacet
facet normal 0.000000e+00 0.000000e+00 1.000000e+00
 outer loop
  vertex 3.5354755e-02 6.6144095e-02 5.0000000e-03
  vertex 9.8337671e-03 2.0791754e-02 5.0000000e-03
  vertex 1.0842125e-02 2.0284189e-02 5.0000000e-03
 endloop
endfacet
facet normal 0.000000e+00 0.000000e+00 1.000000e+00
 outer loop
  vertex 3.5354755e-02 6.6144095e-02 5.0000000e-03
  vertex 3.2066632e-02 6.7799197e-02 5.0000000e-03
  vertex 9.8337671e-03 2.0791754e-02 5.0000000e-03
 endloop
endfacet
facet normal 0.000000e+00 0.000000e+00 1.000000e+00
 outer loop
  vertex 3.2066632e-02 6.7799197e-02 5.0000000e-03
  vertex 8.8017189e-03 2.1249229e-02 5.0000000e-03
  vertex 9.8337671e-03 2.0791754e-02 5.0000000e-03
 endloop
endfacet
facet normal 0.000000e+00 0.000000e+00 1.000000e+00
 outer loop
  vertex 3.2066632e-02 6.7799197e-02 5.0000000e-03
  vertex 2.8701257e-02 6.9290965e-02 5.0000000e-03
  vertex 8.8017189e-03 2.1249229e-02 5.0000000e-03
 endloop
endfacet
facet normal 0.000000e+00 0.000000e+00 1.000000e+00
 outer loop
  vertex 2.8701257e-02 6.9290965e-02 5.0000000e-03
  vertex 7.7484666e-03 2.1655513e-02 5.0000000e-03
  vertex 8.8017189e-03 2.1249229e-02 5.0000000e-03
 endloop
endfacet
facet normal 0.000000e+00 0.000000e+00 1.000000e+00
 outer loop
  vertex 2.8701257e-02 6.9290965e-02 5.0000000e-03
  vertex 2.5266739e-02 7.0615805e-02 5.0000000e-03
  vertex 7.7484666e-03 2.1655513e-02 5.0000000e-03
 endloop
endfacet
facet normal 0.000000e+00 0.000000e+00 1.000000e+00
 outer loop
  vertex 2.5266739e-02 7.0615805e-02 5.0000000e-03
  vertex 6.6765476e-03 2.2009628e-02 5.0000000e-03
  vertex 7.7484666e-03 2.1655513e-02 5.0000000e-03
 endloop
endfacet
facet normal 0.000000e+00 0.000000e+00 1.000000e+00
 outer loop
  vertex 2.5266739e-02 7.0615805e-02 5.0000000e-03
  vertex 2.1771351e-02 7.1770525e-02 5.0000000e-03
  vertex 6.6765476e-03 2.2009628e-02 5.0000000e-03
 endloop
endfacet
facet normal 0.000000e+00 0.000000e+00 1.000000e+00
 outer loop
  vertex 2.1771351e-02 7.1770525e-02 5.0000000e-03
  vertex 5.5885441e-03 2.2310719e-02 5.0000000e-03
  vertex 6.6765476e-03 2.2009628e-02 5.0000000e-03
 endloop
endfacet
facet normal 0.000000e+00 0.000000e+00 1.000000e+00
 outer loop
  vertex 2.1771351e-02 7.1770525e-02 5.0000000e-03
  vertex 1.8223513e-02 7.2752344e-02 5.0000000e-03
  vertex 5.5885441e-03 2.2310719e-02 5.0000000e-03
 endloop
endfacet
facet normal 0.000000e+00 0.000000e+00 1.000000e+00
 outer loop
  vertex 1.8223513e-02 7.2752344e-02 5.0000000e-03
  vertex 4.4870774e-03 2.2558061e-02 5.0000000e-03
  vertex 5.5885441e-03 2.2310719e-02 5.0000000e-03
 endloop
endfacet
facet normal 0.000000e+00 0.000000e+00 1.000000e+00
 outer loop
  vertex 1.8223513e-02 7.2752344e-02 5.0000000e-03
  vertex 1.4631774e-02 7.3558896e-02 5.0000000e-03
  vertex 4.4870774e-03 2.2558061e-02 5.0000000e-03
 endloop
endfacet
facet normal 0.000000e+00 0.000000e+00 1.000000e+00
 outer loop
  vertex 1.4631774e-02 7.3558896e-02 5.0000000e-03
  vertex 3.3748009e-03 2.2751060e-02 5.0000000e-03
  vertex 4.4870774e-03 2.2558061e-02 5.0000000e-03
 endloop
endfacet
facet normal 0.000000e+00 0.000000e+00 1.000000e+00
 outer loop
  vertex 1.4631774e-02 7.3558896e-02 5.0000000e-03
  vertex 1.1004786e-02 7.4188238e-02 5.0000000e-03
  vertex 3.3748009e-03 2.2751060e-02 5.0000000e-03
 endloop
endfacet
facet normal 0.000000e+00 0.000000e+00 1.000000e+00
 outer loop
  vertex 1.1004786e-02 7.4188238e-02 5.0000000e-03
  vertex 2.2543942e-03 2.2889249e-02 5.0000000e-03
  vertex 3.3748009e-03 2.2751060e-02 5.0000000e-03
 endloop
endfacet
facet normal 0.000000e+00 0.000000e+00 1.000000e+00
 outer loop
  vertex 1.1004786e-02 7.4188238e-02 5.0000000e-03
  vertex 7.3512855e-03 7.4638855e-02 5.0000000e-03
  vertex 2.2543942e-03 2.2889249e-02 5.0000000e-03
 endloop
endfacet
facet normal 0.000000e+00 0.000000e+00 1.000000e+00
 outer loop
  vertex 7.3512855e-03 7.4638855e-02 5.0000000e-03
  vertex 1.1285565e-03 2.2972295e-02 5.0000000e-03
  vertex 2.2543942e-03 2.2889249e-02 5.0000000e-03
 endloop
endfacet
facet normal 0.000000e+00 0.000000e+00 1.000000e+00
 outer loop
  vertex 7.3512855e-03 7.4638855e-02 5.0000000e-03
  vertex 3.6800756e-03 7.4909659e-02 5.0000000e-03
  vertex 1.1285565e-03 2.2972295e-02 5.0000000e-03
 endloop
endfacet
facet normal 0.000000e+00 0.000000e+00 1.000000e+00
 outer loop
  vertex 3.6800756e-03 7.4909659e-02 5.0000000e-03
  vertex 1.4083438e-18 2.3000000e-02 5.0000000e-03
  vertex 1.1285565e-03 2.2972295e-02 5.0000000e-03
 endloop
endfacet
facet normal 0.000000e+00 0.000000e+00 1.000000e+00
 outer loop
  vertex 3.6800756e-03 7.4909659e-02 5.0000000e-03
  vertex 4.5924255e-18 7.5000000e-02 5.0000000e-03
  vertex 1.4083438e-18 2.3000000e-02 5.0000000e-03
 endloop
endfacet
facet normal 0.000000e+00 0.000000e+00 1.000000e+00
 outer loop
  vertex 4.5924255e-18 7.5000000e-02 5.0000000e-03
  vertex -1.1285565e-03 2.2972295e-02 5.0000000e-03
  vertex 1.4083438e-18 2.3000000e-02 5.0000000e-03
 endloop
endfacet
facet normal 0.000000e+00 0.000000e+00 1.000000e+00
 outer loop
  vertex 4.5924255e-18 7.5000000e-02 5.0000000e-03
  vertex -3.6800756e-03 7.4909659e-02 5.0000000e-03
  vertex -1.1285565e-03 2.2972295e-02 5.0000000e-03
 endloop
endfacet
facet normal 0.000000e+00 0.000000e+00 1.000000e+00
 outer loop
  vertex -3.6800756e-03 7.4909659e-02 5.0000000e-03
  vertex -2.2543942e-03 2.2889249e-02 5.0000000e-03
  vertex -1.1285565e-03 2.2972295e-02 5.0000000e-03
 endloop
endfacet
facet normal 0.000000e+00 0.000000e+00 1.000000e+00
 outer loop
  vertex -3.6800756e-03 7.4909659e-02 5.0000000e-03
  vertex -7.3512855e-03 7.4638855e-02 5.0000000e-03
  vertex -2.2543942e-03 2.2889249e-02 5.0000000e-03
 endloop
endfacet
facet normal 0.000000e+00 0.000000e+00 1.000000e+00
 outer loop
  vertex -7.3512855e-03 7.4638855e-02 5.0000000e-03
  vertex -3.3748009e-03 2.2751060e-02 5.0000000e-03
  vertex -2.2543942e-03 2.2889249e-02 5.0000000e-03
 endloop
endfacet
facet normal 0.000000e+00 0.000000e+00 1.000000e+00
 outer loop
  vertex -7.3512855e-03 7.4638855e-02 5.0000000e-03
  vertex -1.1004786e-02 7.4188238e-02 5.0000000e-03
  vertex -3.3748009e-03 2.2751060e-02 5.0000000e-03
 endloop
endfacet
facet normal 0.000000e+00 0.000000e+00 1.000000e+00
 outer loop
  vertex -1.1004786e-02 7.4188238e-02 5.0000000e-03
  vertex -4.4870774e-03 2.2558061e-02 5.0000000e-03
  vertex -3.3748009e-03 2.2751060e-02 5.0000000e-03
 endloop
endfacet
facet normal 0.000000e+00 0.000000e+00 1.000000e+00
 outer loop
  vertex -1.1004786e-02 7.4188238e-02 5.0000000e-03
  vertex -1.4631774e-02 7.3558896e-02 5.0000000e-03
  vertex -4.4870774e-03 2.2558061e-02 5.0000000e-03
 endloop
endfacet
facet normal 0.000000e+00 0.000000e+00 1.000000e+00
 outer loop
  vertex -1.4631774e-02 7.3558896e-02 5.0000000e-03
  vertex -5.5885441e-03 2.2310719e-02 5.0000000e-03
  vertex -4.4870774e-03 2.2558061e-02 5.0000000e-03
 endloop
endfacet
facet normal 0.000000e+00 0.000000e+00 1.000000e+00
 outer loop
  vertex -1.4631774e-02 7.3558896e-02 5.0000000e-03
  vertex -1.8223513e-02 7.2752344e-02 5.0000000e-03
  vertex -5.5885441e-03 2.2310719e-02 5.0000000e-03
 endloop
endfacet
facet normal 0.000000e+00 0.000000e+00 1.000000e+00
 outer loop
  vertex -1.8223513e-02 7.2752344e-02 5.0000000e-03
  vertex -6.6765476e-03 2.2009628e-02 5.0000000e-03
  vertex -5.5885441e-03 2.2310719e-02 5.0000000e-03
 endloop
endfacet
facet normal 0.000000e+00 0.000000e+00 1.000000e+00
 outer loop
  vertex -1.8223513e-02 7.2752344e-02 5.0000000e-03
  vertex -2.1771351e-02 7.1770525e-02 5.0000000e-03
  vertex -6.6765476e-03 2.2009628e-02 5.0000000e-03
 endloop
endfacet
facet normal 0.000000e+00 0.000000e+00 1.000000e+00
 outer loop
  vertex -2.1771351e-02 7.1770525e-02 5.0000000e-03
  vertex -7.7484666e-03 2.1655513e-02 5.0000000e-03
  vertex -6.6765476e-03 2.2009628e-02 5.0000000e-03
 endloop
endfacet
facet normal 0.000000e+00 0.000000e+00 1.000000e+00
 outer loop
  vertex -2.1771351e-02 7.1770525e-02 5.0000000e-03
  vertex -2.5266739e-02 7.0615805e-02 5.0000000e-03
  vertex -7.7484666e-03 2.1655513e-02 5.0000000e-03
 endloop
endfacet
facet normal 0.000000e+00 0.000000e+00 1.000000e+00
 outer loop
  vertex -2.5266739e-02 7.0615805e-02 5.0000000e-03
  vertex -8.8017189e-03 2.1249229e-02 5.0000000e-03
  vertex -7.7484666e-03 2.1655513e-02 5.0000000e-03
 endloop
endfacet
facet normal 0.000000e+00 0.000000e+00 1.000000e+00
 outer loop
  vertex -2.5266739e-02 7.0615805e-02 5.0000000e-03
  vertex -2.8701257e-02 6.9290965e-02 5.0000000e-03
  vertex -8.8017189e-03 2.1249229e-02 5.0000000e-03
 endloop
endfacet
facet normal 0.000000e+00 0.000000e+00 1.000000e+00
 outer loop
  vertex -2.8701257e-02 6.9290965e-02 5.0000000e-03
  vertex -9.8337671e-03 2.0791754e-02 5.0000000e-03
  vertex -8.8017189e-03 2.1249229e-02 5.0000000e-03
 endloop
endfacet
facet normal 0.000000e+00 0.000000e+00 1.000000e+00
 outer loop
  vertex -2.8701257e-02 6.9290965e-02 5.0000000e-03
  vertex -3.2066632e-02 6.7799197e-02 5.0000000e-03
  vertex -9.8337671e-03 2.0791754e-02 5.0000000e-03
 endloop
endfacet
facet normal 0.000000e+00 0.000000e+00 1.000000e+00
 outer loop
  vertex -3.2066632e-02 6.7799197e-02 5.0000000e-03
  vertex -1.0842125e-02 2.0284189e-02 5.0000000e-03
  vertex -9.8337671e-03 2.0791754e-02 5.0000000e-03
 endloop
endfacet
facet normal 0.000000e+00 0.000000e+00 1.000000e+00
 outer loop
  vertex -3.2066632e-02 6.7799197e-02 5.0000000e-03
  vertex -3.5354755e-02 6.6144095e-02 5.0000000e-03
  vertex -1.0842125e-02 2.0284189e-02 5.0000000e-03
 endloop
endfacet
facet normal 0.000000e+00 0.000000e+00 1.000000e+00
 outer loop
  vertex -3.5354755e-02 6.6144095e-02 5.0000000e-03
  vertex -1.1824363e-02 1.9727758e-02 5.0000000e-03
  vertex -1.0842125e-02 2.0284189e-02 5.0000000e-03
 endloop
endfacet
facet normal 0.000000e+00 0.000000e+00 1.000000e+00
 outer loop
  vertex -3.5354755e-02 6.6144095e-02 5.0000000e-03
  vertex -3.8557706e-02 6.4329646e-02 5.0000000e-03
  vertex -1.1824363e-02 1.9727758e-02 5.0000000e-03
 endloop
endfacet
facet normal 0.000000e+00 0.000000e+00 1.000000e+00
 outer loop
  vertex -3.8557706e-02 6.4329646e-02 5.0000000e-03
  vertex -1.2778115e-02 1.9123801e-02 5.0000000e-03
  vertex -1.1824363e-02 1.9727758e-02 5.0000000e-03
 endloop
endfacet
facet normal 0.000000e+00 0.000000e+00 1.000000e+00
 outer loop
  vertex -3.8557706e-02 6.4329646e-02 5.0000000e-03
  vertex -4.1667767e-02 6.2360221e-02 5.0000000e-03
  vertex -1.2778115e-02 1.9123801e-02 5.0000000e-03
 endloop
endfacet
facet normal 0.000000e+00 0.000000e+00 1.000000e+00
 outer loop
  vertex -4.1667767e-02 6.2360221e-02 5.0000000e-03
  vertex -1.3701084e-02 1.8473773e-02 5.0000000e-03
  vertex -1.2778115e-02 1.9123801e-02 5.0000000e-03
 endloop
endfacet
facet normal 0.000000e+00 0.000000e+00 1.000000e+00
 outer loop
  vertex -4.1667767e-02 6.2360221e-02 5.0000000e-03
  vertex -4.4677448e-02 6.0240565e-02 5.0000000e-03
  vertex -1.3701084e-02 1.8473773e-02 5.0000000e-03
 endloop
endfacet
facet normal 0.000000e+00 0.000000e+00 1.000000e+00
 outer loop
  vertex -4.4677448e-02 6.0240565e-02 5.0000000e-03
  vertex -1.4591046e-02 1.7779240e-02 5.0000000e-03
  vertex -1.3701084e-02 1.8473773e-02 5.0000000e-03
 endloop
endfacet
facet normal 0.000000e+00 0.000000e+00 1.000000e+00
 outer loop
  vertex -4.4677448e-02 6.0240565e-02 5.0000000e-03
  vertex -4.7579496e-02 5.7975784e-02 5.0000000e-03
  vertex -1.4591046e-02 1.7779240e-02 5.0000000e-03
 endloop
endfacet
facet normal 0.000000e+00 0.000000e+00 1.000000e+00
 outer loop
  vertex -4.7579496e-02 5.7975784e-02 5.0000000e-03
  vertex -1.5445856e-02 1.7041876e-02 5.0000000e-03
  vertex -1.4591046e-02 1.7779240e-02 5.0000000e-03
 endloop
endfacet
facet normal 0.000000e+00 0.000000e+00 1.000000e+00
 outer loop
  vertex -4.7579496e-02 5.7975784e-02 5.0000000e-03
  vertex -5.0366922e-02 5.5571334e-02 5.0000000e-03
  vertex -1.5445856e-02 1.7041876e-02 5.0000000e-03
 endloop
endfacet
facet normal 0.000000e+00 0.000000e+00 1.000000e+00
 outer loop
  vertex -5.0366922e-02 5.5571334e-02 5.0000000e-03
  vertex -1.6263456e-02 1.6263456e-02 5.0000000e-03
  vertex -1.5445856e-02 1.7041876e-02 5.0000000e-03
 endloop
endfacet
facet normal 0.000000e+00 0.000000e+00 1.000000e+00
 outer loop
  vertex -5.0366922e-02 5.5571334e-02 5.0000000e-03
  vertex -5.3033009e-02 5.3033009e-02 5.0000000e-03
  vertex -1.6263456e-02 1.6263456e-02 5.0000000e-03
 endloop
endfacet
facet normal 0.000000e+00 0.000000e+00 1.000000e+00
 outer loop
  vertex -5.3033009e-02 5.3033009e-02 5.0000000e-03
  vertex -1.7041876e-02 1.5445856e-02 5.0000000e-03
  vertex -1.6263456e-02 1.6263456e-02 5.0000000e-03
 endloop
endfacet
facet normal 0.000000e+00 0.000000e+00 1.000000e+00
 outer loop
  vertex -5.3033009e-02 5.3033009e-02 5.0000000e-03
  vertex -5.5571334e-02 5.0366922e-02 5.0000000e-03
  vertex -1.7041876e-02 1.5445856e-02 5.0000000e-03
 endloop
endfacet
facet normal 0.000000e+00 0.000000e+00 1.000000e+00
 outer loop
  vertex -5.5571334e-02 5.0366922e-02 5.0000000e-03
  vertex -1.7779240e-02 1.4591046e-02 5.0000000e-03
  vertex -1.7041876e-02 1.5445856e-02 5.0000000e-03
 endloop
endfacet
facet normal 0.000000e+00 0.000000e+00 1.000000e+00
 outer loop
  vertex -5.5571334e-02 5.0366922e-02 5.0000000e-03
  vertex -5.7975784e-02 4.7579496e-02 5.0000000e-03
  vertex -1.7779240e-02 1.4591046e-02 5.0000000e-03
 endloop
endfacet
facet normal 0.000000e+00 0.000000e+00 1.000000e+00
 outer loop
  vertex -5.7975784e-02 4.7579496e-02 5.0000000e-03
  vertex -1.8473773e-02 1.3701084e-02 5.0000000e-03
  vertex -1.7779240e-02 1.4591046e-02 5.0000000e-03
 endloop
endfacet
facet normal 0.000000e+00 0.000000e+00 1.000000e+00
 outer loop
  vertex -5.7975784e-02 4.7579496e-02 5.0000000e-03
  vertex -6.0240565e-02 4.4677448e-02 5.0000000e-03
  vertex -1.8473773e-02 1.3701084e-02 5.0000000e-03
 endloop
endfacet
facet normal 0.000000e+00 0.000000e+00 1.000000e+00
 outer loop
  vertex -6.0240565e-02 4.4677448e-02 5.0000000e-03
  vertex -1.9123801e-02 1.2778115e-02 5.0000000e-03
  vertex -1.8473773e-02 1.3701084e-02 5.0000000e-03
 endloop
endfacet
facet normal 0.000000e+00 0.000000e+00 1.000000e+00
 outer loop
  vertex -6.0240565e-02 4.4677448e-02 5.0000000e-03
  vertex -6.2360221e-02 4.1667767e-02 5.0000000e-03
  vertex -1.9123801e-02 1.2778115e-02 5.0000000e-03
 endloop
endfacet
facet normal 0.000000e+00 0.000000e+00 1.000000e+00
 outer loop
  vertex -6.2360221e-02 4.1667767e-02 5.0000000e-03
  vertex -1.9727758e-02 1.1824363e-02 5.0000000e-03
  vertex -1.9123801e-02 1.2778115e-02 5.0000000e-03
 endloop
endfacet
facet normal 0.000000e+00 0.000000e+00 1.000000e+00
 outer loop
  vertex -6.2360221e-02 4.1667767e-02 5.0000000e-03
  vertex -6.4329646e-02 3.8557706e-02 5.0000000e-03
  vertex -1.9727758e-02 1.1824363e-02 5.0000000e-03
 endloop
endfacet
facet normal 0.000000e+00 0.000000e+00 1.000000e+00
 outer loop
  vertex -6.4329646e-02 3.8557706e-02 5.0000000e-03
  vertex -2.0284189e-02 1.0842125e-02 5.0000000e-03
  vertex -1.9727758e-02 1.1824363e-02 5.0000000e-03
 endloop
endfacet
facet normal 0.000000e+00 0.000000e+00 1.000000e+00
 outer loop
  vertex -6.4329646e-02 3.8557706e-02 5.0000000e-03
  vertex -6.6144095e-02 3.5354755e-02 5.0000000e-03
  vertex -2.0284189e-02 1.0842125e-02 5.0000000e-03
 endloop
endfacet
facet normal 0.000000e+00 0.000000e+00 1.000000e+00
 outer loop
  vertex -6.6144095e-02 3.5354755e-02 5.0000000e-03
  vertex -2.0791754e-02 9.8337671e-03 5.0000000e-03
  vertex -2.0284189e-02 1.0842125e-02 5.0000000e-03
 endloop
endfacet
facet normal 0.000000e+00 0.000000e+00 1.000000e+00
 outer loop
  vertex -6.6144095e-02 3.5354755e-02 5.0000000e-03
  vertex -6.7799197e-02 3.2066632e-02 5.0000000e-03
  vertex -2.0791754e-02 9.8337671e-03 5.0000000e-03
 endloop
endfacet
facet normal 0.000000e+00 0.000000e+00 1.000000e+00
 outer loop
  vertex -6.7799197e-02 3.2066632e-02 5.0000000e-03
  vertex -2.1249229e-02 8.8017189e-03 5.0000000e-03
  vertex -2.0791754e-02 9.8337671e-03 5.0000000e-03
 endloop
endfacet
facet normal 0.000000e+00 0.000000e+00 1.000000e+00
 outer loop
  vertex -6.7799197e-02 3.2066632e-02 5.0000000e-03
  vertex -6.9290965e-02 2.8701257e-02 5.0000000e-03
  vertex -2.1249229e-02 8.8017189e-03 5.0000000e-03
 endloop
endfacet
facet normal 0.000000e+00 0.000000e+00 1.000000e+00
 outer loop
  vertex -6.9290965e-02 2.8701257e-02 5.0000000e-03
  vertex -2.1655513e-02 7.7484666e-03 5.0000000e-03
  vertex -2.1249229e-02 8.8017189e-03 5.0000000e-03
 endloop
endfacet
facet normal 0.000000e+00 0.000000e+00 1.000000e+00
 outer loop
  vertex -6.9290965e-02 2.8701257e-02 5.0000000e-03
  vertex -7.0615805e-02 2.5266739e-02 5.0000000e-03
  vertex -2.1655513e-02 7.7484666e-03 5.0000000e-03
 endloop
endfacet
facet normal 0.000000e+00 0.000000e+00 1.000000e+00
 outer loop
  vertex -7.0615805e-02 2.5266739e-02 5.0000000e-03
  vertex -2.2009628e-02 6.6765476e-03 5.0000000e-03
  vertex -2.1655513e-02 7.7484666e-03 5.0000000e-03
 endloop
endfacet
facet normal 0.000000e+00 0.000000e+00 1.000000e+00
 outer loop
  vertex -7.0615805e-02 2.5266739e-02 5.0000000e-03
  vertex -7.1770525e-02 2.1771351e-02 5.0000000e-03
  vertex -2.2009628e-02 6.6765476e-03 5.0000000e-03
 endloop
endfacet
facet normal 0.000000e+00 0.000000e+00 1.000000e+00
 outer loop
  vertex -7.1770525e-02 2.1771351e-02 5.0000000e-03
  vertex -2.2310719e-02 5.5885441e-03 5.0000000e-03
  vertex -2.2009628e-02 6.6765476e-03 5.0000000e-03
 endloop
endfacet
facet normal 0.000000e+00 0.000000e+00 1.000000e+00
 outer loop
  vertex -7.1770525e-02 2.1771351e-02 5.0000000e-03
  vertex -7.2752344e-02 1.8223513e-02 5.0000000e-03
  vertex -2.2310719e-02 5.5885441e-03 5.0000000e-03
 endloop
endfacet
facet normal 0.000000e+00 0.000000e+00 1.000000e+00
 outer loop
  vertex -7.2752344e-02 1.8223513e-02 5.0000000e-03
  vertex -2.2558061e-02 4.4870774e-03 5.0000000e-03
  vertex -2.2310719e-02 5.5885441e-03 5.0000000e-03
 endloop
endfacet
facet normal 0.000000e+00 0.000000e+00 1.000000e+00
 outer loop
  vertex -7.2752344e-02 1.8223513e-02 5.0000000e-03
  vertex -7.3558896e-02 1.4631774e-02 5.0000000e-03
  vertex -2.2558061e-02 4.4870774e-03 5.0000000e-03
 endloop
endfacet
facet normal 0.000000e+00 0.000000e+00 1.000000e+00
 outer loop
  vertex -7.3558896e-02 1.4631774e-02 5.0000000e-03
  vertex -2.2751060e-02 3.3748009e-03 5.0000000e-03
  vertex -2.2558061e-02 4.4870774e-03 5.0000000e-03
 endloop
endfacet
facet normal 0.000000e+00 0.000000e+00 1.000000e+00
 outer loop
  vertex -7.3558896e-02 1.4631774e-02 5.0000000e-03
  vertex -7.4188238e-02 1.1004786e-02 5.0000000e-03
  vertex -2.2751060e-02 3.3748009e-03 5.0000000e-03
 endloop
endfacet
facet normal 0.000000e+00 0.000000e+00 1.000000e+00
 outer loop
  vertex -7.4188238e-02 1.1004786e-02 5.0000000e-03
  vertex -2.2889249e-02 2.2543942e-03 5.0000000e-03
  vertex -2.2751060e-02 3.3748009e-03 5.0000000e-03
 endloop
endfacet
facet normal 0.000000e+00 0.000000e+00 1.000000e+00
 outer loop
  vertex -7.4188238e-02 1.1004786e-02 5.0000000e-03
  vertex -7.4638855e-02 7.3512855e-03 5.0000000e-03
  vertex -2.2889249e-02 2.2543942e-03 5.0000000e-03
 endloop
endfacet
facet normal 0.000000e+00 0.000000e+00 1.000000e+00
 outer loop
  vertex -7.4638855e-02 7.3512855e-03 5.0000000e-03
  vertex -2.2972295e-02 1.1285565e-03 5.0000000e-03
  vertex -2.2889249e-02 2.2543942e-03 5.0000000e-03
 endloop
endfacet
facet normal 0.000000e+00 0.000000e+00 1.000000e+00
 outer loop
  vertex -7.4638855e-02 7.3512855e-03 5.0000000e-03
  vertex -7.4909659e-02 3.6800756e-03 5.0000000e-03
  vertex -2.2972295e-02 1.1285565e-03 5.0000000e-03
 endloop
endfacet
facet normal 0.000000e+00 0.000000e+00 1.000000e+00
 outer loop
  vertex -7.4909659e-02 3.6800756e-03 5.0000000e-03
  vertex -2.3000000e-02 2.8166876e-18 5.0000000e-03
  vertex -2.2972295e-02 1.1285565e-03 5.0000000e-03
 endloop
endfacet
facet normal 0.000000e+00 0.000000e+00 1.000000e+00
 outer loop
  vertex -7.4909659e-02 3.6800756e-03 5.0000000e-03
  vertex -7.5000000e-02 9.1848510e-18 5.0000000e-03
  vertex -2.3000000e-02 2.8166876e-18 5.0000000e-03
 endloop
endfacet
facet normal 0.000000e+00 0.000000e+00 1.000000e+00
 outer loop
  vertex -7.5000000e-02 9.1848510e-18 5.0000000e-03
  vertex -2.2972295e-02 -1.1285565e-03 5.0000000e-03
  vertex -2.3000000e-02 2.8166876e-18 5.0000000e-03
 endloop
endfacet
facet normal 0.000000e+00 0.000000e+00 1.000000e+00
 outer loop
  vertex -7.5000000e-02 9.1848510e-18 5.0000000e-03
  vertex -7.4909659e-02 -3.6800756e-03 5.0000000e-03
  vertex -2.2972295e-02 -1.1285565e-03 5.0000000e-03
 endloop
endfacet
facet normal 0.000000e+00 0.000000e+00 1.000000e+00
 outer loop
  vertex -7.4909659e-02 -3.6800756e-03 5.0000000e-03
  vertex -2.2889249e-02 -2.2543942e-03 5.0000000e-03
  vertex -2.2972295e-02 -1.1285565e-03 5.0000000e-03
 endloop
endfacet
facet normal -0.000000e+00 0.000000e+00 1.000000e+00
 outer loop
  vertex -7.4909659e-02 -3.6800756e-03 5.0000000e-03
  vertex -7.4638855e-02 -7.3512855e-03 5.0000000e-03
  vertex -2.2889249e-02 -2.2543942e-03 5.0000000e-03
 endloop
endfacet
facet normal 0.000000e+00 0.000000e+00 1.000000e+00
 outer loop
  vertex -7.4638855e-02 -7.3512855e-03 5.0000000e-03
  vertex -2.2751060e-02 -3.3748009e-03 5.0000000e-03
  vertex -2.2889249e-02 -2.2543942e-03 5.0000000e-03
 endloop
endfacet
facet normal -0.000000e+00 0.000000e+00 1.000000e+00
 outer loop
  vertex -7.4638855e-02 -7.3512855e-03 5.0000000e-03
  vertex -7.4188238e-02 -1.1004786e-02 5.0000000e-03
  vertex -2.2751060e-02 -3.3748009e-03 5.0000000e-03
 endloop
endfacet
facet normal 0.000000e+00 0.000000e+00 1.000000e+00
 outer loop
  vertex -7.4188238e-02 -1.1004786e-02 5.0000000e-03
  vertex -2.2558061e-02 -4.4870774e-03 5.0000000e-03
  vertex -2.2751060e-02 -3.3748009e-03 5.0000000e-03
 endloop
endfacet
facet normal -0.000000e+00 0.000000e+00 1.000000e+00
 outer loop
  vertex -7.4188238e-02 -1.1004786e-02 5.0000000e-03
  vertex -7.3558896e-02 -1.4631774e-02 5.0000000e-03
  vertex -2.2558061e-02 -4.4870774e-03 5.0000000e-03
 endloop
endfacet
facet normal 0.000000e+00 0.000000e+00 1.000000e+00
 outer loop
  vertex -7.3558896e-02 -1.4631774e-02 5.0000000e-03
  vertex -2.2310719e-02 -5.5885441e-03 5.0000000e-03
  vertex -2.2558061e-02 -4.4870774e-03 5.0000000e-03
 endloop
endfacet
facet normal -0.000000e+00 0.000000e+00 1.000000e+00
 outer loop
  vertex -7.3558896e-02 -1.4631774e-02 5.0000000e-03
  vertex -7.2752344e-02 -1.8223513e-02 5.0000000e-03
  vertex -2.2310719e-02 -5.5885441e-03 5.0000000e-03
 endloop
endfacet
facet normal 0.000000e+00 0.000000e+00 1.000000e+00
 outer loop
  vertex -7.2752344e-02 -1.8223513e-02 5.0000000e-03
  vertex -2.2009628e-02 -6.6765476e-03 5.0000000e-03
  vertex -2.2310719e-02 -5.5885441e-03 5.0000000e-03
 endloop
endfacet
facet normal -0.000000e+00 0.000000e+00 1.000000e+00
 outer loop
  vertex -7.2752344e-02 -1.8223513e-02 5.0000000e-03
  vertex -7.1770525e-02 -2.1771351e-02 5.0000000e-03
  vertex -2.2009628e-02 -6.6765476e-03 5.0000000e-03
 endloop
endfacet
facet normal 0.000000e+00 0.000000e+00 1.000000e+00
 outer loop
  vertex -7.1770525e-02 -2.1771351e-02 5.0000000e-03
  vertex -2.1655513e-02 -7.7484666e-03 5.0000000e-03
  vertex -2.2009628e-02 -6.6765476e-03 5.0000000e-03
 endloop
endfacet
facet normal -0.000000e+00 0.000000e+00 1.000000e+00
 outer loop
  vertex -7.1770525e-02 -2.1771351e-02 5.0000000e-03
  vertex -7.0615805e-02 -2.5266739e-02 5.0000000e-03
  vertex -2.1655513e-02 -7.7484666e-03 5.0000000e-03
 endloop
endfacet
facet normal 0.000000e+00 0.000000e+00 1.000000e+00
 outer loop
  vertex -7.0615805e-02 -2.5266739e-02 5.0000000e-03
  vertex -2.1249229e-02 -8.8017189e-03 5.0000000e-03
  vertex -2.1655513e-02 -7.7484666e-03 5.0000000e-03
 endloop
endfacet
facet normal -0.000000e+00 0.000000e+00 1.000000e+00
 outer loop
  vertex -7.0615805e-02 -2.5266739e-02 5.0000000e-03
  vertex -6.9290965e-02 -2.8701257e-02 5.0000000e-03
  vertex -2.1249229e-02 -8.8017189e-03 5.0000000e-03
 endloop
endfacet
facet normal 0.000000e+00 0.000000e+00 1.000000e+00
 outer loop
  vertex -6.9290965e-02 -2.8701257e-02 5.0000000e-03
  vertex -2.0791754e-02 -9.8337671e-03 5.0000000e-03
  vertex -2.1249229e-02 -8.8017189e-03 5.0000000e-03
 endloop
endfacet
facet normal -0.000000e+00 0.000000e+00 1.000000e+00
 outer loop
  vertex -6.9290965e-02 -2.8701257e-02 5.0000000e-03
  vertex -6.7799197e-02 -3.2066632e-02 5.0000000e-03
  vertex -2.0791754e-02 -9.8337671e-03 5.0000000e-03
 endloop
endfacet
facet normal 0.000000e+00 0.000000e+00 1.000000e+00
 outer loop
  vertex -6.7799197e-02 -3.2066632e-02 5.0000000e-03
  vertex -2.0284189e-02 -1.0842125e-02 5.0000000e-03
  vertex -2.0791754e-02 -9.8337671e-03 5.0000000e-03
 endloop
endfacet
facet normal -0.000000e+00 0.000000e+00 1.000000e+00
 outer loop
  vertex -6.7799197e-02 -3.2066632e-02 5.0000000e-03
  vertex -6.6144095e-02 -3.5354755e-02 5.0000000e-03
  vertex -2.0284189e-02 -1.0842125e-02 5.0000000e-03
 endloop
endfacet
facet normal 0.000000e+00 0.000000e+00 1.000000e+00
 outer loop
  vertex -6.6144095e-02 -3.5354755e-02 5.0000000e-03
  vertex -1.9727758e-02 -1.1824363e-02 5.0000000e-03
  vertex -2.0284189e-02 -1.0842125e-02 5.0000000e-03
 endloop
endfacet
facet normal -0.000000e+00 0.000000e+00 1.000000e+00
 outer loop
  vertex -6.6144095e-02 -3.5354755e-02 5.0000000e-03
  vertex -6.4329646e-02 -3.8557706e-02 5.0000000e-03
  vertex -1.9727758e-02 -1.1824363e-02 5.0000000e-03
 endloop
endfacet
facet normal 0.000000e+00 0.000000e+00 1.000000e+00
 outer loop
  vertex -6.4329646e-02 -3.8557706e-02 5.0000000e-03
  vertex -1.9123801e-02 -1.2778115e-02 5.0000000e-03
  vertex -1.9727758e-02 -1.1824363e-02 5.0000000e-03
 endloop
endfacet
facet normal -0.000000e+00 0.000000e+00 1.000000e+00
 outer loop
  vertex -6.4329646e-02 -3.8557706e-02 5.0000000e-03
  vertex -6.2360221e-02 -4.1667767e-02 5.0000000e-03
  vertex -1.9123801e-02 -1.2778115e-02 5.0000000e-03
 endloop
endfacet
facet normal 0.000000e+00 0.000000e+00 1.000000e+00
 outer loop
  vertex -6.2360221e-02 -4.1667767e-02 5.0000000e-03
  vertex -1.8473773e-02 -1.3701084e-02 5.0000000e-03
  vertex -1.9123801e-02 -1.2778115e-02 5.0000000e-03
 endloop
endfacet
facet normal -0.000000e+00 0.000000e+00 1.000000e+00
 outer loop
  vertex -6.2360221e-02 -4.1667767e-02 5.0000000e-03
  vertex -6.0240565e-02 -4.4677448e-02 5.0000000e-03
  vertex -1.8473773e-02 -1.3701084e-02 5.0000000e-03
 endloop
endfacet
facet normal 0.000000e+00 0.000000e+00 1.000000e+00
 outer loop
  vertex -6.0240565e-02 -4.4677448e-02 5.0000000e-03
  vertex -1.7779240e-02 -1.4591046e-02 5.0000000e-03
  vertex -1.8473773e-02 -1.3701084e-02 5.0000000e-03
 endloop
endfacet
facet normal -0.000000e+00 0.000000e+00 1.000000e+00
 outer loop
  vertex -6.0240565e-02 -4.4677448e-02 5.0000000e-03
  vertex -5.7975784e-02 -4.7579496e-02 5.0000000e-03
  vertex -1.7779240e-02 -1.4591046e-02 5.0000000e-03
 endloop
endfacet
facet normal 0.000000e+00 0.000000e+00 1.000000e+00
 outer loop
  vertex -5.7975784e-02 -4.7579496e-02 5.0000000e-03
  vertex -1.7041876e-02 -1.5445856e-02 5.0000000e-03
  vertex -1.7779240e-02 -1.4591046e-02 5.0000000e-03
 endloop
endfacet
facet normal -0.000000e+00 0.000000e+00 1.000000e+00
 outer loop
  vertex -5.7975784e-02 -4.7579496e-02 5.0000000e-03
  vertex -5.5571334e-02 -5.0366922e-02 5.0000000e-03
  vertex -1.7041876e-02 -1.5445856e-02 5.0000000e-03
 endloop
endfacet
facet normal 0.000000e+00 0.000000e+00 1.000000e+00
 outer loop
  vertex -5.5571334e-02 -5.0366922e-02 5.0000000e-03
  vertex -1.6263456e-02 -1.6263456e-02 5.0000000e-03
  vertex -1.7041876e-02 -1.5445856e-02 5.0000000e-03
 endloop
endfacet
facet normal -0.000000e+00 0.000000e+00 1.000000e+00
 outer loop
  vertex -5.5571334e-02 -5.0366922e-02 5.0000000e-03
  vertex -5.3033009e-02 -5.3033009e-02 5.0000000e-03
  vertex -1.6263456e-02 -1.6263456e-02 5.0000000e-03
 endloop
endfacet
facet normal 0.000000e+00 0.000000e+00 1.000000e+00
 outer loop
  vertex -5.3033009e-02 -5.3033009e-02 5.0000000e-03
  vertex -1.5445856e-02 -1.7041876e-02 5.0000000e-03
  vertex -1.6263456e-02 -1.6263456e-02 5.0000000e-03
 endloop
endfacet
facet normal -0.000000e+00 0.000000e+00 1.000000e+00
 outer loop
  vertex -5.3033009e-02 -5.3033009e-02 5.0000000e-03
  vertex -5.0366922e-02 -5.5571334e-02 5.0000000e-03
  vertex -1.5445856e-02 -1.7041876e-02 5.0000000e-03
 endloop
endfacet
facet normal 0.000000e+00 0.000000e+00 1.000000e+00
 outer loop
  vertex -5.0366922e-02 -5.5571334e-02 5.0000000e-03
  vertex -1.4591046e-02 -1.7779240e-02 5.0000000e-03
  vertex -1.5445856e-02 -1.7041876e-02 5.0000000e-03
 endloop
endfacet
facet normal -0.000000e+00 0.000000e+00 1.000000e+00
 outer loop
  vertex -5.0366922e-02 -5.5571334e-02 5.0000000e-03
  vertex -4.7579496e-02 -5.7975784e-02 5.0000000e-03
  vertex -1.4591046e-02 -1.7779240e-02 5.0000000e-03
 endloop
endfacet
facet normal 0.000000e+00 0.000000e+00 1.000000e+00
 outer loop
  vertex -4.7579496e-02 -5.7975784e-02 5.0000000e-03
  vertex -1.3701084e-02 -1.8473773e-02 5.0000000e-03
  vertex -1.4591046e-02 -1.7779240e-02 5.0000000e-03
 endloop
endfacet
facet normal -0.000000e+00 0.000000e+00 1.000000e+00
 outer loop
  vertex -4.7579496e-02 -5.7975784e-02 5.0000000e-03
  vertex -4.4677448e-02 -6.0240565e-02 5.0000000e-03
  vertex -1.3701084e-02 -1.8473773e-02 5.0000000e-03
 endloop
endfacet
facet normal 0.000000e+00 0.000000e+00 1.000000e+00
 outer loop
  vertex -4.4677448e-02 -6.0240565e-02 5.0000000e-03
  vertex -1.2778115e-02 -1.9123801e-02 5.0000000e-03
  vertex -1.3701084e-02 -1.8473773e-02 5.0000000e-03
 endloop
endfacet
facet normal -0.000000e+00 0.000000e+00 1.000000e+00
 outer loop
  vertex -4.4677448e-02 -6.0240565e-02 5.0000000e-03
  vertex -4.1667767e-02 -6.2360221e-02 5.0000000e-03
  vertex -1.2778115e-02 -1.9123801e-02 5.0000000e-03
 endloop
endfacet
facet normal 0.000000e+00 0.000000e+00 1.000000e+00
 outer loop
  vertex -4.1667767e-02 -6.2360221e-02 5.0000000e-03
  vertex -1.1824363e-02 -1.9727758e-02 5.0000000e-03
  vertex -1.2778115e-02 -1.9123801e-02 5.0000000e-03
 endloop
endfacet
facet normal -0.000000e+00 0.000000e+00 1.000000e+00
 outer loop
  vertex -4.1667767e-02 -6.2360221e-02 5.0000000e-03
  vertex -3.8557706e-02 -6.4329646e-02 5.0000000e-03
  vertex -1.1824363e-02 -1.9727758e-02 5.0000000e-03
 endloop
endfacet
facet normal 0.000000e+00 0.000000e+00 1.000000e+00
 outer loop
  vertex -3.8557706e-02 -6.4329646e-02 5.0000000e-03
  vertex -1.0842125e-02 -2.0284189e-02 5.0000000e-03
  vertex -1.1824363e-02 -1.9727758e-02 5.0000000e-03
 endloop
endfacet
facet normal -0.000000e+00 0.000000e+00 1.000000e+00
 outer loop
  vertex -3.8557706e-02 -6.4329646e-02 5.0000000e-03
  vertex -3.5354755e-02 -6.6144095e-02 5.0000000e-03
  vertex -1.0842125e-02 -2.0284189e-02 5.0000000e-03
 endloop
endfacet
facet normal 0.000000e+00 0.000000e+00 1.000000e+00
 outer loop
  vertex -3.5354755e-02 -6.6144095e-02 5.0000000e-03
  vertex -9.8337671e-03 -2.0791754e-02 5.0000000e-03
  vertex -1.0842125e-02 -2.0284189e-02 5.0000000e-03
 endloop
endfacet
facet normal -0.000000e+00 0.000000e+00 1.000000e+00
 outer loop
  vertex -3.5354755e-02 -6.6144095e-02 5.0000000e-03
  vertex -3.2066632e-02 -6.7799197e-02 5.0000000e-03
  vertex -9.8337671e-03 -2.0791754e-02 5.0000000e-03
 endloop
endfacet
facet normal 0.000000e+00 0.000000e+00 1.000000e+00
 outer loop
  vertex -3.2066632e-02 -6.7799197e-02 5.0000000e-03
  vertex -8.8017189e-03 -2.1249229e-02 5.0000000e-03
  vertex -9.8337671e-03 -2.0791754e-02 5.0000000e-03
 endloop
endfacet
facet normal -0.000000e+00 0.000000e+00 1.000000e+00
 outer loop
  vertex -3.2066632e-02 -6.7799197e-02 5.0000000e-03
  vertex -2.8701257e-02 -6.9290965e-02 5.0000000e-03
  vertex -8.8017189e-03 -2.1249229e-02 5.0000000e-03
 endloop
endfacet
facet normal 0.000000e+00 0.000000e+00 1.000000e+00
 outer loop
  vertex -2.8701257e-02 -6.9290965e-02 5.0000000e-03
  vertex -7.7484666e-03 -2.1655513e-02 5.0000000e-03
  vertex -8.8017189e-03 -2.1249229e-02 5.0000000e-03
 endloop
endfacet
facet normal -0.000000e+00 0.000000e+00 1.000000e+00
 outer loop
  vertex -2.8701257e-02 -6.9290965e-02 5.0000000e-03
  vertex -2.5266739e-02 -7.0615805e-02 5.0000000e-03
  vertex -7.7484666e-03 -2.1655513e-02 5.0000000e-03
 endloop
endfacet
facet normal 0.000000e+00 0.000000e+00 1.000000e+00
 outer loop
  vertex -2.5266739e-02 -7.0615805e-02 5.0000000e-03
  vertex -6.6765476e-03 -2.2009628e-02 5.0000000e-03
  vertex -7.7484666e-03 -2.1655513e-02 5.0000000e-03
 endloop
endfacet
facet normal -0.000000e+00 0.000000e+00 1.000000e+00
 outer loop
  vertex -2.5266739e-02 -7.0615805e-02 5.0000000e-03
  vertex -2.1771351e-02 -7.1770525e-02 5.0000000e-03
  vertex -6.6765476e-03 -2.2009628e-02 5.0000000e-03
 endloop
endfacet
facet normal 0.000000e+00 0.000000e+00 1.000000e+00
 outer loop
  vertex -2.1771351e-02 -7.1770525e-02 5.0000000e-03
  vertex -5.5885441e-03 -2.2310719e-02 5.0000000e-03
  vertex -6.6765476e-03 -2.2009628e-02 5.0000000e-03
 endloop
endfacet
facet normal -0.000000e+00 0.000000e+00 1.000000e+00
 outer loop
  vertex -2.1771351e-02 -7.1770525e-02 5.0000000e-03
  vertex -1.8223513e-02 -7.2752344e-02 5.0000000e-03
  vertex -5.5885441e-03 -2.2310719e-02 5.0000000e-03
 endloop
endfacet
facet normal 0.000000e+00 0.000000e+00 1.000000e+00
 outer loop
  vertex -1.8223513e-02 -7.2752344e-02 5.0000000e-03
  vertex -4.4870774e-03 -2.2558061e-02 5.0000000e-03
  vertex -5.5885441e-03 -2.2310719e-02 5.0000000e-03
 endloop
endfacet
facet normal -0.000000e+00 0.000000e+00 1.000000e+00
 outer loop
  vertex -1.8223513e-02 -7.2752344e-02 5.0000000e-03
  vertex -1.4631774e-02 -7.3558896e-02 5.0000000e-03
  vertex -4.4870774e-03 -2.2558061e-02 5.0000000e-03
 endloop
endfacet
facet normal 0.000000e+00 0.000000e+00 1.000000e+00
 outer loop
  vertex -1.4631774e-02 -7.3558896e-02 5.0000000e-03
  vertex -3.3748009e-03 -2.2751060e-02 5.0000000e-03
  vertex -4.4870774e-03 -2.2558061e-02 5.0000000e-03
 endloop
endfacet
facet normal -0.000000e+00 0.000000e+00 1.000000e+00
 outer loop
  vertex -1.4631774e-02 -7.3558896e-02 5.0000000e-03
  vertex -1.1004786e-02 -7.4188238e-02 5.0000000e-03
  vertex -3.3748009e-03 -2.2751060e-02 5.0000000e-03
 endloop
endfacet
facet normal 0.000000e+00 0.000000e+00 1.000000e+00
 outer loop
  vertex -1.1004786e-02 -7.4188238e-02 5.0000000e-03
  vertex -2.2543942e-03 -2.2889249e-02 5.0000000e-03
  vertex -3.3748009e-03 -2.2751060e-02 5.0000000e-03
 endloop
endfacet
facet normal -0.000000e+00 0.000000e+00 1.000000e+00
 outer loop
  vertex -1.1004786e-02 -7.4188238e-02 5.0000000e-03
  vertex -7.3512855e-03 -7.4638855e-02 5.0000000e-03
  vertex -2.2543942e-03 -2.2889249e-02 5.0000000e-03
 endloop
endfacet
facet normal 0.000000e+00 0.000000e+00 1.000000e+00
 outer loop
  vertex -7.3512855e-03 -7.4638855e-02 5.0000000e-03
  vertex -1.1285565e-03 -2.2972295e-02 5.0000000e-03
  vertex -2.2543942e-03 -2.2889249e-02 5.0000000e-03
 endloop
endfacet
facet normal -0.000000e+00 0.000000e+00 1.000000e+00
 outer loop
  vertex -7.3512855e-03 -7.4638855e-02 5.0000000e-03
  vertex -3.6800756e-03 -7.4909659e-02 5.0000000e-03
  vertex -1.1285565e-03 -2.2972295e-02 5.0000000e-03
 endloop
endfacet
facet normal 0.000000e+00 0.000000e+00 1.000000e+00
 outer loop
  vertex -3.6800756e-03 -7.4909659e-02 5.0000000e-03
  vertex -4.2250315e-18 -2.3000000e-02 5.0000000e-03
  vertex -1.1285565e-03 -2.2972295e-02 5.0000000e-03
 endloop
endfacet
facet normal -0.000000e+00 0.000000e+00 1.000000e+00
 outer loop
  vertex -3.6800756e-03 -7.4909659e-02 5.0000000e-03
  vertex -1.3777276e-17 -7.5000000e-02 5.0000000e-03
  vertex -4.2250315e-18 -2.3000000e-02 5.0000000e-03
 endloop
endfacet
facet normal 0.000000e+00 0.000000e+00 1.000000e+00
 outer loop
  vertex -1.3777276e-17 -7.5000000e-02 5.0000000e-03
  vertex 1.1285565e-03 -2.2972295e-02 5.0000000e-03
  vertex -4.2250315e-18 -2.3000000e-02 5.0000000e-03
 endloop
endfacet
facet normal 0.000000e+00 0.000000e+00 1.000000e+00
 outer loop
  vertex -1.3777276e-17 -7.5000000e-02 5.0000000e-03
  vertex 3.6800756e-03 -7.4909659e-02 5.0000000e-03
  vertex 1.1285565e-03 -2.2972295e-02 5.0000000e-03
 endloop
endfacet
facet normal 0.000000e+00 0.000000e+00 1.000000e+00
 outer loop
  vertex 3.6800756e-03 -7.4909659e-02 5.0000000e-03
  vertex 2.2543942e-03 -2.2889249e-02 5.0000000e-03
  vertex 1.1285565e-03 -2.2972295e-02 5.0000000e-03
 endloop
endfacet
facet normal 0.000000e+00 -0.000000e+00 1.000000e+00
 outer loop
  vertex 3.6800756e-03 -7.4909659e-02 5.0000000e-03
  vertex 7.3512855e-03 -7.4638855e-02 5.0000000e-03
  vertex 2.2543942e-03 -2.2889249e-02 5.0000000e-03
 endloop
endfacet
facet normal 0.000000e+00 0.000000e+00 1.000000e+00
 outer loop
  vertex 7.3512855e-03 -7.4638855e-02 5.0000000e-03
  vertex 3.3748009e-03 -2.2751060e-02 5.0000000e-03
  vertex 2.2543942e-03 -2.2889249e-02 5.0000000e-03
 endloop
endfacet
facet normal 0.000000e+00 -0.000000e+00 1.000000e+00
 outer loop
  vertex 7.3512855e-03 -7.4638855e-02 5.0000000e-03
  vertex 1.1004786e-02 -7.4188238e-02 5.0000000e-03
  vertex 3.3748009e-03 -2.2751060e-02 5.0000000e-03
 endloop
endfacet
facet normal 0.000000e+00 0.000000e+00 1.000000e+00
 outer loop
  vertex 1.1004786e-02 -7.4188238e-02 5.0000000e-03
  vertex 4.4870774e-03 -2.2558061e-02 5.0000000e-03
  vertex 3.3748009e-03 -2.2751060e-02 5.0000000e-03
 endloop
endfacet
facet normal 0.000000e+00 -0.000000e+00 1.000000e+00
 outer loop
  vertex 1.1004786e-02 -7.4188238e-02 5.0000000e-03
  vertex 1.4631774e-02 -7.3558896e-02 5.0000000e-03
  vertex 4.4870774e-03 -2.2558061e-02 5.0000000e-03
 endloop
endfacet
facet normal 0.000000e+00 0.000000e+00 1.000000e+00
 outer loop
  vertex 1.4631774e-02 -7.3558896e-02 5.0000000e-03
  vertex 5.5885441e-03 -2.2310719e-02 5.0000000e-03
  vertex 4.4870774e-03 -2.2558061e-02 5.0000000e-03
 endloop
endfacet
facet normal 0.000000e+00 -0.000000e+00 1.000000e+00
 outer loop
  vertex 1.4631774e-02 -7.3558896e-02 5.0000000e-03
  vertex 1.8223513e-02 -7.2752344e-02 5.0000000e-03
  vertex 5.5885441e-03 -2.2310719e-02 5.0000000e-03
 endloop
endfacet
facet normal 0.000000e+00 0.000000e+00 1.000000e+00
 outer loop
  vertex 1.8223513e-02 -7.2752344e-02 5.0000000e-03
  vertex 6.6765476e-03 -2.2009628e-02 5.0000000e-03
  vertex 5.5885441e-03 -2.2310719e-02 5.0000000e-03
 endloop
endfacet
facet normal 0.000000e+00 -0.000000e+00 1.000000e+00
 outer loop
  vertex 1.8223513e-02 -7.2752344e-02 5.0000000e-03
  vertex 2.1771351e-02 -7.1770525e-02 5.0000000e-03
  vertex 6.6765476e-03 -2.2009628e-02 5.0000000e-03
 endloop
endfacet
facet normal 0.000000e+00 0.000000e+00 1.000000e+00
 outer loop
  vertex 2.1771351e-02 -7.1770525e-02 5.0000000e-03
  vertex 7.7484666e-03 -2.1655513e-02 5.0000000e-03
  vertex 6.6765476e-03 -2.2009628e-02 5.0000000e-03
 endloop
endfacet
facet normal 0.000000e+00 -0.000000e+00 1.000000e+00
 outer loop
  vertex 2.1771351e-02 -7.1770525e-02 5.0000000e-03
  vertex 2.5266739e-02 -7.0615805e-02 5.0000000e-03
  vertex 7.7484666e-03 -2.1655513e-02 5.0000000e-03
 endloop
endfacet
facet normal 0.000000e+00 0.000000e+00 1.000000e+00
 outer loop
  vertex 2.5266739e-02 -7.0615805e-02 5.0000000e-03
  vertex 8.8017189e-03 -2.1249229e-02 5.0000000e-03
  vertex 7.7484666e-03 -2.1655513e-02 5.0000000e-03
 endloop
endfacet
facet normal 0.000000e+00 -0.000000e+00 1.000000e+00
 outer loop
  vertex 2.5266739e-02 -7.0615805e-02 5.0000000e-03
  vertex 2.8701257e-02 -6.9290965e-02 5.0000000e-03
  vertex 8.8017189e-03 -2.1249229e-02 5.0000000e-03
 endloop
endfacet
facet normal 0.000000e+00 0.000000e+00 1.000000e+00
 outer loop
  vertex 2.8701257e-02 -6.9290965e-02 5.0000000e-03
  vertex 9.8337671e-03 -2.0791754e-02 5.0000000e-03
  vertex 8.8017189e-03 -2.1249229e-02 5.0000000e-03
 endloop
endfacet
facet normal 0.000000e+00 -0.000000e+00 1.000000e+00
 outer loop
  vertex 2.8701257e-02 -6.9290965e-02 5.0000000e-03
  vertex 3.2066632e-02 -6.7799197e-02 5.0000000e-03
  vertex 9.8337671e-03 -2.0791754e-02 5.0000000e-03
 endloop
endfacet
facet normal 0.000000e+00 0.000000e+00 1.000000e+00
 outer loop
  vertex 3.2066632e-02 -6.7799197e-02 5.0000000e-03
  vertex 1.0842125e-02 -2.0284189e-02 5.0000000e-03
  vertex 9.8337671e-03 -2.0791754e-02 5.0000000e-03
 endloop
endfacet
facet normal 0.000000e+00 -0.000000e+00 1.000000e+00
 outer loop
  vertex 3.2066632e-02 -6.7799197e-02 5.0000000e-03
  vertex 3.5354755e-02 -6.6144095e-02 5.0000000e-03
  vertex 1.0842125e-02 -2.0284189e-02 5.0000000e-03
 endloop
endfacet
facet normal 0.000000e+00 0.000000e+00 1.000000e+00
 outer loop
  vertex 3.5354755e-02 -6.6144095e-02 5.0000000e-03
  vertex 1.1824363e-02 -1.9727758e-02 5.0000000e-03
  vertex 1.0842125e-02 -2.0284189e-02 5.0000000e-03
 endloop
endfacet
facet normal 0.000000e+00 -0.000000e+00 1.000000e+00
 outer loop
  vertex 3.5354755e-02 -6.6144095e-02 5.0000000e-03
  vertex 3.8557706e-02 -6.4329646e-02 5.0000000e-03
  vertex 1.1824363e-02 -1.9727758e-02 5.0000000e-03
 endloop
endfacet
facet normal 0.000000e+00 0.000000e+00 1.000000e+00
 outer loop
  vertex 3.8557706e-02 -6.4329646e-02 5.0000000e-03
  vertex 1.2778115e-02 -1.9123801e-02 5.0000000e-03
  vertex 1.1824363e-02 -1.9727758e-02 5.0000000e-03
 endloop
endfacet
facet normal 0.000000e+00 -0.000000e+00 1.000000e+00
 outer loop
  vertex 3.8557706e-02 -6.4329646e-02 5.0000000e-03
  vertex 4.1667767e-02 -6.2360221e-02 5.0000000e-03
  vertex 1.2778115e-02 -1.9123801e-02 5.0000000e-03
 endloop
endfacet
facet normal 0.000000e+00 0.000000e+00 1.000000e+00
 outer loop
  vertex 4.1667767e-02 -6.2360221e-02 5.0000000e-03
  vertex 1.3701084e-02 -1.8473773e-02 5.0000000e-03
  vertex 1.2778115e-02 -1.9123801e-02 5.0000000e-03
 endloop
endfacet
facet normal 0.000000e+00 -0.000000e+00 1.000000e+00
 outer loop
  vertex 4.1667767e-02 -6.2360221e-02 5.0000000e-03
  vertex 4.4677448e-02 -6.0240565e-02 5.0000000e-03
  vertex 1.3701084e-02 -1.8473773e-02 5.0000000e-03
 endloop
endfacet
facet normal 0.000000e+00 0.000000e+00 1.000000e+00
 outer loop
  vertex 4.4677448e-02 -6.0240565e-02 5.0000000e-03
  vertex 1.4591046e-02 -1.7779240e-02 5.0000000e-03
  vertex 1.3701084e-02 -1.8473773e-02 5.0000000e-03
 endloop
endfacet
facet normal 0.000000e+00 -0.000000e+00 1.000000e+00
 outer loop
  vertex 4.4677448e-02 -6.0240565e-02 5.0000000e-03
  vertex 4.7579496e-02 -5.7975784e-02 5.0000000e-03
  vertex 1.4591046e-02 -1.7779240e-02 5.0000000e-03
 endloop
endfacet
facet normal 0.000000e+00 0.000000e+00 1.000000e+00
 outer loop
  vertex 4.7579496e-02 -5.7975784e-02 5.0000000e-03
  vertex 1.5445856e-02 -1.7041876e-02 5.0000000e-03
  vertex 1.4591046e-02 -1.7779240e-02 5.0000000e-03
 endloop
endfacet
facet normal 0.000000e+00 -0.000000e+00 1.000000e+00
 outer loop
  vertex 4.7579496e-02 -5.7975784e-02 5.0000000e-03
  vertex 5.0366922e-02 -5.5571334e-02 5.0000000e-03
  vertex 1.5445856e-02 -1.7041876e-02 5.0000000e-03
 endloop
endfacet
facet normal 0.000000e+00 0.000000e+00 1.000000e+00
 outer loop
  vertex 5.0366922e-02 -5.5571334e-02 5.0000000e-03
  vertex 1.6263456e-02 -1.6263456e-02 5.0000000e-03
  vertex 1.5445856e-02 -1.7041876e-02 5.0000000e-03
 endloop
endfacet
facet normal 0.000000e+00 -0.000000e+00 1.000000e+00
 outer loop
  vertex 5.0366922e-02 -5.5571334e-02 5.0000000e-03
  vertex 5.3033009e-02 -5.3033009e-02 5.0000000e-03
  vertex 1.6263456e-02 -1.6263456e-02 5.0000000e-03
 endloop
endfacet
facet normal 0.000000e+00 0.000000e+00 1.000000e+00
 outer loop
  vertex 5.3033009e-02 -5.3033009e-02 5.0000000e-03
  vertex 1.7041876e-02 -1.5445856e-02 5.0000000e-03
  vertex 1.6263456e-02 -1.6263456e-02 5.0000000e-03
 endloop
endfacet
facet normal 0.000000e+00 -0.000000e+00 1.000000e+00
 outer loop
  vertex 5.3033009e-02 -5.3033009e-02 5.0000000e-03
  vertex 5.5571334e-02 -5.0366922e-02 5.0000000e-03
  vertex 1.7041876e-02 -1.5445856e-02 5.0000000e-03
 endloop
endfacet
facet normal 0.000000e+00 0.000000e+00 1.000000e+00
 outer loop
  vertex 5.5571334e-02 -5.0366922e-02 5.0000000e-03
  vertex 1.7779240e-02 -1.4591046e-02 5.0000000e-03
  vertex 1.7041876e-02 -1.5445856e-02 5.0000000e-03
 endloop
endfacet
facet normal 0.000000e+00 -0.000000e+00 1.000000e+00
 outer loop
  vertex 5.5571334e-02 -5.0366922e-02 5.0000000e-03
  vertex 5.7975784e-02 -4.7579496e-02 5.0000000e-03
  vertex 1.7779240e-02 -1.4591046e-02 5.0000000e-03
 endloop
endfacet
facet normal 0.000000e+00 0.000000e+00 1.000000e+00
 outer loop
  vertex 5.7975784e-02 -4.7579496e-02 5.0000000e-03
  vertex 1.8473773e-02 -1.3701084e-02 5.0000000e-03
  vertex 1.7779240e-02 -1.4591046e-02 5.0000000e-03
 endloop
endfacet
facet normal 0.000000e+00 -0.000000e+00 1.000000e+00
 outer loop
  vertex 5.7975784e-02 -4.7579496e-02 5.0000000e-03
  vertex 6.0240565e-02 -4.4677448e-02 5.0000000e-03
  vertex 1.8473773e-02 -1.3701084e-02 5.0000000e-03
 endloop
endfacet
facet normal 0.000000e+00 0.000000e+00 1.000000e+00
 outer loop
  vertex 6.0240565e-02 -4.4677448e-02 5.0000000e-03
  vertex 1.9123801e-02 -1.2778115e-02 5.0000000e-03
  vertex 1.8473773e-02 -1.3701084e-02 5.0000000e-03
 endloop
endfacet
facet normal 0.000000e+00 -0.000000e+00 1.000000e+00
 outer loop
  vertex 6.0240565e-02 -4.4677448e-02 5.0000000e-03
  vertex 6.2360221e-02 -4.1667767e-02 5.0000000e-03
  vertex 1.9123801e-02 -1.2778115e-02 5.0000000e-03
 endloop
endfacet
facet normal 0.000000e+00 0.000000e+00 1.000000e+00
 outer loop
  vertex 6.2360221e-02 -4.1667767e-02 5.0000000e-03
  vertex 1.9727758e-02 -1.1824363e-02 5.0000000e-03
  vertex 1.9123801e-02 -1.2778115e-02 5.0000000e-03
 endloop
endfacet
facet normal 0.000000e+00 -0.000000e+00 1.000000e+00
 outer loop
  vertex 6.2360221e-02 -4.1667767e-02 5.0000000e-03
  vertex 6.4329646e-02 -3.8557706e-02 5.0000000e-03
  vertex 1.9727758e-02 -1.1824363e-02 5.0000000e-03
 endloop
endfacet
facet normal 0.000000e+00 0.000000e+00 1.000000e+00
 outer loop
  vertex 6.4329646e-02 -3.8557706e-02 5.0000000e-03
  vertex 2.0284189e-02 -1.0842125e-02 5.0000000e-03
  vertex 1.9727758e-02 -1.1824363e-02 5.0000000e-03
 endloop
endfacet
facet normal 0.000000e+00 -0.000000e+00 1.000000e+00
 outer loop
  vertex 6.4329646e-02 -3.8557706e-02 5.0000000e-03
  vertex 6.6144095e-02 -3.5354755e-02 5.0000000e-03
  vertex 2.0284189e-02 -1.0842125e-02 5.0000000e-03
 endloop
endfacet
facet normal 0.000000e+00 0.000000e+00 1.000000e+00
 outer loop
  vertex 6.6144095e-02 -3.5354755e-02 5.0000000e-03
  vertex 2.0791754e-02 -9.8337671e-03 5.0000000e-03
  vertex 2.0284189e-02 -1.0842125e-02 5.0000000e-03
 endloop
endfacet
facet normal 0.000000e+00 -0.000000e+00 1.000000e+00
 outer loop
  vertex 6.6144095e-02 -3.5354755e-02 5.0000000e-03
  vertex 6.7799197e-02 -3.2066632e-02 5.0000000e-03
  vertex 2.0791754e-02 -9.8337671e-03 5.0000000e-03
 endloop
endfacet
facet normal 0.000000e+00 0.000000e+00 1.000000e+00
 outer loop
  vertex 6.7799197e-02 -3.2066632e-02 5.0000000e-03
  vertex 2.1249229e-02 -8.8017189e-03 5.0000000e-03
  vertex 2.0791754e-02 -9.8337671e-03 5.0000000e-03
 endloop
endfacet
facet normal 0.000000e+00 -0.000000e+00 1.000000e+00
 outer loop
  vertex 6.7799197e-02 -3.2066632e-02 5.0000000e-03
  vertex 6.9290965e-02 -2.8701257e-02 5.0000000e-03
  vertex 2.1249229e-02 -8.8017189e-03 5.0000000e-03
 endloop
endfacet
facet normal 0.000000e+00 0.000000e+00 1.000000e+00
 outer loop
  vertex 6.9290965e-02 -2.8701257e-02 5.0000000e-03
  vertex 2.1655513e-02 -7.7484666e-03 5.0000000e-03
  vertex 2.1249229e-02 -8.8017189e-03 5.0000000e-03
 endloop
endfacet
facet normal 0.000000e+00 -0.000000e+00 1.000000e+00
 outer loop
  vertex 6.9290965e-02 -2.8701257e-02 5.0000000e-03
  vertex 7.0615805e-02 -2.5266739e-02 5.0000000e-03
  vertex 2.1655513e-02 -7.7484666e-03 5.0000000e-03
 endloop
endfacet
facet normal 0.000000e+00 0.000000e+00 1.000000e+00
 outer loop
  vertex 7.0615805e-02 -2.5266739e-02 5.0000000e-03
  vertex 2.2009628e-02 -6.6765476e-03 5.0000000e-03
  vertex 2.1655513e-02 -7.7484666e-03 5.0000000e-03
 endloop
endfacet
facet normal 0.000000e+00 -0.000000e+00 1.000000e+00
 outer loop
  vertex 7.0615805e-02 -2.5266739e-02 5.0000000e-03
  vertex 7.1770525e-02 -2.1771351e-02 5.0000000e-03
  vertex 2.2009628e-02 -6.6765476e-03 5.0000000e-03
 endloop
endfacet
facet normal 0.000000e+00 0.000000e+00 1.000000e+00
 outer loop
  vertex 7.1770525e-02 -2.1771351e-02 5.0000000e-03
  vertex 2.2310719e-02 -5.5885441e-03 5.0000000e-03
  vertex 2.2009628e-02 -6.6765476e-03 5.0000000e-03
 endloop
endfacet
facet normal 0.000000e+00 -0.000000e+00 1.000000e+00
 outer loop
  vertex 7.1770525e-02 -2.1771351e-02 5.0000000e-03
  vertex 7.2752344e-02 -1.8223513e-02 5.0000000e-03
  vertex 2.2310719e-02 -5.5885441e-03 5.0000000e-03
 endloop
endfacet
facet normal 0.000000e+00 0.000000e+00 1.000000e+00
 outer loop
  vertex 7.2752344e-02 -1.8223513e-02 5.0000000e-03
  vertex 2.2558061e-02 -4.4870774e-03 5.0000000e-03
  vertex 2.2310719e-02 -5.5885441e-03 5.0000000e-03
 endloop
endfacet
facet normal 0.000000e+00 -0.000000e+00 1.000000e+00
 outer loop
  vertex 7.2752344e-02 -1.8223513e-02 5.0000000e-03
  vertex 7.3558896e-02 -1.4631774e-02 5.0000000e-03
  vertex 2.2558061e-02 -4.4870774e-03 5.0000000e-03
 endloop
endfacet
facet normal 0.000000e+00 0.000000e+00 1.000000e+00
 outer loop
  vertex 7.3558896e-02 -1.4631774e-02 5.0000000e-03
  vertex 2.2751060e-02 -3.3748009e-03 5.0000000e-03
  vertex 2.2558061e-02 -4.4870774e-03 5.0000000e-03
 endloop
endfacet
facet normal 0.000000e+00 -0.000000e+00 1.000000e+00
 outer loop
  vertex 7.3558896e-02 -1.4631774e-02 5.0000000e-03
  vertex 7.4188238e-02 -1.1004786e-02 5.0000000e-03
  vertex 2.2751060e-02 -3.3748009e-03 5.0000000e-03
 endloop
endfacet
facet normal 0.000000e+00 0.000000e+00 1.000000e+00
 outer loop
  vertex 7.4188238e-02 -1.1004786e-02 5.0000000e-03
  vertex 2.2889249e-02 -2.2543942e-03 5.0000000e-03
  vertex 2.2751060e-02 -3.3748009e-03 5.0000000e-03
 endloop
endfacet
facet normal 0.000000e+00 -0.000000e+00 1.000000e+00
 outer loop
  vertex 7.4188238e-02 -1.1004786e-02 5.0000000e-03
  vertex 7.4638855e-02 -7.3512855e-03 5.0000000e-03
  vertex 2.2889249e-02 -2.2543942e-03 5.0000000e-03
 endloop
endfacet
facet normal 0.000000e+00 0.000000e+00 1.000000e+00
 outer loop
  vertex 7.4638855e-02 -7.3512855e-03 5.0000000e-03
  vertex 2.2972295e-02 -1.1285565e-03 5.0000000e-03
  vertex 2.2889249e-02 -2.2543942e-03 5.0000000e-03
 endloop
endfacet
facet normal 0.000000e+00 -0.000000e+00 1.000000e+00
 outer loop
  vertex 7.4638855e-02 -7.3512855e-03 5.0000000e-03
  vertex 7.4909659e-02 -3.6800756e-03 5.0000000e-03
  vertex 2.2972295e-02 -1.1285565e-03 5.0000000e-03
 endloop
endfacet
facet normal 0.000000e+00 0.000000e+00 1.000000e+00
 outer loop
  vertex 7.4909659e-02 -3.6800756e-03 5.0000000e-03
  vertex 2.3000000e-02 0.0000000e+00 5.0000000e-03
  vertex 2.2972295e-02 -1.1285565e-03 5.0000000e-03
 endloop
endfacet
facet normal 0.000000e+00 -0.000000e+00 1.000000e+00
 outer loop
  vertex 7.4909659e-02 -3.6800756e-03 5.0000000e-03
  vertex 7.5000000e-02 0.0000000e+00 5.0000000e-03
  vertex 2.3000000e-02 0.0000000e+00 5.0000000e-03
 endloop
endfacet
facet normal 9.135817e-01 2.242717e-02 4.060363e-01
 outer loop
  vertex 2.3000000e-02 0.0000000e+00 5.0000000e-03
  vertex 1.8977114e-02 9.3228581e-04 1.4000000e-02
  vertex 1.9000000e-02 0.0000000e+00 1.4000000e-02
 endloop
endfacet
facet normal 9.135817e-01 2.242717e-02 4.060363e-01
 outer loop
  vertex 2.3000000e-02 0.0000000e+00 5.0000000e-03
  vertex 2.2972295e-02 1.1285565e-03 5.0000000e-03
  vertex 1.8977114e-02 9.3228581e-04 1.4000000e-02
 endloop
endfacet
facet normal 9.113808e-01 6.722749e-02 4.060363e-01
 outer loop
  vertex 2.2972295e-02 1.1285565e-03 5.0000000e-03
  vertex 1.8908510e-02 1.8623257e-03 1.4000000e-02
  vertex 1.8977114e-02 9.3228581e-04 1.4000000e-02
 endloop
endfacet
facet normal 9.113808e-01 6.722749e-02 4.060363e-01
 outer loop
  vertex 2.2972295e-02 1.1285565e-03 5.0000000e-03
  vertex 2.2889249e-02 2.2543942e-03 5.0000000e-03
  vertex 1.8908510e-02 1.8623257e-03 1.4000000e-02
 endloop
endfacet
facet normal 9.069843e-01 1.118658e-01 4.060363e-01
 outer loop
  vertex 2.2889249e-02 2.2543942e-03 5.0000000e-03
  vertex 1.8794354e-02 2.7878790e-03 1.4000000e-02
  vertex 1.8908510e-02 1.8623257e-03 1.4000000e-02
 endloop
endfacet
facet normal 9.069843e-01 1.118658e-01 4.060363e-01
 outer loop
  vertex 2.2889249e-02 2.2543942e-03 5.0000000e-03
  vertex 2.2751060e-02 3.3748009e-03 5.0000000e-03
  vertex 1.8794354e-02 2.7878790e-03 1.4000000e-02
 endloop
endfacet
facet normal 9.004028e-01 1.562347e-01 4.060363e-01
 outer loop
  vertex 2.2751060e-02 3.3748009e-03 5.0000000e-03
  vertex 1.8634920e-02 3.7067161e-03 1.4000000e-02
  vertex 1.8794354e-02 2.7878790e-03 1.4000000e-02
 endloop
endfacet
facet normal 9.004028e-01 1.562347e-01 4.060363e-01
 outer loop
  vertex 2.2751060e-02 3.3748009e-03 5.0000000e-03
  vertex 2.2558061e-02 4.4870774e-03 5.0000000e-03
  vertex 1.8634920e-02 3.7067161e-03 1.4000000e-02
 endloop
endfacet
facet normal 8.916522e-01 2.002272e-01 4.060363e-01
 outer loop
  vertex 2.2558061e-02 4.4870774e-03 5.0000000e-03
  vertex 1.8430594e-02 4.6166234e-03 1.4000000e-02
  vertex 1.8634920e-02 3.7067161e-03 1.4000000e-02
 endloop
endfacet
facet normal 8.916522e-01 2.002272e-01 4.060363e-01
 outer loop
  vertex 2.2558061e-02 4.4870774e-03 5.0000000e-03
  vertex 2.2310719e-02 5.5885441e-03 5.0000000e-03
  vertex 1.8430594e-02 4.6166234e-03 1.4000000e-02
 endloop
endfacet
facet normal 8.807534e-01 2.437373e-01 4.060363e-01
 outer loop
  vertex 2.2310719e-02 5.5885441e-03 5.0000000e-03
  vertex 1.8181866e-02 5.5154089e-03 1.4000000e-02
  vertex 1.8430594e-02 4.6166234e-03 1.4000000e-02
 endloop
endfacet
facet normal 8.807534e-01 2.437373e-01 4.060363e-01
 outer loop
  vertex 2.2310719e-02 5.5885441e-03 5.0000000e-03
  vertex 2.2009628e-02 6.6765476e-03 5.0000000e-03
  vertex 1.8181866e-02 5.5154089e-03 1.4000000e-02
 endloop
endfacet
facet normal 8.677329e-01 2.866602e-01 4.060363e-01
 outer loop
  vertex 2.2009628e-02 6.6765476e-03 5.0000000e-03
  vertex 1.7889337e-02 6.4009072e-03 1.4000000e-02
  vertex 1.8181866e-02 5.5154089e-03 1.4000000e-02
 endloop
endfacet
facet normal 8.677329e-01 2.866602e-01 4.060363e-01
 outer loop
  vertex 2.2009628e-02 6.6765476e-03 5.0000000e-03
  vertex 2.1655513e-02 7.7484666e-03 5.0000000e-03
  vertex 1.7889337e-02 6.4009072e-03 1.4000000e-02
 endloop
endfacet
facet normal 8.526219e-01 3.288926e-01 4.060363e-01
 outer loop
  vertex 2.1655513e-02 7.7484666e-03 5.0000000e-03
  vertex 1.7553711e-02 7.2709852e-03 1.4000000e-02
  vertex 1.7889337e-02 6.4009072e-03 1.4000000e-02
 endloop
endfacet
facet normal 8.526219e-01 3.288926e-01 4.060363e-01
 outer loop
  vertex 2.1655513e-02 7.7484666e-03 5.0000000e-03
  vertex 2.1249229e-02 8.8017189e-03 5.0000000e-03
  vertex 1.7553711e-02 7.2709852e-03 1.4000000e-02
 endloop
endfacet
facet normal 8.354569e-01 3.703326e-01 4.060363e-01
 outer loop
  vertex 2.1249229e-02 8.8017189e-03 5.0000000e-03
  vertex 1.7175797e-02 8.1235468e-03 1.4000000e-02
  vertex 1.7553711e-02 7.2709852e-03 1.4000000e-02
 endloop
endfacet
facet normal 8.354569e-01 3.703326e-01 4.060363e-01
 outer loop
  vertex 2.1249229e-02 8.8017189e-03 5.0000000e-03
  vertex 2.0791754e-02 9.8337671e-03 5.0000000e-03
  vertex 1.7175797e-02 8.1235468e-03 1.4000000e-02
 endloop
endfacet
facet normal 8.162792e-01 4.108804e-01 4.060363e-01
 outer loop
  vertex 2.0791754e-02 9.8337671e-03 5.0000000e-03
  vertex 1.6756504e-02 8.9565380e-03 1.4000000e-02
  vertex 1.7175797e-02 8.1235468e-03 1.4000000e-02
 endloop
endfacet
facet normal 8.162792e-01 4.108804e-01 4.060363e-01
 outer loop
  vertex 2.0791754e-02 9.8337671e-03 5.0000000e-03
  vertex 2.0284189e-02 1.0842125e-02 5.0000000e-03
  vertex 1.6756504e-02 8.9565380e-03 1.4000000e-02
 endloop
endfacet
facet normal 7.951350e-01 4.504384e-01 4.060363e-01
 outer loop
  vertex 2.0284189e-02 1.0842125e-02 5.0000000e-03
  vertex 1.6296844e-02 9.7679521e-03 1.4000000e-02
  vertex 1.6756504e-02 8.9565380e-03 1.4000000e-02
 endloop
endfacet
facet normal 7.951350e-01 4.504384e-01 4.060363e-01
 outer loop
  vertex 2.0284189e-02 1.0842125e-02 5.0000000e-03
  vertex 1.9727758e-02 1.1824363e-02 5.0000000e-03
  vertex 1.6296844e-02 9.7679521e-03 1.4000000e-02
 endloop
endfacet
facet normal 7.720753e-01 4.889113e-01 4.060363e-01
 outer loop
  vertex 1.9727758e-02 1.1824363e-02 5.0000000e-03
  vertex 1.5797923e-02 1.0555834e-02 1.4000000e-02
  vertex 1.6296844e-02 9.7679521e-03 1.4000000e-02
 endloop
endfacet
facet normal 7.720753e-01 4.889113e-01 4.060363e-01
 outer loop
  vertex 1.9727758e-02 1.1824363e-02 5.0000000e-03
  vertex 1.9123801e-02 1.2778115e-02 5.0000000e-03
  vertex 1.5797923e-02 1.0555834e-02 1.4000000e-02
 endloop
endfacet
facet normal 7.471556e-01 5.262063e-01 4.060363e-01
 outer loop
  vertex 1.9123801e-02 1.2778115e-02 5.0000000e-03
  vertex 1.5260943e-02 1.1318287e-02 1.4000000e-02
  vertex 1.5797923e-02 1.0555834e-02 1.4000000e-02
 endloop
endfacet
facet normal 7.471556e-01 5.262063e-01 4.060363e-01
 outer loop
  vertex 1.9123801e-02 1.2778115e-02 5.0000000e-03
  vertex 1.8473773e-02 1.3701084e-02 5.0000000e-03
  vertex 1.5260943e-02 1.1318287e-02 1.4000000e-02
 endloop
endfacet
facet normal 7.204359e-01 5.622337e-01 4.060363e-01
 outer loop
  vertex 1.8473773e-02 1.3701084e-02 5.0000000e-03
  vertex 1.4687199e-02 1.2053472e-02 1.4000000e-02
  vertex 1.5260943e-02 1.1318287e-02 1.4000000e-02
 endloop
endfacet
facet normal 7.204359e-01 5.622337e-01 4.060363e-01
 outer loop
  vertex 1.8473773e-02 1.3701084e-02 5.0000000e-03
  vertex 1.7779240e-02 1.4591046e-02 5.0000000e-03
  vertex 1.4687199e-02 1.2053472e-02 1.4000000e-02
 endloop
endfacet
facet normal 6.919806e-01 5.969065e-01 4.060363e-01
 outer loop
  vertex 1.7779240e-02 1.4591046e-02 5.0000000e-03
  vertex 1.4078071e-02 1.2759620e-02 1.4000000e-02
  vertex 1.4687199e-02 1.2053472e-02 1.4000000e-02
 endloop
endfacet
facet normal 6.919806e-01 5.969065e-01 4.060363e-01
 outer loop
  vertex 1.7779240e-02 1.4591046e-02 5.0000000e-03
  vertex 1.7041876e-02 1.5445856e-02 5.0000000e-03
  vertex 1.4078071e-02 1.2759620e-02 1.4000000e-02
 endloop
endfacet
facet normal 6.618582e-01 6.301414e-01 4.060363e-01
 outer loop
  vertex 1.7041876e-02 1.5445856e-02 5.0000000e-03
  vertex 1.3435029e-02 1.3435029e-02 1.4000000e-02
  vertex 1.4078071e-02 1.2759620e-02 1.4000000e-02
 endloop
endfacet
facet normal 6.618582e-01 6.301414e-01 4.060363e-01
 outer loop
  vertex 1.7041876e-02 1.5445856e-02 5.0000000e-03
  vertex 1.6263456e-02 1.6263456e-02 5.0000000e-03
  vertex 1.3435029e-02 1.3435029e-02 1.4000000e-02
 endloop
endfacet
facet normal 6.301414e-01 6.618582e-01 4.060363e-01
 outer loop
  vertex 1.6263456e-02 1.6263456e-02 5.0000000e-03
  vertex 1.2759620e-02 1.4078071e-02 1.4000000e-02
  vertex 1.3435029e-02 1.3435029e-02 1.4000000e-02
 endloop
endfacet
facet normal 6.301414e-01 6.618582e-01 4.060363e-01
 outer loop
  vertex 1.6263456e-02 1.6263456e-02 5.0000000e-03
  vertex 1.5445856e-02 1.7041876e-02 5.0000000e-03
  vertex 1.2759620e-02 1.4078071e-02 1.4000000e-02
 endloop
endfacet
facet normal 5.969065e-01 6.919806e-01 4.060363e-01
 outer loop
  vertex 1.5445856e-02 1.7041876e-02 5.0000000e-03
  vertex 1.2053472e-02 1.4687199e-02 1.4000000e-02
  vertex 1.2759620e-02 1.4078071e-02 1.4000000e-02
 endloop
endfacet
facet normal 5.969065e-01 6.919806e-01 4.060363e-01
 outer loop
  vertex 1.5445856e-02 1.7041876e-02 5.0000000e-03
  vertex 1.4591046e-02 1.7779240e-02 5.0000000e-03
  vertex 1.2053472e-02 1.4687199e-02 1.4000000e-02
 endloop
endfacet
facet normal 5.622337e-01 7.204359e-01 4.060363e-01
 outer loop
  vertex 1.4591046e-02 1.7779240e-02 5.0000000e-03
  vertex 1.1318287e-02 1.5260943e-02 1.4000000e-02
  vertex 1.2053472e-02 1.4687199e-02 1.4000000e-02
 endloop
endfacet
facet normal 5.622337e-01 7.204359e-01 4.060363e-01
 outer loop
  vertex 1.4591046e-02 1.7779240e-02 5.0000000e-03
  vertex 1.3701084e-02 1.8473773e-02 5.0000000e-03
  vertex 1.1318287e-02 1.5260943e-02 1.4000000e-02
 endloop
endfacet
facet normal 5.262063e-01 7.471556e-01 4.060363e-01
 outer loop
  vertex 1.3701084e-02 1.8473773e-02 5.0000000e-03
  vertex 1.0555834e-02 1.5797923e-02 1.4000000e-02
  vertex 1.1318287e-02 1.5260943e-02 1.4000000e-02
 endloop
endfacet
facet normal 5.262063e-01 7.471556e-01 4.060363e-01
 outer loop
  vertex 1.3701084e-02 1.8473773e-02 5.0000000e-03
  vertex 1.2778115e-02 1.9123801e-02 5.0000000e-03
  vertex 1.0555834e-02 1.5797923e-02 1.4000000e-02
 endloop
endfacet
facet normal 4.889113e-01 7.720753e-01 4.060363e-01
 outer loop
  vertex 1.2778115e-02 1.9123801e-02 5.0000000e-03
  vertex 9.7679521e-03 1.6296844e-02 1.4000000e-02
  vertex 1.0555834e-02 1.5797923e-02 1.4000000e-02
 endloop
endfacet
facet normal 4.889113e-01 7.720753e-01 4.060363e-01
 outer loop
  vertex 1.2778115e-02 1.9123801e-02 5.0000000e-03
  vertex 1.1824363e-02 1.9727758e-02 5.0000000e-03
  vertex 9.7679521e-03 1.6296844e-02 1.4000000e-02
 endloop
endfacet
facet normal 4.504384e-01 7.951350e-01 4.060363e-01
 outer loop
  vertex 1.1824363e-02 1.9727758e-02 5.0000000e-03
  vertex 8.9565380e-03 1.6756504e-02 1.4000000e-02
  vertex 9.7679521e-03 1.6296844e-02 1.4000000e-02
 endloop
endfacet
facet normal 4.504384e-01 7.951350e-01 4.060363e-01
 outer loop
  vertex 1.1824363e-02 1.9727758e-02 5.0000000e-03
  vertex 1.0842125e-02 2.0284189e-02 5.0000000e-03
  vertex 8.9565380e-03 1.6756504e-02 1.4000000e-02
 endloop
endfacet
facet normal 4.108804e-01 8.162792e-01 4.060363e-01
 outer loop
  vertex 1.0842125e-02 2.0284189e-02 5.0000000e-03
  vertex 8.1235468e-03 1.7175797e-02 1.4000000e-02
  vertex 8.9565380e-03 1.6756504e-02 1.4000000e-02
 endloop
endfacet
facet normal 4.108804e-01 8.162792e-01 4.060363e-01
 outer loop
  vertex 1.0842125e-02 2.0284189e-02 5.0000000e-03
  vertex 9.8337671e-03 2.0791754e-02 5.0000000e-03
  vertex 8.1235468e-03 1.7175797e-02 1.4000000e-02
 endloop
endfacet
facet normal 3.703326e-01 8.354569e-01 4.060363e-01
 outer loop
  vertex 9.8337671e-03 2.0791754e-02 5.0000000e-03
  vertex 7.2709852e-03 1.7553711e-02 1.4000000e-02
  vertex 8.1235468e-03 1.7175797e-02 1.4000000e-02
 endloop
endfacet
facet normal 3.703326e-01 8.354569e-01 4.060363e-01
 outer loop
  vertex 9.8337671e-03 2.0791754e-02 5.0000000e-03
  vertex 8.8017189e-03 2.1249229e-02 5.0000000e-03
  vertex 7.2709852e-03 1.7553711e-02 1.4000000e-02
 endloop
endfacet
facet normal 3.288926e-01 8.526219e-01 4.060363e-01
 outer loop
  vertex 8.8017189e-03 2.1249229e-02 5.0000000e-03
  vertex 6.4009072e-03 1.7889337e-02 1.4000000e-02
  vertex 7.2709852e-03 1.7553711e-02 1.4000000e-02
 endloop
endfacet
facet normal 3.288926e-01 8.526219e-01 4.060363e-01
 outer loop
  vertex 8.8017189e-03 2.1249229e-02 5.0000000e-03
  vertex 7.7484666e-03 2.1655513e-02 5.0000000e-03
  vertex 6.4009072e-03 1.7889337e-02 1.4000000e-02
 endloop
endfacet
facet normal 2.866602e-01 8.677329e-01 4.060363e-01
 outer loop
  vertex 7.7484666e-03 2.1655513e-02 5.0000000e-03
  vertex 5.5154089e-03 1.8181866e-02 1.4000000e-02
  vertex 6.4009072e-03 1.7889337e-02 1.4000000e-02
 endloop
endfacet
facet normal 2.866602e-01 8.677329e-01 4.060363e-01
 outer loop
  vertex 7.7484666e-03 2.1655513e-02 5.0000000e-03
  vertex 6.6765476e-03 2.2009628e-02 5.0000000e-03
  vertex 5.5154089e-03 1.8181866e-02 1.4000000e-02
 endloop
endfacet
facet normal 2.437373e-01 8.807534e-01 4.060363e-01
 outer loop
  vertex 6.6765476e-03 2.2009628e-02 5.0000000e-03
  vertex 4.6166234e-03 1.8430594e-02 1.4000000e-02
  vertex 5.5154089e-03 1.8181866e-02 1.4000000e-02
 endloop
endfacet
facet normal 2.437373e-01 8.807534e-01 4.060363e-01
 outer loop
  vertex 6.6765476e-03 2.2009628e-02 5.0000000e-03
  vertex 5.5885441e-03 2.2310719e-02 5.0000000e-03
  vertex 4.6166234e-03 1.8430594e-02 1.4000000e-02
 endloop
endfacet
facet normal 2.002272e-01 8.916522e-01 4.060363e-01
 outer loop
  vertex 5.5885441e-03 2.2310719e-02 5.0000000e-03
  vertex 3.7067161e-03 1.8634920e-02 1.4000000e-02
  vertex 4.6166234e-03 1.8430594e-02 1.4000000e-02
 endloop
endfacet
facet normal 2.002272e-01 8.916522e-01 4.060363e-01
 outer loop
  vertex 5.5885441e-03 2.2310719e-02 5.0000000e-03
  vertex 4.4870774e-03 2.2558061e-02 5.0000000e-03
  vertex 3.7067161e-03 1.8634920e-02 1.4000000e-02
 endloop
endfacet
facet normal 1.562347e-01 9.004028e-01 4.060363e-01
 outer loop
  vertex 4.4870774e-03 2.2558061e-02 5.0000000e-03
  vertex 2.7878790e-03 1.8794354e-02 1.4000000e-02
  vertex 3.7067161e-03 1.8634920e-02 1.4000000e-02
 endloop
endfacet
facet normal 1.562347e-01 9.004028e-01 4.060363e-01
 outer loop
  vertex 4.4870774e-03 2.2558061e-02 5.0000000e-03
  vertex 3.3748009e-03 2.2751060e-02 5.0000000e-03
  vertex 2.7878790e-03 1.8794354e-02 1.4000000e-02
 endloop
endfacet
facet normal 1.118658e-01 9.069843e-01 4.060363e-01
 outer loop
  vertex 3.3748009e-03 2.2751060e-02 5.0000000e-03
  vertex 1.8623257e-03 1.8908510e-02 1.4000000e-02
  vertex 2.7878790e-03 1.8794354e-02 1.4000000e-02
 endloop
endfacet
facet normal 1.118658e-01 9.069843e-01 4.060363e-01
 outer loop
  vertex 3.3748009e-03 2.2751060e-02 5.0000000e-03
  vertex 2.2543942e-03 2.2889249e-02 5.0000000e-03
  vertex 1.8623257e-03 1.8908510e-02 1.4000000e-02
 endloop
endfacet
facet normal 6.722749e-02 9.113808e-01 4.060363e-01
 outer loop
  vertex 2.2543942e-03 2.2889249e-02 5.0000000e-03
  vertex 9.3228581e-04 1.8977114e-02 1.4000000e-02
  vertex 1.8623257e-03 1.8908510e-02 1.4000000e-02
 endloop
endfacet
facet normal 6.722749e-02 9.113808e-01 4.060363e-01
 outer loop
  vertex 2.2543942e-03 2.2889249e-02 5.0000000e-03
  vertex 1.1285565e-03 2.2972295e-02 5.0000000e-03
  vertex 9.3228581e-04 1.8977114e-02 1.4000000e-02
 endloop
endfacet
facet normal 2.242717e-02 9.135817e-01 4.060363e-01
 outer loop
  vertex 1.1285565e-03 2.2972295e-02 5.0000000e-03
  vertex 1.1634145e-18 1.9000000e-02 1.4000000e-02
  vertex 9.3228581e-04 1.8977114e-02 1.4000000e-02
 endloop
endfacet
facet normal 2.242717e-02 9.135817e-01 4.060363e-01
 outer loop
  vertex 1.1285565e-03 2.2972295e-02 5.0000000e-03
  vertex 1.4083438e-18 2.3000000e-02 5.0000000e-03
  vertex 1.1634145e-18 1.9000000e-02 1.4000000e-02
 endloop
endfacet
facet normal -2.242717e-02 9.135817e-01 4.060363e-01
 outer loop
  vertex 1.4083438e-18 2.3000000e-02 5.0000000e-03
  vertex -9.3228581e-04 1.8977114e-02 1.4000000e-02
  vertex 1.1634145e-18 1.9000000e-02 1.4000000e-02
 endloop
endfacet
facet normal -2.242717e-02 9.135817e-01 4.060363e-01
 outer loop
  vertex 1.4083438e-18 2.3000000e-02 5.0000000e-03
  vertex -1.1285565e-03 2.2972295e-02 5.0000000e-03
  vertex -9.3228581e-04 1.8977114e-02 1.4000000e-02
 endloop
endfacet
facet normal -6.722749e-02 9.113808e-01 4.060363e-01
 outer loop
  vertex -1.1285565e-03 2.2972295e-02 5.0000000e-03
  vertex -1.8623257e-03 1.8908510e-02 1.4000000e-02
  vertex -9.3228581e-04 1.8977114e-02 1.4000000e-02
 endloop
endfacet
facet normal -6.722749e-02 9.113808e-01 4.060363e-01
 outer loop
  vertex -1.1285565e-03 2.2972295e-02 5.0000000e-03
  vertex -2.2543942e-03 2.2889249e-02 5.0000000e-03
  vertex -1.8623257e-03 1.8908510e-02 1.4000000e-02
 endloop
endfacet
facet normal -1.118658e-01 9.069843e-01 4.060363e-01
 outer loop
  vertex -2.2543942e-03 2.2889249e-02 5.0000000e-03
  vertex -2.7878790e-03 1.8794354e-02 1.4000000e-02
  vertex -1.8623257e-03 1.8908510e-02 1.4000000e-02
 endloop
endfacet
facet normal -1.118658e-01 9.069843e-01 4.060363e-01
 outer loop
  vertex -2.2543942e-03 2.2889249e-02 5.0000000e-03
  vertex -3.3748009e-03 2.2751060e-02 5.0000000e-03
  vertex -2.7878790e-03 1.8794354e-02 1.4000000e-02
 endloop
endfacet
facet normal -1.562347e-01 9.004028e-01 4.060363e-01
 outer loop
  vertex -3.3748009e-03 2.2751060e-02 5.0000000e-03
  vertex -3.7067161e-03 1.8634920e-02 1.4000000e-02
  vertex -2.7878790e-03 1.8794354e-02 1.4000000e-02
 endloop
endfacet
facet normal -1.562347e-01 9.004028e-01 4.060363e-01
 outer loop
  vertex -3.3748009e-03 2.2751060e-02 5.0000000e-03
  vertex -4.4870774e-03 2.2558061e-02 5.0000000e-03
  vertex -3.7067161e-03 1.8634920e-02 1.4000000e-02
 endloop
endfacet
facet normal -2.002272e-01 8.916522e-01 4.060363e-01
 outer loop
  vertex -4.4870774e-03 2.2558061e-02 5.0000000e-03
  vertex -4.6166234e-03 1.8430594e-02 1.4000000e-02
  vertex -3.7067161e-03 1.8634920e-02 1.4000000e-02
 endloop
endfacet
facet normal -2.002272e-01 8.916522e-01 4.060363e-01
 outer loop
  vertex -4.4870774e-03 2.2558061e-02 5.0000000e-03
  vertex -5.5885441e-03 2.2310719e-02 5.0000000e-03
  vertex -4.6166234e-03 1.8430594e-02 1.4000000e-02
 endloop
endfacet
facet normal -2.437373e-01 8.807534e-01 4.060363e-01
 outer loop
  vertex -5.5885441e-03 2.2310719e-02 5.0000000e-03
  vertex -5.5154089e-03 1.8181866e-02 1.4000000e-02
  vertex -4.6166234e-03 1.8430594e-02 1.4000000e-02
 endloop
endfacet
facet normal -2.437373e-01 8.807534e-01 4.060363e-01
 outer loop
  vertex -5.5885441e-03 2.2310719e-02 5.0000000e-03
  vertex -6.6765476e-03 2.2009628e-02 5.0000000e-03
  vertex -5.5154089e-03 1.8181866e-02 1.4000000e-02
 endloop
endfacet
facet normal -2.866602e-01 8.677329e-01 4.060363e-01
 outer loop
  vertex -6.6765476e-03 2.2009628e-02 5.0000000e-03
  vertex -6.4009072e-03 1.7889337e-02 1.4000000e-02
  vertex -5.5154089e-03 1.8181866e-02 1.4000000e-02
 endloop
endfacet
facet normal -2.866602e-01 8.677329e-01 4.060363e-01
 outer loop
  vertex -6.6765476e-03 2.2009628e-02 5.0000000e-03
  vertex -7.7484666e-03 2.1655513e-02 5.0000000e-03
  vertex -6.4009072e-03 1.7889337e-02 1.4000000e-02
 endloop
endfacet
facet normal -3.288926e-01 8.526219e-01 4.060363e-01
 outer loop
  vertex -7.7484666e-03 2.1655513e-02 5.0000000e-03
  vertex -7.2709852e-03 1.7553711e-02 1.4000000e-02
  vertex -6.4009072e-03 1.7889337e-02 1.4000000e-02
 endloop
endfacet
facet normal -3.288926e-01 8.526219e-01 4.060363e-01
 outer loop
  vertex -7.7484666e-03 2.1655513e-02 5.0000000e-03
  vertex -8.8017189e-03 2.1249229e-02 5.0000000e-03
  vertex -7.2709852e-03 1.7553711e-02 1.4000000e-02
 endloop
endfacet
facet normal -3.703326e-01 8.354569e-01 4.060363e-01
 outer loop
  vertex -8.8017189e-03 2.1249229e-02 5.0000000e-03
  vertex -8.1235468e-03 1.7175797e-02 1.4000000e-02
  vertex -7.2709852e-03 1.7553711e-02 1.4000000e-02
 endloop
endfacet
facet normal -3.703326e-01 8.354569e-01 4.060363e-01
 outer loop
  vertex -8.8017189e-03 2.1249229e-02 5.0000000e-03
  vertex -9.8337671e-03 2.0791754e-02 5.0000000e-03
  vertex -8.1235468e-03 1.7175797e-02 1.4000000e-02
 endloop
endfacet
facet normal -4.108804e-01 8.162792e-01 4.060363e-01
 outer loop
  vertex -9.8337671e-03 2.0791754e-02 5.0000000e-03
  vertex -8.9565380e-03 1.6756504e-02 1.4000000e-02
  vertex -8.1235468e-03 1.7175797e-02 1.4000000e-02
 endloop
endfacet
facet normal -4.108804e-01 8.162792e-01 4.060363e-01
 outer loop
  vertex -9.8337671e-03 2.0791754e-02 5.0000000e-03
  vertex -1.0842125e-02 2.0284189e-02 5.0000000e-03
  vertex -8.9565380e-03 1.6756504e-02 1.4000000e-02
 endloop
endfacet
facet normal -4.504384e-01 7.951350e-01 4.060363e-01
 outer loop
  vertex -1.0842125e-02 2.0284189e-02 5.0000000e-03
  vertex -9.7679521e-03 1.6296844e-02 1.4000000e-02
  vertex -8.9565380e-03 1.6756504e-02 1.4000000e-02
 endloop
endfacet
facet normal -4.504384e-01 7.951350e-01 4.060363e-01
 outer loop
  vertex -1.0842125e-02 2.0284189e-02 5.0000000e-03
  vertex -1.1824363e-02 1.9727758e-02 5.0000000e-03
  vertex -9.7679521e-03 1.6296844e-02 1.4000000e-02
 endloop
endfacet
facet normal -4.889113e-01 7.720753e-01 4.060363e-01
 outer loop
  vertex -1.1824363e-02 1.9727758e-02 5.0000000e-03
  vertex -1.0555834e-02 1.5797923e-02 1.4000000e-02
  vertex -9.7679521e-03 1.6296844e-02 1.4000000e-02
 endloop
endfacet
facet normal -4.889113e-01 7.720753e-01 4.060363e-01
 outer loop
  vertex -1.1824363e-02 1.9727758e-02 5.0000000e-03
  vertex -1.2778115e-02 1.9123801e-02 5.0000000e-03
  vertex -1.0555834e-02 1.5797923e-02 1.4000000e-02
 endloop
endfacet
facet normal -5.262063e-01 7.471556e-01 4.060363e-01
 outer loop
  vertex -1.2778115e-02 1.9123801e-02 5.0000000e-03
  vertex -1.1318287e-02 1.5260943e-02 1.4000000e-02
  vertex -1.0555834e-02 1.5797923e-02 1.4000000e-02
 endloop
endfacet
facet normal -5.262063e-01 7.471556e-01 4.060363e-01
 outer loop
  vertex -1.2778115e-02 1.9123801e-02 5.0000000e-03
  vertex -1.3701084e-02 1.8473773e-02 5.0000000e-03
  vertex -1.1318287e-02 1.5260943e-02 1.4000000e-02
 endloop
endfacet
facet normal -5.622337e-01 7.204359e-01 4.060363e-01
 outer loop
  vertex -1.3701084e-02 1.8473773e-02 5.0000000e-03
  vertex -1.2053472e-02 1.4687199e-02 1.4000000e-02
  vertex -1.1318287e-02 1.5260943e-02 1.4000000e-02
 endloop
endfacet
facet normal -5.622337e-01 7.204359e-01 4.060363e-01
 outer loop
  vertex -1.3701084e-02 1.8473773e-02 5.0000000e-03
  vertex -1.4591046e-02 1.7779240e-02 5.0000000e-03
  vertex -1.2053472e-02 1.4687199e-02 1.4000000e-02
 endloop
endfacet
facet normal -5.969065e-01 6.919806e-01 4.060363e-01
 outer loop
  vertex -1.4591046e-02 1.7779240e-02 5.0000000e-03
  vertex -1.2759620e-02 1.4078071e-02 1.4000000e-02
  vertex -1.2053472e-02 1.4687199e-02 1.4000000e-02
 endloop
endfacet
facet normal -5.969065e-01 6.919806e-01 4.060363e-01
 outer loop
  vertex -1.4591046e-02 1.7779240e-02 5.0000000e-03
  vertex -1.5445856e-02 1.7041876e-02 5.0000000e-03
  vertex -1.2759620e-02 1.4078071e-02 1.4000000e-02
 endloop
endfacet
facet normal -6.301414e-01 6.618582e-01 4.060363e-01
 outer loop
  vertex -1.5445856e-02 1.7041876e-02 5.0000000e-03
  vertex -1.3435029e-02 1.3435029e-02 1.4000000e-02
  vertex -1.2759620e-02 1.4078071e-02 1.4000000e-02
 endloop
endfacet
facet normal -6.301414e-01 6.618582e-01 4.060363e-01
 outer loop
  vertex -1.5445856e-02 1.7041876e-02 5.0000000e-03
  vertex -1.6263456e-02 1.6263456e-02 5.0000000e-03
  vertex -1.3435029e-02 1.3435029e-02 1.4000000e-02
 endloop
endfacet
facet normal -6.618582e-01 6.301414e-01 4.060363e-01
 outer loop
  vertex -1.6263456e-02 1.6263456e-02 5.0000000e-03
  vertex -1.4078071e-02 1.2759620e-02 1.4000000e-02
  vertex -1.3435029e-02 1.3435029e-02 1.4000000e-02
 endloop
endfacet
facet normal -6.618582e-01 6.301414e-01 4.060363e-01
 outer loop
  vertex -1.6263456e-02 1.6263456e-02 5.0000000e-03
  vertex -1.7041876e-02 1.5445856e-02 5.0000000e-03
  vertex -1.4078071e-02 1.2759620e-02 1.4000000e-02
 endloop
endfacet
facet normal -6.919806e-01 5.969065e-01 4.060363e-01
 outer loop
  vertex -1.7041876e-02 1.5445856e-02 5.0000000e-03
  vertex -1.4687199e-02 1.2053472e-02 1.4000000e-02
  vertex -1.4078071e-02 1.2759620e-02 1.4000000e-02
 endloop
endfacet
facet normal -6.919806e-01 5.969065e-01 4.060363e-01
 outer loop
  vertex -1.7041876e-02 1.5445856e-02 5.0000000e-03
  vertex -1.7779240e-02 1.4591046e-02 5.0000000e-03
  vertex -1.4687199e-02 1.2053472e-02 1.4000000e-02
 endloop
endfacet
facet normal -7.204359e-01 5.622337e-01 4.060363e-01
 outer loop
  vertex -1.7779240e-02 1.4591046e-02 5.0000000e-03
  vertex -1.5260943e-02 1.1318287e-02 1.4000000e-02
  vertex -1.4687199e-02 1.2053472e-02 1.4000000e-02
 endloop
endfacet
facet normal -7.204359e-01 5.622337e-01 4.060363e-01
 outer loop
  vertex -1.7779240e-02 1.4591046e-02 5.0000000e-03
  vertex -1.8473773e-02 1.3701084e-02 5.0000000e-03
  vertex -1.5260943e-02 1.1318287e-02 1.4000000e-02
 endloop
endfacet
facet normal -7.471556e-01 5.262063e-01 4.060363e-01
 outer loop
  vertex -1.8473773e-02 1.3701084e-02 5.0000000e-03
  vertex -1.5797923e-02 1.0555834e-02 1.4000000e-02
  vertex -1.5260943e-02 1.1318287e-02 1.4000000e-02
 endloop
endfacet
facet normal -7.471556e-01 5.262063e-01 4.060363e-01
 outer loop
  vertex -1.8473773e-02 1.3701084e-02 5.0000000e-03
  vertex -1.9123801e-02 1.2778115e-02 5.0000000e-03
  vertex -1.5797923e-02 1.0555834e-02 1.4000000e-02
 endloop
endfacet
facet normal -7.720753e-01 4.889113e-01 4.060363e-01
 outer loop
  vertex -1.9123801e-02 1.2778115e-02 5.0000000e-03
  vertex -1.6296844e-02 9.7679521e-03 1.4000000e-02
  vertex -1.5797923e-02 1.0555834e-02 1.4000000e-02
 endloop
endfacet
facet normal -7.720753e-01 4.889113e-01 4.060363e-01
 outer loop
  vertex -1.9123801e-02 1.2778115e-02 5.0000000e-03
  vertex -1.9727758e-02 1.1824363e-02 5.0000000e-03
  vertex -1.6296844e-02 9.7679521e-03 1.4000000e-02
 endloop
endfacet
facet normal -7.951350e-01 4.504384e-01 4.060363e-01
 outer loop
  vertex -1.9727758e-02 1.1824363e-02 5.0000000e-03
  vertex -1.6756504e-02 8.9565380e-03 1.4000000e-02
  vertex -1.6296844e-02 9.7679521e-03 1.4000000e-02
 endloop
endfacet
facet normal -7.951350e-01 4.504384e-01 4.060363e-01
 outer loop
  vertex -1.9727758e-02 1.1824363e-02 5.0000000e-03
  vertex -2.0284189e-02 1.0842125e-02 5.0000000e-03
  vertex -1.6756504e-02 8.9565380e-03 1.4000000e-02
 endloop
endfacet
facet normal -8.162792e-01 4.108804e-01 4.060363e-01
 outer loop
  vertex -2.0284189e-02 1.0842125e-02 5.0000000e-03
  vertex -1.7175797e-02 8.1235468e-03 1.4000000e-02
  vertex -1.6756504e-02 8.9565380e-03 1.4000000e-02
 endloop
endfacet
facet normal -8.162792e-01 4.108804e-01 4.060363e-01
 outer loop
  vertex -2.0284189e-02 1.0842125e-02 5.0000000e-03
  vertex -2.0791754e-02 9.8337671e-03 5.0000000e-03
  vertex -1.7175797e-02 8.1235468e-03 1.4000000e-02
 endloop
endfacet
facet normal -8.354569e-01 3.703326e-01 4.060363e-01
 outer loop
  vertex -2.0791754e-02 9.8337671e-03 5.0000000e-03
  vertex -1.7553711e-02 7.2709852e-03 1.4000000e-02
  vertex -1.7175797e-02 8.1235468e-03 1.4000000e-02
 endloop
endfacet
facet normal -8.354569e-01 3.703326e-01 4.060363e-01
 outer loop
  vertex -2.0791754e-02 9.8337671e-03 5.0000000e-03
  vertex -2.1249229e-02 8.8017189e-03 5.0000000e-03
  vertex -1.7553711e-02 7.2709852e-03 1.4000000e-02
 endloop
endfacet
facet normal -8.526219e-01 3.288926e-01 4.060363e-01
 outer loop
  vertex -2.1249229e-02 8.8017189e-03 5.0000000e-03
  vertex -1.7889337e-02 6.4009072e-03 1.4000000e-02
  vertex -1.7553711e-02 7.2709852e-03 1.4000000e-02
 endloop
endfacet
facet normal -8.526219e-01 3.288926e-01 4.060363e-01
 outer loop
  vertex -2.1249229e-02 8.8017189e-03 5.0000000e-03
  vertex -2.1655513e-02 7.7484666e-03 5.0000000e-03
  vertex -1.7889337e-02 6.4009072e-03 1.4000000e-02
 endloop
endfacet
facet normal -8.677329e-01 2.866602e-01 4.060363e-01
 outer loop
  vertex -2.1655513e-02 7.7484666e-03 5.0000000e-03
  vertex -1.8181866e-02 5.5154089e-03 1.4000000e-02
  vertex -1.7889337e-02 6.4009072e-03 1.4000000e-02
 endloop
endfacet
facet normal -8.677329e-01 2.866602e-01 4.060363e-01
 outer loop
  vertex -2.1655513e-02 7.7484666e-03 5.0000000e-03
  vertex -2.2009628e-02 6.6765476e-03 5.0000000e-03
  vertex -1.8181866e-02 5.5154089e-03 1.4000000e-02
 endloop
endfacet
facet normal -8.807534e-01 2.437373e-01 4.060363e-01
 outer loop
  vertex -2.2009628e-02 6.6765476e-03 5.0000000e-03
  vertex -1.8430594e-02 4.6166234e-03 1.4000000e-02
  vertex -1.8181866e-02 5.5154089e-03 1.4000000e-02
 endloop
endfacet
facet normal -8.807534e-01 2.437373e-01 4.060363e-01
 outer loop
  vertex -2.2009628e-02 6.6765476e-03 5.0000000e-03
  vertex -2.2310719e-02 5.5885441e-03 5.0000000e-03
  vertex -1.8430594e-02 4.6166234e-03 1.4000000e-02
 endloop
endfacet
facet normal -8.916522e-01 2.002272e-01 4.060363e-01
 outer loop
  vertex -2.2310719e-02 5.5885441e-03 5.0000000e-03
  vertex -1.8634920e-02 3.7067161e-03 1.4000000e-02
  vertex -1.8430594e-02 4.6166234e-03 1.4000000e-02
 endloop
endfacet
facet normal -8.916522e-01 2.002272e-01 4.060363e-01
 outer loop
  vertex -2.2310719e-02 5.5885441e-03 5.0000000e-03
  vertex -2.2558061e-02 4.4870774e-03 5.0000000e-03
  vertex -1.8634920e-02 3.7067161e-03 1.4000000e-02
 endloop
endfacet
facet normal -9.004028e-01 1.562347e-01 4.060363e-01
 outer loop
  vertex -2.2558061e-02 4.4870774e-03 5.0000000e-03
  vertex -1.8794354e-02 2.7878790e-03 1.4000000e-02
  vertex -1.8634920e-02 3.7067161e-03 1.4000000e-02
 endloop
endfacet
facet normal -9.004028e-01 1.562347e-01 4.060363e-01
 outer loop
  vertex -2.2558061e-02 4.4870774e-03 5.0000000e-03
  vertex -2.2751060e-02 3.3748009e-03 5.0000000e-03
  vertex -1.8794354e-02 2.7878790e-03 1.4000000e-02
 endloop
endfacet
facet normal -9.069843e-01 1.118658e-01 4.060363e-01
 outer loop
  vertex -2.2751060e-02 3.3748009e-03 5.0000000e-03
  vertex -1.8908510e-02 1.8623257e-03 1.4000000e-02
  vertex -1.8794354e-02 2.7878790e-03 1.4000000e-02
 endloop
endfacet
facet normal -9.069843e-01 1.118658e-01 4.060363e-01
 outer loop
  vertex -2.2751060e-02 3.3748009e-03 5.0000000e-03
  vertex -2.2889249e-02 2.2543942e-03 5.0000000e-03
  vertex -1.8908510e-02 1.8623257e-03 1.4000000e-02
 endloop
endfacet
facet normal -9.113808e-01 6.722749e-02 4.060363e-01
 outer loop
  vertex -2.2889249e-02 2.2543942e-03 5.0000000e-03
  vertex -1.8977114e-02 9.3228581e-04 1.4000000e-02
  vertex -1.8908510e-02 1.8623257e-03 1.4000000e-02
 endloop
endfacet
facet normal -9.113808e-01 6.722749e-02 4.060363e-01
 outer loop
  vertex -2.2889249e-02 2.2543942e-03 5.0000000e-03
  vertex -2.2972295e-02 1.1285565e-03 5.0000000e-03
  vertex -1.8977114e-02 9.3228581e-04 1.4000000e-02
 endloop
endfacet
facet normal -9.135817e-01 2.242717e-02 4.060363e-01
 outer loop
  vertex -2.2972295e-02 1.1285565e-03 5.0000000e-03
  vertex -1.9000000e-02 2.3268289e-18 1.4000000e-02
  vertex -1.8977114e-02 9.3228581e-04 1.4000000e-02
 endloop
endfacet
facet normal -9.135817e-01 2.242717e-02 4.060363e-01
 outer loop
  vertex -2.2972295e-02 1.1285565e-03 5.0000000e-03
  vertex -2.3000000e-02 2.8166876e-18 5.0000000e-03
  vertex -1.9000000e-02 2.3268289e-18 1.4000000e-02
 endloop
endfacet
facet normal -9.135817e-01 -2.242717e-02 4.060363e-01
 outer loop
  vertex -2.3000000e-02 2.8166876e-18 5.0000000e-03
  vertex -1.8977114e-02 -9.3228581e-04 1.4000000e-02
  vertex -1.9000000e-02 2.3268289e-18 1.4000000e-02
 endloop
endfacet
facet normal -9.135817e-01 -2.242717e-02 4.060363e-01
 outer loop
  vertex -2.3000000e-02 2.8166876e-18 5.0000000e-03
  vertex -2.2972295e-02 -1.1285565e-03 5.0000000e-03
  vertex -1.8977114e-02 -9.3228581e-04 1.4000000e-02
 endloop
endfacet
facet normal -9.113808e-01 -6.722749e-02 4.060363e-01
 outer loop
  vertex -2.2972295e-02 -1.1285565e-03 5.0000000e-03
  vertex -1.8908510e-02 -1.8623257e-03 1.4000000e-02
  vertex -1.8977114e-02 -9.3228581e-04 1.4000000e-02
 endloop
endfacet
facet normal -9.113808e-01 -6.722749e-02 4.060363e-01
 outer loop
  vertex -2.2972295e-02 -1.1285565e-03 5.0000000e-03
  vertex -2.2889249e-02 -2.2543942e-03 5.0000000e-03
  vertex -1.8908510e-02 -1.8623257e-03 1.4000000e-02
 endloop
endfacet
facet normal -9.069843e-01 -1.118658e-01 4.060363e-01
 outer loop
  vertex -2.2889249e-02 -2.2543942e-03 5.0000000e-03
  vertex -1.8794354e-02 -2.7878790e-03 1.4000000e-02
  vertex -1.8908510e-02 -1.8623257e-03 1.4000000e-02
 endloop
endfacet
facet normal -9.069843e-01 -1.118658e-01 4.060363e-01
 outer loop
  vertex -2.2889249e-02 -2.2543942e-03 5.0000000e-03
  vertex -2.2751060e-02 -3.3748009e-03 5.0000000e-03
  vertex -1.8794354e-02 -2.7878790e-03 1.4000000e-02
 endloop
endfacet
facet normal -9.004028e-01 -1.562347e-01 4.060363e-01
 outer loop
  vertex -2.2751060e-02 -3.3748009e-03 5.0000000e-03
  vertex -1.8634920e-02 -3.7067161e-03 1.4000000e-02
  vertex -1.8794354e-02 -2.7878790e-03 1.4000000e-02
 endloop
endfacet
facet normal -9.004028e-01 -1.562347e-01 4.060363e-01
 outer loop
  vertex -2.2751060e-02 -3.3748009e-03 5.0000000e-03
  vertex -2.2558061e-02 -4.4870774e-03 5.0000000e-03
  vertex -1.8634920e-02 -3.7067161e-03 1.4000000e-02
 endloop
endfacet
facet normal -8.916522e-01 -2.002272e-01 4.060363e-01
 outer loop
  vertex -2.2558061e-02 -4.4870774e-03 5.0000000e-03
  vertex -1.8430594e-02 -4.6166234e-03 1.4000000e-02
  vertex -1.8634920e-02 -3.7067161e-03 1.4000000e-02
 endloop
endfacet
facet normal -8.916522e-01 -2.002272e-01 4.060363e-01
 outer loop
  vertex -2.2558061e-02 -4.4870774e-03 5.0000000e-03
  vertex -2.2310719e-02 -5.5885441e-03 5.0000000e-03
  vertex -1.8430594e-02 -4.6166234e-03 1.4000000e-02
 endloop
endfacet
facet normal -8.807534e-01 -2.437373e-01 4.060363e-01
 outer loop
  vertex -2.2310719e-02 -5.5885441e-03 5.0000000e-03
  vertex -1.8181866e-02 -5.5154089e-03 1.4000000e-02
  vertex -1.8430594e-02 -4.6166234e-03 1.4000000e-02
 endloop
endfacet
facet normal -8.807534e-01 -2.437373e-01 4.060363e-01
 outer loop
  vertex -2.2310719e-02 -5.5885441e-03 5.0000000e-03
  vertex -2.2009628e-02 -6.6765476e-03 5.0000000e-03
  vertex -1.8181866e-02 -5.5154089e-03 1.4000000e-02
 endloop
endfacet
facet normal -8.677329e-01 -2.866602e-01 4.060363e-01
 outer loop
  vertex -2.2009628e-02 -6.6765476e-03 5.0000000e-03
  vertex -1.7889337e-02 -6.4009072e-03 1.4000000e-02
  vertex -1.8181866e-02 -5.5154089e-03 1.4000000e-02
 endloop
endfacet
facet normal -8.677329e-01 -2.866602e-01 4.060363e-01
 outer loop
  vertex -2.2009628e-02 -6.6765476e-03 5.0000000e-03
  vertex -2.1655513e-02 -7.7484666e-03 5.0000000e-03
  vertex -1.7889337e-02 -6.4009072e-03 1.4000000e-02
 endloop
endfacet
facet normal -8.526219e-01 -3.288926e-01 4.060363e-01
 outer loop
  vertex -2.1655513e-02 -7.7484666e-03 5.0000000e-03
  vertex -1.7553711e-02 -7.2709852e-03 1.4000000e-02
  vertex -1.7889337e-02 -6.4009072e-03 1.4000000e-02
 endloop
endfacet
facet normal -8.526219e-01 -3.288926e-01 4.060363e-01
 outer loop
  vertex -2.1655513e-02 -7.7484666e-03 5.0000000e-03
  vertex -2.1249229e-02 -8.8017189e-03 5.0000000e-03
  vertex -1.7553711e-02 -7.2709852e-03 1.4000000e-02
 endloop
endfacet
facet normal -8.354569e-01 -3.703326e-01 4.060363e-01
 outer loop
  vertex -2.1249229e-02 -8.8017189e-03 5.0000000e-03
  vertex -1.7175797e-02 -8.1235468e-03 1.4000000e-02
  vertex -1.7553711e-02 -7.2709852e-03 1.4000000e-02
 endloop
endfacet
facet normal -8.354569e-01 -3.703326e-01 4.060363e-01
 outer loop
  vertex -2.1249229e-02 -8.8017189e-03 5.0000000e-03
  vertex -2.0791754e-02 -9.8337671e-03 5.0000000e-03
  vertex -1.7175797e-02 -8.1235468e-03 1.4000000e-02
 endloop
endfacet
facet normal -8.162792e-01 -4.108804e-01 4.060363e-01
 outer loop
  vertex -2.0791754e-02 -9.8337671e-03 5.0000000e-03
  vertex -1.6756504e-02 -8.9565380e-03 1.4000000e-02
  vertex -1.7175797e-02 -8.1235468e-03 1.4000000e-02
 endloop
endfacet
facet normal -8.162792e-01 -4.108804e-01 4.060363e-01
 outer loop
  vertex -2.0791754e-02 -9.8337671e-03 5.0000000e-03
  vertex -2.0284189e-02 -1.0842125e-02 5.0000000e-03
  vertex -1.6756504e-02 -8.9565380e-03 1.4000000e-02
 endloop
endfacet
facet normal -7.951350e-01 -4.504384e-01 4.060363e-01
 outer loop
  vertex -2.0284189e-02 -1.0842125e-02 5.0000000e-03
  vertex -1.6296844e-02 -9.7679521e-03 1.4000000e-02
  vertex -1.6756504e-02 -8.9565380e-03 1.4000000e-02
 endloop
endfacet
facet normal -7.951350e-01 -4.504384e-01 4.060363e-01
 outer loop
  vertex -2.0284189e-02 -1.0842125e-02 5.0000000e-03
  vertex -1.9727758e-02 -1.1824363e-02 5.0000000e-03
  vertex -1.6296844e-02 -9.7679521e-03 1.4000000e-02
 endloop
endfacet
facet normal -7.720753e-01 -4.889113e-01 4.060363e-01
 outer loop
  vertex -1.9727758e-02 -1.1824363e-02 5.0000000e-03
  vertex -1.5797923e-02 -1.0555834e-02 1.4000000e-02
  vertex -1.6296844e-02 -9.7679521e-03 1.4000000e-02
 endloop
endfacet
facet normal -7.720753e-01 -4.889113e-01 4.060363e-01
 outer loop
  vertex -1.9727758e-02 -1.1824363e-02 5.0000000e-03
  vertex -1.9123801e-02 -1.2778115e-02 5.0000000e-03
  vertex -1.5797923e-02 -1.0555834e-02 1.4000000e-02
 endloop
endfacet
facet normal -7.471556e-01 -5.262063e-01 4.060363e-01
 outer loop
  vertex -1.9123801e-02 -1.2778115e-02 5.0000000e-03
  vertex -1.5260943e-02 -1.1318287e-02 1.4000000e-02
  vertex -1.5797923e-02 -1.0555834e-02 1.4000000e-02
 endloop
endfacet
facet normal -7.471556e-01 -5.262063e-01 4.060363e-01
 outer loop
  vertex -1.9123801e-02 -1.2778115e-02 5.0000000e-03
  vertex -1.8473773e-02 -1.3701084e-02 5.0000000e-03
  vertex -1.5260943e-02 -1.1318287e-02 1.4000000e-02
 endloop
endfacet
facet normal -7.204359e-01 -5.622337e-01 4.060363e-01
 outer loop
  vertex -1.8473773e-02 -1.3701084e-02 5.0000000e-03
  vertex -1.4687199e-02 -1.2053472e-02 1.4000000e-02
  vertex -1.5260943e-02 -1.1318287e-02 1.4000000e-02
 endloop
endfacet
facet normal -7.204359e-01 -5.622337e-01 4.060363e-01
 outer loop
  vertex -1.8473773e-02 -1.3701084e-02 5.0000000e-03
  vertex -1.7779240e-02 -1.4591046e-02 5.0000000e-03
  vertex -1.4687199e-02 -1.2053472e-02 1.4000000e-02
 endloop
endfacet
facet normal -6.919806e-01 -5.969065e-01 4.060363e-01
 outer loop
  vertex -1.7779240e-02 -1.4591046e-02 5.0000000e-03
  vertex -1.4078071e-02 -1.2759620e-02 1.4000000e-02
  vertex -1.4687199e-02 -1.2053472e-02 1.4000000e-02
 endloop
endfacet
facet normal -6.919806e-01 -5.969065e-01 4.060363e-01
 outer loop
  vertex -1.7779240e-02 -1.4591046e-02 5.0000000e-03
  vertex -1.7041876e-02 -1.5445856e-02 5.0000000e-03
  vertex -1.4078071e-02 -1.2759620e-02 1.4000000e-02
 endloop
endfacet
facet normal -6.618582e-01 -6.301414e-01 4.060363e-01
 outer loop
  vertex -1.7041876e-02 -1.5445856e-02 5.0000000e-03
  vertex -1.3435029e-02 -1.3435029e-02 1.4000000e-02
  vertex -1.4078071e-02 -1.2759620e-02 1.4000000e-02
 endloop
endfacet
facet normal -6.618582e-01 -6.301414e-01 4.060363e-01
 outer loop
  vertex -1.7041876e-02 -1.5445856e-02 5.0000000e-03
  vertex -1.6263456e-02 -1.6263456e-02 5.0000000e-03
  vertex -1.3435029e-02 -1.3435029e-02 1.4000000e-02
 endloop
endfacet
facet normal -6.301414e-01 -6.618582e-01 4.060363e-01
 outer loop
  vertex -1.6263456e-02 -1.6263456e-02 5.0000000e-03
  vertex -1.2759620e-02 -1.4078071e-02 1.4000000e-02
  vertex -1.3435029e-02 -1.3435029e-02 1.4000000e-02
 endloop
endfacet
facet normal -6.301414e-01 -6.618582e-01 4.060363e-01
 outer loop
  vertex -1.6263456e-02 -1.6263456e-02 5.0000000e-03
  vertex -1.5445856e-02 -1.7041876e-02 5.0000000e-03
  vertex -1.2759620e-02 -1.4078071e-02 1.4000000e-02
 endloop
endfacet
facet normal -5.969065e-01 -6.919806e-01 4.060363e-01
 outer loop
  vertex -1.5445856e-02 -1.7041876e-02 5.0000000e-03
  vertex -1.2053472e-02 -1.4687199e-02 1.4000000e-02
  vertex -1.2759620e-02 -1.4078071e-02 1.4000000e-02
 endloop
endfacet
facet normal -5.969065e-01 -6.919806e-01 4.060363e-01
 outer loop
  vertex -1.5445856e-02 -1.7041876e-02 5.0000000e-03
  vertex -1.4591046e-02 -1.7779240e-02 5.0000000e-03
  vertex -1.2053472e-02 -1.4687199e-02 1.4000000e-02
 endloop
endfacet
facet normal -5.622337e-01 -7.204359e-01 4.060363e-01
 outer loop
  vertex -1.4591046e-02 -1.7779240e-02 5.0000000e-03
  vertex -1.1318287e-02 -1.5260943e-02 1.4000000e-02
  vertex -1.2053472e-02 -1.4687199e-02 1.4000000e-02
 endloop
endfacet
facet normal -5.622337e-01 -7.204359e-01 4.060363e-01
 outer loop
  vertex -1.4591046e-02 -1.7779240e-02 5.0000000e-03
  vertex -1.3701084e-02 -1.8473773e-02 5.0000000e-03
  vertex -1.1318287e-02 -1.5260943e-02 1.4000000e-02
 endloop
endfacet
facet normal -5.262063e-01 -7.471556e-01 4.060363e-01
 outer loop
  vertex -1.3701084e-02 -1.8473773e-02 5.0000000e-03
  vertex -1.0555834e-02 -1.5797923e-02 1.4000000e-02
  vertex -1.1318287e-02 -1.5260943e-02 1.4000000e-02
 endloop
endfacet
facet normal -5.262063e-01 -7.471556e-01 4.060363e-01
 outer loop
  vertex -1.3701084e-02 -1.8473773e-02 5.0000000e-03
  vertex -1.2778115e-02 -1.9123801e-02 5.0000000e-03
  vertex -1.0555834e-02 -1.5797923e-02 1.4000000e-02
 endloop
endfacet
facet normal -4.889113e-01 -7.720753e-01 4.060363e-01
 outer loop
  vertex -1.2778115e-02 -1.9123801e-02 5.0000000e-03
  vertex -9.7679521e-03 -1.6296844e-02 1.4000000e-02
  vertex -1.0555834e-02 -1.5797923e-02 1.4000000e-02
 endloop
endfacet
facet normal -4.889113e-01 -7.720753e-01 4.060363e-01
 outer loop
  vertex -1.2778115e-02 -1.9123801e-02 5.0000000e-03
  vertex -1.1824363e-02 -1.9727758e-02 5.0000000e-03
  vertex -9.7679521e-03 -1.6296844e-02 1.4000000e-02
 endloop
endfacet
facet normal -4.504384e-01 -7.951350e-01 4.060363e-01
 outer loop
  vertex -1.1824363e-02 -1.9727758e-02 5.0000000e-03
  vertex -8.9565380e-03 -1.6756504e-02 1.4000000e-02
  vertex -9.7679521e-03 -1.6296844e-02 1.4000000e-02
 endloop
endfacet
facet normal -4.504384e-01 -7.951350e-01 4.060363e-01
 outer loop
  vertex -1.1824363e-02 -1.9727758e-02 5.0000000e-03
  vertex -1.0842125e-02 -2.0284189e-02 5.0000000e-03
  vertex -8.9565380e-03 -1.6756504e-02 1.4000000e-02
 endloop
endfacet
facet normal -4.108804e-01 -8.162792e-01 4.060363e-01
 outer loop
  vertex -1.0842125e-02 -2.0284189e-02 5.0000000e-03
  vertex -8.1235468e-03 -1.7175797e-02 1.4000000e-02
  vertex -8.9565380e-03 -1.6756504e-02 1.4000000e-02
 endloop
endfacet
facet normal -4.108804e-01 -8.162792e-01 4.060363e-01
 outer loop
  vertex -1.0842125e-02 -2.0284189e-02 5.0000000e-03
  vertex -9.8337671e-03 -2.0791754e-02 5.0000000e-03
  vertex -8.1235468e-03 -1.7175797e-02 1.4000000e-02
 endloop
endfacet
facet normal -3.703326e-01 -8.354569e-01 4.060363e-01
 outer loop
  vertex -9.8337671e-03 -2.0791754e-02 5.0000000e-03
  vertex -7.2709852e-03 -1.7553711e-02 1.4000000e-02
  vertex -8.1235468e-03 -1.7175797e-02 1.4000000e-02
 endloop
endfacet
facet normal -3.703326e-01 -8.354569e-01 4.060363e-01
 outer loop
  vertex -9.8337671e-03 -2.0791754e-02 5.0000000e-03
  vertex -8.8017189e-03 -2.1249229e-02 5.0000000e-03
  vertex -7.2709852e-03 -1.7553711e-02 1.4000000e-02
 endloop
endfacet
facet normal -3.288926e-01 -8.526219e-01 4.060363e-01
 outer loop
  vertex -8.8017189e-03 -2.1249229e-02 5.0000000e-03
  vertex -6.4009072e-03 -1.7889337e-02 1.4000000e-02
  vertex -7.2709852e-03 -1.7553711e-02 1.4000000e-02
 endloop
endfacet
facet normal -3.288926e-01 -8.526219e-01 4.060363e-01
 outer loop
  vertex -8.8017189e-03 -2.1249229e-02 5.0000000e-03
  vertex -7.7484666e-03 -2.1655513e-02 5.0000000e-03
  vertex -6.4009072e-03 -1.7889337e-02 1.4000000e-02
 endloop
endfacet
facet normal -2.866602e-01 -8.677329e-01 4.060363e-01
 outer loop
  vertex -7.7484666e-03 -2.1655513e-02 5.0000000e-03
  vertex -5.5154089e-03 -1.8181866e-02 1.4000000e-02
  vertex -6.4009072e-03 -1.7889337e-02 1.4000000e-02
 endloop
endfacet
facet normal -2.866602e-01 -8.677329e-01 4.060363e-01
 outer loop
  vertex -7.7484666e-03 -2.1655513e-02 5.0000000e-03
  vertex -6.6765476e-03 -2.2009628e-02 5.0000000e-03
  vertex -5.5154089e-03 -1.8181866e-02 1.4000000e-02
 endloop
endfacet
facet normal -2.437373e-01 -8.807534e-01 4.060363e-01
 outer loop
  vertex -6.6765476e-03 -2.2009628e-02 5.0000000e-03
  vertex -4.6166234e-03 -1.8430594e-02 1.4000000e-02
  vertex -5.5154089e-03 -1.8181866e-02 1.4000000e-02
 endloop
endfacet
facet normal -2.437373e-01 -8.807534e-01 4.060363e-01
 outer loop
  vertex -6.6765476e-03 -2.2009628e-02 5.0000000e-03
  vertex -5.5885441e-03 -2.2310719e-02 5.0000000e-03
  vertex -4.6166234e-03 -1.8430594e-02 1.4000000e-02
 endloop
endfacet
facet normal -2.002272e-01 -8.916522e-01 4.060363e-01
 outer loop
  vertex -5.5885441e-03 -2.2310719e-02 5.0000000e-03
  vertex -3.7067161e-03 -1.8634920e-02 1.4000000e-02
  vertex -4.6166234e-03 -1.8430594e-02 1.4000000e-02
 endloop
endfacet
facet normal -2.002272e-01 -8.916522e-01 4.060363e-01
 outer loop
  vertex -5.5885441e-03 -2.2310719e-02 5.0000000e-03
  vertex -4.4870774e-03 -2.2558061e-02 5.0000000e-03
  vertex -3.7067161e-03 -1.8634920e-02 1.4000000e-02
 endloop
endfacet
facet normal -1.562347e-01 -9.004028e-01 4.060363e-01
 outer loop
  vertex -4.4870774e-03 -2.2558061e-02 5.0000000e-03
  vertex -2.7878790e-03 -1.8794354e-02 1.4000000e-02
  vertex -3.7067161e-03 -1.8634920e-02 1.4000000e-02
 endloop
endfacet
facet normal -1.562347e-01 -9.004028e-01 4.060363e-01
 outer loop
  vertex -4.4870774e-03 -2.2558061e-02 5.0000000e-03
  vertex -3.3748009e-03 -2.2751060e-02 5.0000000e-03
  vertex -2.7878790e-03 -1.8794354e-02 1.4000000e-02
 endloop
endfacet
facet normal -1.118658e-01 -9.069843e-01 4.060363e-01
 outer loop
  vertex -3.3748009e-03 -2.2751060e-02 5.0000000e-03
  vertex -1.8623257e-03 -1.8908510e-02 1.4000000e-02
  vertex -2.7878790e-03 -1.8794354e-02 1.4000000e-02
 endloop
endfacet
facet normal -1.118658e-01 -9.069843e-01 4.060363e-01
 outer loop
  vertex -3.3748009e-03 -2.2751060e-02 5.0000000e-03
  vertex -2.2543942e-03 -2.2889249e-02 5.0000000e-03
  vertex -1.8623257e-03 -1.8908510e-02 1.4000000e-02
 endloop
endfacet
facet normal -6.722749e-02 -9.113808e-01 4.060363e-01
 outer loop
  vertex -2.2543942e-03 -2.2889249e-02 5.0000000e-03
  vertex -9.3228581e-04 -1.8977114e-02 1.4000000e-02
  vertex -1.8623257e-03 -1.8908510e-02 1.4000000e-02
 endloop
endfacet
facet normal -6.722749e-02 -9.113808e-01 4.060363e-01
 outer loop
  vertex -2.2543942e-03 -2.2889249e-02 5.0000000e-03
  vertex -1.1285565e-03 -2.2972295e-02 5.0000000e-03
  vertex -9.3228581e-04 -1.8977114e-02 1.4000000e-02
 endloop
endfacet
facet normal -2.242717e-02 -9.135817e-01 4.060363e-01
 outer loop
  vertex -1.1285565e-03 -2.2972295e-02 5.0000000e-03
  vertex -3.4902434e-18 -1.9000000e-02 1.4000000e-02
  vertex -9.3228581e-04 -1.8977114e-02 1.4000000e-02
 endloop
endfacet
facet normal -2.242717e-02 -9.135817e-01 4.060363e-01
 outer loop
  vertex -1.1285565e-03 -2.2972295e-02 5.0000000e-03
  vertex -4.2250315e-18 -2.3000000e-02 5.0000000e-03
  vertex -3.4902434e-18 -1.9000000e-02 1.4000000e-02
 endloop
endfacet
facet normal 2.242717e-02 -9.135817e-01 4.060363e-01
 outer loop
  vertex -4.2250315e-18 -2.3000000e-02 5.0000000e-03
  vertex 9.3228581e-04 -1.8977114e-02 1.4000000e-02
  vertex -3.4902434e-18 -1.9000000e-02 1.4000000e-02
 endloop
endfacet
facet normal 2.242717e-02 -9.135817e-01 4.060363e-01
 outer loop
  vertex -4.2250315e-18 -2.3000000e-02 5.0000000e-03
  vertex 1.1285565e-03 -2.2972295e-02 5.0000000e-03
  vertex 9.3228581e-04 -1.8977114e-02 1.4000000e-02
 endloop
endfacet
facet normal 6.722749e-02 -9.113808e-01 4.060363e-01
 outer loop
  vertex 1.1285565e-03 -2.2972295e-02 5.0000000e-03
  vertex 1.8623257e-03 -1.8908510e-02 1.4000000e-02
  vertex 9.3228581e-04 -1.8977114e-02 1.4000000e-02
 endloop
endfacet
facet normal 6.722749e-02 -9.113808e-01 4.060363e-01
 outer loop
  vertex 1.1285565e-03 -2.2972295e-02 5.0000000e-03
  vertex 2.2543942e-03 -2.2889249e-02 5.0000000e-03
  vertex 1.8623257e-03 -1.8908510e-02 1.4000000e-02
 endloop
endfacet
facet normal 1.118658e-01 -9.069843e-01 4.060363e-01
 outer loop
  vertex 2.2543942e-03 -2.2889249e-02 5.0000000e-03
  vertex 2.7878790e-03 -1.8794354e-02 1.4000000e-02
  vertex 1.8623257e-03 -1.8908510e-02 1.4000000e-02
 endloop
endfacet
facet normal 1.118658e-01 -9.069843e-01 4.060363e-01
 outer loop
  vertex 2.2543942e-03 -2.2889249e-02 5.0000000e-03
  vertex 3.3748009e-03 -2.2751060e-02 5.0000000e-03
  vertex 2.7878790e-03 -1.8794354e-02 1.4000000e-02
 endloop
endfacet
facet normal 1.562347e-01 -9.004028e-01 4.060363e-01
 outer loop
  vertex 3.3748009e-03 -2.2751060e-02 5.0000000e-03
  vertex 3.7067161e-03 -1.8634920e-02 1.4000000e-02
  vertex 2.7878790e-03 -1.8794354e-02 1.4000000e-02
 endloop
endfacet
facet normal 1.562347e-01 -9.004028e-01 4.060363e-01
 outer loop
  vertex 3.3748009e-03 -2.2751060e-02 5.0000000e-03
  vertex 4.4870774e-03 -2.2558061e-02 5.0000000e-03
  vertex 3.7067161e-03 -1.8634920e-02 1.4000000e-02
 endloop
endfacet
facet normal 2.002272e-01 -8.916522e-01 4.060363e-01
 outer loop
  vertex 4.4870774e-03 -2.2558061e-02 5.0000000e-03
  vertex 4.6166234e-03 -1.8430594e-02 1.4000000e-02
  vertex 3.7067161e-03 -1.8634920e-02 1.4000000e-02
 endloop
endfacet
facet normal 2.002272e-01 -8.916522e-01 4.060363e-01
 outer loop
  vertex 4.4870774e-03 -2.2558061e-02 5.0000000e-03
  vertex 5.5885441e-03 -2.2310719e-02 5.0000000e-03
  vertex 4.6166234e-03 -1.8430594e-02 1.4000000e-02
 endloop
endfacet
facet normal 2.437373e-01 -8.807534e-01 4.060363e-01
 outer loop
  vertex 5.5885441e-03 -2.2310719e-02 5.0000000e-03
  vertex 5.5154089e-03 -1.8181866e-02 1.4000000e-02
  vertex 4.6166234e-03 -1.8430594e-02 1.4000000e-02
 endloop
endfacet
facet normal 2.437373e-01 -8.807534e-01 4.060363e-01
 outer loop
  vertex 5.5885441e-03 -2.2310719e-02 5.0000000e-03
  vertex 6.6765476e-03 -2.2009628e-02 5.0000000e-03
  vertex 5.5154089e-03 -1.8181866e-02 1.4000000e-02
 endloop
endfacet
facet normal 2.866602e-01 -8.677329e-01 4.060363e-01
 outer loop
  vertex 6.6765476e-03 -2.2009628e-02 5.0000000e-03
  vertex 6.4009072e-03 -1.7889337e-02 1.4000000e-02
  vertex 5.5154089e-03 -1.8181866e-02 1.4000000e-02
 endloop
endfacet
facet normal 2.866602e-01 -8.677329e-01 4.060363e-01
 outer loop
  vertex 6.6765476e-03 -2.2009628e-02 5.0000000e-03
  vertex 7.7484666e-03 -2.1655513e-02 5.0000000e-03
  vertex 6.4009072e-03 -1.7889337e-02 1.4000000e-02
 endloop
endfacet
facet normal 3.288926e-01 -8.526219e-01 4.060363e-01
 outer loop
  vertex 7.7484666e-03 -2.1655513e-02 5.0000000e-03
  vertex 7.2709852e-03 -1.7553711e-02 1.4000000e-02
  vertex 6.4009072e-03 -1.7889337e-02 1.4000000e-02
 endloop
endfacet
facet normal 3.288926e-01 -8.526219e-01 4.060363e-01
 outer loop
  vertex 7.7484666e-03 -2.1655513e-02 5.0000000e-03
  vertex 8.8017189e-03 -2.1249229e-02 5.0000000e-03
  vertex 7.2709852e-03 -1.7553711e-02 1.4000000e-02
 endloop
endfacet
facet normal 3.703326e-01 -8.354569e-01 4.060363e-01
 outer loop
  vertex 8.8017189e-03 -2.1249229e-02 5.0000000e-03
  vertex 8.1235468e-03 -1.7175797e-02 1.4000000e-02
  vertex 7.2709852e-03 -1.7553711e-02 1.4000000e-02
 endloop
endfacet
facet normal 3.703326e-01 -8.354569e-01 4.060363e-01
 outer loop
  vertex 8.8017189e-03 -2.1249229e-02 5.0000000e-03
  vertex 9.8337671e-03 -2.0791754e-02 5.0000000e-03
  vertex 8.1235468e-03 -1.7175797e-02 1.4000000e-02
 endloop
endfacet
facet normal 4.108804e-01 -8.162792e-01 4.060363e-01
 outer loop
  vertex 9.8337671e-03 -2.0791754e-02 5.0000000e-03
  vertex 8.9565380e-03 -1.6756504e-02 1.4000000e-02
  vertex 8.1235468e-03 -1.7175797e-02 1.4000000e-02
 endloop
endfacet
facet normal 4.108804e-01 -8.162792e-01 4.060363e-01
 outer loop
  vertex 9.8337671e-03 -2.0791754e-02 5.0000000e-03
  vertex 1.0842125e-02 -2.0284189e-02 5.0000000e-03
  vertex 8.9565380e-03 -1.6756504e-02 1.4000000e-02
 endloop
endfacet
facet normal 4.504384e-01 -7.951350e-01 4.060363e-01
 outer loop
  vertex 1.0842125e-02 -2.0284189e-02 5.0000000e-03
  vertex 9.7679521e-03 -1.6296844e-02 1.4000000e-02
  vertex 8.9565380e-03 -1.6756504e-02 1.4000000e-02
 endloop
endfacet
facet normal 4.504384e-01 -7.951350e-01 4.060363e-01
 outer loop
  vertex 1.0842125e-02 -2.0284189e-02 5.0000000e-03
  vertex 1.1824363e-02 -1.9727758e-02 5.0000000e-03
  vertex 9.7679521e-03 -1.6296844e-02 1.4000000e-02
 endloop
endfacet
facet normal 4.889113e-01 -7.720753e-01 4.060363e-01
 outer loop
  vertex 1.1824363e-02 -1.9727758e-02 5.0000000e-03
  vertex 1.0555834e-02 -1.5797923e-02 1.4000000e-02
  vertex 9.7679521e-03 -1.6296844e-02 1.4000000e-02
 endloop
endfacet
facet normal 4.889113e-01 -7.720753e-01 4.060363e-01
 outer loop
  vertex 1.1824363e-02 -1.9727758e-02 5.0000000e-03
  vertex 1.2778115e-02 -1.9123801e-02 5.0000000e-03
  vertex 1.0555834e-02 -1.5797923e-02 1.4000000e-02
 endloop
endfacet
facet normal 5.262063e-01 -7.471556e-01 4.060363e-01
 outer loop
  vertex 1.2778115e-02 -1.9123801e-02 5.0000000e-03
  vertex 1.1318287e-02 -1.5260943e-02 1.4000000e-02
  vertex 1.0555834e-02 -1.5797923e-02 1.4000000e-02
 endloop
endfacet
facet normal 5.262063e-01 -7.471556e-01 4.060363e-01
 outer loop
  vertex 1.2778115e-02 -1.9123801e-02 5.0000000e-03
  vertex 1.3701084e-02 -1.8473773e-02 5.0000000e-03
  vertex 1.1318287e-02 -1.5260943e-02 1.4000000e-02
 endloop
endfacet
facet normal 5.622337e-01 -7.204359e-01 4.060363e-01
 outer loop
  vertex 1.3701084e-02 -1.8473773e-02 5.0000000e-03
  vertex 1.2053472e-02 -1.4687199e-02 1.4000000e-02
  vertex 1.1318287e-02 -1.5260943e-02 1.4000000e-02
 endloop
endfacet
facet normal 5.622337e-01 -7.204359e-01 4.060363e-01
 outer loop
  vertex 1.3701084e-02 -1.8473773e-02 5.0000000e-03
  vertex 1.4591046e-02 -1.7779240e-02 5.0000000e-03
  vertex 1.2053472e-02 -1.4687199e-02 1.4000000e-02
 endloop
endfacet
facet normal 5.969065e-01 -6.919806e-01 4.060363e-01
 outer loop
  vertex 1.4591046e-02 -1.7779240e-02 5.0000000e-03
  vertex 1.2759620e-02 -1.4078071e-02 1.4000000e-02
  vertex 1.2053472e-02 -1.4687199e-02 1.4000000e-02
 endloop
endfacet
facet normal 5.969065e-01 -6.919806e-01 4.060363e-01
 outer loop
  vertex 1.4591046e-02 -1.7779240e-02 5.0000000e-03
  vertex 1.5445856e-02 -1.7041876e-02 5.0000000e-03
  vertex 1.2759620e-02 -1.4078071e-02 1.4000000e-02
 endloop
endfacet
facet normal 6.301414e-01 -6.618582e-01 4.060363e-01
 outer loop
  vertex 1.5445856e-02 -1.7041876e-02 5.0000000e-03
  vertex 1.3435029e-02 -1.3435029e-02 1.4000000e-02
  vertex 1.2759620e-02 -1.4078071e-02 1.4000000e-02
 endloop
endfacet
facet normal 6.301414e-01 -6.618582e-01 4.060363e-01
 outer loop
  vertex 1.5445856e-02 -1.7041876e-02 5.0000000e-03
  vertex 1.6263456e-02 -1.6263456e-02 5.0000000e-03
  vertex 1.3435029e-02 -1.3435029e-02 1.4000000e-02
 endloop
endfacet
facet normal 6.618582e-01 -6.301414e-01 4.060363e-01
 outer loop
  vertex 1.6263456e-02 -1.6263456e-02 5.0000000e-03
  vertex 1.4078071e-02 -1.2759620e-02 1.4000000e-02
  vertex 1.3435029e-02 -1.3435029e-02 1.4000000e-02
 endloop
endfacet
facet normal 6.618582e-01 -6.301414e-01 4.060363e-01
 outer loop
  vertex 1.6263456e-02 -1.6263456e-02 5.0000000e-03
  vertex 1.7041876e-02 -1.5445856e-02 5.0000000e-03
  vertex 1.4078071e-02 -1.2759620e-02 1.4000000e-02
 endloop
endfacet
facet normal 6.919806e-01 -5.969065e-01 4.060363e-01
 outer loop
  vertex 1.7041876e-02 -1.5445856e-02 5.0000000e-03
  vertex 1.4687199e-02 -1.2053472e-02 1.4000000e-02
  vertex 1.4078071e-02 -1.2759620e-02 1.4000000e-02
 endloop
endfacet
facet normal 6.919806e-01 -5.969065e-01 4.060363e-01
 outer loop
  vertex 1.7041876e-02 -1.5445856e-02 5.0000000e-03
  vertex 1.7779240e-02 -1.4591046e-02 5.0000000e-03
  vertex 1.4687199e-02 -1.2053472e-02 1.4000000e-02
 endloop
endfacet
facet normal 7.204359e-01 -5.622337e-01 4.060363e-01
 outer loop
  vertex 1.7779240e-02 -1.4591046e-02 5.0000000e-03
  vertex 1.5260943e-02 -1.1318287e-02 1.4000000e-02
  vertex 1.4687199e-02 -1.2053472e-02 1.4000000e-02
 endloop
endfacet
facet normal 7.204359e-01 -5.622337e-01 4.060363e-01
 outer loop
  vertex 1.7779240e-02 -1.4591046e-02 5.0000000e-03
  vertex 1.8473773e-02 -1.3701084e-02 5.0000000e-03
  vertex 1.5260943e-02 -1.1318287e-02 1.4000000e-02
 endloop
endfacet
facet normal 7.471556e-01 -5.262063e-01 4.060363e-01
 outer loop
  vertex 1.8473773e-02 -1.3701084e-02 5.0000000e-03
  vertex 1.5797923e-02 -1.0555834e-02 1.4000000e-02
  vertex 1.5260943e-02 -1.1318287e-02 1.4000000e-02
 endloop
endfacet
facet normal 7.471556e-01 -5.262063e-01 4.060363e-01
 outer loop
  vertex 1.8473773e-02 -1.3701084e-02 5.0000000e-03
  vertex 1.9123801e-02 -1.2778115e-02 5.0000000e-03
  vertex 1.5797923e-02 -1.0555834e-02 1.4000000e-02
 endloop
endfacet
facet normal 7.720753e-01 -4.889113e-01 4.060363e-01
 outer loop
  vertex 1.9123801e-02 -1.2778115e-02 5.0000000e-03
  vertex 1.6296844e-02 -9.7679521e-03 1.4000000e-02
  vertex 1.5797923e-02 -1.0555834e-02 1.4000000e-02
 endloop
endfacet
facet normal 7.720753e-01 -4.889113e-01 4.060363e-01
 outer loop
  vertex 1.9123801e-02 -1.2778115e-02 5.0000000e-03
  vertex 1.9727758e-02 -1.1824363e-02 5.0000000e-03
  vertex 1.6296844e-02 -9.7679521e-03 1.4000000e-02
 endloop
endfacet
facet normal 7.951350e-01 -4.504384e-01 4.060363e-01
 outer loop
  vertex 1.9727758e-02 -1.1824363e-02 5.0000000e-03
  vertex 1.6756504e-02 -8.9565380e-03 1.4000000e-02
  vertex 1.6296844e-02 -9.7679521e-03 1.4000000e-02
 endloop
endfacet
facet normal 7.951350e-01 -4.504384e-01 4.060363e-01
 outer loop
  vertex 1.9727758e-02 -1.1824363e-02 5.0000000e-03
  vertex 2.0284189e-02 -1.0842125e-02 5.0000000e-03
  vertex 1.6756504e-02 -8.9565380e-03 1.4000000e-02
 endloop
endfacet
facet normal 8.162792e-01 -4.108804e-01 4.060363e-01
 outer loop
  vertex 2.0284189e-02 -1.0842125e-02 5.0000000e-03
  vertex 1.7175797e-02 -8.1235468e-03 1.4000000e-02
  vertex 1.6756504e-02 -8.9565380e-03 1.4000000e-02
 endloop
endfacet
facet normal 8.162792e-01 -4.108804e-01 4.060363e-01
 outer loop
  vertex 2.0284189e-02 -1.0842125e-02 5.0000000e-03
  vertex 2.0791754e-02 -9.8337671e-03 5.0000000e-03
  vertex 1.7175797e-02 -8.1235468e-03 1.4000000e-02
 endloop
endfacet
facet normal 8.354569e-01 -3.703326e-01 4.060363e-01
 outer loop
  vertex 2.0791754e-02 -9.8337671e-03 5.0000000e-03
  vertex 1.7553711e-02 -7.2709852e-03 1.4000000e-02
  vertex 1.7175797e-02 -8.1235468e-03 1.4000000e-02
 endloop
endfacet
facet normal 8.354569e-01 -3.703326e-01 4.060363e-01
 outer loop
  vertex 2.0791754e-02 -9.8337671e-03 5.0000000e-03
  vertex 2.1249229e-02 -8.8017189e-03 5.0000000e-03
  vertex 1.7553711e-02 -7.2709852e-03 1.4000000e-02
 endloop
endfacet
facet normal 8.526219e-01 -3.288926e-01 4.060363e-01
 outer loop
  vertex 2.1249229e-02 -8.8017189e-03 5.0000000e-03
  vertex 1.7889337e-02 -6.4009072e-03 1.4000000e-02
  vertex 1.7553711e-02 -7.2709852e-03 1.4000000e-02
 endloop
endfacet
facet normal 8.526219e-01 -3.288926e-01 4.060363e-01
 outer loop
  vertex 2.1249229e-02 -8.8017189e-03 5.0000000e-03
  vertex 2.1655513e-02 -7.7484666e-03 5.0000000e-03
  vertex 1.7889337e-02 -6.4009072e-03 1.4000000e-02
 endloop
endfacet
facet normal 8.677329e-01 -2.866602e-01 4.060363e-01
 outer loop
  vertex 2.1655513e-02 -7.7484666e-03 5.0000000e-03
  vertex 1.8181866e-02 -5.5154089e-03 1.4000000e-02
  vertex 1.7889337e-02 -6.4009072e-03 1.4000000e-02
 endloop
endfacet
facet normal 8.677329e-01 -2.866602e-01 4.060363e-01
 outer loop
  vertex 2.1655513e-02 -7.7484666e-03 5.0000000e-03
  vertex 2.2009628e-02 -6.6765476e-03 5.0000000e-03
  vertex 1.8181866e-02 -5.5154089e-03 1.4000000e-02
 endloop
endfacet
facet normal 8.807534e-01 -2.437373e-01 4.060363e-01
 outer loop
  vertex 2.2009628e-02 -6.6765476e-03 5.0000000e-03
  vertex 1.8430594e-02 -4.6166234e-03 1.4000000e-02
  vertex 1.8181866e-02 -5.5154089e-03 1.4000000e-02
 endloop
endfacet
facet normal 8.807534e-01 -2.437373e-01 4.060363e-01
 outer loop
  vertex 2.2009628e-02 -6.6765476e-03 5.0000000e-03
  vertex 2.2310719e-02 -5.5885441e-03 5.0000000e-03
  vertex 1.8430594e-02 -4.6166234e-03 1.4000000e-02
 endloop
endfacet
facet normal 8.916522e-01 -2.002272e-01 4.060363e-01
 outer loop
  vertex 2.2310719e-02 -5.5885441e-03 5.0000000e-03
  vertex 1.8634920e-02 -3.7067161e-03 1.4000000e-02
  vertex 1.8430594e-02 -4.6166234e-03 1.4000000e-02
 endloop
endfacet
facet normal 8.916522e-01 -2.002272e-01 4.060363e-01
 outer loop
  vertex 2.2310719e-02 -5.5885441e-03 5.0000000e-03
  vertex 2.2558061e-02 -4.4870774e-03 5.0000000e-03
  vertex 1.8634920e-02 -3.7067161e-03 1.4000000e-02
 endloop
endfacet
facet normal 9.004028e-01 -1.562347e-01 4.060363e-01
 outer loop
  vertex 2.2558061e-02 -4.4870774e-03 5.0000000e-03
  vertex 1.8794354e-02 -2.7878790e-03 1.4000000e-02
  vertex 1.8634920e-02 -3.7067161e-03 1.4000000e-02
 endloop
endfacet
facet normal 9.004028e-01 -1.562347e-01 4.060363e-01
 outer loop
  vertex 2.2558061e-02 -4.4870774e-03 5.0000000e-03
  vertex 2.2751060e-02 -3.3748009e-03 5.0000000e-03
  vertex 1.8794354e-02 -2.7878790e-03 1.4000000e-02
 endloop
endfacet
facet normal 9.069843e-01 -1.118658e-01 4.060363e-01
 outer loop
  vertex 2.2751060e-02 -3.3748009e-03 5.0000000e-03
  vertex 1.8908510e-02 -1.8623257e-03 1.4000000e-02
  vertex 1.8794354e-02 -2.7878790e-03 1.4000000e-02
 endloop
endfacet
facet normal 9.069843e-01 -1.118658e-01 4.060363e-01
 outer loop
  vertex 2.2751060e-02 -3.3748009e-03 5.0000000e-03
  vertex 2.2889249e-02 -2.2543942e-03 5.0000000e-03
  vertex 1.8908510e-02 -1.8623257e-03 1.4000000e-02
 endloop
endfacet
facet normal 9.113808e-01 -6.722749e-02 4.060363e-01
 outer loop
  vertex 2.2889249e-02 -2.2543942e-03 5.0000000e-03
  vertex 1.8977114e-02 -9.3228581e-04 1.4000000e-02
  vertex 1.8908510e-02 -1.8623257e-03 1.4000000e-02
 endloop
endfacet
facet normal 9.113808e-01 -6.722749e-02 4.060363e-01
 outer loop
  vertex 2.2889249e-02 -2.2543942e-03 5.0000000e-03
  vertex 2.2972295e-02 -1.1285565e-03 5.0000000e-03
  vertex 1.8977114e-02 -9.3228581e-04 1.4000000e-02
 endloop
endfacet
facet normal 9.135817e-01 -2.242717e-02 4.060363e-01
 outer loop
  vertex 2.2972295e-02 -1.1285565e-03 5.0000000e-03
  vertex 1.9000000e-02 0.0000000e+00 1.4000000e-02
  vertex 1.8977114e-02 -9.3228581e-04 1.4000000e-02
 endloop
endfacet
facet normal 9.135817e-01 -2.242717e-02 4.060363e-01
 outer loop
  vertex 2.2972295e-02 -1.1285565e-03 5.0000000e-03
  vertex 2.3000000e-02 0.0000000e+00 5.0000000e-03
  vertex 1.9000000e-02 0.0000000e+00 1.4000000e-02
 endloop
endfacet
facet normal 9.996988e-01 2.454123e-02 -0.000000e+00
 outer loop
  vertex 1.9000000e-02 0.0000000e+00 1.4000000e-02
  vertex 1.8977114e-02 9.3228581e-04 7.2000000e-02
  vertex 1.9000000e-02 0.0000000e+00 7.2000000e-02
 endloop
endfacet
facet normal 9.996988e-01 2.454123e-02 0.000000e+00
 outer loop
  vertex 1.9000000e-02 0.0000000e+00 1.4000000e-02
  vertex 1.8977114e-02 9.3228581e-04 1.4000000e-02
  vertex 1.8977114e-02 9.3228581e-04 7.2000000e-02
 endloop
endfacet
facet normal 9.972905e-01 7.356456e-02 -0.000000e+00
 outer loop
  vertex 1.8977114e-02 9.3228581e-04 1.4000000e-02
  vertex 1.8908510e-02 1.8623257e-03 7.2000000e-02
  vertex 1.8977114e-02 9.3228581e-04 7.2000000e-02
 endloop
endfacet
facet normal 9.972905e-01 7.356456e-02 0.000000e+00
 outer loop
  vertex 1.8977114e-02 9.3228581e-04 1.4000000e-02
  vertex 1.8908510e-02 1.8623257e-03 1.4000000e-02
  vertex 1.8908510e-02 1.8623257e-03 7.2000000e-02
 endloop
endfacet
facet normal 9.924795e-01 1.224107e-01 -0.000000e+00
 outer loop
  vertex 1.8908510e-02 1.8623257e-03 1.4000000e-02
  vertex 1.8794354e-02 2.7878790e-03 7.2000000e-02
  vertex 1.8908510e-02 1.8623257e-03 7.2000000e-02
 endloop
endfacet
facet normal 9.924795e-01 1.224107e-01 0.000000e+00
 outer loop
  vertex 1.8908510e-02 1.8623257e-03 1.4000000e-02
  vertex 1.8794354e-02 2.7878790e-03 1.4000000e-02
  vertex 1.8794354e-02 2.7878790e-03 7.2000000e-02
 endloop
endfacet
facet normal 9.852776e-01 1.709619e-01 -0.000000e+00
 outer loop
  vertex 1.8794354e-02 2.7878790e-03 1.4000000e-02
  vertex 1.8634920e-02 3.7067161e-03 7.2000000e-02
  vertex 1.8794354e-02 2.7878790e-03 7.2000000e-02
 endloop
endfacet
facet normal 9.852776e-01 1.709619e-01 0.000000e+00
 outer loop
  vertex 1.8794354e-02 2.7878790e-03 1.4000000e-02
  vertex 1.8634920e-02 3.7067161e-03 1.4000000e-02
  vertex 1.8634920e-02 3.7067161e-03 7.2000000e-02
 endloop
endfacet
facet normal 9.757021e-01 2.191012e-01 -0.000000e+00
 outer loop
  vertex 1.8634920e-02 3.7067161e-03 1.4000000e-02
  vertex 1.8430594e-02 4.6166234e-03 7.2000000e-02
  vertex 1.8634920e-02 3.7067161e-03 7.2000000e-02
 endloop
endfacet
facet normal 9.757021e-01 2.191012e-01 0.000000e+00
 outer loop
  vertex 1.8634920e-02 3.7067161e-03 1.4000000e-02
  vertex 1.8430594e-02 4.6166234e-03 1.4000000e-02
  vertex 1.8430594e-02 4.6166234e-03 7.2000000e-02
 endloop
endfacet
facet normal 9.637761e-01 2.667128e-01 -0.000000e+00
 outer loop
  vertex 1.8430594e-02 4.6166234e-03 1.4000000e-02
  vertex 1.8181866e-02 5.5154089e-03 7.2000000e-02
  vertex 1.8430594e-02 4.6166234e-03 7.2000000e-02
 endloop
endfacet
facet normal 9.637761e-01 2.667128e-01 0.000000e+00
 outer loop
  vertex 1.8430594e-02 4.6166234e-03 1.4000000e-02
  vertex 1.8181866e-02 5.5154089e-03 1.4000000e-02
  vertex 1.8181866e-02 5.5154089e-03 7.2000000e-02
 endloop
endfacet
facet normal 9.495282e-01 3.136817e-01 -0.000000e+00
 outer loop
  vertex 1.8181866e-02 5.5154089e-03 1.4000000e-02
  vertex 1.7889337e-02 6.4009072e-03 7.2000000e-02
  vertex 1.8181866e-02 5.5154089e-03 7.2000000e-02
 endloop
endfacet
facet normal 9.495282e-01 3.136817e-01 0.000000e+00
 outer loop
  vertex 1.8181866e-02 5.5154089e-03 1.4000000e-02
  vertex 1.7889337e-02 6.4009072e-03 1.4000000e-02
  vertex 1.7889337e-02 6.4009072e-03 7.2000000e-02
 endloop
endfacet
facet normal 9.329928e-01 3.598950e-01 -0.000000e+00
 outer loop
  vertex 1.7889337e-02 6.4009072e-03 1.4000000e-02
  vertex 1.7553711e-02 7.2709852e-03 7.2000000e-02
  vertex 1.7889337e-02 6.4009072e-03 7.2000000e-02
 endloop
endfacet
facet normal 9.329928e-01 3.598950e-01 0.000000e+00
 outer loop
  vertex 1.7889337e-02 6.4009072e-03 1.4000000e-02
  vertex 1.7553711e-02 7.2709852e-03 1.4000000e-02
  vertex 1.7553711e-02 7.2709852e-03 7.2000000e-02
 endloop
endfacet
facet normal 9.142098e-01 4.052413e-01 -0.000000e+00
 outer loop
  vertex 1.7553711e-02 7.2709852e-03 1.4000000e-02
  vertex 1.7175797e-02 8.1235468e-03 7.2000000e-02
  vertex 1.7553711e-02 7.2709852e-03 7.2000000e-02
 endloop
endfacet
facet normal 9.142098e-01 4.052413e-01 0.000000e+00
 outer loop
  vertex 1.7553711e-02 7.2709852e-03 1.4000000e-02
  vertex 1.7175797e-02 8.1235468e-03 1.4000000e-02
  vertex 1.7175797e-02 8.1235468e-03 7.2000000e-02
 endloop
endfacet
facet normal 8.932243e-01 4.496113e-01 -0.000000e+00
 outer loop
  vertex 1.7175797e-02 8.1235468e-03 1.4000000e-02
  vertex 1.6756504e-02 8.9565380e-03 7.2000000e-02
  vertex 1.7175797e-02 8.1235468e-03 7.2000000e-02
 endloop
endfacet
facet normal 8.932243e-01 4.496113e-01 0.000000e+00
 outer loop
  vertex 1.7175797e-02 8.1235468e-03 1.4000000e-02
  vertex 1.6756504e-02 8.9565380e-03 1.4000000e-02
  vertex 1.6756504e-02 8.9565380e-03 7.2000000e-02
 endloop
endfacet
facet normal 8.700870e-01 4.928982e-01 -0.000000e+00
 outer loop
  vertex 1.6756504e-02 8.9565380e-03 1.4000000e-02
  vertex 1.6296844e-02 9.7679521e-03 7.2000000e-02
  vertex 1.6756504e-02 8.9565380e-03 7.2000000e-02
 endloop
endfacet
facet normal 8.700870e-01 4.928982e-01 0.000000e+00
 outer loop
  vertex 1.6756504e-02 8.9565380e-03 1.4000000e-02
  vertex 1.6296844e-02 9.7679521e-03 1.4000000e-02
  vertex 1.6296844e-02 9.7679521e-03 7.2000000e-02
 endloop
endfacet
facet normal 8.448536e-01 5.349976e-01 -0.000000e+00
 outer loop
  vertex 1.6296844e-02 9.7679521e-03 1.4000000e-02
  vertex 1.5797923e-02 1.0555834e-02 7.2000000e-02
  vertex 1.6296844e-02 9.7679521e-03 7.2000000e-02
 endloop
endfacet
facet normal 8.448536e-01 5.349976e-01 0.000000e+00
 outer loop
  vertex 1.6296844e-02 9.7679521e-03 1.4000000e-02
  vertex 1.5797923e-02 1.0555834e-02 1.4000000e-02
  vertex 1.5797923e-02 1.0555834e-02 7.2000000e-02
 endloop
endfacet
facet normal 8.175848e-01 5.758082e-01 -0.000000e+00
 outer loop
  vertex 1.5797923e-02 1.0555834e-02 1.4000000e-02
  vertex 1.5260943e-02 1.1318287e-02 7.2000000e-02
  vertex 1.5797923e-02 1.0555834e-02 7.2000000e-02
 endloop
endfacet
facet normal 8.175848e-01 5.758082e-01 0.000000e+00
 outer loop
  vertex 1.5797923e-02 1.0555834e-02 1.4000000e-02
  vertex 1.5260943e-02 1.1318287e-02 1.4000000e-02
  vertex 1.5260943e-02 1.1318287e-02 7.2000000e-02
 endloop
endfacet
facet normal 7.883464e-01 6.152316e-01 -0.000000e+00
 outer loop
  vertex 1.5260943e-02 1.1318287e-02 1.4000000e-02
  vertex 1.4687199e-02 1.2053472e-02 7.2000000e-02
  vertex 1.5260943e-02 1.1318287e-02 7.2000000e-02
 endloop
endfacet
facet normal 7.883464e-01 6.152316e-01 0.000000e+00
 outer loop
  vertex 1.5260943e-02 1.1318287e-02 1.4000000e-02
  vertex 1.4687199e-02 1.2053472e-02 1.4000000e-02
  vertex 1.4687199e-02 1.2053472e-02 7.2000000e-02
 endloop
endfacet
facet normal 7.572088e-01 6.531728e-01 -0.000000e+00
 outer loop
  vertex 1.4687199e-02 1.2053472e-02 1.4000000e-02
  vertex 1.4078071e-02 1.2759620e-02 7.2000000e-02
  vertex 1.4687199e-02 1.2053472e-02 7.2000000e-02
 endloop
endfacet
facet normal 7.572088e-01 6.531728e-01 0.000000e+00
 outer loop
  vertex 1.4687199e-02 1.2053472e-02 1.4000000e-02
  vertex 1.4078071e-02 1.2759620e-02 1.4000000e-02
  vertex 1.4078071e-02 1.2759620e-02 7.2000000e-02
 endloop
endfacet
facet normal 7.242471e-01 6.895405e-01 -0.000000e+00
 outer loop
  vertex 1.4078071e-02 1.2759620e-02 1.4000000e-02
  vertex 1.3435029e-02 1.3435029e-02 7.2000000e-02
  vertex 1.4078071e-02 1.2759620e-02 7.2000000e-02
 endloop
endfacet
facet normal 7.242471e-01 6.895405e-01 0.000000e+00
 outer loop
  vertex 1.4078071e-02 1.2759620e-02 1.4000000e-02
  vertex 1.3435029e-02 1.3435029e-02 1.4000000e-02
  vertex 1.3435029e-02 1.3435029e-02 7.2000000e-02
 endloop
endfacet
facet normal 6.895405e-01 7.242471e-01 -0.000000e+00
 outer loop
  vertex 1.3435029e-02 1.3435029e-02 1.4000000e-02
  vertex 1.2759620e-02 1.4078071e-02 7.2000000e-02
  vertex 1.3435029e-02 1.3435029e-02 7.2000000e-02
 endloop
endfacet
facet normal 6.895405e-01 7.242471e-01 0.000000e+00
 outer loop
  vertex 1.3435029e-02 1.3435029e-02 1.4000000e-02
  vertex 1.2759620e-02 1.4078071e-02 1.4000000e-02
  vertex 1.2759620e-02 1.4078071e-02 7.2000000e-02
 endloop
endfacet
facet normal 6.531728e-01 7.572088e-01 -0.000000e+00
 outer loop
  vertex 1.2759620e-02 1.4078071e-02 1.4000000e-02
  vertex 1.2053472e-02 1.4687199e-02 7.2000000e-02
  vertex 1.2759620e-02 1.4078071e-02 7.2000000e-02
 endloop
endfacet
facet normal 6.531728e-01 7.572088e-01 0.000000e+00
 outer loop
  vertex 1.2759620e-02 1.4078071e-02 1.4000000e-02
  vertex 1.2053472e-02 1.4687199e-02 1.4000000e-02
  vertex 1.2053472e-02 1.4687199e-02 7.2000000e-02
 endloop
endfacet
facet normal 6.152316e-01 7.883464e-01 -0.000000e+00
 outer loop
  vertex 1.2053472e-02 1.4687199e-02 1.4000000e-02
  vertex 1.1318287e-02 1.5260943e-02 7.2000000e-02
  vertex 1.2053472e-02 1.4687199e-02 7.2000000e-02
 endloop
endfacet
facet normal 6.152316e-01 7.883464e-01 0.000000e+00
 outer loop
  vertex 1.2053472e-02 1.4687199e-02 1.4000000e-02
  vertex 1.1318287e-02 1.5260943e-02 1.4000000e-02
  vertex 1.1318287e-02 1.5260943e-02 7.2000000e-02
 endloop
endfacet
facet normal 5.758082e-01 8.175848e-01 -0.000000e+00
 outer loop
  vertex 1.1318287e-02 1.5260943e-02 1.4000000e-02
  vertex 1.0555834e-02 1.5797923e-02 7.2000000e-02
  vertex 1.1318287e-02 1.5260943e-02 7.2000000e-02
 endloop
endfacet
facet normal 5.758082e-01 8.175848e-01 0.000000e+00
 outer loop
  vertex 1.1318287e-02 1.5260943e-02 1.4000000e-02
  vertex 1.0555834e-02 1.5797923e-02 1.4000000e-02
  vertex 1.0555834e-02 1.5797923e-02 7.2000000e-02
 endloop
endfacet
facet normal 5.349976e-01 8.448536e-01 -0.000000e+00
 outer loop
  vertex 1.0555834e-02 1.5797923e-02 1.4000000e-02
  vertex 9.7679521e-03 1.6296844e-02 7.2000000e-02
  vertex 1.0555834e-02 1.5797923e-02 7.2000000e-02
 endloop
endfacet
facet normal 5.349976e-01 8.448536e-01 0.000000e+00
 outer loop
  vertex 1.0555834e-02 1.5797923e-02 1.4000000e-02
  vertex 9.7679521e-03 1.6296844e-02 1.4000000e-02
  vertex 9.7679521e-03 1.6296844e-02 7.2000000e-02
 endloop
endfacet
facet normal 4.928982e-01 8.700870e-01 -0.000000e+00
 outer loop
  vertex 9.7679521e-03 1.6296844e-02 1.4000000e-02
  vertex 8.9565380e-03 1.6756504e-02 7.2000000e-02
  vertex 9.7679521e-03 1.6296844e-02 7.2000000e-02
 endloop
endfacet
facet normal 4.928982e-01 8.700870e-01 0.000000e+00
 outer loop
  vertex 9.7679521e-03 1.6296844e-02 1.4000000e-02
  vertex 8.9565380e-03 1.6756504e-02 1.4000000e-02
  vertex 8.9565380e-03 1.6756504e-02 7.2000000e-02
 endloop
endfacet
facet normal 4.496113e-01 8.932243e-01 -0.000000e+00
 outer loop
  vertex 8.9565380e-03 1.6756504e-02 1.4000000e-02
  vertex 8.1235468e-03 1.7175797e-02 7.2000000e-02
  vertex 8.9565380e-03 1.6756504e-02 7.2000000e-02
 endloop
endfacet
facet normal 4.496113e-01 8.932243e-01 0.000000e+00
 outer loop
  vertex 8.9565380e-03 1.6756504e-02 1.4000000e-02
  vertex 8.1235468e-03 1.7175797e-02 1.4000000e-02
  vertex 8.1235468e-03 1.7175797e-02 7.2000000e-02
 endloop
endfacet
facet normal 4.052413e-01 9.142098e-01 -0.000000e+00
 outer loop
  vertex 8.1235468e-03 1.7175797e-02 1.4000000e-02
  vertex 7.2709852e-03 1.7553711e-02 7.2000000e-02
  vertex 8.1235468e-03 1.7175797e-02 7.2000000e-02
 endloop
endfacet
facet normal 4.052413e-01 9.142098e-01 0.000000e+00
 outer loop
  vertex 8.1235468e-03 1.7175797e-02 1.4000000e-02
  vertex 7.2709852e-03 1.7553711e-02 1.4000000e-02
  vertex 7.2709852e-03 1.7553711e-02 7.2000000e-02
 endloop
endfacet
facet normal 3.598950e-01 9.329928e-01 -0.000000e+00
 outer loop
  vertex 7.2709852e-03 1.7553711e-02 1.4000000e-02
  vertex 6.4009072e-03 1.7889337e-02 7.2000000e-02
  vertex 7.2709852e-03 1.7553711e-02 7.2000000e-02
 endloop
endfacet
facet normal 3.598950e-01 9.329928e-01 0.000000e+00
 outer loop
  vertex 7.2709852e-03 1.7553711e-02 1.4000000e-02
  vertex 6.4009072e-03 1.7889337e-02 1.4000000e-02
  vertex 6.4009072e-03 1.7889337e-02 7.2000000e-02
 endloop
endfacet
facet normal 3.136817e-01 9.495282e-01 -0.000000e+00
 outer loop
  vertex 6.4009072e-03 1.7889337e-02 1.4000000e-02
  vertex 5.5154089e-03 1.8181866e-02 7.2000000e-02
  vertex 6.4009072e-03 1.7889337e-02 7.2000000e-02
 endloop
endfacet
facet normal 3.136817e-01 9.495282e-01 0.000000e+00
 outer loop
  vertex 6.4009072e-03 1.7889337e-02 1.4000000e-02
  vertex 5.5154089e-03 1.8181866e-02 1.4000000e-02
  vertex 5.5154089e-03 1.8181866e-02 7.2000000e-02
 endloop
endfacet
facet normal 2.667128e-01 9.637761e-01 -0.000000e+00
 outer loop
  vertex 5.5154089e-03 1.8181866e-02 1.4000000e-02
  vertex 4.6166234e-03 1.8430594e-02 7.2000000e-02
  vertex 5.5154089e-03 1.8181866e-02 7.2000000e-02
 endloop
endfacet
facet normal 2.667128e-01 9.637761e-01 0.000000e+00
 outer loop
  vertex 5.5154089e-03 1.8181866e-02 1.4000000e-02
  vertex 4.6166234e-03 1.8430594e-02 1.4000000e-02
  vertex 4.6166234e-03 1.8430594e-02 7.2000000e-02
 endloop
endfacet
facet normal 2.191012e-01 9.757021e-01 -0.000000e+00
 outer loop
  vertex 4.6166234e-03 1.8430594e-02 1.4000000e-02
  vertex 3.7067161e-03 1.8634920e-02 7.2000000e-02
  vertex 4.6166234e-03 1.8430594e-02 7.2000000e-02
 endloop
endfacet
facet normal 2.191012e-01 9.757021e-01 0.000000e+00
 outer loop
  vertex 4.6166234e-03 1.8430594e-02 1.4000000e-02
  vertex 3.7067161e-03 1.8634920e-02 1.4000000e-02
  vertex 3.7067161e-03 1.8634920e-02 7.2000000e-02
 endloop
endfacet
facet normal 1.709619e-01 9.852776e-01 -0.000000e+00
 outer loop
  vertex 3.7067161e-03 1.8634920e-02 1.4000000e-02
  vertex 2.7878790e-03 1.8794354e-02 7.2000000e-02
  vertex 3.7067161e-03 1.8634920e-02 7.2000000e-02
 endloop
endfacet
facet normal 1.709619e-01 9.852776e-01 0.000000e+00
 outer loop
  vertex 3.7067161e-03 1.8634920e-02 1.4000000e-02
  vertex 2.7878790e-03 1.8794354e-02 1.4000000e-02
  vertex 2.7878790e-03 1.8794354e-02 7.2000000e-02
 endloop
endfacet
facet normal 1.224107e-01 9.924795e-01 -0.000000e+00
 outer loop
  vertex 2.7878790e-03 1.8794354e-02 1.4000000e-02
  vertex 1.8623257e-03 1.8908510e-02 7.2000000e-02
  vertex 2.7878790e-03 1.8794354e-02 7.2000000e-02
 endloop
endfacet
facet normal 1.224107e-01 9.924795e-01 0.000000e+00
 outer loop
  vertex 2.7878790e-03 1.8794354e-02 1.4000000e-02
  vertex 1.8623257e-03 1.8908510e-02 1.4000000e-02
  vertex 1.8623257e-03 1.8908510e-02 7.2000000e-02
 endloop
endfacet
facet normal 7.356456e-02 9.972905e-01 -0.000000e+00
 outer loop
  vertex 1.8623257e-03 1.8908510e-02 1.4000000e-02
  vertex 9.3228581e-04 1.8977114e-02 7.2000000e-02
  vertex 1.8623257e-03 1.8908510e-02 7.2000000e-02
 endloop
endfacet
facet normal 7.356456e-02 9.972905e-01 0.000000e+00
 outer loop
  vertex 1.8623257e-03 1.8908510e-02 1.4000000e-02
  vertex 9.3228581e-04 1.8977114e-02 1.4000000e-02
  vertex 9.3228581e-04 1.8977114e-02 7.2000000e-02
 endloop
endfacet
facet normal 2.454123e-02 9.996988e-01 -0.000000e+00
 outer loop
  vertex 9.3228581e-04 1.8977114e-02 1.4000000e-02
  vertex 1.1634145e-18 1.9000000e-02 7.2000000e-02
  vertex 9.3228581e-04 1.8977114e-02 7.2000000e-02
 endloop
endfacet
facet normal 2.454123e-02 9.996988e-01 0.000000e+00
 outer loop
  vertex 9.3228581e-04 1.8977114e-02 1.4000000e-02
  vertex 1.1634145e-18 1.9000000e-02 1.4000000e-02
  vertex 1.1634145e-18 1.9000000e-02 7.2000000e-02
 endloop
endfacet
facet normal -2.454123e-02 9.996988e-01 0.000000e+00
 outer loop
  vertex 1.1634145e-18 1.9000000e-02 1.4000000e-02
  vertex -9.3228581e-04 1.8977114e-02 7.2000000e-02
  vertex 1.1634145e-18 1.9000000e-02 7.2000000e-02
 endloop
endfacet
facet normal -2.454123e-02 9.996988e-01 0.000000e+00
 outer loop
  vertex 1.1634145e-18 1.9000000e-02 1.4000000e-02
  vertex -9.3228581e-04 1.8977114e-02 1.4000000e-02
  vertex -9.3228581e-04 1.8977114e-02 7.2000000e-02
 endloop
endfacet
facet normal -7.356456e-02 9.972905e-01 0.000000e+00
 outer loop
  vertex -9.3228581e-04 1.8977114e-02 1.4000000e-02
  vertex -1.8623257e-03 1.8908510e-02 7.2000000e-02
  vertex -9.3228581e-04 1.8977114e-02 7.2000000e-02
 endloop
endfacet
facet normal -7.356456e-02 9.972905e-01 0.000000e+00
 outer loop
  vertex -9.3228581e-04 1.8977114e-02 1.4000000e-02
  vertex -1.8623257e-03 1.8908510e-02 1.4000000e-02
  vertex -1.8623257e-03 1.8908510e-02 7.2000000e-02
 endloop
endfacet
facet normal -1.224107e-01 9.924795e-01 0.000000e+00
 outer loop
  vertex -1.8623257e-03 1.8908510e-02 1.4000000e-02
  vertex -2.7878790e-03 1.8794354e-02 7.2000000e-02
  vertex -1.8623257e-03 1.8908510e-02 7.2000000e-02
 endloop
endfacet
facet normal -1.224107e-01 9.924795e-01 0.000000e+00
 outer loop
  vertex -1.8623257e-03 1.8908510e-02 1.4000000e-02
  vertex -2.7878790e-03 1.8794354e-02 1.4000000e-02
  vertex -2.7878790e-03 1.8794354e-02 7.2000000e-02
 endloop
endfacet
facet normal -1.709619e-01 9.852776e-01 0.000000e+00
 outer loop
  vertex -2.7878790e-03 1.8794354e-02 1.4000000e-02
  vertex -3.7067161e-03 1.8634920e-02 7.2000000e-02
  vertex -2.7878790e-03 1.8794354e-02 7.2000000e-02
 endloop
endfacet
facet normal -1.709619e-01 9.852776e-01 0.000000e+00
 outer loop
  vertex -2.7878790e-03 1.8794354e-02 1.4000000e-02
  vertex -3.7067161e-03 1.8634920e-02 1.4000000e-02
  vertex -3.7067161e-03 1.8634920e-02 7.2000000e-02
 endloop
endfacet
facet normal -2.191012e-01 9.757021e-01 0.000000e+00
 outer loop
  vertex -3.7067161e-03 1.8634920e-02 1.4000000e-02
  vertex -4.6166234e-03 1.8430594e-02 7.2000000e-02
  vertex -3.7067161e-03 1.8634920e-02 7.2000000e-02
 endloop
endfacet
facet normal -2.191012e-01 9.757021e-01 0.000000e+00
 outer loop
  vertex -3.7067161e-03 1.8634920e-02 1.4000000e-02
  vertex -4.6166234e-03 1.8430594e-02 1.4000000e-02
  vertex -4.6166234e-03 1.8430594e-02 7.2000000e-02
 endloop
endfacet
facet normal -2.667128e-01 9.637761e-01 0.000000e+00
 outer loop
  vertex -4.6166234e-03 1.8430594e-02 1.4000000e-02
  vertex -5.5154089e-03 1.8181866e-02 7.2000000e-02
  vertex -4.6166234e-03 1.8430594e-02 7.2000000e-02
 endloop
endfacet
facet normal -2.667128e-01 9.637761e-01 0.000000e+00
 outer loop
  vertex -4.6166234e-03 1.8430594e-02 1.4000000e-02
  vertex -5.5154089e-03 1.8181866e-02 1.4000000e-02
  vertex -5.5154089e-03 1.8181866e-02 7.2000000e-02
 endloop
endfacet
facet normal -3.136817e-01 9.495282e-01 0.000000e+00
 outer loop
  vertex -5.5154089e-03 1.8181866e-02 1.4000000e-02
  vertex -6.4009072e-03 1.7889337e-02 7.2000000e-02
  vertex -5.5154089e-03 1.8181866e-02 7.2000000e-02
 endloop
endfacet
facet normal -3.136817e-01 9.495282e-01 0.000000e+00
 outer loop
  vertex -5.5154089e-03 1.8181866e-02 1.4000000e-02
  vertex -6.4009072e-03 1.7889337e-02 1.4000000e-02
  vertex -6.4009072e-03 1.7889337e-02 7.2000000e-02
 endloop
endfacet
facet normal -3.598950e-01 9.329928e-01 0.000000e+00
 outer loop
  vertex -6.4009072e-03 1.7889337e-02 1.4000000e-02
  vertex -7.2709852e-03 1.7553711e-02 7.2000000e-02
  vertex -6.4009072e-03 1.7889337e-02 7.2000000e-02
 endloop
endfacet
facet normal -3.598950e-01 9.329928e-01 0.000000e+00
 outer loop
  vertex -6.4009072e-03 1.7889337e-02 1.4000000e-02
  vertex -7.2709852e-03 1.7553711e-02 1.4000000e-02
  vertex -7.2709852e-03 1.7553711e-02 7.2000000e-02
 endloop
endfacet
facet normal -4.052413e-01 9.142098e-01 0.000000e+00
 outer loop
  vertex -7.2709852e-03 1.7553711e-02 1.4000000e-02
  vertex -8.1235468e-03 1.7175797e-02 7.2000000e-02
  vertex -7.2709852e-03 1.7553711e-02 7.2000000e-02
 endloop
endfacet
facet normal -4.052413e-01 9.142098e-01 0.000000e+00
 outer loop
  vertex -7.2709852e-03 1.7553711e-02 1.4000000e-02
  vertex -8.1235468e-03 1.7175797e-02 1.4000000e-02
  vertex -8.1235468e-03 1.7175797e-02 7.2000000e-02
 endloop
endfacet
facet normal -4.496113e-01 8.932243e-01 0.000000e+00
 outer loop
  vertex -8.1235468e-03 1.7175797e-02 1.4000000e-02
  vertex -8.9565380e-03 1.6756504e-02 7.2000000e-02
  vertex -8.1235468e-03 1.7175797e-02 7.2000000e-02
 endloop
endfacet
facet normal -4.496113e-01 8.932243e-01 0.000000e+00
 outer loop
  vertex -8.1235468e-03 1.7175797e-02 1.4000000e-02
  vertex -8.9565380e-03 1.6756504e-02 1.4000000e-02
  vertex -8.9565380e-03 1.6756504e-02 7.2000000e-02
 endloop
endfacet
facet normal -4.928982e-01 8.700870e-01 0.000000e+00
 outer loop
  vertex -8.9565380e-03 1.6756504e-02 1.4000000e-02
  vertex -9.7679521e-03 1.6296844e-02 7.2000000e-02
  vertex -8.9565380e-03 1.6756504e-02 7.2000000e-02
 endloop
endfacet
facet normal -4.928982e-01 8.700870e-01 0.000000e+00
 outer loop
  vertex -8.9565380e-03 1.6756504e-02 1.4000000e-02
  vertex -9.7679521e-03 1.6296844e-02 1.4000000e-02
  vertex -9.7679521e-03 1.6296844e-02 7.2000000e-02
 endloop
endfacet
facet normal -5.349976e-01 8.448536e-01 0.000000e+00
 outer loop
  vertex -9.7679521e-03 1.6296844e-02 1.4000000e-02
  vertex -1.0555834e-02 1.5797923e-02 7.2000000e-02
  vertex -9.7679521e-03 1.6296844e-02 7.2000000e-02
 endloop
endfacet
facet normal -5.349976e-01 8.448536e-01 0.000000e+00
 outer loop
  vertex -9.7679521e-03 1.6296844e-02 1.4000000e-02
  vertex -1.0555834e-02 1.5797923e-02 1.4000000e-02
  vertex -1.0555834e-02 1.5797923e-02 7.2000000e-02
 endloop
endfacet
facet normal -5.758082e-01 8.175848e-01 0.000000e+00
 outer loop
  vertex -1.0555834e-02 1.5797923e-02 1.4000000e-02
  vertex -1.1318287e-02 1.5260943e-02 7.2000000e-02
  vertex -1.0555834e-02 1.5797923e-02 7.2000000e-02
 endloop
endfacet
facet normal -5.758082e-01 8.175848e-01 0.000000e+00
 outer loop
  vertex -1.0555834e-02 1.5797923e-02 1.4000000e-02
  vertex -1.1318287e-02 1.5260943e-02 1.4000000e-02
  vertex -1.1318287e-02 1.5260943e-02 7.2000000e-02
 endloop
endfacet
facet normal -6.152316e-01 7.883464e-01 0.000000e+00
 outer loop
  vertex -1.1318287e-02 1.5260943e-02 1.4000000e-02
  vertex -1.2053472e-02 1.4687199e-02 7.2000000e-02
  vertex -1.1318287e-02 1.5260943e-02 7.2000000e-02
 endloop
endfacet
facet normal -6.152316e-01 7.883464e-01 0.000000e+00
 outer loop
  vertex -1.1318287e-02 1.5260943e-02 1.4000000e-02
  vertex -1.2053472e-02 1.4687199e-02 1.4000000e-02
  vertex -1.2053472e-02 1.4687199e-02 7.2000000e-02
 endloop
endfacet
facet normal -6.531728e-01 7.572088e-01 0.000000e+00
 outer loop
  vertex -1.2053472e-02 1.4687199e-02 1.4000000e-02
  vertex -1.2759620e-02 1.4078071e-02 7.2000000e-02
  vertex -1.2053472e-02 1.4687199e-02 7.2000000e-02
 endloop
endfacet
facet normal -6.531728e-01 7.572088e-01 0.000000e+00
 outer loop
  vertex -1.2053472e-02 1.4687199e-02 1.4000000e-02
  vertex -1.2759620e-02 1.4078071e-02 1.4000000e-02
  vertex -1.2759620e-02 1.4078071e-02 7.2000000e-02
 endloop
endfacet
facet normal -6.895405e-01 7.242471e-01 0.000000e+00
 outer loop
  vertex -1.2759620e-02 1.4078071e-02 1.4000000e-02
  vertex -1.3435029e-02 1.3435029e-02 7.2000000e-02
  vertex -1.2759620e-02 1.4078071e-02 7.2000000e-02
 endloop
endfacet
facet normal -6.895405e-01 7.242471e-01 0.000000e+00
 outer loop
  vertex -1.2759620e-02 1.4078071e-02 1.4000000e-02
  vertex -1.3435029e-02 1.3435029e-02 1.4000000e-02
  vertex -1.3435029e-02 1.3435029e-02 7.2000000e-02
 endloop
endfacet
facet normal -7.242471e-01 6.895405e-01 0.000000e+00
 outer loop
  vertex -1.3435029e-02 1.3435029e-02 1.4000000e-02
  vertex -1.4078071e-02 1.2759620e-02 7.2000000e-02
  vertex -1.3435029e-02 1.3435029e-02 7.2000000e-02
 endloop
endfacet
facet normal -7.242471e-01 6.895405e-01 0.000000e+00
 outer loop
  vertex -1.3435029e-02 1.3435029e-02 1.4000000e-02
  vertex -1.4078071e-02 1.2759620e-02 1.4000000e-02
  vertex -1.4078071e-02 1.2759620e-02 7.2000000e-02
 endloop
endfacet
facet normal -7.572088e-01 6.531728e-01 0.000000e+00
 outer loop
  vertex -1.4078071e-02 1.2759620e-02 1.4000000e-02
  vertex -1.4687199e-02 1.2053472e-02 7.2000000e-02
  vertex -1.4078071e-02 1.2759620e-02 7.2000000e-02
 endloop
endfacet
facet normal -7.572088e-01 6.531728e-01 0.000000e+00
 outer loop
  vertex -1.4078071e-02 1.2759620e-02 1.4000000e-02
  vertex -1.4687199e-02 1.2053472e-02 1.4000000e-02
  vertex -1.4687199e-02 1.2053472e-02 7.2000000e-02
 endloop
endfacet
facet normal -7.883464e-01 6.152316e-01 0.000000e+00
 outer loop
  vertex -1.4687199e-02 1.2053472e-02 1.4000000e-02
  vertex -1.5260943e-02 1.1318287e-02 7.2000000e-02
  vertex -1.4687199e-02 1.2053472e-02 7.2000000e-02
 endloop
endfacet
facet normal -7.883464e-01 6.152316e-01 0.000000e+00
 outer loop
  vertex -1.4687199e-02 1.2053472e-02 1.4000000e-02
  vertex -1.5260943e-02 1.1318287e-02 1.4000000e-02
  vertex -1.5260943e-02 1.1318287e-02 7.2000000e-02
 endloop
endfacet
facet normal -8.175848e-01 5.758082e-01 0.000000e+00
 outer loop
  vertex -1.5260943e-02 1.1318287e-02 1.4000000e-02
  vertex -1.5797923e-02 1.0555834e-02 7.2000000e-02
  vertex -1.5260943e-02 1.1318287e-02 7.2000000e-02
 endloop
endfacet
facet normal -8.175848e-01 5.758082e-01 0.000000e+00
 outer loop
  vertex -1.5260943e-02 1.1318287e-02 1.4000000e-02
  vertex -1.5797923e-02 1.0555834e-02 1.4000000e-02
  vertex -1.5797923e-02 1.0555834e-02 7.2000000e-02
 endloop
endfacet
facet normal -8.448536e-01 5.349976e-01 0.000000e+00
 outer loop
  vertex -1.5797923e-02 1.0555834e-02 1.4000000e-02
  vertex -1.6296844e-02 9.7679521e-03 7.2000000e-02
  vertex -1.5797923e-02 1.0555834e-02 7.2000000e-02
 endloop
endfacet
facet normal -8.448536e-01 5.349976e-01 0.000000e+00
 outer loop
  vertex -1.5797923e-02 1.0555834e-02 1.4000000e-02
  vertex -1.6296844e-02 9.7679521e-03 1.4000000e-02
  vertex -1.6296844e-02 9.7679521e-03 7.2000000e-02
 endloop
endfacet
facet normal -8.700870e-01 4.928982e-01 0.000000e+00
 outer loop
  vertex -1.6296844e-02 9.7679521e-03 1.4000000e-02
  vertex -1.6756504e-02 8.9565380e-03 7.2000000e-02
  vertex -1.6296844e-02 9.7679521e-03 7.2000000e-02
 endloop
endfacet
facet normal -8.700870e-01 4.928982e-01 0.000000e+00
 outer loop
  vertex -1.6296844e-02 9.7679521e-03 1.4000000e-02
  vertex -1.6756504e-02 8.9565380e-03 1.4000000e-02
  vertex -1.6756504e-02 8.9565380e-03 7.2000000e-02
 endloop
endfacet
facet normal -8.932243e-01 4.496113e-01 0.000000e+00
 outer loop
  vertex -1.6756504e-02 8.9565380e-03 1.4000000e-02
  vertex -1.7175797e-02 8.1235468e-03 7.2000000e-02
  vertex -1.6756504e-02 8.9565380e-03 7.2000000e-02
 endloop
endfacet
facet normal -8.932243e-01 4.496113e-01 0.000000e+00
 outer loop
  vertex -1.6756504e-02 8.9565380e-03 1.4000000e-02
  vertex -1.7175797e-02 8.1235468e-03 1.4000000e-02
  vertex -1.7175797e-02 8.1235468e-03 7.2000000e-02
 endloop
endfacet
facet normal -9.142098e-01 4.052413e-01 0.000000e+00
 outer loop
  vertex -1.7175797e-02 8.1235468e-03 1.4000000e-02
  vertex -1.7553711e-02 7.2709852e-03 7.2000000e-02
  vertex -1.7175797e-02 8.1235468e-03 7.2000000e-02
 endloop
endfacet
facet normal -9.142098e-01 4.052413e-01 0.000000e+00
 outer loop
  vertex -1.7175797e-02 8.1235468e-03 1.4000000e-02
  vertex -1.7553711e-02 7.2709852e-03 1.4000000e-02
  vertex -1.7553711e-02 7.2709852e-03 7.2000000e-02
 endloop
endfacet
facet normal -9.329928e-01 3.598950e-01 0.000000e+00
 outer loop
  vertex -1.7553711e-02 7.2709852e-03 1.4000000e-02
  vertex -1.7889337e-02 6.4009072e-03 7.2000000e-02
  vertex -1.7553711e-02 7.2709852e-03 7.2000000e-02
 endloop
endfacet
facet normal -9.329928e-01 3.598950e-01 0.000000e+00
 outer loop
  vertex -1.7553711e-02 7.2709852e-03 1.4000000e-02
  vertex -1.7889337e-02 6.4009072e-03 1.4000000e-02
  vertex -1.7889337e-02 6.4009072e-03 7.2000000e-02
 endloop
endfacet
facet normal -9.495282e-01 3.136817e-01 0.000000e+00
 outer loop
  vertex -1.7889337e-02 6.4009072e-03 1.4000000e-02
  vertex -1.8181866e-02 5.5154089e-03 7.2000000e-02
  vertex -1.7889337e-02 6.4009072e-03 7.2000000e-02
 endloop
endfacet
facet normal -9.495282e-01 3.136817e-01 0.000000e+00
 outer loop
  vertex -1.7889337e-02 6.4009072e-03 1.4000000e-02
  vertex -1.8181866e-02 5.5154089e-03 1.4000000e-02
  vertex -1.8181866e-02 5.5154089e-03 7.2000000e-02
 endloop
endfacet
facet normal -9.637761e-01 2.667128e-01 0.000000e+00
 outer loop
  vertex -1.8181866e-02 5.5154089e-03 1.4000000e-02
  vertex -1.8430594e-02 4.6166234e-03 7.2000000e-02
  vertex -1.8181866e-02 5.5154089e-03 7.2000000e-02
 endloop
endfacet
facet normal -9.637761e-01 2.667128e-01 0.000000e+00
 outer loop
  vertex -1.8181866e-02 5.5154089e-03 1.4000000e-02
  vertex -1.8430594e-02 4.6166234e-03 1.4000000e-02
  vertex -1.8430594e-02 4.6166234e-03 7.2000000e-02
 endloop
endfacet
facet normal -9.757021e-01 2.191012e-01 0.000000e+00
 outer loop
  vertex -1.8430594e-02 4.6166234e-03 1.4000000e-02
  vertex -1.8634920e-02 3.7067161e-03 7.2000000e-02
  vertex -1.8430594e-02 4.6166234e-03 7.2000000e-02
 endloop
endfacet
facet normal -9.757021e-01 2.191012e-01 0.000000e+00
 outer loop
  vertex -1.8430594e-02 4.6166234e-03 1.4000000e-02
  vertex -1.8634920e-02 3.7067161e-03 1.4000000e-02
  vertex -1.8634920e-02 3.7067161e-03 7.2000000e-02
 endloop
endfacet
facet normal -9.852776e-01 1.709619e-01 0.000000e+00
 outer loop
  vertex -1.8634920e-02 3.7067161e-03 1.4000000e-02
  vertex -1.8794354e-02 2.7878790e-03 7.2000000e-02
  vertex -1.8634920e-02 3.7067161e-03 7.2000000e-02
 endloop
endfacet
facet normal -9.852776e-01 1.709619e-01 0.000000e+00
 outer loop
  vertex -1.8634920e-02 3.7067161e-03 1.4000000e-02
  vertex -1.8794354e-02 2.7878790e-03 1.4000000e-02
  vertex -1.8794354e-02 2.7878790e-03 7.2000000e-02
 endloop
endfacet
facet normal -9.924795e-01 1.224107e-01 0.000000e+00
 outer loop
  vertex -1.8794354e-02 2.7878790e-03 1.4000000e-02
  vertex -1.8908510e-02 1.8623257e-03 7.2000000e-02
  vertex -1.8794354e-02 2.7878790e-03 7.2000000e-02
 endloop
endfacet
facet normal -9.924795e-01 1.224107e-01 0.000000e+00
 outer loop
  vertex -1.8794354e-02 2.7878790e-03 1.4000000e-02
  vertex -1.8908510e-02 1.8623257e-03 1.4000000e-02
  vertex -1.8908510e-02 1.8623257e-03 7.2000000e-02
 endloop
endfacet
facet normal -9.972905e-01 7.356456e-02 0.000000e+00
 outer loop
  vertex -1.8908510e-02 1.8623257e-03 1.4000000e-02
  vertex -1.8977114e-02 9.3228581e-04 7.2000000e-02
  vertex -1.8908510e-02 1.8623257e-03 7.2000000e-02
 endloop
endfacet
facet normal -9.972905e-01 7.356456e-02 0.000000e+00
 outer loop
  vertex -1.8908510e-02 1.8623257e-03 1.4000000e-02
  vertex -1.8977114e-02 9.3228581e-04 1.4000000e-02
  vertex -1.8977114e-02 9.3228581e-04 7.2000000e-02
 endloop
endfacet
facet normal -9.996988e-01 2.454123e-02 0.000000e+00
 outer loop
  vertex -1.8977114e-02 9.3228581e-04 1.4000000e-02
  vertex -1.9000000e-02 2.3268289e-18 7.2000000e-02
  vertex -1.8977114e-02 9.3228581e-04 7.2000000e-02
 endloop
endfacet
facet normal -9.996988e-01 2.454123e-02 0.000000e+00
 outer loop
  vertex -1.8977114e-02 9.3228581e-04 1.4000000e-02
  vertex -1.9000000e-02 2.3268289e-18 1.4000000e-02
  vertex -1.9000000e-02 2.3268289e-18 7.2000000e-02
 endloop
endfacet
facet normal -9.996988e-01 -2.454123e-02 0.000000e+00
 outer loop
  vertex -1.9000000e-02 2.3268289e-18 1.4000000e-02
  vertex -1.8977114e-02 -9.3228581e-04 7.2000000e-02
  vertex -1.9000000e-02 2.3268289e-18 7.2000000e-02
 endloop
endfacet
facet normal -9.996988e-01 -2.454123e-02 0.000000e+00
 outer loop
  vertex -1.9000000e-02 2.3268289e-18 1.4000000e-02
  vertex -1.8977114e-02 -9.3228581e-04 1.4000000e-02
  vertex -1.8977114e-02 -9.3228581e-04 7.2000000e-02
 endloop
endfacet
facet normal -9.972905e-01 -7.356456e-02 0.000000e+00
 outer loop
  vertex -1.8977114e-02 -9.3228581e-04 1.4000000e-02
  vertex -1.8908510e-02 -1.8623257e-03 7.2000000e-02
  vertex -1.8977114e-02 -9.3228581e-04 7.2000000e-02
 endloop
endfacet
facet normal -9.972905e-01 -7.356456e-02 0.000000e+00
 outer loop
  vertex -1.8977114e-02 -9.3228581e-04 1.4000000e-02
  vertex -1.8908510e-02 -1.8623257e-03 1.4000000e-02
  vertex -1.8908510e-02 -1.8623257e-03 7.2000000e-02
 endloop
endfacet
facet normal -9.924795e-01 -1.224107e-01 0.000000e+00
 outer loop
  vertex -1.8908510e-02 -1.8623257e-03 1.4000000e-02
  vertex -1.8794354e-02 -2.7878790e-03 7.2000000e-02
  vertex -1.8908510e-02 -1.8623257e-03 7.2000000e-02
 endloop
endfacet
facet normal -9.924795e-01 -1.224107e-01 0.000000e+00
 outer loop
  vertex -1.8908510e-02 -1.8623257e-03 1.4000000e-02
  vertex -1.8794354e-02 -2.7878790e-03 1.4000000e-02
  vertex -1.8794354e-02 -2.7878790e-03 7.2000000e-02
 endloop
endfacet
facet normal -9.852776e-01 -1.709619e-01 0.000000e+00
 outer loop
  vertex -1.8794354e-02 -2.7878790e-03 1.4000000e-02
  vertex -1.8634920e-02 -3.7067161e-03 7.2000000e-02
  vertex -1.8794354e-02 -2.7878790e-03 7.2000000e-02
 endloop
endfacet
facet normal -9.852776e-01 -1.709619e-01 0.000000e+00
 outer loop
  vertex -1.8794354e-02 -2.7878790e-03 1.4000000e-02
  vertex -1.8634920e-02 -3.7067161e-03 1.4000000e-02
  vertex -1.8634920e-02 -3.7067161e-03 7.2000000e-02
 endloop
endfacet
facet normal -9.757021e-01 -2.191012e-01 0.000000e+00
 outer loop
  vertex -1.8634920e-02 -3.7067161e-03 1.4000000e-02
  vertex -1.8430594e-02 -4.6166234e-03 7.2000000e-02
  vertex -1.8634920e-02 -3.7067161e-03 7.2000000e-02
 endloop
endfacet
facet normal -9.757021e-01 -2.191012e-01 0.000000e+00
 outer loop
  vertex -1.8634920e-02 -3.7067161e-03 1.4000000e-02
  vertex -1.8430594e-02 -4.6166234e-03 1.4000000e-02
  vertex -1.8430594e-02 -4.6166234e-03 7.2000000e-02
 endloop
endfacet
facet normal -9.637761e-01 -2.667128e-01 0.000000e+00
 outer loop
  vertex -1.8430594e-02 -4.6166234e-03 1.4000000e-02
  vertex -1.8181866e-02 -5.5154089e-03 7.2000000e-02
  vertex -1.8430594e-02 -4.6166234e-03 7.2000000e-02
 endloop
endfacet
facet normal -9.637761e-01 -2.667128e-01 0.000000e+00
 outer loop
  vertex -1.8430594e-02 -4.6166234e-03 1.4000000e-02
  vertex -1.8181866e-02 -5.5154089e-03 1.4000000e-02
  vertex -1.8181866e-02 -5.5154089e-03 7.2000000e-02
 endloop
endfacet
facet normal -9.495282e-01 -3.136817e-01 0.000000e+00
 outer loop
  vertex -1.8181866e-02 -5.5154089e-03 1.4000000e-02
  vertex -1.7889337e-02 -6.4009072e-03 7.2000000e-02
  vertex -1.8181866e-02 -5.5154089e-03 7.2000000e-02
 endloop
endfacet
facet normal -9.495282e-01 -3.136817e-01 0.000000e+00
 outer loop
  vertex -1.8181866e-02 -5.5154089e-03 1.4000000e-02
  vertex -1.7889337e-02 -6.4009072e-03 1.4000000e-02
  vertex -1.7889337e-02 -6.4009072e-03 7.2000000e-02
 endloop
endfacet
facet normal -9.329928e-01 -3.598950e-01 0.000000e+00
 outer loop
  vertex -1.7889337e-02 -6.4009072e-03 1.4000000e-02
  vertex -1.7553711e-02 -7.2709852e-03 7.2000000e-02
  vertex -1.7889337e-02 -6.4009072e-03 7.2000000e-02
 endloop
endfacet
facet normal -9.329928e-01 -3.598950e-01 0.000000e+00
 outer loop
  vertex -1.7889337e-02 -6.4009072e-03 1.4000000e-02
  vertex -1.7553711e-02 -7.2709852e-03 1.4000000e-02
  vertex -1.7553711e-02 -7.2709852e-03 7.2000000e-02
 endloop
endfacet
facet normal -9.142098e-01 -4.052413e-01 0.000000e+00
 outer loop
  vertex -1.7553711e-02 -7.2709852e-03 1.4000000e-02
  vertex -1.7175797e-02 -8.1235468e-03 7.2000000e-02
  vertex -1.7553711e-02 -7.2709852e-03 7.2000000e-02
 endloop
endfacet
facet normal -9.142098e-01 -4.052413e-01 0.000000e+00
 outer loop
  vertex -1.7553711e-02 -7.2709852e-03 1.4000000e-02
  vertex -1.7175797e-02 -8.1235468e-03 1.4000000e-02
  vertex -1.7175797e-02 -8.1235468e-03 7.2000000e-02
 endloop
endfacet
facet normal -8.932243e-01 -4.496113e-01 0.000000e+00
 outer loop
  vertex -1.7175797e-02 -8.1235468e-03 1.4000000e-02
  vertex -1.6756504e-02 -8.9565380e-03 7.2000000e-02
  vertex -1.7175797e-02 -8.1235468e-03 7.2000000e-02
 endloop
endfacet
facet normal -8.932243e-01 -4.496113e-01 0.000000e+00
 outer loop
  vertex -1.7175797e-02 -8.1235468e-03 1.4000000e-02
  vertex -1.6756504e-02 -8.9565380e-03 1.4000000e-02
  vertex -1.6756504e-02 -8.9565380e-03 7.2000000e-02
 endloop
endfacet
facet normal -8.700870e-01 -4.928982e-01 0.000000e+00
 outer loop
  vertex -1.6756504e-02 -8.9565380e-03 1.4000000e-02
  vertex -1.6296844e-02 -9.7679521e-03 7.2000000e-02
  vertex -1.6756504e-02 -8.9565380e-03 7.2000000e-02
 endloop
endfacet
facet normal -8.700870e-01 -4.928982e-01 0.000000e+00
 outer loop
  vertex -1.6756504e-02 -8.9565380e-03 1.4000000e-02
  vertex -1.6296844e-02 -9.7679521e-03 1.4000000e-02
  vertex -1.6296844e-02 -9.7679521e-03 7.2000000e-02
 endloop
endfacet
facet normal -8.448536e-01 -5.349976e-01 0.000000e+00
 outer loop
  vertex -1.6296844e-02 -9.7679521e-03 1.4000000e-02
  vertex -1.5797923e-02 -1.0555834e-02 7.2000000e-02
  vertex -1.6296844e-02 -9.7679521e-03 7.2000000e-02
 endloop
endfacet
facet normal -8.448536e-01 -5.349976e-01 0.000000e+00
 outer loop
  vertex -1.6296844e-02 -9.7679521e-03 1.4000000e-02
  vertex -1.5797923e-02 -1.0555834e-02 1.4000000e-02
  vertex -1.5797923e-02 -1.0555834e-02 7.2000000e-02
 endloop
endfacet
facet normal -8.175848e-01 -5.758082e-01 0.000000e+00
 outer loop
  vertex -1.5797923e-02 -1.0555834e-02 1.4000000e-02
  vertex -1.5260943e-02 -1.1318287e-02 7.2000000e-02
  vertex -1.5797923e-02 -1.0555834e-02 7.2000000e-02
 endloop
endfacet
facet normal -8.175848e-01 -5.758082e-01 0.000000e+00
 outer loop
  vertex -1.5797923e-02 -1.0555834e-02 1.4000000e-02
  vertex -1.5260943e-02 -1.1318287e-02 1.4000000e-02
  vertex -1.5260943e-02 -1.1318287e-02 7.2000000e-02
 endloop
endfacet
facet normal -7.883464e-01 -6.152316e-01 0.000000e+00
 outer loop
  vertex -1.5260943e-02 -1.1318287e-02 1.4000000e-02
  vertex -1.4687199e-02 -1.2053472e-02 7.2000000e-02
  vertex -1.5260943e-02 -1.1318287e-02 7.2000000e-02
 endloop
endfacet
facet normal -7.883464e-01 -6.152316e-01 0.000000e+00
 outer loop
  vertex -1.5260943e-02 -1.1318287e-02 1.4000000e-02
  vertex -1.4687199e-02 -1.2053472e-02 1.4000000e-02
  vertex -1.4687199e-02 -1.2053472e-02 7.2000000e-02
 endloop
endfacet
facet normal -7.572088e-01 -6.531728e-01 0.000000e+00
 outer loop
  vertex -1.4687199e-02 -1.2053472e-02 1.4000000e-02
  vertex -1.4078071e-02 -1.2759620e-02 7.2000000e-02
  vertex -1.4687199e-02 -1.2053472e-02 7.2000000e-02
 endloop
endfacet
facet normal -7.572088e-01 -6.531728e-01 0.000000e+00
 outer loop
  vertex -1.4687199e-02 -1.2053472e-02 1.4000000e-02
  vertex -1.4078071e-02 -1.2759620e-02 1.4000000e-02
  vertex -1.4078071e-02 -1.2759620e-02 7.2000000e-02
 endloop
endfacet
facet normal -7.242471e-01 -6.895405e-01 0.000000e+00
 outer loop
  vertex -1.4078071e-02 -1.2759620e-02 1.4000000e-02
  vertex -1.3435029e-02 -1.3435029e-02 7.2000000e-02
  vertex -1.4078071e-02 -1.2759620e-02 7.2000000e-02
 endloop
endfacet
facet normal -7.242471e-01 -6.895405e-01 0.000000e+00
 outer loop
  vertex -1.4078071e-02 -1.2759620e-02 1.4000000e-02
  vertex -1.3435029e-02 -1.3435029e-02 1.4000000e-02
  vertex -1.3435029e-02 -1.3435029e-02 7.2000000e-02
 endloop
endfacet
facet normal -6.895405e-01 -7.242471e-01 0.000000e+00
 outer loop
  vertex -1.3435029e-02 -1.3435029e-02 1.4000000e-02
  vertex -1.2759620e-02 -1.4078071e-02 7.2000000e-02
  vertex -1.3435029e-02 -1.3435029e-02 7.2000000e-02
 endloop
endfacet
facet normal -6.895405e-01 -7.242471e-01 0.000000e+00
 outer loop
  vertex -1.3435029e-02 -1.3435029e-02 1.4000000e-02
  vertex -1.2759620e-02 -1.4078071e-02 1.4000000e-02
  vertex -1.2759620e-02 -1.4078071e-02 7.2000000e-02
 endloop
endfacet
facet normal -6.531728e-01 -7.572088e-01 0.000000e+00
 outer loop
  vertex -1.2759620e-02 -1.4078071e-02 1.4000000e-02
  vertex -1.2053472e-02 -1.4687199e-02 7.2000000e-02
  vertex -1.2759620e-02 -1.4078071e-02 7.2000000e-02
 endloop
endfacet
facet normal -6.531728e-01 -7.572088e-01 0.000000e+00
 outer loop
  vertex -1.2759620e-02 -1.4078071e-02 1.4000000e-02
  vertex -1.2053472e-02 -1.4687199e-02 1.4000000e-02
  vertex -1.2053472e-02 -1.4687199e-02 7.2000000e-02
 endloop
endfacet
facet normal -6.152316e-01 -7.883464e-01 0.000000e+00
 outer loop
  vertex -1.2053472e-02 -1.4687199e-02 1.4000000e-02
  vertex -1.1318287e-02 -1.5260943e-02 7.2000000e-02
  vertex -1.2053472e-02 -1.4687199e-02 7.2000000e-02
 endloop
endfacet
facet normal -6.152316e-01 -7.883464e-01 0.000000e+00
 outer loop
  vertex -1.2053472e-02 -1.4687199e-02 1.4000000e-02
  vertex -1.1318287e-02 -1.5260943e-02 1.4000000e-02
  vertex -1.1318287e-02 -1.5260943e-02 7.2000000e-02
 endloop
endfacet
facet normal -5.758082e-01 -8.175848e-01 0.000000e+00
 outer loop
  vertex -1.1318287e-02 -1.5260943e-02 1.4000000e-02
  vertex -1.0555834e-02 -1.5797923e-02 7.2000000e-02
  vertex -1.1318287e-02 -1.5260943e-02 7.2000000e-02
 endloop
endfacet
facet normal -5.758082e-01 -8.175848e-01 0.000000e+00
 outer loop
  vertex -1.1318287e-02 -1.5260943e-02 1.4000000e-02
  vertex -1.0555834e-02 -1.5797923e-02 1.4000000e-02
  vertex -1.0555834e-02 -1.5797923e-02 7.2000000e-02
 endloop
endfacet
facet normal -5.349976e-01 -8.448536e-01 0.000000e+00
 outer loop
  vertex -1.0555834e-02 -1.5797923e-02 1.4000000e-02
  vertex -9.7679521e-03 -1.6296844e-02 7.2000000e-02
  vertex -1.0555834e-02 -1.5797923e-02 7.2000000e-02
 endloop
endfacet
facet normal -5.349976e-01 -8.448536e-01 0.000000e+00
 outer loop
  vertex -1.0555834e-02 -1.5797923e-02 1.4000000e-02
  vertex -9.7679521e-03 -1.6296844e-02 1.4000000e-02
  vertex -9.7679521e-03 -1.6296844e-02 7.2000000e-02
 endloop
endfacet
facet normal -4.928982e-01 -8.700870e-01 0.000000e+00
 outer loop
  vertex -9.7679521e-03 -1.6296844e-02 1.4000000e-02
  vertex -8.9565380e-03 -1.6756504e-02 7.2000000e-02
  vertex -9.7679521e-03 -1.6296844e-02 7.2000000e-02
 endloop
endfacet
facet normal -4.928982e-01 -8.700870e-01 0.000000e+00
 outer loop
  vertex -9.7679521e-03 -1.6296844e-02 1.4000000e-02
  vertex -8.9565380e-03 -1.6756504e-02 1.4000000e-02
  vertex -8.9565380e-03 -1.6756504e-02 7.2000000e-02
 endloop
endfacet
facet normal -4.496113e-01 -8.932243e-01 0.000000e+00
 outer loop
  vertex -8.9565380e-03 -1.6756504e-02 1.4000000e-02
  vertex -8.1235468e-03 -1.7175797e-02 7.2000000e-02
  vertex -8.9565380e-03 -1.6756504e-02 7.2000000e-02
 endloop
endfacet
facet normal -4.496113e-01 -8.932243e-01 0.000000e+00
 outer loop
  vertex -8.9565380e-03 -1.6756504e-02 1.4000000e-02
  vertex -8.1235468e-03 -1.7175797e-02 1.4000000e-02
  vertex -8.1235468e-03 -1.7175797e-02 7.2000000e-02
 endloop
endfacet
facet normal -4.052413e-01 -9.142098e-01 0.000000e+00
 outer loop
  vertex -8.1235468e-03 -1.7175797e-02 1.4000000e-02
  vertex -7.2709852e-03 -1.7553711e-02 7.2000000e-02
  vertex -8.1235468e-03 -1.7175797e-02 7.2000000e-02
 endloop
endfacet
facet normal -4.052413e-01 -9.142098e-01 0.000000e+00
 outer loop
  vertex -8.1235468e-03 -1.7175797e-02 1.4000000e-02
  vertex -7.2709852e-03 -1.7553711e-02 1.4000000e-02
  vertex -7.2709852e-03 -1.7553711e-02 7.2000000e-02
 endloop
endfacet
facet normal -3.598950e-01 -9.329928e-01 0.000000e+00
 outer loop
  vertex -7.2709852e-03 -1.7553711e-02 1.4000000e-02
  vertex -6.4009072e-03 -1.7889337e-02 7.2000000e-02
  vertex -7.2709852e-03 -1.7553711e-02 7.2000000e-02
 endloop
endfacet
facet normal -3.598950e-01 -9.329928e-01 0.000000e+00
 outer loop
  vertex -7.2709852e-03 -1.7553711e-02 1.4000000e-02
  vertex -6.4009072e-03 -1.7889337e-02 1.4000000e-02
  vertex -6.4009072e-03 -1.7889337e-02 7.2000000e-02
 endloop
endfacet
facet normal -3.136817e-01 -9.495282e-01 0.000000e+00
 outer loop
  vertex -6.4009072e-03 -1.7889337e-02 1.4000000e-02
  vertex -5.5154089e-03 -1.8181866e-02 7.2000000e-02
  vertex -6.4009072e-03 -1.7889337e-02 7.2000000e-02
 endloop
endfacet
facet normal -3.136817e-01 -9.495282e-01 0.000000e+00
 outer loop
  vertex -6.4009072e-03 -1.7889337e-02 1.4000000e-02
  vertex -5.5154089e-03 -1.8181866e-02 1.4000000e-02
  vertex -5.5154089e-03 -1.8181866e-02 7.2000000e-02
 endloop
endfacet
facet normal -2.667128e-01 -9.637761e-01 0.000000e+00
 outer loop
  vertex -5.5154089e-03 -1.8181866e-02 1.4000000e-02
  vertex -4.6166234e-03 -1.8430594e-02 7.2000000e-02
  vertex -5.5154089e-03 -1.8181866e-02 7.2000000e-02
 endloop
endfacet
facet normal -2.667128e-01 -9.637761e-01 0.000000e+00
 outer loop
  vertex -5.5154089e-03 -1.8181866e-02 1.4000000e-02
  vertex -4.6166234e-03 -1.8430594e-02 1.4000000e-02
  vertex -4.6166234e-03 -1.8430594e-02 7.2000000e-02
 endloop
endfacet
facet normal -2.191012e-01 -9.757021e-01 0.000000e+00
 outer loop
  vertex -4.6166234e-03 -1.8430594e-02 1.4000000e-02
  vertex -3.7067161e-03 -1.8634920e-02 7.2000000e-02
  vertex -4.6166234e-03 -1.8430594e-02 7.2000000e-02
 endloop
endfacet
facet normal -2.191012e-01 -9.757021e-01 0.000000e+00
 outer loop
  vertex -4.6166234e-03 -1.8430594e-02 1.4000000e-02
  vertex -3.7067161e-03 -1.8634920e-02 1.4000000e-02
  vertex -3.7067161e-03 -1.8634920e-02 7.2000000e-02
 endloop
endfacet
facet normal -1.709619e-01 -9.852776e-01 0.000000e+00
 outer loop
  vertex -3.7067161e-03 -1.8634920e-02 1.4000000e-02
  vertex -2.7878790e-03 -1.8794354e-02 7.2000000e-02
  vertex -3.7067161e-03 -1.8634920e-02 7.2000000e-02
 endloop
endfacet
facet normal -1.709619e-01 -9.852776e-01 0.000000e+00
 outer loop
  vertex -3.7067161e-03 -1.8634920e-02 1.4000000e-02
  vertex -2.7878790e-03 -1.8794354e-02 1.4000000e-02
  vertex -2.7878790e-03 -1.8794354e-02 7.2000000e-02
 endloop
endfacet
facet normal -1.224107e-01 -9.924795e-01 0.000000e+00
 outer loop
  vertex -2.7878790e-03 -1.8794354e-02 1.4000000e-02
  vertex -1.8623257e-03 -1.8908510e-02 7.2000000e-02
  vertex -2.7878790e-03 -1.8794354e-02 7.2000000e-02
 endloop
endfacet
facet normal -1.224107e-01 -9.924795e-01 0.000000e+00
 outer loop
  vertex -2.7878790e-03 -1.8794354e-02 1.4000000e-02
  vertex -1.8623257e-03 -1.8908510e-02 1.4000000e-02
  vertex -1.8623257e-03 -1.8908510e-02 7.2000000e-02
 endloop
endfacet
facet normal -7.356456e-02 -9.972905e-01 0.000000e+00
 outer loop
  vertex -1.8623257e-03 -1.8908510e-02 1.4000000e-02
  vertex -9.3228581e-04 -1.8977114e-02 7.2000000e-02
  vertex -1.8623257e-03 -1.8908510e-02 7.2000000e-02
 endloop
endfacet
facet normal -7.356456e-02 -9.972905e-01 0.000000e+00
 outer loop
  vertex -1.8623257e-03 -1.8908510e-02 1.4000000e-02
  vertex -9.3228581e-04 -1.8977114e-02 1.4000000e-02
  vertex -9.3228581e-04 -1.8977114e-02 7.2000000e-02
 endloop
endfacet
facet normal -2.454123e-02 -9.996988e-01 0.000000e+00
 outer loop
  vertex -9.3228581e-04 -1.8977114e-02 1.4000000e-02
  vertex -3.4902434e-18 -1.9000000e-02 7.2000000e-02
  vertex -9.3228581e-04 -1.8977114e-02 7.2000000e-02
 endloop
endfacet
facet normal -2.454123e-02 -9.996988e-01 0.000000e+00
 outer loop
  vertex -9.3228581e-04 -1.8977114e-02 1.4000000e-02
  vertex -3.4902434e-18 -1.9000000e-02 1.4000000e-02
  vertex -3.4902434e-18 -1.9000000e-02 7.2000000e-02
 endloop
endfacet
facet normal 2.454123e-02 -9.996988e-01 0.000000e+00
 outer loop
  vertex -3.4902434e-18 -1.9000000e-02 1.4000000e-02
  vertex 9.3228581e-04 -1.8977114e-02 7.2000000e-02
  vertex -3.4902434e-18 -1.9000000e-02 7.2000000e-02
 endloop
endfacet
facet normal 2.454123e-02 -9.996988e-01 0.000000e+00
 outer loop
  vertex -3.4902434e-18 -1.9000000e-02 1.4000000e-02
  vertex 9.3228581e-04 -1.8977114e-02 1.4000000e-02
  vertex 9.3228581e-04 -1.8977114e-02 7.2000000e-02
 endloop
endfacet
facet normal 7.356456e-02 -9.972905e-01 0.000000e+00
 outer loop
  vertex 9.3228581e-04 -1.8977114e-02 1.4000000e-02
  vertex 1.8623257e-03 -1.8908510e-02 7.2000000e-02
  vertex 9.3228581e-04 -1.8977114e-02 7.2000000e-02
 endloop
endfacet
facet normal 7.356456e-02 -9.972905e-01 0.000000e+00
 outer loop
  vertex 9.3228581e-04 -1.8977114e-02 1.4000000e-02
  vertex 1.8623257e-03 -1.8908510e-02 1.4000000e-02
  vertex 1.8623257e-03 -1.8908510e-02 7.2000000e-02
 endloop
endfacet
facet normal 1.224107e-01 -9.924795e-01 0.000000e+00
 outer loop
  vertex 1.8623257e-03 -1.8908510e-02 1.4000000e-02
  vertex 2.7878790e-03 -1.8794354e-02 7.2000000e-02
  vertex 1.8623257e-03 -1.8908510e-02 7.2000000e-02
 endloop
endfacet
facet normal 1.224107e-01 -9.924795e-01 0.000000e+00
 outer loop
  vertex 1.8623257e-03 -1.8908510e-02 1.4000000e-02
  vertex 2.7878790e-03 -1.8794354e-02 1.4000000e-02
  vertex 2.7878790e-03 -1.8794354e-02 7.2000000e-02
 endloop
endfacet
facet normal 1.709619e-01 -9.852776e-01 0.000000e+00
 outer loop
  vertex 2.7878790e-03 -1.8794354e-02 1.4000000e-02
  vertex 3.7067161e-03 -1.8634920e-02 7.2000000e-02
  vertex 2.7878790e-03 -1.8794354e-02 7.2000000e-02
 endloop
endfacet
facet normal 1.709619e-01 -9.852776e-01 0.000000e+00
 outer loop
  vertex 2.7878790e-03 -1.8794354e-02 1.4000000e-02
  vertex 3.7067161e-03 -1.8634920e-02 1.4000000e-02
  vertex 3.7067161e-03 -1.8634920e-02 7.2000000e-02
 endloop
endfacet
facet normal 2.191012e-01 -9.757021e-01 0.000000e+00
 outer loop
  vertex 3.7067161e-03 -1.8634920e-02 1.4000000e-02
  vertex 4.6166234e-03 -1.8430594e-02 7.2000000e-02
  vertex 3.7067161e-03 -1.8634920e-02 7.2000000e-02
 endloop
endfacet
facet normal 2.191012e-01 -9.757021e-01 0.000000e+00
 outer loop
  vertex 3.7067161e-03 -1.8634920e-02 1.4000000e-02
  vertex 4.6166234e-03 -1.8430594e-02 1.4000000e-02
  vertex 4.6166234e-03 -1.8430594e-02 7.2000000e-02
 endloop
endfacet
facet normal 2.667128e-01 -9.637761e-01 0.000000e+00
 outer loop
  vertex 4.6166234e-03 -1.8430594e-02 1.4000000e-02
  vertex 5.5154089e-03 -1.8181866e-02 7.2000000e-02
  vertex 4.6166234e-03 -1.8430594e-02 7.2000000e-02
 endloop
endfacet
facet normal 2.667128e-01 -9.637761e-01 0.000000e+00
 outer loop
  vertex 4.6166234e-03 -1.8430594e-02 1.4000000e-02
  vertex 5.5154089e-03 -1.8181866e-02 1.4000000e-02
  vertex 5.5154089e-03 -1.8181866e-02 7.2000000e-02
 endloop
endfacet
facet normal 3.136817e-01 -9.495282e-01 0.000000e+00
 outer loop
  vertex 5.5154089e-03 -1.8181866e-02 1.4000000e-02
  vertex 6.4009072e-03 -1.7889337e-02 7.2000000e-02
  vertex 5.5154089e-03 -1.8181866e-02 7.2000000e-02
 endloop
endfacet
facet normal 3.136817e-01 -9.495282e-01 0.000000e+00
 outer loop
  vertex 5.5154089e-03 -1.8181866e-02 1.4000000e-02
  vertex 6.4009072e-03 -1.7889337e-02 1.4000000e-02
  vertex 6.4009072e-03 -1.7889337e-02 7.2000000e-02
 endloop
endfacet
facet normal 3.598950e-01 -9.329928e-01 0.000000e+00
 outer loop
  vertex 6.4009072e-03 -1.7889337e-02 1.4000000e-02
  vertex 7.2709852e-03 -1.7553711e-02 7.2000000e-02
  vertex 6.4009072e-03 -1.7889337e-02 7.2000000e-02
 endloop
endfacet
facet normal 3.598950e-01 -9.329928e-01 0.000000e+00
 outer loop
  vertex 6.4009072e-03 -1.7889337e-02 1.4000000e-02
  vertex 7.2709852e-03 -1.7553711e-02 1.4000000e-02
  vertex 7.2709852e-03 -1.7553711e-02 7.2000000e-02
 endloop
endfacet
facet normal 4.052413e-01 -9.142098e-01 0.000000e+00
 outer loop
  vertex 7.2709852e-03 -1.7553711e-02 1.4000000e-02
  vertex 8.1235468e-03 -1.7175797e-02 7.2000000e-02
  vertex 7.2709852e-03 -1.7553711e-02 7.2000000e-02
 endloop
endfacet
facet normal 4.052413e-01 -9.142098e-01 0.000000e+00
 outer loop
  vertex 7.2709852e-03 -1.7553711e-02 1.4000000e-02
  vertex 8.1235468e-03 -1.7175797e-02 1.4000000e-02
  vertex 8.1235468e-03 -1.7175797e-02 7.2000000e-02
 endloop
endfacet
facet normal 4.496113e-01 -8.932243e-01 0.000000e+00
 outer loop
  vertex 8.1235468e-03 -1.7175797e-02 1.4000000e-02
  vertex 8.9565380e-03 -1.6756504e-02 7.2000000e-02
  vertex 8.1235468e-03 -1.7175797e-02 7.2000000e-02
 endloop
endfacet
facet normal 4.496113e-01 -8.932243e-01 0.000000e+00
 outer loop
  vertex 8.1235468e-03 -1.7175797e-02 1.4000000e-02
  vertex 8.9565380e-03 -1.6756504e-02 1.4000000e-02
  vertex 8.9565380e-03 -1.6756504e-02 7.2000000e-02
 endloop
endfacet
facet normal 4.928982e-01 -8.700870e-01 0.000000e+00
 outer loop
  vertex 8.9565380e-03 -1.6756504e-02 1.4000000e-02
  vertex 9.7679521e-03 -1.6296844e-02 7.2000000e-02
  vertex 8.9565380e-03 -1.6756504e-02 7.2000000e-02
 endloop
endfacet
facet normal 4.928982e-01 -8.700870e-01 0.000000e+00
 outer loop
  vertex 8.9565380e-03 -1.6756504e-02 1.4000000e-02
  vertex 9.7679521e-03 -1.6296844e-02 1.4000000e-02
  vertex 9.7679521e-03 -1.6296844e-02 7.2000000e-02
 endloop
endfacet
facet normal 5.349976e-01 -8.448536e-01 0.000000e+00
 outer loop
  vertex 9.7679521e-03 -1.6296844e-02 1.4000000e-02
  vertex 1.0555834e-02 -1.5797923e-02 7.2000000e-02
  vertex 9.7679521e-03 -1.6296844e-02 7.2000000e-02
 endloop
endfacet
facet normal 5.349976e-01 -8.448536e-01 0.000000e+00
 outer loop
  vertex 9.7679521e-03 -1.6296844e-02 1.4000000e-02
  vertex 1.0555834e-02 -1.5797923e-02 1.4000000e-02
  vertex 1.0555834e-02 -1.5797923e-02 7.2000000e-02
 endloop
endfacet
facet normal 5.758082e-01 -8.175848e-01 0.000000e+00
 outer loop
  vertex 1.0555834e-02 -1.5797923e-02 1.4000000e-02
  vertex 1.1318287e-02 -1.5260943e-02 7.2000000e-02
  vertex 1.0555834e-02 -1.5797923e-02 7.2000000e-02
 endloop
endfacet
facet normal 5.758082e-01 -8.175848e-01 0.000000e+00
 outer loop
  vertex 1.0555834e-02 -1.5797923e-02 1.4000000e-02
  vertex 1.1318287e-02 -1.5260943e-02 1.4000000e-02
  vertex 1.1318287e-02 -1.5260943e-02 7.2000000e-02
 endloop
endfacet
facet normal 6.152316e-01 -7.883464e-01 0.000000e+00
 outer loop
  vertex 1.1318287e-02 -1.5260943e-02 1.4000000e-02
  vertex 1.2053472e-02 -1.4687199e-02 7.2000000e-02
  vertex 1.1318287e-02 -1.5260943e-02 7.2000000e-02
 endloop
endfacet
facet normal 6.152316e-01 -7.883464e-01 0.000000e+00
 outer loop
  vertex 1.1318287e-02 -1.5260943e-02 1.4000000e-02
  vertex 1.2053472e-02 -1.4687199e-02 1.4000000e-02
  vertex 1.2053472e-02 -1.4687199e-02 7.2000000e-02
 endloop
endfacet
facet normal 6.531728e-01 -7.572088e-01 0.000000e+00
 outer loop
  vertex 1.2053472e-02 -1.4687199e-02 1.4000000e-02
  vertex 1.2759620e-02 -1.4078071e-02 7.2000000e-02
  vertex 1.2053472e-02 -1.4687199e-02 7.2000000e-02
 endloop
endfacet
facet normal 6.531728e-01 -7.572088e-01 0.000000e+00
 outer loop
  vertex 1.2053472e-02 -1.4687199e-02 1.4000000e-02
  vertex 1.2759620e-02 -1.4078071e-02 1.4000000e-02
  vertex 1.2759620e-02 -1.4078071e-02 7.2000000e-02
 endloop
endfacet
facet normal 6.895405e-01 -7.242471e-01 0.000000e+00
 outer loop
  vertex 1.2759620e-02 -1.4078071e-02 1.4000000e-02
  vertex 1.3435029e-02 -1.3435029e-02 7.2000000e-02
  vertex 1.2759620e-02 -1.4078071e-02 7.2000000e-02
 endloop
endfacet
facet normal 6.895405e-01 -7.242471e-01 0.000000e+00
 outer loop
  vertex 1.2759620e-02 -1.4078071e-02 1.4000000e-02
  vertex 1.3435029e-02 -1.3435029e-02 1.4000000e-02
  vertex 1.3435029e-02 -1.3435029e-02 7.2000000e-02
 endloop
endfacet
facet normal 7.242471e-01 -6.895405e-01 0.000000e+00
 outer loop
  vertex 1.3435029e-02 -1.3435029e-02 1.4000000e-02
  vertex 1.4078071e-02 -1.2759620e-02 7.2000000e-02
  vertex 1.3435029e-02 -1.3435029e-02 7.2000000e-02
 endloop
endfacet
facet normal 7.242471e-01 -6.895405e-01 0.000000e+00
 outer loop
  vertex 1.3435029e-02 -1.3435029e-02 1.4000000e-02
  vertex 1.4078071e-02 -1.2759620e-02 1.4000000e-02
  vertex 1.4078071e-02 -1.2759620e-02 7.2000000e-02
 endloop
endfacet
facet normal 7.572088e-01 -6.531728e-01 0.000000e+00
 outer loop
  vertex 1.4078071e-02 -1.2759620e-02 1.4000000e-02
  vertex 1.4687199e-02 -1.2053472e-02 7.2000000e-02
  vertex 1.4078071e-02 -1.2759620e-02 7.2000000e-02
 endloop
endfacet
facet normal 7.572088e-01 -6.531728e-01 0.000000e+00
 outer loop
  vertex 1.4078071e-02 -1.2759620e-02 1.4000000e-02
  vertex 1.4687199e-02 -1.2053472e-02 1.4000000e-02
  vertex 1.4687199e-02 -1.2053472e-02 7.2000000e-02
 endloop
endfacet
facet normal 7.883464e-01 -6.152316e-01 0.000000e+00
 outer loop
  vertex 1.4687199e-02 -1.2053472e-02 1.4000000e-02
  vertex 1.5260943e-02 -1.1318287e-02 7.2000000e-02
  vertex 1.4687199e-02 -1.2053472e-02 7.2000000e-02
 endloop
endfacet
facet normal 7.883464e-01 -6.152316e-01 0.000000e+00
 outer loop
  vertex 1.4687199e-02 -1.2053472e-02 1.4000000e-02
  vertex 1.5260943e-02 -1.1318287e-02 1.4000000e-02
  vertex 1.5260943e-02 -1.1318287e-02 7.2000000e-02
 endloop
endfacet
facet normal 8.175848e-01 -5.758082e-01 0.000000e+00
 outer loop
  vertex 1.5260943e-02 -1.1318287e-02 1.4000000e-02
  vertex 1.5797923e-02 -1.0555834e-02 7.2000000e-02
  vertex 1.5260943e-02 -1.1318287e-02 7.2000000e-02
 endloop
endfacet
facet normal 8.175848e-01 -5.758082e-01 0.000000e+00
 outer loop
  vertex 1.5260943e-02 -1.1318287e-02 1.4000000e-02
  vertex 1.5797923e-02 -1.0555834e-02 1.4000000e-02
  vertex 1.5797923e-02 -1.0555834e-02 7.2000000e-02
 endloop
endfacet
facet normal 8.448536e-01 -5.349976e-01 0.000000e+00
 outer loop
  vertex 1.5797923e-02 -1.0555834e-02 1.4000000e-02
  vertex 1.6296844e-02 -9.7679521e-03 7.2000000e-02
  vertex 1.5797923e-02 -1.0555834e-02 7.2000000e-02
 endloop
endfacet
facet normal 8.448536e-01 -5.349976e-01 0.000000e+00
 outer loop
  vertex 1.5797923e-02 -1.0555834e-02 1.4000000e-02
  vertex 1.6296844e-02 -9.7679521e-03 1.4000000e-02
  vertex 1.6296844e-02 -9.7679521e-03 7.2000000e-02
 endloop
endfacet
facet normal 8.700870e-01 -4.928982e-01 0.000000e+00
 outer loop
  vertex 1.6296844e-02 -9.7679521e-03 1.4000000e-02
  vertex 1.6756504e-02 -8.9565380e-03 7.2000000e-02
  vertex 1.6296844e-02 -9.7679521e-03 7.2000000e-02
 endloop
endfacet
facet normal 8.700870e-01 -4.928982e-01 0.000000e+00
 outer loop
  vertex 1.6296844e-02 -9.7679521e-03 1.4000000e-02
  vertex 1.6756504e-02 -8.9565380e-03 1.4000000e-02
  vertex 1.6756504e-02 -8.9565380e-03 7.2000000e-02
 endloop
endfacet
facet normal 8.932243e-01 -4.496113e-01 0.000000e+00
 outer loop
  vertex 1.6756504e-02 -8.9565380e-03 1.4000000e-02
  vertex 1.7175797e-02 -8.1235468e-03 7.2000000e-02
  vertex 1.6756504e-02 -8.9565380e-03 7.2000000e-02
 endloop
endfacet
facet normal 8.932243e-01 -4.496113e-01 0.000000e+00
 outer loop
  vertex 1.6756504e-02 -8.9565380e-03 1.4000000e-02
  vertex 1.7175797e-02 -8.1235468e-03 1.4000000e-02
  vertex 1.7175797e-02 -8.1235468e-03 7.2000000e-02
 endloop
endfacet
facet normal 9.142098e-01 -4.052413e-01 0.000000e+00
 outer loop
  vertex 1.7175797e-02 -8.1235468e-03 1.4000000e-02
  vertex 1.7553711e-02 -7.2709852e-03 7.2000000e-02
  vertex 1.7175797e-02 -8.1235468e-03 7.2000000e-02
 endloop
endfacet
facet normal 9.142098e-01 -4.052413e-01 0.000000e+00
 outer loop
  vertex 1.7175797e-02 -8.1235468e-03 1.4000000e-02
  vertex 1.7553711e-02 -7.2709852e-03 1.4000000e-02
  vertex 1.7553711e-02 -7.2709852e-03 7.2000000e-02
 endloop
endfacet
facet normal 9.329928e-01 -3.598950e-01 0.000000e+00
 outer loop
  vertex 1.7553711e-02 -7.2709852e-03 1.4000000e-02
  vertex 1.7889337e-02 -6.4009072e-03 7.2000000e-02
  vertex 1.7553711e-02 -7.2709852e-03 7.2000000e-02
 endloop
endfacet
facet normal 9.329928e-01 -3.598950e-01 0.000000e+00
 outer loop
  vertex 1.7553711e-02 -7.2709852e-03 1.4000000e-02
  vertex 1.7889337e-02 -6.4009072e-03 1.4000000e-02
  vertex 1.7889337e-02 -6.4009072e-03 7.2000000e-02
 endloop
endfacet
facet normal 9.495282e-01 -3.136817e-01 0.000000e+00
 outer loop
  vertex 1.7889337e-02 -6.4009072e-03 1.4000000e-02
  vertex 1.8181866e-02 -5.5154089e-03 7.2000000e-02
  vertex 1.7889337e-02 -6.4009072e-03 7.2000000e-02
 endloop
endfacet
facet normal 9.495282e-01 -3.136817e-01 0.000000e+00
 outer loop
  vertex 1.7889337e-02 -6.4009072e-03 1.4000000e-02
  vertex 1.8181866e-02 -5.5154089e-03 1.4000000e-02
  vertex 1.8181866e-02 -5.5154089e-03 7.2000000e-02
 endloop
endfacet
facet normal 9.637761e-01 -2.667128e-01 0.000000e+00
 outer loop
  vertex 1.8181866e-02 -5.5154089e-03 1.4000000e-02
  vertex 1.8430594e-02 -4.6166234e-03 7.2000000e-02
  vertex 1.8181866e-02 -5.5154089e-03 7.2000000e-02
 endloop
endfacet
facet normal 9.637761e-01 -2.667128e-01 0.000000e+00
 outer loop
  vertex 1.8181866e-02 -5.5154089e-03 1.4000000e-02
  vertex 1.8430594e-02 -4.6166234e-03 1.4000000e-02
  vertex 1.8430594e-02 -4.6166234e-03 7.2000000e-02
 endloop
endfacet
facet normal 9.757021e-01 -2.191012e-01 0.000000e+00
 outer loop
  vertex 1.8430594e-02 -4.6166234e-03 1.4000000e-02
  vertex 1.8634920e-02 -3.7067161e-03 7.2000000e-02
  vertex 1.8430594e-02 -4.6166234e-03 7.2000000e-02
 endloop
endfacet
facet normal 9.757021e-01 -2.191012e-01 0.000000e+00
 outer loop
  vertex 1.8430594e-02 -4.6166234e-03 1.4000000e-02
  vertex 1.8634920e-02 -3.7067161e-03 1.4000000e-02
  vertex 1.8634920e-02 -3.7067161e-03 7.2000000e-02
 endloop
endfacet
facet normal 9.852776e-01 -1.709619e-01 0.000000e+00
 outer loop
  vertex 1.8634920e-02 -3.7067161e-03 1.4000000e-02
  vertex 1.8794354e-02 -2.7878790e-03 7.2000000e-02
  vertex 1.8634920e-02 -3.7067161e-03 7.2000000e-02
 endloop
endfacet
facet normal 9.852776e-01 -1.709619e-01 0.000000e+00
 outer loop
  vertex 1.8634920e-02 -3.7067161e-03 1.4000000e-02
  vertex 1.8794354e-02 -2.7878790e-03 1.4000000e-02
  vertex 1.8794354e-02 -2.7878790e-03 7.2000000e-02
 endloop
endfacet
facet normal 9.924795e-01 -1.224107e-01 0.000000e+00
 outer loop
  vertex 1.8794354e-02 -2.7878790e-03 1.4000000e-02
  vertex 1.8908510e-02 -1.8623257e-03 7.2000000e-02
  vertex 1.8794354e-02 -2.7878790e-03 7.2000000e-02
 endloop
endfacet
facet normal 9.924795e-01 -1.224107e-01 0.000000e+00
 outer loop
  vertex 1.8794354e-02 -2.7878790e-03 1.4000000e-02
  vertex 1.8908510e-02 -1.8623257e-03 1.4000000e-02
  vertex 1.8908510e-02 -1.8623257e-03 7.2000000e-02
 endloop
endfacet
facet normal 9.972905e-01 -7.356456e-02 0.000000e+00
 outer loop
  vertex 1.8908510e-02 -1.8623257e-03 1.4000000e-02
  vertex 1.8977114e-02 -9.3228581e-04 7.2000000e-02
  vertex 1.8908510e-02 -1.8623257e-03 7.2000000e-02
 endloop
endfacet
facet normal 9.972905e-01 -7.356456e-02 0.000000e+00
 outer loop
  vertex 1.8908510e-02 -1.8623257e-03 1.4000000e-02
  vertex 1.8977114e-02 -9.3228581e-04 1.4000000e-02
  vertex 1.8977114e-02 -9.3228581e-04 7.2000000e-02
 endloop
endfacet
facet normal 9.996988e-01 -2.454123e-02 0.000000e+00
 outer loop
  vertex 1.8977114e-02 -9.3228581e-04 1.4000000e-02
  vertex 1.9000000e-02 0.0000000e+00 7.2000000e-02
  vertex 1.8977114e-02 -9.3228581e-04 7.2000000e-02
 endloop
endfacet
facet normal 9.996988e-01 -2.454123e-02 0.000000e+00
 outer loop
  vertex 1.8977114e-02 -9.3228581e-04 1.4000000e-02
  vertex 1.9000000e-02 0.0000000e+00 1.4000000e-02
  vertex 1.9000000e-02 0.0000000e+00 7.2000000e-02
 endloop
endfacet
facet normal 0.000000e+00 0.000000e+00 1.000000e+00
 outer loop
  vertex 1.9000000e-02 0.0000000e+00 7.2000000e-02
  vertex 1.1985545e-02 5.8881209e-04 7.2000000e-02
  vertex 1.2000000e-02 0.0000000e+00 7.2000000e-02
 endloop
endfacet
facet normal 0.000000e+00 0.000000e+00 1.000000e+00
 outer loop
  vertex 1.9000000e-02 0.0000000e+00 7.2000000e-02
  vertex 1.8977114e-02 9.3228581e-04 7.2000000e-02
  vertex 1.1985545e-02 5.8881209e-04 7.2000000e-02
 endloop
endfacet
facet normal 0.000000e+00 0.000000e+00 1.000000e+00
 outer loop
  vertex 1.8977114e-02 9.3228581e-04 7.2000000e-02
  vertex 1.1942217e-02 1.1762057e-03 7.2000000e-02
  vertex 1.1985545e-02 5.8881209e-04 7.2000000e-02
 endloop
endfacet
facet normal 0.000000e+00 0.000000e+00 1.000000e+00
 outer loop
  vertex 1.8977114e-02 9.3228581e-04 7.2000000e-02
  vertex 1.8908510e-02 1.8623257e-03 7.2000000e-02
  vertex 1.1942217e-02 1.1762057e-03 7.2000000e-02
 endloop
endfacet
facet normal 0.000000e+00 0.000000e+00 1.000000e+00
 outer loop
  vertex 1.8908510e-02 1.8623257e-03 7.2000000e-02
  vertex 1.1870118e-02 1.7607657e-03 7.2000000e-02
  vertex 1.1942217e-02 1.1762057e-03 7.2000000e-02
 endloop
endfacet
facet normal 0.000000e+00 0.000000e+00 1.000000e+00
 outer loop
  vertex 1.8908510e-02 1.8623257e-03 7.2000000e-02
  vertex 1.8794354e-02 2.7878790e-03 7.2000000e-02
  vertex 1.1870118e-02 1.7607657e-03 7.2000000e-02
 endloop
endfacet
facet normal 0.000000e+00 0.000000e+00 1.000000e+00
 outer loop
  vertex 1.8794354e-02 2.7878790e-03 7.2000000e-02
  vertex 1.1769423e-02 2.3410839e-03 7.2000000e-02
  vertex 1.1870118e-02 1.7607657e-03 7.2000000e-02
 endloop
endfacet
facet normal 0.000000e+00 0.000000e+00 1.000000e+00
 outer loop
  vertex 1.8794354e-02 2.7878790e-03 7.2000000e-02
  vertex 1.8634920e-02 3.7067161e-03 7.2000000e-02
  vertex 1.1769423e-02 2.3410839e-03 7.2000000e-02
 endloop
endfacet
facet normal 0.000000e+00 0.000000e+00 1.000000e+00
 outer loop
  vertex 1.8634920e-02 3.7067161e-03 7.2000000e-02
  vertex 1.1640375e-02 2.9157622e-03 7.2000000e-02
  vertex 1.1769423e-02 2.3410839e-03 7.2000000e-02
 endloop
endfacet
facet normal 0.000000e+00 0.000000e+00 1.000000e+00
 outer loop
  vertex 1.8634920e-02 3.7067161e-03 7.2000000e-02
  vertex 1.8430594e-02 4.6166234e-03 7.2000000e-02
  vertex 1.1640375e-02 2.9157622e-03 7.2000000e-02
 endloop
endfacet
facet normal 0.000000e+00 0.000000e+00 1.000000e+00
 outer loop
  vertex 1.8430594e-02 4.6166234e-03 7.2000000e-02
  vertex 1.1483284e-02 3.4834161e-03 7.2000000e-02
  vertex 1.1640375e-02 2.9157622e-03 7.2000000e-02
 endloop
endfacet
facet normal 0.000000e+00 0.000000e+00 1.000000e+00
 outer loop
  vertex 1.8430594e-02 4.6166234e-03 7.2000000e-02
  vertex 1.8181866e-02 5.5154089e-03 7.2000000e-02
  vertex 1.1483284e-02 3.4834161e-03 7.2000000e-02
 endloop
endfacet
facet normal 0.000000e+00 0.000000e+00 1.000000e+00
 outer loop
  vertex 1.8181866e-02 5.5154089e-03 7.2000000e-02
  vertex 1.1298529e-02 4.0426782e-03 7.2000000e-02
  vertex 1.1483284e-02 3.4834161e-03 7.2000000e-02
 endloop
endfacet
facet normal 0.000000e+00 0.000000e+00 1.000000e+00
 outer loop
  vertex 1.8181866e-02 5.5154089e-03 7.2000000e-02
  vertex 1.7889337e-02 6.4009072e-03 7.2000000e-02
  vertex 1.1298529e-02 4.0426782e-03 7.2000000e-02
 endloop
endfacet
facet normal 0.000000e+00 0.000000e+00 1.000000e+00
 outer loop
  vertex 1.7889337e-02 6.4009072e-03 7.2000000e-02
  vertex 1.1086554e-02 4.5922012e-03 7.2000000e-02
  vertex 1.1298529e-02 4.0426782e-03 7.2000000e-02
 endloop
endfacet
facet normal 0.000000e+00 0.000000e+00 1.000000e+00
 outer loop
  vertex 1.7889337e-02 6.4009072e-03 7.2000000e-02
  vertex 1.7553711e-02 7.2709852e-03 7.2000000e-02
  vertex 1.1086554e-02 4.5922012e-03 7.2000000e-02
 endloop
endfacet
facet normal 0.000000e+00 0.000000e+00 1.000000e+00
 outer loop
  vertex 1.7553711e-02 7.2709852e-03 7.2000000e-02
  vertex 1.0847872e-02 5.1306611e-03 7.2000000e-02
  vertex 1.1086554e-02 4.5922012e-03 7.2000000e-02
 endloop
endfacet
facet normal 0.000000e+00 0.000000e+00 1.000000e+00
 outer loop
  vertex 1.7553711e-02 7.2709852e-03 7.2000000e-02
  vertex 1.7175797e-02 8.1235468e-03 7.2000000e-02
  vertex 1.0847872e-02 5.1306611e-03 7.2000000e-02
 endloop
endfacet
facet normal 0.000000e+00 0.000000e+00 1.000000e+00
 outer loop
  vertex 1.7175797e-02 8.1235468e-03 7.2000000e-02
  vertex 1.0583055e-02 5.6567608e-03 7.2000000e-02
  vertex 1.0847872e-02 5.1306611e-03 7.2000000e-02
 endloop
endfacet
facet normal 0.000000e+00 0.000000e+00 1.000000e+00
 outer loop
  vertex 1.7175797e-02 8.1235468e-03 7.2000000e-02
  vertex 1.6756504e-02 8.9565380e-03 7.2000000e-02
  vertex 1.0583055e-02 5.6567608e-03 7.2000000e-02
 endloop
endfacet
facet normal 0.000000e+00 0.000000e+00 1.000000e+00
 outer loop
  vertex 1.6756504e-02 8.9565380e-03 7.2000000e-02
  vertex 1.0292743e-02 6.1692329e-03 7.2000000e-02
  vertex 1.0583055e-02 5.6567608e-03 7.2000000e-02
 endloop
endfacet
facet normal 0.000000e+00 0.000000e+00 1.000000e+00
 outer loop
  vertex 1.6756504e-02 8.9565380e-03 7.2000000e-02
  vertex 1.6296844e-02 9.7679521e-03 7.2000000e-02
  vertex 1.0292743e-02 6.1692329e-03 7.2000000e-02
 endloop
endfacet
facet normal 0.000000e+00 0.000000e+00 1.000000e+00
 outer loop
  vertex 1.6296844e-02 9.7679521e-03 7.2000000e-02
  vertex 9.9776353e-03 6.6668428e-03 7.2000000e-02
  vertex 1.0292743e-02 6.1692329e-03 7.2000000e-02
 endloop
endfacet
facet normal 0.000000e+00 0.000000e+00 1.000000e+00
 outer loop
  vertex 1.6296844e-02 9.7679521e-03 7.2000000e-02
  vertex 1.5797923e-02 1.0555834e-02 7.2000000e-02
  vertex 9.9776353e-03 6.6668428e-03 7.2000000e-02
 endloop
endfacet
facet normal 0.000000e+00 0.000000e+00 1.000000e+00
 outer loop
  vertex 1.5797923e-02 1.0555834e-02 7.2000000e-02
  vertex 9.6384904e-03 7.1483917e-03 7.2000000e-02
  vertex 9.9776353e-03 6.6668428e-03 7.2000000e-02
 endloop
endfacet
facet normal 0.000000e+00 0.000000e+00 1.000000e+00
 outer loop
  vertex 1.5797923e-02 1.0555834e-02 7.2000000e-02
  vertex 1.5260943e-02 1.1318287e-02 7.2000000e-02
  vertex 9.6384904e-03 7.1483917e-03 7.2000000e-02
 endloop
endfacet
facet normal 0.000000e+00 0.000000e+00 1.000000e+00
 outer loop
  vertex 1.5260943e-02 1.1318287e-02 7.2000000e-02
  vertex 9.2761254e-03 7.6127194e-03 7.2000000e-02
  vertex 9.6384904e-03 7.1483917e-03 7.2000000e-02
 endloop
endfacet
facet normal 0.000000e+00 0.000000e+00 1.000000e+00
 outer loop
  vertex 1.5260943e-02 1.1318287e-02 7.2000000e-02
  vertex 1.4687199e-02 1.2053472e-02 7.2000000e-02
  vertex 9.2761254e-03 7.6127194e-03 7.2000000e-02
 endloop
endfacet
facet normal 0.000000e+00 0.000000e+00 1.000000e+00
 outer loop
  vertex 1.4687199e-02 1.2053472e-02 7.2000000e-02
  vertex 8.8914135e-03 8.0587075e-03 7.2000000e-02
  vertex 9.2761254e-03 7.6127194e-03 7.2000000e-02
 endloop
endfacet
facet normal 0.000000e+00 0.000000e+00 1.000000e+00
 outer loop
  vertex 1.4687199e-02 1.2053472e-02 7.2000000e-02
  vertex 1.4078071e-02 1.2759620e-02 7.2000000e-02
  vertex 8.8914135e-03 8.0587075e-03 7.2000000e-02
 endloop
endfacet
facet normal 0.000000e+00 0.000000e+00 1.000000e+00
 outer loop
  vertex 1.4078071e-02 1.2759620e-02 7.2000000e-02
  vertex 8.4852814e-03 8.4852814e-03 7.2000000e-02
  vertex 8.8914135e-03 8.0587075e-03 7.2000000e-02
 endloop
endfacet
facet normal 0.000000e+00 0.000000e+00 1.000000e+00
 outer loop
  vertex 1.4078071e-02 1.2759620e-02 7.2000000e-02
  vertex 1.3435029e-02 1.3435029e-02 7.2000000e-02
  vertex 8.4852814e-03 8.4852814e-03 7.2000000e-02
 endloop
endfacet
facet normal 0.000000e+00 0.000000e+00 1.000000e+00
 outer loop
  vertex 1.3435029e-02 1.3435029e-02 7.2000000e-02
  vertex 8.0587075e-03 8.8914135e-03 7.2000000e-02
  vertex 8.4852814e-03 8.4852814e-03 7.2000000e-02
 endloop
endfacet
facet normal 0.000000e+00 0.000000e+00 1.000000e+00
 outer loop
  vertex 1.3435029e-02 1.3435029e-02 7.2000000e-02
  vertex 1.2759620e-02 1.4078071e-02 7.2000000e-02
  vertex 8.0587075e-03 8.8914135e-03 7.2000000e-02
 endloop
endfacet
facet normal 0.000000e+00 0.000000e+00 1.000000e+00
 outer loop
  vertex 1.2759620e-02 1.4078071e-02 7.2000000e-02
  vertex 7.6127194e-03 9.2761254e-03 7.2000000e-02
  vertex 8.0587075e-03 8.8914135e-03 7.2000000e-02
 endloop
endfacet
facet normal 0.000000e+00 0.000000e+00 1.000000e+00
 outer loop
  vertex 1.2759620e-02 1.4078071e-02 7.2000000e-02
  vertex 1.2053472e-02 1.4687199e-02 7.2000000e-02
  vertex 7.6127194e-03 9.2761254e-03 7.2000000e-02
 endloop
endfacet
facet normal 0.000000e+00 0.000000e+00 1.000000e+00
 outer loop
  vertex 1.2053472e-02 1.4687199e-02 7.2000000e-02
  vertex 7.1483917e-03 9.6384904e-03 7.2000000e-02
  vertex 7.6127194e-03 9.2761254e-03 7.2000000e-02
 endloop
endfacet
facet normal 0.000000e+00 0.000000e+00 1.000000e+00
 outer loop
  vertex 1.2053472e-02 1.4687199e-02 7.2000000e-02
  vertex 1.1318287e-02 1.5260943e-02 7.2000000e-02
  vertex 7.1483917e-03 9.6384904e-03 7.2000000e-02
 endloop
endfacet
facet normal 0.000000e+00 0.000000e+00 1.000000e+00
 outer loop
  vertex 1.1318287e-02 1.5260943e-02 7.2000000e-02
  vertex 6.6668428e-03 9.9776353e-03 7.2000000e-02
  vertex 7.1483917e-03 9.6384904e-03 7.2000000e-02
 endloop
endfacet
facet normal 0.000000e+00 0.000000e+00 1.000000e+00
 outer loop
  vertex 1.1318287e-02 1.5260943e-02 7.2000000e-02
  vertex 1.0555834e-02 1.5797923e-02 7.2000000e-02
  vertex 6.6668428e-03 9.9776353e-03 7.2000000e-02
 endloop
endfacet
facet normal 0.000000e+00 0.000000e+00 1.000000e+00
 outer loop
  vertex 1.0555834e-02 1.5797923e-02 7.2000000e-02
  vertex 6.1692329e-03 1.0292743e-02 7.2000000e-02
  vertex 6.6668428e-03 9.9776353e-03 7.2000000e-02
 endloop
endfacet
facet normal 0.000000e+00 0.000000e+00 1.000000e+00
 outer loop
  vertex 1.0555834e-02 1.5797923e-02 7.2000000e-02
  vertex 9.7679521e-03 1.6296844e-02 7.2000000e-02
  vertex 6.1692329e-03 1.0292743e-02 7.2000000e-02
 endloop
endfacet
facet normal 0.000000e+00 0.000000e+00 1.000000e+00
 outer loop
  vertex 9.7679521e-03 1.6296844e-02 7.2000000e-02
  vertex 5.6567608e-03 1.0583055e-02 7.2000000e-02
  vertex 6.1692329e-03 1.0292743e-02 7.2000000e-02
 endloop
endfacet
facet normal 0.000000e+00 0.000000e+00 1.000000e+00
 outer loop
  vertex 9.7679521e-03 1.6296844e-02 7.2000000e-02
  vertex 8.9565380e-03 1.6756504e-02 7.2000000e-02
  vertex 5.6567608e-03 1.0583055e-02 7.2000000e-02
 endloop
endfacet
facet normal 0.000000e+00 0.000000e+00 1.000000e+00
 outer loop
  vertex 8.9565380e-03 1.6756504e-02 7.2000000e-02
  vertex 5.1306611e-03 1.0847872e-02 7.2000000e-02
  vertex 5.6567608e-03 1.0583055e-02 7.2000000e-02
 endloop
endfacet
facet normal 0.000000e+00 0.000000e+00 1.000000e+00
 outer loop
  vertex 8.9565380e-03 1.6756504e-02 7.2000000e-02
  vertex 8.1235468e-03 1.7175797e-02 7.2000000e-02
  vertex 5.1306611e-03 1.0847872e-02 7.2000000e-02
 endloop
endfacet
facet normal 0.000000e+00 0.000000e+00 1.000000e+00
 outer loop
  vertex 8.1235468e-03 1.7175797e-02 7.2000000e-02
  vertex 4.5922012e-03 1.1086554e-02 7.2000000e-02
  vertex 5.1306611e-03 1.0847872e-02 7.2000000e-02
 endloop
endfacet
facet normal 0.000000e+00 0.000000e+00 1.000000e+00
 outer loop
  vertex 8.1235468e-03 1.7175797e-02 7.2000000e-02
  vertex 7.2709852e-03 1.7553711e-02 7.2000000e-02
  vertex 4.5922012e-03 1.1086554e-02 7.2000000e-02
 endloop
endfacet
facet normal 0.000000e+00 0.000000e+00 1.000000e+00
 outer loop
  vertex 7.2709852e-03 1.7553711e-02 7.2000000e-02
  vertex 4.0426782e-03 1.1298529e-02 7.2000000e-02
  vertex 4.5922012e-03 1.1086554e-02 7.2000000e-02
 endloop
endfacet
facet normal 0.000000e+00 0.000000e+00 1.000000e+00
 outer loop
  vertex 7.2709852e-03 1.7553711e-02 7.2000000e-02
  vertex 6.4009072e-03 1.7889337e-02 7.2000000e-02
  vertex 4.0426782e-03 1.1298529e-02 7.2000000e-02
 endloop
endfacet
facet normal 0.000000e+00 0.000000e+00 1.000000e+00
 outer loop
  vertex 6.4009072e-03 1.7889337e-02 7.2000000e-02
  vertex 3.4834161e-03 1.1483284e-02 7.2000000e-02
  vertex 4.0426782e-03 1.1298529e-02 7.2000000e-02
 endloop
endfacet
facet normal 0.000000e+00 0.000000e+00 1.000000e+00
 outer loop
  vertex 6.4009072e-03 1.7889337e-02 7.2000000e-02
  vertex 5.5154089e-03 1.8181866e-02 7.2000000e-02
  vertex 3.4834161e-03 1.1483284e-02 7.2000000e-02
 endloop
endfacet
facet normal 0.000000e+00 0.000000e+00 1.000000e+00
 outer loop
  vertex 5.5154089e-03 1.8181866e-02 7.2000000e-02
  vertex 2.9157622e-03 1.1640375e-02 7.2000000e-02
  vertex 3.4834161e-03 1.1483284e-02 7.2000000e-02
 endloop
endfacet
facet normal 0.000000e+00 0.000000e+00 1.000000e+00
 outer loop
  vertex 5.5154089e-03 1.8181866e-02 7.2000000e-02
  vertex 4.6166234e-03 1.8430594e-02 7.2000000e-02
  vertex 2.9157622e-03 1.1640375e-02 7.2000000e-02
 endloop
endfacet
facet normal 0.000000e+00 0.000000e+00 1.000000e+00
 outer loop
  vertex 4.6166234e-03 1.8430594e-02 7.2000000e-02
  vertex 2.3410839e-03 1.1769423e-02 7.2000000e-02
  vertex 2.9157622e-03 1.1640375e-02 7.2000000e-02
 endloop
endfacet
facet normal 0.000000e+00 0.000000e+00 1.000000e+00
 outer loop
  vertex 4.6166234e-03 1.8430594e-02 7.2000000e-02
  vertex 3.7067161e-03 1.8634920e-02 7.2000000e-02
  vertex 2.3410839e-03 1.1769423e-02 7.2000000e-02
 endloop
endfacet
facet normal 0.000000e+00 0.000000e+00 1.000000e+00
 outer loop
  vertex 3.7067161e-03 1.8634920e-02 7.2000000e-02
  vertex 1.7607657e-03 1.1870118e-02 7.2000000e-02
  vertex 2.3410839e-03 1.1769423e-02 7.2000000e-02
 endloop
endfacet
facet normal 0.000000e+00 0.000000e+00 1.000000e+00
 outer loop
  vertex 3.7067161e-03 1.8634920e-02 7.2000000e-02
  vertex 2.7878790e-03 1.8794354e-02 7.2000000e-02
  vertex 1.7607657e-03 1.1870118e-02 7.2000000e-02
 endloop
endfacet
facet normal 0.000000e+00 0.000000e+00 1.000000e+00
 outer loop
  vertex 2.7878790e-03 1.8794354e-02 7.2000000e-02
  vertex 1.1762057e-03 1.1942217e-02 7.2000000e-02
  vertex 1.7607657e-03 1.1870118e-02 7.2000000e-02
 endloop
endfacet
facet normal 0.000000e+00 0.000000e+00 1.000000e+00
 outer loop
  vertex 2.7878790e-03 1.8794354e-02 7.2000000e-02
  vertex 1.8623257e-03 1.8908510e-02 7.2000000e-02
  vertex 1.1762057e-03 1.1942217e-02 7.2000000e-02
 endloop
endfacet
facet normal 0.000000e+00 0.000000e+00 1.000000e+00
 outer loop
  vertex 1.8623257e-03 1.8908510e-02 7.2000000e-02
  vertex 5.8881209e-04 1.1985545e-02 7.2000000e-02
  vertex 1.1762057e-03 1.1942217e-02 7.2000000e-02
 endloop
endfacet
facet normal 0.000000e+00 0.000000e+00 1.000000e+00
 outer loop
  vertex 1.8623257e-03 1.8908510e-02 7.2000000e-02
  vertex 9.3228581e-04 1.8977114e-02 7.2000000e-02
  vertex 5.8881209e-04 1.1985545e-02 7.2000000e-02
 endloop
endfacet
facet normal 0.000000e+00 0.000000e+00 1.000000e+00
 outer loop
  vertex 9.3228581e-04 1.8977114e-02 7.2000000e-02
  vertex 7.3478808e-19 1.2000000e-02 7.2000000e-02
  vertex 5.8881209e-04 1.1985545e-02 7.2000000e-02
 endloop
endfacet
facet normal 0.000000e+00 0.000000e+00 1.000000e+00
 outer loop
  vertex 9.3228581e-04 1.8977114e-02 7.2000000e-02
  vertex 1.1634145e-18 1.9000000e-02 7.2000000e-02
  vertex 7.3478808e-19 1.2000000e-02 7.2000000e-02
 endloop
endfacet
facet normal 0.000000e+00 0.000000e+00 1.000000e+00
 outer loop
  vertex 1.1634145e-18 1.9000000e-02 7.2000000e-02
  vertex -5.8881209e-04 1.1985545e-02 7.2000000e-02
  vertex 7.3478808e-19 1.2000000e-02 7.2000000e-02
 endloop
endfacet
facet normal 0.000000e+00 0.000000e+00 1.000000e+00
 outer loop
  vertex 1.1634145e-18 1.9000000e-02 7.2000000e-02
  vertex -9.3228581e-04 1.8977114e-02 7.2000000e-02
  vertex -5.8881209e-04 1.1985545e-02 7.2000000e-02
 endloop
endfacet
facet normal 0.000000e+00 0.000000e+00 1.000000e+00
 outer loop
  vertex -9.3228581e-04 1.8977114e-02 7.2000000e-02
  vertex -1.1762057e-03 1.1942217e-02 7.2000000e-02
  vertex -5.8881209e-04 1.1985545e-02 7.2000000e-02
 endloop
endfacet
facet normal 0.000000e+00 0.000000e+00 1.000000e+00
 outer loop
  vertex -9.3228581e-04 1.8977114e-02 7.2000000e-02
  vertex -1.8623257e-03 1.8908510e-02 7.2000000e-02
  vertex -1.1762057e-03 1.1942217e-02 7.2000000e-02
 endloop
endfacet
facet normal 0.000000e+00 0.000000e+00 1.000000e+00
 outer loop
  vertex -1.8623257e-03 1.8908510e-02 7.2000000e-02
  vertex -1.7607657e-03 1.1870118e-02 7.2000000e-02
  vertex -1.1762057e-03 1.1942217e-02 7.2000000e-02
 endloop
endfacet
facet normal 0.000000e+00 0.000000e+00 1.000000e+00
 outer loop
  vertex -1.8623257e-03 1.8908510e-02 7.2000000e-02
  vertex -2.7878790e-03 1.8794354e-02 7.2000000e-02
  vertex -1.7607657e-03 1.1870118e-02 7.2000000e-02
 endloop
endfacet
facet normal 0.000000e+00 0.000000e+00 1.000000e+00
 outer loop
  vertex -2.7878790e-03 1.8794354e-02 7.2000000e-02
  vertex -2.3410839e-03 1.1769423e-02 7.2000000e-02
  vertex -1.7607657e-03 1.1870118e-02 7.2000000e-02
 endloop
endfacet
facet normal 0.000000e+00 0.000000e+00 1.000000e+00
 outer loop
  vertex -2.7878790e-03 1.8794354e-02 7.2000000e-02
  vertex -3.7067161e-03 1.8634920e-02 7.2000000e-02
  vertex -2.3410839e-03 1.1769423e-02 7.2000000e-02
 endloop
endfacet
facet normal 0.000000e+00 0.000000e+00 1.000000e+00
 outer loop
  vertex -3.7067161e-03 1.8634920e-02 7.2000000e-02
  vertex -2.9157622e-03 1.1640375e-02 7.2000000e-02
  vertex -2.3410839e-03 1.1769423e-02 7.2000000e-02
 endloop
endfacet
facet normal 0.000000e+00 0.000000e+00 1.000000e+00
 outer loop
  vertex -3.7067161e-03 1.8634920e-02 7.2000000e-02
  vertex -4.6166234e-03 1.8430594e-02 7.2000000e-02
  vertex -2.9157622e-03 1.1640375e-02 7.2000000e-02
 endloop
endfacet
facet normal 0.000000e+00 0.000000e+00 1.000000e+00
 outer loop
  vertex -4.6166234e-03 1.8430594e-02 7.2000000e-02
  vertex -3.4834161e-03 1.1483284e-02 7.2000000e-02
  vertex -2.9157622e-03 1.1640375e-02 7.2000000e-02
 endloop
endfacet
facet normal 0.000000e+00 0.000000e+00 1.000000e+00
 outer loop
  vertex -4.6166234e-03 1.8430594e-02 7.2000000e-02
  vertex -5.5154089e-03 1.8181866e-02 7.2000000e-02
  vertex -3.4834161e-03 1.1483284e-02 7.2000000e-02
 endloop
endfacet
facet normal 0.000000e+00 0.000000e+00 1.000000e+00
 outer loop
  vertex -5.5154089e-03 1.8181866e-02 7.2000000e-02
  vertex -4.0426782e-03 1.1298529e-02 7.2000000e-02
  vertex -3.4834161e-03 1.1483284e-02 7.2000000e-02
 endloop
endfacet
facet normal 0.000000e+00 0.000000e+00 1.000000e+00
 outer loop
  vertex -5.5154089e-03 1.8181866e-02 7.2000000e-02
  vertex -6.4009072e-03 1.7889337e-02 7.2000000e-02
  vertex -4.0426782e-03 1.1298529e-02 7.2000000e-02
 endloop
endfacet
facet normal 0.000000e+00 0.000000e+00 1.000000e+00
 outer loop
  vertex -6.4009072e-03 1.7889337e-02 7.2000000e-02
  vertex -4.5922012e-03 1.1086554e-02 7.2000000e-02
  vertex -4.0426782e-03 1.1298529e-02 7.2000000e-02
 endloop
endfacet
facet normal 0.000000e+00 0.000000e+00 1.000000e+00
 outer loop
  vertex -6.4009072e-03 1.7889337e-02 7.2000000e-02
  vertex -7.2709852e-03 1.7553711e-02 7.2000000e-02
  vertex -4.5922012e-03 1.1086554e-02 7.2000000e-02
 endloop
endfacet
facet normal 0.000000e+00 0.000000e+00 1.000000e+00
 outer loop
  vertex -7.2709852e-03 1.7553711e-02 7.2000000e-02
  vertex -5.1306611e-03 1.0847872e-02 7.2000000e-02
  vertex -4.5922012e-03 1.1086554e-02 7.2000000e-02
 endloop
endfacet
facet normal 0.000000e+00 0.000000e+00 1.000000e+00
 outer loop
  vertex -7.2709852e-03 1.7553711e-02 7.2000000e-02
  vertex -8.1235468e-03 1.7175797e-02 7.2000000e-02
  vertex -5.1306611e-03 1.0847872e-02 7.2000000e-02
 endloop
endfacet
facet normal 0.000000e+00 0.000000e+00 1.000000e+00
 outer loop
  vertex -8.1235468e-03 1.7175797e-02 7.2000000e-02
  vertex -5.6567608e-03 1.0583055e-02 7.2000000e-02
  vertex -5.1306611e-03 1.0847872e-02 7.2000000e-02
 endloop
endfacet
facet normal 0.000000e+00 0.000000e+00 1.000000e+00
 outer loop
  vertex -8.1235468e-03 1.7175797e-02 7.2000000e-02
  vertex -8.9565380e-03 1.6756504e-02 7.2000000e-02
  vertex -5.6567608e-03 1.0583055e-02 7.2000000e-02
 endloop
endfacet
facet normal 0.000000e+00 0.000000e+00 1.000000e+00
 outer loop
  vertex -8.9565380e-03 1.6756504e-02 7.2000000e-02
  vertex -6.1692329e-03 1.0292743e-02 7.2000000e-02
  vertex -5.6567608e-03 1.0583055e-02 7.2000000e-02
 endloop
endfacet
facet normal 0.000000e+00 0.000000e+00 1.000000e+00
 outer loop
  vertex -8.9565380e-03 1.6756504e-02 7.2000000e-02
  vertex -9.7679521e-03 1.6296844e-02 7.2000000e-02
  vertex -6.1692329e-03 1.0292743e-02 7.2000000e-02
 endloop
endfacet
facet normal 0.000000e+00 0.000000e+00 1.000000e+00
 outer loop
  vertex -9.7679521e-03 1.6296844e-02 7.2000000e-02
  vertex -6.6668428e-03 9.9776353e-03 7.2000000e-02
  vertex -6.1692329e-03 1.0292743e-02 7.2000000e-02
 endloop
endfacet
facet normal 0.000000e+00 0.000000e+00 1.000000e+00
 outer loop
  vertex -9.7679521e-03 1.6296844e-02 7.2000000e-02
  vertex -1.0555834e-02 1.5797923e-02 7.2000000e-02
  vertex -6.6668428e-03 9.9776353e-03 7.2000000e-02
 endloop
endfacet
facet normal 0.000000e+00 0.000000e+00 1.000000e+00
 outer loop
  vertex -1.0555834e-02 1.5797923e-02 7.2000000e-02
  vertex -7.1483917e-03 9.6384904e-03 7.2000000e-02
  vertex -6.6668428e-03 9.9776353e-03 7.2000000e-02
 endloop
endfacet
facet normal 0.000000e+00 0.000000e+00 1.000000e+00
 outer loop
  vertex -1.0555834e-02 1.5797923e-02 7.2000000e-02
  vertex -1.1318287e-02 1.5260943e-02 7.2000000e-02
  vertex -7.1483917e-03 9.6384904e-03 7.2000000e-02
 endloop
endfacet
facet normal 0.000000e+00 0.000000e+00 1.000000e+00
 outer loop
  vertex -1.1318287e-02 1.5260943e-02 7.2000000e-02
  vertex -7.6127194e-03 9.2761254e-03 7.2000000e-02
  vertex -7.1483917e-03 9.6384904e-03 7.2000000e-02
 endloop
endfacet
facet normal 0.000000e+00 0.000000e+00 1.000000e+00
 outer loop
  vertex -1.1318287e-02 1.5260943e-02 7.2000000e-02
  vertex -1.2053472e-02 1.4687199e-02 7.2000000e-02
  vertex -7.6127194e-03 9.2761254e-03 7.2000000e-02
 endloop
endfacet
facet normal 0.000000e+00 0.000000e+00 1.000000e+00
 outer loop
  vertex -1.2053472e-02 1.4687199e-02 7.2000000e-02
  vertex -8.0587075e-03 8.8914135e-03 7.2000000e-02
  vertex -7.6127194e-03 9.2761254e-03 7.2000000e-02
 endloop
endfacet
facet normal 0.000000e+00 0.000000e+00 1.000000e+00
 outer loop
  vertex -1.2053472e-02 1.4687199e-02 7.2000000e-02
  vertex -1.2759620e-02 1.4078071e-02 7.2000000e-02
  vertex -8.0587075e-03 8.8914135e-03 7.2000000e-02
 endloop
endfacet
facet normal 0.000000e+00 0.000000e+00 1.000000e+00
 outer loop
  vertex -1.2759620e-02 1.4078071e-02 7.2000000e-02
  vertex -8.4852814e-03 8.4852814e-03 7.2000000e-02
  vertex -8.0587075e-03 8.8914135e-03 7.2000000e-02
 endloop
endfacet
facet normal 0.000000e+00 0.000000e+00 1.000000e+00
 outer loop
  vertex -1.2759620e-02 1.4078071e-02 7.2000000e-02
  vertex -1.3435029e-02 1.3435029e-02 7.2000000e-02
  vertex -8.4852814e-03 8.4852814e-03 7.2000000e-02
 endloop
endfacet
facet normal 0.000000e+00 0.000000e+00 1.000000e+00
 outer loop
  vertex -1.3435029e-02 1.3435029e-02 7.2000000e-02
  vertex -8.8914135e-03 8.0587075e-03 7.2000000e-02
  vertex -8.4852814e-03 8.4852814e-03 7.2000000e-02
 endloop
endfacet
facet normal 0.000000e+00 0.000000e+00 1.000000e+00
 outer loop
  vertex -1.3435029e-02 1.3435029e-02 7.2000000e-02
  vertex -1.4078071e-02 1.2759620e-02 7.2000000e-02
  vertex -8.8914135e-03 8.0587075e-03 7.2000000e-02
 endloop
endfacet
facet normal 0.000000e+00 0.000000e+00 1.000000e+00
 outer loop
  vertex -1.4078071e-02 1.2759620e-02 7.2000000e-02
  vertex -9.2761254e-03 7.6127194e-03 7.2000000e-02
  vertex -8.8914135e-03 8.0587075e-03 7.2000000e-02
 endloop
endfacet
facet normal 0.000000e+00 0.000000e+00 1.000000e+00
 outer loop
  vertex -1.4078071e-02 1.2759620e-02 7.2000000e-02
  vertex -1.4687199e-02 1.2053472e-02 7.2000000e-02
  vertex -9.2761254e-03 7.6127194e-03 7.2000000e-02
 endloop
endfacet
facet normal 0.000000e+00 0.000000e+00 1.000000e+00
 outer loop
  vertex -1.4687199e-02 1.2053472e-02 7.2000000e-02
  vertex -9.6384904e-03 7.1483917e-03 7.2000000e-02
  vertex -9.2761254e-03 7.6127194e-03 7.2000000e-02
 endloop
endfacet
facet normal 0.000000e+00 0.000000e+00 1.000000e+00
 outer loop
  vertex -1.4687199e-02 1.2053472e-02 7.2000000e-02
  vertex -1.5260943e-02 1.1318287e-02 7.2000000e-02
  vertex -9.6384904e-03 7.1483917e-03 7.2000000e-02
 endloop
endfacet
facet normal 0.000000e+00 0.000000e+00 1.000000e+00
 outer loop
  vertex -1.5260943e-02 1.1318287e-02 7.2000000e-02
  vertex -9.9776353e-03 6.6668428e-03 7.2000000e-02
  vertex -9.6384904e-03 7.1483917e-03 7.2000000e-02
 endloop
endfacet
facet normal 0.000000e+00 0.000000e+00 1.000000e+00
 outer loop
  vertex -1.5260943e-02 1.1318287e-02 7.2000000e-02
  vertex -1.5797923e-02 1.0555834e-02 7.2000000e-02
  vertex -9.9776353e-03 6.6668428e-03 7.2000000e-02
 endloop
endfacet
facet normal 0.000000e+00 0.000000e+00 1.000000e+00
 outer loop
  vertex -1.5797923e-02 1.0555834e-02 7.2000000e-02
  vertex -1.0292743e-02 6.1692329e-03 7.2000000e-02
  vertex -9.9776353e-03 6.6668428e-03 7.2000000e-02
 endloop
endfacet
facet normal 0.000000e+00 0.000000e+00 1.000000e+00
 outer loop
  vertex -1.5797923e-02 1.0555834e-02 7.2000000e-02
  vertex -1.6296844e-02 9.7679521e-03 7.2000000e-02
  vertex -1.0292743e-02 6.1692329e-03 7.2000000e-02
 endloop
endfacet
facet normal 0.000000e+00 0.000000e+00 1.000000e+00
 outer loop
  vertex -1.6296844e-02 9.7679521e-03 7.2000000e-02
  vertex -1.0583055e-02 5.6567608e-03 7.2000000e-02
  vertex -1.0292743e-02 6.1692329e-03 7.2000000e-02
 endloop
endfacet
facet normal 0.000000e+00 0.000000e+00 1.000000e+00
 outer loop
  vertex -1.6296844e-02 9.7679521e-03 7.2000000e-02
  vertex -1.6756504e-02 8.9565380e-03 7.2000000e-02
  vertex -1.0583055e-02 5.6567608e-03 7.2000000e-02
 endloop
endfacet
facet normal 0.000000e+00 0.000000e+00 1.000000e+00
 outer loop
  vertex -1.6756504e-02 8.9565380e-03 7.2000000e-02
  vertex -1.0847872e-02 5.1306611e-03 7.2000000e-02
  vertex -1.0583055e-02 5.6567608e-03 7.2000000e-02
 endloop
endfacet
facet normal 0.000000e+00 0.000000e+00 1.000000e+00
 outer loop
  vertex -1.6756504e-02 8.9565380e-03 7.2000000e-02
  vertex -1.7175797e-02 8.1235468e-03 7.2000000e-02
  vertex -1.0847872e-02 5.1306611e-03 7.2000000e-02
 endloop
endfacet
facet normal 0.000000e+00 0.000000e+00 1.000000e+00
 outer loop
  vertex -1.7175797e-02 8.1235468e-03 7.2000000e-02
  vertex -1.1086554e-02 4.5922012e-03 7.2000000e-02
  vertex -1.0847872e-02 5.1306611e-03 7.2000000e-02
 endloop
endfacet
facet normal 0.000000e+00 0.000000e+00 1.000000e+00
 outer loop
  vertex -1.7175797e-02 8.1235468e-03 7.2000000e-02
  vertex -1.7553711e-02 7.2709852e-03 7.2000000e-02
  vertex -1.1086554e-02 4.5922012e-03 7.2000000e-02
 endloop
endfacet
facet normal 0.000000e+00 0.000000e+00 1.000000e+00
 outer loop
  vertex -1.7553711e-02 7.2709852e-03 7.2000000e-02
  vertex -1.1298529e-02 4.0426782e-03 7.2000000e-02
  vertex -1.1086554e-02 4.5922012e-03 7.2000000e-02
 endloop
endfacet
facet normal 0.000000e+00 0.000000e+00 1.000000e+00
 outer loop
  vertex -1.7553711e-02 7.2709852e-03 7.2000000e-02
  vertex -1.7889337e-02 6.4009072e-03 7.2000000e-02
  vertex -1.1298529e-02 4.0426782e-03 7.2000000e-02
 endloop
endfacet
facet normal 0.000000e+00 0.000000e+00 1.000000e+00
 outer loop
  vertex -1.7889337e-02 6.4009072e-03 7.2000000e-02
  vertex -1.1483284e-02 3.4834161e-03 7.2000000e-02
  vertex -1.1298529e-02 4.0426782e-03 7.2000000e-02
 endloop
endfacet
facet normal 0.000000e+00 0.000000e+00 1.000000e+00
 outer loop
  vertex -1.7889337e-02 6.4009072e-03 7.2000000e-02
  vertex -1.8181866e-02 5.5154089e-03 7.2000000e-02
  vertex -1.1483284e-02 3.4834161e-03 7.2000000e-02
 endloop
endfacet
facet normal 0.000000e+00 0.000000e+00 1.000000e+00
 outer loop
  vertex -1.8181866e-02 5.5154089e-03 7.2000000e-02
  vertex -1.1640375e-02 2.9157622e-03 7.2000000e-02
  vertex -1.1483284e-02 3.4834161e-03 7.2000000e-02
 endloop
endfacet
facet normal 0.000000e+00 0.000000e+00 1.000000e+00
 outer loop
  vertex -1.8181866e-02 5.5154089e-03 7.2000000e-02
  vertex -1.8430594e-02 4.6166234e-03 7.2000000e-02
  vertex -1.1640375e-02 2.9157622e-03 7.2000000e-02
 endloop
endfacet
facet normal 0.000000e+00 0.000000e+00 1.000000e+00
 outer loop
  vertex -1.8430594e-02 4.6166234e-03 7.2000000e-02
  vertex -1.1769423e-02 2.3410839e-03 7.2000000e-02
  vertex -1.1640375e-02 2.9157622e-03 7.2000000e-02
 endloop
endfacet
facet normal 0.000000e+00 0.000000e+00 1.000000e+00
 outer loop
  vertex -1.8430594e-02 4.6166234e-03 7.2000000e-02
  vertex -1.8634920e-02 3.7067161e-03 7.2000000e-02
  vertex -1.1769423e-02 2.3410839e-03 7.2000000e-02
 endloop
endfacet
facet normal 0.000000e+00 0.000000e+00 1.000000e+00
 outer loop
  vertex -1.8634920e-02 3.7067161e-03 7.2000000e-02
  vertex -1.1870118e-02 1.7607657e-03 7.2000000e-02
  vertex -1.1769423e-02 2.3410839e-03 7.2000000e-02
 endloop
endfacet
facet normal 0.000000e+00 0.000000e+00 1.000000e+00
 outer loop
  vertex -1.8634920e-02 3.7067161e-03 7.2000000e-02
  vertex -1.8794354e-02 2.7878790e-03 7.2000000e-02
  vertex -1.1870118e-02 1.7607657e-03 7.2000000e-02
 endloop
endfacet
facet normal 0.000000e+00 0.000000e+00 1.000000e+00
 outer loop
  vertex -1.8794354e-02 2.7878790e-03 7.2000000e-02
  vertex -1.1942217e-02 1.1762057e-03 7.2000000e-02
  vertex -1.1870118e-02 1.7607657e-03 7.2000000e-02
 endloop
endfacet
facet normal 0.000000e+00 0.000000e+00 1.000000e+00
 outer loop
  vertex -1.8794354e-02 2.7878790e-03 7.2000000e-02
  vertex -1.8908510e-02 1.8623257e-03 7.2000000e-02
  vertex -1.1942217e-02 1.1762057e-03 7.2000000e-02
 endloop
endfacet
facet normal 0.000000e+00 0.000000e+00 1.000000e+00
 outer loop
  vertex -1.8908510e-02 1.8623257e-03 7.2000000e-02
  vertex -1.1985545e-02 5.8881209e-04 7.2000000e-02
  vertex -1.1942217e-02 1.1762057e-03 7.2000000e-02
 endloop
endfacet
facet normal 0.000000e+00 0.000000e+00 1.000000e+00
 outer loop
  vertex -1.8908510e-02 1.8623257e-03 7.2000000e-02
  vertex -1.8977114e-02 9.3228581e-04 7.2000000e-02
  vertex -1.1985545e-02 5.8881209e-04 7.2000000e-02
 endloop
endfacet
facet normal 0.000000e+00 0.000000e+00 1.000000e+00
 outer loop
  vertex -1.8977114e-02 9.3228581e-04 7.2000000e-02
  vertex -1.2000000e-02 1.4695762e-18 7.2000000e-02
  vertex -1.1985545e-02 5.8881209e-04 7.2000000e-02
 endloop
endfacet
facet normal 0.000000e+00 0.000000e+00 1.000000e+00
 outer loop
  vertex -1.8977114e-02 9.3228581e-04 7.2000000e-02
  vertex -1.9000000e-02 2.3268289e-18 7.2000000e-02
  vertex -1.2000000e-02 1.4695762e-18 7.2000000e-02
 endloop
endfacet
facet normal 0.000000e+00 0.000000e+00 1.000000e+00
 outer loop
  vertex -1.9000000e-02 2.3268289e-18 7.2000000e-02
  vertex -1.1985545e-02 -5.8881209e-04 7.2000000e-02
  vertex -1.2000000e-02 1.4695762e-18 7.2000000e-02
 endloop
endfacet
facet normal 0.000000e+00 0.000000e+00 1.000000e+00
 outer loop
  vertex -1.9000000e-02 2.3268289e-18 7.2000000e-02
  vertex -1.8977114e-02 -9.3228581e-04 7.2000000e-02
  vertex -1.1985545e-02 -5.8881209e-04 7.2000000e-02
 endloop
endfacet
facet normal -0.000000e+00 0.000000e+00 1.000000e+00
 outer loop
  vertex -1.8977114e-02 -9.3228581e-04 7.2000000e-02
  vertex -1.1942217e-02 -1.1762057e-03 7.2000000e-02
  vertex -1.1985545e-02 -5.8881209e-04 7.2000000e-02
 endloop
endfacet
facet normal 0.000000e+00 0.000000e+00 1.000000e+00
 outer loop
  vertex -1.8977114e-02 -9.3228581e-04 7.2000000e-02
  vertex -1.8908510e-02 -1.8623257e-03 7.2000000e-02
  vertex -1.1942217e-02 -1.1762057e-03 7.2000000e-02
 endloop
endfacet
facet normal 0.000000e+00 0.000000e+00 1.000000e+00
 outer loop
  vertex -1.8908510e-02 -1.8623257e-03 7.2000000e-02
  vertex -1.1870118e-02 -1.7607657e-03 7.2000000e-02
  vertex -1.1942217e-02 -1.1762057e-03 7.2000000e-02
 endloop
endfacet
facet normal -0.000000e+00 0.000000e+00 1.000000e+00
 outer loop
  vertex -1.8908510e-02 -1.8623257e-03 7.2000000e-02
  vertex -1.8794354e-02 -2.7878790e-03 7.2000000e-02
  vertex -1.1870118e-02 -1.7607657e-03 7.2000000e-02
 endloop
endfacet
facet normal 0.000000e+00 0.000000e+00 1.000000e+00
 outer loop
  vertex -1.8794354e-02 -2.7878790e-03 7.2000000e-02
  vertex -1.1769423e-02 -2.3410839e-03 7.2000000e-02
  vertex -1.1870118e-02 -1.7607657e-03 7.2000000e-02
 endloop
endfacet
facet normal -0.000000e+00 0.000000e+00 1.000000e+00
 outer loop
  vertex -1.8794354e-02 -2.7878790e-03 7.2000000e-02
  vertex -1.8634920e-02 -3.7067161e-03 7.2000000e-02
  vertex -1.1769423e-02 -2.3410839e-03 7.2000000e-02
 endloop
endfacet
facet normal 0.000000e+00 0.000000e+00 1.000000e+00
 outer loop
  vertex -1.8634920e-02 -3.7067161e-03 7.2000000e-02
  vertex -1.1640375e-02 -2.9157622e-03 7.2000000e-02
  vertex -1.1769423e-02 -2.3410839e-03 7.2000000e-02
 endloop
endfacet
facet normal -0.000000e+00 0.000000e+00 1.000000e+00
 outer loop
  vertex -1.8634920e-02 -3.7067161e-03 7.2000000e-02
  vertex -1.8430594e-02 -4.6166234e-03 7.2000000e-02
  vertex -1.1640375e-02 -2.9157622e-03 7.2000000e-02
 endloop
endfacet
facet normal 0.000000e+00 0.000000e+00 1.000000e+00
 outer loop
  vertex -1.8430594e-02 -4.6166234e-03 7.2000000e-02
  vertex -1.1483284e-02 -3.4834161e-03 7.2000000e-02
  vertex -1.1640375e-02 -2.9157622e-03 7.2000000e-02
 endloop
endfacet
facet normal -0.000000e+00 0.000000e+00 1.000000e+00
 outer loop
  vertex -1.8430594e-02 -4.6166234e-03 7.2000000e-02
  vertex -1.8181866e-02 -5.5154089e-03 7.2000000e-02
  vertex -1.1483284e-02 -3.4834161e-03 7.2000000e-02
 endloop
endfacet
facet normal 0.000000e+00 0.000000e+00 1.000000e+00
 outer loop
  vertex -1.8181866e-02 -5.5154089e-03 7.2000000e-02
  vertex -1.1298529e-02 -4.0426782e-03 7.2000000e-02
  vertex -1.1483284e-02 -3.4834161e-03 7.2000000e-02
 endloop
endfacet
facet normal -0.000000e+00 0.000000e+00 1.000000e+00
 outer loop
  vertex -1.8181866e-02 -5.5154089e-03 7.2000000e-02
  vertex -1.7889337e-02 -6.4009072e-03 7.2000000e-02
  vertex -1.1298529e-02 -4.0426782e-03 7.2000000e-02
 endloop
endfacet
facet normal 0.000000e+00 0.000000e+00 1.000000e+00
 outer loop
  vertex -1.7889337e-02 -6.4009072e-03 7.2000000e-02
  vertex -1.1086554e-02 -4.5922012e-03 7.2000000e-02
  vertex -1.1298529e-02 -4.0426782e-03 7.2000000e-02
 endloop
endfacet
facet normal -0.000000e+00 0.000000e+00 1.000000e+00
 outer loop
  vertex -1.7889337e-02 -6.4009072e-03 7.2000000e-02
  vertex -1.7553711e-02 -7.2709852e-03 7.2000000e-02
  vertex -1.1086554e-02 -4.5922012e-03 7.2000000e-02
 endloop
endfacet
facet normal 0.000000e+00 0.000000e+00 1.000000e+00
 outer loop
  vertex -1.7553711e-02 -7.2709852e-03 7.2000000e-02
  vertex -1.0847872e-02 -5.1306611e-03 7.2000000e-02
  vertex -1.1086554e-02 -4.5922012e-03 7.2000000e-02
 endloop
endfacet
facet normal -0.000000e+00 0.000000e+00 1.000000e+00
 outer loop
  vertex -1.7553711e-02 -7.2709852e-03 7.2000000e-02
  vertex -1.7175797e-02 -8.1235468e-03 7.2000000e-02
  vertex -1.0847872e-02 -5.1306611e-03 7.2000000e-02
 endloop
endfacet
facet normal 0.000000e+00 0.000000e+00 1.000000e+00
 outer loop
  vertex -1.7175797e-02 -8.1235468e-03 7.2000000e-02
  vertex -1.0583055e-02 -5.6567608e-03 7.2000000e-02
  vertex -1.0847872e-02 -5.1306611e-03 7.2000000e-02
 endloop
endfacet
facet normal -0.000000e+00 0.000000e+00 1.000000e+00
 outer loop
  vertex -1.7175797e-02 -8.1235468e-03 7.2000000e-02
  vertex -1.6756504e-02 -8.9565380e-03 7.2000000e-02
  vertex -1.0583055e-02 -5.6567608e-03 7.2000000e-02
 endloop
endfacet
facet normal 0.000000e+00 0.000000e+00 1.000000e+00
 outer loop
  vertex -1.6756504e-02 -8.9565380e-03 7.2000000e-02
  vertex -1.0292743e-02 -6.1692329e-03 7.2000000e-02
  vertex -1.0583055e-02 -5.6567608e-03 7.2000000e-02
 endloop
endfacet
facet normal -0.000000e+00 0.000000e+00 1.000000e+00
 outer loop
  vertex -1.6756504e-02 -8.9565380e-03 7.2000000e-02
  vertex -1.6296844e-02 -9.7679521e-03 7.2000000e-02
  vertex -1.0292743e-02 -6.1692329e-03 7.2000000e-02
 endloop
endfacet
facet normal 0.000000e+00 0.000000e+00 1.000000e+00
 outer loop
  vertex -1.6296844e-02 -9.7679521e-03 7.2000000e-02
  vertex -9.9776353e-03 -6.6668428e-03 7.2000000e-02
  vertex -1.0292743e-02 -6.1692329e-03 7.2000000e-02
 endloop
endfacet
facet normal -0.000000e+00 0.000000e+00 1.000000e+00
 outer loop
  vertex -1.6296844e-02 -9.7679521e-03 7.2000000e-02
  vertex -1.5797923e-02 -1.0555834e-02 7.2000000e-02
  vertex -9.9776353e-03 -6.6668428e-03 7.2000000e-02
 endloop
endfacet
facet normal 0.000000e+00 0.000000e+00 1.000000e+00
 outer loop
  vertex -1.5797923e-02 -1.0555834e-02 7.2000000e-02
  vertex -9.6384904e-03 -7.1483917e-03 7.2000000e-02
  vertex -9.9776353e-03 -6.6668428e-03 7.2000000e-02
 endloop
endfacet
facet normal -0.000000e+00 0.000000e+00 1.000000e+00
 outer loop
  vertex -1.5797923e-02 -1.0555834e-02 7.2000000e-02
  vertex -1.5260943e-02 -1.1318287e-02 7.2000000e-02
  vertex -9.6384904e-03 -7.1483917e-03 7.2000000e-02
 endloop
endfacet
facet normal 0.000000e+00 0.000000e+00 1.000000e+00
 outer loop
  vertex -1.5260943e-02 -1.1318287e-02 7.2000000e-02
  vertex -9.2761254e-03 -7.6127194e-03 7.2000000e-02
  vertex -9.6384904e-03 -7.1483917e-03 7.2000000e-02
 endloop
endfacet
facet normal -0.000000e+00 0.000000e+00 1.000000e+00
 outer loop
  vertex -1.5260943e-02 -1.1318287e-02 7.2000000e-02
  vertex -1.4687199e-02 -1.2053472e-02 7.2000000e-02
  vertex -9.2761254e-03 -7.6127194e-03 7.2000000e-02
 endloop
endfacet
facet normal 0.000000e+00 0.000000e+00 1.000000e+00
 outer loop
  vertex -1.4687199e-02 -1.2053472e-02 7.2000000e-02
  vertex -8.8914135e-03 -8.0587075e-03 7.2000000e-02
  vertex -9.2761254e-03 -7.6127194e-03 7.2000000e-02
 endloop
endfacet
facet normal -0.000000e+00 0.000000e+00 1.000000e+00
 outer loop
  vertex -1.4687199e-02 -1.2053472e-02 7.2000000e-02
  vertex -1.4078071e-02 -1.2759620e-02 7.2000000e-02
  vertex -8.8914135e-03 -8.0587075e-03 7.2000000e-02
 endloop
endfacet
facet normal 0.000000e+00 0.000000e+00 1.000000e+00
 outer loop
  vertex -1.4078071e-02 -1.2759620e-02 7.2000000e-02
  vertex -8.4852814e-03 -8.4852814e-03 7.2000000e-02
  vertex -8.8914135e-03 -8.0587075e-03 7.2000000e-02
 endloop
endfacet
facet normal -0.000000e+00 0.000000e+00 1.000000e+00
 outer loop
  vertex -1.4078071e-02 -1.2759620e-02 7.2000000e-02
  vertex -1.3435029e-02 -1.3435029e-02 7.2000000e-02
  vertex -8.4852814e-03 -8.4852814e-03 7.2000000e-02
 endloop
endfacet
facet normal 0.000000e+00 0.000000e+00 1.000000e+00
 outer loop
  vertex -1.3435029e-02 -1.3435029e-02 7.2000000e-02
  vertex -8.0587075e-03 -8.8914135e-03 7.2000000e-02
  vertex -8.4852814e-03 -8.4852814e-03 7.2000000e-02
 endloop
endfacet
facet normal -0.000000e+00 0.000000e+00 1.000000e+00
 outer loop
  vertex -1.3435029e-02 -1.3435029e-02 7.2000000e-02
  vertex -1.2759620e-02 -1.4078071e-02 7.2000000e-02
  vertex -8.0587075e-03 -8.8914135e-03 7.2000000e-02
 endloop
endfacet
facet normal 0.000000e+00 0.000000e+00 1.000000e+00
 outer loop
  vertex -1.2759620e-02 -1.4078071e-02 7.2000000e-02
  vertex -7.6127194e-03 -9.2761254e-03 7.2000000e-02
  vertex -8.0587075e-03 -8.8914135e-03 7.2000000e-02
 endloop
endfacet
facet normal -0.000000e+00 0.000000e+00 1.000000e+00
 outer loop
  vertex -1.2759620e-02 -1.4078071e-02 7.2000000e-02
  vertex -1.2053472e-02 -1.4687199e-02 7.2000000e-02
  vertex -7.6127194e-03 -9.2761254e-03 7.2000000e-02
 endloop
endfacet
facet normal 0.000000e+00 0.000000e+00 1.000000e+00
 outer loop
  vertex -1.2053472e-02 -1.4687199e-02 7.2000000e-02
  vertex -7.1483917e-03 -9.6384904e-03 7.2000000e-02
  vertex -7.6127194e-03 -9.2761254e-03 7.2000000e-02
 endloop
endfacet
facet normal -0.000000e+00 0.000000e+00 1.000000e+00
 outer loop
  vertex -1.2053472e-02 -1.4687199e-02 7.2000000e-02
  vertex -1.1318287e-02 -1.5260943e-02 7.2000000e-02
  vertex -7.1483917e-03 -9.6384904e-03 7.2000000e-02
 endloop
endfacet
facet normal 0.000000e+00 0.000000e+00 1.000000e+00
 outer loop
  vertex -1.1318287e-02 -1.5260943e-02 7.2000000e-02
  vertex -6.6668428e-03 -9.9776353e-03 7.2000000e-02
  vertex -7.1483917e-03 -9.6384904e-03 7.2000000e-02
 endloop
endfacet
facet normal -0.000000e+00 0.000000e+00 1.000000e+00
 outer loop
  vertex -1.1318287e-02 -1.5260943e-02 7.2000000e-02
  vertex -1.0555834e-02 -1.5797923e-02 7.2000000e-02
  vertex -6.6668428e-03 -9.9776353e-03 7.2000000e-02
 endloop
endfacet
facet normal 0.000000e+00 0.000000e+00 1.000000e+00
 outer loop
  vertex -1.0555834e-02 -1.5797923e-02 7.2000000e-02
  vertex -6.1692329e-03 -1.0292743e-02 7.2000000e-02
  vertex -6.6668428e-03 -9.9776353e-03 7.2000000e-02
 endloop
endfacet
facet normal -0.000000e+00 0.000000e+00 1.000000e+00
 outer loop
  vertex -1.0555834e-02 -1.5797923e-02 7.2000000e-02
  vertex -9.7679521e-03 -1.6296844e-02 7.2000000e-02
  vertex -6.1692329e-03 -1.0292743e-02 7.2000000e-02
 endloop
endfacet
facet normal 0.000000e+00 0.000000e+00 1.000000e+00
 outer loop
  vertex -9.7679521e-03 -1.6296844e-02 7.2000000e-02
  vertex -5.6567608e-03 -1.0583055e-02 7.2000000e-02
  vertex -6.1692329e-03 -1.0292743e-02 7.2000000e-02
 endloop
endfacet
facet normal -0.000000e+00 0.000000e+00 1.000000e+00
 outer loop
  vertex -9.7679521e-03 -1.6296844e-02 7.2000000e-02
  vertex -8.9565380e-03 -1.6756504e-02 7.2000000e-02
  vertex -5.6567608e-03 -1.0583055e-02 7.2000000e-02
 endloop
endfacet
facet normal 0.000000e+00 0.000000e+00 1.000000e+00
 outer loop
  vertex -8.9565380e-03 -1.6756504e-02 7.2000000e-02
  vertex -5.1306611e-03 -1.0847872e-02 7.2000000e-02
  vertex -5.6567608e-03 -1.0583055e-02 7.2000000e-02
 endloop
endfacet
facet normal -0.000000e+00 0.000000e+00 1.000000e+00
 outer loop
  vertex -8.9565380e-03 -1.6756504e-02 7.2000000e-02
  vertex -8.1235468e-03 -1.7175797e-02 7.2000000e-02
  vertex -5.1306611e-03 -1.0847872e-02 7.2000000e-02
 endloop
endfacet
facet normal 0.000000e+00 0.000000e+00 1.000000e+00
 outer loop
  vertex -8.1235468e-03 -1.7175797e-02 7.2000000e-02
  vertex -4.5922012e-03 -1.1086554e-02 7.2000000e-02
  vertex -5.1306611e-03 -1.0847872e-02 7.2000000e-02
 endloop
endfacet
facet normal -0.000000e+00 0.000000e+00 1.000000e+00
 outer loop
  vertex -8.1235468e-03 -1.7175797e-02 7.2000000e-02
  vertex -7.2709852e-03 -1.7553711e-02 7.2000000e-02
  vertex -4.5922012e-03 -1.1086554e-02 7.2000000e-02
 endloop
endfacet
facet normal 0.000000e+00 0.000000e+00 1.000000e+00
 outer loop
  vertex -7.2709852e-03 -1.7553711e-02 7.2000000e-02
  vertex -4.0426782e-03 -1.1298529e-02 7.2000000e-02
  vertex -4.5922012e-03 -1.1086554e-02 7.2000000e-02
 endloop
endfacet
facet normal -0.000000e+00 0.000000e+00 1.000000e+00
 outer loop
  vertex -7.2709852e-03 -1.7553711e-02 7.2000000e-02
  vertex -6.4009072e-03 -1.7889337e-02 7.2000000e-02
  vertex -4.0426782e-03 -1.1298529e-02 7.2000000e-02
 endloop
endfacet
facet normal 0.000000e+00 0.000000e+00 1.000000e+00
 outer loop
  vertex -6.4009072e-03 -1.7889337e-02 7.2000000e-02
  vertex -3.4834161e-03 -1.1483284e-02 7.2000000e-02
  vertex -4.0426782e-03 -1.1298529e-02 7.2000000e-02
 endloop
endfacet
facet normal -0.000000e+00 0.000000e+00 1.000000e+00
 outer loop
  vertex -6.4009072e-03 -1.7889337e-02 7.2000000e-02
  vertex -5.5154089e-03 -1.8181866e-02 7.2000000e-02
  vertex -3.4834161e-03 -1.1483284e-02 7.2000000e-02
 endloop
endfacet
facet normal 0.000000e+00 0.000000e+00 1.000000e+00
 outer loop
  vertex -5.5154089e-03 -1.8181866e-02 7.2000000e-02
  vertex -2.9157622e-03 -1.1640375e-02 7.2000000e-02
  vertex -3.4834161e-03 -1.1483284e-02 7.2000000e-02
 endloop
endfacet
facet normal -0.000000e+00 0.000000e+00 1.000000e+00
 outer loop
  vertex -5.5154089e-03 -1.8181866e-02 7.2000000e-02
  vertex -4.6166234e-03 -1.8430594e-02 7.2000000e-02
  vertex -2.9157622e-03 -1.1640375e-02 7.2000000e-02
 endloop
endfacet
facet normal 0.000000e+00 0.000000e+00 1.000000e+00
 outer loop
  vertex -4.6166234e-03 -1.8430594e-02 7.2000000e-02
  vertex -2.3410839e-03 -1.1769423e-02 7.2000000e-02
  vertex -2.9157622e-03 -1.1640375e-02 7.2000000e-02
 endloop
endfacet
facet normal -0.000000e+00 0.000000e+00 1.000000e+00
 outer loop
  vertex -4.6166234e-03 -1.8430594e-02 7.2000000e-02
  vertex -3.7067161e-03 -1.8634920e-02 7.2000000e-02
  vertex -2.3410839e-03 -1.1769423e-02 7.2000000e-02
 endloop
endfacet
facet normal 0.000000e+00 0.000000e+00 1.000000e+00
 outer loop
  vertex -3.7067161e-03 -1.8634920e-02 7.2000000e-02
  vertex -1.7607657e-03 -1.1870118e-02 7.2000000e-02
  vertex -2.3410839e-03 -1.1769423e-02 7.2000000e-02
 endloop
endfacet
facet normal -0.000000e+00 0.000000e+00 1.000000e+00
 outer loop
  vertex -3.7067161e-03 -1.8634920e-02 7.2000000e-02
  vertex -2.7878790e-03 -1.8794354e-02 7.2000000e-02
  vertex -1.7607657e-03 -1.1870118e-02 7.2000000e-02
 endloop
endfacet
facet normal 0.000000e+00 0.000000e+00 1.000000e+00
 outer loop
  vertex -2.7878790e-03 -1.8794354e-02 7.2000000e-02
  vertex -1.1762057e-03 -1.1942217e-02 7.2000000e-02
  vertex -1.7607657e-03 -1.1870118e-02 7.2000000e-02
 endloop
endfacet
facet normal -0.000000e+00 0.000000e+00 1.000000e+00
 outer loop
  vertex -2.7878790e-03 -1.8794354e-02 7.2000000e-02
  vertex -1.8623257e-03 -1.8908510e-02 7.2000000e-02
  vertex -1.1762057e-03 -1.1942217e-02 7.2000000e-02
 endloop
endfacet
facet normal 0.000000e+00 0.000000e+00 1.000000e+00
 outer loop
  vertex -1.8623257e-03 -1.8908510e-02 7.2000000e-02
  vertex -5.8881209e-04 -1.1985545e-02 7.2000000e-02
  vertex -1.1762057e-03 -1.1942217e-02 7.2000000e-02
 endloop
endfacet
facet normal -0.000000e+00 0.000000e+00 1.000000e+00
 outer loop
  vertex -1.8623257e-03 -1.8908510e-02 7.2000000e-02
  vertex -9.3228581e-04 -1.8977114e-02 7.2000000e-02
  vertex -5.8881209e-04 -1.1985545e-02 7.2000000e-02
 endloop
endfacet
facet normal 0.000000e+00 0.000000e+00 1.000000e+00
 outer loop
  vertex -9.3228581e-04 -1.8977114e-02 7.2000000e-02
  vertex -2.2043642e-18 -1.2000000e-02 7.2000000e-02
  vertex -5.8881209e-04 -1.1985545e-02 7.2000000e-02
 endloop
endfacet
facet normal -0.000000e+00 0.000000e+00 1.000000e+00
 outer loop
  vertex -9.3228581e-04 -1.8977114e-02 7.2000000e-02
  vertex -3.4902434e-18 -1.9000000e-02 7.2000000e-02
  vertex -2.2043642e-18 -1.2000000e-02 7.2000000e-02
 endloop
endfacet
facet normal 0.000000e+00 0.000000e+00 1.000000e+00
 outer loop
  vertex -3.4902434e-18 -1.9000000e-02 7.2000000e-02
  vertex 5.8881209e-04 -1.1985545e-02 7.2000000e-02
  vertex -2.2043642e-18 -1.2000000e-02 7.2000000e-02
 endloop
endfacet
facet normal 0.000000e+00 0.000000e+00 1.000000e+00
 outer loop
  vertex -3.4902434e-18 -1.9000000e-02 7.2000000e-02
  vertex 9.3228581e-04 -1.8977114e-02 7.2000000e-02
  vertex 5.8881209e-04 -1.1985545e-02 7.2000000e-02
 endloop
endfacet
facet normal 0.000000e+00 -0.000000e+00 1.000000e+00
 outer loop
  vertex 9.3228581e-04 -1.8977114e-02 7.2000000e-02
  vertex 1.1762057e-03 -1.1942217e-02 7.2000000e-02
  vertex 5.8881209e-04 -1.1985545e-02 7.2000000e-02
 endloop
endfacet
facet normal 0.000000e+00 0.000000e+00 1.000000e+00
 outer loop
  vertex 9.3228581e-04 -1.8977114e-02 7.2000000e-02
  vertex 1.8623257e-03 -1.8908510e-02 7.2000000e-02
  vertex 1.1762057e-03 -1.1942217e-02 7.2000000e-02
 endloop
endfacet
facet normal 0.000000e+00 0.000000e+00 1.000000e+00
 outer loop
  vertex 1.8623257e-03 -1.8908510e-02 7.2000000e-02
  vertex 1.7607657e-03 -1.1870118e-02 7.2000000e-02
  vertex 1.1762057e-03 -1.1942217e-02 7.2000000e-02
 endloop
endfacet
facet normal 0.000000e+00 -0.000000e+00 1.000000e+00
 outer loop
  vertex 1.8623257e-03 -1.8908510e-02 7.2000000e-02
  vertex 2.7878790e-03 -1.8794354e-02 7.2000000e-02
  vertex 1.7607657e-03 -1.1870118e-02 7.2000000e-02
 endloop
endfacet
facet normal 0.000000e+00 0.000000e+00 1.000000e+00
 outer loop
  vertex 2.7878790e-03 -1.8794354e-02 7.2000000e-02
  vertex 2.3410839e-03 -1.1769423e-02 7.2000000e-02
  vertex 1.7607657e-03 -1.1870118e-02 7.2000000e-02
 endloop
endfacet
facet normal 0.000000e+00 -0.000000e+00 1.000000e+00
 outer loop
  vertex 2.7878790e-03 -1.8794354e-02 7.2000000e-02
  vertex 3.7067161e-03 -1.8634920e-02 7.2000000e-02
  vertex 2.3410839e-03 -1.1769423e-02 7.2000000e-02
 endloop
endfacet
facet normal 0.000000e+00 0.000000e+00 1.000000e+00
 outer loop
  vertex 3.7067161e-03 -1.8634920e-02 7.2000000e-02
  vertex 2.9157622e-03 -1.1640375e-02 7.2000000e-02
  vertex 2.3410839e-03 -1.1769423e-02 7.2000000e-02
 endloop
endfacet
facet normal 0.000000e+00 -0.000000e+00 1.000000e+00
 outer loop
  vertex 3.7067161e-03 -1.8634920e-02 7.2000000e-02
  vertex 4.6166234e-03 -1.8430594e-02 7.2000000e-02
  vertex 2.9157622e-03 -1.1640375e-02 7.2000000e-02
 endloop
endfacet
facet normal 0.000000e+00 0.000000e+00 1.000000e+00
 outer loop
  vertex 4.6166234e-03 -1.8430594e-02 7.2000000e-02
  vertex 3.4834161e-03 -1.1483284e-02 7.2000000e-02
  vertex 2.9157622e-03 -1.1640375e-02 7.2000000e-02
 endloop
endfacet
facet normal 0.000000e+00 -0.000000e+00 1.000000e+00
 outer loop
  vertex 4.6166234e-03 -1.8430594e-02 7.2000000e-02
  vertex 5.5154089e-03 -1.8181866e-02 7.2000000e-02
  vertex 3.4834161e-03 -1.1483284e-02 7.2000000e-02
 endloop
endfacet
facet normal 0.000000e+00 0.000000e+00 1.000000e+00
 outer loop
  vertex 5.5154089e-03 -1.8181866e-02 7.2000000e-02
  vertex 4.0426782e-03 -1.1298529e-02 7.2000000e-02
  vertex 3.4834161e-03 -1.1483284e-02 7.2000000e-02
 endloop
endfacet
facet normal 0.000000e+00 -0.000000e+00 1.000000e+00
 outer loop
  vertex 5.5154089e-03 -1.8181866e-02 7.2000000e-02
  vertex 6.4009072e-03 -1.7889337e-02 7.2000000e-02
  vertex 4.0426782e-03 -1.1298529e-02 7.2000000e-02
 endloop
endfacet
facet normal 0.000000e+00 0.000000e+00 1.000000e+00
 outer loop
  vertex 6.4009072e-03 -1.7889337e-02 7.2000000e-02
  vertex 4.5922012e-03 -1.1086554e-02 7.2000000e-02
  vertex 4.0426782e-03 -1.1298529e-02 7.2000000e-02
 endloop
endfacet
facet normal 0.000000e+00 -0.000000e+00 1.000000e+00
 outer loop
  vertex 6.4009072e-03 -1.7889337e-02 7.2000000e-02
  vertex 7.2709852e-03 -1.7553711e-02 7.2000000e-02
  vertex 4.5922012e-03 -1.1086554e-02 7.2000000e-02
 endloop
endfacet
facet normal 0.000000e+00 0.000000e+00 1.000000e+00
 outer loop
  vertex 7.2709852e-03 -1.7553711e-02 7.2000000e-02
  vertex 5.1306611e-03 -1.0847872e-02 7.2000000e-02
  vertex 4.5922012e-03 -1.1086554e-02 7.2000000e-02
 endloop
endfacet
facet normal 0.000000e+00 -0.000000e+00 1.000000e+00
 outer loop
  vertex 7.2709852e-03 -1.7553711e-02 7.2000000e-02
  vertex 8.1235468e-03 -1.7175797e-02 7.2000000e-02
  vertex 5.1306611e-03 -1.0847872e-02 7.2000000e-02
 endloop
endfacet
facet normal 0.000000e+00 0.000000e+00 1.000000e+00
 outer loop
  vertex 8.1235468e-03 -1.7175797e-02 7.2000000e-02
  vertex 5.6567608e-03 -1.0583055e-02 7.2000000e-02
  vertex 5.1306611e-03 -1.0847872e-02 7.2000000e-02
 endloop
endfacet
facet normal 0.000000e+00 -0.000000e+00 1.000000e+00
 outer loop
  vertex 8.1235468e-03 -1.7175797e-02 7.2000000e-02
  vertex 8.9565380e-03 -1.6756504e-02 7.2000000e-02
  vertex 5.6567608e-03 -1.0583055e-02 7.2000000e-02
 endloop
endfacet
facet normal 0.000000e+00 0.000000e+00 1.000000e+00
 outer loop
  vertex 8.9565380e-03 -1.6756504e-02 7.2000000e-02
  vertex 6.1692329e-03 -1.0292743e-02 7.2000000e-02
  vertex 5.6567608e-03 -1.0583055e-02 7.2000000e-02
 endloop
endfacet
facet normal 0.000000e+00 -0.000000e+00 1.000000e+00
 outer loop
  vertex 8.9565380e-03 -1.6756504e-02 7.2000000e-02
  vertex 9.7679521e-03 -1.6296844e-02 7.2000000e-02
  vertex 6.1692329e-03 -1.0292743e-02 7.2000000e-02
 endloop
endfacet
facet normal 0.000000e+00 0.000000e+00 1.000000e+00
 outer loop
  vertex 9.7679521e-03 -1.6296844e-02 7.2000000e-02
  vertex 6.6668428e-03 -9.9776353e-03 7.2000000e-02
  vertex 6.1692329e-03 -1.0292743e-02 7.2000000e-02
 endloop
endfacet
facet normal 0.000000e+00 -0.000000e+00 1.000000e+00
 outer loop
  vertex 9.7679521e-03 -1.6296844e-02 7.2000000e-02
  vertex 1.0555834e-02 -1.5797923e-02 7.2000000e-02
  vertex 6.6668428e-03 -9.9776353e-03 7.2000000e-02
 endloop
endfacet
facet normal 0.000000e+00 0.000000e+00 1.000000e+00
 outer loop
  vertex 1.0555834e-02 -1.5797923e-02 7.2000000e-02
  vertex 7.1483917e-03 -9.6384904e-03 7.2000000e-02
  vertex 6.6668428e-03 -9.9776353e-03 7.2000000e-02
 endloop
endfacet
facet normal 0.000000e+00 -0.000000e+00 1.000000e+00
 outer loop
  vertex 1.0555834e-02 -1.5797923e-02 7.2000000e-02
  vertex 1.1318287e-02 -1.5260943e-02 7.2000000e-02
  vertex 7.1483917e-03 -9.6384904e-03 7.2000000e-02
 endloop
endfacet
facet normal 0.000000e+00 0.000000e+00 1.000000e+00
 outer loop
  vertex 1.1318287e-02 -1.5260943e-02 7.2000000e-02
  vertex 7.6127194e-03 -9.2761254e-03 7.2000000e-02
  vertex 7.1483917e-03 -9.6384904e-03 7.2000000e-02
 endloop
endfacet
facet normal 0.000000e+00 -0.000000e+00 1.000000e+00
 outer loop
  vertex 1.1318287e-02 -1.5260943e-02 7.2000000e-02
  vertex 1.2053472e-02 -1.4687199e-02 7.2000000e-02
  vertex 7.6127194e-03 -9.2761254e-03 7.2000000e-02
 endloop
endfacet
facet normal 0.000000e+00 0.000000e+00 1.000000e+00
 outer loop
  vertex 1.2053472e-02 -1.4687199e-02 7.2000000e-02
  vertex 8.0587075e-03 -8.8914135e-03 7.2000000e-02
  vertex 7.6127194e-03 -9.2761254e-03 7.2000000e-02
 endloop
endfacet
facet normal 0.000000e+00 -0.000000e+00 1.000000e+00
 outer loop
  vertex 1.2053472e-02 -1.4687199e-02 7.2000000e-02
  vertex 1.2759620e-02 -1.4078071e-02 7.2000000e-02
  vertex 8.0587075e-03 -8.8914135e-03 7.2000000e-02
 endloop
endfacet
facet normal 0.000000e+00 0.000000e+00 1.000000e+00
 outer loop
  vertex 1.2759620e-02 -1.4078071e-02 7.2000000e-02
  vertex 8.4852814e-03 -8.4852814e-03 7.2000000e-02
  vertex 8.0587075e-03 -8.8914135e-03 7.2000000e-02
 endloop
endfacet
facet normal 0.000000e+00 -0.000000e+00 1.000000e+00
 outer loop
  vertex 1.2759620e-02 -1.4078071e-02 7.2000000e-02
  vertex 1.3435029e-02 -1.3435029e-02 7.2000000e-02
  vertex 8.4852814e-03 -8.4852814e-03 7.2000000e-02
 endloop
endfacet
facet normal 0.000000e+00 0.000000e+00 1.000000e+00
 outer loop
  vertex 1.3435029e-02 -1.3435029e-02 7.2000000e-02
  vertex 8.8914135e-03 -8.0587075e-03 7.2000000e-02
  vertex 8.4852814e-03 -8.4852814e-03 7.2000000e-02
 endloop
endfacet
facet normal 0.000000e+00 -0.000000e+00 1.000000e+00
 outer loop
  vertex 1.3435029e-02 -1.3435029e-02 7.2000000e-02
  vertex 1.4078071e-02 -1.2759620e-02 7.2000000e-02
  vertex 8.8914135e-03 -8.0587075e-03 7.2000000e-02
 endloop
endfacet
facet normal 0.000000e+00 0.000000e+00 1.000000e+00
 outer loop
  vertex 1.4078071e-02 -1.2759620e-02 7.2000000e-02
  vertex 9.2761254e-03 -7.6127194e-03 7.2000000e-02
  vertex 8.8914135e-03 -8.0587075e-03 7.2000000e-02
 endloop
endfacet
facet normal 0.000000e+00 -0.000000e+00 1.000000e+00
 outer loop
  vertex 1.4078071e-02 -1.2759620e-02 7.2000000e-02
  vertex 1.4687199e-02 -1.2053472e-02 7.2000000e-02
  vertex 9.2761254e-03 -7.6127194e-03 7.2000000e-02
 endloop
endfacet
facet normal 0.000000e+00 0.000000e+00 1.000000e+00
 outer loop
  vertex 1.4687199e-02 -1.2053472e-02 7.2000000e-02
  vertex 9.6384904e-03 -7.1483917e-03 7.2000000e-02
  vertex 9.2761254e-03 -7.6127194e-03 7.2000000e-02
 endloop
endfacet
facet normal 0.000000e+00 -0.000000e+00 1.000000e+00
 outer loop
  vertex 1.4687199e-02 -1.2053472e-02 7.2000000e-02
  vertex 1.5260943e-02 -1.1318287e-02 7.2000000e-02
  vertex 9.6384904e-03 -7.1483917e-03 7.2000000e-02
 endloop
endfacet
facet normal 0.000000e+00 0.000000e+00 1.000000e+00
 outer loop
  vertex 1.5260943e-02 -1.1318287e-02 7.2000000e-02
  vertex 9.9776353e-03 -6.6668428e-03 7.2000000e-02
  vertex 9.6384904e-03 -7.1483917e-03 7.2000000e-02
 endloop
endfacet
facet normal 0.000000e+00 -0.000000e+00 1.000000e+00
 outer loop
  vertex 1.5260943e-02 -1.1318287e-02 7.2000000e-02
  vertex 1.5797923e-02 -1.0555834e-02 7.2000000e-02
  vertex 9.9776353e-03 -6.6668428e-03 7.2000000e-02
 endloop
endfacet
facet normal 0.000000e+00 0.000000e+00 1.000000e+00
 outer loop
  vertex 1.5797923e-02 -1.0555834e-02 7.2000000e-02
  vertex 1.0292743e-02 -6.1692329e-03 7.2000000e-02
  vertex 9.9776353e-03 -6.6668428e-03 7.2000000e-02
 endloop
endfacet
facet normal 0.000000e+00 -0.000000e+00 1.000000e+00
 outer loop
  vertex 1.5797923e-02 -1.0555834e-02 7.2000000e-02
  vertex 1.6296844e-02 -9.7679521e-03 7.2000000e-02
  vertex 1.0292743e-02 -6.1692329e-03 7.2000000e-02
 endloop
endfacet
facet normal 0.000000e+00 0.000000e+00 1.000000e+00
 outer loop
  vertex 1.6296844e-02 -9.7679521e-03 7.2000000e-02
  vertex 1.0583055e-02 -5.6567608e-03 7.2000000e-02
  vertex 1.0292743e-02 -6.1692329e-03 7.2000000e-02
 endloop
endfacet
facet normal 0.000000e+00 -0.000000e+00 1.000000e+00
 outer loop
  vertex 1.6296844e-02 -9.7679521e-03 7.2000000e-02
  vertex 1.6756504e-02 -8.9565380e-03 7.2000000e-02
  vertex 1.0583055e-02 -5.6567608e-03 7.2000000e-02
 endloop
endfacet
facet normal 0.000000e+00 0.000000e+00 1.000000e+00
 outer loop
  vertex 1.6756504e-02 -8.9565380e-03 7.2000000e-02
  vertex 1.0847872e-02 -5.1306611e-03 7.2000000e-02
  vertex 1.0583055e-02 -5.6567608e-03 7.2000000e-02
 endloop
endfacet
facet normal 0.000000e+00 -0.000000e+00 1.000000e+00
 outer loop
  vertex 1.6756504e-02 -8.9565380e-03 7.2000000e-02
  vertex 1.7175797e-02 -8.1235468e-03 7.2000000e-02
  vertex 1.0847872e-02 -5.1306611e-03 7.2000000e-02
 endloop
endfacet
facet normal 0.000000e+00 0.000000e+00 1.000000e+00
 outer loop
  vertex 1.7175797e-02 -8.1235468e-03 7.2000000e-02
  vertex 1.1086554e-02 -4.5922012e-03 7.2000000e-02
  vertex 1.0847872e-02 -5.1306611e-03 7.2000000e-02
 endloop
endfacet
facet normal 0.000000e+00 -0.000000e+00 1.000000e+00
 outer loop
  vertex 1.7175797e-02 -8.1235468e-03 7.2000000e-02
  vertex 1.7553711e-02 -7.2709852e-03 7.2000000e-02
  vertex 1.1086554e-02 -4.5922012e-03 7.2000000e-02
 endloop
endfacet
facet normal 0.000000e+00 0.000000e+00 1.000000e+00
 outer loop
  vertex 1.7553711e-02 -7.2709852e-03 7.2000000e-02
  vertex 1.1298529e-02 -4.0426782e-03 7.2000000e-02
  vertex 1.1086554e-02 -4.5922012e-03 7.2000000e-02
 endloop
endfacet
facet normal 0.000000e+00 -0.000000e+00 1.000000e+00
 outer loop
  vertex 1.7553711e-02 -7.2709852e-03 7.2000000e-02
  vertex 1.7889337e-02 -6.4009072e-03 7.2000000e-02
  vertex 1.1298529e-02 -4.0426782e-03 7.2000000e-02
 endloop
endfacet
facet normal 0.000000e+00 0.000000e+00 1.000000e+00
 outer loop
  vertex 1.7889337e-02 -6.4009072e-03 7.2000000e-02
  vertex 1.1483284e-02 -3.4834161e-03 7.2000000e-02
  vertex 1.1298529e-02 -4.0426782e-03 7.2000000e-02
 endloop
endfacet
facet normal 0.000000e+00 -0.000000e+00 1.000000e+00
 outer loop
  vertex 1.7889337e-02 -6.4009072e-03 7.2000000e-02
  vertex 1.8181866e-02 -5.5154089e-03 7.2000000e-02
  vertex 1.1483284e-02 -3.4834161e-03 7.2000000e-02
 endloop
endfacet
facet normal 0.000000e+00 0.000000e+00 1.000000e+00
 outer loop
  vertex 1.8181866e-02 -5.5154089e-03 7.2000000e-02
  vertex 1.1640375e-02 -2.9157622e-03 7.2000000e-02
  vertex 1.1483284e-02 -3.4834161e-03 7.2000000e-02
 endloop
endfacet
facet normal 0.000000e+00 -0.000000e+00 1.000000e+00
 outer loop
  vertex 1.8181866e-02 -5.5154089e-03 7.2000000e-02
  vertex 1.8430594e-02 -4.6166234e-03 7.2000000e-02
  vertex 1.1640375e-02 -2.9157622e-03 7.2000000e-02
 endloop
endfacet
facet normal 0.000000e+00 0.000000e+00 1.000000e+00
 outer loop
  vertex 1.8430594e-02 -4.6166234e-03 7.2000000e-02
  vertex 1.1769423e-02 -2.3410839e-03 7.2000000e-02
  vertex 1.1640375e-02 -2.9157622e-03 7.2000000e-02
 endloop
endfacet
facet normal 0.000000e+00 -0.000000e+00 1.000000e+00
 outer loop
  vertex 1.8430594e-02 -4.6166234e-03 7.2000000e-02
  vertex 1.8634920e-02 -3.7067161e-03 7.2000000e-02
  vertex 1.1769423e-02 -2.3410839e-03 7.2000000e-02
 endloop
endfacet
facet normal 0.000000e+00 0.000000e+00 1.000000e+00
 outer loop
  vertex 1.8634920e-02 -3.7067161e-03 7.2000000e-02
  vertex 1.1870118e-02 -1.7607657e-03 7.2000000e-02
  vertex 1.1769423e-02 -2.3410839e-03 7.2000000e-02
 endloop
endfacet
facet normal 0.000000e+00 -0.000000e+00 1.000000e+00
 outer loop
  vertex 1.8634920e-02 -3.7067161e-03 7.2000000e-02
  vertex 1.8794354e-02 -2.7878790e-03 7.2000000e-02
  vertex 1.1870118e-02 -1.7607657e-03 7.2000000e-02
 endloop
endfacet
facet normal 0.000000e+00 0.000000e+00 1.000000e+00
 outer loop
  vertex 1.8794354e-02 -2.7878790e-03 7.2000000e-02
  vertex 1.1942217e-02 -1.1762057e-03 7.2000000e-02
  vertex 1.1870118e-02 -1.7607657e-03 7.2000000e-02
 endloop
endfacet
facet normal 0.000000e+00 -0.000000e+00 1.000000e+00
 outer loop
  vertex 1.8794354e-02 -2.7878790e-03 7.2000000e-02
  vertex 1.8908510e-02 -1.8623257e-03 7.2000000e-02
  vertex 1.1942217e-02 -1.1762057e-03 7.2000000e-02
 endloop
endfacet
facet normal 0.000000e+00 0.000000e+00 1.000000e+00
 outer loop
  vertex 1.8908510e-02 -1.8623257e-03 7.2000000e-02
  vertex 1.1985545e-02 -5.8881209e-04 7.2000000e-02
  vertex 1.1942217e-02 -1.1762057e-03 7.2000000e-02
 endloop
endfacet
facet normal 0.000000e+00 -0.000000e+00 1.000000e+00
 outer loop
  vertex 1.8908510e-02 -1.8623257e-03 7.2000000e-02
  vertex 1.8977114e-02 -9.3228581e-04 7.2000000e-02
  vertex 1.1985545e-02 -5.8881209e-04 7.2000000e-02
 endloop
endfacet
facet normal 0.000000e+00 0.000000e+00 1.000000e+00
 outer loop
  vertex 1.8977114e-02 -9.3228581e-04 7.2000000e-02
  vertex 1.2000000e-02 0.0000000e+00 7.2000000e-02
  vertex 1.1985545e-02 -5.8881209e-04 7.2000000e-02
 endloop
endfacet
facet normal 0.000000e+00 -0.000000e+00 1.000000e+00
 outer loop
  vertex 1.8977114e-02 -9.3228581e-04 7.2000000e-02
  vertex 1.9000000e-02 0.0000000e+00 7.2000000e-02
  vertex 1.2000000e-02 0.0000000e+00 7.2000000e-02
 endloop
endfacet
facet normal -9.996988e-01 -2.454123e-02 -0.000000e+00
 outer loop
  vertex 1.2000000e-02 0.0000000e+00 7.2000000e-02
  vertex 1.1985545e-02 5.8881209e-04 7.0000000e-02
  vertex 1.2000000e-02 0.0000000e+00 7.0000000e-02
 endloop
endfacet
facet normal -9.996988e-01 -2.454123e-02 0.000000e+00
 outer loop
  vertex 1.2000000e-02 0.0000000e+00 7.2000000e-02
  vertex 1.1985545e-02 5.8881209e-04 7.2000000e-02
  vertex 1.1985545e-02 5.8881209e-04 7.0000000e-02
 endloop
endfacet
facet normal -9.972905e-01 -7.356456e-02 -0.000000e+00
 outer loop
  vertex 1.1985545e-02 5.8881209e-04 7.2000000e-02
  vertex 1.1942217e-02 1.1762057e-03 7.0000000e-02
  vertex 1.1985545e-02 5.8881209e-04 7.0000000e-02
 endloop
endfacet
facet normal -9.972905e-01 -7.356456e-02 0.000000e+00
 outer loop
  vertex 1.1985545e-02 5.8881209e-04 7.2000000e-02
  vertex 1.1942217e-02 1.1762057e-03 7.2000000e-02
  vertex 1.1942217e-02 1.1762057e-03 7.0000000e-02
 endloop
endfacet
facet normal -9.924795e-01 -1.224107e-01 -0.000000e+00
 outer loop
  vertex 1.1942217e-02 1.1762057e-03 7.2000000e-02
  vertex 1.1870118e-02 1.7607657e-03 7.0000000e-02
  vertex 1.1942217e-02 1.1762057e-03 7.0000000e-02
 endloop
endfacet
facet normal -9.924795e-01 -1.224107e-01 0.000000e+00
 outer loop
  vertex 1.1942217e-02 1.1762057e-03 7.2000000e-02
  vertex 1.1870118e-02 1.7607657e-03 7.2000000e-02
  vertex 1.1870118e-02 1.7607657e-03 7.0000000e-02
 endloop
endfacet
facet normal -9.852776e-01 -1.709619e-01 -0.000000e+00
 outer loop
  vertex 1.1870118e-02 1.7607657e-03 7.2000000e-02
  vertex 1.1769423e-02 2.3410839e-03 7.0000000e-02
  vertex 1.1870118e-02 1.7607657e-03 7.0000000e-02
 endloop
endfacet
facet normal -9.852776e-01 -1.709619e-01 0.000000e+00
 outer loop
  vertex 1.1870118e-02 1.7607657e-03 7.2000000e-02
  vertex 1.1769423e-02 2.3410839e-03 7.2000000e-02
  vertex 1.1769423e-02 2.3410839e-03 7.0000000e-02
 endloop
endfacet
facet normal -9.757021e-01 -2.191012e-01 -0.000000e+00
 outer loop
  vertex 1.1769423e-02 2.3410839e-03 7.2000000e-02
  vertex 1.1640375e-02 2.9157622e-03 7.0000000e-02
  vertex 1.1769423e-02 2.3410839e-03 7.0000000e-02
 endloop
endfacet
facet normal -9.757021e-01 -2.191012e-01 0.000000e+00
 outer loop
  vertex 1.1769423e-02 2.3410839e-03 7.2000000e-02
  vertex 1.1640375e-02 2.9157622e-03 7.2000000e-02
  vertex 1.1640375e-02 2.9157622e-03 7.0000000e-02
 endloop
endfacet
facet normal -9.637761e-01 -2.667128e-01 -0.000000e+00
 outer loop
  vertex 1.1640375e-02 2.9157622e-03 7.2000000e-02
  vertex 1.1483284e-02 3.4834161e-03 7.0000000e-02
  vertex 1.1640375e-02 2.9157622e-03 7.0000000e-02
 endloop
endfacet
facet normal -9.637761e-01 -2.667128e-01 0.000000e+00
 outer loop
  vertex 1.1640375e-02 2.9157622e-03 7.2000000e-02
  vertex 1.1483284e-02 3.4834161e-03 7.2000000e-02
  vertex 1.1483284e-02 3.4834161e-03 7.0000000e-02
 endloop
endfacet
facet normal -9.495282e-01 -3.136817e-01 -0.000000e+00
 outer loop
  vertex 1.1483284e-02 3.4834161e-03 7.2000000e-02
  vertex 1.1298529e-02 4.0426782e-03 7.0000000e-02
  vertex 1.1483284e-02 3.4834161e-03 7.0000000e-02
 endloop
endfacet
facet normal -9.495282e-01 -3.136817e-01 0.000000e+00
 outer loop
  vertex 1.1483284e-02 3.4834161e-03 7.2000000e-02
  vertex 1.1298529e-02 4.0426782e-03 7.2000000e-02
  vertex 1.1298529e-02 4.0426782e-03 7.0000000e-02
 endloop
endfacet
facet normal -9.329928e-01 -3.598950e-01 -0.000000e+00
 outer loop
  vertex 1.1298529e-02 4.0426782e-03 7.2000000e-02
  vertex 1.1086554e-02 4.5922012e-03 7.0000000e-02
  vertex 1.1298529e-02 4.0426782e-03 7.0000000e-02
 endloop
endfacet
facet normal -9.329928e-01 -3.598950e-01 0.000000e+00
 outer loop
  vertex 1.1298529e-02 4.0426782e-03 7.2000000e-02
  vertex 1.1086554e-02 4.5922012e-03 7.2000000e-02
  vertex 1.1086554e-02 4.5922012e-03 7.0000000e-02
 endloop
endfacet
facet normal -9.142098e-01 -4.052413e-01 -0.000000e+00
 outer loop
  vertex 1.1086554e-02 4.5922012e-03 7.2000000e-02
  vertex 1.0847872e-02 5.1306611e-03 7.0000000e-02
  vertex 1.1086554e-02 4.5922012e-03 7.0000000e-02
 endloop
endfacet
facet normal -9.142098e-01 -4.052413e-01 0.000000e+00
 outer loop
  vertex 1.1086554e-02 4.5922012e-03 7.2000000e-02
  vertex 1.0847872e-02 5.1306611e-03 7.2000000e-02
  vertex 1.0847872e-02 5.1306611e-03 7.0000000e-02
 endloop
endfacet
facet normal -8.932243e-01 -4.496113e-01 -0.000000e+00
 outer loop
  vertex 1.0847872e-02 5.1306611e-03 7.2000000e-02
  vertex 1.0583055e-02 5.6567608e-03 7.0000000e-02
  vertex 1.0847872e-02 5.1306611e-03 7.0000000e-02
 endloop
endfacet
facet normal -8.932243e-01 -4.496113e-01 0.000000e+00
 outer loop
  vertex 1.0847872e-02 5.1306611e-03 7.2000000e-02
  vertex 1.0583055e-02 5.6567608e-03 7.2000000e-02
  vertex 1.0583055e-02 5.6567608e-03 7.0000000e-02
 endloop
endfacet
facet normal -8.700870e-01 -4.928982e-01 -0.000000e+00
 outer loop
  vertex 1.0583055e-02 5.6567608e-03 7.2000000e-02
  vertex 1.0292743e-02 6.1692329e-03 7.0000000e-02
  vertex 1.0583055e-02 5.6567608e-03 7.0000000e-02
 endloop
endfacet
facet normal -8.700870e-01 -4.928982e-01 0.000000e+00
 outer loop
  vertex 1.0583055e-02 5.6567608e-03 7.2000000e-02
  vertex 1.0292743e-02 6.1692329e-03 7.2000000e-02
  vertex 1.0292743e-02 6.1692329e-03 7.0000000e-02
 endloop
endfacet
facet normal -8.448536e-01 -5.349976e-01 -0.000000e+00
 outer loop
  vertex 1.0292743e-02 6.1692329e-03 7.2000000e-02
  vertex 9.9776353e-03 6.6668428e-03 7.0000000e-02
  vertex 1.0292743e-02 6.1692329e-03 7.0000000e-02
 endloop
endfacet
facet normal -8.448536e-01 -5.349976e-01 0.000000e+00
 outer loop
  vertex 1.0292743e-02 6.1692329e-03 7.2000000e-02
  vertex 9.9776353e-03 6.6668428e-03 7.2000000e-02
  vertex 9.9776353e-03 6.6668428e-03 7.0000000e-02
 endloop
endfacet
facet normal -8.175848e-01 -5.758082e-01 -0.000000e+00
 outer loop
  vertex 9.9776353e-03 6.6668428e-03 7.2000000e-02
  vertex 9.6384904e-03 7.1483917e-03 7.0000000e-02
  vertex 9.9776353e-03 6.6668428e-03 7.0000000e-02
 endloop
endfacet
facet normal -8.175848e-01 -5.758082e-01 0.000000e+00
 outer loop
  vertex 9.9776353e-03 6.6668428e-03 7.2000000e-02
  vertex 9.6384904e-03 7.1483917e-03 7.2000000e-02
  vertex 9.6384904e-03 7.1483917e-03 7.0000000e-02
 endloop
endfacet
facet normal -7.883464e-01 -6.152316e-01 -0.000000e+00
 outer loop
  vertex 9.6384904e-03 7.1483917e-03 7.2000000e-02
  vertex 9.2761254e-03 7.6127194e-03 7.0000000e-02
  vertex 9.6384904e-03 7.1483917e-03 7.0000000e-02
 endloop
endfacet
facet normal -7.883464e-01 -6.152316e-01 0.000000e+00
 outer loop
  vertex 9.6384904e-03 7.1483917e-03 7.2000000e-02
  vertex 9.2761254e-03 7.6127194e-03 7.2000000e-02
  vertex 9.2761254e-03 7.6127194e-03 7.0000000e-02
 endloop
endfacet
facet normal -7.572088e-01 -6.531728e-01 -0.000000e+00
 outer loop
  vertex 9.2761254e-03 7.6127194e-03 7.2000000e-02
  vertex 8.8914135e-03 8.0587075e-03 7.0000000e-02
  vertex 9.2761254e-03 7.6127194e-03 7.0000000e-02
 endloop
endfacet
facet normal -7.572088e-01 -6.531728e-01 0.000000e+00
 outer loop
  vertex 9.2761254e-03 7.6127194e-03 7.2000000e-02
  vertex 8.8914135e-03 8.0587075e-03 7.2000000e-02
  vertex 8.8914135e-03 8.0587075e-03 7.0000000e-02
 endloop
endfacet
facet normal -7.242471e-01 -6.895405e-01 -0.000000e+00
 outer loop
  vertex 8.8914135e-03 8.0587075e-03 7.2000000e-02
  vertex 8.4852814e-03 8.4852814e-03 7.0000000e-02
  vertex 8.8914135e-03 8.0587075e-03 7.0000000e-02
 endloop
endfacet
facet normal -7.242471e-01 -6.895405e-01 0.000000e+00
 outer loop
  vertex 8.8914135e-03 8.0587075e-03 7.2000000e-02
  vertex 8.4852814e-03 8.4852814e-03 7.2000000e-02
  vertex 8.4852814e-03 8.4852814e-03 7.0000000e-02
 endloop
endfacet
facet normal -6.895405e-01 -7.242471e-01 -0.000000e+00
 outer loop
  vertex 8.4852814e-03 8.4852814e-03 7.2000000e-02
  vertex 8.0587075e-03 8.8914135e-03 7.0000000e-02
  vertex 8.4852814e-03 8.4852814e-03 7.0000000e-02
 endloop
endfacet
facet normal -6.895405e-01 -7.242471e-01 0.000000e+00
 outer loop
  vertex 8.4852814e-03 8.4852814e-03 7.2000000e-02
  vertex 8.0587075e-03 8.8914135e-03 7.2000000e-02
  vertex 8.0587075e-03 8.8914135e-03 7.0000000e-02
 endloop
endfacet
facet normal -6.531728e-01 -7.572088e-01 -0.000000e+00
 outer loop
  vertex 8.0587075e-03 8.8914135e-03 7.2000000e-02
  vertex 7.6127194e-03 9.2761254e-03 7.0000000e-02
  vertex 8.0587075e-03 8.8914135e-03 7.0000000e-02
 endloop
endfacet
facet normal -6.531728e-01 -7.572088e-01 0.000000e+00
 outer loop
  vertex 8.0587075e-03 8.8914135e-03 7.2000000e-02
  vertex 7.6127194e-03 9.2761254e-03 7.2000000e-02
  vertex 7.6127194e-03 9.2761254e-03 7.0000000e-02
 endloop
endfacet
facet normal -6.152316e-01 -7.883464e-01 -0.000000e+00
 outer loop
  vertex 7.6127194e-03 9.2761254e-03 7.2000000e-02
  vertex 7.1483917e-03 9.6384904e-03 7.0000000e-02
  vertex 7.6127194e-03 9.2761254e-03 7.0000000e-02
 endloop
endfacet
facet normal -6.152316e-01 -7.883464e-01 0.000000e+00
 outer loop
  vertex 7.6127194e-03 9.2761254e-03 7.2000000e-02
  vertex 7.1483917e-03 9.6384904e-03 7.2000000e-02
  vertex 7.1483917e-03 9.6384904e-03 7.0000000e-02
 endloop
endfacet
facet normal -5.758082e-01 -8.175848e-01 -0.000000e+00
 outer loop
  vertex 7.1483917e-03 9.6384904e-03 7.2000000e-02
  vertex 6.6668428e-03 9.9776353e-03 7.0000000e-02
  vertex 7.1483917e-03 9.6384904e-03 7.0000000e-02
 endloop
endfacet
facet normal -5.758082e-01 -8.175848e-01 0.000000e+00
 outer loop
  vertex 7.1483917e-03 9.6384904e-03 7.2000000e-02
  vertex 6.6668428e-03 9.9776353e-03 7.2000000e-02
  vertex 6.6668428e-03 9.9776353e-03 7.0000000e-02
 endloop
endfacet
facet normal -5.349976e-01 -8.448536e-01 -0.000000e+00
 outer loop
  vertex 6.6668428e-03 9.9776353e-03 7.2000000e-02
  vertex 6.1692329e-03 1.0292743e-02 7.0000000e-02
  vertex 6.6668428e-03 9.9776353e-03 7.0000000e-02
 endloop
endfacet
facet normal -5.349976e-01 -8.448536e-01 0.000000e+00
 outer loop
  vertex 6.6668428e-03 9.9776353e-03 7.2000000e-02
  vertex 6.1692329e-03 1.0292743e-02 7.2000000e-02
  vertex 6.1692329e-03 1.0292743e-02 7.0000000e-02
 endloop
endfacet
facet normal -4.928982e-01 -8.700870e-01 -0.000000e+00
 outer loop
  vertex 6.1692329e-03 1.0292743e-02 7.2000000e-02
  vertex 5.6567608e-03 1.0583055e-02 7.0000000e-02
  vertex 6.1692329e-03 1.0292743e-02 7.0000000e-02
 endloop
endfacet
facet normal -4.928982e-01 -8.700870e-01 0.000000e+00
 outer loop
  vertex 6.1692329e-03 1.0292743e-02 7.2000000e-02
  vertex 5.6567608e-03 1.0583055e-02 7.2000000e-02
  vertex 5.6567608e-03 1.0583055e-02 7.0000000e-02
 endloop
endfacet
facet normal -4.496113e-01 -8.932243e-01 -0.000000e+00
 outer loop
  vertex 5.6567608e-03 1.0583055e-02 7.2000000e-02
  vertex 5.1306611e-03 1.0847872e-02 7.0000000e-02
  vertex 5.6567608e-03 1.0583055e-02 7.0000000e-02
 endloop
endfacet
facet normal -4.496113e-01 -8.932243e-01 0.000000e+00
 outer loop
  vertex 5.6567608e-03 1.0583055e-02 7.2000000e-02
  vertex 5.1306611e-03 1.0847872e-02 7.2000000e-02
  vertex 5.1306611e-03 1.0847872e-02 7.0000000e-02
 endloop
endfacet
facet normal -4.052413e-01 -9.142098e-01 -0.000000e+00
 outer loop
  vertex 5.1306611e-03 1.0847872e-02 7.2000000e-02
  vertex 4.5922012e-03 1.1086554e-02 7.0000000e-02
  vertex 5.1306611e-03 1.0847872e-02 7.0000000e-02
 endloop
endfacet
facet normal -4.052413e-01 -9.142098e-01 0.000000e+00
 outer loop
  vertex 5.1306611e-03 1.0847872e-02 7.2000000e-02
  vertex 4.5922012e-03 1.1086554e-02 7.2000000e-02
  vertex 4.5922012e-03 1.1086554e-02 7.0000000e-02
 endloop
endfacet
facet normal -3.598950e-01 -9.329928e-01 -0.000000e+00
 outer loop
  vertex 4.5922012e-03 1.1086554e-02 7.2000000e-02
  vertex 4.0426782e-03 1.1298529e-02 7.0000000e-02
  vertex 4.5922012e-03 1.1086554e-02 7.0000000e-02
 endloop
endfacet
facet normal -3.598950e-01 -9.329928e-01 0.000000e+00
 outer loop
  vertex 4.5922012e-03 1.1086554e-02 7.2000000e-02
  vertex 4.0426782e-03 1.1298529e-02 7.2000000e-02
  vertex 4.0426782e-03 1.1298529e-02 7.0000000e-02
 endloop
endfacet
facet normal -3.136817e-01 -9.495282e-01 -0.000000e+00
 outer loop
  vertex 4.0426782e-03 1.1298529e-02 7.2000000e-02
  vertex 3.4834161e-03 1.1483284e-02 7.0000000e-02
  vertex 4.0426782e-03 1.1298529e-02 7.0000000e-02
 endloop
endfacet
facet normal -3.136817e-01 -9.495282e-01 0.000000e+00
 outer loop
  vertex 4.0426782e-03 1.1298529e-02 7.2000000e-02
  vertex 3.4834161e-03 1.1483284e-02 7.2000000e-02
  vertex 3.4834161e-03 1.1483284e-02 7.0000000e-02
 endloop
endfacet
facet normal -2.667128e-01 -9.637761e-01 -0.000000e+00
 outer loop
  vertex 3.4834161e-03 1.1483284e-02 7.2000000e-02
  vertex 2.9157622e-03 1.1640375e-02 7.0000000e-02
  vertex 3.4834161e-03 1.1483284e-02 7.0000000e-02
 endloop
endfacet
facet normal -2.667128e-01 -9.637761e-01 0.000000e+00
 outer loop
  vertex 3.4834161e-03 1.1483284e-02 7.2000000e-02
  vertex 2.9157622e-03 1.1640375e-02 7.2000000e-02
  vertex 2.9157622e-03 1.1640375e-02 7.0000000e-02
 endloop
endfacet
facet normal -2.191012e-01 -9.757021e-01 -0.000000e+00
 outer loop
  vertex 2.9157622e-03 1.1640375e-02 7.2000000e-02
  vertex 2.3410839e-03 1.1769423e-02 7.0000000e-02
  vertex 2.9157622e-03 1.1640375e-02 7.0000000e-02
 endloop
endfacet
facet normal -2.191012e-01 -9.757021e-01 0.000000e+00
 outer loop
  vertex 2.9157622e-03 1.1640375e-02 7.2000000e-02
  vertex 2.3410839e-03 1.1769423e-02 7.2000000e-02
  vertex 2.3410839e-03 1.1769423e-02 7.0000000e-02
 endloop
endfacet
facet normal -1.709619e-01 -9.852776e-01 -0.000000e+00
 outer loop
  vertex 2.3410839e-03 1.1769423e-02 7.2000000e-02
  vertex 1.7607657e-03 1.1870118e-02 7.0000000e-02
  vertex 2.3410839e-03 1.1769423e-02 7.0000000e-02
 endloop
endfacet
facet normal -1.709619e-01 -9.852776e-01 0.000000e+00
 outer loop
  vertex 2.3410839e-03 1.1769423e-02 7.2000000e-02
  vertex 1.7607657e-03 1.1870118e-02 7.2000000e-02
  vertex 1.7607657e-03 1.1870118e-02 7.0000000e-02
 endloop
endfacet
facet normal -1.224107e-01 -9.924795e-01 -0.000000e+00
 outer loop
  vertex 1.7607657e-03 1.1870118e-02 7.2000000e-02
  vertex 1.1762057e-03 1.1942217e-02 7.0000000e-02
  vertex 1.7607657e-03 1.1870118e-02 7.0000000e-02
 endloop
endfacet
facet normal -1.224107e-01 -9.924795e-01 0.000000e+00
 outer loop
  vertex 1.7607657e-03 1.1870118e-02 7.2000000e-02
  vertex 1.1762057e-03 1.1942217e-02 7.2000000e-02
  vertex 1.1762057e-03 1.1942217e-02 7.0000000e-02
 endloop
endfacet
facet normal -7.356456e-02 -9.972905e-01 -0.000000e+00
 outer loop
  vertex 1.1762057e-03 1.1942217e-02 7.2000000e-02
  vertex 5.8881209e-04 1.1985545e-02 7.0000000e-02
  vertex 1.1762057e-03 1.1942217e-02 7.0000000e-02
 endloop
endfacet
facet normal -7.356456e-02 -9.972905e-01 0.000000e+00
 outer loop
  vertex 1.1762057e-03 1.1942217e-02 7.2000000e-02
  vertex 5.8881209e-04 1.1985545e-02 7.2000000e-02
  vertex 5.8881209e-04 1.1985545e-02 7.0000000e-02
 endloop
endfacet
facet normal -2.454123e-02 -9.996988e-01 -0.000000e+00
 outer loop
  vertex 5.8881209e-04 1.1985545e-02 7.2000000e-02
  vertex 7.3478808e-19 1.2000000e-02 7.0000000e-02
  vertex 5.8881209e-04 1.1985545e-02 7.0000000e-02
 endloop
endfacet
facet normal -2.454123e-02 -9.996988e-01 0.000000e+00
 outer loop
  vertex 5.8881209e-04 1.1985545e-02 7.2000000e-02
  vertex 7.3478808e-19 1.2000000e-02 7.2000000e-02
  vertex 7.3478808e-19 1.2000000e-02 7.0000000e-02
 endloop
endfacet
facet normal 2.454123e-02 -9.996988e-01 0.000000e+00
 outer loop
  vertex 7.3478808e-19 1.2000000e-02 7.2000000e-02
  vertex -5.8881209e-04 1.1985545e-02 7.0000000e-02
  vertex 7.3478808e-19 1.2000000e-02 7.0000000e-02
 endloop
endfacet
facet normal 2.454123e-02 -9.996988e-01 0.000000e+00
 outer loop
  vertex 7.3478808e-19 1.2000000e-02 7.2000000e-02
  vertex -5.8881209e-04 1.1985545e-02 7.2000000e-02
  vertex -5.8881209e-04 1.1985545e-02 7.0000000e-02
 endloop
endfacet
facet normal 7.356456e-02 -9.972905e-01 0.000000e+00
 outer loop
  vertex -5.8881209e-04 1.1985545e-02 7.2000000e-02
  vertex -1.1762057e-03 1.1942217e-02 7.0000000e-02
  vertex -5.8881209e-04 1.1985545e-02 7.0000000e-02
 endloop
endfacet
facet normal 7.356456e-02 -9.972905e-01 0.000000e+00
 outer loop
  vertex -5.8881209e-04 1.1985545e-02 7.2000000e-02
  vertex -1.1762057e-03 1.1942217e-02 7.2000000e-02
  vertex -1.1762057e-03 1.1942217e-02 7.0000000e-02
 endloop
endfacet
facet normal 1.224107e-01 -9.924795e-01 0.000000e+00
 outer loop
  vertex -1.1762057e-03 1.1942217e-02 7.2000000e-02
  vertex -1.7607657e-03 1.1870118e-02 7.0000000e-02
  vertex -1.1762057e-03 1.1942217e-02 7.0000000e-02
 endloop
endfacet
facet normal 1.224107e-01 -9.924795e-01 0.000000e+00
 outer loop
  vertex -1.1762057e-03 1.1942217e-02 7.2000000e-02
  vertex -1.7607657e-03 1.1870118e-02 7.2000000e-02
  vertex -1.7607657e-03 1.1870118e-02 7.0000000e-02
 endloop
endfacet
facet normal 1.709619e-01 -9.852776e-01 0.000000e+00
 outer loop
  vertex -1.7607657e-03 1.1870118e-02 7.2000000e-02
  vertex -2.3410839e-03 1.1769423e-02 7.0000000e-02
  vertex -1.7607657e-03 1.1870118e-02 7.0000000e-02
 endloop
endfacet
facet normal 1.709619e-01 -9.852776e-01 0.000000e+00
 outer loop
  vertex -1.7607657e-03 1.1870118e-02 7.2000000e-02
  vertex -2.3410839e-03 1.1769423e-02 7.2000000e-02
  vertex -2.3410839e-03 1.1769423e-02 7.0000000e-02
 endloop
endfacet
facet normal 2.191012e-01 -9.757021e-01 0.000000e+00
 outer loop
  vertex -2.3410839e-03 1.1769423e-02 7.2000000e-02
  vertex -2.9157622e-03 1.1640375e-02 7.0000000e-02
  vertex -2.3410839e-03 1.1769423e-02 7.0000000e-02
 endloop
endfacet
facet normal 2.191012e-01 -9.757021e-01 0.000000e+00
 outer loop
  vertex -2.3410839e-03 1.1769423e-02 7.2000000e-02
  vertex -2.9157622e-03 1.1640375e-02 7.2000000e-02
  vertex -2.9157622e-03 1.1640375e-02 7.0000000e-02
 endloop
endfacet
facet normal 2.667128e-01 -9.637761e-01 0.000000e+00
 outer loop
  vertex -2.9157622e-03 1.1640375e-02 7.2000000e-02
  vertex -3.4834161e-03 1.1483284e-02 7.0000000e-02
  vertex -2.9157622e-03 1.1640375e-02 7.0000000e-02
 endloop
endfacet
facet normal 2.667128e-01 -9.637761e-01 0.000000e+00
 outer loop
  vertex -2.9157622e-03 1.1640375e-02 7.2000000e-02
  vertex -3.4834161e-03 1.1483284e-02 7.2000000e-02
  vertex -3.4834161e-03 1.1483284e-02 7.0000000e-02
 endloop
endfacet
facet normal 3.136817e-01 -9.495282e-01 0.000000e+00
 outer loop
  vertex -3.4834161e-03 1.1483284e-02 7.2000000e-02
  vertex -4.0426782e-03 1.1298529e-02 7.0000000e-02
  vertex -3.4834161e-03 1.1483284e-02 7.0000000e-02
 endloop
endfacet
facet normal 3.136817e-01 -9.495282e-01 0.000000e+00
 outer loop
  vertex -3.4834161e-03 1.1483284e-02 7.2000000e-02
  vertex -4.0426782e-03 1.1298529e-02 7.2000000e-02
  vertex -4.0426782e-03 1.1298529e-02 7.0000000e-02
 endloop
endfacet
facet normal 3.598950e-01 -9.329928e-01 0.000000e+00
 outer loop
  vertex -4.0426782e-03 1.1298529e-02 7.2000000e-02
  vertex -4.5922012e-03 1.1086554e-02 7.0000000e-02
  vertex -4.0426782e-03 1.1298529e-02 7.0000000e-02
 endloop
endfacet
facet normal 3.598950e-01 -9.329928e-01 0.000000e+00
 outer loop
  vertex -4.0426782e-03 1.1298529e-02 7.2000000e-02
  vertex -4.5922012e-03 1.1086554e-02 7.2000000e-02
  vertex -4.5922012e-03 1.1086554e-02 7.0000000e-02
 endloop
endfacet
facet normal 4.052413e-01 -9.142098e-01 0.000000e+00
 outer loop
  vertex -4.5922012e-03 1.1086554e-02 7.2000000e-02
  vertex -5.1306611e-03 1.0847872e-02 7.0000000e-02
  vertex -4.5922012e-03 1.1086554e-02 7.0000000e-02
 endloop
endfacet
facet normal 4.052413e-01 -9.142098e-01 0.000000e+00
 outer loop
  vertex -4.5922012e-03 1.1086554e-02 7.2000000e-02
  vertex -5.1306611e-03 1.0847872e-02 7.2000000e-02
  vertex -5.1306611e-03 1.0847872e-02 7.0000000e-02
 endloop
endfacet
facet normal 4.496113e-01 -8.932243e-01 0.000000e+00
 outer loop
  vertex -5.1306611e-03 1.0847872e-02 7.2000000e-02
  vertex -5.6567608e-03 1.0583055e-02 7.0000000e-02
  vertex -5.1306611e-03 1.0847872e-02 7.0000000e-02
 endloop
endfacet
facet normal 4.496113e-01 -8.932243e-01 0.000000e+00
 outer loop
  vertex -5.1306611e-03 1.0847872e-02 7.2000000e-02
  vertex -5.6567608e-03 1.0583055e-02 7.2000000e-02
  vertex -5.6567608e-03 1.0583055e-02 7.0000000e-02
 endloop
endfacet
facet normal 4.928982e-01 -8.700870e-01 0.000000e+00
 outer loop
  vertex -5.6567608e-03 1.0583055e-02 7.2000000e-02
  vertex -6.1692329e-03 1.0292743e-02 7.0000000e-02
  vertex -5.6567608e-03 1.0583055e-02 7.0000000e-02
 endloop
endfacet
facet normal 4.928982e-01 -8.700870e-01 0.000000e+00
 outer loop
  vertex -5.6567608e-03 1.0583055e-02 7.2000000e-02
  vertex -6.1692329e-03 1.0292743e-02 7.2000000e-02
  vertex -6.1692329e-03 1.0292743e-02 7.0000000e-02
 endloop
endfacet
facet normal 5.349976e-01 -8.448536e-01 0.000000e+00
 outer loop
  vertex -6.1692329e-03 1.0292743e-02 7.2000000e-02
  vertex -6.6668428e-03 9.9776353e-03 7.0000000e-02
  vertex -6.1692329e-03 1.0292743e-02 7.0000000e-02
 endloop
endfacet
facet normal 5.349976e-01 -8.448536e-01 0.000000e+00
 outer loop
  vertex -6.1692329e-03 1.0292743e-02 7.2000000e-02
  vertex -6.6668428e-03 9.9776353e-03 7.2000000e-02
  vertex -6.6668428e-03 9.9776353e-03 7.0000000e-02
 endloop
endfacet
facet normal 5.758082e-01 -8.175848e-01 0.000000e+00
 outer loop
  vertex -6.6668428e-03 9.9776353e-03 7.2000000e-02
  vertex -7.1483917e-03 9.6384904e-03 7.0000000e-02
  vertex -6.6668428e-03 9.9776353e-03 7.0000000e-02
 endloop
endfacet
facet normal 5.758082e-01 -8.175848e-01 0.000000e+00
 outer loop
  vertex -6.6668428e-03 9.9776353e-03 7.2000000e-02
  vertex -7.1483917e-03 9.6384904e-03 7.2000000e-02
  vertex -7.1483917e-03 9.6384904e-03 7.0000000e-02
 endloop
endfacet
facet normal 6.152316e-01 -7.883464e-01 0.000000e+00
 outer loop
  vertex -7.1483917e-03 9.6384904e-03 7.2000000e-02
  vertex -7.6127194e-03 9.2761254e-03 7.0000000e-02
  vertex -7.1483917e-03 9.6384904e-03 7.0000000e-02
 endloop
endfacet
facet normal 6.152316e-01 -7.883464e-01 0.000000e+00
 outer loop
  vertex -7.1483917e-03 9.6384904e-03 7.2000000e-02
  vertex -7.6127194e-03 9.2761254e-03 7.2000000e-02
  vertex -7.6127194e-03 9.2761254e-03 7.0000000e-02
 endloop
endfacet
facet normal 6.531728e-01 -7.572088e-01 0.000000e+00
 outer loop
  vertex -7.6127194e-03 9.2761254e-03 7.2000000e-02
  vertex -8.0587075e-03 8.8914135e-03 7.0000000e-02
  vertex -7.6127194e-03 9.2761254e-03 7.0000000e-02
 endloop
endfacet
facet normal 6.531728e-01 -7.572088e-01 0.000000e+00
 outer loop
  vertex -7.6127194e-03 9.2761254e-03 7.2000000e-02
  vertex -8.0587075e-03 8.8914135e-03 7.2000000e-02
  vertex -8.0587075e-03 8.8914135e-03 7.0000000e-02
 endloop
endfacet
facet normal 6.895405e-01 -7.242471e-01 0.000000e+00
 outer loop
  vertex -8.0587075e-03 8.8914135e-03 7.2000000e-02
  vertex -8.4852814e-03 8.4852814e-03 7.0000000e-02
  vertex -8.0587075e-03 8.8914135e-03 7.0000000e-02
 endloop
endfacet
facet normal 6.895405e-01 -7.242471e-01 0.000000e+00
 outer loop
  vertex -8.0587075e-03 8.8914135e-03 7.2000000e-02
  vertex -8.4852814e-03 8.4852814e-03 7.2000000e-02
  vertex -8.4852814e-03 8.4852814e-03 7.0000000e-02
 endloop
endfacet
facet normal 7.242471e-01 -6.895405e-01 0.000000e+00
 outer loop
  vertex -8.4852814e-03 8.4852814e-03 7.2000000e-02
  vertex -8.8914135e-03 8.0587075e-03 7.0000000e-02
  vertex -8.4852814e-03 8.4852814e-03 7.0000000e-02
 endloop
endfacet
facet normal 7.242471e-01 -6.895405e-01 0.000000e+00
 outer loop
  vertex -8.4852814e-03 8.4852814e-03 7.2000000e-02
  vertex -8.8914135e-03 8.0587075e-03 7.2000000e-02
  vertex -8.8914135e-03 8.0587075e-03 7.0000000e-02
 endloop
endfacet
facet normal 7.572088e-01 -6.531728e-01 0.000000e+00
 outer loop
  vertex -8.8914135e-03 8.0587075e-03 7.2000000e-02
  vertex -9.2761254e-03 7.6127194e-03 7.0000000e-02
  vertex -8.8914135e-03 8.0587075e-03 7.0000000e-02
 endloop
endfacet
facet normal 7.572088e-01 -6.531728e-01 0.000000e+00
 outer loop
  vertex -8.8914135e-03 8.0587075e-03 7.2000000e-02
  vertex -9.2761254e-03 7.6127194e-03 7.2000000e-02
  vertex -9.2761254e-03 7.6127194e-03 7.0000000e-02
 endloop
endfacet
facet normal 7.883464e-01 -6.152316e-01 0.000000e+00
 outer loop
  vertex -9.2761254e-03 7.6127194e-03 7.2000000e-02
  vertex -9.6384904e-03 7.1483917e-03 7.0000000e-02
  vertex -9.2761254e-03 7.6127194e-03 7.0000000e-02
 endloop
endfacet
facet normal 7.883464e-01 -6.152316e-01 0.000000e+00
 outer loop
  vertex -9.2761254e-03 7.6127194e-03 7.2000000e-02
  vertex -9.6384904e-03 7.1483917e-03 7.2000000e-02
  vertex -9.6384904e-03 7.1483917e-03 7.0000000e-02
 endloop
endfacet
facet normal 8.175848e-01 -5.758082e-01 0.000000e+00
 outer loop
  vertex -9.6384904e-03 7.1483917e-03 7.2000000e-02
  vertex -9.9776353e-03 6.6668428e-03 7.0000000e-02
  vertex -9.6384904e-03 7.1483917e-03 7.0000000e-02
 endloop
endfacet
facet normal 8.175848e-01 -5.758082e-01 0.000000e+00
 outer loop
  vertex -9.6384904e-03 7.1483917e-03 7.2000000e-02
  vertex -9.9776353e-03 6.6668428e-03 7.2000000e-02
  vertex -9.9776353e-03 6.6668428e-03 7.0000000e-02
 endloop
endfacet
facet normal 8.448536e-01 -5.349976e-01 0.000000e+00
 outer loop
  vertex -9.9776353e-03 6.6668428e-03 7.2000000e-02
  vertex -1.0292743e-02 6.1692329e-03 7.0000000e-02
  vertex -9.9776353e-03 6.6668428e-03 7.0000000e-02
 endloop
endfacet
facet normal 8.448536e-01 -5.349976e-01 0.000000e+00
 outer loop
  vertex -9.9776353e-03 6.6668428e-03 7.2000000e-02
  vertex -1.0292743e-02 6.1692329e-03 7.2000000e-02
  vertex -1.0292743e-02 6.1692329e-03 7.0000000e-02
 endloop
endfacet
facet normal 8.700870e-01 -4.928982e-01 0.000000e+00
 outer loop
  vertex -1.0292743e-02 6.1692329e-03 7.2000000e-02
  vertex -1.0583055e-02 5.6567608e-03 7.0000000e-02
  vertex -1.0292743e-02 6.1692329e-03 7.0000000e-02
 endloop
endfacet
facet normal 8.700870e-01 -4.928982e-01 0.000000e+00
 outer loop
  vertex -1.0292743e-02 6.1692329e-03 7.2000000e-02
  vertex -1.0583055e-02 5.6567608e-03 7.2000000e-02
  vertex -1.0583055e-02 5.6567608e-03 7.0000000e-02
 endloop
endfacet
facet normal 8.932243e-01 -4.496113e-01 0.000000e+00
 outer loop
  vertex -1.0583055e-02 5.6567608e-03 7.2000000e-02
  vertex -1.0847872e-02 5.1306611e-03 7.0000000e-02
  vertex -1.0583055e-02 5.6567608e-03 7.0000000e-02
 endloop
endfacet
facet normal 8.932243e-01 -4.496113e-01 0.000000e+00
 outer loop
  vertex -1.0583055e-02 5.6567608e-03 7.2000000e-02
  vertex -1.0847872e-02 5.1306611e-03 7.2000000e-02
  vertex -1.0847872e-02 5.1306611e-03 7.0000000e-02
 endloop
endfacet
facet normal 9.142098e-01 -4.052413e-01 0.000000e+00
 outer loop
  vertex -1.0847872e-02 5.1306611e-03 7.2000000e-02
  vertex -1.1086554e-02 4.5922012e-03 7.0000000e-02
  vertex -1.0847872e-02 5.1306611e-03 7.0000000e-02
 endloop
endfacet
facet normal 9.142098e-01 -4.052413e-01 0.000000e+00
 outer loop
  vertex -1.0847872e-02 5.1306611e-03 7.2000000e-02
  vertex -1.1086554e-02 4.5922012e-03 7.2000000e-02
  vertex -1.1086554e-02 4.5922012e-03 7.0000000e-02
 endloop
endfacet
facet normal 9.329928e-01 -3.598950e-01 0.000000e+00
 outer loop
  vertex -1.1086554e-02 4.5922012e-03 7.2000000e-02
  vertex -1.1298529e-02 4.0426782e-03 7.0000000e-02
  vertex -1.1086554e-02 4.5922012e-03 7.0000000e-02
 endloop
endfacet
facet normal 9.329928e-01 -3.598950e-01 0.000000e+00
 outer loop
  vertex -1.1086554e-02 4.5922012e-03 7.2000000e-02
  vertex -1.1298529e-02 4.0426782e-03 7.2000000e-02
  vertex -1.1298529e-02 4.0426782e-03 7.0000000e-02
 endloop
endfacet
facet normal 9.495282e-01 -3.136817e-01 0.000000e+00
 outer loop
  vertex -1.1298529e-02 4.0426782e-03 7.2000000e-02
  vertex -1.1483284e-02 3.4834161e-03 7.0000000e-02
  vertex -1.1298529e-02 4.0426782e-03 7.0000000e-02
 endloop
endfacet
facet normal 9.495282e-01 -3.136817e-01 0.000000e+00
 outer loop
  vertex -1.1298529e-02 4.0426782e-03 7.2000000e-02
  vertex -1.1483284e-02 3.4834161e-03 7.2000000e-02
  vertex -1.1483284e-02 3.4834161e-03 7.0000000e-02
 endloop
endfacet
facet normal 9.637761e-01 -2.667128e-01 0.000000e+00
 outer loop
  vertex -1.1483284e-02 3.4834161e-03 7.2000000e-02
  vertex -1.1640375e-02 2.9157622e-03 7.0000000e-02
  vertex -1.1483284e-02 3.4834161e-03 7.0000000e-02
 endloop
endfacet
facet normal 9.637761e-01 -2.667128e-01 0.000000e+00
 outer loop
  vertex -1.1483284e-02 3.4834161e-03 7.2000000e-02
  vertex -1.1640375e-02 2.9157622e-03 7.2000000e-02
  vertex -1.1640375e-02 2.9157622e-03 7.0000000e-02
 endloop
endfacet
facet normal 9.757021e-01 -2.191012e-01 0.000000e+00
 outer loop
  vertex -1.1640375e-02 2.9157622e-03 7.2000000e-02
  vertex -1.1769423e-02 2.3410839e-03 7.0000000e-02
  vertex -1.1640375e-02 2.9157622e-03 7.0000000e-02
 endloop
endfacet
facet normal 9.757021e-01 -2.191012e-01 0.000000e+00
 outer loop
  vertex -1.1640375e-02 2.9157622e-03 7.2000000e-02
  vertex -1.1769423e-02 2.3410839e-03 7.2000000e-02
  vertex -1.1769423e-02 2.3410839e-03 7.0000000e-02
 endloop
endfacet
facet normal 9.852776e-01 -1.709619e-01 0.000000e+00
 outer loop
  vertex -1.1769423e-02 2.3410839e-03 7.2000000e-02
  vertex -1.1870118e-02 1.7607657e-03 7.0000000e-02
  vertex -1.1769423e-02 2.3410839e-03 7.0000000e-02
 endloop
endfacet
facet normal 9.852776e-01 -1.709619e-01 0.000000e+00
 outer loop
  vertex -1.1769423e-02 2.3410839e-03 7.2000000e-02
  vertex -1.1870118e-02 1.7607657e-03 7.2000000e-02
  vertex -1.1870118e-02 1.7607657e-03 7.0000000e-02
 endloop
endfacet
facet normal 9.924795e-01 -1.224107e-01 0.000000e+00
 outer loop
  vertex -1.1870118e-02 1.7607657e-03 7.2000000e-02
  vertex -1.1942217e-02 1.1762057e-03 7.0000000e-02
  vertex -1.1870118e-02 1.7607657e-03 7.0000000e-02
 endloop
endfacet
facet normal 9.924795e-01 -1.224107e-01 0.000000e+00
 outer loop
  vertex -1.1870118e-02 1.7607657e-03 7.2000000e-02
  vertex -1.1942217e-02 1.1762057e-03 7.2000000e-02
  vertex -1.1942217e-02 1.1762057e-03 7.0000000e-02
 endloop
endfacet
facet normal 9.972905e-01 -7.356456e-02 0.000000e+00
 outer loop
  vertex -1.1942217e-02 1.1762057e-03 7.2000000e-02
  vertex -1.1985545e-02 5.8881209e-04 7.0000000e-02
  vertex -1.1942217e-02 1.1762057e-03 7.0000000e-02
 endloop
endfacet
facet normal 9.972905e-01 -7.356456e-02 0.000000e+00
 outer loop
  vertex -1.1942217e-02 1.1762057e-03 7.2000000e-02
  vertex -1.1985545e-02 5.8881209e-04 7.2000000e-02
  vertex -1.1985545e-02 5.8881209e-04 7.0000000e-02
 endloop
endfacet
facet normal 9.996988e-01 -2.454123e-02 0.000000e+00
 outer loop
  vertex -1.1985545e-02 5.8881209e-04 7.2000000e-02
  vertex -1.2000000e-02 1.4695762e-18 7.0000000e-02
  vertex -1.1985545e-02 5.8881209e-04 7.0000000e-02
 endloop
endfacet
facet normal 9.996988e-01 -2.454123e-02 0.000000e+00
 outer loop
  vertex -1.1985545e-02 5.8881209e-04 7.2000000e-02
  vertex -1.2000000e-02 1.4695762e-18 7.2000000e-02
  vertex -1.2000000e-02 1.4695762e-18 7.0000000e-02
 endloop
endfacet
facet normal 9.996988e-01 2.454123e-02 0.000000e+00
 outer loop
  vertex -1.2000000e-02 1.4695762e-18 7.2000000e-02
  vertex -1.1985545e-02 -5.8881209e-04 7.0000000e-02
  vertex -1.2000000e-02 1.4695762e-18 7.0000000e-02
 endloop
endfacet
facet normal 9.996988e-01 2.454123e-02 0.000000e+00
 outer loop
  vertex -1.2000000e-02 1.4695762e-18 7.2000000e-02
  vertex -1.1985545e-02 -5.8881209e-04 7.2000000e-02
  vertex -1.1985545e-02 -5.8881209e-04 7.0000000e-02
 endloop
endfacet
facet normal 9.972905e-01 7.356456e-02 0.000000e+00
 outer loop
  vertex -1.1985545e-02 -5.8881209e-04 7.2000000e-02
  vertex -1.1942217e-02 -1.1762057e-03 7.0000000e-02
  vertex -1.1985545e-02 -5.8881209e-04 7.0000000e-02
 endloop
endfacet
facet normal 9.972905e-01 7.356456e-02 0.000000e+00
 outer loop
  vertex -1.1985545e-02 -5.8881209e-04 7.2000000e-02
  vertex -1.1942217e-02 -1.1762057e-03 7.2000000e-02
  vertex -1.1942217e-02 -1.1762057e-03 7.0000000e-02
 endloop
endfacet
facet normal 9.924795e-01 1.224107e-01 0.000000e+00
 outer loop
  vertex -1.1942217e-02 -1.1762057e-03 7.2000000e-02
  vertex -1.1870118e-02 -1.7607657e-03 7.0000000e-02
  vertex -1.1942217e-02 -1.1762057e-03 7.0000000e-02
 endloop
endfacet
facet normal 9.924795e-01 1.224107e-01 0.000000e+00
 outer loop
  vertex -1.1942217e-02 -1.1762057e-03 7.2000000e-02
  vertex -1.1870118e-02 -1.7607657e-03 7.2000000e-02
  vertex -1.1870118e-02 -1.7607657e-03 7.0000000e-02
 endloop
endfacet
facet normal 9.852776e-01 1.709619e-01 0.000000e+00
 outer loop
  vertex -1.1870118e-02 -1.7607657e-03 7.2000000e-02
  vertex -1.1769423e-02 -2.3410839e-03 7.0000000e-02
  vertex -1.1870118e-02 -1.7607657e-03 7.0000000e-02
 endloop
endfacet
facet normal 9.852776e-01 1.709619e-01 0.000000e+00
 outer loop
  vertex -1.1870118e-02 -1.7607657e-03 7.2000000e-02
  vertex -1.1769423e-02 -2.3410839e-03 7.2000000e-02
  vertex -1.1769423e-02 -2.3410839e-03 7.0000000e-02
 endloop
endfacet
facet normal 9.757021e-01 2.191012e-01 0.000000e+00
 outer loop
  vertex -1.1769423e-02 -2.3410839e-03 7.2000000e-02
  vertex -1.1640375e-02 -2.9157622e-03 7.0000000e-02
  vertex -1.1769423e-02 -2.3410839e-03 7.0000000e-02
 endloop
endfacet
facet normal 9.757021e-01 2.191012e-01 0.000000e+00
 outer loop
  vertex -1.1769423e-02 -2.3410839e-03 7.2000000e-02
  vertex -1.1640375e-02 -2.9157622e-03 7.2000000e-02
  vertex -1.1640375e-02 -2.9157622e-03 7.0000000e-02
 endloop
endfacet
facet normal 9.637761e-01 2.667128e-01 0.000000e+00
 outer loop
  vertex -1.1640375e-02 -2.9157622e-03 7.2000000e-02
  vertex -1.1483284e-02 -3.4834161e-03 7.0000000e-02
  vertex -1.1640375e-02 -2.9157622e-03 7.0000000e-02
 endloop
endfacet
facet normal 9.637761e-01 2.667128e-01 0.000000e+00
 outer loop
  vertex -1.1640375e-02 -2.9157622e-03 7.2000000e-02
  vertex -1.1483284e-02 -3.4834161e-03 7.2000000e-02
  vertex -1.1483284e-02 -3.4834161e-03 7.0000000e-02
 endloop
endfacet
facet normal 9.495282e-01 3.136817e-01 0.000000e+00
 outer loop
  vertex -1.1483284e-02 -3.4834161e-03 7.2000000e-02
  vertex -1.1298529e-02 -4.0426782e-03 7.0000000e-02
  vertex -1.1483284e-02 -3.4834161e-03 7.0000000e-02
 endloop
endfacet
facet normal 9.495282e-01 3.136817e-01 0.000000e+00
 outer loop
  vertex -1.1483284e-02 -3.4834161e-03 7.2000000e-02
  vertex -1.1298529e-02 -4.0426782e-03 7.2000000e-02
  vertex -1.1298529e-02 -4.0426782e-03 7.0000000e-02
 endloop
endfacet
facet normal 9.329928e-01 3.598950e-01 0.000000e+00
 outer loop
  vertex -1.1298529e-02 -4.0426782e-03 7.2000000e-02
  vertex -1.1086554e-02 -4.5922012e-03 7.0000000e-02
  vertex -1.1298529e-02 -4.0426782e-03 7.0000000e-02
 endloop
endfacet
facet normal 9.329928e-01 3.598950e-01 0.000000e+00
 outer loop
  vertex -1.1298529e-02 -4.0426782e-03 7.2000000e-02
  vertex -1.1086554e-02 -4.5922012e-03 7.2000000e-02
  vertex -1.1086554e-02 -4.5922012e-03 7.0000000e-02
 endloop
endfacet
facet normal 9.142098e-01 4.052413e-01 0.000000e+00
 outer loop
  vertex -1.1086554e-02 -4.5922012e-03 7.2000000e-02
  vertex -1.0847872e-02 -5.1306611e-03 7.0000000e-02
  vertex -1.1086554e-02 -4.5922012e-03 7.0000000e-02
 endloop
endfacet
facet normal 9.142098e-01 4.052413e-01 0.000000e+00
 outer loop
  vertex -1.1086554e-02 -4.5922012e-03 7.2000000e-02
  vertex -1.0847872e-02 -5.1306611e-03 7.2000000e-02
  vertex -1.0847872e-02 -5.1306611e-03 7.0000000e-02
 endloop
endfacet
facet normal 8.932243e-01 4.496113e-01 0.000000e+00
 outer loop
  vertex -1.0847872e-02 -5.1306611e-03 7.2000000e-02
  vertex -1.0583055e-02 -5.6567608e-03 7.0000000e-02
  vertex -1.0847872e-02 -5.1306611e-03 7.0000000e-02
 endloop
endfacet
facet normal 8.932243e-01 4.496113e-01 0.000000e+00
 outer loop
  vertex -1.0847872e-02 -5.1306611e-03 7.2000000e-02
  vertex -1.0583055e-02 -5.6567608e-03 7.2000000e-02
  vertex -1.0583055e-02 -5.6567608e-03 7.0000000e-02
 endloop
endfacet
facet normal 8.700870e-01 4.928982e-01 0.000000e+00
 outer loop
  vertex -1.0583055e-02 -5.6567608e-03 7.2000000e-02
  vertex -1.0292743e-02 -6.1692329e-03 7.0000000e-02
  vertex -1.0583055e-02 -5.6567608e-03 7.0000000e-02
 endloop
endfacet
facet normal 8.700870e-01 4.928982e-01 0.000000e+00
 outer loop
  vertex -1.0583055e-02 -5.6567608e-03 7.2000000e-02
  vertex -1.0292743e-02 -6.1692329e-03 7.2000000e-02
  vertex -1.0292743e-02 -6.1692329e-03 7.0000000e-02
 endloop
endfacet
facet normal 8.448536e-01 5.349976e-01 0.000000e+00
 outer loop
  vertex -1.0292743e-02 -6.1692329e-03 7.2000000e-02
  vertex -9.9776353e-03 -6.6668428e-03 7.0000000e-02
  vertex -1.0292743e-02 -6.1692329e-03 7.0000000e-02
 endloop
endfacet
facet normal 8.448536e-01 5.349976e-01 0.000000e+00
 outer loop
  vertex -1.0292743e-02 -6.1692329e-03 7.2000000e-02
  vertex -9.9776353e-03 -6.6668428e-03 7.2000000e-02
  vertex -9.9776353e-03 -6.6668428e-03 7.0000000e-02
 endloop
endfacet
facet normal 8.175848e-01 5.758082e-01 0.000000e+00
 outer loop
  vertex -9.9776353e-03 -6.6668428e-03 7.2000000e-02
  vertex -9.6384904e-03 -7.1483917e-03 7.0000000e-02
  vertex -9.9776353e-03 -6.6668428e-03 7.0000000e-02
 endloop
endfacet
facet normal 8.175848e-01 5.758082e-01 0.000000e+00
 outer loop
  vertex -9.9776353e-03 -6.6668428e-03 7.2000000e-02
  vertex -9.6384904e-03 -7.1483917e-03 7.2000000e-02
  vertex -9.6384904e-03 -7.1483917e-03 7.0000000e-02
 endloop
endfacet
facet normal 7.883464e-01 6.152316e-01 0.000000e+00
 outer loop
  vertex -9.6384904e-03 -7.1483917e-03 7.2000000e-02
  vertex -9.2761254e-03 -7.6127194e-03 7.0000000e-02
  vertex -9.6384904e-03 -7.1483917e-03 7.0000000e-02
 endloop
endfacet
facet normal 7.883464e-01 6.152316e-01 0.000000e+00
 outer loop
  vertex -9.6384904e-03 -7.1483917e-03 7.2000000e-02
  vertex -9.2761254e-03 -7.6127194e-03 7.2000000e-02
  vertex -9.2761254e-03 -7.6127194e-03 7.0000000e-02
 endloop
endfacet
facet normal 7.572088e-01 6.531728e-01 0.000000e+00
 outer loop
  vertex -9.2761254e-03 -7.6127194e-03 7.2000000e-02
  vertex -8.8914135e-03 -8.0587075e-03 7.0000000e-02
  vertex -9.2761254e-03 -7.6127194e-03 7.0000000e-02
 endloop
endfacet
facet normal 7.572088e-01 6.531728e-01 0.000000e+00
 outer loop
  vertex -9.2761254e-03 -7.6127194e-03 7.2000000e-02
  vertex -8.8914135e-03 -8.0587075e-03 7.2000000e-02
  vertex -8.8914135e-03 -8.0587075e-03 7.0000000e-02
 endloop
endfacet
facet normal 7.242471e-01 6.895405e-01 0.000000e+00
 outer loop
  vertex -8.8914135e-03 -8.0587075e-03 7.2000000e-02
  vertex -8.4852814e-03 -8.4852814e-03 7.0000000e-02
  vertex -8.8914135e-03 -8.0587075e-03 7.0000000e-02
 endloop
endfacet
facet normal 7.242471e-01 6.895405e-01 0.000000e+00
 outer loop
  vertex -8.8914135e-03 -8.0587075e-03 7.2000000e-02
  vertex -8.4852814e-03 -8.4852814e-03 7.2000000e-02
  vertex -8.4852814e-03 -8.4852814e-03 7.0000000e-02
 endloop
endfacet
facet normal 6.895405e-01 7.242471e-01 0.000000e+00
 outer loop
  vertex -8.4852814e-03 -8.4852814e-03 7.2000000e-02
  vertex -8.0587075e-03 -8.8914135e-03 7.0000000e-02
  vertex -8.4852814e-03 -8.4852814e-03 7.0000000e-02
 endloop
endfacet
facet normal 6.895405e-01 7.242471e-01 0.000000e+00
 outer loop
  vertex -8.4852814e-03 -8.4852814e-03 7.2000000e-02
  vertex -8.0587075e-03 -8.8914135e-03 7.2000000e-02
  vertex -8.0587075e-03 -8.8914135e-03 7.0000000e-02
 endloop
endfacet
facet normal 6.531728e-01 7.572088e-01 0.000000e+00
 outer loop
  vertex -8.0587075e-03 -8.8914135e-03 7.2000000e-02
  vertex -7.6127194e-03 -9.2761254e-03 7.0000000e-02
  vertex -8.0587075e-03 -8.8914135e-03 7.0000000e-02
 endloop
endfacet
facet normal 6.531728e-01 7.572088e-01 0.000000e+00
 outer loop
  vertex -8.0587075e-03 -8.8914135e-03 7.2000000e-02
  vertex -7.6127194e-03 -9.2761254e-03 7.2000000e-02
  vertex -7.6127194e-03 -9.2761254e-03 7.0000000e-02
 endloop
endfacet
facet normal 6.152316e-01 7.883464e-01 0.000000e+00
 outer loop
  vertex -7.6127194e-03 -9.2761254e-03 7.2000000e-02
  vertex -7.1483917e-03 -9.6384904e-03 7.0000000e-02
  vertex -7.6127194e-03 -9.2761254e-03 7.0000000e-02
 endloop
endfacet
facet normal 6.152316e-01 7.883464e-01 0.000000e+00
 outer loop
  vertex -7.6127194e-03 -9.2761254e-03 7.2000000e-02
  vertex -7.1483917e-03 -9.6384904e-03 7.2000000e-02
  vertex -7.1483917e-03 -9.6384904e-03 7.0000000e-02
 endloop
endfacet
facet normal 5.758082e-01 8.175848e-01 0.000000e+00
 outer loop
  vertex -7.1483917e-03 -9.6384904e-03 7.2000000e-02
  vertex -6.6668428e-03 -9.9776353e-03 7.0000000e-02
  vertex -7.1483917e-03 -9.6384904e-03 7.0000000e-02
 endloop
endfacet
facet normal 5.758082e-01 8.175848e-01 0.000000e+00
 outer loop
  vertex -7.1483917e-03 -9.6384904e-03 7.2000000e-02
  vertex -6.6668428e-03 -9.9776353e-03 7.2000000e-02
  vertex -6.6668428e-03 -9.9776353e-03 7.0000000e-02
 endloop
endfacet
facet normal 5.349976e-01 8.448536e-01 0.000000e+00
 outer loop
  vertex -6.6668428e-03 -9.9776353e-03 7.2000000e-02
  vertex -6.1692329e-03 -1.0292743e-02 7.0000000e-02
  vertex -6.6668428e-03 -9.9776353e-03 7.0000000e-02
 endloop
endfacet
facet normal 5.349976e-01 8.448536e-01 0.000000e+00
 outer loop
  vertex -6.6668428e-03 -9.9776353e-03 7.2000000e-02
  vertex -6.1692329e-03 -1.0292743e-02 7.2000000e-02
  vertex -6.1692329e-03 -1.0292743e-02 7.0000000e-02
 endloop
endfacet
facet normal 4.928982e-01 8.700870e-01 0.000000e+00
 outer loop
  vertex -6.1692329e-03 -1.0292743e-02 7.2000000e-02
  vertex -5.6567608e-03 -1.0583055e-02 7.0000000e-02
  vertex -6.1692329e-03 -1.0292743e-02 7.0000000e-02
 endloop
endfacet
facet normal 4.928982e-01 8.700870e-01 0.000000e+00
 outer loop
  vertex -6.1692329e-03 -1.0292743e-02 7.2000000e-02
  vertex -5.6567608e-03 -1.0583055e-02 7.2000000e-02
  vertex -5.6567608e-03 -1.0583055e-02 7.0000000e-02
 endloop
endfacet
facet normal 4.496113e-01 8.932243e-01 0.000000e+00
 outer loop
  vertex -5.6567608e-03 -1.0583055e-02 7.2000000e-02
  vertex -5.1306611e-03 -1.0847872e-02 7.0000000e-02
  vertex -5.6567608e-03 -1.0583055e-02 7.0000000e-02
 endloop
endfacet
facet normal 4.496113e-01 8.932243e-01 0.000000e+00
 outer loop
  vertex -5.6567608e-03 -1.0583055e-02 7.2000000e-02
  vertex -5.1306611e-03 -1.0847872e-02 7.2000000e-02
  vertex -5.1306611e-03 -1.0847872e-02 7.0000000e-02
 endloop
endfacet
facet normal 4.052413e-01 9.142098e-01 0.000000e+00
 outer loop
  vertex -5.1306611e-03 -1.0847872e-02 7.2000000e-02
  vertex -4.5922012e-03 -1.1086554e-02 7.0000000e-02
  vertex -5.1306611e-03 -1.0847872e-02 7.0000000e-02
 endloop
endfacet
facet normal 4.052413e-01 9.142098e-01 0.000000e+00
 outer loop
  vertex -5.1306611e-03 -1.0847872e-02 7.2000000e-02
  vertex -4.5922012e-03 -1.1086554e-02 7.2000000e-02
  vertex -4.5922012e-03 -1.1086554e-02 7.0000000e-02
 endloop
endfacet
facet normal 3.598950e-01 9.329928e-01 0.000000e+00
 outer loop
  vertex -4.5922012e-03 -1.1086554e-02 7.2000000e-02
  vertex -4.0426782e-03 -1.1298529e-02 7.0000000e-02
  vertex -4.5922012e-03 -1.1086554e-02 7.0000000e-02
 endloop
endfacet
facet normal 3.598950e-01 9.329928e-01 0.000000e+00
 outer loop
  vertex -4.5922012e-03 -1.1086554e-02 7.2000000e-02
  vertex -4.0426782e-03 -1.1298529e-02 7.2000000e-02
  vertex -4.0426782e-03 -1.1298529e-02 7.0000000e-02
 endloop
endfacet
facet normal 3.136817e-01 9.495282e-01 0.000000e+00
 outer loop
  vertex -4.0426782e-03 -1.1298529e-02 7.2000000e-02
  vertex -3.4834161e-03 -1.1483284e-02 7.0000000e-02
  vertex -4.0426782e-03 -1.1298529e-02 7.0000000e-02
 endloop
endfacet
facet normal 3.136817e-01 9.495282e-01 0.000000e+00
 outer loop
  vertex -4.0426782e-03 -1.1298529e-02 7.2000000e-02
  vertex -3.4834161e-03 -1.1483284e-02 7.2000000e-02
  vertex -3.4834161e-03 -1.1483284e-02 7.0000000e-02
 endloop
endfacet
facet normal 2.667128e-01 9.637761e-01 0.000000e+00
 outer loop
  vertex -3.4834161e-03 -1.1483284e-02 7.2000000e-02
  vertex -2.9157622e-03 -1.1640375e-02 7.0000000e-02
  vertex -3.4834161e-03 -1.1483284e-02 7.0000000e-02
 endloop
endfacet
facet normal 2.667128e-01 9.637761e-01 0.000000e+00
 outer loop
  vertex -3.4834161e-03 -1.1483284e-02 7.2000000e-02
  vertex -2.9157622e-03 -1.1640375e-02 7.2000000e-02
  vertex -2.9157622e-03 -1.1640375e-02 7.0000000e-02
 endloop
endfacet
facet normal 2.191012e-01 9.757021e-01 0.000000e+00
 outer loop
  vertex -2.9157622e-03 -1.1640375e-02 7.2000000e-02
  vertex -2.3410839e-03 -1.1769423e-02 7.0000000e-02
  vertex -2.9157622e-03 -1.1640375e-02 7.0000000e-02
 endloop
endfacet
facet normal 2.191012e-01 9.757021e-01 0.000000e+00
 outer loop
  vertex -2.9157622e-03 -1.1640375e-02 7.2000000e-02
  vertex -2.3410839e-03 -1.1769423e-02 7.2000000e-02
  vertex -2.3410839e-03 -1.1769423e-02 7.0000000e-02
 endloop
endfacet
facet normal 1.709619e-01 9.852776e-01 0.000000e+00
 outer loop
  vertex -2.3410839e-03 -1.1769423e-02 7.2000000e-02
  vertex -1.7607657e-03 -1.1870118e-02 7.0000000e-02
  vertex -2.3410839e-03 -1.1769423e-02 7.0000000e-02
 endloop
endfacet
facet normal 1.709619e-01 9.852776e-01 0.000000e+00
 outer loop
  vertex -2.3410839e-03 -1.1769423e-02 7.2000000e-02
  vertex -1.7607657e-03 -1.1870118e-02 7.2000000e-02
  vertex -1.7607657e-03 -1.1870118e-02 7.0000000e-02
 endloop
endfacet
facet normal 1.224107e-01 9.924795e-01 0.000000e+00
 outer loop
  vertex -1.7607657e-03 -1.1870118e-02 7.2000000e-02
  vertex -1.1762057e-03 -1.1942217e-02 7.0000000e-02
  vertex -1.7607657e-03 -1.1870118e-02 7.0000000e-02
 endloop
endfacet
facet normal 1.224107e-01 9.924795e-01 0.000000e+00
 outer loop
  vertex -1.7607657e-03 -1.1870118e-02 7.2000000e-02
  vertex -1.1762057e-03 -1.1942217e-02 7.2000000e-02
  vertex -1.1762057e-03 -1.1942217e-02 7.0000000e-02
 endloop
endfacet
facet normal 7.356456e-02 9.972905e-01 0.000000e+00
 outer loop
  vertex -1.1762057e-03 -1.1942217e-02 7.2000000e-02
  vertex -5.8881209e-04 -1.1985545e-02 7.0000000e-02
  vertex -1.1762057e-03 -1.1942217e-02 7.0000000e-02
 endloop
endfacet
facet normal 7.356456e-02 9.972905e-01 0.000000e+00
 outer loop
  vertex -1.1762057e-03 -1.1942217e-02 7.2000000e-02
  vertex -5.8881209e-04 -1.1985545e-02 7.2000000e-02
  vertex -5.8881209e-04 -1.1985545e-02 7.0000000e-02
 endloop
endfacet
facet normal 2.454123e-02 9.996988e-01 0.000000e+00
 outer loop
  vertex -5.8881209e-04 -1.1985545e-02 7.2000000e-02
  vertex -2.2043642e-18 -1.2000000e-02 7.0000000e-02
  vertex -5.8881209e-04 -1.1985545e-02 7.0000000e-02
 endloop
endfacet
facet normal 2.454123e-02 9.996988e-01 0.000000e+00
 outer loop
  vertex -5.8881209e-04 -1.1985545e-02 7.2000000e-02
  vertex -2.2043642e-18 -1.2000000e-02 7.2000000e-02
  vertex -2.2043642e-18 -1.2000000e-02 7.0000000e-02
 endloop
endfacet
facet normal -2.454123e-02 9.996988e-01 0.000000e+00
 outer loop
  vertex -2.2043642e-18 -1.2000000e-02 7.2000000e-02
  vertex 5.8881209e-04 -1.1985545e-02 7.0000000e-02
  vertex -2.2043642e-18 -1.2000000e-02 7.0000000e-02
 endloop
endfacet
facet normal -2.454123e-02 9.996988e-01 0.000000e+00
 outer loop
  vertex -2.2043642e-18 -1.2000000e-02 7.2000000e-02
  vertex 5.8881209e-04 -1.1985545e-02 7.2000000e-02
  vertex 5.8881209e-04 -1.1985545e-02 7.0000000e-02
 endloop
endfacet
facet normal -7.356456e-02 9.972905e-01 0.000000e+00
 outer loop
  vertex 5.8881209e-04 -1.1985545e-02 7.2000000e-02
  vertex 1.1762057e-03 -1.1942217e-02 7.0000000e-02
  vertex 5.8881209e-04 -1.1985545e-02 7.0000000e-02
 endloop
endfacet
facet normal -7.356456e-02 9.972905e-01 0.000000e+00
 outer loop
  vertex 5.8881209e-04 -1.1985545e-02 7.2000000e-02
  vertex 1.1762057e-03 -1.1942217e-02 7.2000000e-02
  vertex 1.1762057e-03 -1.1942217e-02 7.0000000e-02
 endloop
endfacet
facet normal -1.224107e-01 9.924795e-01 0.000000e+00
 outer loop
  vertex 1.1762057e-03 -1.1942217e-02 7.2000000e-02
  vertex 1.7607657e-03 -1.1870118e-02 7.0000000e-02
  vertex 1.1762057e-03 -1.1942217e-02 7.0000000e-02
 endloop
endfacet
facet normal -1.224107e-01 9.924795e-01 0.000000e+00
 outer loop
  vertex 1.1762057e-03 -1.1942217e-02 7.2000000e-02
  vertex 1.7607657e-03 -1.1870118e-02 7.2000000e-02
  vertex 1.7607657e-03 -1.1870118e-02 7.0000000e-02
 endloop
endfacet
facet normal -1.709619e-01 9.852776e-01 0.000000e+00
 outer loop
  vertex 1.7607657e-03 -1.1870118e-02 7.2000000e-02
  vertex 2.3410839e-03 -1.1769423e-02 7.0000000e-02
  vertex 1.7607657e-03 -1.1870118e-02 7.0000000e-02
 endloop
endfacet
facet normal -1.709619e-01 9.852776e-01 0.000000e+00
 outer loop
  vertex 1.7607657e-03 -1.1870118e-02 7.2000000e-02
  vertex 2.3410839e-03 -1.1769423e-02 7.2000000e-02
  vertex 2.3410839e-03 -1.1769423e-02 7.0000000e-02
 endloop
endfacet
facet normal -2.191012e-01 9.757021e-01 0.000000e+00
 outer loop
  vertex 2.3410839e-03 -1.1769423e-02 7.2000000e-02
  vertex 2.9157622e-03 -1.1640375e-02 7.0000000e-02
  vertex 2.3410839e-03 -1.1769423e-02 7.0000000e-02
 endloop
endfacet
facet normal -2.191012e-01 9.757021e-01 0.000000e+00
 outer loop
  vertex 2.3410839e-03 -1.1769423e-02 7.2000000e-02
  vertex 2.9157622e-03 -1.1640375e-02 7.2000000e-02
  vertex 2.9157622e-03 -1.1640375e-02 7.0000000e-02
 endloop
endfacet
facet normal -2.667128e-01 9.637761e-01 0.000000e+00
 outer loop
  vertex 2.9157622e-03 -1.1640375e-02 7.2000000e-02
  vertex 3.4834161e-03 -1.1483284e-02 7.0000000e-02
  vertex 2.9157622e-03 -1.1640375e-02 7.0000000e-02
 endloop
endfacet
facet normal -2.667128e-01 9.637761e-01 0.000000e+00
 outer loop
  vertex 2.9157622e-03 -1.1640375e-02 7.2000000e-02
  vertex 3.4834161e-03 -1.1483284e-02 7.2000000e-02
  vertex 3.4834161e-03 -1.1483284e-02 7.0000000e-02
 endloop
endfacet
facet normal -3.136817e-01 9.495282e-01 0.000000e+00
 outer loop
  vertex 3.4834161e-03 -1.1483284e-02 7.2000000e-02
  vertex 4.0426782e-03 -1.1298529e-02 7.0000000e-02
  vertex 3.4834161e-03 -1.1483284e-02 7.0000000e-02
 endloop
endfacet
facet normal -3.136817e-01 9.495282e-01 0.000000e+00
 outer loop
  vertex 3.4834161e-03 -1.1483284e-02 7.2000000e-02
  vertex 4.0426782e-03 -1.1298529e-02 7.2000000e-02
  vertex 4.0426782e-03 -1.1298529e-02 7.0000000e-02
 endloop
endfacet
facet normal -3.598950e-01 9.329928e-01 0.000000e+00
 outer loop
  vertex 4.0426782e-03 -1.1298529e-02 7.2000000e-02
  vertex 4.5922012e-03 -1.1086554e-02 7.0000000e-02
  vertex 4.0426782e-03 -1.1298529e-02 7.0000000e-02
 endloop
endfacet
facet normal -3.598950e-01 9.329928e-01 0.000000e+00
 outer loop
  vertex 4.0426782e-03 -1.1298529e-02 7.2000000e-02
  vertex 4.5922012e-03 -1.1086554e-02 7.2000000e-02
  vertex 4.5922012e-03 -1.1086554e-02 7.0000000e-02
 endloop
endfacet
facet normal -4.052413e-01 9.142098e-01 0.000000e+00
 outer loop
  vertex 4.5922012e-03 -1.1086554e-02 7.2000000e-02
  vertex 5.1306611e-03 -1.0847872e-02 7.0000000e-02
  vertex 4.5922012e-03 -1.1086554e-02 7.0000000e-02
 endloop
endfacet
facet normal -4.052413e-01 9.142098e-01 0.000000e+00
 outer loop
  vertex 4.5922012e-03 -1.1086554e-02 7.2000000e-02
  vertex 5.1306611e-03 -1.0847872e-02 7.2000000e-02
  vertex 5.1306611e-03 -1.0847872e-02 7.0000000e-02
 endloop
endfacet
facet normal -4.496113e-01 8.932243e-01 0.000000e+00
 outer loop
  vertex 5.1306611e-03 -1.0847872e-02 7.2000000e-02
  vertex 5.6567608e-03 -1.0583055e-02 7.0000000e-02
  vertex 5.1306611e-03 -1.0847872e-02 7.0000000e-02
 endloop
endfacet
facet normal -4.496113e-01 8.932243e-01 0.000000e+00
 outer loop
  vertex 5.1306611e-03 -1.0847872e-02 7.2000000e-02
  vertex 5.6567608e-03 -1.0583055e-02 7.2000000e-02
  vertex 5.6567608e-03 -1.0583055e-02 7.0000000e-02
 endloop
endfacet
facet normal -4.928982e-01 8.700870e-01 0.000000e+00
 outer loop
  vertex 5.6567608e-03 -1.0583055e-02 7.2000000e-02
  vertex 6.1692329e-03 -1.0292743e-02 7.0000000e-02
  vertex 5.6567608e-03 -1.0583055e-02 7.0000000e-02
 endloop
endfacet
facet normal -4.928982e-01 8.700870e-01 0.000000e+00
 outer loop
  vertex 5.6567608e-03 -1.0583055e-02 7.2000000e-02
  vertex 6.1692329e-03 -1.0292743e-02 7.2000000e-02
  vertex 6.1692329e-03 -1.0292743e-02 7.0000000e-02
 endloop
endfacet
facet normal -5.349976e-01 8.448536e-01 0.000000e+00
 outer loop
  vertex 6.1692329e-03 -1.0292743e-02 7.2000000e-02
  vertex 6.6668428e-03 -9.9776353e-03 7.0000000e-02
  vertex 6.1692329e-03 -1.0292743e-02 7.0000000e-02
 endloop
endfacet
facet normal -5.349976e-01 8.448536e-01 0.000000e+00
 outer loop
  vertex 6.1692329e-03 -1.0292743e-02 7.2000000e-02
  vertex 6.6668428e-03 -9.9776353e-03 7.2000000e-02
  vertex 6.6668428e-03 -9.9776353e-03 7.0000000e-02
 endloop
endfacet
facet normal -5.758082e-01 8.175848e-01 0.000000e+00
 outer loop
  vertex 6.6668428e-03 -9.9776353e-03 7.2000000e-02
  vertex 7.1483917e-03 -9.6384904e-03 7.0000000e-02
  vertex 6.6668428e-03 -9.9776353e-03 7.0000000e-02
 endloop
endfacet
facet normal -5.758082e-01 8.175848e-01 0.000000e+00
 outer loop
  vertex 6.6668428e-03 -9.9776353e-03 7.2000000e-02
  vertex 7.1483917e-03 -9.6384904e-03 7.2000000e-02
  vertex 7.1483917e-03 -9.6384904e-03 7.0000000e-02
 endloop
endfacet
facet normal -6.152316e-01 7.883464e-01 0.000000e+00
 outer loop
  vertex 7.1483917e-03 -9.6384904e-03 7.2000000e-02
  vertex 7.6127194e-03 -9.2761254e-03 7.0000000e-02
  vertex 7.1483917e-03 -9.6384904e-03 7.0000000e-02
 endloop
endfacet
facet normal -6.152316e-01 7.883464e-01 0.000000e+00
 outer loop
  vertex 7.1483917e-03 -9.6384904e-03 7.2000000e-02
  vertex 7.6127194e-03 -9.2761254e-03 7.2000000e-02
  vertex 7.6127194e-03 -9.2761254e-03 7.0000000e-02
 endloop
endfacet
facet normal -6.531728e-01 7.572088e-01 0.000000e+00
 outer loop
  vertex 7.6127194e-03 -9.2761254e-03 7.2000000e-02
  vertex 8.0587075e-03 -8.8914135e-03 7.0000000e-02
  vertex 7.6127194e-03 -9.2761254e-03 7.0000000e-02
 endloop
endfacet
facet normal -6.531728e-01 7.572088e-01 0.000000e+00
 outer loop
  vertex 7.6127194e-03 -9.2761254e-03 7.2000000e-02
  vertex 8.0587075e-03 -8.8914135e-03 7.2000000e-02
  vertex 8.0587075e-03 -8.8914135e-03 7.0000000e-02
 endloop
endfacet
facet normal -6.895405e-01 7.242471e-01 0.000000e+00
 outer loop
  vertex 8.0587075e-03 -8.8914135e-03 7.2000000e-02
  vertex 8.4852814e-03 -8.4852814e-03 7.0000000e-02
  vertex 8.0587075e-03 -8.8914135e-03 7.0000000e-02
 endloop
endfacet
facet normal -6.895405e-01 7.242471e-01 0.000000e+00
 outer loop
  vertex 8.0587075e-03 -8.8914135e-03 7.2000000e-02
  vertex 8.4852814e-03 -8.4852814e-03 7.2000000e-02
  vertex 8.4852814e-03 -8.4852814e-03 7.0000000e-02
 endloop
endfacet
facet normal -7.242471e-01 6.895405e-01 0.000000e+00
 outer loop
  vertex 8.4852814e-03 -8.4852814e-03 7.2000000e-02
  vertex 8.8914135e-03 -8.0587075e-03 7.0000000e-02
  vertex 8.4852814e-03 -8.4852814e-03 7.0000000e-02
 endloop
endfacet
facet normal -7.242471e-01 6.895405e-01 0.000000e+00
 outer loop
  vertex 8.4852814e-03 -8.4852814e-03 7.2000000e-02
  vertex 8.8914135e-03 -8.0587075e-03 7.2000000e-02
  vertex 8.8914135e-03 -8.0587075e-03 7.0000000e-02
 endloop
endfacet
facet normal -7.572088e-01 6.531728e-01 0.000000e+00
 outer loop
  vertex 8.8914135e-03 -8.0587075e-03 7.2000000e-02
  vertex 9.2761254e-03 -7.6127194e-03 7.0000000e-02
  vertex 8.8914135e-03 -8.0587075e-03 7.0000000e-02
 endloop
endfacet
facet normal -7.572088e-01 6.531728e-01 0.000000e+00
 outer loop
  vertex 8.8914135e-03 -8.0587075e-03 7.2000000e-02
  vertex 9.2761254e-03 -7.6127194e-03 7.2000000e-02
  vertex 9.2761254e-03 -7.6127194e-03 7.0000000e-02
 endloop
endfacet
facet normal -7.883464e-01 6.152316e-01 0.000000e+00
 outer loop
  vertex 9.2761254e-03 -7.6127194e-03 7.2000000e-02
  vertex 9.6384904e-03 -7.1483917e-03 7.0000000e-02
  vertex 9.2761254e-03 -7.6127194e-03 7.0000000e-02
 endloop
endfacet
facet normal -7.883464e-01 6.152316e-01 0.000000e+00
 outer loop
  vertex 9.2761254e-03 -7.6127194e-03 7.2000000e-02
  vertex 9.6384904e-03 -7.1483917e-03 7.2000000e-02
  vertex 9.6384904e-03 -7.1483917e-03 7.0000000e-02
 endloop
endfacet
facet normal -8.175848e-01 5.758082e-01 0.000000e+00
 outer loop
  vertex 9.6384904e-03 -7.1483917e-03 7.2000000e-02
  vertex 9.9776353e-03 -6.6668428e-03 7.0000000e-02
  vertex 9.6384904e-03 -7.1483917e-03 7.0000000e-02
 endloop
endfacet
facet normal -8.175848e-01 5.758082e-01 0.000000e+00
 outer loop
  vertex 9.6384904e-03 -7.1483917e-03 7.2000000e-02
  vertex 9.9776353e-03 -6.6668428e-03 7.2000000e-02
  vertex 9.9776353e-03 -6.6668428e-03 7.0000000e-02
 endloop
endfacet
facet normal -8.448536e-01 5.349976e-01 0.000000e+00
 outer loop
  vertex 9.9776353e-03 -6.6668428e-03 7.2000000e-02
  vertex 1.0292743e-02 -6.1692329e-03 7.0000000e-02
  vertex 9.9776353e-03 -6.6668428e-03 7.0000000e-02
 endloop
endfacet
facet normal -8.448536e-01 5.349976e-01 0.000000e+00
 outer loop
  vertex 9.9776353e-03 -6.6668428e-03 7.2000000e-02
  vertex 1.0292743e-02 -6.1692329e-03 7.2000000e-02
  vertex 1.0292743e-02 -6.1692329e-03 7.0000000e-02
 endloop
endfacet
facet normal -8.700870e-01 4.928982e-01 0.000000e+00
 outer loop
  vertex 1.0292743e-02 -6.1692329e-03 7.2000000e-02
  vertex 1.0583055e-02 -5.6567608e-03 7.0000000e-02
  vertex 1.0292743e-02 -6.1692329e-03 7.0000000e-02
 endloop
endfacet
facet normal -8.700870e-01 4.928982e-01 0.000000e+00
 outer loop
  vertex 1.0292743e-02 -6.1692329e-03 7.2000000e-02
  vertex 1.0583055e-02 -5.6567608e-03 7.2000000e-02
  vertex 1.0583055e-02 -5.6567608e-03 7.0000000e-02
 endloop
endfacet
facet normal -8.932243e-01 4.496113e-01 0.000000e+00
 outer loop
  vertex 1.0583055e-02 -5.6567608e-03 7.2000000e-02
  vertex 1.0847872e-02 -5.1306611e-03 7.0000000e-02
  vertex 1.0583055e-02 -5.6567608e-03 7.0000000e-02
 endloop
endfacet
facet normal -8.932243e-01 4.496113e-01 0.000000e+00
 outer loop
  vertex 1.0583055e-02 -5.6567608e-03 7.2000000e-02
  vertex 1.0847872e-02 -5.1306611e-03 7.2000000e-02
  vertex 1.0847872e-02 -5.1306611e-03 7.0000000e-02
 endloop
endfacet
facet normal -9.142098e-01 4.052413e-01 0.000000e+00
 outer loop
  vertex 1.0847872e-02 -5.1306611e-03 7.2000000e-02
  vertex 1.1086554e-02 -4.5922012e-03 7.0000000e-02
  vertex 1.0847872e-02 -5.1306611e-03 7.0000000e-02
 endloop
endfacet
facet normal -9.142098e-01 4.052413e-01 0.000000e+00
 outer loop
  vertex 1.0847872e-02 -5.1306611e-03 7.2000000e-02
  vertex 1.1086554e-02 -4.5922012e-03 7.2000000e-02
  vertex 1.1086554e-02 -4.5922012e-03 7.0000000e-02
 endloop
endfacet
facet normal -9.329928e-01 3.598950e-01 0.000000e+00
 outer loop
  vertex 1.1086554e-02 -4.5922012e-03 7.2000000e-02
  vertex 1.1298529e-02 -4.0426782e-03 7.0000000e-02
  vertex 1.1086554e-02 -4.5922012e-03 7.0000000e-02
 endloop
endfacet
facet normal -9.329928e-01 3.598950e-01 0.000000e+00
 outer loop
  vertex 1.1086554e-02 -4.5922012e-03 7.2000000e-02
  vertex 1.1298529e-02 -4.0426782e-03 7.2000000e-02
  vertex 1.1298529e-02 -4.0426782e-03 7.0000000e-02
 endloop
endfacet
facet normal -9.495282e-01 3.136817e-01 0.000000e+00
 outer loop
  vertex 1.1298529e-02 -4.0426782e-03 7.2000000e-02
  vertex 1.1483284e-02 -3.4834161e-03 7.0000000e-02
  vertex 1.1298529e-02 -4.0426782e-03 7.0000000e-02
 endloop
endfacet
facet normal -9.495282e-01 3.136817e-01 0.000000e+00
 outer loop
  vertex 1.1298529e-02 -4.0426782e-03 7.2000000e-02
  vertex 1.1483284e-02 -3.4834161e-03 7.2000000e-02
  vertex 1.1483284e-02 -3.4834161e-03 7.0000000e-02
 endloop
endfacet
facet normal -9.637761e-01 2.667128e-01 0.000000e+00
 outer loop
  vertex 1.1483284e-02 -3.4834161e-03 7.2000000e-02
  vertex 1.1640375e-02 -2.9157622e-03 7.0000000e-02
  vertex 1.1483284e-02 -3.4834161e-03 7.0000000e-02
 endloop
endfacet
facet normal -9.637761e-01 2.667128e-01 0.000000e+00
 outer loop
  vertex 1.1483284e-02 -3.4834161e-03 7.2000000e-02
  vertex 1.1640375e-02 -2.9157622e-03 7.2000000e-02
  vertex 1.1640375e-02 -2.9157622e-03 7.0000000e-02
 endloop
endfacet
facet normal -9.757021e-01 2.191012e-01 0.000000e+00
 outer loop
  vertex 1.1640375e-02 -2.9157622e-03 7.2000000e-02
  vertex 1.1769423e-02 -2.3410839e-03 7.0000000e-02
  vertex 1.1640375e-02 -2.9157622e-03 7.0000000e-02
 endloop
endfacet
facet normal -9.757021e-01 2.191012e-01 0.000000e+00
 outer loop
  vertex 1.1640375e-02 -2.9157622e-03 7.2000000e-02
  vertex 1.1769423e-02 -2.3410839e-03 7.2000000e-02
  vertex 1.1769423e-02 -2.3410839e-03 7.0000000e-02
 endloop
endfacet
facet normal -9.852776e-01 1.709619e-01 0.000000e+00
 outer loop
  vertex 1.1769423e-02 -2.3410839e-03 7.2000000e-02
  vertex 1.1870118e-02 -1.7607657e-03 7.0000000e-02
  vertex 1.1769423e-02 -2.3410839e-03 7.0000000e-02
 endloop
endfacet
facet normal -9.852776e-01 1.709619e-01 0.000000e+00
 outer loop
  vertex 1.1769423e-02 -2.3410839e-03 7.2000000e-02
  vertex 1.1870118e-02 -1.7607657e-03 7.2000000e-02
  vertex 1.1870118e-02 -1.7607657e-03 7.0000000e-02
 endloop
endfacet
facet normal -9.924795e-01 1.224107e-01 0.000000e+00
 outer loop
  vertex 1.1870118e-02 -1.7607657e-03 7.2000000e-02
  vertex 1.1942217e-02 -1.1762057e-03 7.0000000e-02
  vertex 1.1870118e-02 -1.7607657e-03 7.0000000e-02
 endloop
endfacet
facet normal -9.924795e-01 1.224107e-01 0.000000e+00
 outer loop
  vertex 1.1870118e-02 -1.7607657e-03 7.2000000e-02
  vertex 1.1942217e-02 -1.1762057e-03 7.2000000e-02
  vertex 1.1942217e-02 -1.1762057e-03 7.0000000e-02
 endloop
endfacet
facet normal -9.972905e-01 7.356456e-02 0.000000e+00
 outer loop
  vertex 1.1942217e-02 -1.1762057e-03 7.2000000e-02
  vertex 1.1985545e-02 -5.8881209e-04 7.0000000e-02
  vertex 1.1942217e-02 -1.1762057e-03 7.0000000e-02
 endloop
endfacet
facet normal -9.972905e-01 7.356456e-02 0.000000e+00
 outer loop
  vertex 1.1942217e-02 -1.1762057e-03 7.2000000e-02
  vertex 1.1985545e-02 -5.8881209e-04 7.2000000e-02
  vertex 1.1985545e-02 -5.8881209e-04 7.0000000e-02
 endloop
endfacet
facet normal -9.996988e-01 2.454123e-02 0.000000e+00
 outer loop
  vertex 1.1985545e-02 -5.8881209e-04 7.2000000e-02
  vertex 1.2000000e-02 0.0000000e+00 7.0000000e-02
  vertex 1.1985545e-02 -5.8881209e-04 7.0000000e-02
 endloop
endfacet
facet normal -9.996988e-01 2.454123e-02 0.000000e+00
 outer loop
  vertex 1.1985545e-02 -5.8881209e-04 7.2000000e-02
  vertex 1.2000000e-02 0.0000000e+00 7.2000000e-02
  vertex 1.2000000e-02 0.0000000e+00 7.0000000e-02
 endloop
endfacet
facet normal 0.000000e+00 0.000000e+00 -1.000000e+00
 outer loop
  vertex 1.2000000e-02 0.0000000e+00 7.0000000e-02
  vertex 1.6979523e-02 8.3415046e-04 7.0000000e-02
  vertex 1.7000000e-02 0.0000000e+00 7.0000000e-02
 endloop
endfacet
facet normal 0.000000e+00 0.000000e+00 -1.000000e+00
 outer loop
  vertex 1.2000000e-02 0.0000000e+00 7.0000000e-02
  vertex 1.1985545e-02 5.8881209e-04 7.0000000e-02
  vertex 1.6979523e-02 8.3415046e-04 7.0000000e-02
 endloop
endfacet
facet normal 0.000000e+00 0.000000e+00 -1.000000e+00
 outer loop
  vertex 1.1985545e-02 5.8881209e-04 7.0000000e-02
  vertex 1.6918140e-02 1.6662914e-03 7.0000000e-02
  vertex 1.6979523e-02 8.3415046e-04 7.0000000e-02
 endloop
endfacet
facet normal 0.000000e+00 0.000000e+00 -1.000000e+00
 outer loop
  vertex 1.1985545e-02 5.8881209e-04 7.0000000e-02
  vertex 1.1942217e-02 1.1762057e-03 7.0000000e-02
  vertex 1.6918140e-02 1.6662914e-03 7.0000000e-02
 endloop
endfacet
facet normal 0.000000e+00 0.000000e+00 -1.000000e+00
 outer loop
  vertex 1.1942217e-02 1.1762057e-03 7.0000000e-02
  vertex 1.6816001e-02 2.4944181e-03 7.0000000e-02
  vertex 1.6918140e-02 1.6662914e-03 7.0000000e-02
 endloop
endfacet
facet normal 0.000000e+00 0.000000e+00 -1.000000e+00
 outer loop
  vertex 1.1942217e-02 1.1762057e-03 7.0000000e-02
  vertex 1.1870118e-02 1.7607657e-03 7.0000000e-02
  vertex 1.6816001e-02 2.4944181e-03 7.0000000e-02
 endloop
endfacet
facet normal 0.000000e+00 0.000000e+00 -1.000000e+00
 outer loop
  vertex 1.1870118e-02 1.7607657e-03 7.0000000e-02
  vertex 1.6673350e-02 3.3165355e-03 7.0000000e-02
  vertex 1.6816001e-02 2.4944181e-03 7.0000000e-02
 endloop
endfacet
facet normal 0.000000e+00 0.000000e+00 -1.000000e+00
 outer loop
  vertex 1.1870118e-02 1.7607657e-03 7.0000000e-02
  vertex 1.1769423e-02 2.3410839e-03 7.0000000e-02
  vertex 1.6673350e-02 3.3165355e-03 7.0000000e-02
 endloop
endfacet
facet normal 0.000000e+00 0.000000e+00 -1.000000e+00
 outer loop
  vertex 1.1769423e-02 2.3410839e-03 7.0000000e-02
  vertex 1.6490531e-02 4.1306631e-03 7.0000000e-02
  vertex 1.6673350e-02 3.3165355e-03 7.0000000e-02
 endloop
endfacet
facet normal 0.000000e+00 0.000000e+00 -1.000000e+00
 outer loop
  vertex 1.1769423e-02 2.3410839e-03 7.0000000e-02
  vertex 1.1640375e-02 2.9157622e-03 7.0000000e-02
  vertex 1.6490531e-02 4.1306631e-03 7.0000000e-02
 endloop
endfacet
facet normal 0.000000e+00 0.000000e+00 -1.000000e+00
 outer loop
  vertex 1.1640375e-02 2.9157622e-03 7.0000000e-02
  vertex 1.6267986e-02 4.9348395e-03 7.0000000e-02
  vertex 1.6490531e-02 4.1306631e-03 7.0000000e-02
 endloop
endfacet
facet normal 0.000000e+00 0.000000e+00 -1.000000e+00
 outer loop
  vertex 1.1640375e-02 2.9157622e-03 7.0000000e-02
  vertex 1.1483284e-02 3.4834161e-03 7.0000000e-02
  vertex 1.6267986e-02 4.9348395e-03 7.0000000e-02
 endloop
endfacet
facet normal 0.000000e+00 0.000000e+00 -1.000000e+00
 outer loop
  vertex 1.1483284e-02 3.4834161e-03 7.0000000e-02
  vertex 1.6006249e-02 5.7271275e-03 7.0000000e-02
  vertex 1.6267986e-02 4.9348395e-03 7.0000000e-02
 endloop
endfacet
facet normal 0.000000e+00 0.000000e+00 -1.000000e+00
 outer loop
  vertex 1.1483284e-02 3.4834161e-03 7.0000000e-02
  vertex 1.1298529e-02 4.0426782e-03 7.0000000e-02
  vertex 1.6006249e-02 5.7271275e-03 7.0000000e-02
 endloop
endfacet
facet normal 0.000000e+00 0.000000e+00 -1.000000e+00
 outer loop
  vertex 1.1298529e-02 4.0426782e-03 7.0000000e-02
  vertex 1.5705952e-02 6.5056184e-03 7.0000000e-02
  vertex 1.6006249e-02 5.7271275e-03 7.0000000e-02
 endloop
endfacet
facet normal 0.000000e+00 0.000000e+00 -1.000000e+00
 outer loop
  vertex 1.1298529e-02 4.0426782e-03 7.0000000e-02
  vertex 1.1086554e-02 4.5922012e-03 7.0000000e-02
  vertex 1.5705952e-02 6.5056184e-03 7.0000000e-02
 endloop
endfacet
facet normal 0.000000e+00 0.000000e+00 -1.000000e+00
 outer loop
  vertex 1.1086554e-02 4.5922012e-03 7.0000000e-02
  vertex 1.5367818e-02 7.2684366e-03 7.0000000e-02
  vertex 1.5705952e-02 6.5056184e-03 7.0000000e-02
 endloop
endfacet
facet normal 0.000000e+00 0.000000e+00 -1.000000e+00
 outer loop
  vertex 1.1086554e-02 4.5922012e-03 7.0000000e-02
  vertex 1.0847872e-02 5.1306611e-03 7.0000000e-02
  vertex 1.5367818e-02 7.2684366e-03 7.0000000e-02
 endloop
endfacet
facet normal 0.000000e+00 0.000000e+00 -1.000000e+00
 outer loop
  vertex 1.0847872e-02 5.1306611e-03 7.0000000e-02
  vertex 1.4992661e-02 8.0137445e-03 7.0000000e-02
  vertex 1.5367818e-02 7.2684366e-03 7.0000000e-02
 endloop
endfacet
facet normal 0.000000e+00 0.000000e+00 -1.000000e+00
 outer loop
  vertex 1.0847872e-02 5.1306611e-03 7.0000000e-02
  vertex 1.0583055e-02 5.6567608e-03 7.0000000e-02
  vertex 1.4992661e-02 8.0137445e-03 7.0000000e-02
 endloop
endfacet
facet normal 0.000000e+00 0.000000e+00 -1.000000e+00
 outer loop
  vertex 1.0583055e-02 5.6567608e-03 7.0000000e-02
  vertex 1.4581386e-02 8.7397467e-03 7.0000000e-02
  vertex 1.4992661e-02 8.0137445e-03 7.0000000e-02
 endloop
endfacet
facet normal 0.000000e+00 0.000000e+00 -1.000000e+00
 outer loop
  vertex 1.0583055e-02 5.6567608e-03 7.0000000e-02
  vertex 1.0292743e-02 6.1692329e-03 7.0000000e-02
  vertex 1.4581386e-02 8.7397467e-03 7.0000000e-02
 endloop
endfacet
facet normal 0.000000e+00 0.000000e+00 -1.000000e+00
 outer loop
  vertex 1.0292743e-02 6.1692329e-03 7.0000000e-02
  vertex 1.4134983e-02 9.4446940e-03 7.0000000e-02
  vertex 1.4581386e-02 8.7397467e-03 7.0000000e-02
 endloop
endfacet
facet normal 0.000000e+00 0.000000e+00 -1.000000e+00
 outer loop
  vertex 1.0292743e-02 6.1692329e-03 7.0000000e-02
  vertex 9.9776353e-03 6.6668428e-03 7.0000000e-02
  vertex 1.4134983e-02 9.4446940e-03 7.0000000e-02
 endloop
endfacet
facet normal 0.000000e+00 0.000000e+00 -1.000000e+00
 outer loop
  vertex 9.9776353e-03 6.6668428e-03 7.0000000e-02
  vertex 1.3654528e-02 1.0126888e-02 7.0000000e-02
  vertex 1.4134983e-02 9.4446940e-03 7.0000000e-02
 endloop
endfacet
facet normal 0.000000e+00 0.000000e+00 -1.000000e+00
 outer loop
  vertex 9.9776353e-03 6.6668428e-03 7.0000000e-02
  vertex 9.6384904e-03 7.1483917e-03 7.0000000e-02
  vertex 1.3654528e-02 1.0126888e-02 7.0000000e-02
 endloop
endfacet
facet normal 0.000000e+00 0.000000e+00 -1.000000e+00
 outer loop
  vertex 9.6384904e-03 7.1483917e-03 7.0000000e-02
  vertex 1.3141178e-02 1.0784686e-02 7.0000000e-02
  vertex 1.3654528e-02 1.0126888e-02 7.0000000e-02
 endloop
endfacet
facet normal 0.000000e+00 0.000000e+00 -1.000000e+00
 outer loop
  vertex 9.6384904e-03 7.1483917e-03 7.0000000e-02
  vertex 9.2761254e-03 7.6127194e-03 7.0000000e-02
  vertex 1.3141178e-02 1.0784686e-02 7.0000000e-02
 endloop
endfacet
facet normal 0.000000e+00 0.000000e+00 -1.000000e+00
 outer loop
  vertex 9.2761254e-03 7.6127194e-03 7.0000000e-02
  vertex 1.2596169e-02 1.1416502e-02 7.0000000e-02
  vertex 1.3141178e-02 1.0784686e-02 7.0000000e-02
 endloop
endfacet
facet normal 0.000000e+00 0.000000e+00 -1.000000e+00
 outer loop
  vertex 9.2761254e-03 7.6127194e-03 7.0000000e-02
  vertex 8.8914135e-03 8.0587075e-03 7.0000000e-02
  vertex 1.2596169e-02 1.1416502e-02 7.0000000e-02
 endloop
endfacet
facet normal 0.000000e+00 0.000000e+00 -1.000000e+00
 outer loop
  vertex 8.8914135e-03 8.0587075e-03 7.0000000e-02
  vertex 1.2020815e-02 1.2020815e-02 7.0000000e-02
  vertex 1.2596169e-02 1.1416502e-02 7.0000000e-02
 endloop
endfacet
facet normal 0.000000e+00 0.000000e+00 -1.000000e+00
 outer loop
  vertex 8.8914135e-03 8.0587075e-03 7.0000000e-02
  vertex 8.4852814e-03 8.4852814e-03 7.0000000e-02
  vertex 1.2020815e-02 1.2020815e-02 7.0000000e-02
 endloop
endfacet
facet normal 0.000000e+00 0.000000e+00 -1.000000e+00
 outer loop
  vertex 8.4852814e-03 8.4852814e-03 7.0000000e-02
  vertex 1.1416502e-02 1.2596169e-02 7.0000000e-02
  vertex 1.2020815e-02 1.2020815e-02 7.0000000e-02
 endloop
endfacet
facet normal 0.000000e+00 0.000000e+00 -1.000000e+00
 outer loop
  vertex 8.4852814e-03 8.4852814e-03 7.0000000e-02
  vertex 8.0587075e-03 8.8914135e-03 7.0000000e-02
  vertex 1.1416502e-02 1.2596169e-02 7.0000000e-02
 endloop
endfacet
facet normal 0.000000e+00 0.000000e+00 -1.000000e+00
 outer loop
  vertex 8.0587075e-03 8.8914135e-03 7.0000000e-02
  vertex 1.0784686e-02 1.3141178e-02 7.0000000e-02
  vertex 1.1416502e-02 1.2596169e-02 7.0000000e-02
 endloop
endfacet
facet normal 0.000000e+00 0.000000e+00 -1.000000e+00
 outer loop
  vertex 8.0587075e-03 8.8914135e-03 7.0000000e-02
  vertex 7.6127194e-03 9.2761254e-03 7.0000000e-02
  vertex 1.0784686e-02 1.3141178e-02 7.0000000e-02
 endloop
endfacet
facet normal 0.000000e+00 0.000000e+00 -1.000000e+00
 outer loop
  vertex 7.6127194e-03 9.2761254e-03 7.0000000e-02
  vertex 1.0126888e-02 1.3654528e-02 7.0000000e-02
  vertex 1.0784686e-02 1.3141178e-02 7.0000000e-02
 endloop
endfacet
facet normal 0.000000e+00 0.000000e+00 -1.000000e+00
 outer loop
  vertex 7.6127194e-03 9.2761254e-03 7.0000000e-02
  vertex 7.1483917e-03 9.6384904e-03 7.0000000e-02
  vertex 1.0126888e-02 1.3654528e-02 7.0000000e-02
 endloop
endfacet
facet normal 0.000000e+00 0.000000e+00 -1.000000e+00
 outer loop
  vertex 7.1483917e-03 9.6384904e-03 7.0000000e-02
  vertex 9.4446940e-03 1.4134983e-02 7.0000000e-02
  vertex 1.0126888e-02 1.3654528e-02 7.0000000e-02
 endloop
endfacet
facet normal 0.000000e+00 0.000000e+00 -1.000000e+00
 outer loop
  vertex 7.1483917e-03 9.6384904e-03 7.0000000e-02
  vertex 6.6668428e-03 9.9776353e-03 7.0000000e-02
  vertex 9.4446940e-03 1.4134983e-02 7.0000000e-02
 endloop
endfacet
facet normal 0.000000e+00 0.000000e+00 -1.000000e+00
 outer loop
  vertex 6.6668428e-03 9.9776353e-03 7.0000000e-02
  vertex 8.7397467e-03 1.4581386e-02 7.0000000e-02
  vertex 9.4446940e-03 1.4134983e-02 7.0000000e-02
 endloop
endfacet
facet normal 0.000000e+00 0.000000e+00 -1.000000e+00
 outer loop
  vertex 6.6668428e-03 9.9776353e-03 7.0000000e-02
  vertex 6.1692329e-03 1.0292743e-02 7.0000000e-02
  vertex 8.7397467e-03 1.4581386e-02 7.0000000e-02
 endloop
endfacet
facet normal 0.000000e+00 0.000000e+00 -1.000000e+00
 outer loop
  vertex 6.1692329e-03 1.0292743e-02 7.0000000e-02
  vertex 8.0137445e-03 1.4992661e-02 7.0000000e-02
  vertex 8.7397467e-03 1.4581386e-02 7.0000000e-02
 endloop
endfacet
facet normal 0.000000e+00 0.000000e+00 -1.000000e+00
 outer loop
  vertex 6.1692329e-03 1.0292743e-02 7.0000000e-02
  vertex 5.6567608e-03 1.0583055e-02 7.0000000e-02
  vertex 8.0137445e-03 1.4992661e-02 7.0000000e-02
 endloop
endfacet
facet normal 0.000000e+00 0.000000e+00 -1.000000e+00
 outer loop
  vertex 5.6567608e-03 1.0583055e-02 7.0000000e-02
  vertex 7.2684366e-03 1.5367818e-02 7.0000000e-02
  vertex 8.0137445e-03 1.4992661e-02 7.0000000e-02
 endloop
endfacet
facet normal 0.000000e+00 0.000000e+00 -1.000000e+00
 outer loop
  vertex 5.6567608e-03 1.0583055e-02 7.0000000e-02
  vertex 5.1306611e-03 1.0847872e-02 7.0000000e-02
  vertex 7.2684366e-03 1.5367818e-02 7.0000000e-02
 endloop
endfacet
facet normal 0.000000e+00 0.000000e+00 -1.000000e+00
 outer loop
  vertex 5.1306611e-03 1.0847872e-02 7.0000000e-02
  vertex 6.5056184e-03 1.5705952e-02 7.0000000e-02
  vertex 7.2684366e-03 1.5367818e-02 7.0000000e-02
 endloop
endfacet
facet normal 0.000000e+00 0.000000e+00 -1.000000e+00
 outer loop
  vertex 5.1306611e-03 1.0847872e-02 7.0000000e-02
  vertex 4.5922012e-03 1.1086554e-02 7.0000000e-02
  vertex 6.5056184e-03 1.5705952e-02 7.0000000e-02
 endloop
endfacet
facet normal 0.000000e+00 0.000000e+00 -1.000000e+00
 outer loop
  vertex 4.5922012e-03 1.1086554e-02 7.0000000e-02
  vertex 5.7271275e-03 1.6006249e-02 7.0000000e-02
  vertex 6.5056184e-03 1.5705952e-02 7.0000000e-02
 endloop
endfacet
facet normal 0.000000e+00 0.000000e+00 -1.000000e+00
 outer loop
  vertex 4.5922012e-03 1.1086554e-02 7.0000000e-02
  vertex 4.0426782e-03 1.1298529e-02 7.0000000e-02
  vertex 5.7271275e-03 1.6006249e-02 7.0000000e-02
 endloop
endfacet
facet normal 0.000000e+00 0.000000e+00 -1.000000e+00
 outer loop
  vertex 4.0426782e-03 1.1298529e-02 7.0000000e-02
  vertex 4.9348395e-03 1.6267986e-02 7.0000000e-02
  vertex 5.7271275e-03 1.6006249e-02 7.0000000e-02
 endloop
endfacet
facet normal 0.000000e+00 0.000000e+00 -1.000000e+00
 outer loop
  vertex 4.0426782e-03 1.1298529e-02 7.0000000e-02
  vertex 3.4834161e-03 1.1483284e-02 7.0000000e-02
  vertex 4.9348395e-03 1.6267986e-02 7.0000000e-02
 endloop
endfacet
facet normal 0.000000e+00 0.000000e+00 -1.000000e+00
 outer loop
  vertex 3.4834161e-03 1.1483284e-02 7.0000000e-02
  vertex 4.1306631e-03 1.6490531e-02 7.0000000e-02
  vertex 4.9348395e-03 1.6267986e-02 7.0000000e-02
 endloop
endfacet
facet normal 0.000000e+00 0.000000e+00 -1.000000e+00
 outer loop
  vertex 3.4834161e-03 1.1483284e-02 7.0000000e-02
  vertex 2.9157622e-03 1.1640375e-02 7.0000000e-02
  vertex 4.1306631e-03 1.6490531e-02 7.0000000e-02
 endloop
endfacet
facet normal 0.000000e+00 0.000000e+00 -1.000000e+00
 outer loop
  vertex 2.9157622e-03 1.1640375e-02 7.0000000e-02
  vertex 3.3165355e-03 1.6673350e-02 7.0000000e-02
  vertex 4.1306631e-03 1.6490531e-02 7.0000000e-02
 endloop
endfacet
facet normal 0.000000e+00 0.000000e+00 -1.000000e+00
 outer loop
  vertex 2.9157622e-03 1.1640375e-02 7.0000000e-02
  vertex 2.3410839e-03 1.1769423e-02 7.0000000e-02
  vertex 3.3165355e-03 1.6673350e-02 7.0000000e-02
 endloop
endfacet
facet normal 0.000000e+00 0.000000e+00 -1.000000e+00
 outer loop
  vertex 2.3410839e-03 1.1769423e-02 7.0000000e-02
  vertex 2.4944181e-03 1.6816001e-02 7.0000000e-02
  vertex 3.3165355e-03 1.6673350e-02 7.0000000e-02
 endloop
endfacet
facet normal 0.000000e+00 0.000000e+00 -1.000000e+00
 outer loop
  vertex 2.3410839e-03 1.1769423e-02 7.0000000e-02
  vertex 1.7607657e-03 1.1870118e-02 7.0000000e-02
  vertex 2.4944181e-03 1.6816001e-02 7.0000000e-02
 endloop
endfacet
facet normal 0.000000e+00 0.000000e+00 -1.000000e+00
 outer loop
  vertex 1.7607657e-03 1.1870118e-02 7.0000000e-02
  vertex 1.6662914e-03 1.6918140e-02 7.0000000e-02
  vertex 2.4944181e-03 1.6816001e-02 7.0000000e-02
 endloop
endfacet
facet normal 0.000000e+00 0.000000e+00 -1.000000e+00
 outer loop
  vertex 1.7607657e-03 1.1870118e-02 7.0000000e-02
  vertex 1.1762057e-03 1.1942217e-02 7.0000000e-02
  vertex 1.6662914e-03 1.6918140e-02 7.0000000e-02
 endloop
endfacet
facet normal 0.000000e+00 0.000000e+00 -1.000000e+00
 outer loop
  vertex 1.1762057e-03 1.1942217e-02 7.0000000e-02
  vertex 8.3415046e-04 1.6979523e-02 7.0000000e-02
  vertex 1.6662914e-03 1.6918140e-02 7.0000000e-02
 endloop
endfacet
facet normal 0.000000e+00 0.000000e+00 -1.000000e+00
 outer loop
  vertex 1.1762057e-03 1.1942217e-02 7.0000000e-02
  vertex 5.8881209e-04 1.1985545e-02 7.0000000e-02
  vertex 8.3415046e-04 1.6979523e-02 7.0000000e-02
 endloop
endfacet
facet normal 0.000000e+00 0.000000e+00 -1.000000e+00
 outer loop
  vertex 5.8881209e-04 1.1985545e-02 7.0000000e-02
  vertex 1.0409498e-18 1.7000000e-02 7.0000000e-02
  vertex 8.3415046e-04 1.6979523e-02 7.0000000e-02
 endloop
endfacet
facet normal 0.000000e+00 0.000000e+00 -1.000000e+00
 outer loop
  vertex 5.8881209e-04 1.1985545e-02 7.0000000e-02
  vertex 7.3478808e-19 1.2000000e-02 7.0000000e-02
  vertex 1.0409498e-18 1.7000000e-02 7.0000000e-02
 endloop
endfacet
facet normal 0.000000e+00 0.000000e+00 -1.000000e+00
 outer loop
  vertex 7.3478808e-19 1.2000000e-02 7.0000000e-02
  vertex -8.3415046e-04 1.6979523e-02 7.0000000e-02
  vertex 1.0409498e-18 1.7000000e-02 7.0000000e-02
 endloop
endfacet
facet normal -0.000000e+00 0.000000e+00 -1.000000e+00
 outer loop
  vertex 7.3478808e-19 1.2000000e-02 7.0000000e-02
  vertex -5.8881209e-04 1.1985545e-02 7.0000000e-02
  vertex -8.3415046e-04 1.6979523e-02 7.0000000e-02
 endloop
endfacet
facet normal 0.000000e+00 0.000000e+00 -1.000000e+00
 outer loop
  vertex -5.8881209e-04 1.1985545e-02 7.0000000e-02
  vertex -1.6662914e-03 1.6918140e-02 7.0000000e-02
  vertex -8.3415046e-04 1.6979523e-02 7.0000000e-02
 endloop
endfacet
facet normal -0.000000e+00 0.000000e+00 -1.000000e+00
 outer loop
  vertex -5.8881209e-04 1.1985545e-02 7.0000000e-02
  vertex -1.1762057e-03 1.1942217e-02 7.0000000e-02
  vertex -1.6662914e-03 1.6918140e-02 7.0000000e-02
 endloop
endfacet
facet normal 0.000000e+00 0.000000e+00 -1.000000e+00
 outer loop
  vertex -1.1762057e-03 1.1942217e-02 7.0000000e-02
  vertex -2.4944181e-03 1.6816001e-02 7.0000000e-02
  vertex -1.6662914e-03 1.6918140e-02 7.0000000e-02
 endloop
endfacet
facet normal -0.000000e+00 0.000000e+00 -1.000000e+00
 outer loop
  vertex -1.1762057e-03 1.1942217e-02 7.0000000e-02
  vertex -1.7607657e-03 1.1870118e-02 7.0000000e-02
  vertex -2.4944181e-03 1.6816001e-02 7.0000000e-02
 endloop
endfacet
facet normal 0.000000e+00 0.000000e+00 -1.000000e+00
 outer loop
  vertex -1.7607657e-03 1.1870118e-02 7.0000000e-02
  vertex -3.3165355e-03 1.6673350e-02 7.0000000e-02
  vertex -2.4944181e-03 1.6816001e-02 7.0000000e-02
 endloop
endfacet
facet normal -0.000000e+00 0.000000e+00 -1.000000e+00
 outer loop
  vertex -1.7607657e-03 1.1870118e-02 7.0000000e-02
  vertex -2.3410839e-03 1.1769423e-02 7.0000000e-02
  vertex -3.3165355e-03 1.6673350e-02 7.0000000e-02
 endloop
endfacet
facet normal 0.000000e+00 0.000000e+00 -1.000000e+00
 outer loop
  vertex -2.3410839e-03 1.1769423e-02 7.0000000e-02
  vertex -4.1306631e-03 1.6490531e-02 7.0000000e-02
  vertex -3.3165355e-03 1.6673350e-02 7.0000000e-02
 endloop
endfacet
facet normal -0.000000e+00 0.000000e+00 -1.000000e+00
 outer loop
  vertex -2.3410839e-03 1.1769423e-02 7.0000000e-02
  vertex -2.9157622e-03 1.1640375e-02 7.0000000e-02
  vertex -4.1306631e-03 1.6490531e-02 7.0000000e-02
 endloop
endfacet
facet normal 0.000000e+00 0.000000e+00 -1.000000e+00
 outer loop
  vertex -2.9157622e-03 1.1640375e-02 7.0000000e-02
  vertex -4.9348395e-03 1.6267986e-02 7.0000000e-02
  vertex -4.1306631e-03 1.6490531e-02 7.0000000e-02
 endloop
endfacet
facet normal -0.000000e+00 0.000000e+00 -1.000000e+00
 outer loop
  vertex -2.9157622e-03 1.1640375e-02 7.0000000e-02
  vertex -3.4834161e-03 1.1483284e-02 7.0000000e-02
  vertex -4.9348395e-03 1.6267986e-02 7.0000000e-02
 endloop
endfacet
facet normal 0.000000e+00 0.000000e+00 -1.000000e+00
 outer loop
  vertex -3.4834161e-03 1.1483284e-02 7.0000000e-02
  vertex -5.7271275e-03 1.6006249e-02 7.0000000e-02
  vertex -4.9348395e-03 1.6267986e-02 7.0000000e-02
 endloop
endfacet
facet normal -0.000000e+00 0.000000e+00 -1.000000e+00
 outer loop
  vertex -3.4834161e-03 1.1483284e-02 7.0000000e-02
  vertex -4.0426782e-03 1.1298529e-02 7.0000000e-02
  vertex -5.7271275e-03 1.6006249e-02 7.0000000e-02
 endloop
endfacet
facet normal 0.000000e+00 0.000000e+00 -1.000000e+00
 outer loop
  vertex -4.0426782e-03 1.1298529e-02 7.0000000e-02
  vertex -6.5056184e-03 1.5705952e-02 7.0000000e-02
  vertex -5.7271275e-03 1.6006249e-02 7.0000000e-02
 endloop
endfacet
facet normal -0.000000e+00 0.000000e+00 -1.000000e+00
 outer loop
  vertex -4.0426782e-03 1.1298529e-02 7.0000000e-02
  vertex -4.5922012e-03 1.1086554e-02 7.0000000e-02
  vertex -6.5056184e-03 1.5705952e-02 7.0000000e-02
 endloop
endfacet
facet normal 0.000000e+00 0.000000e+00 -1.000000e+00
 outer loop
  vertex -4.5922012e-03 1.1086554e-02 7.0000000e-02
  vertex -7.2684366e-03 1.5367818e-02 7.0000000e-02
  vertex -6.5056184e-03 1.5705952e-02 7.0000000e-02
 endloop
endfacet
facet normal -0.000000e+00 0.000000e+00 -1.000000e+00
 outer loop
  vertex -4.5922012e-03 1.1086554e-02 7.0000000e-02
  vertex -5.1306611e-03 1.0847872e-02 7.0000000e-02
  vertex -7.2684366e-03 1.5367818e-02 7.0000000e-02
 endloop
endfacet
facet normal 0.000000e+00 0.000000e+00 -1.000000e+00
 outer loop
  vertex -5.1306611e-03 1.0847872e-02 7.0000000e-02
  vertex -8.0137445e-03 1.4992661e-02 7.0000000e-02
  vertex -7.2684366e-03 1.5367818e-02 7.0000000e-02
 endloop
endfacet
facet normal -0.000000e+00 0.000000e+00 -1.000000e+00
 outer loop
  vertex -5.1306611e-03 1.0847872e-02 7.0000000e-02
  vertex -5.6567608e-03 1.0583055e-02 7.0000000e-02
  vertex -8.0137445e-03 1.4992661e-02 7.0000000e-02
 endloop
endfacet
facet normal 0.000000e+00 0.000000e+00 -1.000000e+00
 outer loop
  vertex -5.6567608e-03 1.0583055e-02 7.0000000e-02
  vertex -8.7397467e-03 1.4581386e-02 7.0000000e-02
  vertex -8.0137445e-03 1.4992661e-02 7.0000000e-02
 endloop
endfacet
facet normal -0.000000e+00 0.000000e+00 -1.000000e+00
 outer loop
  vertex -5.6567608e-03 1.0583055e-02 7.0000000e-02
  vertex -6.1692329e-03 1.0292743e-02 7.0000000e-02
  vertex -8.7397467e-03 1.4581386e-02 7.0000000e-02
 endloop
endfacet
facet normal 0.000000e+00 0.000000e+00 -1.000000e+00
 outer loop
  vertex -6.1692329e-03 1.0292743e-02 7.0000000e-02
  vertex -9.4446940e-03 1.4134983e-02 7.0000000e-02
  vertex -8.7397467e-03 1.4581386e-02 7.0000000e-02
 endloop
endfacet
facet normal -0.000000e+00 0.000000e+00 -1.000000e+00
 outer loop
  vertex -6.1692329e-03 1.0292743e-02 7.0000000e-02
  vertex -6.6668428e-03 9.9776353e-03 7.0000000e-02
  vertex -9.4446940e-03 1.4134983e-02 7.0000000e-02
 endloop
endfacet
facet normal 0.000000e+00 0.000000e+00 -1.000000e+00
 outer loop
  vertex -6.6668428e-03 9.9776353e-03 7.0000000e-02
  vertex -1.0126888e-02 1.3654528e-02 7.0000000e-02
  vertex -9.4446940e-03 1.4134983e-02 7.0000000e-02
 endloop
endfacet
facet normal -0.000000e+00 0.000000e+00 -1.000000e+00
 outer loop
  vertex -6.6668428e-03 9.9776353e-03 7.0000000e-02
  vertex -7.1483917e-03 9.6384904e-03 7.0000000e-02
  vertex -1.0126888e-02 1.3654528e-02 7.0000000e-02
 endloop
endfacet
facet normal 0.000000e+00 0.000000e+00 -1.000000e+00
 outer loop
  vertex -7.1483917e-03 9.6384904e-03 7.0000000e-02
  vertex -1.0784686e-02 1.3141178e-02 7.0000000e-02
  vertex -1.0126888e-02 1.3654528e-02 7.0000000e-02
 endloop
endfacet
facet normal -0.000000e+00 0.000000e+00 -1.000000e+00
 outer loop
  vertex -7.1483917e-03 9.6384904e-03 7.0000000e-02
  vertex -7.6127194e-03 9.2761254e-03 7.0000000e-02
  vertex -1.0784686e-02 1.3141178e-02 7.0000000e-02
 endloop
endfacet
facet normal 0.000000e+00 0.000000e+00 -1.000000e+00
 outer loop
  vertex -7.6127194e-03 9.2761254e-03 7.0000000e-02
  vertex -1.1416502e-02 1.2596169e-02 7.0000000e-02
  vertex -1.0784686e-02 1.3141178e-02 7.0000000e-02
 endloop
endfacet
facet normal -0.000000e+00 0.000000e+00 -1.000000e+00
 outer loop
  vertex -7.6127194e-03 9.2761254e-03 7.0000000e-02
  vertex -8.0587075e-03 8.8914135e-03 7.0000000e-02
  vertex -1.1416502e-02 1.2596169e-02 7.0000000e-02
 endloop
endfacet
facet normal 0.000000e+00 0.000000e+00 -1.000000e+00
 outer loop
  vertex -8.0587075e-03 8.8914135e-03 7.0000000e-02
  vertex -1.2020815e-02 1.2020815e-02 7.0000000e-02
  vertex -1.1416502e-02 1.2596169e-02 7.0000000e-02
 endloop
endfacet
facet normal -0.000000e+00 0.000000e+00 -1.000000e+00
 outer loop
  vertex -8.0587075e-03 8.8914135e-03 7.0000000e-02
  vertex -8.4852814e-03 8.4852814e-03 7.0000000e-02
  vertex -1.2020815e-02 1.2020815e-02 7.0000000e-02
 endloop
endfacet
facet normal 0.000000e+00 0.000000e+00 -1.000000e+00
 outer loop
  vertex -8.4852814e-03 8.4852814e-03 7.0000000e-02
  vertex -1.2596169e-02 1.1416502e-02 7.0000000e-02
  vertex -1.2020815e-02 1.2020815e-02 7.0000000e-02
 endloop
endfacet
facet normal -0.000000e+00 0.000000e+00 -1.000000e+00
 outer loop
  vertex -8.4852814e-03 8.4852814e-03 7.0000000e-02
  vertex -8.8914135e-03 8.0587075e-03 7.0000000e-02
  vertex -1.2596169e-02 1.1416502e-02 7.0000000e-02
 endloop
endfacet
facet normal 0.000000e+00 0.000000e+00 -1.000000e+00
 outer loop
  vertex -8.8914135e-03 8.0587075e-03 7.0000000e-02
  vertex -1.3141178e-02 1.0784686e-02 7.0000000e-02
  vertex -1.2596169e-02 1.1416502e-02 7.0000000e-02
 endloop
endfacet
facet normal -0.000000e+00 0.000000e+00 -1.000000e+00
 outer loop
  vertex -8.8914135e-03 8.0587075e-03 7.0000000e-02
  vertex -9.2761254e-03 7.6127194e-03 7.0000000e-02
  vertex -1.3141178e-02 1.0784686e-02 7.0000000e-02
 endloop
endfacet
facet normal 0.000000e+00 0.000000e+00 -1.000000e+00
 outer loop
  vertex -9.2761254e-03 7.6127194e-03 7.0000000e-02
  vertex -1.3654528e-02 1.0126888e-02 7.0000000e-02
  vertex -1.3141178e-02 1.0784686e-02 7.0000000e-02
 endloop
endfacet
facet normal -0.000000e+00 0.000000e+00 -1.000000e+00
 outer loop
  vertex -9.2761254e-03 7.6127194e-03 7.0000000e-02
  vertex -9.6384904e-03 7.1483917e-03 7.0000000e-02
  vertex -1.3654528e-02 1.0126888e-02 7.0000000e-02
 endloop
endfacet
facet normal 0.000000e+00 0.000000e+00 -1.000000e+00
 outer loop
  vertex -9.6384904e-03 7.1483917e-03 7.0000000e-02
  vertex -1.4134983e-02 9.4446940e-03 7.0000000e-02
  vertex -1.3654528e-02 1.0126888e-02 7.0000000e-02
 endloop
endfacet
facet normal -0.000000e+00 0.000000e+00 -1.000000e+00
 outer loop
  vertex -9.6384904e-03 7.1483917e-03 7.0000000e-02
  vertex -9.9776353e-03 6.6668428e-03 7.0000000e-02
  vertex -1.4134983e-02 9.4446940e-03 7.0000000e-02
 endloop
endfacet
facet normal 0.000000e+00 0.000000e+00 -1.000000e+00
 outer loop
  vertex -9.9776353e-03 6.6668428e-03 7.0000000e-02
  vertex -1.4581386e-02 8.7397467e-03 7.0000000e-02
  vertex -1.4134983e-02 9.4446940e-03 7.0000000e-02
 endloop
endfacet
facet normal -0.000000e+00 0.000000e+00 -1.000000e+00
 outer loop
  vertex -9.9776353e-03 6.6668428e-03 7.0000000e-02
  vertex -1.0292743e-02 6.1692329e-03 7.0000000e-02
  vertex -1.4581386e-02 8.7397467e-03 7.0000000e-02
 endloop
endfacet
facet normal 0.000000e+00 0.000000e+00 -1.000000e+00
 outer loop
  vertex -1.0292743e-02 6.1692329e-03 7.0000000e-02
  vertex -1.4992661e-02 8.0137445e-03 7.0000000e-02
  vertex -1.4581386e-02 8.7397467e-03 7.0000000e-02
 endloop
endfacet
facet normal -0.000000e+00 0.000000e+00 -1.000000e+00
 outer loop
  vertex -1.0292743e-02 6.1692329e-03 7.0000000e-02
  vertex -1.0583055e-02 5.6567608e-03 7.0000000e-02
  vertex -1.4992661e-02 8.0137445e-03 7.0000000e-02
 endloop
endfacet
facet normal 0.000000e+00 0.000000e+00 -1.000000e+00
 outer loop
  vertex -1.0583055e-02 5.6567608e-03 7.0000000e-02
  vertex -1.5367818e-02 7.2684366e-03 7.0000000e-02
  vertex -1.4992661e-02 8.0137445e-03 7.0000000e-02
 endloop
endfacet
facet normal -0.000000e+00 0.000000e+00 -1.000000e+00
 outer loop
  vertex -1.0583055e-02 5.6567608e-03 7.0000000e-02
  vertex -1.0847872e-02 5.1306611e-03 7.0000000e-02
  vertex -1.5367818e-02 7.2684366e-03 7.0000000e-02
 endloop
endfacet
facet normal 0.000000e+00 0.000000e+00 -1.000000e+00
 outer loop
  vertex -1.0847872e-02 5.1306611e-03 7.0000000e-02
  vertex -1.5705952e-02 6.5056184e-03 7.0000000e-02
  vertex -1.5367818e-02 7.2684366e-03 7.0000000e-02
 endloop
endfacet
facet normal -0.000000e+00 0.000000e+00 -1.000000e+00
 outer loop
  vertex -1.0847872e-02 5.1306611e-03 7.0000000e-02
  vertex -1.1086554e-02 4.5922012e-03 7.0000000e-02
  vertex -1.5705952e-02 6.5056184e-03 7.0000000e-02
 endloop
endfacet
facet normal 0.000000e+00 0.000000e+00 -1.000000e+00
 outer loop
  vertex -1.1086554e-02 4.5922012e-03 7.0000000e-02
  vertex -1.6006249e-02 5.7271275e-03 7.0000000e-02
  vertex -1.5705952e-02 6.5056184e-03 7.0000000e-02
 endloop
endfacet
facet normal -0.000000e+00 0.000000e+00 -1.000000e+00
 outer loop
  vertex -1.1086554e-02 4.5922012e-03 7.0000000e-02
  vertex -1.1298529e-02 4.0426782e-03 7.0000000e-02
  vertex -1.6006249e-02 5.7271275e-03 7.0000000e-02
 endloop
endfacet
facet normal 0.000000e+00 0.000000e+00 -1.000000e+00
 outer loop
  vertex -1.1298529e-02 4.0426782e-03 7.0000000e-02
  vertex -1.6267986e-02 4.9348395e-03 7.0000000e-02
  vertex -1.6006249e-02 5.7271275e-03 7.0000000e-02
 endloop
endfacet
facet normal -0.000000e+00 0.000000e+00 -1.000000e+00
 outer loop
  vertex -1.1298529e-02 4.0426782e-03 7.0000000e-02
  vertex -1.1483284e-02 3.4834161e-03 7.0000000e-02
  vertex -1.6267986e-02 4.9348395e-03 7.0000000e-02
 endloop
endfacet
facet normal 0.000000e+00 0.000000e+00 -1.000000e+00
 outer loop
  vertex -1.1483284e-02 3.4834161e-03 7.0000000e-02
  vertex -1.6490531e-02 4.1306631e-03 7.0000000e-02
  vertex -1.6267986e-02 4.9348395e-03 7.0000000e-02
 endloop
endfacet
facet normal -0.000000e+00 0.000000e+00 -1.000000e+00
 outer loop
  vertex -1.1483284e-02 3.4834161e-03 7.0000000e-02
  vertex -1.1640375e-02 2.9157622e-03 7.0000000e-02
  vertex -1.6490531e-02 4.1306631e-03 7.0000000e-02
 endloop
endfacet
facet normal 0.000000e+00 0.000000e+00 -1.000000e+00
 outer loop
  vertex -1.1640375e-02 2.9157622e-03 7.0000000e-02
  vertex -1.6673350e-02 3.3165355e-03 7.0000000e-02
  vertex -1.6490531e-02 4.1306631e-03 7.0000000e-02
 endloop
endfacet
facet normal -0.000000e+00 0.000000e+00 -1.000000e+00
 outer loop
  vertex -1.1640375e-02 2.9157622e-03 7.0000000e-02
  vertex -1.1769423e-02 2.3410839e-03 7.0000000e-02
  vertex -1.6673350e-02 3.3165355e-03 7.0000000e-02
 endloop
endfacet
facet normal 0.000000e+00 0.000000e+00 -1.000000e+00
 outer loop
  vertex -1.1769423e-02 2.3410839e-03 7.0000000e-02
  vertex -1.6816001e-02 2.4944181e-03 7.0000000e-02
  vertex -1.6673350e-02 3.3165355e-03 7.0000000e-02
 endloop
endfacet
facet normal -0.000000e+00 0.000000e+00 -1.000000e+00
 outer loop
  vertex -1.1769423e-02 2.3410839e-03 7.0000000e-02
  vertex -1.1870118e-02 1.7607657e-03 7.0000000e-02
  vertex -1.6816001e-02 2.4944181e-03 7.0000000e-02
 endloop
endfacet
facet normal -0.000000e+00 0.000000e+00 -1.000000e+00
 outer loop
  vertex -1.1870118e-02 1.7607657e-03 7.0000000e-02
  vertex -1.6918140e-02 1.6662914e-03 7.0000000e-02
  vertex -1.6816001e-02 2.4944181e-03 7.0000000e-02
 endloop
endfacet
facet normal 0.000000e+00 0.000000e+00 -1.000000e+00
 outer loop
  vertex -1.1870118e-02 1.7607657e-03 7.0000000e-02
  vertex -1.1942217e-02 1.1762057e-03 7.0000000e-02
  vertex -1.6918140e-02 1.6662914e-03 7.0000000e-02
 endloop
endfacet
facet normal -0.000000e+00 0.000000e+00 -1.000000e+00
 outer loop
  vertex -1.1942217e-02 1.1762057e-03 7.0000000e-02
  vertex -1.6979523e-02 8.3415046e-04 7.0000000e-02
  vertex -1.6918140e-02 1.6662914e-03 7.0000000e-02
 endloop
endfacet
facet normal 0.000000e+00 0.000000e+00 -1.000000e+00
 outer loop
  vertex -1.1942217e-02 1.1762057e-03 7.0000000e-02
  vertex -1.1985545e-02 5.8881209e-04 7.0000000e-02
  vertex -1.6979523e-02 8.3415046e-04 7.0000000e-02
 endloop
endfacet
facet normal -0.000000e+00 0.000000e+00 -1.000000e+00
 outer loop
  vertex -1.1985545e-02 5.8881209e-04 7.0000000e-02
  vertex -1.7000000e-02 2.0818996e-18 7.0000000e-02
  vertex -1.6979523e-02 8.3415046e-04 7.0000000e-02
 endloop
endfacet
facet normal 0.000000e+00 0.000000e+00 -1.000000e+00
 outer loop
  vertex -1.1985545e-02 5.8881209e-04 7.0000000e-02
  vertex -1.2000000e-02 1.4695762e-18 7.0000000e-02
  vertex -1.7000000e-02 2.0818996e-18 7.0000000e-02
 endloop
endfacet
facet normal -0.000000e+00 0.000000e+00 -1.000000e+00
 outer loop
  vertex -1.2000000e-02 1.4695762e-18 7.0000000e-02
  vertex -1.6979523e-02 -8.3415046e-04 7.0000000e-02
  vertex -1.7000000e-02 2.0818996e-18 7.0000000e-02
 endloop
endfacet
facet normal 0.000000e+00 -0.000000e+00 -1.000000e+00
 outer loop
  vertex -1.2000000e-02 1.4695762e-18 7.0000000e-02
  vertex -1.1985545e-02 -5.8881209e-04 7.0000000e-02
  vertex -1.6979523e-02 -8.3415046e-04 7.0000000e-02
 endloop
endfacet
facet normal 0.000000e+00 0.000000e+00 -1.000000e+00
 outer loop
  vertex -1.1985545e-02 -5.8881209e-04 7.0000000e-02
  vertex -1.6918140e-02 -1.6662914e-03 7.0000000e-02
  vertex -1.6979523e-02 -8.3415046e-04 7.0000000e-02
 endloop
endfacet
facet normal 0.000000e+00 -0.000000e+00 -1.000000e+00
 outer loop
  vertex -1.1985545e-02 -5.8881209e-04 7.0000000e-02
  vertex -1.1942217e-02 -1.1762057e-03 7.0000000e-02
  vertex -1.6918140e-02 -1.6662914e-03 7.0000000e-02
 endloop
endfacet
facet normal 0.000000e+00 0.000000e+00 -1.000000e+00
 outer loop
  vertex -1.1942217e-02 -1.1762057e-03 7.0000000e-02
  vertex -1.6816001e-02 -2.4944181e-03 7.0000000e-02
  vertex -1.6918140e-02 -1.6662914e-03 7.0000000e-02
 endloop
endfacet
facet normal 0.000000e+00 -0.000000e+00 -1.000000e+00
 outer loop
  vertex -1.1942217e-02 -1.1762057e-03 7.0000000e-02
  vertex -1.1870118e-02 -1.7607657e-03 7.0000000e-02
  vertex -1.6816001e-02 -2.4944181e-03 7.0000000e-02
 endloop
endfacet
facet normal 0.000000e+00 0.000000e+00 -1.000000e+00
 outer loop
  vertex -1.1870118e-02 -1.7607657e-03 7.0000000e-02
  vertex -1.6673350e-02 -3.3165355e-03 7.0000000e-02
  vertex -1.6816001e-02 -2.4944181e-03 7.0000000e-02
 endloop
endfacet
facet normal 0.000000e+00 -0.000000e+00 -1.000000e+00
 outer loop
  vertex -1.1870118e-02 -1.7607657e-03 7.0000000e-02
  vertex -1.1769423e-02 -2.3410839e-03 7.0000000e-02
  vertex -1.6673350e-02 -3.3165355e-03 7.0000000e-02
 endloop
endfacet
facet normal 0.000000e+00 0.000000e+00 -1.000000e+00
 outer loop
  vertex -1.1769423e-02 -2.3410839e-03 7.0000000e-02
  vertex -1.6490531e-02 -4.1306631e-03 7.0000000e-02
  vertex -1.6673350e-02 -3.3165355e-03 7.0000000e-02
 endloop
endfacet
facet normal 0.000000e+00 -0.000000e+00 -1.000000e+00
 outer loop
  vertex -1.1769423e-02 -2.3410839e-03 7.0000000e-02
  vertex -1.1640375e-02 -2.9157622e-03 7.0000000e-02
  vertex -1.6490531e-02 -4.1306631e-03 7.0000000e-02
 endloop
endfacet
facet normal 0.000000e+00 0.000000e+00 -1.000000e+00
 outer loop
  vertex -1.1640375e-02 -2.9157622e-03 7.0000000e-02
  vertex -1.6267986e-02 -4.9348395e-03 7.0000000e-02
  vertex -1.6490531e-02 -4.1306631e-03 7.0000000e-02
 endloop
endfacet
facet normal 0.000000e+00 -0.000000e+00 -1.000000e+00
 outer loop
  vertex -1.1640375e-02 -2.9157622e-03 7.0000000e-02
  vertex -1.1483284e-02 -3.4834161e-03 7.0000000e-02
  vertex -1.6267986e-02 -4.9348395e-03 7.0000000e-02
 endloop
endfacet
facet normal 0.000000e+00 0.000000e+00 -1.000000e+00
 outer loop
  vertex -1.1483284e-02 -3.4834161e-03 7.0000000e-02
  vertex -1.6006249e-02 -5.7271275e-03 7.0000000e-02
  vertex -1.6267986e-02 -4.9348395e-03 7.0000000e-02
 endloop
endfacet
facet normal 0.000000e+00 -0.000000e+00 -1.000000e+00
 outer loop
  vertex -1.1483284e-02 -3.4834161e-03 7.0000000e-02
  vertex -1.1298529e-02 -4.0426782e-03 7.0000000e-02
  vertex -1.6006249e-02 -5.7271275e-03 7.0000000e-02
 endloop
endfacet
facet normal 0.000000e+00 0.000000e+00 -1.000000e+00
 outer loop
  vertex -1.1298529e-02 -4.0426782e-03 7.0000000e-02
  vertex -1.5705952e-02 -6.5056184e-03 7.0000000e-02
  vertex -1.6006249e-02 -5.7271275e-03 7.0000000e-02
 endloop
endfacet
facet normal 0.000000e+00 -0.000000e+00 -1.000000e+00
 outer loop
  vertex -1.1298529e-02 -4.0426782e-03 7.0000000e-02
  vertex -1.1086554e-02 -4.5922012e-03 7.0000000e-02
  vertex -1.5705952e-02 -6.5056184e-03 7.0000000e-02
 endloop
endfacet
facet normal 0.000000e+00 0.000000e+00 -1.000000e+00
 outer loop
  vertex -1.1086554e-02 -4.5922012e-03 7.0000000e-02
  vertex -1.5367818e-02 -7.2684366e-03 7.0000000e-02
  vertex -1.5705952e-02 -6.5056184e-03 7.0000000e-02
 endloop
endfacet
facet normal 0.000000e+00 -0.000000e+00 -1.000000e+00
 outer loop
  vertex -1.1086554e-02 -4.5922012e-03 7.0000000e-02
  vertex -1.0847872e-02 -5.1306611e-03 7.0000000e-02
  vertex -1.5367818e-02 -7.2684366e-03 7.0000000e-02
 endloop
endfacet
facet normal 0.000000e+00 0.000000e+00 -1.000000e+00
 outer loop
  vertex -1.0847872e-02 -5.1306611e-03 7.0000000e-02
  vertex -1.4992661e-02 -8.0137445e-03 7.0000000e-02
  vertex -1.5367818e-02 -7.2684366e-03 7.0000000e-02
 endloop
endfacet
facet normal 0.000000e+00 -0.000000e+00 -1.000000e+00
 outer loop
  vertex -1.0847872e-02 -5.1306611e-03 7.0000000e-02
  vertex -1.0583055e-02 -5.6567608e-03 7.0000000e-02
  vertex -1.4992661e-02 -8.0137445e-03 7.0000000e-02
 endloop
endfacet
facet normal 0.000000e+00 0.000000e+00 -1.000000e+00
 outer loop
  vertex -1.0583055e-02 -5.6567608e-03 7.0000000e-02
  vertex -1.4581386e-02 -8.7397467e-03 7.0000000e-02
  vertex -1.4992661e-02 -8.0137445e-03 7.0000000e-02
 endloop
endfacet
facet normal 0.000000e+00 -0.000000e+00 -1.000000e+00
 outer loop
  vertex -1.0583055e-02 -5.6567608e-03 7.0000000e-02
  vertex -1.0292743e-02 -6.1692329e-03 7.0000000e-02
  vertex -1.4581386e-02 -8.7397467e-03 7.0000000e-02
 endloop
endfacet
facet normal 0.000000e+00 0.000000e+00 -1.000000e+00
 outer loop
  vertex -1.0292743e-02 -6.1692329e-03 7.0000000e-02
  vertex -1.4134983e-02 -9.4446940e-03 7.0000000e-02
  vertex -1.4581386e-02 -8.7397467e-03 7.0000000e-02
 endloop
endfacet
facet normal 0.000000e+00 -0.000000e+00 -1.000000e+00
 outer loop
  vertex -1.0292743e-02 -6.1692329e-03 7.0000000e-02
  vertex -9.9776353e-03 -6.6668428e-03 7.0000000e-02
  vertex -1.4134983e-02 -9.4446940e-03 7.0000000e-02
 endloop
endfacet
facet normal 0.000000e+00 0.000000e+00 -1.000000e+00
 outer loop
  vertex -9.9776353e-03 -6.6668428e-03 7.0000000e-02
  vertex -1.3654528e-02 -1.0126888e-02 7.0000000e-02
  vertex -1.4134983e-02 -9.4446940e-03 7.0000000e-02
 endloop
endfacet
facet normal 0.000000e+00 -0.000000e+00 -1.000000e+00
 outer loop
  vertex -9.9776353e-03 -6.6668428e-03 7.0000000e-02
  vertex -9.6384904e-03 -7.1483917e-03 7.0000000e-02
  vertex -1.3654528e-02 -1.0126888e-02 7.0000000e-02
 endloop
endfacet
facet normal 0.000000e+00 0.000000e+00 -1.000000e+00
 outer loop
  vertex -9.6384904e-03 -7.1483917e-03 7.0000000e-02
  vertex -1.3141178e-02 -1.0784686e-02 7.0000000e-02
  vertex -1.3654528e-02 -1.0126888e-02 7.0000000e-02
 endloop
endfacet
facet normal 0.000000e+00 -0.000000e+00 -1.000000e+00
 outer loop
  vertex -9.6384904e-03 -7.1483917e-03 7.0000000e-02
  vertex -9.2761254e-03 -7.6127194e-03 7.0000000e-02
  vertex -1.3141178e-02 -1.0784686e-02 7.0000000e-02
 endloop
endfacet
facet normal 0.000000e+00 0.000000e+00 -1.000000e+00
 outer loop
  vertex -9.2761254e-03 -7.6127194e-03 7.0000000e-02
  vertex -1.2596169e-02 -1.1416502e-02 7.0000000e-02
  vertex -1.3141178e-02 -1.0784686e-02 7.0000000e-02
 endloop
endfacet
facet normal 0.000000e+00 -0.000000e+00 -1.000000e+00
 outer loop
  vertex -9.2761254e-03 -7.6127194e-03 7.0000000e-02
  vertex -8.8914135e-03 -8.0587075e-03 7.0000000e-02
  vertex -1.2596169e-02 -1.1416502e-02 7.0000000e-02
 endloop
endfacet
facet normal 0.000000e+00 0.000000e+00 -1.000000e+00
 outer loop
  vertex -8.8914135e-03 -8.0587075e-03 7.0000000e-02
  vertex -1.2020815e-02 -1.2020815e-02 7.0000000e-02
  vertex -1.2596169e-02 -1.1416502e-02 7.0000000e-02
 endloop
endfacet
facet normal 0.000000e+00 -0.000000e+00 -1.000000e+00
 outer loop
  vertex -8.8914135e-03 -8.0587075e-03 7.0000000e-02
  vertex -8.4852814e-03 -8.4852814e-03 7.0000000e-02
  vertex -1.2020815e-02 -1.2020815e-02 7.0000000e-02
 endloop
endfacet
facet normal 0.000000e+00 0.000000e+00 -1.000000e+00
 outer loop
  vertex -8.4852814e-03 -8.4852814e-03 7.0000000e-02
  vertex -1.1416502e-02 -1.2596169e-02 7.0000000e-02
  vertex -1.2020815e-02 -1.2020815e-02 7.0000000e-02
 endloop
endfacet
facet normal 0.000000e+00 -0.000000e+00 -1.000000e+00
 outer loop
  vertex -8.4852814e-03 -8.4852814e-03 7.0000000e-02
  vertex -8.0587075e-03 -8.8914135e-03 7.0000000e-02
  vertex -1.1416502e-02 -1.2596169e-02 7.0000000e-02
 endloop
endfacet
facet normal 0.000000e+00 0.000000e+00 -1.000000e+00
 outer loop
  vertex -8.0587075e-03 -8.8914135e-03 7.0000000e-02
  vertex -1.0784686e-02 -1.3141178e-02 7.0000000e-02
  vertex -1.1416502e-02 -1.2596169e-02 7.0000000e-02
 endloop
endfacet
facet normal 0.000000e+00 -0.000000e+00 -1.000000e+00
 outer loop
  vertex -8.0587075e-03 -8.8914135e-03 7.0000000e-02
  vertex -7.6127194e-03 -9.2761254e-03 7.0000000e-02
  vertex -1.0784686e-02 -1.3141178e-02 7.0000000e-02
 endloop
endfacet
facet normal 0.000000e+00 0.000000e+00 -1.000000e+00
 outer loop
  vertex -7.6127194e-03 -9.2761254e-03 7.0000000e-02
  vertex -1.0126888e-02 -1.3654528e-02 7.0000000e-02
  vertex -1.0784686e-02 -1.3141178e-02 7.0000000e-02
 endloop
endfacet
facet normal 0.000000e+00 -0.000000e+00 -1.000000e+00
 outer loop
  vertex -7.6127194e-03 -9.2761254e-03 7.0000000e-02
  vertex -7.1483917e-03 -9.6384904e-03 7.0000000e-02
  vertex -1.0126888e-02 -1.3654528e-02 7.0000000e-02
 endloop
endfacet
facet normal 0.000000e+00 0.000000e+00 -1.000000e+00
 outer loop
  vertex -7.1483917e-03 -9.6384904e-03 7.0000000e-02
  vertex -9.4446940e-03 -1.4134983e-02 7.0000000e-02
  vertex -1.0126888e-02 -1.3654528e-02 7.0000000e-02
 endloop
endfacet
facet normal 0.000000e+00 -0.000000e+00 -1.000000e+00
 outer loop
  vertex -7.1483917e-03 -9.6384904e-03 7.0000000e-02
  vertex -6.6668428e-03 -9.9776353e-03 7.0000000e-02
  vertex -9.4446940e-03 -1.4134983e-02 7.0000000e-02
 endloop
endfacet
facet normal 0.000000e+00 0.000000e+00 -1.000000e+00
 outer loop
  vertex -6.6668428e-03 -9.9776353e-03 7.0000000e-02
  vertex -8.7397467e-03 -1.4581386e-02 7.0000000e-02
  vertex -9.4446940e-03 -1.4134983e-02 7.0000000e-02
 endloop
endfacet
facet normal 0.000000e+00 -0.000000e+00 -1.000000e+00
 outer loop
  vertex -6.6668428e-03 -9.9776353e-03 7.0000000e-02
  vertex -6.1692329e-03 -1.0292743e-02 7.0000000e-02
  vertex -8.7397467e-03 -1.4581386e-02 7.0000000e-02
 endloop
endfacet
facet normal 0.000000e+00 0.000000e+00 -1.000000e+00
 outer loop
  vertex -6.1692329e-03 -1.0292743e-02 7.0000000e-02
  vertex -8.0137445e-03 -1.4992661e-02 7.0000000e-02
  vertex -8.7397467e-03 -1.4581386e-02 7.0000000e-02
 endloop
endfacet
facet normal 0.000000e+00 -0.000000e+00 -1.000000e+00
 outer loop
  vertex -6.1692329e-03 -1.0292743e-02 7.0000000e-02
  vertex -5.6567608e-03 -1.0583055e-02 7.0000000e-02
  vertex -8.0137445e-03 -1.4992661e-02 7.0000000e-02
 endloop
endfacet
facet normal 0.000000e+00 0.000000e+00 -1.000000e+00
 outer loop
  vertex -5.6567608e-03 -1.0583055e-02 7.0000000e-02
  vertex -7.2684366e-03 -1.5367818e-02 7.0000000e-02
  vertex -8.0137445e-03 -1.4992661e-02 7.0000000e-02
 endloop
endfacet
facet normal 0.000000e+00 -0.000000e+00 -1.000000e+00
 outer loop
  vertex -5.6567608e-03 -1.0583055e-02 7.0000000e-02
  vertex -5.1306611e-03 -1.0847872e-02 7.0000000e-02
  vertex -7.2684366e-03 -1.5367818e-02 7.0000000e-02
 endloop
endfacet
facet normal 0.000000e+00 0.000000e+00 -1.000000e+00
 outer loop
  vertex -5.1306611e-03 -1.0847872e-02 7.0000000e-02
  vertex -6.5056184e-03 -1.5705952e-02 7.0000000e-02
  vertex -7.2684366e-03 -1.5367818e-02 7.0000000e-02
 endloop
endfacet
facet normal 0.000000e+00 -0.000000e+00 -1.000000e+00
 outer loop
  vertex -5.1306611e-03 -1.0847872e-02 7.0000000e-02
  vertex -4.5922012e-03 -1.1086554e-02 7.0000000e-02
  vertex -6.5056184e-03 -1.5705952e-02 7.0000000e-02
 endloop
endfacet
facet normal 0.000000e+00 0.000000e+00 -1.000000e+00
 outer loop
  vertex -4.5922012e-03 -1.1086554e-02 7.0000000e-02
  vertex -5.7271275e-03 -1.6006249e-02 7.0000000e-02
  vertex -6.5056184e-03 -1.5705952e-02 7.0000000e-02
 endloop
endfacet
facet normal 0.000000e+00 -0.000000e+00 -1.000000e+00
 outer loop
  vertex -4.5922012e-03 -1.1086554e-02 7.0000000e-02
  vertex -4.0426782e-03 -1.1298529e-02 7.0000000e-02
  vertex -5.7271275e-03 -1.6006249e-02 7.0000000e-02
 endloop
endfacet
facet normal 0.000000e+00 0.000000e+00 -1.000000e+00
 outer loop
  vertex -4.0426782e-03 -1.1298529e-02 7.0000000e-02
  vertex -4.9348395e-03 -1.6267986e-02 7.0000000e-02
  vertex -5.7271275e-03 -1.6006249e-02 7.0000000e-02
 endloop
endfacet
facet normal 0.000000e+00 -0.000000e+00 -1.000000e+00
 outer loop
  vertex -4.0426782e-03 -1.1298529e-02 7.0000000e-02
  vertex -3.4834161e-03 -1.1483284e-02 7.0000000e-02
  vertex -4.9348395e-03 -1.6267986e-02 7.0000000e-02
 endloop
endfacet
facet normal 0.000000e+00 0.000000e+00 -1.000000e+00
 outer loop
  vertex -3.4834161e-03 -1.1483284e-02 7.0000000e-02
  vertex -4.1306631e-03 -1.6490531e-02 7.0000000e-02
  vertex -4.9348395e-03 -1.6267986e-02 7.0000000e-02
 endloop
endfacet
facet normal 0.000000e+00 -0.000000e+00 -1.000000e+00
 outer loop
  vertex -3.4834161e-03 -1.1483284e-02 7.0000000e-02
  vertex -2.9157622e-03 -1.1640375e-02 7.0000000e-02
  vertex -4.1306631e-03 -1.6490531e-02 7.0000000e-02
 endloop
endfacet
facet normal 0.000000e+00 0.000000e+00 -1.000000e+00
 outer loop
  vertex -2.9157622e-03 -1.1640375e-02 7.0000000e-02
  vertex -3.3165355e-03 -1.6673350e-02 7.0000000e-02
  vertex -4.1306631e-03 -1.6490531e-02 7.0000000e-02
 endloop
endfacet
facet normal 0.000000e+00 -0.000000e+00 -1.000000e+00
 outer loop
  vertex -2.9157622e-03 -1.1640375e-02 7.0000000e-02
  vertex -2.3410839e-03 -1.1769423e-02 7.0000000e-02
  vertex -3.3165355e-03 -1.6673350e-02 7.0000000e-02
 endloop
endfacet
facet normal 0.000000e+00 0.000000e+00 -1.000000e+00
 outer loop
  vertex -2.3410839e-03 -1.1769423e-02 7.0000000e-02
  vertex -2.4944181e-03 -1.6816001e-02 7.0000000e-02
  vertex -3.3165355e-03 -1.6673350e-02 7.0000000e-02
 endloop
endfacet
facet normal 0.000000e+00 -0.000000e+00 -1.000000e+00
 outer loop
  vertex -2.3410839e-03 -1.1769423e-02 7.0000000e-02
  vertex -1.7607657e-03 -1.1870118e-02 7.0000000e-02
  vertex -2.4944181e-03 -1.6816001e-02 7.0000000e-02
 endloop
endfacet
facet normal 0.000000e+00 -0.000000e+00 -1.000000e+00
 outer loop
  vertex -1.7607657e-03 -1.1870118e-02 7.0000000e-02
  vertex -1.6662914e-03 -1.6918140e-02 7.0000000e-02
  vertex -2.4944181e-03 -1.6816001e-02 7.0000000e-02
 endloop
endfacet
facet normal 0.000000e+00 0.000000e+00 -1.000000e+00
 outer loop
  vertex -1.7607657e-03 -1.1870118e-02 7.0000000e-02
  vertex -1.1762057e-03 -1.1942217e-02 7.0000000e-02
  vertex -1.6662914e-03 -1.6918140e-02 7.0000000e-02
 endloop
endfacet
facet normal 0.000000e+00 -0.000000e+00 -1.000000e+00
 outer loop
  vertex -1.1762057e-03 -1.1942217e-02 7.0000000e-02
  vertex -8.3415046e-04 -1.6979523e-02 7.0000000e-02
  vertex -1.6662914e-03 -1.6918140e-02 7.0000000e-02
 endloop
endfacet
facet normal 0.000000e+00 0.000000e+00 -1.000000e+00
 outer loop
  vertex -1.1762057e-03 -1.1942217e-02 7.0000000e-02
  vertex -5.8881209e-04 -1.1985545e-02 7.0000000e-02
  vertex -8.3415046e-04 -1.6979523e-02 7.0000000e-02
 endloop
endfacet
facet normal 0.000000e+00 -0.000000e+00 -1.000000e+00
 outer loop
  vertex -5.8881209e-04 -1.1985545e-02 7.0000000e-02
  vertex -3.1228493e-18 -1.7000000e-02 7.0000000e-02
  vertex -8.3415046e-04 -1.6979523e-02 7.0000000e-02
 endloop
endfacet
facet normal 0.000000e+00 0.000000e+00 -1.000000e+00
 outer loop
  vertex -5.8881209e-04 -1.1985545e-02 7.0000000e-02
  vertex -2.2043642e-18 -1.2000000e-02 7.0000000e-02
  vertex -3.1228493e-18 -1.7000000e-02 7.0000000e-02
 endloop
endfacet
facet normal 0.000000e+00 -0.000000e+00 -1.000000e+00
 outer loop
  vertex -2.2043642e-18 -1.2000000e-02 7.0000000e-02
  vertex 8.3415046e-04 -1.6979523e-02 7.0000000e-02
  vertex -3.1228493e-18 -1.7000000e-02 7.0000000e-02
 endloop
endfacet
facet normal 0.000000e+00 0.000000e+00 -1.000000e+00
 outer loop
  vertex -2.2043642e-18 -1.2000000e-02 7.0000000e-02
  vertex 5.8881209e-04 -1.1985545e-02 7.0000000e-02
  vertex 8.3415046e-04 -1.6979523e-02 7.0000000e-02
 endloop
endfacet
facet normal 0.000000e+00 0.000000e+00 -1.000000e+00
 outer loop
  vertex 5.8881209e-04 -1.1985545e-02 7.0000000e-02
  vertex 1.6662914e-03 -1.6918140e-02 7.0000000e-02
  vertex 8.3415046e-04 -1.6979523e-02 7.0000000e-02
 endloop
endfacet
facet normal 0.000000e+00 0.000000e+00 -1.000000e+00
 outer loop
  vertex 5.8881209e-04 -1.1985545e-02 7.0000000e-02
  vertex 1.1762057e-03 -1.1942217e-02 7.0000000e-02
  vertex 1.6662914e-03 -1.6918140e-02 7.0000000e-02
 endloop
endfacet
facet normal 0.000000e+00 0.000000e+00 -1.000000e+00
 outer loop
  vertex 1.1762057e-03 -1.1942217e-02 7.0000000e-02
  vertex 2.4944181e-03 -1.6816001e-02 7.0000000e-02
  vertex 1.6662914e-03 -1.6918140e-02 7.0000000e-02
 endloop
endfacet
facet normal 0.000000e+00 0.000000e+00 -1.000000e+00
 outer loop
  vertex 1.1762057e-03 -1.1942217e-02 7.0000000e-02
  vertex 1.7607657e-03 -1.1870118e-02 7.0000000e-02
  vertex 2.4944181e-03 -1.6816001e-02 7.0000000e-02
 endloop
endfacet
facet normal 0.000000e+00 0.000000e+00 -1.000000e+00
 outer loop
  vertex 1.7607657e-03 -1.1870118e-02 7.0000000e-02
  vertex 3.3165355e-03 -1.6673350e-02 7.0000000e-02
  vertex 2.4944181e-03 -1.6816001e-02 7.0000000e-02
 endloop
endfacet
facet normal 0.000000e+00 0.000000e+00 -1.000000e+00
 outer loop
  vertex 1.7607657e-03 -1.1870118e-02 7.0000000e-02
  vertex 2.3410839e-03 -1.1769423e-02 7.0000000e-02
  vertex 3.3165355e-03 -1.6673350e-02 7.0000000e-02
 endloop
endfacet
facet normal 0.000000e+00 0.000000e+00 -1.000000e+00
 outer loop
  vertex 2.3410839e-03 -1.1769423e-02 7.0000000e-02
  vertex 4.1306631e-03 -1.6490531e-02 7.0000000e-02
  vertex 3.3165355e-03 -1.6673350e-02 7.0000000e-02
 endloop
endfacet
facet normal 0.000000e+00 0.000000e+00 -1.000000e+00
 outer loop
  vertex 2.3410839e-03 -1.1769423e-02 7.0000000e-02
  vertex 2.9157622e-03 -1.1640375e-02 7.0000000e-02
  vertex 4.1306631e-03 -1.6490531e-02 7.0000000e-02
 endloop
endfacet
facet normal 0.000000e+00 0.000000e+00 -1.000000e+00
 outer loop
  vertex 2.9157622e-03 -1.1640375e-02 7.0000000e-02
  vertex 4.9348395e-03 -1.6267986e-02 7.0000000e-02
  vertex 4.1306631e-03 -1.6490531e-02 7.0000000e-02
 endloop
endfacet
facet normal 0.000000e+00 0.000000e+00 -1.000000e+00
 outer loop
  vertex 2.9157622e-03 -1.1640375e-02 7.0000000e-02
  vertex 3.4834161e-03 -1.1483284e-02 7.0000000e-02
  vertex 4.9348395e-03 -1.6267986e-02 7.0000000e-02
 endloop
endfacet
facet normal 0.000000e+00 0.000000e+00 -1.000000e+00
 outer loop
  vertex 3.4834161e-03 -1.1483284e-02 7.0000000e-02
  vertex 5.7271275e-03 -1.6006249e-02 7.0000000e-02
  vertex 4.9348395e-03 -1.6267986e-02 7.0000000e-02
 endloop
endfacet
facet normal 0.000000e+00 0.000000e+00 -1.000000e+00
 outer loop
  vertex 3.4834161e-03 -1.1483284e-02 7.0000000e-02
  vertex 4.0426782e-03 -1.1298529e-02 7.0000000e-02
  vertex 5.7271275e-03 -1.6006249e-02 7.0000000e-02
 endloop
endfacet
facet normal 0.000000e+00 0.000000e+00 -1.000000e+00
 outer loop
  vertex 4.0426782e-03 -1.1298529e-02 7.0000000e-02
  vertex 6.5056184e-03 -1.5705952e-02 7.0000000e-02
  vertex 5.7271275e-03 -1.6006249e-02 7.0000000e-02
 endloop
endfacet
facet normal 0.000000e+00 0.000000e+00 -1.000000e+00
 outer loop
  vertex 4.0426782e-03 -1.1298529e-02 7.0000000e-02
  vertex 4.5922012e-03 -1.1086554e-02 7.0000000e-02
  vertex 6.5056184e-03 -1.5705952e-02 7.0000000e-02
 endloop
endfacet
facet normal 0.000000e+00 0.000000e+00 -1.000000e+00
 outer loop
  vertex 4.5922012e-03 -1.1086554e-02 7.0000000e-02
  vertex 7.2684366e-03 -1.5367818e-02 7.0000000e-02
  vertex 6.5056184e-03 -1.5705952e-02 7.0000000e-02
 endloop
endfacet
facet normal 0.000000e+00 0.000000e+00 -1.000000e+00
 outer loop
  vertex 4.5922012e-03 -1.1086554e-02 7.0000000e-02
  vertex 5.1306611e-03 -1.0847872e-02 7.0000000e-02
  vertex 7.2684366e-03 -1.5367818e-02 7.0000000e-02
 endloop
endfacet
facet normal 0.000000e+00 0.000000e+00 -1.000000e+00
 outer loop
  vertex 5.1306611e-03 -1.0847872e-02 7.0000000e-02
  vertex 8.0137445e-03 -1.4992661e-02 7.0000000e-02
  vertex 7.2684366e-03 -1.5367818e-02 7.0000000e-02
 endloop
endfacet
facet normal 0.000000e+00 0.000000e+00 -1.000000e+00
 outer loop
  vertex 5.1306611e-03 -1.0847872e-02 7.0000000e-02
  vertex 5.6567608e-03 -1.0583055e-02 7.0000000e-02
  vertex 8.0137445e-03 -1.4992661e-02 7.0000000e-02
 endloop
endfacet
facet normal 0.000000e+00 0.000000e+00 -1.000000e+00
 outer loop
  vertex 5.6567608e-03 -1.0583055e-02 7.0000000e-02
  vertex 8.7397467e-03 -1.4581386e-02 7.0000000e-02
  vertex 8.0137445e-03 -1.4992661e-02 7.0000000e-02
 endloop
endfacet
facet normal 0.000000e+00 0.000000e+00 -1.000000e+00
 outer loop
  vertex 5.6567608e-03 -1.0583055e-02 7.0000000e-02
  vertex 6.1692329e-03 -1.0292743e-02 7.0000000e-02
  vertex 8.7397467e-03 -1.4581386e-02 7.0000000e-02
 endloop
endfacet
facet normal 0.000000e+00 0.000000e+00 -1.000000e+00
 outer loop
  vertex 6.1692329e-03 -1.0292743e-02 7.0000000e-02
  vertex 9.4446940e-03 -1.4134983e-02 7.0000000e-02
  vertex 8.7397467e-03 -1.4581386e-02 7.0000000e-02
 endloop
endfacet
facet normal 0.000000e+00 0.000000e+00 -1.000000e+00
 outer loop
  vertex 6.1692329e-03 -1.0292743e-02 7.0000000e-02
  vertex 6.6668428e-03 -9.9776353e-03 7.0000000e-02
  vertex 9.4446940e-03 -1.4134983e-02 7.0000000e-02
 endloop
endfacet
facet normal 0.000000e+00 0.000000e+00 -1.000000e+00
 outer loop
  vertex 6.6668428e-03 -9.9776353e-03 7.0000000e-02
  vertex 1.0126888e-02 -1.3654528e-02 7.0000000e-02
  vertex 9.4446940e-03 -1.4134983e-02 7.0000000e-02
 endloop
endfacet
facet normal 0.000000e+00 0.000000e+00 -1.000000e+00
 outer loop
  vertex 6.6668428e-03 -9.9776353e-03 7.0000000e-02
  vertex 7.1483917e-03 -9.6384904e-03 7.0000000e-02
  vertex 1.0126888e-02 -1.3654528e-02 7.0000000e-02
 endloop
endfacet
facet normal 0.000000e+00 0.000000e+00 -1.000000e+00
 outer loop
  vertex 7.1483917e-03 -9.6384904e-03 7.0000000e-02
  vertex 1.0784686e-02 -1.3141178e-02 7.0000000e-02
  vertex 1.0126888e-02 -1.3654528e-02 7.0000000e-02
 endloop
endfacet
facet normal 0.000000e+00 0.000000e+00 -1.000000e+00
 outer loop
  vertex 7.1483917e-03 -9.6384904e-03 7.0000000e-02
  vertex 7.6127194e-03 -9.2761254e-03 7.0000000e-02
  vertex 1.0784686e-02 -1.3141178e-02 7.0000000e-02
 endloop
endfacet
facet normal 0.000000e+00 0.000000e+00 -1.000000e+00
 outer loop
  vertex 7.6127194e-03 -9.2761254e-03 7.0000000e-02
  vertex 1.1416502e-02 -1.2596169e-02 7.0000000e-02
  vertex 1.0784686e-02 -1.3141178e-02 7.0000000e-02
 endloop
endfacet
facet normal 0.000000e+00 0.000000e+00 -1.000000e+00
 outer loop
  vertex 7.6127194e-03 -9.2761254e-03 7.0000000e-02
  vertex 8.0587075e-03 -8.8914135e-03 7.0000000e-02
  vertex 1.1416502e-02 -1.2596169e-02 7.0000000e-02
 endloop
endfacet
facet normal 0.000000e+00 0.000000e+00 -1.000000e+00
 outer loop
  vertex 8.0587075e-03 -8.8914135e-03 7.0000000e-02
  vertex 1.2020815e-02 -1.2020815e-02 7.0000000e-02
  vertex 1.1416502e-02 -1.2596169e-02 7.0000000e-02
 endloop
endfacet
facet normal 0.000000e+00 0.000000e+00 -1.000000e+00
 outer loop
  vertex 8.0587075e-03 -8.8914135e-03 7.0000000e-02
  vertex 8.4852814e-03 -8.4852814e-03 7.0000000e-02
  vertex 1.2020815e-02 -1.2020815e-02 7.0000000e-02
 endloop
endfacet
facet normal 0.000000e+00 0.000000e+00 -1.000000e+00
 outer loop
  vertex 8.4852814e-03 -8.4852814e-03 7.0000000e-02
  vertex 1.2596169e-02 -1.1416502e-02 7.0000000e-02
  vertex 1.2020815e-02 -1.2020815e-02 7.0000000e-02
 endloop
endfacet
facet normal 0.000000e+00 0.000000e+00 -1.000000e+00
 outer loop
  vertex 8.4852814e-03 -8.4852814e-03 7.0000000e-02
  vertex 8.8914135e-03 -8.0587075e-03 7.0000000e-02
  vertex 1.2596169e-02 -1.1416502e-02 7.0000000e-02
 endloop
endfacet
facet normal 0.000000e+00 0.000000e+00 -1.000000e+00
 outer loop
  vertex 8.8914135e-03 -8.0587075e-03 7.0000000e-02
  vertex 1.3141178e-02 -1.0784686e-02 7.0000000e-02
  vertex 1.2596169e-02 -1.1416502e-02 7.0000000e-02
 endloop
endfacet
facet normal 0.000000e+00 0.000000e+00 -1.000000e+00
 outer loop
  vertex 8.8914135e-03 -8.0587075e-03 7.0000000e-02
  vertex 9.2761254e-03 -7.6127194e-03 7.0000000e-02
  vertex 1.3141178e-02 -1.0784686e-02 7.0000000e-02
 endloop
endfacet
facet normal 0.000000e+00 0.000000e+00 -1.000000e+00
 outer loop
  vertex 9.2761254e-03 -7.6127194e-03 7.0000000e-02
  vertex 1.3654528e-02 -1.0126888e-02 7.0000000e-02
  vertex 1.3141178e-02 -1.0784686e-02 7.0000000e-02
 endloop
endfacet
facet normal 0.000000e+00 0.000000e+00 -1.000000e+00
 outer loop
  vertex 9.2761254e-03 -7.6127194e-03 7.0000000e-02
  vertex 9.6384904e-03 -7.1483917e-03 7.0000000e-02
  vertex 1.3654528e-02 -1.0126888e-02 7.0000000e-02
 endloop
endfacet
facet normal 0.000000e+00 0.000000e+00 -1.000000e+00
 outer loop
  vertex 9.6384904e-03 -7.1483917e-03 7.0000000e-02
  vertex 1.4134983e-02 -9.4446940e-03 7.0000000e-02
  vertex 1.3654528e-02 -1.0126888e-02 7.0000000e-02
 endloop
endfacet
facet normal 0.000000e+00 0.000000e+00 -1.000000e+00
 outer loop
  vertex 9.6384904e-03 -7.1483917e-03 7.0000000e-02
  vertex 9.9776353e-03 -6.6668428e-03 7.0000000e-02
  vertex 1.4134983e-02 -9.4446940e-03 7.0000000e-02
 endloop
endfacet
facet normal 0.000000e+00 0.000000e+00 -1.000000e+00
 outer loop
  vertex 9.9776353e-03 -6.6668428e-03 7.0000000e-02
  vertex 1.4581386e-02 -8.7397467e-03 7.0000000e-02
  vertex 1.4134983e-02 -9.4446940e-03 7.0000000e-02
 endloop
endfacet
facet normal 0.000000e+00 0.000000e+00 -1.000000e+00
 outer loop
  vertex 9.9776353e-03 -6.6668428e-03 7.0000000e-02
  vertex 1.0292743e-02 -6.1692329e-03 7.0000000e-02
  vertex 1.4581386e-02 -8.7397467e-03 7.0000000e-02
 endloop
endfacet
facet normal 0.000000e+00 0.000000e+00 -1.000000e+00
 outer loop
  vertex 1.0292743e-02 -6.1692329e-03 7.0000000e-02
  vertex 1.4992661e-02 -8.0137445e-03 7.0000000e-02
  vertex 1.4581386e-02 -8.7397467e-03 7.0000000e-02
 endloop
endfacet
facet normal 0.000000e+00 0.000000e+00 -1.000000e+00
 outer loop
  vertex 1.0292743e-02 -6.1692329e-03 7.0000000e-02
  vertex 1.0583055e-02 -5.6567608e-03 7.0000000e-02
  vertex 1.4992661e-02 -8.0137445e-03 7.0000000e-02
 endloop
endfacet
facet normal 0.000000e+00 0.000000e+00 -1.000000e+00
 outer loop
  vertex 1.0583055e-02 -5.6567608e-03 7.0000000e-02
  vertex 1.5367818e-02 -7.2684366e-03 7.0000000e-02
  vertex 1.4992661e-02 -8.0137445e-03 7.0000000e-02
 endloop
endfacet
facet normal 0.000000e+00 0.000000e+00 -1.000000e+00
 outer loop
  vertex 1.0583055e-02 -5.6567608e-03 7.0000000e-02
  vertex 1.0847872e-02 -5.1306611e-03 7.0000000e-02
  vertex 1.5367818e-02 -7.2684366e-03 7.0000000e-02
 endloop
endfacet
facet normal 0.000000e+00 0.000000e+00 -1.000000e+00
 outer loop
  vertex 1.0847872e-02 -5.1306611e-03 7.0000000e-02
  vertex 1.5705952e-02 -6.5056184e-03 7.0000000e-02
  vertex 1.5367818e-02 -7.2684366e-03 7.0000000e-02
 endloop
endfacet
facet normal 0.000000e+00 0.000000e+00 -1.000000e+00
 outer loop
  vertex 1.0847872e-02 -5.1306611e-03 7.0000000e-02
  vertex 1.1086554e-02 -4.5922012e-03 7.0000000e-02
  vertex 1.5705952e-02 -6.5056184e-03 7.0000000e-02
 endloop
endfacet
facet normal 0.000000e+00 0.000000e+00 -1.000000e+00
 outer loop
  vertex 1.1086554e-02 -4.5922012e-03 7.0000000e-02
  vertex 1.6006249e-02 -5.7271275e-03 7.0000000e-02
  vertex 1.5705952e-02 -6.5056184e-03 7.0000000e-02
 endloop
endfacet
facet normal 0.000000e+00 0.000000e+00 -1.000000e+00
 outer loop
  vertex 1.1086554e-02 -4.5922012e-03 7.0000000e-02
  vertex 1.1298529e-02 -4.0426782e-03 7.0000000e-02
  vertex 1.6006249e-02 -5.7271275e-03 7.0000000e-02
 endloop
endfacet
facet normal 0.000000e+00 0.000000e+00 -1.000000e+00
 outer loop
  vertex 1.1298529e-02 -4.0426782e-03 7.0000000e-02
  vertex 1.6267986e-02 -4.9348395e-03 7.0000000e-02
  vertex 1.6006249e-02 -5.7271275e-03 7.0000000e-02
 endloop
endfacet
facet normal 0.000000e+00 0.000000e+00 -1.000000e+00
 outer loop
  vertex 1.1298529e-02 -4.0426782e-03 7.0000000e-02
  vertex 1.1483284e-02 -3.4834161e-03 7.0000000e-02
  vertex 1.6267986e-02 -4.9348395e-03 7.0000000e-02
 endloop
endfacet
facet normal 0.000000e+00 0.000000e+00 -1.000000e+00
 outer loop
  vertex 1.1483284e-02 -3.4834161e-03 7.0000000e-02
  vertex 1.6490531e-02 -4.1306631e-03 7.0000000e-02
  vertex 1.6267986e-02 -4.9348395e-03 7.0000000e-02
 endloop
endfacet
facet normal 0.000000e+00 0.000000e+00 -1.000000e+00
 outer loop
  vertex 1.1483284e-02 -3.4834161e-03 7.0000000e-02
  vertex 1.1640375e-02 -2.9157622e-03 7.0000000e-02
  vertex 1.6490531e-02 -4.1306631e-03 7.0000000e-02
 endloop
endfacet
facet normal 0.000000e+00 0.000000e+00 -1.000000e+00
 outer loop
  vertex 1.1640375e-02 -2.9157622e-03 7.0000000e-02
  vertex 1.6673350e-02 -3.3165355e-03 7.0000000e-02
  vertex 1.6490531e-02 -4.1306631e-03 7.0000000e-02
 endloop
endfacet
facet normal 0.000000e+00 0.000000e+00 -1.000000e+00
 outer loop
  vertex 1.1640375e-02 -2.9157622e-03 7.0000000e-02
  vertex 1.1769423e-02 -2.3410839e-03 7.0000000e-02
  vertex 1.6673350e-02 -3.3165355e-03 7.0000000e-02
 endloop
endfacet
facet normal 0.000000e+00 0.000000e+00 -1.000000e+00
 outer loop
  vertex 1.1769423e-02 -2.3410839e-03 7.0000000e-02
  vertex 1.6816001e-02 -2.4944181e-03 7.0000000e-02
  vertex 1.6673350e-02 -3.3165355e-03 7.0000000e-02
 endloop
endfacet
facet normal 0.000000e+00 0.000000e+00 -1.000000e+00
 outer loop
  vertex 1.1769423e-02 -2.3410839e-03 7.0000000e-02
  vertex 1.1870118e-02 -1.7607657e-03 7.0000000e-02
  vertex 1.6816001e-02 -2.4944181e-03 7.0000000e-02
 endloop
endfacet
facet normal 0.000000e+00 0.000000e+00 -1.000000e+00
 outer loop
  vertex 1.1870118e-02 -1.7607657e-03 7.0000000e-02
  vertex 1.6918140e-02 -1.6662914e-03 7.0000000e-02
  vertex 1.6816001e-02 -2.4944181e-03 7.0000000e-02
 endloop
endfacet
facet normal 0.000000e+00 0.000000e+00 -1.000000e+00
 outer loop
  vertex 1.1870118e-02 -1.7607657e-03 7.0000000e-02
  vertex 1.1942217e-02 -1.1762057e-03 7.0000000e-02
  vertex 1.6918140e-02 -1.6662914e-03 7.0000000e-02
 endloop
endfacet
facet normal 0.000000e+00 0.000000e+00 -1.000000e+00
 outer loop
  vertex 1.1942217e-02 -1.1762057e-03 7.0000000e-02
  vertex 1.6979523e-02 -8.3415046e-04 7.0000000e-02
  vertex 1.6918140e-02 -1.6662914e-03 7.0000000e-02
 endloop
endfacet
facet normal 0.000000e+00 0.000000e+00 -1.000000e+00
 outer loop
  vertex 1.1942217e-02 -1.1762057e-03 7.0000000e-02
  vertex 1.1985545e-02 -5.8881209e-04 7.0000000e-02
  vertex 1.6979523e-02 -8.3415046e-04 7.0000000e-02
 endloop
endfacet
facet normal 0.000000e+00 0.000000e+00 -1.000000e+00
 outer loop
  vertex 1.1985545e-02 -5.8881209e-04 7.0000000e-02
  vertex 1.7000000e-02 0.0000000e+00 7.0000000e-02
  vertex 1.6979523e-02 -8.3415046e-04 7.0000000e-02
 endloop
endfacet
facet normal 0.000000e+00 0.000000e+00 -1.000000e+00
 outer loop
  vertex 1.1985545e-02 -5.8881209e-04 7.0000000e-02
  vertex 1.2000000e-02 0.0000000e+00 7.0000000e-02
  vertex 1.7000000e-02 0.0000000e+00 7.0000000e-02
 endloop
endfacet
facet normal -9.996988e-01 -2.454123e-02 -0.000000e+00
 outer loop
  vertex 1.7000000e-02 0.0000000e+00 7.0000000e-02
  vertex 1.6979523e-02 8.3415046e-04 0.0000000e+00
  vertex 1.7000000e-02 0.0000000e+00 0.0000000e+00
 endloop
endfacet
facet normal -9.996988e-01 -2.454123e-02 0.000000e+00
 outer loop
  vertex 1.7000000e-02 0.0000000e+00 7.0000000e-02
  vertex 1.6979523e-02 8.3415046e-04 7.0000000e-02
  vertex 1.6979523e-02 8.3415046e-04 0.0000000e+00
 endloop
endfacet
facet normal -9.972905e-01 -7.356456e-02 -0.000000e+00
 outer loop
  vertex 1.6979523e-02 8.3415046e-04 7.0000000e-02
  vertex 1.6918140e-02 1.6662914e-03 0.0000000e+00
  vertex 1.6979523e-02 8.3415046e-04 0.0000000e+00
 endloop
endfacet
facet normal -9.972905e-01 -7.356456e-02 0.000000e+00
 outer loop
  vertex 1.6979523e-02 8.3415046e-04 7.0000000e-02
  vertex 1.6918140e-02 1.6662914e-03 7.0000000e-02
  vertex 1.6918140e-02 1.6662914e-03 0.0000000e+00
 endloop
endfacet
facet normal -9.924795e-01 -1.224107e-01 -0.000000e+00
 outer loop
  vertex 1.6918140e-02 1.6662914e-03 7.0000000e-02
  vertex 1.6816001e-02 2.4944181e-03 0.0000000e+00
  vertex 1.6918140e-02 1.6662914e-03 0.0000000e+00
 endloop
endfacet
facet normal -9.924795e-01 -1.224107e-01 0.000000e+00
 outer loop
  vertex 1.6918140e-02 1.6662914e-03 7.0000000e-02
  vertex 1.6816001e-02 2.4944181e-03 7.0000000e-02
  vertex 1.6816001e-02 2.4944181e-03 0.0000000e+00
 endloop
endfacet
facet normal -9.852776e-01 -1.709619e-01 -0.000000e+00
 outer loop
  vertex 1.6816001e-02 2.4944181e-03 7.0000000e-02
  vertex 1.6673350e-02 3.3165355e-03 0.0000000e+00
  vertex 1.6816001e-02 2.4944181e-03 0.0000000e+00
 endloop
endfacet
facet normal -9.852776e-01 -1.709619e-01 0.000000e+00
 outer loop
  vertex 1.6816001e-02 2.4944181e-03 7.0000000e-02
  vertex 1.6673350e-02 3.3165355e-03 7.0000000e-02
  vertex 1.6673350e-02 3.3165355e-03 0.0000000e+00
 endloop
endfacet
facet normal -9.757021e-01 -2.191012e-01 -0.000000e+00
 outer loop
  vertex 1.6673350e-02 3.3165355e-03 7.0000000e-02
  vertex 1.6490531e-02 4.1306631e-03 0.0000000e+00
  vertex 1.6673350e-02 3.3165355e-03 0.0000000e+00
 endloop
endfacet
facet normal -9.757021e-01 -2.191012e-01 0.000000e+00
 outer loop
  vertex 1.6673350e-02 3.3165355e-03 7.0000000e-02
  vertex 1.6490531e-02 4.1306631e-03 7.0000000e-02
  vertex 1.6490531e-02 4.1306631e-03 0.0000000e+00
 endloop
endfacet
facet normal -9.637761e-01 -2.667128e-01 -0.000000e+00
 outer loop
  vertex 1.6490531e-02 4.1306631e-03 7.0000000e-02
  vertex 1.6267986e-02 4.9348395e-03 0.0000000e+00
  vertex 1.6490531e-02 4.1306631e-03 0.0000000e+00
 endloop
endfacet
facet normal -9.637761e-01 -2.667128e-01 0.000000e+00
 outer loop
  vertex 1.6490531e-02 4.1306631e-03 7.0000000e-02
  vertex 1.6267986e-02 4.9348395e-03 7.0000000e-02
  vertex 1.6267986e-02 4.9348395e-03 0.0000000e+00
 endloop
endfacet
facet normal -9.495282e-01 -3.136817e-01 -0.000000e+00
 outer loop
  vertex 1.6267986e-02 4.9348395e-03 7.0000000e-02
  vertex 1.6006249e-02 5.7271275e-03 0.0000000e+00
  vertex 1.6267986e-02 4.9348395e-03 0.0000000e+00
 endloop
endfacet
facet normal -9.495282e-01 -3.136817e-01 0.000000e+00
 outer loop
  vertex 1.6267986e-02 4.9348395e-03 7.0000000e-02
  vertex 1.6006249e-02 5.7271275e-03 7.0000000e-02
  vertex 1.6006249e-02 5.7271275e-03 0.0000000e+00
 endloop
endfacet
facet normal -9.329928e-01 -3.598950e-01 -0.000000e+00
 outer loop
  vertex 1.6006249e-02 5.7271275e-03 7.0000000e-02
  vertex 1.5705952e-02 6.5056184e-03 0.0000000e+00
  vertex 1.6006249e-02 5.7271275e-03 0.0000000e+00
 endloop
endfacet
facet normal -9.329928e-01 -3.598950e-01 0.000000e+00
 outer loop
  vertex 1.6006249e-02 5.7271275e-03 7.0000000e-02
  vertex 1.5705952e-02 6.5056184e-03 7.0000000e-02
  vertex 1.5705952e-02 6.5056184e-03 0.0000000e+00
 endloop
endfacet
facet normal -9.142098e-01 -4.052413e-01 -0.000000e+00
 outer loop
  vertex 1.5705952e-02 6.5056184e-03 7.0000000e-02
  vertex 1.5367818e-02 7.2684366e-03 0.0000000e+00
  vertex 1.5705952e-02 6.5056184e-03 0.0000000e+00
 endloop
endfacet
facet normal -9.142098e-01 -4.052413e-01 0.000000e+00
 outer loop
  vertex 1.5705952e-02 6.5056184e-03 7.0000000e-02
  vertex 1.5367818e-02 7.2684366e-03 7.0000000e-02
  vertex 1.5367818e-02 7.2684366e-03 0.0000000e+00
 endloop
endfacet
facet normal -8.932243e-01 -4.496113e-01 -0.000000e+00
 outer loop
  vertex 1.5367818e-02 7.2684366e-03 7.0000000e-02
  vertex 1.4992661e-02 8.0137445e-03 0.0000000e+00
  vertex 1.5367818e-02 7.2684366e-03 0.0000000e+00
 endloop
endfacet
facet normal -8.932243e-01 -4.496113e-01 0.000000e+00
 outer loop
  vertex 1.5367818e-02 7.2684366e-03 7.0000000e-02
  vertex 1.4992661e-02 8.0137445e-03 7.0000000e-02
  vertex 1.4992661e-02 8.0137445e-03 0.0000000e+00
 endloop
endfacet
facet normal -8.700870e-01 -4.928982e-01 -0.000000e+00
 outer loop
  vertex 1.4992661e-02 8.0137445e-03 7.0000000e-02
  vertex 1.4581386e-02 8.7397467e-03 0.0000000e+00
  vertex 1.4992661e-02 8.0137445e-03 0.0000000e+00
 endloop
endfacet
facet normal -8.700870e-01 -4.928982e-01 0.000000e+00
 outer loop
  vertex 1.4992661e-02 8.0137445e-03 7.0000000e-02
  vertex 1.4581386e-02 8.7397467e-03 7.0000000e-02
  vertex 1.4581386e-02 8.7397467e-03 0.0000000e+00
 endloop
endfacet
facet normal -8.448536e-01 -5.349976e-01 -0.000000e+00
 outer loop
  vertex 1.4581386e-02 8.7397467e-03 7.0000000e-02
  vertex 1.4134983e-02 9.4446940e-03 0.0000000e+00
  vertex 1.4581386e-02 8.7397467e-03 0.0000000e+00
 endloop
endfacet
facet normal -8.448536e-01 -5.349976e-01 0.000000e+00
 outer loop
  vertex 1.4581386e-02 8.7397467e-03 7.0000000e-02
  vertex 1.4134983e-02 9.4446940e-03 7.0000000e-02
  vertex 1.4134983e-02 9.4446940e-03 0.0000000e+00
 endloop
endfacet
facet normal -8.175848e-01 -5.758082e-01 -0.000000e+00
 outer loop
  vertex 1.4134983e-02 9.4446940e-03 7.0000000e-02
  vertex 1.3654528e-02 1.0126888e-02 0.0000000e+00
  vertex 1.4134983e-02 9.4446940e-03 0.0000000e+00
 endloop
endfacet
facet normal -8.175848e-01 -5.758082e-01 0.000000e+00
 outer loop
  vertex 1.4134983e-02 9.4446940e-03 7.0000000e-02
  vertex 1.3654528e-02 1.0126888e-02 7.0000000e-02
  vertex 1.3654528e-02 1.0126888e-02 0.0000000e+00
 endloop
endfacet
facet normal -7.883464e-01 -6.152316e-01 -0.000000e+00
 outer loop
  vertex 1.3654528e-02 1.0126888e-02 7.0000000e-02
  vertex 1.3141178e-02 1.0784686e-02 0.0000000e+00
  vertex 1.3654528e-02 1.0126888e-02 0.0000000e+00
 endloop
endfacet
facet normal -7.883464e-01 -6.152316e-01 0.000000e+00
 outer loop
  vertex 1.3654528e-02 1.0126888e-02 7.0000000e-02
  vertex 1.3141178e-02 1.0784686e-02 7.0000000e-02
  vertex 1.3141178e-02 1.0784686e-02 0.0000000e+00
 endloop
endfacet
facet normal -7.572088e-01 -6.531728e-01 -0.000000e+00
 outer loop
  vertex 1.3141178e-02 1.0784686e-02 7.0000000e-02
  vertex 1.2596169e-02 1.1416502e-02 0.0000000e+00
  vertex 1.3141178e-02 1.0784686e-02 0.0000000e+00
 endloop
endfacet
facet normal -7.572088e-01 -6.531728e-01 0.000000e+00
 outer loop
  vertex 1.3141178e-02 1.0784686e-02 7.0000000e-02
  vertex 1.2596169e-02 1.1416502e-02 7.0000000e-02
  vertex 1.2596169e-02 1.1416502e-02 0.0000000e+00
 endloop
endfacet
facet normal -7.242471e-01 -6.895405e-01 -0.000000e+00
 outer loop
  vertex 1.2596169e-02 1.1416502e-02 7.0000000e-02
  vertex 1.2020815e-02 1.2020815e-02 0.0000000e+00
  vertex 1.2596169e-02 1.1416502e-02 0.0000000e+00
 endloop
endfacet
facet normal -7.242471e-01 -6.895405e-01 0.000000e+00
 outer loop
  vertex 1.2596169e-02 1.1416502e-02 7.0000000e-02
  vertex 1.2020815e-02 1.2020815e-02 7.0000000e-02
  vertex 1.2020815e-02 1.2020815e-02 0.0000000e+00
 endloop
endfacet
facet normal -6.895405e-01 -7.242471e-01 -0.000000e+00
 outer loop
  vertex 1.2020815e-02 1.2020815e-02 7.0000000e-02
  vertex 1.1416502e-02 1.2596169e-02 0.0000000e+00
  vertex 1.2020815e-02 1.2020815e-02 0.0000000e+00
 endloop
endfacet
facet normal -6.895405e-01 -7.242471e-01 0.000000e+00
 outer loop
  vertex 1.2020815e-02 1.2020815e-02 7.0000000e-02
  vertex 1.1416502e-02 1.2596169e-02 7.0000000e-02
  vertex 1.1416502e-02 1.2596169e-02 0.0000000e+00
 endloop
endfacet
facet normal -6.531728e-01 -7.572088e-01 -0.000000e+00
 outer loop
  vertex 1.1416502e-02 1.2596169e-02 7.0000000e-02
  vertex 1.0784686e-02 1.3141178e-02 0.0000000e+00
  vertex 1.1416502e-02 1.2596169e-02 0.0000000e+00
 endloop
endfacet
facet normal -6.531728e-01 -7.572088e-01 0.000000e+00
 outer loop
  vertex 1.1416502e-02 1.2596169e-02 7.0000000e-02
  vertex 1.0784686e-02 1.3141178e-02 7.0000000e-02
  vertex 1.0784686e-02 1.3141178e-02 0.0000000e+00
 endloop
endfacet
facet normal -6.152316e-01 -7.883464e-01 -0.000000e+00
 outer loop
  vertex 1.0784686e-02 1.3141178e-02 7.0000000e-02
  vertex 1.0126888e-02 1.3654528e-02 0.0000000e+00
  vertex 1.0784686e-02 1.3141178e-02 0.0000000e+00
 endloop
endfacet
facet normal -6.152316e-01 -7.883464e-01 0.000000e+00
 outer loop
  vertex 1.0784686e-02 1.3141178e-02 7.0000000e-02
  vertex 1.0126888e-02 1.3654528e-02 7.0000000e-02
  vertex 1.0126888e-02 1.3654528e-02 0.0000000e+00
 endloop
endfacet
facet normal -5.758082e-01 -8.175848e-01 -0.000000e+00
 outer loop
  vertex 1.0126888e-02 1.3654528e-02 7.0000000e-02
  vertex 9.4446940e-03 1.4134983e-02 0.0000000e+00
  vertex 1.0126888e-02 1.3654528e-02 0.0000000e+00
 endloop
endfacet
facet normal -5.758082e-01 -8.175848e-01 0.000000e+00
 outer loop
  vertex 1.0126888e-02 1.3654528e-02 7.0000000e-02
  vertex 9.4446940e-03 1.4134983e-02 7.0000000e-02
  vertex 9.4446940e-03 1.4134983e-02 0.0000000e+00
 endloop
endfacet
facet normal -5.349976e-01 -8.448536e-01 -0.000000e+00
 outer loop
  vertex 9.4446940e-03 1.4134983e-02 7.0000000e-02
  vertex 8.7397467e-03 1.4581386e-02 0.0000000e+00
  vertex 9.4446940e-03 1.4134983e-02 0.0000000e+00
 endloop
endfacet
facet normal -5.349976e-01 -8.448536e-01 0.000000e+00
 outer loop
  vertex 9.4446940e-03 1.4134983e-02 7.0000000e-02
  vertex 8.7397467e-03 1.4581386e-02 7.0000000e-02
  vertex 8.7397467e-03 1.4581386e-02 0.0000000e+00
 endloop
endfacet
facet normal -4.928982e-01 -8.700870e-01 -0.000000e+00
 outer loop
  vertex 8.7397467e-03 1.4581386e-02 7.0000000e-02
  vertex 8.0137445e-03 1.4992661e-02 0.0000000e+00
  vertex 8.7397467e-03 1.4581386e-02 0.0000000e+00
 endloop
endfacet
facet normal -4.928982e-01 -8.700870e-01 0.000000e+00
 outer loop
  vertex 8.7397467e-03 1.4581386e-02 7.0000000e-02
  vertex 8.0137445e-03 1.4992661e-02 7.0000000e-02
  vertex 8.0137445e-03 1.4992661e-02 0.0000000e+00
 endloop
endfacet
facet normal -4.496113e-01 -8.932243e-01 -0.000000e+00
 outer loop
  vertex 8.0137445e-03 1.4992661e-02 7.0000000e-02
  vertex 7.2684366e-03 1.5367818e-02 0.0000000e+00
  vertex 8.0137445e-03 1.4992661e-02 0.0000000e+00
 endloop
endfacet
facet normal -4.496113e-01 -8.932243e-01 0.000000e+00
 outer loop
  vertex 8.0137445e-03 1.4992661e-02 7.0000000e-02
  vertex 7.2684366e-03 1.5367818e-02 7.0000000e-02
  vertex 7.2684366e-03 1.5367818e-02 0.0000000e+00
 endloop
endfacet
facet normal -4.052413e-01 -9.142098e-01 -0.000000e+00
 outer loop
  vertex 7.2684366e-03 1.5367818e-02 7.0000000e-02
  vertex 6.5056184e-03 1.5705952e-02 0.0000000e+00
  vertex 7.2684366e-03 1.5367818e-02 0.0000000e+00
 endloop
endfacet
facet normal -4.052413e-01 -9.142098e-01 0.000000e+00
 outer loop
  vertex 7.2684366e-03 1.5367818e-02 7.0000000e-02
  vertex 6.5056184e-03 1.5705952e-02 7.0000000e-02
  vertex 6.5056184e-03 1.5705952e-02 0.0000000e+00
 endloop
endfacet
facet normal -3.598950e-01 -9.329928e-01 -0.000000e+00
 outer loop
  vertex 6.5056184e-03 1.5705952e-02 7.0000000e-02
  vertex 5.7271275e-03 1.6006249e-02 0.0000000e+00
  vertex 6.5056184e-03 1.5705952e-02 0.0000000e+00
 endloop
endfacet
facet normal -3.598950e-01 -9.329928e-01 0.000000e+00
 outer loop
  vertex 6.5056184e-03 1.5705952e-02 7.0000000e-02
  vertex 5.7271275e-03 1.6006249e-02 7.0000000e-02
  vertex 5.7271275e-03 1.6006249e-02 0.0000000e+00
 endloop
endfacet
facet normal -3.136817e-01 -9.495282e-01 -0.000000e+00
 outer loop
  vertex 5.7271275e-03 1.6006249e-02 7.0000000e-02
  vertex 4.9348395e-03 1.6267986e-02 0.0000000e+00
  vertex 5.7271275e-03 1.6006249e-02 0.0000000e+00
 endloop
endfacet
facet normal -3.136817e-01 -9.495282e-01 0.000000e+00
 outer loop
  vertex 5.7271275e-03 1.6006249e-02 7.0000000e-02
  vertex 4.9348395e-03 1.6267986e-02 7.0000000e-02
  vertex 4.9348395e-03 1.6267986e-02 0.0000000e+00
 endloop
endfacet
facet normal -2.667128e-01 -9.637761e-01 -0.000000e+00
 outer loop
  vertex 4.9348395e-03 1.6267986e-02 7.0000000e-02
  vertex 4.1306631e-03 1.6490531e-02 0.0000000e+00
  vertex 4.9348395e-03 1.6267986e-02 0.0000000e+00
 endloop
endfacet
facet normal -2.667128e-01 -9.637761e-01 0.000000e+00
 outer loop
  vertex 4.9348395e-03 1.6267986e-02 7.0000000e-02
  vertex 4.1306631e-03 1.6490531e-02 7.0000000e-02
  vertex 4.1306631e-03 1.6490531e-02 0.0000000e+00
 endloop
endfacet
facet normal -2.191012e-01 -9.757021e-01 -0.000000e+00
 outer loop
  vertex 4.1306631e-03 1.6490531e-02 7.0000000e-02
  vertex 3.3165355e-03 1.6673350e-02 0.0000000e+00
  vertex 4.1306631e-03 1.6490531e-02 0.0000000e+00
 endloop
endfacet
facet normal -2.191012e-01 -9.757021e-01 0.000000e+00
 outer loop
  vertex 4.1306631e-03 1.6490531e-02 7.0000000e-02
  vertex 3.3165355e-03 1.6673350e-02 7.0000000e-02
  vertex 3.3165355e-03 1.6673350e-02 0.0000000e+00
 endloop
endfacet
facet normal -1.709619e-01 -9.852776e-01 -0.000000e+00
 outer loop
  vertex 3.3165355e-03 1.6673350e-02 7.0000000e-02
  vertex 2.4944181e-03 1.6816001e-02 0.0000000e+00
  vertex 3.3165355e-03 1.6673350e-02 0.0000000e+00
 endloop
endfacet
facet normal -1.709619e-01 -9.852776e-01 0.000000e+00
 outer loop
  vertex 3.3165355e-03 1.6673350e-02 7.0000000e-02
  vertex 2.4944181e-03 1.6816001e-02 7.0000000e-02
  vertex 2.4944181e-03 1.6816001e-02 0.0000000e+00
 endloop
endfacet
facet normal -1.224107e-01 -9.924795e-01 -0.000000e+00
 outer loop
  vertex 2.4944181e-03 1.6816001e-02 7.0000000e-02
  vertex 1.6662914e-03 1.6918140e-02 0.0000000e+00
  vertex 2.4944181e-03 1.6816001e-02 0.0000000e+00
 endloop
endfacet
facet normal -1.224107e-01 -9.924795e-01 0.000000e+00
 outer loop
  vertex 2.4944181e-03 1.6816001e-02 7.0000000e-02
  vertex 1.6662914e-03 1.6918140e-02 7.0000000e-02
  vertex 1.6662914e-03 1.6918140e-02 0.0000000e+00
 endloop
endfacet
facet normal -7.356456e-02 -9.972905e-01 -0.000000e+00
 outer loop
  vertex 1.6662914e-03 1.6918140e-02 7.0000000e-02
  vertex 8.3415046e-04 1.6979523e-02 0.0000000e+00
  vertex 1.6662914e-03 1.6918140e-02 0.0000000e+00
 endloop
endfacet
facet normal -7.356456e-02 -9.972905e-01 0.000000e+00
 outer loop
  vertex 1.6662914e-03 1.6918140e-02 7.0000000e-02
  vertex 8.3415046e-04 1.6979523e-02 7.0000000e-02
  vertex 8.3415046e-04 1.6979523e-02 0.0000000e+00
 endloop
endfacet
facet normal -2.454123e-02 -9.996988e-01 -0.000000e+00
 outer loop
  vertex 8.3415046e-04 1.6979523e-02 7.0000000e-02
  vertex 1.0409498e-18 1.7000000e-02 0.0000000e+00
  vertex 8.3415046e-04 1.6979523e-02 0.0000000e+00
 endloop
endfacet
facet normal -2.454123e-02 -9.996988e-01 0.000000e+00
 outer loop
  vertex 8.3415046e-04 1.6979523e-02 7.0000000e-02
  vertex 1.0409498e-18 1.7000000e-02 7.0000000e-02
  vertex 1.0409498e-18 1.7000000e-02 0.0000000e+00
 endloop
endfacet
facet normal 2.454123e-02 -9.996988e-01 0.000000e+00
 outer loop
  vertex 1.0409498e-18 1.7000000e-02 7.0000000e-02
  vertex -8.3415046e-04 1.6979523e-02 0.0000000e+00
  vertex 1.0409498e-18 1.7000000e-02 0.0000000e+00
 endloop
endfacet
facet normal 2.454123e-02 -9.996988e-01 0.000000e+00
 outer loop
  vertex 1.0409498e-18 1.7000000e-02 7.0000000e-02
  vertex -8.3415046e-04 1.6979523e-02 7.0000000e-02
  vertex -8.3415046e-04 1.6979523e-02 0.0000000e+00
 endloop
endfacet
facet normal 7.356456e-02 -9.972905e-01 0.000000e+00
 outer loop
  vertex -8.3415046e-04 1.6979523e-02 7.0000000e-02
  vertex -1.6662914e-03 1.6918140e-02 0.0000000e+00
  vertex -8.3415046e-04 1.6979523e-02 0.0000000e+00
 endloop
endfacet
facet normal 7.356456e-02 -9.972905e-01 0.000000e+00
 outer loop
  vertex -8.3415046e-04 1.6979523e-02 7.0000000e-02
  vertex -1.6662914e-03 1.6918140e-02 7.0000000e-02
  vertex -1.6662914e-03 1.6918140e-02 0.0000000e+00
 endloop
endfacet
facet normal 1.224107e-01 -9.924795e-01 0.000000e+00
 outer loop
  vertex -1.6662914e-03 1.6918140e-02 7.0000000e-02
  vertex -2.4944181e-03 1.6816001e-02 0.0000000e+00
  vertex -1.6662914e-03 1.6918140e-02 0.0000000e+00
 endloop
endfacet
facet normal 1.224107e-01 -9.924795e-01 0.000000e+00
 outer loop
  vertex -1.6662914e-03 1.6918140e-02 7.0000000e-02
  vertex -2.4944181e-03 1.6816001e-02 7.0000000e-02
  vertex -2.4944181e-03 1.6816001e-02 0.0000000e+00
 endloop
endfacet
facet normal 1.709619e-01 -9.852776e-01 0.000000e+00
 outer loop
  vertex -2.4944181e-03 1.6816001e-02 7.0000000e-02
  vertex -3.3165355e-03 1.6673350e-02 0.0000000e+00
  vertex -2.4944181e-03 1.6816001e-02 0.0000000e+00
 endloop
endfacet
facet normal 1.709619e-01 -9.852776e-01 0.000000e+00
 outer loop
  vertex -2.4944181e-03 1.6816001e-02 7.0000000e-02
  vertex -3.3165355e-03 1.6673350e-02 7.0000000e-02
  vertex -3.3165355e-03 1.6673350e-02 0.0000000e+00
 endloop
endfacet
facet normal 2.191012e-01 -9.757021e-01 0.000000e+00
 outer loop
  vertex -3.3165355e-03 1.6673350e-02 7.0000000e-02
  vertex -4.1306631e-03 1.6490531e-02 0.0000000e+00
  vertex -3.3165355e-03 1.6673350e-02 0.0000000e+00
 endloop
endfacet
facet normal 2.191012e-01 -9.757021e-01 0.000000e+00
 outer loop
  vertex -3.3165355e-03 1.6673350e-02 7.0000000e-02
  vertex -4.1306631e-03 1.6490531e-02 7.0000000e-02
  vertex -4.1306631e-03 1.6490531e-02 0.0000000e+00
 endloop
endfacet
facet normal 2.667128e-01 -9.637761e-01 0.000000e+00
 outer loop
  vertex -4.1306631e-03 1.6490531e-02 7.0000000e-02
  vertex -4.9348395e-03 1.6267986e-02 0.0000000e+00
  vertex -4.1306631e-03 1.6490531e-02 0.0000000e+00
 endloop
endfacet
facet normal 2.667128e-01 -9.637761e-01 0.000000e+00
 outer loop
  vertex -4.1306631e-03 1.6490531e-02 7.0000000e-02
  vertex -4.9348395e-03 1.6267986e-02 7.0000000e-02
  vertex -4.9348395e-03 1.6267986e-02 0.0000000e+00
 endloop
endfacet
facet normal 3.136817e-01 -9.495282e-01 0.000000e+00
 outer loop
  vertex -4.9348395e-03 1.6267986e-02 7.0000000e-02
  vertex -5.7271275e-03 1.6006249e-02 0.0000000e+00
  vertex -4.9348395e-03 1.6267986e-02 0.0000000e+00
 endloop
endfacet
facet normal 3.136817e-01 -9.495282e-01 0.000000e+00
 outer loop
  vertex -4.9348395e-03 1.6267986e-02 7.0000000e-02
  vertex -5.7271275e-03 1.6006249e-02 7.0000000e-02
  vertex -5.7271275e-03 1.6006249e-02 0.0000000e+00
 endloop
endfacet
facet normal 3.598950e-01 -9.329928e-01 0.000000e+00
 outer loop
  vertex -5.7271275e-03 1.6006249e-02 7.0000000e-02
  vertex -6.5056184e-03 1.5705952e-02 0.0000000e+00
  vertex -5.7271275e-03 1.6006249e-02 0.0000000e+00
 endloop
endfacet
facet normal 3.598950e-01 -9.329928e-01 0.000000e+00
 outer loop
  vertex -5.7271275e-03 1.6006249e-02 7.0000000e-02
  vertex -6.5056184e-03 1.5705952e-02 7.0000000e-02
  vertex -6.5056184e-03 1.5705952e-02 0.0000000e+00
 endloop
endfacet
facet normal 4.052413e-01 -9.142098e-01 0.000000e+00
 outer loop
  vertex -6.5056184e-03 1.5705952e-02 7.0000000e-02
  vertex -7.2684366e-03 1.5367818e-02 0.0000000e+00
  vertex -6.5056184e-03 1.5705952e-02 0.0000000e+00
 endloop
endfacet
facet normal 4.052413e-01 -9.142098e-01 0.000000e+00
 outer loop
  vertex -6.5056184e-03 1.5705952e-02 7.0000000e-02
  vertex -7.2684366e-03 1.5367818e-02 7.0000000e-02
  vertex -7.2684366e-03 1.5367818e-02 0.0000000e+00
 endloop
endfacet
facet normal 4.496113e-01 -8.932243e-01 0.000000e+00
 outer loop
  vertex -7.2684366e-03 1.5367818e-02 7.0000000e-02
  vertex -8.0137445e-03 1.4992661e-02 0.0000000e+00
  vertex -7.2684366e-03 1.5367818e-02 0.0000000e+00
 endloop
endfacet
facet normal 4.496113e-01 -8.932243e-01 0.000000e+00
 outer loop
  vertex -7.2684366e-03 1.5367818e-02 7.0000000e-02
  vertex -8.0137445e-03 1.4992661e-02 7.0000000e-02
  vertex -8.0137445e-03 1.4992661e-02 0.0000000e+00
 endloop
endfacet
facet normal 4.928982e-01 -8.700870e-01 0.000000e+00
 outer loop
  vertex -8.0137445e-03 1.4992661e-02 7.0000000e-02
  vertex -8.7397467e-03 1.4581386e-02 0.0000000e+00
  vertex -8.0137445e-03 1.4992661e-02 0.0000000e+00
 endloop
endfacet
facet normal 4.928982e-01 -8.700870e-01 0.000000e+00
 outer loop
  vertex -8.0137445e-03 1.4992661e-02 7.0000000e-02
  vertex -8.7397467e-03 1.4581386e-02 7.0000000e-02
  vertex -8.7397467e-03 1.4581386e-02 0.0000000e+00
 endloop
endfacet
facet normal 5.349976e-01 -8.448536e-01 0.000000e+00
 outer loop
  vertex -8.7397467e-03 1.4581386e-02 7.0000000e-02
  vertex -9.4446940e-03 1.4134983e-02 0.0000000e+00
  vertex -8.7397467e-03 1.4581386e-02 0.0000000e+00
 endloop
endfacet
facet normal 5.349976e-01 -8.448536e-01 0.000000e+00
 outer loop
  vertex -8.7397467e-03 1.4581386e-02 7.0000000e-02
  vertex -9.4446940e-03 1.4134983e-02 7.0000000e-02
  vertex -9.4446940e-03 1.4134983e-02 0.0000000e+00
 endloop
endfacet
facet normal 5.758082e-01 -8.175848e-01 0.000000e+00
 outer loop
  vertex -9.4446940e-03 1.4134983e-02 7.0000000e-02
  vertex -1.0126888e-02 1.3654528e-02 0.0000000e+00
  vertex -9.4446940e-03 1.4134983e-02 0.0000000e+00
 endloop
endfacet
facet normal 5.758082e-01 -8.175848e-01 0.000000e+00
 outer loop
  vertex -9.4446940e-03 1.4134983e-02 7.0000000e-02
  vertex -1.0126888e-02 1.3654528e-02 7.0000000e-02
  vertex -1.0126888e-02 1.3654528e-02 0.0000000e+00
 endloop
endfacet
facet normal 6.152316e-01 -7.883464e-01 0.000000e+00
 outer loop
  vertex -1.0126888e-02 1.3654528e-02 7.0000000e-02
  vertex -1.0784686e-02 1.3141178e-02 0.0000000e+00
  vertex -1.0126888e-02 1.3654528e-02 0.0000000e+00
 endloop
endfacet
facet normal 6.152316e-01 -7.883464e-01 0.000000e+00
 outer loop
  vertex -1.0126888e-02 1.3654528e-02 7.0000000e-02
  vertex -1.0784686e-02 1.3141178e-02 7.0000000e-02
  vertex -1.0784686e-02 1.3141178e-02 0.0000000e+00
 endloop
endfacet
facet normal 6.531728e-01 -7.572088e-01 0.000000e+00
 outer loop
  vertex -1.0784686e-02 1.3141178e-02 7.0000000e-02
  vertex -1.1416502e-02 1.2596169e-02 0.0000000e+00
  vertex -1.0784686e-02 1.3141178e-02 0.0000000e+00
 endloop
endfacet
facet normal 6.531728e-01 -7.572088e-01 0.000000e+00
 outer loop
  vertex -1.0784686e-02 1.3141178e-02 7.0000000e-02
  vertex -1.1416502e-02 1.2596169e-02 7.0000000e-02
  vertex -1.1416502e-02 1.2596169e-02 0.0000000e+00
 endloop
endfacet
facet normal 6.895405e-01 -7.242471e-01 0.000000e+00
 outer loop
  vertex -1.1416502e-02 1.2596169e-02 7.0000000e-02
  vertex -1.2020815e-02 1.2020815e-02 0.0000000e+00
  vertex -1.1416502e-02 1.2596169e-02 0.0000000e+00
 endloop
endfacet
facet normal 6.895405e-01 -7.242471e-01 0.000000e+00
 outer loop
  vertex -1.1416502e-02 1.2596169e-02 7.0000000e-02
  vertex -1.2020815e-02 1.2020815e-02 7.0000000e-02
  vertex -1.2020815e-02 1.2020815e-02 0.0000000e+00
 endloop
endfacet
facet normal 7.242471e-01 -6.895405e-01 0.000000e+00
 outer loop
  vertex -1.2020815e-02 1.2020815e-02 7.0000000e-02
  vertex -1.2596169e-02 1.1416502e-02 0.0000000e+00
  vertex -1.2020815e-02 1.2020815e-02 0.0000000e+00
 endloop
endfacet
facet normal 7.242471e-01 -6.895405e-01 0.000000e+00
 outer loop
  vertex -1.2020815e-02 1.2020815e-02 7.0000000e-02
  vertex -1.2596169e-02 1.1416502e-02 7.0000000e-02
  vertex -1.2596169e-02 1.1416502e-02 0.0000000e+00
 endloop
endfacet
facet normal 7.572088e-01 -6.531728e-01 0.000000e+00
 outer loop
  vertex -1.2596169e-02 1.1416502e-02 7.0000000e-02
  vertex -1.3141178e-02 1.0784686e-02 0.0000000e+00
  vertex -1.2596169e-02 1.1416502e-02 0.0000000e+00
 endloop
endfacet
facet normal 7.572088e-01 -6.531728e-01 0.000000e+00
 outer loop
  vertex -1.2596169e-02 1.1416502e-02 7.0000000e-02
  vertex -1.3141178e-02 1.0784686e-02 7.0000000e-02
  vertex -1.3141178e-02 1.0784686e-02 0.0000000e+00
 endloop
endfacet
facet normal 7.883464e-01 -6.152316e-01 0.000000e+00
 outer loop
  vertex -1.3141178e-02 1.0784686e-02 7.0000000e-02
  vertex -1.3654528e-02 1.0126888e-02 0.0000000e+00
  vertex -1.3141178e-02 1.0784686e-02 0.0000000e+00
 endloop
endfacet
facet normal 7.883464e-01 -6.152316e-01 0.000000e+00
 outer loop
  vertex -1.3141178e-02 1.0784686e-02 7.0000000e-02
  vertex -1.3654528e-02 1.0126888e-02 7.0000000e-02
  vertex -1.3654528e-02 1.0126888e-02 0.0000000e+00
 endloop
endfacet
facet normal 8.175848e-01 -5.758082e-01 0.000000e+00
 outer loop
  vertex -1.3654528e-02 1.0126888e-02 7.0000000e-02
  vertex -1.4134983e-02 9.4446940e-03 0.0000000e+00
  vertex -1.3654528e-02 1.0126888e-02 0.0000000e+00
 endloop
endfacet
facet normal 8.175848e-01 -5.758082e-01 0.000000e+00
 outer loop
  vertex -1.3654528e-02 1.0126888e-02 7.0000000e-02
  vertex -1.4134983e-02 9.4446940e-03 7.0000000e-02
  vertex -1.4134983e-02 9.4446940e-03 0.0000000e+00
 endloop
endfacet
facet normal 8.448536e-01 -5.349976e-01 0.000000e+00
 outer loop
  vertex -1.4134983e-02 9.4446940e-03 7.0000000e-02
  vertex -1.4581386e-02 8.7397467e-03 0.0000000e+00
  vertex -1.4134983e-02 9.4446940e-03 0.0000000e+00
 endloop
endfacet
facet normal 8.448536e-01 -5.349976e-01 0.000000e+00
 outer loop
  vertex -1.4134983e-02 9.4446940e-03 7.0000000e-02
  vertex -1.4581386e-02 8.7397467e-03 7.0000000e-02
  vertex -1.4581386e-02 8.7397467e-03 0.0000000e+00
 endloop
endfacet
facet normal 8.700870e-01 -4.928982e-01 0.000000e+00
 outer loop
  vertex -1.4581386e-02 8.7397467e-03 7.0000000e-02
  vertex -1.4992661e-02 8.0137445e-03 0.0000000e+00
  vertex -1.4581386e-02 8.7397467e-03 0.0000000e+00
 endloop
endfacet
facet normal 8.700870e-01 -4.928982e-01 0.000000e+00
 outer loop
  vertex -1.4581386e-02 8.7397467e-03 7.0000000e-02
  vertex -1.4992661e-02 8.0137445e-03 7.0000000e-02
  vertex -1.4992661e-02 8.0137445e-03 0.0000000e+00
 endloop
endfacet
facet normal 8.932243e-01 -4.496113e-01 0.000000e+00
 outer loop
  vertex -1.4992661e-02 8.0137445e-03 7.0000000e-02
  vertex -1.5367818e-02 7.2684366e-03 0.0000000e+00
  vertex -1.4992661e-02 8.0137445e-03 0.0000000e+00
 endloop
endfacet
facet normal 8.932243e-01 -4.496113e-01 0.000000e+00
 outer loop
  vertex -1.4992661e-02 8.0137445e-03 7.0000000e-02
  vertex -1.5367818e-02 7.2684366e-03 7.0000000e-02
  vertex -1.5367818e-02 7.2684366e-03 0.0000000e+00
 endloop
endfacet
facet normal 9.142098e-01 -4.052413e-01 0.000000e+00
 outer loop
  vertex -1.5367818e-02 7.2684366e-03 7.0000000e-02
  vertex -1.5705952e-02 6.5056184e-03 0.0000000e+00
  vertex -1.5367818e-02 7.2684366e-03 0.0000000e+00
 endloop
endfacet
facet normal 9.142098e-01 -4.052413e-01 0.000000e+00
 outer loop
  vertex -1.5367818e-02 7.2684366e-03 7.0000000e-02
  vertex -1.5705952e-02 6.5056184e-03 7.0000000e-02
  vertex -1.5705952e-02 6.5056184e-03 0.0000000e+00
 endloop
endfacet
facet normal 9.329928e-01 -3.598950e-01 0.000000e+00
 outer loop
  vertex -1.5705952e-02 6.5056184e-03 7.0000000e-02
  vertex -1.6006249e-02 5.7271275e-03 0.0000000e+00
  vertex -1.5705952e-02 6.5056184e-03 0.0000000e+00
 endloop
endfacet
facet normal 9.329928e-01 -3.598950e-01 0.000000e+00
 outer loop
  vertex -1.5705952e-02 6.5056184e-03 7.0000000e-02
  vertex -1.6006249e-02 5.7271275e-03 7.0000000e-02
  vertex -1.6006249e-02 5.7271275e-03 0.0000000e+00
 endloop
endfacet
facet normal 9.495282e-01 -3.136817e-01 0.000000e+00
 outer loop
  vertex -1.6006249e-02 5.7271275e-03 7.0000000e-02
  vertex -1.6267986e-02 4.9348395e-03 0.0000000e+00
  vertex -1.6006249e-02 5.7271275e-03 0.0000000e+00
 endloop
endfacet
facet normal 9.495282e-01 -3.136817e-01 0.000000e+00
 outer loop
  vertex -1.6006249e-02 5.7271275e-03 7.0000000e-02
  vertex -1.6267986e-02 4.9348395e-03 7.0000000e-02
  vertex -1.6267986e-02 4.9348395e-03 0.0000000e+00
 endloop
endfacet
facet normal 9.637761e-01 -2.667128e-01 0.000000e+00
 outer loop
  vertex -1.6267986e-02 4.9348395e-03 7.0000000e-02
  vertex -1.6490531e-02 4.1306631e-03 0.0000000e+00
  vertex -1.6267986e-02 4.9348395e-03 0.0000000e+00
 endloop
endfacet
facet normal 9.637761e-01 -2.667128e-01 0.000000e+00
 outer loop
  vertex -1.6267986e-02 4.9348395e-03 7.0000000e-02
  vertex -1.6490531e-02 4.1306631e-03 7.0000000e-02
  vertex -1.6490531e-02 4.1306631e-03 0.0000000e+00
 endloop
endfacet
facet normal 9.757021e-01 -2.191012e-01 0.000000e+00
 outer loop
  vertex -1.6490531e-02 4.1306631e-03 7.0000000e-02
  vertex -1.6673350e-02 3.3165355e-03 0.0000000e+00
  vertex -1.6490531e-02 4.1306631e-03 0.0000000e+00
 endloop
endfacet
facet normal 9.757021e-01 -2.191012e-01 0.000000e+00
 outer loop
  vertex -1.6490531e-02 4.1306631e-03 7.0000000e-02
  vertex -1.6673350e-02 3.3165355e-03 7.0000000e-02
  vertex -1.6673350e-02 3.3165355e-03 0.0000000e+00
 endloop
endfacet
facet normal 9.852776e-01 -1.709619e-01 0.000000e+00
 outer loop
  vertex -1.6673350e-02 3.3165355e-03 7.0000000e-02
  vertex -1.6816001e-02 2.4944181e-03 0.0000000e+00
  vertex -1.6673350e-02 3.3165355e-03 0.0000000e+00
 endloop
endfacet
facet normal 9.852776e-01 -1.709619e-01 0.000000e+00
 outer loop
  vertex -1.6673350e-02 3.3165355e-03 7.0000000e-02
  vertex -1.6816001e-02 2.4944181e-03 7.0000000e-02
  vertex -1.6816001e-02 2.4944181e-03 0.0000000e+00
 endloop
endfacet
facet normal 9.924795e-01 -1.224107e-01 0.000000e+00
 outer loop
  vertex -1.6816001e-02 2.4944181e-03 7.0000000e-02
  vertex -1.6918140e-02 1.6662914e-03 0.0000000e+00
  vertex -1.6816001e-02 2.4944181e-03 0.0000000e+00
 endloop
endfacet
facet normal 9.924795e-01 -1.224107e-01 0.000000e+00
 outer loop
  vertex -1.6816001e-02 2.4944181e-03 7.0000000e-02
  vertex -1.6918140e-02 1.6662914e-03 7.0000000e-02
  vertex -1.6918140e-02 1.6662914e-03 0.0000000e+00
 endloop
endfacet
facet normal 9.972905e-01 -7.356456e-02 0.000000e+00
 outer loop
  vertex -1.6918140e-02 1.6662914e-03 7.0000000e-02
  vertex -1.6979523e-02 8.3415046e-04 0.0000000e+00
  vertex -1.6918140e-02 1.6662914e-03 0.0000000e+00
 endloop
endfacet
facet normal 9.972905e-01 -7.356456e-02 0.000000e+00
 outer loop
  vertex -1.6918140e-02 1.6662914e-03 7.0000000e-02
  vertex -1.6979523e-02 8.3415046e-04 7.0000000e-02
  vertex -1.6979523e-02 8.3415046e-04 0.0000000e+00
 endloop
endfacet
facet normal 9.996988e-01 -2.454123e-02 0.000000e+00
 outer loop
  vertex -1.6979523e-02 8.3415046e-04 7.0000000e-02
  vertex -1.7000000e-02 2.0818996e-18 0.0000000e+00
  vertex -1.6979523e-02 8.3415046e-04 0.0000000e+00
 endloop
endfacet
facet normal 9.996988e-01 -2.454123e-02 0.000000e+00
 outer loop
  vertex -1.6979523e-02 8.3415046e-04 7.0000000e-02
  vertex -1.7000000e-02 2.0818996e-18 7.0000000e-02
  vertex -1.7000000e-02 2.0818996e-18 0.0000000e+00
 endloop
endfacet
facet normal 9.996988e-01 2.454123e-02 0.000000e+00
 outer loop
  vertex -1.7000000e-02 2.0818996e-18 7.0000000e-02
  vertex -1.6979523e-02 -8.3415046e-04 0.0000000e+00
  vertex -1.7000000e-02 2.0818996e-18 0.0000000e+00
 endloop
endfacet
facet normal 9.996988e-01 2.454123e-02 0.000000e+00
 outer loop
  vertex -1.7000000e-02 2.0818996e-18 7.0000000e-02
  vertex -1.6979523e-02 -8.3415046e-04 7.0000000e-02
  vertex -1.6979523e-02 -8.3415046e-04 0.0000000e+00
 endloop
endfacet
facet normal 9.972905e-01 7.356456e-02 0.000000e+00
 outer loop
  vertex -1.6979523e-02 -8.3415046e-04 7.0000000e-02
  vertex -1.6918140e-02 -1.6662914e-03 0.0000000e+00
  vertex -1.6979523e-02 -8.3415046e-04 0.0000000e+00
 endloop
endfacet
facet normal 9.972905e-01 7.356456e-02 0.000000e+00
 outer loop
  vertex -1.6979523e-02 -8.3415046e-04 7.0000000e-02
  vertex -1.6918140e-02 -1.6662914e-03 7.0000000e-02
  vertex -1.6918140e-02 -1.6662914e-03 0.0000000e+00
 endloop
endfacet
facet normal 9.924795e-01 1.224107e-01 0.000000e+00
 outer loop
  vertex -1.6918140e-02 -1.6662914e-03 7.0000000e-02
  vertex -1.6816001e-02 -2.4944181e-03 0.0000000e+00
  vertex -1.6918140e-02 -1.6662914e-03 0.0000000e+00
 endloop
endfacet
facet normal 9.924795e-01 1.224107e-01 0.000000e+00
 outer loop
  vertex -1.6918140e-02 -1.6662914e-03 7.0000000e-02
  vertex -1.6816001e-02 -2.4944181e-03 7.0000000e-02
  vertex -1.6816001e-02 -2.4944181e-03 0.0000000e+00
 endloop
endfacet
facet normal 9.852776e-01 1.709619e-01 0.000000e+00
 outer loop
  vertex -1.6816001e-02 -2.4944181e-03 7.0000000e-02
  vertex -1.6673350e-02 -3.3165355e-03 0.0000000e+00
  vertex -1.6816001e-02 -2.4944181e-03 0.0000000e+00
 endloop
endfacet
facet normal 9.852776e-01 1.709619e-01 0.000000e+00
 outer loop
  vertex -1.6816001e-02 -2.4944181e-03 7.0000000e-02
  vertex -1.6673350e-02 -3.3165355e-03 7.0000000e-02
  vertex -1.6673350e-02 -3.3165355e-03 0.0000000e+00
 endloop
endfacet
facet normal 9.757021e-01 2.191012e-01 0.000000e+00
 outer loop
  vertex -1.6673350e-02 -3.3165355e-03 7.0000000e-02
  vertex -1.6490531e-02 -4.1306631e-03 0.0000000e+00
  vertex -1.6673350e-02 -3.3165355e-03 0.0000000e+00
 endloop
endfacet
facet normal 9.757021e-01 2.191012e-01 0.000000e+00
 outer loop
  vertex -1.6673350e-02 -3.3165355e-03 7.0000000e-02
  vertex -1.6490531e-02 -4.1306631e-03 7.0000000e-02
  vertex -1.6490531e-02 -4.1306631e-03 0.0000000e+00
 endloop
endfacet
facet normal 9.637761e-01 2.667128e-01 0.000000e+00
 outer loop
  vertex -1.6490531e-02 -4.1306631e-03 7.0000000e-02
  vertex -1.6267986e-02 -4.9348395e-03 0.0000000e+00
  vertex -1.6490531e-02 -4.1306631e-03 0.0000000e+00
 endloop
endfacet
facet normal 9.637761e-01 2.667128e-01 0.000000e+00
 outer loop
  vertex -1.6490531e-02 -4.1306631e-03 7.0000000e-02
  vertex -1.6267986e-02 -4.9348395e-03 7.0000000e-02
  vertex -1.6267986e-02 -4.9348395e-03 0.0000000e+00
 endloop
endfacet
facet normal 9.495282e-01 3.136817e-01 0.000000e+00
 outer loop
  vertex -1.6267986e-02 -4.9348395e-03 7.0000000e-02
  vertex -1.6006249e-02 -5.7271275e-03 0.0000000e+00
  vertex -1.6267986e-02 -4.9348395e-03 0.0000000e+00
 endloop
endfacet
facet normal 9.495282e-01 3.136817e-01 0.000000e+00
 outer loop
  vertex -1.6267986e-02 -4.9348395e-03 7.0000000e-02
  vertex -1.6006249e-02 -5.7271275e-03 7.0000000e-02
  vertex -1.6006249e-02 -5.7271275e-03 0.0000000e+00
 endloop
endfacet
facet normal 9.329928e-01 3.598950e-01 0.000000e+00
 outer loop
  vertex -1.6006249e-02 -5.7271275e-03 7.0000000e-02
  vertex -1.5705952e-02 -6.5056184e-03 0.0000000e+00
  vertex -1.6006249e-02 -5.7271275e-03 0.0000000e+00
 endloop
endfacet
facet normal 9.329928e-01 3.598950e-01 0.000000e+00
 outer loop
  vertex -1.6006249e-02 -5.7271275e-03 7.0000000e-02
  vertex -1.5705952e-02 -6.5056184e-03 7.0000000e-02
  vertex -1.5705952e-02 -6.5056184e-03 0.0000000e+00
 endloop
endfacet
facet normal 9.142098e-01 4.052413e-01 0.000000e+00
 outer loop
  vertex -1.5705952e-02 -6.5056184e-03 7.0000000e-02
  vertex -1.5367818e-02 -7.2684366e-03 0.0000000e+00
  vertex -1.5705952e-02 -6.5056184e-03 0.0000000e+00
 endloop
endfacet
facet normal 9.142098e-01 4.052413e-01 0.000000e+00
 outer loop
  vertex -1.5705952e-02 -6.5056184e-03 7.0000000e-02
  vertex -1.5367818e-02 -7.2684366e-03 7.0000000e-02
  vertex -1.5367818e-02 -7.2684366e-03 0.0000000e+00
 endloop
endfacet
facet normal 8.932243e-01 4.496113e-01 0.000000e+00
 outer loop
  vertex -1.5367818e-02 -7.2684366e-03 7.0000000e-02
  vertex -1.4992661e-02 -8.0137445e-03 0.0000000e+00
  vertex -1.5367818e-02 -7.2684366e-03 0.0000000e+00
 endloop
endfacet
facet normal 8.932243e-01 4.496113e-01 0.000000e+00
 outer loop
  vertex -1.5367818e-02 -7.2684366e-03 7.0000000e-02
  vertex -1.4992661e-02 -8.0137445e-03 7.0000000e-02
  vertex -1.4992661e-02 -8.0137445e-03 0.0000000e+00
 endloop
endfacet
facet normal 8.700870e-01 4.928982e-01 0.000000e+00
 outer loop
  vertex -1.4992661e-02 -8.0137445e-03 7.0000000e-02
  vertex -1.4581386e-02 -8.7397467e-03 0.0000000e+00
  vertex -1.4992661e-02 -8.0137445e-03 0.0000000e+00
 endloop
endfacet
facet normal 8.700870e-01 4.928982e-01 0.000000e+00
 outer loop
  vertex -1.4992661e-02 -8.0137445e-03 7.0000000e-02
  vertex -1.4581386e-02 -8.7397467e-03 7.0000000e-02
  vertex -1.4581386e-02 -8.7397467e-03 0.0000000e+00
 endloop
endfacet
facet normal 8.448536e-01 5.349976e-01 0.000000e+00
 outer loop
  vertex -1.4581386e-02 -8.7397467e-03 7.0000000e-02
  vertex -1.4134983e-02 -9.4446940e-03 0.0000000e+00
  vertex -1.4581386e-02 -8.7397467e-03 0.0000000e+00
 endloop
endfacet
facet normal 8.448536e-01 5.349976e-01 0.000000e+00
 outer loop
  vertex -1.4581386e-02 -8.7397467e-03 7.0000000e-02
  vertex -1.4134983e-02 -9.4446940e-03 7.0000000e-02
  vertex -1.4134983e-02 -9.4446940e-03 0.0000000e+00
 endloop
endfacet
facet normal 8.175848e-01 5.758082e-01 0.000000e+00
 outer loop
  vertex -1.4134983e-02 -9.4446940e-03 7.0000000e-02
  vertex -1.3654528e-02 -1.0126888e-02 0.0000000e+00
  vertex -1.4134983e-02 -9.4446940e-03 0.0000000e+00
 endloop
endfacet
facet normal 8.175848e-01 5.758082e-01 0.000000e+00
 outer loop
  vertex -1.4134983e-02 -9.4446940e-03 7.0000000e-02
  vertex -1.3654528e-02 -1.0126888e-02 7.0000000e-02
  vertex -1.3654528e-02 -1.0126888e-02 0.0000000e+00
 endloop
endfacet
facet normal 7.883464e-01 6.152316e-01 0.000000e+00
 outer loop
  vertex -1.3654528e-02 -1.0126888e-02 7.0000000e-02
  vertex -1.3141178e-02 -1.0784686e-02 0.0000000e+00
  vertex -1.3654528e-02 -1.0126888e-02 0.0000000e+00
 endloop
endfacet
facet normal 7.883464e-01 6.152316e-01 0.000000e+00
 outer loop
  vertex -1.3654528e-02 -1.0126888e-02 7.0000000e-02
  vertex -1.3141178e-02 -1.0784686e-02 7.0000000e-02
  vertex -1.3141178e-02 -1.0784686e-02 0.0000000e+00
 endloop
endfacet
facet normal 7.572088e-01 6.531728e-01 0.000000e+00
 outer loop
  vertex -1.3141178e-02 -1.0784686e-02 7.0000000e-02
  vertex -1.2596169e-02 -1.1416502e-02 0.0000000e+00
  vertex -1.3141178e-02 -1.0784686e-02 0.0000000e+00
 endloop
endfacet
facet normal 7.572088e-01 6.531728e-01 0.000000e+00
 outer loop
  vertex -1.3141178e-02 -1.0784686e-02 7.0000000e-02
  vertex -1.2596169e-02 -1.1416502e-02 7.0000000e-02
  vertex -1.2596169e-02 -1.1416502e-02 0.0000000e+00
 endloop
endfacet
facet normal 7.242471e-01 6.895405e-01 0.000000e+00
 outer loop
  vertex -1.2596169e-02 -1.1416502e-02 7.0000000e-02
  vertex -1.2020815e-02 -1.2020815e-02 0.0000000e+00
  vertex -1.2596169e-02 -1.1416502e-02 0.0000000e+00
 endloop
endfacet
facet normal 7.242471e-01 6.895405e-01 0.000000e+00
 outer loop
  vertex -1.2596169e-02 -1.1416502e-02 7.0000000e-02
  vertex -1.2020815e-02 -1.2020815e-02 7.0000000e-02
  vertex -1.2020815e-02 -1.2020815e-02 0.0000000e+00
 endloop
endfacet
facet normal 6.895405e-01 7.242471e-01 0.000000e+00
 outer loop
  vertex -1.2020815e-02 -1.2020815e-02 7.0000000e-02
  vertex -1.1416502e-02 -1.2596169e-02 0.0000000e+00
  vertex -1.2020815e-02 -1.2020815e-02 0.0000000e+00
 endloop
endfacet
facet normal 6.895405e-01 7.242471e-01 0.000000e+00
 outer loop
  vertex -1.2020815e-02 -1.2020815e-02 7.0000000e-02
  vertex -1.1416502e-02 -1.2596169e-02 7.0000000e-02
  vertex -1.1416502e-02 -1.2596169e-02 0.0000000e+00
 endloop
endfacet
facet normal 6.531728e-01 7.572088e-01 0.000000e+00
 outer loop
  vertex -1.1416502e-02 -1.2596169e-02 7.0000000e-02
  vertex -1.0784686e-02 -1.3141178e-02 0.0000000e+00
  vertex -1.1416502e-02 -1.2596169e-02 0.0000000e+00
 endloop
endfacet
facet normal 6.531728e-01 7.572088e-01 0.000000e+00
 outer loop
  vertex -1.1416502e-02 -1.2596169e-02 7.0000000e-02
  vertex -1.0784686e-02 -1.3141178e-02 7.0000000e-02
  vertex -1.0784686e-02 -1.3141178e-02 0.0000000e+00
 endloop
endfacet
facet normal 6.152316e-01 7.883464e-01 0.000000e+00
 outer loop
  vertex -1.0784686e-02 -1.3141178e-02 7.0000000e-02
  vertex -1.0126888e-02 -1.3654528e-02 0.0000000e+00
  vertex -1.0784686e-02 -1.3141178e-02 0.0000000e+00
 endloop
endfacet
facet normal 6.152316e-01 7.883464e-01 0.000000e+00
 outer loop
  vertex -1.0784686e-02 -1.3141178e-02 7.0000000e-02
  vertex -1.0126888e-02 -1.3654528e-02 7.0000000e-02
  vertex -1.0126888e-02 -1.3654528e-02 0.0000000e+00
 endloop
endfacet
facet normal 5.758082e-01 8.175848e-01 0.000000e+00
 outer loop
  vertex -1.0126888e-02 -1.3654528e-02 7.0000000e-02
  vertex -9.4446940e-03 -1.4134983e-02 0.0000000e+00
  vertex -1.0126888e-02 -1.3654528e-02 0.0000000e+00
 endloop
endfacet
facet normal 5.758082e-01 8.175848e-01 0.000000e+00
 outer loop
  vertex -1.0126888e-02 -1.3654528e-02 7.0000000e-02
  vertex -9.4446940e-03 -1.4134983e-02 7.0000000e-02
  vertex -9.4446940e-03 -1.4134983e-02 0.0000000e+00
 endloop
endfacet
facet normal 5.349976e-01 8.448536e-01 0.000000e+00
 outer loop
  vertex -9.4446940e-03 -1.4134983e-02 7.0000000e-02
  vertex -8.7397467e-03 -1.4581386e-02 0.0000000e+00
  vertex -9.4446940e-03 -1.4134983e-02 0.0000000e+00
 endloop
endfacet
facet normal 5.349976e-01 8.448536e-01 0.000000e+00
 outer loop
  vertex -9.4446940e-03 -1.4134983e-02 7.0000000e-02
  vertex -8.7397467e-03 -1.4581386e-02 7.0000000e-02
  vertex -8.7397467e-03 -1.4581386e-02 0.0000000e+00
 endloop
endfacet
facet normal 4.928982e-01 8.700870e-01 0.000000e+00
 outer loop
  vertex -8.7397467e-03 -1.4581386e-02 7.0000000e-02
  vertex -8.0137445e-03 -1.4992661e-02 0.0000000e+00
  vertex -8.7397467e-03 -1.4581386e-02 0.0000000e+00
 endloop
endfacet
facet normal 4.928982e-01 8.700870e-01 0.000000e+00
 outer loop
  vertex -8.7397467e-03 -1.4581386e-02 7.0000000e-02
  vertex -8.0137445e-03 -1.4992661e-02 7.0000000e-02
  vertex -8.0137445e-03 -1.4992661e-02 0.0000000e+00
 endloop
endfacet
facet normal 4.496113e-01 8.932243e-01 0.000000e+00
 outer loop
  vertex -8.0137445e-03 -1.4992661e-02 7.0000000e-02
  vertex -7.2684366e-03 -1.5367818e-02 0.0000000e+00
  vertex -8.0137445e-03 -1.4992661e-02 0.0000000e+00
 endloop
endfacet
facet normal 4.496113e-01 8.932243e-01 0.000000e+00
 outer loop
  vertex -8.0137445e-03 -1.4992661e-02 7.0000000e-02
  vertex -7.2684366e-03 -1.5367818e-02 7.0000000e-02
  vertex -7.2684366e-03 -1.5367818e-02 0.0000000e+00
 endloop
endfacet
facet normal 4.052413e-01 9.142098e-01 0.000000e+00
 outer loop
  vertex -7.2684366e-03 -1.5367818e-02 7.0000000e-02
  vertex -6.5056184e-03 -1.5705952e-02 0.0000000e+00
  vertex -7.2684366e-03 -1.5367818e-02 0.0000000e+00
 endloop
endfacet
facet normal 4.052413e-01 9.142098e-01 0.000000e+00
 outer loop
  vertex -7.2684366e-03 -1.5367818e-02 7.0000000e-02
  vertex -6.5056184e-03 -1.5705952e-02 7.0000000e-02
  vertex -6.5056184e-03 -1.5705952e-02 0.0000000e+00
 endloop
endfacet
facet normal 3.598950e-01 9.329928e-01 0.000000e+00
 outer loop
  vertex -6.5056184e-03 -1.5705952e-02 7.0000000e-02
  vertex -5.7271275e-03 -1.6006249e-02 0.0000000e+00
  vertex -6.5056184e-03 -1.5705952e-02 0.0000000e+00
 endloop
endfacet
facet normal 3.598950e-01 9.329928e-01 0.000000e+00
 outer loop
  vertex -6.5056184e-03 -1.5705952e-02 7.0000000e-02
  vertex -5.7271275e-03 -1.6006249e-02 7.0000000e-02
  vertex -5.7271275e-03 -1.6006249e-02 0.0000000e+00
 endloop
endfacet
facet normal 3.136817e-01 9.495282e-01 0.000000e+00
 outer loop
  vertex -5.7271275e-03 -1.6006249e-02 7.0000000e-02
  vertex -4.9348395e-03 -1.6267986e-02 0.0000000e+00
  vertex -5.7271275e-03 -1.6006249e-02 0.0000000e+00
 endloop
endfacet
facet normal 3.136817e-01 9.495282e-01 0.000000e+00
 outer loop
  vertex -5.7271275e-03 -1.6006249e-02 7.0000000e-02
  vertex -4.9348395e-03 -1.6267986e-02 7.0000000e-02
  vertex -4.9348395e-03 -1.6267986e-02 0.0000000e+00
 endloop
endfacet
facet normal 2.667128e-01 9.637761e-01 0.000000e+00
 outer loop
  vertex -4.9348395e-03 -1.6267986e-02 7.0000000e-02
  vertex -4.1306631e-03 -1.6490531e-02 0.0000000e+00
  vertex -4.9348395e-03 -1.6267986e-02 0.0000000e+00
 endloop
endfacet
facet normal 2.667128e-01 9.637761e-01 0.000000e+00
 outer loop
  vertex -4.9348395e-03 -1.6267986e-02 7.0000000e-02
  vertex -4.1306631e-03 -1.6490531e-02 7.0000000e-02
  vertex -4.1306631e-03 -1.6490531e-02 0.0000000e+00
 endloop
endfacet
facet normal 2.191012e-01 9.757021e-01 0.000000e+00
 outer loop
  vertex -4.1306631e-03 -1.6490531e-02 7.0000000e-02
  vertex -3.3165355e-03 -1.6673350e-02 0.0000000e+00
  vertex -4.1306631e-03 -1.6490531e-02 0.0000000e+00
 endloop
endfacet
facet normal 2.191012e-01 9.757021e-01 0.000000e+00
 outer loop
  vertex -4.1306631e-03 -1.6490531e-02 7.0000000e-02
  vertex -3.3165355e-03 -1.6673350e-02 7.0000000e-02
  vertex -3.3165355e-03 -1.6673350e-02 0.0000000e+00
 endloop
endfacet
facet normal 1.709619e-01 9.852776e-01 0.000000e+00
 outer loop
  vertex -3.3165355e-03 -1.6673350e-02 7.0000000e-02
  vertex -2.4944181e-03 -1.6816001e-02 0.0000000e+00
  vertex -3.3165355e-03 -1.6673350e-02 0.0000000e+00
 endloop
endfacet
facet normal 1.709619e-01 9.852776e-01 0.000000e+00
 outer loop
  vertex -3.3165355e-03 -1.6673350e-02 7.0000000e-02
  vertex -2.4944181e-03 -1.6816001e-02 7.0000000e-02
  vertex -2.4944181e-03 -1.6816001e-02 0.0000000e+00
 endloop
endfacet
facet normal 1.224107e-01 9.924795e-01 0.000000e+00
 outer loop
  vertex -2.4944181e-03 -1.6816001e-02 7.0000000e-02
  vertex -1.6662914e-03 -1.6918140e-02 0.0000000e+00
  vertex -2.4944181e-03 -1.6816001e-02 0.0000000e+00
 endloop
endfacet
facet normal 1.224107e-01 9.924795e-01 0.000000e+00
 outer loop
  vertex -2.4944181e-03 -1.6816001e-02 7.0000000e-02
  vertex -1.6662914e-03 -1.6918140e-02 7.0000000e-02
  vertex -1.6662914e-03 -1.6918140e-02 0.0000000e+00
 endloop
endfacet
facet normal 7.356456e-02 9.972905e-01 0.000000e+00
 outer loop
  vertex -1.6662914e-03 -1.6918140e-02 7.0000000e-02
  vertex -8.3415046e-04 -1.6979523e-02 0.0000000e+00
  vertex -1.6662914e-03 -1.6918140e-02 0.0000000e+00
 endloop
endfacet
facet normal 7.356456e-02 9.972905e-01 0.000000e+00
 outer loop
  vertex -1.6662914e-03 -1.6918140e-02 7.0000000e-02
  vertex -8.3415046e-04 -1.6979523e-02 7.0000000e-02
  vertex -8.3415046e-04 -1.6979523e-02 0.0000000e+00
 endloop
endfacet
facet normal 2.454123e-02 9.996988e-01 0.000000e+00
 outer loop
  vertex -8.3415046e-04 -1.6979523e-02 7.0000000e-02
  vertex -3.1228493e-18 -1.7000000e-02 0.0000000e+00
  vertex -8.3415046e-04 -1.6979523e-02 0.0000000e+00
 endloop
endfacet
facet normal 2.454123e-02 9.996988e-01 0.000000e+00
 outer loop
  vertex -8.3415046e-04 -1.6979523e-02 7.0000000e-02
  vertex -3.1228493e-18 -1.7000000e-02 7.0000000e-02
  vertex -3.1228493e-18 -1.7000000e-02 0.0000000e+00
 endloop
endfacet
facet normal -2.454123e-02 9.996988e-01 0.000000e+00
 outer loop
  vertex -3.1228493e-18 -1.7000000e-02 7.0000000e-02
  vertex 8.3415046e-04 -1.6979523e-02 0.0000000e+00
  vertex -3.1228493e-18 -1.7000000e-02 0.0000000e+00
 endloop
endfacet
facet normal -2.454123e-02 9.996988e-01 0.000000e+00
 outer loop
  vertex -3.1228493e-18 -1.7000000e-02 7.0000000e-02
  vertex 8.3415046e-04 -1.6979523e-02 7.0000000e-02
  vertex 8.3415046e-04 -1.6979523e-02 0.0000000e+00
 endloop
endfacet
facet normal -7.356456e-02 9.972905e-01 0.000000e+00
 outer loop
  vertex 8.3415046e-04 -1.6979523e-02 7.0000000e-02
  vertex 1.6662914e-03 -1.6918140e-02 0.0000000e+00
  vertex 8.3415046e-04 -1.6979523e-02 0.0000000e+00
 endloop
endfacet
facet normal -7.356456e-02 9.972905e-01 0.000000e+00
 outer loop
  vertex 8.3415046e-04 -1.6979523e-02 7.0000000e-02
  vertex 1.6662914e-03 -1.6918140e-02 7.0000000e-02
  vertex 1.6662914e-03 -1.6918140e-02 0.0000000e+00
 endloop
endfacet
facet normal -1.224107e-01 9.924795e-01 0.000000e+00
 outer loop
  vertex 1.6662914e-03 -1.6918140e-02 7.0000000e-02
  vertex 2.4944181e-03 -1.6816001e-02 0.0000000e+00
  vertex 1.6662914e-03 -1.6918140e-02 0.0000000e+00
 endloop
endfacet
facet normal -1.224107e-01 9.924795e-01 0.000000e+00
 outer loop
  vertex 1.6662914e-03 -1.6918140e-02 7.0000000e-02
  vertex 2.4944181e-03 -1.6816001e-02 7.0000000e-02
  vertex 2.4944181e-03 -1.6816001e-02 0.0000000e+00
 endloop
endfacet
facet normal -1.709619e-01 9.852776e-01 0.000000e+00
 outer loop
  vertex 2.4944181e-03 -1.6816001e-02 7.0000000e-02
  vertex 3.3165355e-03 -1.6673350e-02 0.0000000e+00
  vertex 2.4944181e-03 -1.6816001e-02 0.0000000e+00
 endloop
endfacet
facet normal -1.709619e-01 9.852776e-01 0.000000e+00
 outer loop
  vertex 2.4944181e-03 -1.6816001e-02 7.0000000e-02
  vertex 3.3165355e-03 -1.6673350e-02 7.0000000e-02
  vertex 3.3165355e-03 -1.6673350e-02 0.0000000e+00
 endloop
endfacet
facet normal -2.191012e-01 9.757021e-01 0.000000e+00
 outer loop
  vertex 3.3165355e-03 -1.6673350e-02 7.0000000e-02
  vertex 4.1306631e-03 -1.6490531e-02 0.0000000e+00
  vertex 3.3165355e-03 -1.6673350e-02 0.0000000e+00
 endloop
endfacet
facet normal -2.191012e-01 9.757021e-01 0.000000e+00
 outer loop
  vertex 3.3165355e-03 -1.6673350e-02 7.0000000e-02
  vertex 4.1306631e-03 -1.6490531e-02 7.0000000e-02
  vertex 4.1306631e-03 -1.6490531e-02 0.0000000e+00
 endloop
endfacet
facet normal -2.667128e-01 9.637761e-01 0.000000e+00
 outer loop
  vertex 4.1306631e-03 -1.6490531e-02 7.0000000e-02
  vertex 4.9348395e-03 -1.6267986e-02 0.0000000e+00
  vertex 4.1306631e-03 -1.6490531e-02 0.0000000e+00
 endloop
endfacet
facet normal -2.667128e-01 9.637761e-01 0.000000e+00
 outer loop
  vertex 4.1306631e-03 -1.6490531e-02 7.0000000e-02
  vertex 4.9348395e-03 -1.6267986e-02 7.0000000e-02
  vertex 4.9348395e-03 -1.6267986e-02 0.0000000e+00
 endloop
endfacet
facet normal -3.136817e-01 9.495282e-01 0.000000e+00
 outer loop
  vertex 4.9348395e-03 -1.6267986e-02 7.0000000e-02
  vertex 5.7271275e-03 -1.6006249e-02 0.0000000e+00
  vertex 4.9348395e-03 -1.6267986e-02 0.0000000e+00
 endloop
endfacet
facet normal -3.136817e-01 9.495282e-01 0.000000e+00
 outer loop
  vertex 4.9348395e-03 -1.6267986e-02 7.0000000e-02
  vertex 5.7271275e-03 -1.6006249e-02 7.0000000e-02
  vertex 5.7271275e-03 -1.6006249e-02 0.0000000e+00
 endloop
endfacet
facet normal -3.598950e-01 9.329928e-01 0.000000e+00
 outer loop
  vertex 5.7271275e-03 -1.6006249e-02 7.0000000e-02
  vertex 6.5056184e-03 -1.5705952e-02 0.0000000e+00
  vertex 5.7271275e-03 -1.6006249e-02 0.0000000e+00
 endloop
endfacet
facet normal -3.598950e-01 9.329928e-01 0.000000e+00
 outer loop
  vertex 5.7271275e-03 -1.6006249e-02 7.0000000e-02
  vertex 6.5056184e-03 -1.5705952e-02 7.0000000e-02
  vertex 6.5056184e-03 -1.5705952e-02 0.0000000e+00
 endloop
endfacet
facet normal -4.052413e-01 9.142098e-01 0.000000e+00
 outer loop
  vertex 6.5056184e-03 -1.5705952e-02 7.0000000e-02
  vertex 7.2684366e-03 -1.5367818e-02 0.0000000e+00
  vertex 6.5056184e-03 -1.5705952e-02 0.0000000e+00
 endloop
endfacet
facet normal -4.052413e-01 9.142098e-01 0.000000e+00
 outer loop
  vertex 6.5056184e-03 -1.5705952e-02 7.0000000e-02
  vertex 7.2684366e-03 -1.5367818e-02 7.0000000e-02
  vertex 7.2684366e-03 -1.5367818e-02 0.0000000e+00
 endloop
endfacet
facet normal -4.496113e-01 8.932243e-01 0.000000e+00
 outer loop
  vertex 7.2684366e-03 -1.5367818e-02 7.0000000e-02
  vertex 8.0137445e-03 -1.4992661e-02 0.0000000e+00
  vertex 7.2684366e-03 -1.5367818e-02 0.0000000e+00
 endloop
endfacet
facet normal -4.496113e-01 8.932243e-01 0.000000e+00
 outer loop
  vertex 7.2684366e-03 -1.5367818e-02 7.0000000e-02
  vertex 8.0137445e-03 -1.4992661e-02 7.0000000e-02
  vertex 8.0137445e-03 -1.4992661e-02 0.0000000e+00
 endloop
endfacet
facet normal -4.928982e-01 8.700870e-01 0.000000e+00
 outer loop
  vertex 8.0137445e-03 -1.4992661e-02 7.0000000e-02
  vertex 8.7397467e-03 -1.4581386e-02 0.0000000e+00
  vertex 8.0137445e-03 -1.4992661e-02 0.0000000e+00
 endloop
endfacet
facet normal -4.928982e-01 8.700870e-01 0.000000e+00
 outer loop
  vertex 8.0137445e-03 -1.4992661e-02 7.0000000e-02
  vertex 8.7397467e-03 -1.4581386e-02 7.0000000e-02
  vertex 8.7397467e-03 -1.4581386e-02 0.0000000e+00
 endloop
endfacet
facet normal -5.349976e-01 8.448536e-01 0.000000e+00
 outer loop
  vertex 8.7397467e-03 -1.4581386e-02 7.0000000e-02
  vertex 9.4446940e-03 -1.4134983e-02 0.0000000e+00
  vertex 8.7397467e-03 -1.4581386e-02 0.0000000e+00
 endloop
endfacet
facet normal -5.349976e-01 8.448536e-01 0.000000e+00
 outer loop
  vertex 8.7397467e-03 -1.4581386e-02 7.0000000e-02
  vertex 9.4446940e-03 -1.4134983e-02 7.0000000e-02
  vertex 9.4446940e-03 -1.4134983e-02 0.0000000e+00
 endloop
endfacet
facet normal -5.758082e-01 8.175848e-01 0.000000e+00
 outer loop
  vertex 9.4446940e-03 -1.4134983e-02 7.0000000e-02
  vertex 1.0126888e-02 -1.3654528e-02 0.0000000e+00
  vertex 9.4446940e-03 -1.4134983e-02 0.0000000e+00
 endloop
endfacet
facet normal -5.758082e-01 8.175848e-01 0.000000e+00
 outer loop
  vertex 9.4446940e-03 -1.4134983e-02 7.0000000e-02
  vertex 1.0126888e-02 -1.3654528e-02 7.0000000e-02
  vertex 1.0126888e-02 -1.3654528e-02 0.0000000e+00
 endloop
endfacet
facet normal -6.152316e-01 7.883464e-01 0.000000e+00
 outer loop
  vertex 1.0126888e-02 -1.3654528e-02 7.0000000e-02
  vertex 1.0784686e-02 -1.3141178e-02 0.0000000e+00
  vertex 1.0126888e-02 -1.3654528e-02 0.0000000e+00
 endloop
endfacet
facet normal -6.152316e-01 7.883464e-01 0.000000e+00
 outer loop
  vertex 1.0126888e-02 -1.3654528e-02 7.0000000e-02
  vertex 1.0784686e-02 -1.3141178e-02 7.0000000e-02
  vertex 1.0784686e-02 -1.3141178e-02 0.0000000e+00
 endloop
endfacet
facet normal -6.531728e-01 7.572088e-01 0.000000e+00
 outer loop
  vertex 1.0784686e-02 -1.3141178e-02 7.0000000e-02
  vertex 1.1416502e-02 -1.2596169e-02 0.0000000e+00
  vertex 1.0784686e-02 -1.3141178e-02 0.0000000e+00
 endloop
endfacet
facet normal -6.531728e-01 7.572088e-01 0.000000e+00
 outer loop
  vertex 1.0784686e-02 -1.3141178e-02 7.0000000e-02
  vertex 1.1416502e-02 -1.2596169e-02 7.0000000e-02
  vertex 1.1416502e-02 -1.2596169e-02 0.0000000e+00
 endloop
endfacet
facet normal -6.895405e-01 7.242471e-01 0.000000e+00
 outer loop
  vertex 1.1416502e-02 -1.2596169e-02 7.0000000e-02
  vertex 1.2020815e-02 -1.2020815e-02 0.0000000e+00
  vertex 1.1416502e-02 -1.2596169e-02 0.0000000e+00
 endloop
endfacet
facet normal -6.895405e-01 7.242471e-01 0.000000e+00
 outer loop
  vertex 1.1416502e-02 -1.2596169e-02 7.0000000e-02
  vertex 1.2020815e-02 -1.2020815e-02 7.0000000e-02
  vertex 1.2020815e-02 -1.2020815e-02 0.0000000e+00
 endloop
endfacet
facet normal -7.242471e-01 6.895405e-01 0.000000e+00
 outer loop
  vertex 1.2020815e-02 -1.2020815e-02 7.0000000e-02
  vertex 1.2596169e-02 -1.1416502e-02 0.0000000e+00
  vertex 1.2020815e-02 -1.2020815e-02 0.0000000e+00
 endloop
endfacet
facet normal -7.242471e-01 6.895405e-01 0.000000e+00
 outer loop
  vertex 1.2020815e-02 -1.2020815e-02 7.0000000e-02
  vertex 1.2596169e-02 -1.1416502e-02 7.0000000e-02
  vertex 1.2596169e-02 -1.1416502e-02 0.0000000e+00
 endloop
endfacet
facet normal -7.572088e-01 6.531728e-01 0.000000e+00
 outer loop
  vertex 1.2596169e-02 -1.1416502e-02 7.0000000e-02
  vertex 1.3141178e-02 -1.0784686e-02 0.0000000e+00
  vertex 1.2596169e-02 -1.1416502e-02 0.0000000e+00
 endloop
endfacet
facet normal -7.572088e-01 6.531728e-01 0.000000e+00
 outer loop
  vertex 1.2596169e-02 -1.1416502e-02 7.0000000e-02
  vertex 1.3141178e-02 -1.0784686e-02 7.0000000e-02
  vertex 1.3141178e-02 -1.0784686e-02 0.0000000e+00
 endloop
endfacet
facet normal -7.883464e-01 6.152316e-01 0.000000e+00
 outer loop
  vertex 1.3141178e-02 -1.0784686e-02 7.0000000e-02
  vertex 1.3654528e-02 -1.0126888e-02 0.0000000e+00
  vertex 1.3141178e-02 -1.0784686e-02 0.0000000e+00
 endloop
endfacet
facet normal -7.883464e-01 6.152316e-01 0.000000e+00
 outer loop
  vertex 1.3141178e-02 -1.0784686e-02 7.0000000e-02
  vertex 1.3654528e-02 -1.0126888e-02 7.0000000e-02
  vertex 1.3654528e-02 -1.0126888e-02 0.0000000e+00
 endloop
endfacet
facet normal -8.175848e-01 5.758082e-01 0.000000e+00
 outer loop
  vertex 1.3654528e-02 -1.0126888e-02 7.0000000e-02
  vertex 1.4134983e-02 -9.4446940e-03 0.0000000e+00
  vertex 1.3654528e-02 -1.0126888e-02 0.0000000e+00
 endloop
endfacet
facet normal -8.175848e-01 5.758082e-01 0.000000e+00
 outer loop
  vertex 1.3654528e-02 -1.0126888e-02 7.0000000e-02
  vertex 1.4134983e-02 -9.4446940e-03 7.0000000e-02
  vertex 1.4134983e-02 -9.4446940e-03 0.0000000e+00
 endloop
endfacet
facet normal -8.448536e-01 5.349976e-01 0.000000e+00
 outer loop
  vertex 1.4134983e-02 -9.4446940e-03 7.0000000e-02
  vertex 1.4581386e-02 -8.7397467e-03 0.0000000e+00
  vertex 1.4134983e-02 -9.4446940e-03 0.0000000e+00
 endloop
endfacet
facet normal -8.448536e-01 5.349976e-01 0.000000e+00
 outer loop
  vertex 1.4134983e-02 -9.4446940e-03 7.0000000e-02
  vertex 1.4581386e-02 -8.7397467e-03 7.0000000e-02
  vertex 1.4581386e-02 -8.7397467e-03 0.0000000e+00
 endloop
endfacet
facet normal -8.700870e-01 4.928982e-01 0.000000e+00
 outer loop
  vertex 1.4581386e-02 -8.7397467e-03 7.0000000e-02
  vertex 1.4992661e-02 -8.0137445e-03 0.0000000e+00
  vertex 1.4581386e-02 -8.7397467e-03 0.0000000e+00
 endloop
endfacet
facet normal -8.700870e-01 4.928982e-01 0.000000e+00
 outer loop
  vertex 1.4581386e-02 -8.7397467e-03 7.0000000e-02
  vertex 1.4992661e-02 -8.0137445e-03 7.0000000e-02
  vertex 1.4992661e-02 -8.0137445e-03 0.0000000e+00
 endloop
endfacet
facet normal -8.932243e-01 4.496113e-01 0.000000e+00
 outer loop
  vertex 1.4992661e-02 -8.0137445e-03 7.0000000e-02
  vertex 1.5367818e-02 -7.2684366e-03 0.0000000e+00
  vertex 1.4992661e-02 -8.0137445e-03 0.0000000e+00
 endloop
endfacet
facet normal -8.932243e-01 4.496113e-01 0.000000e+00
 outer loop
  vertex 1.4992661e-02 -8.0137445e-03 7.0000000e-02
  vertex 1.5367818e-02 -7.2684366e-03 7.0000000e-02
  vertex 1.5367818e-02 -7.2684366e-03 0.0000000e+00
 endloop
endfacet
facet normal -9.142098e-01 4.052413e-01 0.000000e+00
 outer loop
  vertex 1.5367818e-02 -7.2684366e-03 7.0000000e-02
  vertex 1.5705952e-02 -6.5056184e-03 0.0000000e+00
  vertex 1.5367818e-02 -7.2684366e-03 0.0000000e+00
 endloop
endfacet
facet normal -9.142098e-01 4.052413e-01 0.000000e+00
 outer loop
  vertex 1.5367818e-02 -7.2684366e-03 7.0000000e-02
  vertex 1.5705952e-02 -6.5056184e-03 7.0000000e-02
  vertex 1.5705952e-02 -6.5056184e-03 0.0000000e+00
 endloop
endfacet
facet normal -9.329928e-01 3.598950e-01 0.000000e+00
 outer loop
  vertex 1.5705952e-02 -6.5056184e-03 7.0000000e-02
  vertex 1.6006249e-02 -5.7271275e-03 0.0000000e+00
  vertex 1.5705952e-02 -6.5056184e-03 0.0000000e+00
 endloop
endfacet
facet normal -9.329928e-01 3.598950e-01 0.000000e+00
 outer loop
  vertex 1.5705952e-02 -6.5056184e-03 7.0000000e-02
  vertex 1.6006249e-02 -5.7271275e-03 7.0000000e-02
  vertex 1.6006249e-02 -5.7271275e-03 0.0000000e+00
 endloop
endfacet
facet normal -9.495282e-01 3.136817e-01 0.000000e+00
 outer loop
  vertex 1.6006249e-02 -5.7271275e-03 7.0000000e-02
  vertex 1.6267986e-02 -4.9348395e-03 0.0000000e+00
  vertex 1.6006249e-02 -5.7271275e-03 0.0000000e+00
 endloop
endfacet
facet normal -9.495282e-01 3.136817e-01 0.000000e+00
 outer loop
  vertex 1.6006249e-02 -5.7271275e-03 7.0000000e-02
  vertex 1.6267986e-02 -4.9348395e-03 7.0000000e-02
  vertex 1.6267986e-02 -4.9348395e-03 0.0000000e+00
 endloop
endfacet
facet normal -9.637761e-01 2.667128e-01 0.000000e+00
 outer loop
  vertex 1.6267986e-02 -4.9348395e-03 7.0000000e-02
  vertex 1.6490531e-02 -4.1306631e-03 0.0000000e+00
  vertex 1.6267986e-02 -4.9348395e-03 0.0000000e+00
 endloop
endfacet
facet normal -9.637761e-01 2.667128e-01 0.000000e+00
 outer loop
  vertex 1.6267986e-02 -4.9348395e-03 7.0000000e-02
  vertex 1.6490531e-02 -4.1306631e-03 7.0000000e-02
  vertex 1.6490531e-02 -4.1306631e-03 0.0000000e+00
 endloop
endfacet
facet normal -9.757021e-01 2.191012e-01 0.000000e+00
 outer loop
  vertex 1.6490531e-02 -4.1306631e-03 7.0000000e-02
  vertex 1.6673350e-02 -3.3165355e-03 0.0000000e+00
  vertex 1.6490531e-02 -4.1306631e-03 0.0000000e+00
 endloop
endfacet
facet normal -9.757021e-01 2.191012e-01 0.000000e+00
 outer loop
  vertex 1.6490531e-02 -4.1306631e-03 7.0000000e-02
  vertex 1.6673350e-02 -3.3165355e-03 7.0000000e-02
  vertex 1.6673350e-02 -3.3165355e-03 0.0000000e+00
 endloop
endfacet
facet normal -9.852776e-01 1.709619e-01 0.000000e+00
 outer loop
  vertex 1.6673350e-02 -3.3165355e-03 7.0000000e-02
  vertex 1.6816001e-02 -2.4944181e-03 0.0000000e+00
  vertex 1.6673350e-02 -3.3165355e-03 0.0000000e+00
 endloop
endfacet
facet normal -9.852776e-01 1.709619e-01 0.000000e+00
 outer loop
  vertex 1.6673350e-02 -3.3165355e-03 7.0000000e-02
  vertex 1.6816001e-02 -2.4944181e-03 7.0000000e-02
  vertex 1.6816001e-02 -2.4944181e-03 0.0000000e+00
 endloop
endfacet
facet normal -9.924795e-01 1.224107e-01 0.000000e+00
 outer loop
  vertex 1.6816001e-02 -2.4944181e-03 7.0000000e-02
  vertex 1.6918140e-02 -1.6662914e-03 0.0000000e+00
  vertex 1.6816001e-02 -2.4944181e-03 0.0000000e+00
 endloop
endfacet
facet normal -9.924795e-01 1.224107e-01 0.000000e+00
 outer loop
  vertex 1.6816001e-02 -2.4944181e-03 7.0000000e-02
  vertex 1.6918140e-02 -1.6662914e-03 7.0000000e-02
  vertex 1.6918140e-02 -1.6662914e-03 0.0000000e+00
 endloop
endfacet
facet normal -9.972905e-01 7.356456e-02 0.000000e+00
 outer loop
  vertex 1.6918140e-02 -1.6662914e-03 7.0000000e-02
  vertex 1.6979523e-02 -8.3415046e-04 0.0000000e+00
  vertex 1.6918140e-02 -1.6662914e-03 0.0000000e+00
 endloop
endfacet
facet normal -9.972905e-01 7.356456e-02 0.000000e+00
 outer loop
  vertex 1.6918140e-02 -1.6662914e-03 7.0000000e-02
  vertex 1.6979523e-02 -8.3415046e-04 7.0000000e-02
  vertex 1.6979523e-02 -8.3415046e-04 0.0000000e+00
 endloop
endfacet
facet normal -9.996988e-01 2.454123e-02 0.000000e+00
 outer loop
  vertex 1.6979523e-02 -8.3415046e-04 7.0000000e-02
  vertex 1.7000000e-02 0.0000000e+00 0.0000000e+00
  vertex 1.6979523e-02 -8.3415046e-04 0.0000000e+00
 endloop
endfacet
facet normal -9.996988e-01 2.454123e-02 0.000000e+00
 outer loop
  vertex 1.6979523e-02 -8.3415046e-04 7.0000000e-02
  vertex 1.7000000e-02 0.0000000e+00 7.0000000e-02
  vertex 1.7000000e-02 0.0000000e+00 0.0000000e+00
 endloop
endfacet
endsolid cvwt_housing_cfd
