solid rig_belts
facet normal -9.972906e-01 0.000000e+00 -7.356239e-02
 outer loop
  vertex -9.0980725e-01 -2.6000000e-01 -1.8785083e-01
  vertex -9.0980725e-01 -7.0000000e-02 -1.8785083e-01
  vertex -9.0922955e-01 -2.6000000e-01 -1.9568275e-01
 endloop
endfacet
facet normal -9.924790e-01 0.000000e+00 -1.224152e-01
 outer loop
  vertex -9.0922955e-01 -2.6000000e-01 -1.9568275e-01
  vertex -9.0922955e-01 -7.0000000e-02 -1.9568275e-01
  vertex -9.0826820e-01 -2.6000000e-01 -2.0347688e-01
 endloop
endfacet
facet normal -9.924790e-01 0.000000e+00 -1.224152e-01
 outer loop
  vertex -9.0826820e-01 -2.6000000e-01 -2.0347688e-01
  vertex -9.0922955e-01 -7.0000000e-02 -1.9568275e-01
  vertex -9.0826820e-01 -7.0000000e-02 -2.0347688e-01
 endloop
endfacet
facet normal -9.852776e-01 0.000000e+00 -1.709624e-01
 outer loop
  vertex -9.0692560e-01 -2.6000000e-01 -2.1121445e-01
  vertex -9.0826820e-01 -7.0000000e-02 -2.0347688e-01
  vertex -9.0692560e-01 -7.0000000e-02 -2.1121445e-01
 endloop
endfacet
facet normal -9.757034e-01 0.000000e+00 -2.190958e-01
 outer loop
  vertex -9.0520500e-01 -2.6000000e-01 -2.1887683e-01
  vertex -9.0692560e-01 -2.6000000e-01 -2.1121445e-01
  vertex -9.0692560e-01 -7.0000000e-02 -2.1121445e-01
 endloop
endfacet
facet normal -9.637777e-01 0.000000e+00 -2.667069e-01
 outer loop
  vertex -9.0311050e-01 -2.6000000e-01 -2.2644556e-01
  vertex -9.0520500e-01 -2.6000000e-01 -2.1887683e-01
  vertex -9.0520500e-01 -7.0000000e-02 -2.1887683e-01
 endloop
endfacet
facet normal -9.637777e-01 -0.000000e+00 -2.667069e-01
 outer loop
  vertex -9.0311050e-01 -7.0000000e-02 -2.2644556e-01
  vertex -9.0311050e-01 -2.6000000e-01 -2.2644556e-01
  vertex -9.0520500e-01 -7.0000000e-02 -2.1887683e-01
 endloop
endfacet
facet normal -9.495254e-01 -0.000000e+00 -3.136901e-01
 outer loop
  vertex -9.0064703e-01 -7.0000000e-02 -2.3390237e-01
  vertex -9.0064703e-01 -2.6000000e-01 -2.3390237e-01
  vertex -9.0311050e-01 -7.0000000e-02 -2.2644556e-01
 endloop
endfacet
facet normal -9.329944e-01 -0.000000e+00 -3.598908e-01
 outer loop
  vertex -9.0064703e-01 -7.0000000e-02 -2.3390237e-01
  vertex -8.9782074e-01 -2.6000000e-01 -2.4122935e-01
  vertex -9.0064703e-01 -2.6000000e-01 -2.3390237e-01
 endloop
endfacet
facet normal -9.142096e-01 -0.000000e+00 -4.052418e-01
 outer loop
  vertex -8.9782074e-01 -7.0000000e-02 -2.4122935e-01
  vertex -8.9463830e-01 -2.6000000e-01 -2.4840881e-01
  vertex -8.9782074e-01 -2.6000000e-01 -2.4122935e-01
 endloop
endfacet
facet normal -9.142096e-01 0.000000e+00 -4.052418e-01
 outer loop
  vertex -8.9782074e-01 -7.0000000e-02 -2.4122935e-01
  vertex -8.9463830e-01 -7.0000000e-02 -2.4840881e-01
  vertex -8.9463830e-01 -2.6000000e-01 -2.4840881e-01
 endloop
endfacet
facet normal -8.932222e-01 0.000000e+00 -4.496156e-01
 outer loop
  vertex -8.9463830e-01 -7.0000000e-02 -2.4840881e-01
  vertex -8.9110736e-01 -7.0000000e-02 -2.5542350e-01
  vertex -8.9110736e-01 -2.6000000e-01 -2.5542350e-01
 endloop
endfacet
facet normal -8.700899e-01 0.000000e+00 -4.928931e-01
 outer loop
  vertex -8.9110736e-01 -2.6000000e-01 -2.5542350e-01
  vertex -8.9110736e-01 -7.0000000e-02 -2.5542350e-01
  vertex -8.8723660e-01 -2.6000000e-01 -2.6225644e-01
 endloop
endfacet
facet normal -8.448502e-01 0.000000e+00 -5.350030e-01
 outer loop
  vertex -8.8723660e-01 -2.6000000e-01 -2.6225644e-01
  vertex -8.8723660e-01 -7.0000000e-02 -2.6225644e-01
  vertex -8.8303510e-01 -2.6000000e-01 -2.6889124e-01
 endloop
endfacet
facet normal -8.448502e-01 0.000000e+00 -5.350030e-01
 outer loop
  vertex -8.8303510e-01 -2.6000000e-01 -2.6889124e-01
  vertex -8.8723660e-01 -7.0000000e-02 -2.6225644e-01
  vertex -8.8303510e-01 -7.0000000e-02 -2.6889124e-01
 endloop
endfacet
facet normal -8.175895e-01 0.000000e+00 -5.758015e-01
 outer loop
  vertex -8.7851324e-01 -2.6000000e-01 -2.7531190e-01
  vertex -8.8303510e-01 -7.0000000e-02 -2.6889124e-01
  vertex -8.7851324e-01 -7.0000000e-02 -2.7531190e-01
 endloop
endfacet
facet normal -7.883419e-01 0.000000e+00 -6.152373e-01
 outer loop
  vertex -8.7368164e-01 -2.6000000e-01 -2.8150293e-01
  vertex -8.7851324e-01 -2.6000000e-01 -2.7531190e-01
  vertex -8.7851324e-01 -7.0000000e-02 -2.7531190e-01
 endloop
endfacet
facet normal -7.572118e-01 0.000000e+00 -6.531695e-01
 outer loop
  vertex -8.6855220e-01 -2.6000000e-01 -2.8744943e-01
  vertex -8.7368164e-01 -2.6000000e-01 -2.8150293e-01
  vertex -8.7368164e-01 -7.0000000e-02 -2.8150293e-01
 endloop
endfacet
facet normal -7.572118e-01 -0.000000e+00 -6.531695e-01
 outer loop
  vertex -8.6855220e-01 -7.0000000e-02 -2.8744943e-01
  vertex -8.6855220e-01 -2.6000000e-01 -2.8744943e-01
  vertex -8.7368164e-01 -7.0000000e-02 -2.8150293e-01
 endloop
endfacet
facet normal -7.242478e-01 -0.000000e+00 -6.895397e-01
 outer loop
  vertex -8.6313710e-01 -7.0000000e-02 -2.9313710e-01
  vertex -8.6313710e-01 -2.6000000e-01 -2.9313710e-01
  vertex -8.6855220e-01 -7.0000000e-02 -2.8744943e-01
 endloop
endfacet
facet normal -6.895378e-01 -0.000000e+00 -7.242497e-01
 outer loop
  vertex -8.6313710e-01 -7.0000000e-02 -2.9313710e-01
  vertex -8.5744940e-01 -2.6000000e-01 -2.9855220e-01
  vertex -8.6313710e-01 -2.6000000e-01 -2.9313710e-01
 endloop
endfacet
facet normal -6.531717e-01 -0.000000e+00 -7.572099e-01
 outer loop
  vertex -8.5744940e-01 -7.0000000e-02 -2.9855220e-01
  vertex -8.5150290e-01 -2.6000000e-01 -3.0368167e-01
  vertex -8.5744940e-01 -2.6000000e-01 -2.9855220e-01
 endloop
endfacet
facet normal -6.531717e-01 0.000000e+00 -7.572099e-01
 outer loop
  vertex -8.5744940e-01 -7.0000000e-02 -2.9855220e-01
  vertex -8.5150290e-01 -7.0000000e-02 -3.0368167e-01
  vertex -8.5150290e-01 -2.6000000e-01 -3.0368167e-01
 endloop
endfacet
facet normal -6.152321e-01 0.000000e+00 -7.883460e-01
 outer loop
  vertex -8.5150290e-01 -7.0000000e-02 -3.0368167e-01
  vertex -8.4531190e-01 -7.0000000e-02 -3.0851318e-01
  vertex -8.4531190e-01 -2.6000000e-01 -3.0851318e-01
 endloop
endfacet
facet normal -5.758091e-01 0.000000e+00 -8.175842e-01
 outer loop
  vertex -8.4531190e-01 -2.6000000e-01 -3.0851318e-01
  vertex -8.4531190e-01 -7.0000000e-02 -3.0851318e-01
  vertex -8.3889124e-01 -2.6000000e-01 -3.1303513e-01
 endloop
endfacet
facet normal -5.349952e-01 0.000000e+00 -8.448551e-01
 outer loop
  vertex -8.3889124e-01 -2.6000000e-01 -3.1303513e-01
  vertex -8.3889124e-01 -7.0000000e-02 -3.1303513e-01
  vertex -8.3225640e-01 -2.6000000e-01 -3.1723657e-01
 endloop
endfacet
facet normal -5.349952e-01 0.000000e+00 -8.448551e-01
 outer loop
  vertex -8.3225640e-01 -2.6000000e-01 -3.1723657e-01
  vertex -8.3889124e-01 -7.0000000e-02 -3.1303513e-01
  vertex -8.3225640e-01 -7.0000000e-02 -3.1723657e-01
 endloop
endfacet
facet normal -4.928999e-01 0.000000e+00 -8.700860e-01
 outer loop
  vertex -8.2542346e-01 -2.6000000e-01 -3.2110740e-01
  vertex -8.3225640e-01 -7.0000000e-02 -3.1723657e-01
  vertex -8.2542346e-01 -7.0000000e-02 -3.2110740e-01
 endloop
endfacet
facet normal -4.496110e-01 0.000000e+00 -8.932245e-01
 outer loop
  vertex -8.1840880e-01 -2.6000000e-01 -3.2463828e-01
  vertex -8.2542346e-01 -2.6000000e-01 -3.2110740e-01
  vertex -8.2542346e-01 -7.0000000e-02 -3.2110740e-01
 endloop
endfacet
facet normal -4.052425e-01 0.000000e+00 -9.142092e-01
 outer loop
  vertex -8.1122940e-01 -2.6000000e-01 -3.2782070e-01
  vertex -8.1840880e-01 -2.6000000e-01 -3.2463828e-01
  vertex -8.1840880e-01 -7.0000000e-02 -3.2463828e-01
 endloop
endfacet
facet normal -4.052425e-01 -0.000000e+00 -9.142092e-01
 outer loop
  vertex -8.1122940e-01 -7.0000000e-02 -3.2782070e-01
  vertex -8.1122940e-01 -2.6000000e-01 -3.2782070e-01
  vertex -8.1840880e-01 -7.0000000e-02 -3.2463828e-01
 endloop
endfacet
facet normal -3.598977e-01 -0.000000e+00 -9.329918e-01
 outer loop
  vertex -8.0390240e-01 -7.0000000e-02 -3.3064706e-01
  vertex -8.0390240e-01 -2.6000000e-01 -3.3064706e-01
  vertex -8.1122940e-01 -7.0000000e-02 -3.2782070e-01
 endloop
endfacet
facet normal -3.136786e-01 -0.000000e+00 -9.495292e-01
 outer loop
  vertex -8.0390240e-01 -7.0000000e-02 -3.3064706e-01
  vertex -7.9644556e-01 -2.6000000e-01 -3.3311044e-01
  vertex -8.0390240e-01 -2.6000000e-01 -3.3064706e-01
 endloop
endfacet
facet normal -2.667140e-01 -0.000000e+00 -9.637757e-01
 outer loop
  vertex -7.9644556e-01 -7.0000000e-02 -3.3311044e-01
  vertex -7.8887683e-01 -2.6000000e-01 -3.3520500e-01
  vertex -7.9644556e-01 -2.6000000e-01 -3.3311044e-01
 endloop
endfacet
facet normal -2.667140e-01 0.000000e+00 -9.637757e-01
 outer loop
  vertex -7.9644556e-01 -7.0000000e-02 -3.3311044e-01
  vertex -7.8887683e-01 -7.0000000e-02 -3.3520500e-01
  vertex -7.8887683e-01 -2.6000000e-01 -3.3520500e-01
 endloop
endfacet
facet normal -2.191044e-01 0.000000e+00 -9.757014e-01
 outer loop
  vertex -7.8887683e-01 -7.0000000e-02 -3.3520500e-01
  vertex -7.8121450e-01 -7.0000000e-02 -3.3692566e-01
  vertex -7.8121450e-01 -2.6000000e-01 -3.3692566e-01
 endloop
endfacet
facet normal -1.709605e-01 0.000000e+00 -9.852779e-01
 outer loop
  vertex -7.8121450e-01 -2.6000000e-01 -3.3692566e-01
  vertex -7.8121450e-01 -7.0000000e-02 -3.3692566e-01
  vertex -7.7347690e-01 -2.6000000e-01 -3.3826825e-01
 endloop
endfacet
facet normal -1.224084e-01 0.000000e+00 -9.924798e-01
 outer loop
  vertex -7.7347690e-01 -2.6000000e-01 -3.3826825e-01
  vertex -7.7347690e-01 -7.0000000e-02 -3.3826825e-01
  vertex -7.6568274e-01 -2.6000000e-01 -3.3922955e-01
 endloop
endfacet
facet normal -1.224084e-01 0.000000e+00 -9.924798e-01
 outer loop
  vertex -7.6568274e-01 -2.6000000e-01 -3.3922955e-01
  vertex -7.7347690e-01 -7.0000000e-02 -3.3826825e-01
  vertex -7.6568274e-01 -7.0000000e-02 -3.3922955e-01
 endloop
endfacet
facet normal -7.356601e-02 0.000000e+00 -9.972904e-01
 outer loop
  vertex -7.5785080e-01 -2.6000000e-01 -3.3980728e-01
  vertex -7.6568274e-01 -7.0000000e-02 -3.3922955e-01
  vertex -7.5785080e-01 -7.0000000e-02 -3.3980728e-01
 endloop
endfacet
facet normal -2.454042e-02 0.000000e+00 -9.996988e-01
 outer loop
  vertex -7.5000000e-01 -2.6000000e-01 -3.4000000e-01
  vertex -7.5785080e-01 -2.6000000e-01 -3.3980728e-01
  vertex -7.5785080e-01 -7.0000000e-02 -3.3980728e-01
 endloop
endfacet
facet normal 2.454042e-02 0.000000e+00 -9.996988e-01
 outer loop
  vertex -7.4214920e-01 -2.6000000e-01 -3.3980728e-01
  vertex -7.5000000e-01 -2.6000000e-01 -3.4000000e-01
  vertex -7.5000000e-01 -7.0000000e-02 -3.4000000e-01
 endloop
endfacet
facet normal 2.454042e-02 0.000000e+00 -9.996988e-01
 outer loop
  vertex -7.4214920e-01 -7.0000000e-02 -3.3980728e-01
  vertex -7.4214920e-01 -2.6000000e-01 -3.3980728e-01
  vertex -7.5000000e-01 -7.0000000e-02 -3.4000000e-01
 endloop
endfacet
facet normal 7.356601e-02 0.000000e+00 -9.972904e-01
 outer loop
  vertex -7.3431726e-01 -7.0000000e-02 -3.3922955e-01
  vertex -7.3431726e-01 -2.6000000e-01 -3.3922955e-01
  vertex -7.4214920e-01 -7.0000000e-02 -3.3980728e-01
 endloop
endfacet
facet normal 1.224084e-01 0.000000e+00 -9.924798e-01
 outer loop
  vertex -7.3431726e-01 -7.0000000e-02 -3.3922955e-01
  vertex -7.2652310e-01 -2.6000000e-01 -3.3826825e-01
  vertex -7.3431726e-01 -2.6000000e-01 -3.3922955e-01
 endloop
endfacet
facet normal 1.709605e-01 0.000000e+00 -9.852779e-01
 outer loop
  vertex -7.2652310e-01 -7.0000000e-02 -3.3826825e-01
  vertex -7.1878550e-01 -2.6000000e-01 -3.3692566e-01
  vertex -7.2652310e-01 -2.6000000e-01 -3.3826825e-01
 endloop
endfacet
facet normal 1.709605e-01 0.000000e+00 -9.852779e-01
 outer loop
  vertex -7.2652310e-01 -7.0000000e-02 -3.3826825e-01
  vertex -7.1878550e-01 -7.0000000e-02 -3.3692566e-01
  vertex -7.1878550e-01 -2.6000000e-01 -3.3692566e-01
 endloop
endfacet
facet normal 2.191044e-01 0.000000e+00 -9.757014e-01
 outer loop
  vertex -7.1878550e-01 -7.0000000e-02 -3.3692566e-01
  vertex -7.1112317e-01 -7.0000000e-02 -3.3520500e-01
  vertex -7.1112317e-01 -2.6000000e-01 -3.3520500e-01
 endloop
endfacet
facet normal 2.667140e-01 0.000000e+00 -9.637757e-01
 outer loop
  vertex -7.1112317e-01 -2.6000000e-01 -3.3520500e-01
  vertex -7.1112317e-01 -7.0000000e-02 -3.3520500e-01
  vertex -7.0355444e-01 -2.6000000e-01 -3.3311044e-01
 endloop
endfacet
facet normal 3.136786e-01 0.000000e+00 -9.495292e-01
 outer loop
  vertex -7.0355444e-01 -2.6000000e-01 -3.3311044e-01
  vertex -7.0355444e-01 -7.0000000e-02 -3.3311044e-01
  vertex -6.9609760e-01 -2.6000000e-01 -3.3064706e-01
 endloop
endfacet
facet normal 3.136786e-01 0.000000e+00 -9.495292e-01
 outer loop
  vertex -6.9609760e-01 -2.6000000e-01 -3.3064706e-01
  vertex -7.0355444e-01 -7.0000000e-02 -3.3311044e-01
  vertex -6.9609760e-01 -7.0000000e-02 -3.3064706e-01
 endloop
endfacet
facet normal 3.598977e-01 0.000000e+00 -9.329918e-01
 outer loop
  vertex -6.8877060e-01 -2.6000000e-01 -3.2782070e-01
  vertex -6.9609760e-01 -7.0000000e-02 -3.3064706e-01
  vertex -6.8877060e-01 -7.0000000e-02 -3.2782070e-01
 endloop
endfacet
facet normal 4.052425e-01 0.000000e+00 -9.142092e-01
 outer loop
  vertex -6.8159120e-01 -2.6000000e-01 -3.2463828e-01
  vertex -6.8877060e-01 -2.6000000e-01 -3.2782070e-01
  vertex -6.8877060e-01 -7.0000000e-02 -3.2782070e-01
 endloop
endfacet
facet normal 4.496110e-01 0.000000e+00 -8.932245e-01
 outer loop
  vertex -6.7457654e-01 -2.6000000e-01 -3.2110740e-01
  vertex -6.8159120e-01 -2.6000000e-01 -3.2463828e-01
  vertex -6.8159120e-01 -7.0000000e-02 -3.2463828e-01
 endloop
endfacet
facet normal 4.496110e-01 0.000000e+00 -8.932245e-01
 outer loop
  vertex -6.7457654e-01 -7.0000000e-02 -3.2110740e-01
  vertex -6.7457654e-01 -2.6000000e-01 -3.2110740e-01
  vertex -6.8159120e-01 -7.0000000e-02 -3.2463828e-01
 endloop
endfacet
facet normal 4.928999e-01 0.000000e+00 -8.700860e-01
 outer loop
  vertex -6.6774360e-01 -7.0000000e-02 -3.1723657e-01
  vertex -6.6774360e-01 -2.6000000e-01 -3.1723657e-01
  vertex -6.7457654e-01 -7.0000000e-02 -3.2110740e-01
 endloop
endfacet
facet normal 5.349952e-01 0.000000e+00 -8.448551e-01
 outer loop
  vertex -6.6774360e-01 -7.0000000e-02 -3.1723657e-01
  vertex -6.6110876e-01 -2.6000000e-01 -3.1303513e-01
  vertex -6.6774360e-01 -2.6000000e-01 -3.1723657e-01
 endloop
endfacet
facet normal 5.758091e-01 0.000000e+00 -8.175842e-01
 outer loop
  vertex -6.6110876e-01 -7.0000000e-02 -3.1303513e-01
  vertex -6.5468810e-01 -2.6000000e-01 -3.0851318e-01
  vertex -6.6110876e-01 -2.6000000e-01 -3.1303513e-01
 endloop
endfacet
facet normal 5.758091e-01 0.000000e+00 -8.175842e-01
 outer loop
  vertex -6.6110876e-01 -7.0000000e-02 -3.1303513e-01
  vertex -6.5468810e-01 -7.0000000e-02 -3.0851318e-01
  vertex -6.5468810e-01 -2.6000000e-01 -3.0851318e-01
 endloop
endfacet
facet normal 6.152321e-01 0.000000e+00 -7.883460e-01
 outer loop
  vertex -6.5468810e-01 -7.0000000e-02 -3.0851318e-01
  vertex -6.4849710e-01 -7.0000000e-02 -3.0368167e-01
  vertex -6.4849710e-01 -2.6000000e-01 -3.0368167e-01
 endloop
endfacet
facet normal 6.531717e-01 0.000000e+00 -7.572099e-01
 outer loop
  vertex -6.4849710e-01 -2.6000000e-01 -3.0368167e-01
  vertex -6.4849710e-01 -7.0000000e-02 -3.0368167e-01
  vertex -6.4255060e-01 -2.6000000e-01 -2.9855220e-01
 endloop
endfacet
facet normal 8.175895e-01 0.000000e+00 -5.758015e-01
 outer loop
  vertex -6.1696490e-01 -7.0000000e-02 -2.6889124e-01
  vertex -6.1696490e-01 -2.6000000e-01 -2.6889124e-01
  vertex -6.2148676e-01 -7.0000000e-02 -2.7531190e-01
 endloop
endfacet
facet normal 9.495254e-01 0.000000e+00 -3.136901e-01
 outer loop
  vertex -5.9935297e-01 -7.0000000e-02 -2.3390237e-01
  vertex -5.9688950e-01 -7.0000000e-02 -2.2644556e-01
  vertex -5.9688950e-01 -2.6000000e-01 -2.2644556e-01
 endloop
endfacet
facet normal 9.637777e-01 0.000000e+00 -2.667069e-01
 outer loop
  vertex -5.9688950e-01 -7.0000000e-02 -2.2644556e-01
  vertex -5.9479500e-01 -2.6000000e-01 -2.1887683e-01
  vertex -5.9688950e-01 -2.6000000e-01 -2.2644556e-01
 endloop
endfacet
facet normal 9.996987e-01 0.000000e+00 -2.454415e-02
 outer loop
  vertex -5.9000000e-01 -7.0000000e-02 -1.8000000e-01
  vertex -5.9000000e-01 -2.6000000e-01 -1.8000000e-01
  vertex -5.9019275e-01 -7.0000000e-02 -1.8785083e-01
 endloop
endfacet
facet normal 9.996987e-01 0.000000e+00 -2.454415e-02
 outer loop
  vertex -5.9019275e-01 -7.0000000e-02 -1.8785083e-01
  vertex -5.9000000e-01 -2.6000000e-01 -1.8000000e-01
  vertex -5.9019275e-01 -2.6000000e-01 -1.8785083e-01
 endloop
endfacet
facet normal 9.972906e-01 0.000000e+00 -7.356239e-02
 outer loop
  vertex -5.9077045e-01 -7.0000000e-02 -1.9568275e-01
  vertex -5.9019275e-01 -7.0000000e-02 -1.8785083e-01
  vertex -5.9019275e-01 -2.6000000e-01 -1.8785083e-01
 endloop
endfacet
facet normal 9.972906e-01 0.000000e+00 -7.356239e-02
 outer loop
  vertex -5.9077045e-01 -2.6000000e-01 -1.9568275e-01
  vertex -5.9077045e-01 -7.0000000e-02 -1.9568275e-01
  vertex -5.9019275e-01 -2.6000000e-01 -1.8785083e-01
 endloop
endfacet
facet normal 9.924790e-01 0.000000e+00 -1.224152e-01
 outer loop
  vertex -5.9077045e-01 -2.6000000e-01 -1.9568275e-01
  vertex -5.9173180e-01 -7.0000000e-02 -2.0347688e-01
  vertex -5.9077045e-01 -7.0000000e-02 -1.9568275e-01
 endloop
endfacet
facet normal 9.924790e-01 0.000000e+00 -1.224152e-01
 outer loop
  vertex -5.9077045e-01 -2.6000000e-01 -1.9568275e-01
  vertex -5.9173180e-01 -2.6000000e-01 -2.0347688e-01
  vertex -5.9173180e-01 -7.0000000e-02 -2.0347688e-01
 endloop
endfacet
facet normal 9.852776e-01 0.000000e+00 -1.709624e-01
 outer loop
  vertex -5.9173180e-01 -7.0000000e-02 -2.0347688e-01
  vertex -5.9173180e-01 -2.6000000e-01 -2.0347688e-01
  vertex -5.9307440e-01 -7.0000000e-02 -2.1121445e-01
 endloop
endfacet
facet normal 9.852776e-01 0.000000e+00 -1.709624e-01
 outer loop
  vertex -5.9307440e-01 -7.0000000e-02 -2.1121445e-01
  vertex -5.9173180e-01 -2.6000000e-01 -2.0347688e-01
  vertex -5.9307440e-01 -2.6000000e-01 -2.1121445e-01
 endloop
endfacet
facet normal 9.757034e-01 0.000000e+00 -2.190958e-01
 outer loop
  vertex -5.9479500e-01 -7.0000000e-02 -2.1887683e-01
  vertex -5.9307440e-01 -7.0000000e-02 -2.1121445e-01
  vertex -5.9307440e-01 -2.6000000e-01 -2.1121445e-01
 endloop
endfacet
facet normal 9.757034e-01 0.000000e+00 -2.190958e-01
 outer loop
  vertex -5.9479500e-01 -2.6000000e-01 -2.1887683e-01
  vertex -5.9479500e-01 -7.0000000e-02 -2.1887683e-01
  vertex -5.9307440e-01 -2.6000000e-01 -2.1121445e-01
 endloop
endfacet
facet normal 9.637777e-01 0.000000e+00 -2.667069e-01
 outer loop
  vertex -5.9479500e-01 -2.6000000e-01 -2.1887683e-01
  vertex -5.9688950e-01 -7.0000000e-02 -2.2644556e-01
  vertex -5.9479500e-01 -7.0000000e-02 -2.1887683e-01
 endloop
endfacet
facet normal 9.495254e-01 0.000000e+00 -3.136901e-01
 outer loop
  vertex -5.9688950e-01 -2.6000000e-01 -2.2644556e-01
  vertex -5.9935297e-01 -2.6000000e-01 -2.3390237e-01
  vertex -5.9935297e-01 -7.0000000e-02 -2.3390237e-01
 endloop
endfacet
facet normal 9.329944e-01 0.000000e+00 -3.598908e-01
 outer loop
  vertex -5.9935297e-01 -7.0000000e-02 -2.3390237e-01
  vertex -5.9935297e-01 -2.6000000e-01 -2.3390237e-01
  vertex -6.0217926e-01 -7.0000000e-02 -2.4122935e-01
 endloop
endfacet
facet normal 9.329944e-01 0.000000e+00 -3.598908e-01
 outer loop
  vertex -6.0217926e-01 -7.0000000e-02 -2.4122935e-01
  vertex -5.9935297e-01 -2.6000000e-01 -2.3390237e-01
  vertex -6.0217926e-01 -2.6000000e-01 -2.4122935e-01
 endloop
endfacet
facet normal 9.142096e-01 0.000000e+00 -4.052418e-01
 outer loop
  vertex -6.0536170e-01 -7.0000000e-02 -2.4840881e-01
  vertex -6.0217926e-01 -7.0000000e-02 -2.4122935e-01
  vertex -6.0217926e-01 -2.6000000e-01 -2.4122935e-01
 endloop
endfacet
facet normal 9.142096e-01 0.000000e+00 -4.052418e-01
 outer loop
  vertex -6.0536170e-01 -2.6000000e-01 -2.4840881e-01
  vertex -6.0536170e-01 -7.0000000e-02 -2.4840881e-01
  vertex -6.0217926e-01 -2.6000000e-01 -2.4122935e-01
 endloop
endfacet
facet normal 8.932222e-01 0.000000e+00 -4.496156e-01
 outer loop
  vertex -6.0536170e-01 -2.6000000e-01 -2.4840881e-01
  vertex -6.0889264e-01 -7.0000000e-02 -2.5542350e-01
  vertex -6.0536170e-01 -7.0000000e-02 -2.4840881e-01
 endloop
endfacet
facet normal 8.932222e-01 0.000000e+00 -4.496156e-01
 outer loop
  vertex -6.0536170e-01 -2.6000000e-01 -2.4840881e-01
  vertex -6.0889264e-01 -2.6000000e-01 -2.5542350e-01
  vertex -6.0889264e-01 -7.0000000e-02 -2.5542350e-01
 endloop
endfacet
facet normal 8.700899e-01 0.000000e+00 -4.928931e-01
 outer loop
  vertex -6.0889264e-01 -7.0000000e-02 -2.5542350e-01
  vertex -6.0889264e-01 -2.6000000e-01 -2.5542350e-01
  vertex -6.1276340e-01 -7.0000000e-02 -2.6225644e-01
 endloop
endfacet
facet normal 8.700899e-01 0.000000e+00 -4.928931e-01
 outer loop
  vertex -6.1276340e-01 -7.0000000e-02 -2.6225644e-01
  vertex -6.0889264e-01 -2.6000000e-01 -2.5542350e-01
  vertex -6.1276340e-01 -2.6000000e-01 -2.6225644e-01
 endloop
endfacet
facet normal 8.448502e-01 0.000000e+00 -5.350030e-01
 outer loop
  vertex -6.1696490e-01 -7.0000000e-02 -2.6889124e-01
  vertex -6.1276340e-01 -7.0000000e-02 -2.6225644e-01
  vertex -6.1276340e-01 -2.6000000e-01 -2.6225644e-01
 endloop
endfacet
facet normal 8.448502e-01 0.000000e+00 -5.350030e-01
 outer loop
  vertex -6.1696490e-01 -2.6000000e-01 -2.6889124e-01
  vertex -6.1696490e-01 -7.0000000e-02 -2.6889124e-01
  vertex -6.1276340e-01 -2.6000000e-01 -2.6225644e-01
 endloop
endfacet
facet normal 8.175895e-01 0.000000e+00 -5.758015e-01
 outer loop
  vertex -6.2148676e-01 -2.6000000e-01 -2.7531190e-01
  vertex -6.2148676e-01 -7.0000000e-02 -2.7531190e-01
  vertex -6.1696490e-01 -2.6000000e-01 -2.6889124e-01
 endloop
endfacet
facet normal 7.883419e-01 0.000000e+00 -6.152373e-01
 outer loop
  vertex -6.2148676e-01 -2.6000000e-01 -2.7531190e-01
  vertex -6.2631836e-01 -7.0000000e-02 -2.8150293e-01
  vertex -6.2148676e-01 -7.0000000e-02 -2.7531190e-01
 endloop
endfacet
facet normal 7.883419e-01 0.000000e+00 -6.152373e-01
 outer loop
  vertex -6.2148676e-01 -2.6000000e-01 -2.7531190e-01
  vertex -6.2631836e-01 -2.6000000e-01 -2.8150293e-01
  vertex -6.2631836e-01 -7.0000000e-02 -2.8150293e-01
 endloop
endfacet
facet normal 7.572118e-01 0.000000e+00 -6.531695e-01
 outer loop
  vertex -6.2631836e-01 -7.0000000e-02 -2.8150293e-01
  vertex -6.2631836e-01 -2.6000000e-01 -2.8150293e-01
  vertex -6.3144780e-01 -7.0000000e-02 -2.8744943e-01
 endloop
endfacet
facet normal 7.572118e-01 0.000000e+00 -6.531695e-01
 outer loop
  vertex -6.3144780e-01 -7.0000000e-02 -2.8744943e-01
  vertex -6.2631836e-01 -2.6000000e-01 -2.8150293e-01
  vertex -6.3144780e-01 -2.6000000e-01 -2.8744943e-01
 endloop
endfacet
facet normal 7.242478e-01 0.000000e+00 -6.895397e-01
 outer loop
  vertex -6.3686290e-01 -7.0000000e-02 -2.9313710e-01
  vertex -6.3144780e-01 -7.0000000e-02 -2.8744943e-01
  vertex -6.3144780e-01 -2.6000000e-01 -2.8744943e-01
 endloop
endfacet
facet normal 7.242478e-01 0.000000e+00 -6.895397e-01
 outer loop
  vertex -6.3686290e-01 -2.6000000e-01 -2.9313710e-01
  vertex -6.3686290e-01 -7.0000000e-02 -2.9313710e-01
  vertex -6.3144780e-01 -2.6000000e-01 -2.8744943e-01
 endloop
endfacet
facet normal 6.895378e-01 0.000000e+00 -7.242497e-01
 outer loop
  vertex -6.3686290e-01 -2.6000000e-01 -2.9313710e-01
  vertex -6.4255060e-01 -7.0000000e-02 -2.9855220e-01
  vertex -6.3686290e-01 -7.0000000e-02 -2.9313710e-01
 endloop
endfacet
facet normal 6.895378e-01 0.000000e+00 -7.242497e-01
 outer loop
  vertex -6.3686290e-01 -2.6000000e-01 -2.9313710e-01
  vertex -6.4255060e-01 -2.6000000e-01 -2.9855220e-01
  vertex -6.4255060e-01 -7.0000000e-02 -2.9855220e-01
 endloop
endfacet
facet normal 6.531717e-01 0.000000e+00 -7.572099e-01
 outer loop
  vertex -6.4255060e-01 -7.0000000e-02 -2.9855220e-01
  vertex -6.4255060e-01 -2.6000000e-01 -2.9855220e-01
  vertex -6.4849710e-01 -7.0000000e-02 -3.0368167e-01
 endloop
endfacet
facet normal -9.996987e-01 -0.000000e+00 -2.454415e-02
 outer loop
  vertex -9.0980725e-01 -7.0000000e-02 -1.8785083e-01
  vertex -9.0980725e-01 -2.6000000e-01 -1.8785083e-01
  vertex -9.1000000e-01 -2.6000000e-01 -1.8000000e-01
 endloop
endfacet
facet normal 6.152321e-01 0.000000e+00 -7.883460e-01
 outer loop
  vertex -6.5468810e-01 -7.0000000e-02 -3.0851318e-01
  vertex -6.4849710e-01 -2.6000000e-01 -3.0368167e-01
  vertex -6.5468810e-01 -2.6000000e-01 -3.0851318e-01
 endloop
endfacet
facet normal 5.349952e-01 0.000000e+00 -8.448551e-01
 outer loop
  vertex -6.6110876e-01 -7.0000000e-02 -3.1303513e-01
  vertex -6.6110876e-01 -2.6000000e-01 -3.1303513e-01
  vertex -6.6774360e-01 -7.0000000e-02 -3.1723657e-01
 endloop
endfacet
facet normal 4.928999e-01 0.000000e+00 -8.700860e-01
 outer loop
  vertex -6.6774360e-01 -2.6000000e-01 -3.1723657e-01
  vertex -6.7457654e-01 -2.6000000e-01 -3.2110740e-01
  vertex -6.7457654e-01 -7.0000000e-02 -3.2110740e-01
 endloop
endfacet
facet normal 4.052425e-01 0.000000e+00 -9.142092e-01
 outer loop
  vertex -6.8159120e-01 -2.6000000e-01 -3.2463828e-01
  vertex -6.8877060e-01 -7.0000000e-02 -3.2782070e-01
  vertex -6.8159120e-01 -7.0000000e-02 -3.2463828e-01
 endloop
endfacet
facet normal 3.598977e-01 0.000000e+00 -9.329918e-01
 outer loop
  vertex -6.9609760e-01 -2.6000000e-01 -3.3064706e-01
  vertex -6.9609760e-01 -7.0000000e-02 -3.3064706e-01
  vertex -6.8877060e-01 -2.6000000e-01 -3.2782070e-01
 endloop
endfacet
facet normal 2.667140e-01 0.000000e+00 -9.637757e-01
 outer loop
  vertex -7.1112317e-01 -7.0000000e-02 -3.3520500e-01
  vertex -7.0355444e-01 -7.0000000e-02 -3.3311044e-01
  vertex -7.0355444e-01 -2.6000000e-01 -3.3311044e-01
 endloop
endfacet
facet normal 2.191044e-01 0.000000e+00 -9.757014e-01
 outer loop
  vertex -7.1878550e-01 -7.0000000e-02 -3.3692566e-01
  vertex -7.1112317e-01 -2.6000000e-01 -3.3520500e-01
  vertex -7.1878550e-01 -2.6000000e-01 -3.3692566e-01
 endloop
endfacet
facet normal 1.224084e-01 0.000000e+00 -9.924798e-01
 outer loop
  vertex -7.2652310e-01 -7.0000000e-02 -3.3826825e-01
  vertex -7.2652310e-01 -2.6000000e-01 -3.3826825e-01
  vertex -7.3431726e-01 -7.0000000e-02 -3.3922955e-01
 endloop
endfacet
facet normal 7.356601e-02 0.000000e+00 -9.972904e-01
 outer loop
  vertex -7.3431726e-01 -2.6000000e-01 -3.3922955e-01
  vertex -7.4214920e-01 -2.6000000e-01 -3.3980728e-01
  vertex -7.4214920e-01 -7.0000000e-02 -3.3980728e-01
 endloop
endfacet
facet normal -2.454042e-02 0.000000e+00 -9.996988e-01
 outer loop
  vertex -7.5000000e-01 -2.6000000e-01 -3.4000000e-01
  vertex -7.5785080e-01 -7.0000000e-02 -3.3980728e-01
  vertex -7.5000000e-01 -7.0000000e-02 -3.4000000e-01
 endloop
endfacet
facet normal -7.356601e-02 0.000000e+00 -9.972904e-01
 outer loop
  vertex -7.6568274e-01 -2.6000000e-01 -3.3922955e-01
  vertex -7.6568274e-01 -7.0000000e-02 -3.3922955e-01
  vertex -7.5785080e-01 -2.6000000e-01 -3.3980728e-01
 endloop
endfacet
facet normal -1.709605e-01 0.000000e+00 -9.852779e-01
 outer loop
  vertex -7.8121450e-01 -7.0000000e-02 -3.3692566e-01
  vertex -7.7347690e-01 -7.0000000e-02 -3.3826825e-01
  vertex -7.7347690e-01 -2.6000000e-01 -3.3826825e-01
 endloop
endfacet
facet normal -2.191044e-01 -0.000000e+00 -9.757014e-01
 outer loop
  vertex -7.8887683e-01 -7.0000000e-02 -3.3520500e-01
  vertex -7.8121450e-01 -2.6000000e-01 -3.3692566e-01
  vertex -7.8887683e-01 -2.6000000e-01 -3.3520500e-01
 endloop
endfacet
facet normal -3.136786e-01 -0.000000e+00 -9.495292e-01
 outer loop
  vertex -7.9644556e-01 -7.0000000e-02 -3.3311044e-01
  vertex -7.9644556e-01 -2.6000000e-01 -3.3311044e-01
  vertex -8.0390240e-01 -7.0000000e-02 -3.3064706e-01
 endloop
endfacet
facet normal -3.598977e-01 0.000000e+00 -9.329918e-01
 outer loop
  vertex -8.0390240e-01 -2.6000000e-01 -3.3064706e-01
  vertex -8.1122940e-01 -2.6000000e-01 -3.2782070e-01
  vertex -8.1122940e-01 -7.0000000e-02 -3.2782070e-01
 endloop
endfacet
facet normal -4.496110e-01 0.000000e+00 -8.932245e-01
 outer loop
  vertex -8.1840880e-01 -2.6000000e-01 -3.2463828e-01
  vertex -8.2542346e-01 -7.0000000e-02 -3.2110740e-01
  vertex -8.1840880e-01 -7.0000000e-02 -3.2463828e-01
 endloop
endfacet
facet normal -4.928999e-01 0.000000e+00 -8.700860e-01
 outer loop
  vertex -8.3225640e-01 -2.6000000e-01 -3.1723657e-01
  vertex -8.3225640e-01 -7.0000000e-02 -3.1723657e-01
  vertex -8.2542346e-01 -2.6000000e-01 -3.2110740e-01
 endloop
endfacet
facet normal -5.758091e-01 0.000000e+00 -8.175842e-01
 outer loop
  vertex -8.4531190e-01 -7.0000000e-02 -3.0851318e-01
  vertex -8.3889124e-01 -7.0000000e-02 -3.1303513e-01
  vertex -8.3889124e-01 -2.6000000e-01 -3.1303513e-01
 endloop
endfacet
facet normal -6.152321e-01 -0.000000e+00 -7.883460e-01
 outer loop
  vertex -8.5150290e-01 -7.0000000e-02 -3.0368167e-01
  vertex -8.4531190e-01 -2.6000000e-01 -3.0851318e-01
  vertex -8.5150290e-01 -2.6000000e-01 -3.0368167e-01
 endloop
endfacet
facet normal -6.895378e-01 -0.000000e+00 -7.242497e-01
 outer loop
  vertex -8.5744940e-01 -7.0000000e-02 -2.9855220e-01
  vertex -8.5744940e-01 -2.6000000e-01 -2.9855220e-01
  vertex -8.6313710e-01 -7.0000000e-02 -2.9313710e-01
 endloop
endfacet
facet normal -7.242478e-01 0.000000e+00 -6.895397e-01
 outer loop
  vertex -8.6313710e-01 -2.6000000e-01 -2.9313710e-01
  vertex -8.6855220e-01 -2.6000000e-01 -2.8744943e-01
  vertex -8.6855220e-01 -7.0000000e-02 -2.8744943e-01
 endloop
endfacet
facet normal -7.883419e-01 0.000000e+00 -6.152373e-01
 outer loop
  vertex -8.7368164e-01 -2.6000000e-01 -2.8150293e-01
  vertex -8.7851324e-01 -7.0000000e-02 -2.7531190e-01
  vertex -8.7368164e-01 -7.0000000e-02 -2.8150293e-01
 endloop
endfacet
facet normal -8.175895e-01 0.000000e+00 -5.758015e-01
 outer loop
  vertex -8.8303510e-01 -2.6000000e-01 -2.6889124e-01
  vertex -8.8303510e-01 -7.0000000e-02 -2.6889124e-01
  vertex -8.7851324e-01 -2.6000000e-01 -2.7531190e-01
 endloop
endfacet
facet normal -8.700899e-01 0.000000e+00 -4.928931e-01
 outer loop
  vertex -8.9110736e-01 -7.0000000e-02 -2.5542350e-01
  vertex -8.8723660e-01 -7.0000000e-02 -2.6225644e-01
  vertex -8.8723660e-01 -2.6000000e-01 -2.6225644e-01
 endloop
endfacet
facet normal -8.932222e-01 -0.000000e+00 -4.496156e-01
 outer loop
  vertex -8.9463830e-01 -7.0000000e-02 -2.4840881e-01
  vertex -8.9110736e-01 -2.6000000e-01 -2.5542350e-01
  vertex -8.9463830e-01 -2.6000000e-01 -2.4840881e-01
 endloop
endfacet
facet normal -9.329944e-01 -0.000000e+00 -3.598908e-01
 outer loop
  vertex -8.9782074e-01 -7.0000000e-02 -2.4122935e-01
  vertex -8.9782074e-01 -2.6000000e-01 -2.4122935e-01
  vertex -9.0064703e-01 -7.0000000e-02 -2.3390237e-01
 endloop
endfacet
facet normal -9.495254e-01 0.000000e+00 -3.136901e-01
 outer loop
  vertex -9.0064703e-01 -2.6000000e-01 -2.3390237e-01
  vertex -9.0311050e-01 -2.6000000e-01 -2.2644556e-01
  vertex -9.0311050e-01 -7.0000000e-02 -2.2644556e-01
 endloop
endfacet
facet normal -9.757034e-01 0.000000e+00 -2.190958e-01
 outer loop
  vertex -9.0520500e-01 -2.6000000e-01 -2.1887683e-01
  vertex -9.0692560e-01 -7.0000000e-02 -2.1121445e-01
  vertex -9.0520500e-01 -7.0000000e-02 -2.1887683e-01
 endloop
endfacet
facet normal -9.852776e-01 0.000000e+00 -1.709624e-01
 outer loop
  vertex -9.0826820e-01 -2.6000000e-01 -2.0347688e-01
  vertex -9.0826820e-01 -7.0000000e-02 -2.0347688e-01
  vertex -9.0692560e-01 -2.6000000e-01 -2.1121445e-01
 endloop
endfacet
facet normal -9.996987e-01 0.000000e+00 -2.454415e-02
 outer loop
  vertex -9.0980725e-01 -7.0000000e-02 -1.8785083e-01
  vertex -9.1000000e-01 -2.6000000e-01 -1.8000000e-01
  vertex -9.1000000e-01 -7.0000000e-02 -1.8000000e-01
 endloop
endfacet
facet normal -9.972906e-01 0.000000e+00 -7.356239e-02
 outer loop
  vertex -9.0922955e-01 -2.6000000e-01 -1.9568275e-01
  vertex -9.0980725e-01 -7.0000000e-02 -1.8785083e-01
  vertex -9.0922955e-01 -7.0000000e-02 -1.9568275e-01
 endloop
endfacet
facet normal 0.000000e+00 1.000000e+00 0.000000e+00
 outer loop
  vertex -5.9077045e-01 -7.0000000e-02 -1.9568275e-01
  vertex -5.9000000e-01 -7.0000000e-02 -1.8000000e-01
  vertex -5.9019275e-01 -7.0000000e-02 -1.8785083e-01
 endloop
endfacet
facet normal 0.000000e+00 1.000000e+00 0.000000e+00
 outer loop
  vertex -5.9173180e-01 -7.0000000e-02 -2.0347688e-01
  vertex -5.9000000e-01 -7.0000000e-02 -1.8000000e-01
  vertex -5.9077045e-01 -7.0000000e-02 -1.9568275e-01
 endloop
endfacet
facet normal 0.000000e+00 1.000000e+00 0.000000e+00
 outer loop
  vertex -5.9307440e-01 -7.0000000e-02 -2.1121445e-01
  vertex -5.9000000e-01 -7.0000000e-02 -1.8000000e-01
  vertex -5.9173180e-01 -7.0000000e-02 -2.0347688e-01
 endloop
endfacet
facet normal 0.000000e+00 1.000000e+00 0.000000e+00
 outer loop
  vertex -5.9479500e-01 -7.0000000e-02 -2.1887683e-01
  vertex -5.9000000e-01 -7.0000000e-02 -1.8000000e-01
  vertex -5.9307440e-01 -7.0000000e-02 -2.1121445e-01
 endloop
endfacet
facet normal 0.000000e+00 1.000000e+00 0.000000e+00
 outer loop
  vertex -5.9688950e-01 -7.0000000e-02 -2.2644556e-01
  vertex -5.9000000e-01 -7.0000000e-02 -1.8000000e-01
  vertex -5.9479500e-01 -7.0000000e-02 -2.1887683e-01
 endloop
endfacet
facet normal 0.000000e+00 1.000000e+00 0.000000e+00
 outer loop
  vertex -5.9935297e-01 -7.0000000e-02 -2.3390237e-01
  vertex -5.9000000e-01 -7.0000000e-02 -1.8000000e-01
  vertex -5.9688950e-01 -7.0000000e-02 -2.2644556e-01
 endloop
endfacet
facet normal 0.000000e+00 1.000000e+00 0.000000e+00
 outer loop
  vertex -6.0217926e-01 -7.0000000e-02 -2.4122935e-01
  vertex -5.9000000e-01 -7.0000000e-02 -1.8000000e-01
  vertex -5.9935297e-01 -7.0000000e-02 -2.3390237e-01
 endloop
endfacet
facet normal 0.000000e+00 1.000000e+00 0.000000e+00
 outer loop
  vertex -6.0536170e-01 -7.0000000e-02 -2.4840881e-01
  vertex -5.9000000e-01 -7.0000000e-02 -1.8000000e-01
  vertex -6.0217926e-01 -7.0000000e-02 -2.4122935e-01
 endloop
endfacet
facet normal 0.000000e+00 1.000000e+00 0.000000e+00
 outer loop
  vertex -6.0889264e-01 -7.0000000e-02 -2.5542350e-01
  vertex -5.9000000e-01 -7.0000000e-02 -1.8000000e-01
  vertex -6.0536170e-01 -7.0000000e-02 -2.4840881e-01
 endloop
endfacet
facet normal 0.000000e+00 1.000000e+00 0.000000e+00
 outer loop
  vertex -6.1276340e-01 -7.0000000e-02 -2.6225644e-01
  vertex -5.9000000e-01 -7.0000000e-02 -1.8000000e-01
  vertex -6.0889264e-01 -7.0000000e-02 -2.5542350e-01
 endloop
endfacet
facet normal 0.000000e+00 1.000000e+00 0.000000e+00
 outer loop
  vertex -6.1696490e-01 -7.0000000e-02 -2.6889124e-01
  vertex -5.9000000e-01 -7.0000000e-02 -1.8000000e-01
  vertex -6.1276340e-01 -7.0000000e-02 -2.6225644e-01
 endloop
endfacet
facet normal 0.000000e+00 1.000000e+00 0.000000e+00
 outer loop
  vertex -6.2148676e-01 -7.0000000e-02 -2.7531190e-01
  vertex -5.9000000e-01 -7.0000000e-02 -1.8000000e-01
  vertex -6.1696490e-01 -7.0000000e-02 -2.6889124e-01
 endloop
endfacet
facet normal 0.000000e+00 1.000000e+00 0.000000e+00
 outer loop
  vertex -6.2631836e-01 -7.0000000e-02 -2.8150293e-01
  vertex -5.9000000e-01 -7.0000000e-02 -1.8000000e-01
  vertex -6.2148676e-01 -7.0000000e-02 -2.7531190e-01
 endloop
endfacet
facet normal 0.000000e+00 1.000000e+00 0.000000e+00
 outer loop
  vertex -6.3144780e-01 -7.0000000e-02 -2.8744943e-01
  vertex -5.9000000e-01 -7.0000000e-02 -1.8000000e-01
  vertex -6.2631836e-01 -7.0000000e-02 -2.8150293e-01
 endloop
endfacet
facet normal 0.000000e+00 1.000000e+00 0.000000e+00
 outer loop
  vertex -6.3686290e-01 -7.0000000e-02 -2.9313710e-01
  vertex -5.9000000e-01 -7.0000000e-02 -1.8000000e-01
  vertex -6.3144780e-01 -7.0000000e-02 -2.8744943e-01
 endloop
endfacet
facet normal 0.000000e+00 1.000000e+00 0.000000e+00
 outer loop
  vertex -6.4255060e-01 -7.0000000e-02 -2.9855220e-01
  vertex -5.9000000e-01 -7.0000000e-02 -1.8000000e-01
  vertex -6.3686290e-01 -7.0000000e-02 -2.9313710e-01
 endloop
endfacet
facet normal 0.000000e+00 1.000000e+00 0.000000e+00
 outer loop
  vertex -6.4849710e-01 -7.0000000e-02 -3.0368167e-01
  vertex -5.9000000e-01 -7.0000000e-02 -1.8000000e-01
  vertex -6.4255060e-01 -7.0000000e-02 -2.9855220e-01
 endloop
endfacet
facet normal 0.000000e+00 1.000000e+00 0.000000e+00
 outer loop
  vertex -6.5468810e-01 -7.0000000e-02 -3.0851318e-01
  vertex -5.9000000e-01 -7.0000000e-02 -1.8000000e-01
  vertex -6.4849710e-01 -7.0000000e-02 -3.0368167e-01
 endloop
endfacet
facet normal 0.000000e+00 1.000000e+00 0.000000e+00
 outer loop
  vertex -6.6110876e-01 -7.0000000e-02 -3.1303513e-01
  vertex -5.9000000e-01 -7.0000000e-02 -1.8000000e-01
  vertex -6.5468810e-01 -7.0000000e-02 -3.0851318e-01
 endloop
endfacet
facet normal 0.000000e+00 1.000000e+00 0.000000e+00
 outer loop
  vertex -6.6774360e-01 -7.0000000e-02 -3.1723657e-01
  vertex -5.9000000e-01 -7.0000000e-02 -1.8000000e-01
  vertex -6.6110876e-01 -7.0000000e-02 -3.1303513e-01
 endloop
endfacet
facet normal 0.000000e+00 1.000000e+00 0.000000e+00
 outer loop
  vertex -6.7457654e-01 -7.0000000e-02 -3.2110740e-01
  vertex -5.9000000e-01 -7.0000000e-02 -1.8000000e-01
  vertex -6.6774360e-01 -7.0000000e-02 -3.1723657e-01
 endloop
endfacet
facet normal 0.000000e+00 1.000000e+00 0.000000e+00
 outer loop
  vertex -6.8159120e-01 -7.0000000e-02 -3.2463828e-01
  vertex -5.9000000e-01 -7.0000000e-02 -1.8000000e-01
  vertex -6.7457654e-01 -7.0000000e-02 -3.2110740e-01
 endloop
endfacet
facet normal 0.000000e+00 1.000000e+00 0.000000e+00
 outer loop
  vertex -6.8877060e-01 -7.0000000e-02 -3.2782070e-01
  vertex -5.9000000e-01 -7.0000000e-02 -1.8000000e-01
  vertex -6.8159120e-01 -7.0000000e-02 -3.2463828e-01
 endloop
endfacet
facet normal 0.000000e+00 1.000000e+00 -0.000000e+00
 outer loop
  vertex -6.9609760e-01 -7.0000000e-02 -3.3064706e-01
  vertex -7.0355444e-01 -7.0000000e-02 -3.3311044e-01
  vertex -5.9000000e-01 -7.0000000e-02 -1.8000000e-01
 endloop
endfacet
facet normal 0.000000e+00 1.000000e+00 0.000000e+00
 outer loop
  vertex -6.9609760e-01 -7.0000000e-02 -3.3064706e-01
  vertex -5.9000000e-01 -7.0000000e-02 -1.8000000e-01
  vertex -6.8877060e-01 -7.0000000e-02 -3.2782070e-01
 endloop
endfacet
facet normal 0.000000e+00 1.000000e+00 -0.000000e+00
 outer loop
  vertex -7.0355444e-01 -7.0000000e-02 -3.3311044e-01
  vertex -7.1112317e-01 -7.0000000e-02 -3.3520500e-01
  vertex -5.9000000e-01 -7.0000000e-02 -1.8000000e-01
 endloop
endfacet
facet normal 0.000000e+00 1.000000e+00 -0.000000e+00
 outer loop
  vertex -7.1112317e-01 -7.0000000e-02 -3.3520500e-01
  vertex -7.1878550e-01 -7.0000000e-02 -3.3692566e-01
  vertex -5.9000000e-01 -7.0000000e-02 -1.8000000e-01
 endloop
endfacet
facet normal 0.000000e+00 1.000000e+00 -0.000000e+00
 outer loop
  vertex -7.1878550e-01 -7.0000000e-02 -3.3692566e-01
  vertex -7.2652310e-01 -7.0000000e-02 -3.3826825e-01
  vertex -5.9000000e-01 -7.0000000e-02 -1.8000000e-01
 endloop
endfacet
facet normal 0.000000e+00 1.000000e+00 -0.000000e+00
 outer loop
  vertex -7.2652310e-01 -7.0000000e-02 -3.3826825e-01
  vertex -7.3431726e-01 -7.0000000e-02 -3.3922955e-01
  vertex -5.9000000e-01 -7.0000000e-02 -1.8000000e-01
 endloop
endfacet
facet normal 0.000000e+00 1.000000e+00 -0.000000e+00
 outer loop
  vertex -7.3431726e-01 -7.0000000e-02 -3.3922955e-01
  vertex -7.4214920e-01 -7.0000000e-02 -3.3980728e-01
  vertex -5.9000000e-01 -7.0000000e-02 -1.8000000e-01
 endloop
endfacet
facet normal 0.000000e+00 1.000000e+00 -0.000000e+00
 outer loop
  vertex -7.4214920e-01 -7.0000000e-02 -3.3980728e-01
  vertex -7.5000000e-01 -7.0000000e-02 -3.4000000e-01
  vertex -5.9000000e-01 -7.0000000e-02 -1.8000000e-01
 endloop
endfacet
facet normal 0.000000e+00 1.000000e+00 -0.000000e+00
 outer loop
  vertex -7.5000000e-01 -7.0000000e-02 -3.4000000e-01
  vertex -7.5785080e-01 -7.0000000e-02 -3.3980728e-01
  vertex -5.9000000e-01 -7.0000000e-02 -1.8000000e-01
 endloop
endfacet
facet normal 0.000000e+00 1.000000e+00 -0.000000e+00
 outer loop
  vertex -7.5785080e-01 -7.0000000e-02 -3.3980728e-01
  vertex -7.6568274e-01 -7.0000000e-02 -3.3922955e-01
  vertex -5.9000000e-01 -7.0000000e-02 -1.8000000e-01
 endloop
endfacet
facet normal 0.000000e+00 1.000000e+00 -0.000000e+00
 outer loop
  vertex -7.6568274e-01 -7.0000000e-02 -3.3922955e-01
  vertex -7.7347690e-01 -7.0000000e-02 -3.3826825e-01
  vertex -5.9000000e-01 -7.0000000e-02 -1.8000000e-01
 endloop
endfacet
facet normal 0.000000e+00 1.000000e+00 0.000000e+00
 outer loop
  vertex -5.9000000e-01 -7.0000000e-02 -1.8000000e-01
  vertex -7.7347690e-01 -7.0000000e-02 -3.3826825e-01
  vertex -7.8121450e-01 -7.0000000e-02 -3.3692566e-01
 endloop
endfacet
facet normal 0.000000e+00 1.000000e+00 0.000000e+00
 outer loop
  vertex -5.9000000e-01 -7.0000000e-02 -1.8000000e-01
  vertex -7.8121450e-01 -7.0000000e-02 -3.3692566e-01
  vertex -7.8887683e-01 -7.0000000e-02 -3.3520500e-01
 endloop
endfacet
facet normal 0.000000e+00 1.000000e+00 0.000000e+00
 outer loop
  vertex -5.9000000e-01 -7.0000000e-02 -1.8000000e-01
  vertex -7.8887683e-01 -7.0000000e-02 -3.3520500e-01
  vertex -7.9644556e-01 -7.0000000e-02 -3.3311044e-01
 endloop
endfacet
facet normal 0.000000e+00 1.000000e+00 0.000000e+00
 outer loop
  vertex -5.9000000e-01 -7.0000000e-02 -1.8000000e-01
  vertex -7.9644556e-01 -7.0000000e-02 -3.3311044e-01
  vertex -8.0390240e-01 -7.0000000e-02 -3.3064706e-01
 endloop
endfacet
facet normal 0.000000e+00 1.000000e+00 0.000000e+00
 outer loop
  vertex -5.9000000e-01 -7.0000000e-02 -1.8000000e-01
  vertex -8.0390240e-01 -7.0000000e-02 -3.3064706e-01
  vertex -8.1122940e-01 -7.0000000e-02 -3.2782070e-01
 endloop
endfacet
facet normal 0.000000e+00 1.000000e+00 0.000000e+00
 outer loop
  vertex -5.9000000e-01 -7.0000000e-02 -1.8000000e-01
  vertex -8.1122940e-01 -7.0000000e-02 -3.2782070e-01
  vertex -8.1840880e-01 -7.0000000e-02 -3.2463828e-01
 endloop
endfacet
facet normal 0.000000e+00 1.000000e+00 0.000000e+00
 outer loop
  vertex -5.9000000e-01 -7.0000000e-02 -1.8000000e-01
  vertex -8.1840880e-01 -7.0000000e-02 -3.2463828e-01
  vertex -8.2542346e-01 -7.0000000e-02 -3.2110740e-01
 endloop
endfacet
facet normal 0.000000e+00 1.000000e+00 0.000000e+00
 outer loop
  vertex -5.9000000e-01 -7.0000000e-02 -1.8000000e-01
  vertex -8.2542346e-01 -7.0000000e-02 -3.2110740e-01
  vertex -8.3225640e-01 -7.0000000e-02 -3.1723657e-01
 endloop
endfacet
facet normal 0.000000e+00 1.000000e+00 0.000000e+00
 outer loop
  vertex -5.9000000e-01 -7.0000000e-02 -1.8000000e-01
  vertex -8.3225640e-01 -7.0000000e-02 -3.1723657e-01
  vertex -8.3889124e-01 -7.0000000e-02 -3.1303513e-01
 endloop
endfacet
facet normal 0.000000e+00 1.000000e+00 0.000000e+00
 outer loop
  vertex -5.9000000e-01 -7.0000000e-02 -1.8000000e-01
  vertex -8.3889124e-01 -7.0000000e-02 -3.1303513e-01
  vertex -8.4531190e-01 -7.0000000e-02 -3.0851318e-01
 endloop
endfacet
facet normal 0.000000e+00 1.000000e+00 0.000000e+00
 outer loop
  vertex -5.9000000e-01 -7.0000000e-02 -1.8000000e-01
  vertex -8.4531190e-01 -7.0000000e-02 -3.0851318e-01
  vertex -8.5150290e-01 -7.0000000e-02 -3.0368167e-01
 endloop
endfacet
facet normal 0.000000e+00 1.000000e+00 0.000000e+00
 outer loop
  vertex -5.9000000e-01 -7.0000000e-02 -1.8000000e-01
  vertex -8.5150290e-01 -7.0000000e-02 -3.0368167e-01
  vertex -8.5744940e-01 -7.0000000e-02 -2.9855220e-01
 endloop
endfacet
facet normal 0.000000e+00 1.000000e+00 0.000000e+00
 outer loop
  vertex -5.9000000e-01 -7.0000000e-02 -1.8000000e-01
  vertex -8.5744940e-01 -7.0000000e-02 -2.9855220e-01
  vertex -8.6313710e-01 -7.0000000e-02 -2.9313710e-01
 endloop
endfacet
facet normal 0.000000e+00 1.000000e+00 0.000000e+00
 outer loop
  vertex -5.9000000e-01 -7.0000000e-02 -1.8000000e-01
  vertex -8.6313710e-01 -7.0000000e-02 -2.9313710e-01
  vertex -8.6855220e-01 -7.0000000e-02 -2.8744943e-01
 endloop
endfacet
facet normal 0.000000e+00 1.000000e+00 0.000000e+00
 outer loop
  vertex -5.9000000e-01 -7.0000000e-02 -1.8000000e-01
  vertex -8.6855220e-01 -7.0000000e-02 -2.8744943e-01
  vertex -8.7368164e-01 -7.0000000e-02 -2.8150293e-01
 endloop
endfacet
facet normal 0.000000e+00 1.000000e+00 0.000000e+00
 outer loop
  vertex -5.9000000e-01 -7.0000000e-02 -1.8000000e-01
  vertex -8.7368164e-01 -7.0000000e-02 -2.8150293e-01
  vertex -8.7851324e-01 -7.0000000e-02 -2.7531190e-01
 endloop
endfacet
facet normal 0.000000e+00 1.000000e+00 0.000000e+00
 outer loop
  vertex -5.9000000e-01 -7.0000000e-02 -1.8000000e-01
  vertex -8.7851324e-01 -7.0000000e-02 -2.7531190e-01
  vertex -8.8303510e-01 -7.0000000e-02 -2.6889124e-01
 endloop
endfacet
facet normal 0.000000e+00 1.000000e+00 0.000000e+00
 outer loop
  vertex -5.9000000e-01 -7.0000000e-02 -1.8000000e-01
  vertex -8.8303510e-01 -7.0000000e-02 -2.6889124e-01
  vertex -8.8723660e-01 -7.0000000e-02 -2.6225644e-01
 endloop
endfacet
facet normal -0.000000e+00 1.000000e+00 0.000000e+00
 outer loop
  vertex -8.9463830e-01 -7.0000000e-02 -2.4840881e-01
  vertex -5.9000000e-01 -7.0000000e-02 -1.8000000e-01
  vertex -8.9110736e-01 -7.0000000e-02 -2.5542350e-01
 endloop
endfacet
facet normal 0.000000e+00 1.000000e+00 0.000000e+00
 outer loop
  vertex -5.9000000e-01 -7.0000000e-02 -1.8000000e-01
  vertex -8.8723660e-01 -7.0000000e-02 -2.6225644e-01
  vertex -8.9110736e-01 -7.0000000e-02 -2.5542350e-01
 endloop
endfacet
facet normal -0.000000e+00 1.000000e+00 0.000000e+00
 outer loop
  vertex -8.9782074e-01 -7.0000000e-02 -2.4122935e-01
  vertex -5.9000000e-01 -7.0000000e-02 -1.8000000e-01
  vertex -8.9463830e-01 -7.0000000e-02 -2.4840881e-01
 endloop
endfacet
facet normal -0.000000e+00 1.000000e+00 0.000000e+00
 outer loop
  vertex -9.0064703e-01 -7.0000000e-02 -2.3390237e-01
  vertex -5.9000000e-01 -7.0000000e-02 -1.8000000e-01
  vertex -8.9782074e-01 -7.0000000e-02 -2.4122935e-01
 endloop
endfacet
facet normal -0.000000e+00 1.000000e+00 0.000000e+00
 outer loop
  vertex -9.0311050e-01 -7.0000000e-02 -2.2644556e-01
  vertex -5.9000000e-01 -7.0000000e-02 -1.8000000e-01
  vertex -9.0064703e-01 -7.0000000e-02 -2.3390237e-01
 endloop
endfacet
facet normal -0.000000e+00 1.000000e+00 0.000000e+00
 outer loop
  vertex -9.0520500e-01 -7.0000000e-02 -2.1887683e-01
  vertex -5.9000000e-01 -7.0000000e-02 -1.8000000e-01
  vertex -9.0311050e-01 -7.0000000e-02 -2.2644556e-01
 endloop
endfacet
facet normal -0.000000e+00 1.000000e+00 0.000000e+00
 outer loop
  vertex -9.0692560e-01 -7.0000000e-02 -2.1121445e-01
  vertex -5.9000000e-01 -7.0000000e-02 -1.8000000e-01
  vertex -9.0520500e-01 -7.0000000e-02 -2.1887683e-01
 endloop
endfacet
facet normal -0.000000e+00 1.000000e+00 0.000000e+00
 outer loop
  vertex -9.0826820e-01 -7.0000000e-02 -2.0347688e-01
  vertex -5.9000000e-01 -7.0000000e-02 -1.8000000e-01
  vertex -9.0692560e-01 -7.0000000e-02 -2.1121445e-01
 endloop
endfacet
facet normal -0.000000e+00 1.000000e+00 0.000000e+00
 outer loop
  vertex -9.0922955e-01 -7.0000000e-02 -1.9568275e-01
  vertex -5.9000000e-01 -7.0000000e-02 -1.8000000e-01
  vertex -9.0826820e-01 -7.0000000e-02 -2.0347688e-01
 endloop
endfacet
facet normal 0.000000e+00 1.000000e+00 -0.000000e+00
 outer loop
  vertex -9.0980725e-01 -7.0000000e-02 -1.8785083e-01
  vertex -9.1000000e-01 -7.0000000e-02 -1.8000000e-01
  vertex -5.9000000e-01 -7.0000000e-02 -1.8000000e-01
 endloop
endfacet
facet normal 0.000000e+00 1.000000e+00 0.000000e+00
 outer loop
  vertex -9.1000000e-01 -7.0000000e-02 -1.8000000e-01
  vertex -9.0980725e-01 -7.0000000e-02 -1.7214917e-01
  vertex -5.9000000e-01 -7.0000000e-02 -1.8000000e-01
 endloop
endfacet
facet normal -0.000000e+00 1.000000e+00 0.000000e+00
 outer loop
  vertex -9.0980725e-01 -7.0000000e-02 -1.7214917e-01
  vertex -9.0922955e-01 -7.0000000e-02 -1.6431725e-01
  vertex -5.9000000e-01 -7.0000000e-02 -1.8000000e-01
 endloop
endfacet
facet normal -0.000000e+00 1.000000e+00 0.000000e+00
 outer loop
  vertex -9.0922955e-01 -7.0000000e-02 -1.6431725e-01
  vertex -9.0826820e-01 -7.0000000e-02 -1.5652312e-01
  vertex -5.9000000e-01 -7.0000000e-02 -1.8000000e-01
 endloop
endfacet
facet normal 0.000000e+00 1.000000e+00 0.000000e+00
 outer loop
  vertex -5.9000000e-01 -7.0000000e-02 -1.8000000e-01
  vertex -9.0826820e-01 -7.0000000e-02 -1.5652312e-01
  vertex -9.0692560e-01 -7.0000000e-02 -1.4878555e-01
 endloop
endfacet
facet normal 0.000000e+00 1.000000e+00 0.000000e+00
 outer loop
  vertex -5.9000000e-01 -7.0000000e-02 -1.8000000e-01
  vertex -9.0692560e-01 -7.0000000e-02 -1.4878555e-01
  vertex -9.0520500e-01 -7.0000000e-02 -1.4112317e-01
 endloop
endfacet
facet normal 0.000000e+00 1.000000e+00 0.000000e+00
 outer loop
  vertex -5.9000000e-01 -7.0000000e-02 -1.8000000e-01
  vertex -9.0520500e-01 -7.0000000e-02 -1.4112317e-01
  vertex -9.0311050e-01 -7.0000000e-02 -1.3355446e-01
 endloop
endfacet
facet normal 0.000000e+00 1.000000e+00 0.000000e+00
 outer loop
  vertex -5.9000000e-01 -7.0000000e-02 -1.8000000e-01
  vertex -9.0311050e-01 -7.0000000e-02 -1.3355446e-01
  vertex -9.0064703e-01 -7.0000000e-02 -1.2609762e-01
 endloop
endfacet
facet normal 0.000000e+00 1.000000e+00 0.000000e+00
 outer loop
  vertex -5.9000000e-01 -7.0000000e-02 -1.8000000e-01
  vertex -9.0064703e-01 -7.0000000e-02 -1.2609762e-01
  vertex -8.9782074e-01 -7.0000000e-02 -1.1877065e-01
 endloop
endfacet
facet normal 0.000000e+00 1.000000e+00 0.000000e+00
 outer loop
  vertex -5.9000000e-01 -7.0000000e-02 -1.8000000e-01
  vertex -8.9782074e-01 -7.0000000e-02 -1.1877065e-01
  vertex -8.9463830e-01 -7.0000000e-02 -1.1159118e-01
 endloop
endfacet
facet normal 0.000000e+00 1.000000e+00 0.000000e+00
 outer loop
  vertex -5.9000000e-01 -7.0000000e-02 -1.8000000e-01
  vertex -8.9463830e-01 -7.0000000e-02 -1.1159118e-01
  vertex -8.9110736e-01 -7.0000000e-02 -1.0457652e-01
 endloop
endfacet
facet normal 0.000000e+00 1.000000e+00 0.000000e+00
 outer loop
  vertex -5.9000000e-01 -7.0000000e-02 -1.8000000e-01
  vertex -8.9110736e-01 -7.0000000e-02 -1.0457652e-01
  vertex -8.8723660e-01 -7.0000000e-02 -9.7743560e-02
 endloop
endfacet
facet normal 0.000000e+00 1.000000e+00 0.000000e+00
 outer loop
  vertex -5.9000000e-01 -7.0000000e-02 -1.8000000e-01
  vertex -8.8723660e-01 -7.0000000e-02 -9.7743560e-02
  vertex -8.8303510e-01 -7.0000000e-02 -9.1108765e-02
 endloop
endfacet
facet normal 0.000000e+00 1.000000e+00 0.000000e+00
 outer loop
  vertex -5.9000000e-01 -7.0000000e-02 -1.8000000e-01
  vertex -8.8303510e-01 -7.0000000e-02 -9.1108765e-02
  vertex -8.7851324e-01 -7.0000000e-02 -8.4688110e-02
 endloop
endfacet
facet normal 0.000000e+00 1.000000e+00 0.000000e+00
 outer loop
  vertex -5.9000000e-01 -7.0000000e-02 -1.8000000e-01
  vertex -8.7851324e-01 -7.0000000e-02 -8.4688110e-02
  vertex -8.7368164e-01 -7.0000000e-02 -7.8497080e-02
 endloop
endfacet
facet normal 0.000000e+00 1.000000e+00 0.000000e+00
 outer loop
  vertex -5.9000000e-01 -7.0000000e-02 -1.8000000e-01
  vertex -8.7368164e-01 -7.0000000e-02 -7.8497080e-02
  vertex -8.6855220e-01 -7.0000000e-02 -7.2550570e-02
 endloop
endfacet
facet normal 0.000000e+00 1.000000e+00 0.000000e+00
 outer loop
  vertex -5.9000000e-01 -7.0000000e-02 -1.8000000e-01
  vertex -8.6855220e-01 -7.0000000e-02 -7.2550570e-02
  vertex -8.6313710e-01 -7.0000000e-02 -6.6862915e-02
 endloop
endfacet
facet normal 0.000000e+00 1.000000e+00 0.000000e+00
 outer loop
  vertex -5.9000000e-01 -7.0000000e-02 -1.8000000e-01
  vertex -8.6313710e-01 -7.0000000e-02 -6.6862915e-02
  vertex -8.5744940e-01 -7.0000000e-02 -6.1447823e-02
 endloop
endfacet
facet normal 0.000000e+00 1.000000e+00 0.000000e+00
 outer loop
  vertex -5.9000000e-01 -7.0000000e-02 -1.8000000e-01
  vertex -8.5744940e-01 -7.0000000e-02 -6.1447823e-02
  vertex -8.5150290e-01 -7.0000000e-02 -5.6318330e-02
 endloop
endfacet
facet normal 0.000000e+00 1.000000e+00 0.000000e+00
 outer loop
  vertex -5.9000000e-01 -7.0000000e-02 -1.8000000e-01
  vertex -8.5150290e-01 -7.0000000e-02 -5.6318330e-02
  vertex -8.4531190e-01 -7.0000000e-02 -5.1486794e-02
 endloop
endfacet
facet normal 0.000000e+00 1.000000e+00 0.000000e+00
 outer loop
  vertex -5.9000000e-01 -7.0000000e-02 -1.8000000e-01
  vertex -8.4531190e-01 -7.0000000e-02 -5.1486794e-02
  vertex -8.3889124e-01 -7.0000000e-02 -4.6964863e-02
 endloop
endfacet
facet normal 0.000000e+00 1.000000e+00 0.000000e+00
 outer loop
  vertex -5.9000000e-01 -7.0000000e-02 -1.8000000e-01
  vertex -8.3889124e-01 -7.0000000e-02 -4.6964863e-02
  vertex -8.3225640e-01 -7.0000000e-02 -4.2763424e-02
 endloop
endfacet
facet normal 0.000000e+00 1.000000e+00 0.000000e+00
 outer loop
  vertex -8.1840880e-01 -7.0000000e-02 -3.5361713e-02
  vertex -5.9000000e-01 -7.0000000e-02 -1.8000000e-01
  vertex -8.2542346e-01 -7.0000000e-02 -3.8892597e-02
 endloop
endfacet
facet normal 0.000000e+00 1.000000e+00 0.000000e+00
 outer loop
  vertex -5.9000000e-01 -7.0000000e-02 -1.8000000e-01
  vertex -8.3225640e-01 -7.0000000e-02 -4.2763424e-02
  vertex -8.2542346e-01 -7.0000000e-02 -3.8892597e-02
 endloop
endfacet
facet normal 0.000000e+00 1.000000e+00 0.000000e+00
 outer loop
  vertex -8.1122940e-01 -7.0000000e-02 -3.2179276e-02
  vertex -5.9000000e-01 -7.0000000e-02 -1.8000000e-01
  vertex -8.1840880e-01 -7.0000000e-02 -3.5361713e-02
 endloop
endfacet
facet normal 0.000000e+00 1.000000e+00 0.000000e+00
 outer loop
  vertex -8.0390240e-01 -7.0000000e-02 -2.9352950e-02
  vertex -5.9000000e-01 -7.0000000e-02 -1.8000000e-01
  vertex -8.1122940e-01 -7.0000000e-02 -3.2179276e-02
 endloop
endfacet
facet normal 0.000000e+00 1.000000e+00 0.000000e+00
 outer loop
  vertex -7.9644556e-01 -7.0000000e-02 -2.6889545e-02
  vertex -5.9000000e-01 -7.0000000e-02 -1.8000000e-01
  vertex -8.0390240e-01 -7.0000000e-02 -2.9352950e-02
 endloop
endfacet
facet normal 0.000000e+00 1.000000e+00 0.000000e+00
 outer loop
  vertex -7.8887683e-01 -7.0000000e-02 -2.4795000e-02
  vertex -5.9000000e-01 -7.0000000e-02 -1.8000000e-01
  vertex -7.9644556e-01 -7.0000000e-02 -2.6889545e-02
 endloop
endfacet
facet normal 0.000000e+00 1.000000e+00 0.000000e+00
 outer loop
  vertex -7.8121450e-01 -7.0000000e-02 -2.3074354e-02
  vertex -5.9000000e-01 -7.0000000e-02 -1.8000000e-01
  vertex -7.8887683e-01 -7.0000000e-02 -2.4795000e-02
 endloop
endfacet
facet normal 0.000000e+00 1.000000e+00 0.000000e+00
 outer loop
  vertex -7.7347690e-01 -7.0000000e-02 -2.1731758e-02
  vertex -5.9000000e-01 -7.0000000e-02 -1.8000000e-01
  vertex -7.8121450e-01 -7.0000000e-02 -2.3074354e-02
 endloop
endfacet
facet normal 0.000000e+00 1.000000e+00 0.000000e+00
 outer loop
  vertex -7.6568274e-01 -7.0000000e-02 -2.0770443e-02
  vertex -5.9000000e-01 -7.0000000e-02 -1.8000000e-01
  vertex -7.7347690e-01 -7.0000000e-02 -2.1731758e-02
 endloop
endfacet
facet normal 0.000000e+00 1.000000e+00 0.000000e+00
 outer loop
  vertex -7.5785080e-01 -7.0000000e-02 -2.0192728e-02
  vertex -5.9000000e-01 -7.0000000e-02 -1.8000000e-01
  vertex -7.6568274e-01 -7.0000000e-02 -2.0770443e-02
 endloop
endfacet
facet normal 0.000000e+00 1.000000e+00 0.000000e+00
 outer loop
  vertex -7.5000000e-01 -7.0000000e-02 -2.0000000e-02
  vertex -5.9000000e-01 -7.0000000e-02 -1.8000000e-01
  vertex -7.5785080e-01 -7.0000000e-02 -2.0192728e-02
 endloop
endfacet
facet normal 0.000000e+00 1.000000e+00 0.000000e+00
 outer loop
  vertex -7.4214920e-01 -7.0000000e-02 -2.0192728e-02
  vertex -5.9000000e-01 -7.0000000e-02 -1.8000000e-01
  vertex -7.5000000e-01 -7.0000000e-02 -2.0000000e-02
 endloop
endfacet
facet normal 0.000000e+00 1.000000e+00 0.000000e+00
 outer loop
  vertex -7.3431726e-01 -7.0000000e-02 -2.0770443e-02
  vertex -5.9000000e-01 -7.0000000e-02 -1.8000000e-01
  vertex -7.4214920e-01 -7.0000000e-02 -2.0192728e-02
 endloop
endfacet
facet normal 0.000000e+00 1.000000e+00 0.000000e+00
 outer loop
  vertex -7.3431726e-01 -7.0000000e-02 -2.0770443e-02
  vertex -7.2652310e-01 -7.0000000e-02 -2.1731758e-02
  vertex -5.9000000e-01 -7.0000000e-02 -1.8000000e-01
 endloop
endfacet
facet normal 0.000000e+00 1.000000e+00 0.000000e+00
 outer loop
  vertex -7.2652310e-01 -7.0000000e-02 -2.1731758e-02
  vertex -7.1878550e-01 -7.0000000e-02 -2.3074354e-02
  vertex -5.9000000e-01 -7.0000000e-02 -1.8000000e-01
 endloop
endfacet
facet normal 0.000000e+00 1.000000e+00 0.000000e+00
 outer loop
  vertex -7.1878550e-01 -7.0000000e-02 -2.3074354e-02
  vertex -7.1112317e-01 -7.0000000e-02 -2.4795000e-02
  vertex -5.9000000e-01 -7.0000000e-02 -1.8000000e-01
 endloop
endfacet
facet normal 0.000000e+00 1.000000e+00 0.000000e+00
 outer loop
  vertex -7.1112317e-01 -7.0000000e-02 -2.4795000e-02
  vertex -7.0355444e-01 -7.0000000e-02 -2.6889545e-02
  vertex -5.9000000e-01 -7.0000000e-02 -1.8000000e-01
 endloop
endfacet
facet normal 0.000000e+00 1.000000e+00 0.000000e+00
 outer loop
  vertex -7.0355444e-01 -7.0000000e-02 -2.6889545e-02
  vertex -6.9609760e-01 -7.0000000e-02 -2.9352950e-02
  vertex -5.9000000e-01 -7.0000000e-02 -1.8000000e-01
 endloop
endfacet
facet normal 0.000000e+00 1.000000e+00 0.000000e+00
 outer loop
  vertex -6.9609760e-01 -7.0000000e-02 -2.9352950e-02
  vertex -6.8877060e-01 -7.0000000e-02 -3.2179276e-02
  vertex -5.9000000e-01 -7.0000000e-02 -1.8000000e-01
 endloop
endfacet
facet normal 0.000000e+00 1.000000e+00 0.000000e+00
 outer loop
  vertex -6.8877060e-01 -7.0000000e-02 -3.2179276e-02
  vertex -6.8159120e-01 -7.0000000e-02 -3.5361713e-02
  vertex -5.9000000e-01 -7.0000000e-02 -1.8000000e-01
 endloop
endfacet
facet normal 0.000000e+00 1.000000e+00 0.000000e+00
 outer loop
  vertex -6.8159120e-01 -7.0000000e-02 -3.5361713e-02
  vertex -6.7457654e-01 -7.0000000e-02 -3.8892597e-02
  vertex -5.9000000e-01 -7.0000000e-02 -1.8000000e-01
 endloop
endfacet
facet normal 0.000000e+00 1.000000e+00 0.000000e+00
 outer loop
  vertex -6.7457654e-01 -7.0000000e-02 -3.8892597e-02
  vertex -6.6774360e-01 -7.0000000e-02 -4.2763424e-02
  vertex -5.9000000e-01 -7.0000000e-02 -1.8000000e-01
 endloop
endfacet
facet normal 0.000000e+00 1.000000e+00 0.000000e+00
 outer loop
  vertex -6.6774360e-01 -7.0000000e-02 -4.2763424e-02
  vertex -6.6110876e-01 -7.0000000e-02 -4.6964863e-02
  vertex -5.9000000e-01 -7.0000000e-02 -1.8000000e-01
 endloop
endfacet
facet normal 0.000000e+00 1.000000e+00 0.000000e+00
 outer loop
  vertex -6.6110876e-01 -7.0000000e-02 -4.6964863e-02
  vertex -6.5468810e-01 -7.0000000e-02 -5.1486794e-02
  vertex -5.9000000e-01 -7.0000000e-02 -1.8000000e-01
 endloop
endfacet
facet normal 0.000000e+00 1.000000e+00 0.000000e+00
 outer loop
  vertex -6.5468810e-01 -7.0000000e-02 -5.1486794e-02
  vertex -6.4849710e-01 -7.0000000e-02 -5.6318330e-02
  vertex -5.9000000e-01 -7.0000000e-02 -1.8000000e-01
 endloop
endfacet
facet normal 0.000000e+00 1.000000e+00 0.000000e+00
 outer loop
  vertex -6.4849710e-01 -7.0000000e-02 -5.6318330e-02
  vertex -6.4255060e-01 -7.0000000e-02 -6.1447823e-02
  vertex -5.9000000e-01 -7.0000000e-02 -1.8000000e-01
 endloop
endfacet
facet normal 0.000000e+00 1.000000e+00 0.000000e+00
 outer loop
  vertex -6.4255060e-01 -7.0000000e-02 -6.1447823e-02
  vertex -6.3686290e-01 -7.0000000e-02 -6.6862915e-02
  vertex -5.9000000e-01 -7.0000000e-02 -1.8000000e-01
 endloop
endfacet
facet normal 0.000000e+00 1.000000e+00 0.000000e+00
 outer loop
  vertex -6.3686290e-01 -7.0000000e-02 -6.6862915e-02
  vertex -6.3144780e-01 -7.0000000e-02 -7.2550570e-02
  vertex -5.9000000e-01 -7.0000000e-02 -1.8000000e-01
 endloop
endfacet
facet normal 0.000000e+00 1.000000e+00 0.000000e+00
 outer loop
  vertex -6.3144780e-01 -7.0000000e-02 -7.2550570e-02
  vertex -6.2631836e-01 -7.0000000e-02 -7.8497080e-02
  vertex -5.9000000e-01 -7.0000000e-02 -1.8000000e-01
 endloop
endfacet
facet normal 0.000000e+00 1.000000e+00 0.000000e+00
 outer loop
  vertex -6.2631836e-01 -7.0000000e-02 -7.8497080e-02
  vertex -6.2148676e-01 -7.0000000e-02 -8.4688110e-02
  vertex -5.9000000e-01 -7.0000000e-02 -1.8000000e-01
 endloop
endfacet
facet normal 0.000000e+00 1.000000e+00 0.000000e+00
 outer loop
  vertex -6.2148676e-01 -7.0000000e-02 -8.4688110e-02
  vertex -6.1696490e-01 -7.0000000e-02 -9.1108765e-02
  vertex -5.9000000e-01 -7.0000000e-02 -1.8000000e-01
 endloop
endfacet
facet normal 0.000000e+00 1.000000e+00 0.000000e+00
 outer loop
  vertex -5.9000000e-01 -7.0000000e-02 -1.8000000e-01
  vertex -6.1276340e-01 -7.0000000e-02 -9.7743560e-02
  vertex -6.0889264e-01 -7.0000000e-02 -1.0457652e-01
 endloop
endfacet
facet normal 0.000000e+00 1.000000e+00 0.000000e+00
 outer loop
  vertex -6.1696490e-01 -7.0000000e-02 -9.1108765e-02
  vertex -6.1276340e-01 -7.0000000e-02 -9.7743560e-02
  vertex -5.9000000e-01 -7.0000000e-02 -1.8000000e-01
 endloop
endfacet
facet normal 0.000000e+00 1.000000e+00 0.000000e+00
 outer loop
  vertex -5.9000000e-01 -7.0000000e-02 -1.8000000e-01
  vertex -6.0889264e-01 -7.0000000e-02 -1.0457652e-01
  vertex -6.0536170e-01 -7.0000000e-02 -1.1159118e-01
 endloop
endfacet
facet normal 0.000000e+00 1.000000e+00 0.000000e+00
 outer loop
  vertex -5.9000000e-01 -7.0000000e-02 -1.8000000e-01
  vertex -6.0536170e-01 -7.0000000e-02 -1.1159118e-01
  vertex -6.0217926e-01 -7.0000000e-02 -1.1877065e-01
 endloop
endfacet
facet normal 0.000000e+00 1.000000e+00 0.000000e+00
 outer loop
  vertex -5.9000000e-01 -7.0000000e-02 -1.8000000e-01
  vertex -6.0217926e-01 -7.0000000e-02 -1.1877065e-01
  vertex -5.9935297e-01 -7.0000000e-02 -1.2609762e-01
 endloop
endfacet
facet normal 0.000000e+00 1.000000e+00 0.000000e+00
 outer loop
  vertex -5.9000000e-01 -7.0000000e-02 -1.8000000e-01
  vertex -5.9935297e-01 -7.0000000e-02 -1.2609762e-01
  vertex -5.9688950e-01 -7.0000000e-02 -1.3355446e-01
 endloop
endfacet
facet normal 0.000000e+00 1.000000e+00 0.000000e+00
 outer loop
  vertex -5.9000000e-01 -7.0000000e-02 -1.8000000e-01
  vertex -5.9688950e-01 -7.0000000e-02 -1.3355446e-01
  vertex -5.9479500e-01 -7.0000000e-02 -1.4112317e-01
 endloop
endfacet
facet normal 0.000000e+00 1.000000e+00 0.000000e+00
 outer loop
  vertex -5.9000000e-01 -7.0000000e-02 -1.8000000e-01
  vertex -5.9479500e-01 -7.0000000e-02 -1.4112317e-01
  vertex -5.9307440e-01 -7.0000000e-02 -1.4878555e-01
 endloop
endfacet
facet normal 0.000000e+00 1.000000e+00 0.000000e+00
 outer loop
  vertex -5.9000000e-01 -7.0000000e-02 -1.8000000e-01
  vertex -5.9307440e-01 -7.0000000e-02 -1.4878555e-01
  vertex -5.9173180e-01 -7.0000000e-02 -1.5652312e-01
 endloop
endfacet
facet normal 0.000000e+00 1.000000e+00 0.000000e+00
 outer loop
  vertex -5.9000000e-01 -7.0000000e-02 -1.8000000e-01
  vertex -5.9173180e-01 -7.0000000e-02 -1.5652312e-01
  vertex -5.9077045e-01 -7.0000000e-02 -1.6431725e-01
 endloop
endfacet
facet normal 0.000000e+00 1.000000e+00 0.000000e+00
 outer loop
  vertex -5.9000000e-01 -7.0000000e-02 -1.8000000e-01
  vertex -5.9077045e-01 -7.0000000e-02 -1.6431725e-01
  vertex -5.9019275e-01 -7.0000000e-02 -1.7214917e-01
 endloop
endfacet
facet normal -0.000000e+00 1.000000e+00 0.000000e+00
 outer loop
  vertex -9.0980725e-01 -7.0000000e-02 -1.8785083e-01
  vertex -5.9000000e-01 -7.0000000e-02 -1.8000000e-01
  vertex -9.0922955e-01 -7.0000000e-02 -1.9568275e-01
 endloop
endfacet
facet normal 0.000000e+00 -1.000000e+00 0.000000e+00
 outer loop
  vertex -5.9077045e-01 -2.6000000e-01 -1.9568275e-01
  vertex -5.9019275e-01 -2.6000000e-01 -1.8785083e-01
  vertex -5.9000000e-01 -2.6000000e-01 -1.8000000e-01
 endloop
endfacet
facet normal 0.000000e+00 -1.000000e+00 0.000000e+00
 outer loop
  vertex -5.9173180e-01 -2.6000000e-01 -2.0347688e-01
  vertex -5.9077045e-01 -2.6000000e-01 -1.9568275e-01
  vertex -5.9000000e-01 -2.6000000e-01 -1.8000000e-01
 endloop
endfacet
facet normal 0.000000e+00 -1.000000e+00 0.000000e+00
 outer loop
  vertex -5.9307440e-01 -2.6000000e-01 -2.1121445e-01
  vertex -5.9173180e-01 -2.6000000e-01 -2.0347688e-01
  vertex -5.9000000e-01 -2.6000000e-01 -1.8000000e-01
 endloop
endfacet
facet normal 0.000000e+00 -1.000000e+00 0.000000e+00
 outer loop
  vertex -5.9479500e-01 -2.6000000e-01 -2.1887683e-01
  vertex -5.9307440e-01 -2.6000000e-01 -2.1121445e-01
  vertex -5.9000000e-01 -2.6000000e-01 -1.8000000e-01
 endloop
endfacet
facet normal 0.000000e+00 -1.000000e+00 0.000000e+00
 outer loop
  vertex -5.9688950e-01 -2.6000000e-01 -2.2644556e-01
  vertex -5.9479500e-01 -2.6000000e-01 -2.1887683e-01
  vertex -5.9000000e-01 -2.6000000e-01 -1.8000000e-01
 endloop
endfacet
facet normal 0.000000e+00 -1.000000e+00 0.000000e+00
 outer loop
  vertex -5.9935297e-01 -2.6000000e-01 -2.3390237e-01
  vertex -5.9688950e-01 -2.6000000e-01 -2.2644556e-01
  vertex -5.9000000e-01 -2.6000000e-01 -1.8000000e-01
 endloop
endfacet
facet normal 0.000000e+00 -1.000000e+00 0.000000e+00
 outer loop
  vertex -6.0217926e-01 -2.6000000e-01 -2.4122935e-01
  vertex -5.9935297e-01 -2.6000000e-01 -2.3390237e-01
  vertex -5.9000000e-01 -2.6000000e-01 -1.8000000e-01
 endloop
endfacet
facet normal 0.000000e+00 -1.000000e+00 0.000000e+00
 outer loop
  vertex -6.0536170e-01 -2.6000000e-01 -2.4840881e-01
  vertex -6.0217926e-01 -2.6000000e-01 -2.4122935e-01
  vertex -5.9000000e-01 -2.6000000e-01 -1.8000000e-01
 endloop
endfacet
facet normal 0.000000e+00 -1.000000e+00 0.000000e+00
 outer loop
  vertex -6.0889264e-01 -2.6000000e-01 -2.5542350e-01
  vertex -6.0536170e-01 -2.6000000e-01 -2.4840881e-01
  vertex -5.9000000e-01 -2.6000000e-01 -1.8000000e-01
 endloop
endfacet
facet normal 0.000000e+00 -1.000000e+00 0.000000e+00
 outer loop
  vertex -6.1276340e-01 -2.6000000e-01 -2.6225644e-01
  vertex -6.0889264e-01 -2.6000000e-01 -2.5542350e-01
  vertex -5.9000000e-01 -2.6000000e-01 -1.8000000e-01
 endloop
endfacet
facet normal 0.000000e+00 -1.000000e+00 0.000000e+00
 outer loop
  vertex -6.1696490e-01 -2.6000000e-01 -2.6889124e-01
  vertex -6.1276340e-01 -2.6000000e-01 -2.6225644e-01
  vertex -5.9000000e-01 -2.6000000e-01 -1.8000000e-01
 endloop
endfacet
facet normal 0.000000e+00 -1.000000e+00 0.000000e+00
 outer loop
  vertex -6.2148676e-01 -2.6000000e-01 -2.7531190e-01
  vertex -6.1696490e-01 -2.6000000e-01 -2.6889124e-01
  vertex -5.9000000e-01 -2.6000000e-01 -1.8000000e-01
 endloop
endfacet
facet normal 0.000000e+00 -1.000000e+00 0.000000e+00
 outer loop
  vertex -6.2631836e-01 -2.6000000e-01 -2.8150293e-01
  vertex -6.2148676e-01 -2.6000000e-01 -2.7531190e-01
  vertex -5.9000000e-01 -2.6000000e-01 -1.8000000e-01
 endloop
endfacet
facet normal 0.000000e+00 -1.000000e+00 0.000000e+00
 outer loop
  vertex -6.3144780e-01 -2.6000000e-01 -2.8744943e-01
  vertex -6.2631836e-01 -2.6000000e-01 -2.8150293e-01
  vertex -5.9000000e-01 -2.6000000e-01 -1.8000000e-01
 endloop
endfacet
facet normal 0.000000e+00 -1.000000e+00 0.000000e+00
 outer loop
  vertex -6.3686290e-01 -2.6000000e-01 -2.9313710e-01
  vertex -6.3144780e-01 -2.6000000e-01 -2.8744943e-01
  vertex -5.9000000e-01 -2.6000000e-01 -1.8000000e-01
 endloop
endfacet
facet normal 0.000000e+00 -1.000000e+00 0.000000e+00
 outer loop
  vertex -6.4255060e-01 -2.6000000e-01 -2.9855220e-01
  vertex -6.3686290e-01 -2.6000000e-01 -2.9313710e-01
  vertex -5.9000000e-01 -2.6000000e-01 -1.8000000e-01
 endloop
endfacet
facet normal 0.000000e+00 -1.000000e+00 0.000000e+00
 outer loop
  vertex -6.4849710e-01 -2.6000000e-01 -3.0368167e-01
  vertex -6.4255060e-01 -2.6000000e-01 -2.9855220e-01
  vertex -5.9000000e-01 -2.6000000e-01 -1.8000000e-01
 endloop
endfacet
facet normal 0.000000e+00 -1.000000e+00 0.000000e+00
 outer loop
  vertex -6.5468810e-01 -2.6000000e-01 -3.0851318e-01
  vertex -6.4849710e-01 -2.6000000e-01 -3.0368167e-01
  vertex -5.9000000e-01 -2.6000000e-01 -1.8000000e-01
 endloop
endfacet
facet normal 0.000000e+00 -1.000000e+00 0.000000e+00
 outer loop
  vertex -6.6110876e-01 -2.6000000e-01 -3.1303513e-01
  vertex -6.5468810e-01 -2.6000000e-01 -3.0851318e-01
  vertex -5.9000000e-01 -2.6000000e-01 -1.8000000e-01
 endloop
endfacet
facet normal 0.000000e+00 -1.000000e+00 0.000000e+00
 outer loop
  vertex -6.6774360e-01 -2.6000000e-01 -3.1723657e-01
  vertex -6.6110876e-01 -2.6000000e-01 -3.1303513e-01
  vertex -5.9000000e-01 -2.6000000e-01 -1.8000000e-01
 endloop
endfacet
facet normal 0.000000e+00 -1.000000e+00 0.000000e+00
 outer loop
  vertex -6.7457654e-01 -2.6000000e-01 -3.2110740e-01
  vertex -6.6774360e-01 -2.6000000e-01 -3.1723657e-01
  vertex -5.9000000e-01 -2.6000000e-01 -1.8000000e-01
 endloop
endfacet
facet normal 0.000000e+00 -1.000000e+00 0.000000e+00
 outer loop
  vertex -6.8159120e-01 -2.6000000e-01 -3.2463828e-01
  vertex -6.7457654e-01 -2.6000000e-01 -3.2110740e-01
  vertex -5.9000000e-01 -2.6000000e-01 -1.8000000e-01
 endloop
endfacet
facet normal 0.000000e+00 -1.000000e+00 0.000000e+00
 outer loop
  vertex -6.8877060e-01 -2.6000000e-01 -3.2782070e-01
  vertex -6.8159120e-01 -2.6000000e-01 -3.2463828e-01
  vertex -5.9000000e-01 -2.6000000e-01 -1.8000000e-01
 endloop
endfacet
facet normal -0.000000e+00 -1.000000e+00 0.000000e+00
 outer loop
  vertex -6.9609760e-01 -2.6000000e-01 -3.3064706e-01
  vertex -5.9000000e-01 -2.6000000e-01 -1.8000000e-01
  vertex -7.0355444e-01 -2.6000000e-01 -3.3311044e-01
 endloop
endfacet
facet normal 0.000000e+00 -1.000000e+00 0.000000e+00
 outer loop
  vertex -6.9609760e-01 -2.6000000e-01 -3.3064706e-01
  vertex -6.8877060e-01 -2.6000000e-01 -3.2782070e-01
  vertex -5.9000000e-01 -2.6000000e-01 -1.8000000e-01
 endloop
endfacet
facet normal -0.000000e+00 -1.000000e+00 0.000000e+00
 outer loop
  vertex -7.0355444e-01 -2.6000000e-01 -3.3311044e-01
  vertex -5.9000000e-01 -2.6000000e-01 -1.8000000e-01
  vertex -7.1112317e-01 -2.6000000e-01 -3.3520500e-01
 endloop
endfacet
facet normal -0.000000e+00 -1.000000e+00 0.000000e+00
 outer loop
  vertex -7.1112317e-01 -2.6000000e-01 -3.3520500e-01
  vertex -5.9000000e-01 -2.6000000e-01 -1.8000000e-01
  vertex -7.1878550e-01 -2.6000000e-01 -3.3692566e-01
 endloop
endfacet
facet normal -0.000000e+00 -1.000000e+00 0.000000e+00
 outer loop
  vertex -7.1878550e-01 -2.6000000e-01 -3.3692566e-01
  vertex -5.9000000e-01 -2.6000000e-01 -1.8000000e-01
  vertex -7.2652310e-01 -2.6000000e-01 -3.3826825e-01
 endloop
endfacet
facet normal -0.000000e+00 -1.000000e+00 0.000000e+00
 outer loop
  vertex -7.2652310e-01 -2.6000000e-01 -3.3826825e-01
  vertex -5.9000000e-01 -2.6000000e-01 -1.8000000e-01
  vertex -7.3431726e-01 -2.6000000e-01 -3.3922955e-01
 endloop
endfacet
facet normal -0.000000e+00 -1.000000e+00 0.000000e+00
 outer loop
  vertex -7.3431726e-01 -2.6000000e-01 -3.3922955e-01
  vertex -5.9000000e-01 -2.6000000e-01 -1.8000000e-01
  vertex -7.4214920e-01 -2.6000000e-01 -3.3980728e-01
 endloop
endfacet
facet normal -0.000000e+00 -1.000000e+00 0.000000e+00
 outer loop
  vertex -7.4214920e-01 -2.6000000e-01 -3.3980728e-01
  vertex -5.9000000e-01 -2.6000000e-01 -1.8000000e-01
  vertex -7.5000000e-01 -2.6000000e-01 -3.4000000e-01
 endloop
endfacet
facet normal 0.000000e+00 -1.000000e+00 0.000000e+00
 outer loop
  vertex -7.5000000e-01 -2.6000000e-01 -3.4000000e-01
  vertex -5.9000000e-01 -2.6000000e-01 -1.8000000e-01
  vertex -7.5785080e-01 -2.6000000e-01 -3.3980728e-01
 endloop
endfacet
facet normal 0.000000e+00 -1.000000e+00 0.000000e+00
 outer loop
  vertex -7.5785080e-01 -2.6000000e-01 -3.3980728e-01
  vertex -5.9000000e-01 -2.6000000e-01 -1.8000000e-01
  vertex -7.6568274e-01 -2.6000000e-01 -3.3922955e-01
 endloop
endfacet
facet normal 0.000000e+00 -1.000000e+00 0.000000e+00
 outer loop
  vertex -7.6568274e-01 -2.6000000e-01 -3.3922955e-01
  vertex -5.9000000e-01 -2.6000000e-01 -1.8000000e-01
  vertex -7.7347690e-01 -2.6000000e-01 -3.3826825e-01
 endloop
endfacet
facet normal 0.000000e+00 -1.000000e+00 0.000000e+00
 outer loop
  vertex -5.9000000e-01 -2.6000000e-01 -1.8000000e-01
  vertex -7.8121450e-01 -2.6000000e-01 -3.3692566e-01
  vertex -7.7347690e-01 -2.6000000e-01 -3.3826825e-01
 endloop
endfacet
facet normal 0.000000e+00 -1.000000e+00 0.000000e+00
 outer loop
  vertex -5.9000000e-01 -2.6000000e-01 -1.8000000e-01
  vertex -7.8887683e-01 -2.6000000e-01 -3.3520500e-01
  vertex -7.8121450e-01 -2.6000000e-01 -3.3692566e-01
 endloop
endfacet
facet normal 0.000000e+00 -1.000000e+00 0.000000e+00
 outer loop
  vertex -5.9000000e-01 -2.6000000e-01 -1.8000000e-01
  vertex -7.9644556e-01 -2.6000000e-01 -3.3311044e-01
  vertex -7.8887683e-01 -2.6000000e-01 -3.3520500e-01
 endloop
endfacet
facet normal 0.000000e+00 -1.000000e+00 0.000000e+00
 outer loop
  vertex -5.9000000e-01 -2.6000000e-01 -1.8000000e-01
  vertex -8.0390240e-01 -2.6000000e-01 -3.3064706e-01
  vertex -7.9644556e-01 -2.6000000e-01 -3.3311044e-01
 endloop
endfacet
facet normal 0.000000e+00 -1.000000e+00 0.000000e+00
 outer loop
  vertex -5.9000000e-01 -2.6000000e-01 -1.8000000e-01
  vertex -8.1122940e-01 -2.6000000e-01 -3.2782070e-01
  vertex -8.0390240e-01 -2.6000000e-01 -3.3064706e-01
 endloop
endfacet
facet normal 0.000000e+00 -1.000000e+00 0.000000e+00
 outer loop
  vertex -5.9000000e-01 -2.6000000e-01 -1.8000000e-01
  vertex -8.1840880e-01 -2.6000000e-01 -3.2463828e-01
  vertex -8.1122940e-01 -2.6000000e-01 -3.2782070e-01
 endloop
endfacet
facet normal 0.000000e+00 -1.000000e+00 0.000000e+00
 outer loop
  vertex -5.9000000e-01 -2.6000000e-01 -1.8000000e-01
  vertex -8.2542346e-01 -2.6000000e-01 -3.2110740e-01
  vertex -8.1840880e-01 -2.6000000e-01 -3.2463828e-01
 endloop
endfacet
facet normal 0.000000e+00 -1.000000e+00 0.000000e+00
 outer loop
  vertex -5.9000000e-01 -2.6000000e-01 -1.8000000e-01
  vertex -8.3225640e-01 -2.6000000e-01 -3.1723657e-01
  vertex -8.2542346e-01 -2.6000000e-01 -3.2110740e-01
 endloop
endfacet
facet normal 0.000000e+00 -1.000000e+00 0.000000e+00
 outer loop
  vertex -5.9000000e-01 -2.6000000e-01 -1.8000000e-01
  vertex -8.3889124e-01 -2.6000000e-01 -3.1303513e-01
  vertex -8.3225640e-01 -2.6000000e-01 -3.1723657e-01
 endloop
endfacet
facet normal 0.000000e+00 -1.000000e+00 0.000000e+00
 outer loop
  vertex -5.9000000e-01 -2.6000000e-01 -1.8000000e-01
  vertex -8.4531190e-01 -2.6000000e-01 -3.0851318e-01
  vertex -8.3889124e-01 -2.6000000e-01 -3.1303513e-01
 endloop
endfacet
facet normal 0.000000e+00 -1.000000e+00 0.000000e+00
 outer loop
  vertex -5.9000000e-01 -2.6000000e-01 -1.8000000e-01
  vertex -8.5150290e-01 -2.6000000e-01 -3.0368167e-01
  vertex -8.4531190e-01 -2.6000000e-01 -3.0851318e-01
 endloop
endfacet
facet normal 0.000000e+00 -1.000000e+00 0.000000e+00
 outer loop
  vertex -5.9000000e-01 -2.6000000e-01 -1.8000000e-01
  vertex -8.5744940e-01 -2.6000000e-01 -2.9855220e-01
  vertex -8.5150290e-01 -2.6000000e-01 -3.0368167e-01
 endloop
endfacet
facet normal 0.000000e+00 -1.000000e+00 0.000000e+00
 outer loop
  vertex -5.9000000e-01 -2.6000000e-01 -1.8000000e-01
  vertex -8.6313710e-01 -2.6000000e-01 -2.9313710e-01
  vertex -8.5744940e-01 -2.6000000e-01 -2.9855220e-01
 endloop
endfacet
facet normal 0.000000e+00 -1.000000e+00 0.000000e+00
 outer loop
  vertex -5.9000000e-01 -2.6000000e-01 -1.8000000e-01
  vertex -8.6855220e-01 -2.6000000e-01 -2.8744943e-01
  vertex -8.6313710e-01 -2.6000000e-01 -2.9313710e-01
 endloop
endfacet
facet normal 0.000000e+00 -1.000000e+00 0.000000e+00
 outer loop
  vertex -5.9000000e-01 -2.6000000e-01 -1.8000000e-01
  vertex -8.7368164e-01 -2.6000000e-01 -2.8150293e-01
  vertex -8.6855220e-01 -2.6000000e-01 -2.8744943e-01
 endloop
endfacet
facet normal 0.000000e+00 -1.000000e+00 0.000000e+00
 outer loop
  vertex -5.9000000e-01 -2.6000000e-01 -1.8000000e-01
  vertex -8.7851324e-01 -2.6000000e-01 -2.7531190e-01
  vertex -8.7368164e-01 -2.6000000e-01 -2.8150293e-01
 endloop
endfacet
facet normal 0.000000e+00 -1.000000e+00 0.000000e+00
 outer loop
  vertex -5.9000000e-01 -2.6000000e-01 -1.8000000e-01
  vertex -8.8303510e-01 -2.6000000e-01 -2.6889124e-01
  vertex -8.7851324e-01 -2.6000000e-01 -2.7531190e-01
 endloop
endfacet
facet normal 0.000000e+00 -1.000000e+00 0.000000e+00
 outer loop
  vertex -5.9000000e-01 -2.6000000e-01 -1.8000000e-01
  vertex -8.8723660e-01 -2.6000000e-01 -2.6225644e-01
  vertex -8.8303510e-01 -2.6000000e-01 -2.6889124e-01
 endloop
endfacet
facet normal 0.000000e+00 -1.000000e+00 0.000000e+00
 outer loop
  vertex -8.9463830e-01 -2.6000000e-01 -2.4840881e-01
  vertex -8.9110736e-01 -2.6000000e-01 -2.5542350e-01
  vertex -5.9000000e-01 -2.6000000e-01 -1.8000000e-01
 endloop
endfacet
facet normal 0.000000e+00 -1.000000e+00 0.000000e+00
 outer loop
  vertex -5.9000000e-01 -2.6000000e-01 -1.8000000e-01
  vertex -8.9110736e-01 -2.6000000e-01 -2.5542350e-01
  vertex -8.8723660e-01 -2.6000000e-01 -2.6225644e-01
 endloop
endfacet
facet normal 0.000000e+00 -1.000000e+00 0.000000e+00
 outer loop
  vertex -8.9782074e-01 -2.6000000e-01 -2.4122935e-01
  vertex -8.9463830e-01 -2.6000000e-01 -2.4840881e-01
  vertex -5.9000000e-01 -2.6000000e-01 -1.8000000e-01
 endloop
endfacet
facet normal 0.000000e+00 -1.000000e+00 0.000000e+00
 outer loop
  vertex -9.0064703e-01 -2.6000000e-01 -2.3390237e-01
  vertex -8.9782074e-01 -2.6000000e-01 -2.4122935e-01
  vertex -5.9000000e-01 -2.6000000e-01 -1.8000000e-01
 endloop
endfacet
facet normal 0.000000e+00 -1.000000e+00 0.000000e+00
 outer loop
  vertex -9.0311050e-01 -2.6000000e-01 -2.2644556e-01
  vertex -9.0064703e-01 -2.6000000e-01 -2.3390237e-01
  vertex -5.9000000e-01 -2.6000000e-01 -1.8000000e-01
 endloop
endfacet
facet normal 0.000000e+00 -1.000000e+00 0.000000e+00
 outer loop
  vertex -9.0520500e-01 -2.6000000e-01 -2.1887683e-01
  vertex -9.0311050e-01 -2.6000000e-01 -2.2644556e-01
  vertex -5.9000000e-01 -2.6000000e-01 -1.8000000e-01
 endloop
endfacet
facet normal 0.000000e+00 -1.000000e+00 0.000000e+00
 outer loop
  vertex -9.0692560e-01 -2.6000000e-01 -2.1121445e-01
  vertex -9.0520500e-01 -2.6000000e-01 -2.1887683e-01
  vertex -5.9000000e-01 -2.6000000e-01 -1.8000000e-01
 endloop
endfacet
facet normal 0.000000e+00 -1.000000e+00 0.000000e+00
 outer loop
  vertex -9.0826820e-01 -2.6000000e-01 -2.0347688e-01
  vertex -9.0692560e-01 -2.6000000e-01 -2.1121445e-01
  vertex -5.9000000e-01 -2.6000000e-01 -1.8000000e-01
 endloop
endfacet
facet normal 0.000000e+00 -1.000000e+00 0.000000e+00
 outer loop
  vertex -9.0922955e-01 -2.6000000e-01 -1.9568275e-01
  vertex -9.0826820e-01 -2.6000000e-01 -2.0347688e-01
  vertex -5.9000000e-01 -2.6000000e-01 -1.8000000e-01
 endloop
endfacet
facet normal 0.000000e+00 -1.000000e+00 0.000000e+00
 outer loop
  vertex -9.0980725e-01 -2.6000000e-01 -1.8785083e-01
  vertex -5.9000000e-01 -2.6000000e-01 -1.8000000e-01
  vertex -9.1000000e-01 -2.6000000e-01 -1.8000000e-01
 endloop
endfacet
facet normal 0.000000e+00 -1.000000e+00 0.000000e+00
 outer loop
  vertex -9.1000000e-01 -2.6000000e-01 -1.8000000e-01
  vertex -5.9000000e-01 -2.6000000e-01 -1.8000000e-01
  vertex -9.0980725e-01 -2.6000000e-01 -1.7214917e-01
 endloop
endfacet
facet normal 0.000000e+00 -1.000000e+00 0.000000e+00
 outer loop
  vertex -9.0980725e-01 -2.6000000e-01 -1.7214917e-01
  vertex -5.9000000e-01 -2.6000000e-01 -1.8000000e-01
  vertex -9.0922955e-01 -2.6000000e-01 -1.6431725e-01
 endloop
endfacet
facet normal 0.000000e+00 -1.000000e+00 0.000000e+00
 outer loop
  vertex -9.0922955e-01 -2.6000000e-01 -1.6431725e-01
  vertex -5.9000000e-01 -2.6000000e-01 -1.8000000e-01
  vertex -9.0826820e-01 -2.6000000e-01 -1.5652312e-01
 endloop
endfacet
facet normal 0.000000e+00 -1.000000e+00 0.000000e+00
 outer loop
  vertex -5.9000000e-01 -2.6000000e-01 -1.8000000e-01
  vertex -9.0692560e-01 -2.6000000e-01 -1.4878555e-01
  vertex -9.0826820e-01 -2.6000000e-01 -1.5652312e-01
 endloop
endfacet
facet normal 0.000000e+00 -1.000000e+00 0.000000e+00
 outer loop
  vertex -5.9000000e-01 -2.6000000e-01 -1.8000000e-01
  vertex -9.0520500e-01 -2.6000000e-01 -1.4112317e-01
  vertex -9.0692560e-01 -2.6000000e-01 -1.4878555e-01
 endloop
endfacet
facet normal 0.000000e+00 -1.000000e+00 0.000000e+00
 outer loop
  vertex -5.9000000e-01 -2.6000000e-01 -1.8000000e-01
  vertex -9.0311050e-01 -2.6000000e-01 -1.3355446e-01
  vertex -9.0520500e-01 -2.6000000e-01 -1.4112317e-01
 endloop
endfacet
facet normal 0.000000e+00 -1.000000e+00 0.000000e+00
 outer loop
  vertex -5.9000000e-01 -2.6000000e-01 -1.8000000e-01
  vertex -9.0064703e-01 -2.6000000e-01 -1.2609762e-01
  vertex -9.0311050e-01 -2.6000000e-01 -1.3355446e-01
 endloop
endfacet
facet normal 0.000000e+00 -1.000000e+00 0.000000e+00
 outer loop
  vertex -5.9000000e-01 -2.6000000e-01 -1.8000000e-01
  vertex -8.9782074e-01 -2.6000000e-01 -1.1877065e-01
  vertex -9.0064703e-01 -2.6000000e-01 -1.2609762e-01
 endloop
endfacet
facet normal 0.000000e+00 -1.000000e+00 0.000000e+00
 outer loop
  vertex -5.9000000e-01 -2.6000000e-01 -1.8000000e-01
  vertex -8.9463830e-01 -2.6000000e-01 -1.1159118e-01
  vertex -8.9782074e-01 -2.6000000e-01 -1.1877065e-01
 endloop
endfacet
facet normal 0.000000e+00 -1.000000e+00 0.000000e+00
 outer loop
  vertex -5.9000000e-01 -2.6000000e-01 -1.8000000e-01
  vertex -8.9110736e-01 -2.6000000e-01 -1.0457652e-01
  vertex -8.9463830e-01 -2.6000000e-01 -1.1159118e-01
 endloop
endfacet
facet normal 0.000000e+00 -1.000000e+00 0.000000e+00
 outer loop
  vertex -5.9000000e-01 -2.6000000e-01 -1.8000000e-01
  vertex -8.8723660e-01 -2.6000000e-01 -9.7743560e-02
  vertex -8.9110736e-01 -2.6000000e-01 -1.0457652e-01
 endloop
endfacet
facet normal 0.000000e+00 -1.000000e+00 0.000000e+00
 outer loop
  vertex -5.9000000e-01 -2.6000000e-01 -1.8000000e-01
  vertex -8.8303510e-01 -2.6000000e-01 -9.1108765e-02
  vertex -8.8723660e-01 -2.6000000e-01 -9.7743560e-02
 endloop
endfacet
facet normal 0.000000e+00 -1.000000e+00 0.000000e+00
 outer loop
  vertex -5.9000000e-01 -2.6000000e-01 -1.8000000e-01
  vertex -8.7851324e-01 -2.6000000e-01 -8.4688110e-02
  vertex -8.8303510e-01 -2.6000000e-01 -9.1108765e-02
 endloop
endfacet
facet normal 0.000000e+00 -1.000000e+00 0.000000e+00
 outer loop
  vertex -5.9000000e-01 -2.6000000e-01 -1.8000000e-01
  vertex -8.7368164e-01 -2.6000000e-01 -7.8497080e-02
  vertex -8.7851324e-01 -2.6000000e-01 -8.4688110e-02
 endloop
endfacet
facet normal 0.000000e+00 -1.000000e+00 0.000000e+00
 outer loop
  vertex -5.9000000e-01 -2.6000000e-01 -1.8000000e-01
  vertex -8.6855220e-01 -2.6000000e-01 -7.2550570e-02
  vertex -8.7368164e-01 -2.6000000e-01 -7.8497080e-02
 endloop
endfacet
facet normal 0.000000e+00 -1.000000e+00 0.000000e+00
 outer loop
  vertex -5.9000000e-01 -2.6000000e-01 -1.8000000e-01
  vertex -8.6313710e-01 -2.6000000e-01 -6.6862915e-02
  vertex -8.6855220e-01 -2.6000000e-01 -7.2550570e-02
 endloop
endfacet
facet normal 0.000000e+00 -1.000000e+00 0.000000e+00
 outer loop
  vertex -5.9000000e-01 -2.6000000e-01 -1.8000000e-01
  vertex -8.5744940e-01 -2.6000000e-01 -6.1447823e-02
  vertex -8.6313710e-01 -2.6000000e-01 -6.6862915e-02
 endloop
endfacet
facet normal 0.000000e+00 -1.000000e+00 0.000000e+00
 outer loop
  vertex -5.9000000e-01 -2.6000000e-01 -1.8000000e-01
  vertex -8.5150290e-01 -2.6000000e-01 -5.6318330e-02
  vertex -8.5744940e-01 -2.6000000e-01 -6.1447823e-02
 endloop
endfacet
facet normal 0.000000e+00 -1.000000e+00 0.000000e+00
 outer loop
  vertex -5.9000000e-01 -2.6000000e-01 -1.8000000e-01
  vertex -8.4531190e-01 -2.6000000e-01 -5.1486794e-02
  vertex -8.5150290e-01 -2.6000000e-01 -5.6318330e-02
 endloop
endfacet
facet normal 0.000000e+00 -1.000000e+00 0.000000e+00
 outer loop
  vertex -5.9000000e-01 -2.6000000e-01 -1.8000000e-01
  vertex -8.3889124e-01 -2.6000000e-01 -4.6964863e-02
  vertex -8.4531190e-01 -2.6000000e-01 -5.1486794e-02
 endloop
endfacet
facet normal 0.000000e+00 -1.000000e+00 0.000000e+00
 outer loop
  vertex -5.9000000e-01 -2.6000000e-01 -1.8000000e-01
  vertex -8.3225640e-01 -2.6000000e-01 -4.2763424e-02
  vertex -8.3889124e-01 -2.6000000e-01 -4.6964863e-02
 endloop
endfacet
facet normal 0.000000e+00 -1.000000e+00 -0.000000e+00
 outer loop
  vertex -8.1840880e-01 -2.6000000e-01 -3.5361713e-02
  vertex -8.2542346e-01 -2.6000000e-01 -3.8892597e-02
  vertex -5.9000000e-01 -2.6000000e-01 -1.8000000e-01
 endloop
endfacet
facet normal 0.000000e+00 -1.000000e+00 0.000000e+00
 outer loop
  vertex -5.9000000e-01 -2.6000000e-01 -1.8000000e-01
  vertex -8.2542346e-01 -2.6000000e-01 -3.8892597e-02
  vertex -8.3225640e-01 -2.6000000e-01 -4.2763424e-02
 endloop
endfacet
facet normal 0.000000e+00 -1.000000e+00 -0.000000e+00
 outer loop
  vertex -8.1122940e-01 -2.6000000e-01 -3.2179276e-02
  vertex -8.1840880e-01 -2.6000000e-01 -3.5361713e-02
  vertex -5.9000000e-01 -2.6000000e-01 -1.8000000e-01
 endloop
endfacet
facet normal 0.000000e+00 -1.000000e+00 -0.000000e+00
 outer loop
  vertex -8.0390240e-01 -2.6000000e-01 -2.9352950e-02
  vertex -8.1122940e-01 -2.6000000e-01 -3.2179276e-02
  vertex -5.9000000e-01 -2.6000000e-01 -1.8000000e-01
 endloop
endfacet
facet normal 0.000000e+00 -1.000000e+00 -0.000000e+00
 outer loop
  vertex -7.9644556e-01 -2.6000000e-01 -2.6889545e-02
  vertex -8.0390240e-01 -2.6000000e-01 -2.9352950e-02
  vertex -5.9000000e-01 -2.6000000e-01 -1.8000000e-01
 endloop
endfacet
facet normal 0.000000e+00 -1.000000e+00 -0.000000e+00
 outer loop
  vertex -7.8887683e-01 -2.6000000e-01 -2.4795000e-02
  vertex -7.9644556e-01 -2.6000000e-01 -2.6889545e-02
  vertex -5.9000000e-01 -2.6000000e-01 -1.8000000e-01
 endloop
endfacet
facet normal 0.000000e+00 -1.000000e+00 -0.000000e+00
 outer loop
  vertex -7.8121450e-01 -2.6000000e-01 -2.3074354e-02
  vertex -7.8887683e-01 -2.6000000e-01 -2.4795000e-02
  vertex -5.9000000e-01 -2.6000000e-01 -1.8000000e-01
 endloop
endfacet
facet normal 0.000000e+00 -1.000000e+00 -0.000000e+00
 outer loop
  vertex -7.7347690e-01 -2.6000000e-01 -2.1731758e-02
  vertex -7.8121450e-01 -2.6000000e-01 -2.3074354e-02
  vertex -5.9000000e-01 -2.6000000e-01 -1.8000000e-01
 endloop
endfacet
facet normal 0.000000e+00 -1.000000e+00 -0.000000e+00
 outer loop
  vertex -7.6568274e-01 -2.6000000e-01 -2.0770443e-02
  vertex -7.7347690e-01 -2.6000000e-01 -2.1731758e-02
  vertex -5.9000000e-01 -2.6000000e-01 -1.8000000e-01
 endloop
endfacet
facet normal 0.000000e+00 -1.000000e+00 -0.000000e+00
 outer loop
  vertex -7.5785080e-01 -2.6000000e-01 -2.0192728e-02
  vertex -7.6568274e-01 -2.6000000e-01 -2.0770443e-02
  vertex -5.9000000e-01 -2.6000000e-01 -1.8000000e-01
 endloop
endfacet
facet normal 0.000000e+00 -1.000000e+00 -0.000000e+00
 outer loop
  vertex -7.5000000e-01 -2.6000000e-01 -2.0000000e-02
  vertex -7.5785080e-01 -2.6000000e-01 -2.0192728e-02
  vertex -5.9000000e-01 -2.6000000e-01 -1.8000000e-01
 endloop
endfacet
facet normal -0.000000e+00 -1.000000e+00 -0.000000e+00
 outer loop
  vertex -7.4214920e-01 -2.6000000e-01 -2.0192728e-02
  vertex -7.5000000e-01 -2.6000000e-01 -2.0000000e-02
  vertex -5.9000000e-01 -2.6000000e-01 -1.8000000e-01
 endloop
endfacet
facet normal -0.000000e+00 -1.000000e+00 -0.000000e+00
 outer loop
  vertex -7.3431726e-01 -2.6000000e-01 -2.0770443e-02
  vertex -7.4214920e-01 -2.6000000e-01 -2.0192728e-02
  vertex -5.9000000e-01 -2.6000000e-01 -1.8000000e-01
 endloop
endfacet
facet normal 0.000000e+00 -1.000000e+00 0.000000e+00
 outer loop
  vertex -7.3431726e-01 -2.6000000e-01 -2.0770443e-02
  vertex -5.9000000e-01 -2.6000000e-01 -1.8000000e-01
  vertex -7.2652310e-01 -2.6000000e-01 -2.1731758e-02
 endloop
endfacet
facet normal 0.000000e+00 -1.000000e+00 0.000000e+00
 outer loop
  vertex -7.2652310e-01 -2.6000000e-01 -2.1731758e-02
  vertex -5.9000000e-01 -2.6000000e-01 -1.8000000e-01
  vertex -7.1878550e-01 -2.6000000e-01 -2.3074354e-02
 endloop
endfacet
facet normal 0.000000e+00 -1.000000e+00 0.000000e+00
 outer loop
  vertex -7.1878550e-01 -2.6000000e-01 -2.3074354e-02
  vertex -5.9000000e-01 -2.6000000e-01 -1.8000000e-01
  vertex -7.1112317e-01 -2.6000000e-01 -2.4795000e-02
 endloop
endfacet
facet normal 0.000000e+00 -1.000000e+00 0.000000e+00
 outer loop
  vertex -7.1112317e-01 -2.6000000e-01 -2.4795000e-02
  vertex -5.9000000e-01 -2.6000000e-01 -1.8000000e-01
  vertex -7.0355444e-01 -2.6000000e-01 -2.6889545e-02
 endloop
endfacet
facet normal 0.000000e+00 -1.000000e+00 0.000000e+00
 outer loop
  vertex -7.0355444e-01 -2.6000000e-01 -2.6889545e-02
  vertex -5.9000000e-01 -2.6000000e-01 -1.8000000e-01
  vertex -6.9609760e-01 -2.6000000e-01 -2.9352950e-02
 endloop
endfacet
facet normal 0.000000e+00 -1.000000e+00 0.000000e+00
 outer loop
  vertex -6.9609760e-01 -2.6000000e-01 -2.9352950e-02
  vertex -5.9000000e-01 -2.6000000e-01 -1.8000000e-01
  vertex -6.8877060e-01 -2.6000000e-01 -3.2179276e-02
 endloop
endfacet
facet normal 0.000000e+00 -1.000000e+00 0.000000e+00
 outer loop
  vertex -6.8877060e-01 -2.6000000e-01 -3.2179276e-02
  vertex -5.9000000e-01 -2.6000000e-01 -1.8000000e-01
  vertex -6.8159120e-01 -2.6000000e-01 -3.5361713e-02
 endloop
endfacet
facet normal 0.000000e+00 -1.000000e+00 0.000000e+00
 outer loop
  vertex -6.8159120e-01 -2.6000000e-01 -3.5361713e-02
  vertex -5.9000000e-01 -2.6000000e-01 -1.8000000e-01
  vertex -6.7457654e-01 -2.6000000e-01 -3.8892597e-02
 endloop
endfacet
facet normal 0.000000e+00 -1.000000e+00 0.000000e+00
 outer loop
  vertex -6.7457654e-01 -2.6000000e-01 -3.8892597e-02
  vertex -5.9000000e-01 -2.6000000e-01 -1.8000000e-01
  vertex -6.6774360e-01 -2.6000000e-01 -4.2763424e-02
 endloop
endfacet
facet normal 0.000000e+00 -1.000000e+00 0.000000e+00
 outer loop
  vertex -6.6774360e-01 -2.6000000e-01 -4.2763424e-02
  vertex -5.9000000e-01 -2.6000000e-01 -1.8000000e-01
  vertex -6.6110876e-01 -2.6000000e-01 -4.6964863e-02
 endloop
endfacet
facet normal 0.000000e+00 -1.000000e+00 0.000000e+00
 outer loop
  vertex -6.6110876e-01 -2.6000000e-01 -4.6964863e-02
  vertex -5.9000000e-01 -2.6000000e-01 -1.8000000e-01
  vertex -6.5468810e-01 -2.6000000e-01 -5.1486794e-02
 endloop
endfacet
facet normal 0.000000e+00 -1.000000e+00 0.000000e+00
 outer loop
  vertex -6.5468810e-01 -2.6000000e-01 -5.1486794e-02
  vertex -5.9000000e-01 -2.6000000e-01 -1.8000000e-01
  vertex -6.4849710e-01 -2.6000000e-01 -5.6318330e-02
 endloop
endfacet
facet normal 0.000000e+00 -1.000000e+00 0.000000e+00
 outer loop
  vertex -6.4849710e-01 -2.6000000e-01 -5.6318330e-02
  vertex -5.9000000e-01 -2.6000000e-01 -1.8000000e-01
  vertex -6.4255060e-01 -2.6000000e-01 -6.1447823e-02
 endloop
endfacet
facet normal 0.000000e+00 -1.000000e+00 0.000000e+00
 outer loop
  vertex -6.4255060e-01 -2.6000000e-01 -6.1447823e-02
  vertex -5.9000000e-01 -2.6000000e-01 -1.8000000e-01
  vertex -6.3686290e-01 -2.6000000e-01 -6.6862915e-02
 endloop
endfacet
facet normal 0.000000e+00 -1.000000e+00 0.000000e+00
 outer loop
  vertex -6.3686290e-01 -2.6000000e-01 -6.6862915e-02
  vertex -5.9000000e-01 -2.6000000e-01 -1.8000000e-01
  vertex -6.3144780e-01 -2.6000000e-01 -7.2550570e-02
 endloop
endfacet
facet normal 0.000000e+00 -1.000000e+00 0.000000e+00
 outer loop
  vertex -6.3144780e-01 -2.6000000e-01 -7.2550570e-02
  vertex -5.9000000e-01 -2.6000000e-01 -1.8000000e-01
  vertex -6.2631836e-01 -2.6000000e-01 -7.8497080e-02
 endloop
endfacet
facet normal 0.000000e+00 -1.000000e+00 0.000000e+00
 outer loop
  vertex -6.2631836e-01 -2.6000000e-01 -7.8497080e-02
  vertex -5.9000000e-01 -2.6000000e-01 -1.8000000e-01
  vertex -6.2148676e-01 -2.6000000e-01 -8.4688110e-02
 endloop
endfacet
facet normal 0.000000e+00 -1.000000e+00 0.000000e+00
 outer loop
  vertex -6.2148676e-01 -2.6000000e-01 -8.4688110e-02
  vertex -5.9000000e-01 -2.6000000e-01 -1.8000000e-01
  vertex -6.1696490e-01 -2.6000000e-01 -9.1108765e-02
 endloop
endfacet
facet normal 0.000000e+00 -1.000000e+00 0.000000e+00
 outer loop
  vertex -5.9000000e-01 -2.6000000e-01 -1.8000000e-01
  vertex -6.0889264e-01 -2.6000000e-01 -1.0457652e-01
  vertex -6.1276340e-01 -2.6000000e-01 -9.7743560e-02
 endloop
endfacet
facet normal 0.000000e+00 -1.000000e+00 0.000000e+00
 outer loop
  vertex -6.1696490e-01 -2.6000000e-01 -9.1108765e-02
  vertex -5.9000000e-01 -2.6000000e-01 -1.8000000e-01
  vertex -6.1276340e-01 -2.6000000e-01 -9.7743560e-02
 endloop
endfacet
facet normal 0.000000e+00 -1.000000e+00 0.000000e+00
 outer loop
  vertex -5.9000000e-01 -2.6000000e-01 -1.8000000e-01
  vertex -6.0536170e-01 -2.6000000e-01 -1.1159118e-01
  vertex -6.0889264e-01 -2.6000000e-01 -1.0457652e-01
 endloop
endfacet
facet normal 0.000000e+00 -1.000000e+00 0.000000e+00
 outer loop
  vertex -5.9000000e-01 -2.6000000e-01 -1.8000000e-01
  vertex -6.0217926e-01 -2.6000000e-01 -1.1877065e-01
  vertex -6.0536170e-01 -2.6000000e-01 -1.1159118e-01
 endloop
endfacet
facet normal 0.000000e+00 -1.000000e+00 0.000000e+00
 outer loop
  vertex -5.9000000e-01 -2.6000000e-01 -1.8000000e-01
  vertex -5.9935297e-01 -2.6000000e-01 -1.2609762e-01
  vertex -6.0217926e-01 -2.6000000e-01 -1.1877065e-01
 endloop
endfacet
facet normal 0.000000e+00 -1.000000e+00 0.000000e+00
 outer loop
  vertex -5.9000000e-01 -2.6000000e-01 -1.8000000e-01
  vertex -5.9688950e-01 -2.6000000e-01 -1.3355446e-01
  vertex -5.9935297e-01 -2.6000000e-01 -1.2609762e-01
 endloop
endfacet
facet normal 0.000000e+00 -1.000000e+00 0.000000e+00
 outer loop
  vertex -5.9000000e-01 -2.6000000e-01 -1.8000000e-01
  vertex -5.9479500e-01 -2.6000000e-01 -1.4112317e-01
  vertex -5.9688950e-01 -2.6000000e-01 -1.3355446e-01
 endloop
endfacet
facet normal 0.000000e+00 -1.000000e+00 0.000000e+00
 outer loop
  vertex -5.9000000e-01 -2.6000000e-01 -1.8000000e-01
  vertex -5.9307440e-01 -2.6000000e-01 -1.4878555e-01
  vertex -5.9479500e-01 -2.6000000e-01 -1.4112317e-01
 endloop
endfacet
facet normal 0.000000e+00 -1.000000e+00 0.000000e+00
 outer loop
  vertex -5.9000000e-01 -2.6000000e-01 -1.8000000e-01
  vertex -5.9173180e-01 -2.6000000e-01 -1.5652312e-01
  vertex -5.9307440e-01 -2.6000000e-01 -1.4878555e-01
 endloop
endfacet
facet normal 0.000000e+00 -1.000000e+00 0.000000e+00
 outer loop
  vertex -5.9000000e-01 -2.6000000e-01 -1.8000000e-01
  vertex -5.9077045e-01 -2.6000000e-01 -1.6431725e-01
  vertex -5.9173180e-01 -2.6000000e-01 -1.5652312e-01
 endloop
endfacet
facet normal 0.000000e+00 -1.000000e+00 0.000000e+00
 outer loop
  vertex -5.9000000e-01 -2.6000000e-01 -1.8000000e-01
  vertex -5.9019275e-01 -2.6000000e-01 -1.7214917e-01
  vertex -5.9077045e-01 -2.6000000e-01 -1.6431725e-01
 endloop
endfacet
facet normal 0.000000e+00 -1.000000e+00 0.000000e+00
 outer loop
  vertex -9.0980725e-01 -2.6000000e-01 -1.8785083e-01
  vertex -9.0922955e-01 -2.6000000e-01 -1.9568275e-01
  vertex -5.9000000e-01 -2.6000000e-01 -1.8000000e-01
 endloop
endfacet
facet normal -9.972906e-01 0.000000e+00 7.356239e-02
 outer loop
  vertex -9.0980725e-01 -7.0000000e-02 -1.7214917e-01
  vertex -9.0980725e-01 -2.6000000e-01 -1.7214917e-01
  vertex -9.0922955e-01 -7.0000000e-02 -1.6431725e-01
 endloop
endfacet
facet normal -9.924790e-01 0.000000e+00 1.224152e-01
 outer loop
  vertex -9.0922955e-01 -7.0000000e-02 -1.6431725e-01
  vertex -9.0922955e-01 -2.6000000e-01 -1.6431725e-01
  vertex -9.0826820e-01 -7.0000000e-02 -1.5652312e-01
 endloop
endfacet
facet normal -9.924790e-01 0.000000e+00 1.224152e-01
 outer loop
  vertex -9.0826820e-01 -7.0000000e-02 -1.5652312e-01
  vertex -9.0922955e-01 -2.6000000e-01 -1.6431725e-01
  vertex -9.0826820e-01 -2.6000000e-01 -1.5652312e-01
 endloop
endfacet
facet normal -9.852776e-01 0.000000e+00 1.709624e-01
 outer loop
  vertex -9.0692560e-01 -7.0000000e-02 -1.4878555e-01
  vertex -9.0826820e-01 -2.6000000e-01 -1.5652312e-01
  vertex -9.0692560e-01 -2.6000000e-01 -1.4878555e-01
 endloop
endfacet
facet normal -9.757034e-01 0.000000e+00 2.190958e-01
 outer loop
  vertex -9.0520500e-01 -7.0000000e-02 -1.4112317e-01
  vertex -9.0692560e-01 -7.0000000e-02 -1.4878555e-01
  vertex -9.0692560e-01 -2.6000000e-01 -1.4878555e-01
 endloop
endfacet
facet normal -9.637775e-01 0.000000e+00 2.667075e-01
 outer loop
  vertex -9.0311050e-01 -7.0000000e-02 -1.3355446e-01
  vertex -9.0520500e-01 -7.0000000e-02 -1.4112317e-01
  vertex -9.0520500e-01 -2.6000000e-01 -1.4112317e-01
 endloop
endfacet
facet normal -9.637775e-01 0.000000e+00 2.667075e-01
 outer loop
  vertex -9.0311050e-01 -2.6000000e-01 -1.3355446e-01
  vertex -9.0311050e-01 -7.0000000e-02 -1.3355446e-01
  vertex -9.0520500e-01 -2.6000000e-01 -1.4112317e-01
 endloop
endfacet
facet normal -9.495258e-01 0.000000e+00 3.136890e-01
 outer loop
  vertex -9.0064703e-01 -2.6000000e-01 -1.2609762e-01
  vertex -9.0064703e-01 -7.0000000e-02 -1.2609762e-01
  vertex -9.0311050e-01 -2.6000000e-01 -1.3355446e-01
 endloop
endfacet
facet normal -9.329943e-01 0.000000e+00 3.598912e-01
 outer loop
  vertex -9.0064703e-01 -2.6000000e-01 -1.2609762e-01
  vertex -8.9782074e-01 -7.0000000e-02 -1.1877065e-01
  vertex -9.0064703e-01 -7.0000000e-02 -1.2609762e-01
 endloop
endfacet
facet normal -9.142098e-01 0.000000e+00 4.052413e-01
 outer loop
  vertex -8.9782074e-01 -2.6000000e-01 -1.1877065e-01
  vertex -8.9463830e-01 -7.0000000e-02 -1.1159118e-01
  vertex -8.9782074e-01 -7.0000000e-02 -1.1877065e-01
 endloop
endfacet
facet normal -9.142098e-01 0.000000e+00 4.052413e-01
 outer loop
  vertex -8.9782074e-01 -2.6000000e-01 -1.1877065e-01
  vertex -8.9463830e-01 -2.6000000e-01 -1.1159118e-01
  vertex -8.9463830e-01 -7.0000000e-02 -1.1159118e-01
 endloop
endfacet
facet normal -8.932214e-01 0.000000e+00 4.496171e-01
 outer loop
  vertex -8.9463830e-01 -2.6000000e-01 -1.1159118e-01
  vertex -8.9110736e-01 -2.6000000e-01 -1.0457652e-01
  vertex -8.9110736e-01 -7.0000000e-02 -1.0457652e-01
 endloop
endfacet
facet normal -8.700905e-01 0.000000e+00 4.928920e-01
 outer loop
  vertex -8.9110736e-01 -7.0000000e-02 -1.0457652e-01
  vertex -8.9110736e-01 -2.6000000e-01 -1.0457652e-01
  vertex -8.8723660e-01 -7.0000000e-02 -9.7743560e-02
 endloop
endfacet
facet normal -8.448500e-01 0.000000e+00 5.350033e-01
 outer loop
  vertex -8.8723660e-01 -7.0000000e-02 -9.7743560e-02
  vertex -8.8723660e-01 -2.6000000e-01 -9.7743560e-02
  vertex -8.8303510e-01 -7.0000000e-02 -9.1108765e-02
 endloop
endfacet
facet normal -8.448500e-01 0.000000e+00 5.350033e-01
 outer loop
  vertex -8.8303510e-01 -7.0000000e-02 -9.1108765e-02
  vertex -8.8723660e-01 -2.6000000e-01 -9.7743560e-02
  vertex -8.8303510e-01 -2.6000000e-01 -9.1108765e-02
 endloop
endfacet
facet normal -8.175893e-01 0.000000e+00 5.758018e-01
 outer loop
  vertex -8.7851324e-01 -7.0000000e-02 -8.4688110e-02
  vertex -8.8303510e-01 -2.6000000e-01 -9.1108765e-02
  vertex -8.7851324e-01 -2.6000000e-01 -8.4688110e-02
 endloop
endfacet
facet normal -7.883419e-01 0.000000e+00 6.152373e-01
 outer loop
  vertex -8.7368164e-01 -7.0000000e-02 -7.8497080e-02
  vertex -8.7851324e-01 -7.0000000e-02 -8.4688110e-02
  vertex -8.7851324e-01 -2.6000000e-01 -8.4688110e-02
 endloop
endfacet
facet normal -7.572123e-01 0.000000e+00 6.531688e-01
 outer loop
  vertex -8.6855220e-01 -7.0000000e-02 -7.2550570e-02
  vertex -8.7368164e-01 -7.0000000e-02 -7.8497080e-02
  vertex -8.7368164e-01 -2.6000000e-01 -7.8497080e-02
 endloop
endfacet
facet normal -7.572123e-01 0.000000e+00 6.531688e-01
 outer loop
  vertex -8.6855220e-01 -2.6000000e-01 -7.2550570e-02
  vertex -8.6855220e-01 -7.0000000e-02 -7.2550570e-02
  vertex -8.7368164e-01 -2.6000000e-01 -7.8497080e-02
 endloop
endfacet
facet normal -7.242469e-01 0.000000e+00 6.895407e-01
 outer loop
  vertex -8.6313710e-01 -2.6000000e-01 -6.6862915e-02
  vertex -8.6313710e-01 -7.0000000e-02 -6.6862915e-02
  vertex -8.6855220e-01 -2.6000000e-01 -7.2550570e-02
 endloop
endfacet
facet normal -6.895373e-01 0.000000e+00 7.242502e-01
 outer loop
  vertex -8.6313710e-01 -2.6000000e-01 -6.6862915e-02
  vertex -8.5744940e-01 -7.0000000e-02 -6.1447823e-02
  vertex -8.6313710e-01 -7.0000000e-02 -6.6862915e-02
 endloop
endfacet
facet normal -6.531733e-01 0.000000e+00 7.572084e-01
 outer loop
  vertex -8.5744940e-01 -2.6000000e-01 -6.1447823e-02
  vertex -8.5150290e-01 -7.0000000e-02 -5.6318330e-02
  vertex -8.5744940e-01 -7.0000000e-02 -6.1447823e-02
 endloop
endfacet
facet normal -6.531733e-01 0.000000e+00 7.572084e-01
 outer loop
  vertex -8.5744940e-01 -2.6000000e-01 -6.1447823e-02
  vertex -8.5150290e-01 -2.6000000e-01 -5.6318330e-02
  vertex -8.5150290e-01 -7.0000000e-02 -5.6318330e-02
 endloop
endfacet
facet normal -6.152341e-01 0.000000e+00 7.883444e-01
 outer loop
  vertex -8.5150290e-01 -2.6000000e-01 -5.6318330e-02
  vertex -8.4531190e-01 -2.6000000e-01 -5.1486794e-02
  vertex -8.4531190e-01 -7.0000000e-02 -5.1486794e-02
 endloop
endfacet
facet normal -5.758075e-01 0.000000e+00 8.175853e-01
 outer loop
  vertex -8.4531190e-01 -7.0000000e-02 -5.1486794e-02
  vertex -8.4531190e-01 -2.6000000e-01 -5.1486794e-02
  vertex -8.3889124e-01 -7.0000000e-02 -4.6964863e-02
 endloop
endfacet
facet normal -5.349952e-01 0.000000e+00 8.448551e-01
 outer loop
  vertex -8.3889124e-01 -7.0000000e-02 -4.6964863e-02
  vertex -8.3889124e-01 -2.6000000e-01 -4.6964863e-02
  vertex -8.3225640e-01 -7.0000000e-02 -4.2763424e-02
 endloop
endfacet
facet normal -5.349952e-01 0.000000e+00 8.448551e-01
 outer loop
  vertex -8.3225640e-01 -7.0000000e-02 -4.2763424e-02
  vertex -8.3889124e-01 -2.6000000e-01 -4.6964863e-02
  vertex -8.3225640e-01 -2.6000000e-01 -4.2763424e-02
 endloop
endfacet
facet normal -4.928996e-01 0.000000e+00 8.700862e-01
 outer loop
  vertex -8.2542346e-01 -7.0000000e-02 -3.8892597e-02
  vertex -8.3225640e-01 -2.6000000e-01 -4.2763424e-02
  vertex -8.2542346e-01 -2.6000000e-01 -3.8892597e-02
 endloop
endfacet
facet normal -4.496114e-01 0.000000e+00 8.932243e-01
 outer loop
  vertex -8.1840880e-01 -7.0000000e-02 -3.5361713e-02
  vertex -8.2542346e-01 -7.0000000e-02 -3.8892597e-02
  vertex -8.2542346e-01 -2.6000000e-01 -3.8892597e-02
 endloop
endfacet
facet normal -4.052443e-01 0.000000e+00 9.142084e-01
 outer loop
  vertex -8.1122940e-01 -7.0000000e-02 -3.2179276e-02
  vertex -8.1840880e-01 -7.0000000e-02 -3.5361713e-02
  vertex -8.1840880e-01 -2.6000000e-01 -3.5361713e-02
 endloop
endfacet
facet normal -4.052443e-01 0.000000e+00 9.142084e-01
 outer loop
  vertex -8.1122940e-01 -2.6000000e-01 -3.2179276e-02
  vertex -8.1122940e-01 -7.0000000e-02 -3.2179276e-02
  vertex -8.1840880e-01 -2.6000000e-01 -3.5361713e-02
 endloop
endfacet
facet normal -3.598940e-01 0.000000e+00 9.329932e-01
 outer loop
  vertex -8.0390240e-01 -2.6000000e-01 -2.9352950e-02
  vertex -8.0390240e-01 -7.0000000e-02 -2.9352950e-02
  vertex -8.1122940e-01 -2.6000000e-01 -3.2179276e-02
 endloop
endfacet
facet normal -3.136815e-01 0.000000e+00 9.495283e-01
 outer loop
  vertex -8.0390240e-01 -2.6000000e-01 -2.9352950e-02
  vertex -7.9644556e-01 -7.0000000e-02 -2.6889545e-02
  vertex -8.0390240e-01 -7.0000000e-02 -2.9352950e-02
 endloop
endfacet
facet normal -2.667122e-01 0.000000e+00 9.637762e-01
 outer loop
  vertex -7.9644556e-01 -2.6000000e-01 -2.6889545e-02
  vertex -7.8887683e-01 -7.0000000e-02 -2.4795000e-02
  vertex -7.9644556e-01 -7.0000000e-02 -2.6889545e-02
 endloop
endfacet
facet normal -2.667122e-01 0.000000e+00 9.637762e-01
 outer loop
  vertex -7.9644556e-01 -2.6000000e-01 -2.6889545e-02
  vertex -7.8887683e-01 -2.6000000e-01 -2.4795000e-02
  vertex -7.8887683e-01 -7.0000000e-02 -2.4795000e-02
 endloop
endfacet
facet normal -2.191027e-01 0.000000e+00 9.757018e-01
 outer loop
  vertex -7.8887683e-01 -2.6000000e-01 -2.4795000e-02
  vertex -7.8121450e-01 -2.6000000e-01 -2.3074354e-02
  vertex -7.8121450e-01 -7.0000000e-02 -2.3074354e-02
 endloop
endfacet
facet normal -1.709613e-01 0.000000e+00 9.852777e-01
 outer loop
  vertex -7.8121450e-01 -7.0000000e-02 -2.3074354e-02
  vertex -7.8121450e-01 -2.6000000e-01 -2.3074354e-02
  vertex -7.7347690e-01 -7.0000000e-02 -2.1731758e-02
 endloop
endfacet
facet normal -1.224103e-01 0.000000e+00 9.924796e-01
 outer loop
  vertex -7.7347690e-01 -7.0000000e-02 -2.1731758e-02
  vertex -7.7347690e-01 -2.6000000e-01 -2.1731758e-02
  vertex -7.6568274e-01 -7.0000000e-02 -2.0770443e-02
 endloop
endfacet
facet normal -1.224103e-01 0.000000e+00 9.924796e-01
 outer loop
  vertex -7.6568274e-01 -7.0000000e-02 -2.0770443e-02
  vertex -7.7347690e-01 -2.6000000e-01 -2.1731758e-02
  vertex -7.6568274e-01 -2.6000000e-01 -2.0770443e-02
 endloop
endfacet
facet normal -7.356411e-02 0.000000e+00 9.972905e-01
 outer loop
  vertex -7.5785080e-01 -7.0000000e-02 -2.0192728e-02
  vertex -7.6568274e-01 -2.6000000e-01 -2.0770443e-02
  vertex -7.5785080e-01 -2.6000000e-01 -2.0192728e-02
 endloop
endfacet
facet normal -2.454144e-02 0.000000e+00 9.996988e-01
 outer loop
  vertex -7.5000000e-01 -7.0000000e-02 -2.0000000e-02
  vertex -7.5785080e-01 -7.0000000e-02 -2.0192728e-02
  vertex -7.5785080e-01 -2.6000000e-01 -2.0192728e-02
 endloop
endfacet
facet normal 2.454144e-02 0.000000e+00 9.996988e-01
 outer loop
  vertex -7.4214920e-01 -7.0000000e-02 -2.0192728e-02
  vertex -7.5000000e-01 -7.0000000e-02 -2.0000000e-02
  vertex -7.5000000e-01 -2.6000000e-01 -2.0000000e-02
 endloop
endfacet
facet normal 2.454144e-02 -0.000000e+00 9.996988e-01
 outer loop
  vertex -7.4214920e-01 -2.6000000e-01 -2.0192728e-02
  vertex -7.4214920e-01 -7.0000000e-02 -2.0192728e-02
  vertex -7.5000000e-01 -2.6000000e-01 -2.0000000e-02
 endloop
endfacet
facet normal 7.356411e-02 -0.000000e+00 9.972905e-01
 outer loop
  vertex -7.3431726e-01 -2.6000000e-01 -2.0770443e-02
  vertex -7.3431726e-01 -7.0000000e-02 -2.0770443e-02
  vertex -7.4214920e-01 -2.6000000e-01 -2.0192728e-02
 endloop
endfacet
facet normal 1.224103e-01 -0.000000e+00 9.924796e-01
 outer loop
  vertex -7.3431726e-01 -2.6000000e-01 -2.0770443e-02
  vertex -7.2652310e-01 -7.0000000e-02 -2.1731758e-02
  vertex -7.3431726e-01 -7.0000000e-02 -2.0770443e-02
 endloop
endfacet
facet normal 1.709613e-01 -0.000000e+00 9.852777e-01
 outer loop
  vertex -7.2652310e-01 -2.6000000e-01 -2.1731758e-02
  vertex -7.1878550e-01 -7.0000000e-02 -2.3074354e-02
  vertex -7.2652310e-01 -7.0000000e-02 -2.1731758e-02
 endloop
endfacet
facet normal 1.709613e-01 0.000000e+00 9.852777e-01
 outer loop
  vertex -7.2652310e-01 -2.6000000e-01 -2.1731758e-02
  vertex -7.1878550e-01 -2.6000000e-01 -2.3074354e-02
  vertex -7.1878550e-01 -7.0000000e-02 -2.3074354e-02
 endloop
endfacet
facet normal 2.191027e-01 0.000000e+00 9.757018e-01
 outer loop
  vertex -7.1878550e-01 -2.6000000e-01 -2.3074354e-02
  vertex -7.1112317e-01 -2.6000000e-01 -2.4795000e-02
  vertex -7.1112317e-01 -7.0000000e-02 -2.4795000e-02
 endloop
endfacet
facet normal 2.667122e-01 0.000000e+00 9.637762e-01
 outer loop
  vertex -7.1112317e-01 -7.0000000e-02 -2.4795000e-02
  vertex -7.1112317e-01 -2.6000000e-01 -2.4795000e-02
  vertex -7.0355444e-01 -7.0000000e-02 -2.6889545e-02
 endloop
endfacet
facet normal 3.136815e-01 0.000000e+00 9.495283e-01
 outer loop
  vertex -7.0355444e-01 -7.0000000e-02 -2.6889545e-02
  vertex -7.0355444e-01 -2.6000000e-01 -2.6889545e-02
  vertex -6.9609760e-01 -7.0000000e-02 -2.9352950e-02
 endloop
endfacet
facet normal 3.136815e-01 0.000000e+00 9.495283e-01
 outer loop
  vertex -6.9609760e-01 -7.0000000e-02 -2.9352950e-02
  vertex -7.0355444e-01 -2.6000000e-01 -2.6889545e-02
  vertex -6.9609760e-01 -2.6000000e-01 -2.9352950e-02
 endloop
endfacet
facet normal 3.598940e-01 0.000000e+00 9.329932e-01
 outer loop
  vertex -6.8877060e-01 -7.0000000e-02 -3.2179276e-02
  vertex -6.9609760e-01 -2.6000000e-01 -2.9352950e-02
  vertex -6.8877060e-01 -2.6000000e-01 -3.2179276e-02
 endloop
endfacet
facet normal 4.052443e-01 0.000000e+00 9.142084e-01
 outer loop
  vertex -6.8159120e-01 -7.0000000e-02 -3.5361713e-02
  vertex -6.8877060e-01 -7.0000000e-02 -3.2179276e-02
  vertex -6.8877060e-01 -2.6000000e-01 -3.2179276e-02
 endloop
endfacet
facet normal 4.496114e-01 0.000000e+00 8.932243e-01
 outer loop
  vertex -6.7457654e-01 -7.0000000e-02 -3.8892597e-02
  vertex -6.8159120e-01 -7.0000000e-02 -3.5361713e-02
  vertex -6.8159120e-01 -2.6000000e-01 -3.5361713e-02
 endloop
endfacet
facet normal 4.496114e-01 -0.000000e+00 8.932243e-01
 outer loop
  vertex -6.7457654e-01 -2.6000000e-01 -3.8892597e-02
  vertex -6.7457654e-01 -7.0000000e-02 -3.8892597e-02
  vertex -6.8159120e-01 -2.6000000e-01 -3.5361713e-02
 endloop
endfacet
facet normal 4.928996e-01 -0.000000e+00 8.700862e-01
 outer loop
  vertex -6.6774360e-01 -2.6000000e-01 -4.2763424e-02
  vertex -6.6774360e-01 -7.0000000e-02 -4.2763424e-02
  vertex -6.7457654e-01 -2.6000000e-01 -3.8892597e-02
 endloop
endfacet
facet normal 5.349952e-01 -0.000000e+00 8.448551e-01
 outer loop
  vertex -6.6774360e-01 -2.6000000e-01 -4.2763424e-02
  vertex -6.6110876e-01 -7.0000000e-02 -4.6964863e-02
  vertex -6.6774360e-01 -7.0000000e-02 -4.2763424e-02
 endloop
endfacet
facet normal 5.758075e-01 -0.000000e+00 8.175853e-01
 outer loop
  vertex -6.6110876e-01 -2.6000000e-01 -4.6964863e-02
  vertex -6.5468810e-01 -7.0000000e-02 -5.1486794e-02
  vertex -6.6110876e-01 -7.0000000e-02 -4.6964863e-02
 endloop
endfacet
facet normal 5.758075e-01 0.000000e+00 8.175853e-01
 outer loop
  vertex -6.6110876e-01 -2.6000000e-01 -4.6964863e-02
  vertex -6.5468810e-01 -2.6000000e-01 -5.1486794e-02
  vertex -6.5468810e-01 -7.0000000e-02 -5.1486794e-02
 endloop
endfacet
facet normal 6.152341e-01 0.000000e+00 7.883444e-01
 outer loop
  vertex -6.5468810e-01 -2.6000000e-01 -5.1486794e-02
  vertex -6.4849710e-01 -2.6000000e-01 -5.6318330e-02
  vertex -6.4849710e-01 -7.0000000e-02 -5.6318330e-02
 endloop
endfacet
facet normal 6.531733e-01 0.000000e+00 7.572084e-01
 outer loop
  vertex -6.4849710e-01 -7.0000000e-02 -5.6318330e-02
  vertex -6.4849710e-01 -2.6000000e-01 -5.6318330e-02
  vertex -6.4255060e-01 -7.0000000e-02 -6.1447823e-02
 endloop
endfacet
facet normal 8.175893e-01 -0.000000e+00 5.758018e-01
 outer loop
  vertex -6.1696490e-01 -2.6000000e-01 -9.1108765e-02
  vertex -6.1696490e-01 -7.0000000e-02 -9.1108765e-02
  vertex -6.2148676e-01 -2.6000000e-01 -8.4688110e-02
 endloop
endfacet
facet normal 9.495258e-01 0.000000e+00 3.136890e-01
 outer loop
  vertex -5.9935297e-01 -2.6000000e-01 -1.2609762e-01
  vertex -5.9688950e-01 -2.6000000e-01 -1.3355446e-01
  vertex -5.9688950e-01 -7.0000000e-02 -1.3355446e-01
 endloop
endfacet
facet normal 9.637775e-01 -0.000000e+00 2.667075e-01
 outer loop
  vertex -5.9688950e-01 -2.6000000e-01 -1.3355446e-01
  vertex -5.9479500e-01 -7.0000000e-02 -1.4112317e-01
  vertex -5.9688950e-01 -7.0000000e-02 -1.3355446e-01
 endloop
endfacet
facet normal 9.996987e-01 -0.000000e+00 2.454415e-02
 outer loop
  vertex -5.9000000e-01 -2.6000000e-01 -1.8000000e-01
  vertex -5.9000000e-01 -7.0000000e-02 -1.8000000e-01
  vertex -5.9019275e-01 -2.6000000e-01 -1.7214917e-01
 endloop
endfacet
facet normal 9.996987e-01 -0.000000e+00 2.454415e-02
 outer loop
  vertex -5.9019275e-01 -2.6000000e-01 -1.7214917e-01
  vertex -5.9000000e-01 -7.0000000e-02 -1.8000000e-01
  vertex -5.9019275e-01 -7.0000000e-02 -1.7214917e-01
 endloop
endfacet
facet normal 9.972906e-01 0.000000e+00 7.356239e-02
 outer loop
  vertex -5.9077045e-01 -2.6000000e-01 -1.6431725e-01
  vertex -5.9019275e-01 -2.6000000e-01 -1.7214917e-01
  vertex -5.9019275e-01 -7.0000000e-02 -1.7214917e-01
 endloop
endfacet
facet normal 9.972906e-01 0.000000e+00 7.356239e-02
 outer loop
  vertex -5.9077045e-01 -7.0000000e-02 -1.6431725e-01
  vertex -5.9077045e-01 -2.6000000e-01 -1.6431725e-01
  vertex -5.9019275e-01 -7.0000000e-02 -1.7214917e-01
 endloop
endfacet
facet normal 9.924790e-01 0.000000e+00 1.224152e-01
 outer loop
  vertex -5.9077045e-01 -7.0000000e-02 -1.6431725e-01
  vertex -5.9173180e-01 -2.6000000e-01 -1.5652312e-01
  vertex -5.9077045e-01 -2.6000000e-01 -1.6431725e-01
 endloop
endfacet
facet normal 9.924790e-01 0.000000e+00 1.224152e-01
 outer loop
  vertex -5.9077045e-01 -7.0000000e-02 -1.6431725e-01
  vertex -5.9173180e-01 -7.0000000e-02 -1.5652312e-01
  vertex -5.9173180e-01 -2.6000000e-01 -1.5652312e-01
 endloop
endfacet
facet normal 9.852776e-01 -0.000000e+00 1.709624e-01
 outer loop
  vertex -5.9173180e-01 -2.6000000e-01 -1.5652312e-01
  vertex -5.9173180e-01 -7.0000000e-02 -1.5652312e-01
  vertex -5.9307440e-01 -2.6000000e-01 -1.4878555e-01
 endloop
endfacet
facet normal 9.852776e-01 -0.000000e+00 1.709624e-01
 outer loop
  vertex -5.9307440e-01 -2.6000000e-01 -1.4878555e-01
  vertex -5.9173180e-01 -7.0000000e-02 -1.5652312e-01
  vertex -5.9307440e-01 -7.0000000e-02 -1.4878555e-01
 endloop
endfacet
facet normal 9.757034e-01 0.000000e+00 2.190958e-01
 outer loop
  vertex -5.9479500e-01 -2.6000000e-01 -1.4112317e-01
  vertex -5.9307440e-01 -2.6000000e-01 -1.4878555e-01
  vertex -5.9307440e-01 -7.0000000e-02 -1.4878555e-01
 endloop
endfacet
facet normal 9.757034e-01 0.000000e+00 2.190958e-01
 outer loop
  vertex -5.9479500e-01 -7.0000000e-02 -1.4112317e-01
  vertex -5.9479500e-01 -2.6000000e-01 -1.4112317e-01
  vertex -5.9307440e-01 -7.0000000e-02 -1.4878555e-01
 endloop
endfacet
facet normal 9.637775e-01 0.000000e+00 2.667075e-01
 outer loop
  vertex -5.9479500e-01 -7.0000000e-02 -1.4112317e-01
  vertex -5.9688950e-01 -2.6000000e-01 -1.3355446e-01
  vertex -5.9479500e-01 -2.6000000e-01 -1.4112317e-01
 endloop
endfacet
facet normal 9.495258e-01 0.000000e+00 3.136890e-01
 outer loop
  vertex -5.9688950e-01 -7.0000000e-02 -1.3355446e-01
  vertex -5.9935297e-01 -7.0000000e-02 -1.2609762e-01
  vertex -5.9935297e-01 -2.6000000e-01 -1.2609762e-01
 endloop
endfacet
facet normal 9.329943e-01 -0.000000e+00 3.598912e-01
 outer loop
  vertex -5.9935297e-01 -2.6000000e-01 -1.2609762e-01
  vertex -5.9935297e-01 -7.0000000e-02 -1.2609762e-01
  vertex -6.0217926e-01 -2.6000000e-01 -1.1877065e-01
 endloop
endfacet
facet normal 9.329943e-01 -0.000000e+00 3.598912e-01
 outer loop
  vertex -6.0217926e-01 -2.6000000e-01 -1.1877065e-01
  vertex -5.9935297e-01 -7.0000000e-02 -1.2609762e-01
  vertex -6.0217926e-01 -7.0000000e-02 -1.1877065e-01
 endloop
endfacet
facet normal 9.142098e-01 0.000000e+00 4.052413e-01
 outer loop
  vertex -6.0536170e-01 -2.6000000e-01 -1.1159118e-01
  vertex -6.0217926e-01 -2.6000000e-01 -1.1877065e-01
  vertex -6.0217926e-01 -7.0000000e-02 -1.1877065e-01
 endloop
endfacet
facet normal 9.142098e-01 0.000000e+00 4.052413e-01
 outer loop
  vertex -6.0536170e-01 -7.0000000e-02 -1.1159118e-01
  vertex -6.0536170e-01 -2.6000000e-01 -1.1159118e-01
  vertex -6.0217926e-01 -7.0000000e-02 -1.1877065e-01
 endloop
endfacet
facet normal 8.932214e-01 0.000000e+00 4.496171e-01
 outer loop
  vertex -6.0536170e-01 -7.0000000e-02 -1.1159118e-01
  vertex -6.0889264e-01 -2.6000000e-01 -1.0457652e-01
  vertex -6.0536170e-01 -2.6000000e-01 -1.1159118e-01
 endloop
endfacet
facet normal 8.932214e-01 0.000000e+00 4.496171e-01
 outer loop
  vertex -6.0536170e-01 -7.0000000e-02 -1.1159118e-01
  vertex -6.0889264e-01 -7.0000000e-02 -1.0457652e-01
  vertex -6.0889264e-01 -2.6000000e-01 -1.0457652e-01
 endloop
endfacet
facet normal 8.700905e-01 -0.000000e+00 4.928920e-01
 outer loop
  vertex -6.0889264e-01 -2.6000000e-01 -1.0457652e-01
  vertex -6.0889264e-01 -7.0000000e-02 -1.0457652e-01
  vertex -6.1276340e-01 -2.6000000e-01 -9.7743560e-02
 endloop
endfacet
facet normal 8.700905e-01 -0.000000e+00 4.928920e-01
 outer loop
  vertex -6.1276340e-01 -2.6000000e-01 -9.7743560e-02
  vertex -6.0889264e-01 -7.0000000e-02 -1.0457652e-01
  vertex -6.1276340e-01 -7.0000000e-02 -9.7743560e-02
 endloop
endfacet
facet normal 8.448500e-01 0.000000e+00 5.350033e-01
 outer loop
  vertex -6.1696490e-01 -2.6000000e-01 -9.1108765e-02
  vertex -6.1276340e-01 -2.6000000e-01 -9.7743560e-02
  vertex -6.1276340e-01 -7.0000000e-02 -9.7743560e-02
 endloop
endfacet
facet normal 8.448500e-01 0.000000e+00 5.350033e-01
 outer loop
  vertex -6.1696490e-01 -7.0000000e-02 -9.1108765e-02
  vertex -6.1696490e-01 -2.6000000e-01 -9.1108765e-02
  vertex -6.1276340e-01 -7.0000000e-02 -9.7743560e-02
 endloop
endfacet
facet normal 8.175893e-01 0.000000e+00 5.758018e-01
 outer loop
  vertex -6.2148676e-01 -7.0000000e-02 -8.4688110e-02
  vertex -6.2148676e-01 -2.6000000e-01 -8.4688110e-02
  vertex -6.1696490e-01 -7.0000000e-02 -9.1108765e-02
 endloop
endfacet
facet normal 7.883419e-01 0.000000e+00 6.152373e-01
 outer loop
  vertex -6.2148676e-01 -7.0000000e-02 -8.4688110e-02
  vertex -6.2631836e-01 -2.6000000e-01 -7.8497080e-02
  vertex -6.2148676e-01 -2.6000000e-01 -8.4688110e-02
 endloop
endfacet
facet normal 7.883419e-01 0.000000e+00 6.152373e-01
 outer loop
  vertex -6.2148676e-01 -7.0000000e-02 -8.4688110e-02
  vertex -6.2631836e-01 -7.0000000e-02 -7.8497080e-02
  vertex -6.2631836e-01 -2.6000000e-01 -7.8497080e-02
 endloop
endfacet
facet normal 7.572123e-01 -0.000000e+00 6.531688e-01
 outer loop
  vertex -6.2631836e-01 -2.6000000e-01 -7.8497080e-02
  vertex -6.2631836e-01 -7.0000000e-02 -7.8497080e-02
  vertex -6.3144780e-01 -2.6000000e-01 -7.2550570e-02
 endloop
endfacet
facet normal 7.572123e-01 -0.000000e+00 6.531688e-01
 outer loop
  vertex -6.3144780e-01 -2.6000000e-01 -7.2550570e-02
  vertex -6.2631836e-01 -7.0000000e-02 -7.8497080e-02
  vertex -6.3144780e-01 -7.0000000e-02 -7.2550570e-02
 endloop
endfacet
facet normal 7.242469e-01 0.000000e+00 6.895407e-01
 outer loop
  vertex -6.3686290e-01 -2.6000000e-01 -6.6862915e-02
  vertex -6.3144780e-01 -2.6000000e-01 -7.2550570e-02
  vertex -6.3144780e-01 -7.0000000e-02 -7.2550570e-02
 endloop
endfacet
facet normal 7.242469e-01 0.000000e+00 6.895407e-01
 outer loop
  vertex -6.3686290e-01 -7.0000000e-02 -6.6862915e-02
  vertex -6.3686290e-01 -2.6000000e-01 -6.6862915e-02
  vertex -6.3144780e-01 -7.0000000e-02 -7.2550570e-02
 endloop
endfacet
facet normal 6.895373e-01 0.000000e+00 7.242502e-01
 outer loop
  vertex -6.3686290e-01 -7.0000000e-02 -6.6862915e-02
  vertex -6.4255060e-01 -2.6000000e-01 -6.1447823e-02
  vertex -6.3686290e-01 -2.6000000e-01 -6.6862915e-02
 endloop
endfacet
facet normal 6.895373e-01 0.000000e+00 7.242502e-01
 outer loop
  vertex -6.3686290e-01 -7.0000000e-02 -6.6862915e-02
  vertex -6.4255060e-01 -7.0000000e-02 -6.1447823e-02
  vertex -6.4255060e-01 -2.6000000e-01 -6.1447823e-02
 endloop
endfacet
facet normal 6.531733e-01 -0.000000e+00 7.572084e-01
 outer loop
  vertex -6.4255060e-01 -2.6000000e-01 -6.1447823e-02
  vertex -6.4255060e-01 -7.0000000e-02 -6.1447823e-02
  vertex -6.4849710e-01 -2.6000000e-01 -5.6318330e-02
 endloop
endfacet
facet normal -9.996987e-01 0.000000e+00 2.454415e-02
 outer loop
  vertex -9.0980725e-01 -2.6000000e-01 -1.7214917e-01
  vertex -9.0980725e-01 -7.0000000e-02 -1.7214917e-01
  vertex -9.1000000e-01 -7.0000000e-02 -1.8000000e-01
 endloop
endfacet
facet normal 6.152341e-01 -0.000000e+00 7.883444e-01
 outer loop
  vertex -6.5468810e-01 -2.6000000e-01 -5.1486794e-02
  vertex -6.4849710e-01 -7.0000000e-02 -5.6318330e-02
  vertex -6.5468810e-01 -7.0000000e-02 -5.1486794e-02
 endloop
endfacet
facet normal 5.349952e-01 -0.000000e+00 8.448551e-01
 outer loop
  vertex -6.6110876e-01 -2.6000000e-01 -4.6964863e-02
  vertex -6.6110876e-01 -7.0000000e-02 -4.6964863e-02
  vertex -6.6774360e-01 -2.6000000e-01 -4.2763424e-02
 endloop
endfacet
facet normal 4.928996e-01 0.000000e+00 8.700862e-01
 outer loop
  vertex -6.6774360e-01 -7.0000000e-02 -4.2763424e-02
  vertex -6.7457654e-01 -7.0000000e-02 -3.8892597e-02
  vertex -6.7457654e-01 -2.6000000e-01 -3.8892597e-02
 endloop
endfacet
facet normal 4.052443e-01 0.000000e+00 9.142084e-01
 outer loop
  vertex -6.8159120e-01 -7.0000000e-02 -3.5361713e-02
  vertex -6.8877060e-01 -2.6000000e-01 -3.2179276e-02
  vertex -6.8159120e-01 -2.6000000e-01 -3.5361713e-02
 endloop
endfacet
facet normal 3.598940e-01 0.000000e+00 9.329932e-01
 outer loop
  vertex -6.9609760e-01 -7.0000000e-02 -2.9352950e-02
  vertex -6.9609760e-01 -2.6000000e-01 -2.9352950e-02
  vertex -6.8877060e-01 -7.0000000e-02 -3.2179276e-02
 endloop
endfacet
facet normal 2.667122e-01 0.000000e+00 9.637762e-01
 outer loop
  vertex -7.1112317e-01 -2.6000000e-01 -2.4795000e-02
  vertex -7.0355444e-01 -2.6000000e-01 -2.6889545e-02
  vertex -7.0355444e-01 -7.0000000e-02 -2.6889545e-02
 endloop
endfacet
facet normal 2.191027e-01 -0.000000e+00 9.757018e-01
 outer loop
  vertex -7.1878550e-01 -2.6000000e-01 -2.3074354e-02
  vertex -7.1112317e-01 -7.0000000e-02 -2.4795000e-02
  vertex -7.1878550e-01 -7.0000000e-02 -2.3074354e-02
 endloop
endfacet
facet normal 1.224103e-01 -0.000000e+00 9.924796e-01
 outer loop
  vertex -7.2652310e-01 -2.6000000e-01 -2.1731758e-02
  vertex -7.2652310e-01 -7.0000000e-02 -2.1731758e-02
  vertex -7.3431726e-01 -2.6000000e-01 -2.0770443e-02
 endloop
endfacet
facet normal 7.356411e-02 0.000000e+00 9.972905e-01
 outer loop
  vertex -7.3431726e-01 -7.0000000e-02 -2.0770443e-02
  vertex -7.4214920e-01 -7.0000000e-02 -2.0192728e-02
  vertex -7.4214920e-01 -2.6000000e-01 -2.0192728e-02
 endloop
endfacet
facet normal -2.454144e-02 0.000000e+00 9.996988e-01
 outer loop
  vertex -7.5000000e-01 -7.0000000e-02 -2.0000000e-02
  vertex -7.5785080e-01 -2.6000000e-01 -2.0192728e-02
  vertex -7.5000000e-01 -2.6000000e-01 -2.0000000e-02
 endloop
endfacet
facet normal -7.356411e-02 0.000000e+00 9.972905e-01
 outer loop
  vertex -7.6568274e-01 -7.0000000e-02 -2.0770443e-02
  vertex -7.6568274e-01 -2.6000000e-01 -2.0770443e-02
  vertex -7.5785080e-01 -7.0000000e-02 -2.0192728e-02
 endloop
endfacet
facet normal -1.709613e-01 0.000000e+00 9.852777e-01
 outer loop
  vertex -7.8121450e-01 -2.6000000e-01 -2.3074354e-02
  vertex -7.7347690e-01 -2.6000000e-01 -2.1731758e-02
  vertex -7.7347690e-01 -7.0000000e-02 -2.1731758e-02
 endloop
endfacet
facet normal -2.191027e-01 0.000000e+00 9.757018e-01
 outer loop
  vertex -7.8887683e-01 -2.6000000e-01 -2.4795000e-02
  vertex -7.8121450e-01 -7.0000000e-02 -2.3074354e-02
  vertex -7.8887683e-01 -7.0000000e-02 -2.4795000e-02
 endloop
endfacet
facet normal -3.136815e-01 0.000000e+00 9.495283e-01
 outer loop
  vertex -7.9644556e-01 -2.6000000e-01 -2.6889545e-02
  vertex -7.9644556e-01 -7.0000000e-02 -2.6889545e-02
  vertex -8.0390240e-01 -2.6000000e-01 -2.9352950e-02
 endloop
endfacet
facet normal -3.598940e-01 0.000000e+00 9.329932e-01
 outer loop
  vertex -8.0390240e-01 -7.0000000e-02 -2.9352950e-02
  vertex -8.1122940e-01 -7.0000000e-02 -3.2179276e-02
  vertex -8.1122940e-01 -2.6000000e-01 -3.2179276e-02
 endloop
endfacet
facet normal -4.496114e-01 0.000000e+00 8.932243e-01
 outer loop
  vertex -8.1840880e-01 -7.0000000e-02 -3.5361713e-02
  vertex -8.2542346e-01 -2.6000000e-01 -3.8892597e-02
  vertex -8.1840880e-01 -2.6000000e-01 -3.5361713e-02
 endloop
endfacet
facet normal -4.928996e-01 0.000000e+00 8.700862e-01
 outer loop
  vertex -8.3225640e-01 -7.0000000e-02 -4.2763424e-02
  vertex -8.3225640e-01 -2.6000000e-01 -4.2763424e-02
  vertex -8.2542346e-01 -7.0000000e-02 -3.8892597e-02
 endloop
endfacet
facet normal -5.758075e-01 0.000000e+00 8.175853e-01
 outer loop
  vertex -8.4531190e-01 -2.6000000e-01 -5.1486794e-02
  vertex -8.3889124e-01 -2.6000000e-01 -4.6964863e-02
  vertex -8.3889124e-01 -7.0000000e-02 -4.6964863e-02
 endloop
endfacet
facet normal -6.152341e-01 0.000000e+00 7.883444e-01
 outer loop
  vertex -8.5150290e-01 -2.6000000e-01 -5.6318330e-02
  vertex -8.4531190e-01 -7.0000000e-02 -5.1486794e-02
  vertex -8.5150290e-01 -7.0000000e-02 -5.6318330e-02
 endloop
endfacet
facet normal -6.895373e-01 0.000000e+00 7.242502e-01
 outer loop
  vertex -8.5744940e-01 -2.6000000e-01 -6.1447823e-02
  vertex -8.5744940e-01 -7.0000000e-02 -6.1447823e-02
  vertex -8.6313710e-01 -2.6000000e-01 -6.6862915e-02
 endloop
endfacet
facet normal -7.242469e-01 0.000000e+00 6.895407e-01
 outer loop
  vertex -8.6313710e-01 -7.0000000e-02 -6.6862915e-02
  vertex -8.6855220e-01 -7.0000000e-02 -7.2550570e-02
  vertex -8.6855220e-01 -2.6000000e-01 -7.2550570e-02
 endloop
endfacet
facet normal -7.883419e-01 0.000000e+00 6.152373e-01
 outer loop
  vertex -8.7368164e-01 -7.0000000e-02 -7.8497080e-02
  vertex -8.7851324e-01 -2.6000000e-01 -8.4688110e-02
  vertex -8.7368164e-01 -2.6000000e-01 -7.8497080e-02
 endloop
endfacet
facet normal -8.175893e-01 0.000000e+00 5.758018e-01
 outer loop
  vertex -8.8303510e-01 -7.0000000e-02 -9.1108765e-02
  vertex -8.8303510e-01 -2.6000000e-01 -9.1108765e-02
  vertex -8.7851324e-01 -7.0000000e-02 -8.4688110e-02
 endloop
endfacet
facet normal -8.700905e-01 0.000000e+00 4.928920e-01
 outer loop
  vertex -8.9110736e-01 -2.6000000e-01 -1.0457652e-01
  vertex -8.8723660e-01 -2.6000000e-01 -9.7743560e-02
  vertex -8.8723660e-01 -7.0000000e-02 -9.7743560e-02
 endloop
endfacet
facet normal -8.932214e-01 0.000000e+00 4.496171e-01
 outer loop
  vertex -8.9463830e-01 -2.6000000e-01 -1.1159118e-01
  vertex -8.9110736e-01 -7.0000000e-02 -1.0457652e-01
  vertex -8.9463830e-01 -7.0000000e-02 -1.1159118e-01
 endloop
endfacet
facet normal -9.329943e-01 0.000000e+00 3.598912e-01
 outer loop
  vertex -8.9782074e-01 -2.6000000e-01 -1.1877065e-01
  vertex -8.9782074e-01 -7.0000000e-02 -1.1877065e-01
  vertex -9.0064703e-01 -2.6000000e-01 -1.2609762e-01
 endloop
endfacet
facet normal -9.495258e-01 0.000000e+00 3.136890e-01
 outer loop
  vertex -9.0064703e-01 -7.0000000e-02 -1.2609762e-01
  vertex -9.0311050e-01 -7.0000000e-02 -1.3355446e-01
  vertex -9.0311050e-01 -2.6000000e-01 -1.3355446e-01
 endloop
endfacet
facet normal -9.757034e-01 0.000000e+00 2.190958e-01
 outer loop
  vertex -9.0520500e-01 -7.0000000e-02 -1.4112317e-01
  vertex -9.0692560e-01 -2.6000000e-01 -1.4878555e-01
  vertex -9.0520500e-01 -2.6000000e-01 -1.4112317e-01
 endloop
endfacet
facet normal -9.852776e-01 0.000000e+00 1.709624e-01
 outer loop
  vertex -9.0826820e-01 -7.0000000e-02 -1.5652312e-01
  vertex -9.0826820e-01 -2.6000000e-01 -1.5652312e-01
  vertex -9.0692560e-01 -7.0000000e-02 -1.4878555e-01
 endloop
endfacet
facet normal -9.996987e-01 0.000000e+00 2.454415e-02
 outer loop
  vertex -9.0980725e-01 -2.6000000e-01 -1.7214917e-01
  vertex -9.1000000e-01 -7.0000000e-02 -1.8000000e-01
  vertex -9.1000000e-01 -2.6000000e-01 -1.8000000e-01
 endloop
endfacet
facet normal -9.972906e-01 0.000000e+00 7.356239e-02
 outer loop
  vertex -9.0922955e-01 -7.0000000e-02 -1.6431725e-01
  vertex -9.0980725e-01 -2.6000000e-01 -1.7214917e-01
  vertex -9.0922955e-01 -2.6000000e-01 -1.6431725e-01
 endloop
endfacet
facet normal -9.972906e-01 0.000000e+00 -7.356239e-02
 outer loop
  vertex -9.0980725e-01 7.0000000e-02 -1.8785083e-01
  vertex -9.0980725e-01 2.6000000e-01 -1.8785083e-01
  vertex -9.0922955e-01 7.0000000e-02 -1.9568275e-01
 endloop
endfacet
facet normal -9.924790e-01 0.000000e+00 -1.224152e-01
 outer loop
  vertex -9.0922955e-01 7.0000000e-02 -1.9568275e-01
  vertex -9.0922955e-01 2.6000000e-01 -1.9568275e-01
  vertex -9.0826820e-01 7.0000000e-02 -2.0347688e-01
 endloop
endfacet
facet normal -9.924790e-01 0.000000e+00 -1.224152e-01
 outer loop
  vertex -9.0826820e-01 7.0000000e-02 -2.0347688e-01
  vertex -9.0922955e-01 2.6000000e-01 -1.9568275e-01
  vertex -9.0826820e-01 2.6000000e-01 -2.0347688e-01
 endloop
endfacet
facet normal -9.852776e-01 0.000000e+00 -1.709624e-01
 outer loop
  vertex -9.0692560e-01 7.0000000e-02 -2.1121445e-01
  vertex -9.0826820e-01 2.6000000e-01 -2.0347688e-01
  vertex -9.0692560e-01 2.6000000e-01 -2.1121445e-01
 endloop
endfacet
facet normal -9.757034e-01 0.000000e+00 -2.190958e-01
 outer loop
  vertex -9.0520500e-01 7.0000000e-02 -2.1887683e-01
  vertex -9.0692560e-01 7.0000000e-02 -2.1121445e-01
  vertex -9.0692560e-01 2.6000000e-01 -2.1121445e-01
 endloop
endfacet
facet normal -9.637777e-01 0.000000e+00 -2.667069e-01
 outer loop
  vertex -9.0311050e-01 7.0000000e-02 -2.2644556e-01
  vertex -9.0520500e-01 7.0000000e-02 -2.1887683e-01
  vertex -9.0520500e-01 2.6000000e-01 -2.1887683e-01
 endloop
endfacet
facet normal -9.637777e-01 -0.000000e+00 -2.667069e-01
 outer loop
  vertex -9.0311050e-01 2.6000000e-01 -2.2644556e-01
  vertex -9.0311050e-01 7.0000000e-02 -2.2644556e-01
  vertex -9.0520500e-01 2.6000000e-01 -2.1887683e-01
 endloop
endfacet
facet normal -9.495254e-01 -0.000000e+00 -3.136901e-01
 outer loop
  vertex -9.0064703e-01 2.6000000e-01 -2.3390237e-01
  vertex -9.0064703e-01 7.0000000e-02 -2.3390237e-01
  vertex -9.0311050e-01 2.6000000e-01 -2.2644556e-01
 endloop
endfacet
facet normal -9.329944e-01 -0.000000e+00 -3.598908e-01
 outer loop
  vertex -9.0064703e-01 2.6000000e-01 -2.3390237e-01
  vertex -8.9782074e-01 7.0000000e-02 -2.4122935e-01
  vertex -9.0064703e-01 7.0000000e-02 -2.3390237e-01
 endloop
endfacet
facet normal -9.142096e-01 -0.000000e+00 -4.052418e-01
 outer loop
  vertex -8.9782074e-01 2.6000000e-01 -2.4122935e-01
  vertex -8.9463830e-01 7.0000000e-02 -2.4840881e-01
  vertex -8.9782074e-01 7.0000000e-02 -2.4122935e-01
 endloop
endfacet
facet normal -9.142096e-01 0.000000e+00 -4.052418e-01
 outer loop
  vertex -8.9782074e-01 2.6000000e-01 -2.4122935e-01
  vertex -8.9463830e-01 2.6000000e-01 -2.4840881e-01
  vertex -8.9463830e-01 7.0000000e-02 -2.4840881e-01
 endloop
endfacet
facet normal -8.932222e-01 0.000000e+00 -4.496156e-01
 outer loop
  vertex -8.9463830e-01 2.6000000e-01 -2.4840881e-01
  vertex -8.9110736e-01 2.6000000e-01 -2.5542350e-01
  vertex -8.9110736e-01 7.0000000e-02 -2.5542350e-01
 endloop
endfacet
facet normal -8.700899e-01 0.000000e+00 -4.928931e-01
 outer loop
  vertex -8.9110736e-01 7.0000000e-02 -2.5542350e-01
  vertex -8.9110736e-01 2.6000000e-01 -2.5542350e-01
  vertex -8.8723660e-01 7.0000000e-02 -2.6225644e-01
 endloop
endfacet
facet normal -8.448502e-01 0.000000e+00 -5.350030e-01
 outer loop
  vertex -8.8723660e-01 7.0000000e-02 -2.6225644e-01
  vertex -8.8723660e-01 2.6000000e-01 -2.6225644e-01
  vertex -8.8303510e-01 7.0000000e-02 -2.6889124e-01
 endloop
endfacet
facet normal -8.448502e-01 0.000000e+00 -5.350030e-01
 outer loop
  vertex -8.8303510e-01 7.0000000e-02 -2.6889124e-01
  vertex -8.8723660e-01 2.6000000e-01 -2.6225644e-01
  vertex -8.8303510e-01 2.6000000e-01 -2.6889124e-01
 endloop
endfacet
facet normal -8.175895e-01 0.000000e+00 -5.758015e-01
 outer loop
  vertex -8.7851324e-01 7.0000000e-02 -2.7531190e-01
  vertex -8.8303510e-01 2.6000000e-01 -2.6889124e-01
  vertex -8.7851324e-01 2.6000000e-01 -2.7531190e-01
 endloop
endfacet
facet normal -7.883419e-01 0.000000e+00 -6.152373e-01
 outer loop
  vertex -8.7368164e-01 7.0000000e-02 -2.8150293e-01
  vertex -8.7851324e-01 7.0000000e-02 -2.7531190e-01
  vertex -8.7851324e-01 2.6000000e-01 -2.7531190e-01
 endloop
endfacet
facet normal -7.572118e-01 0.000000e+00 -6.531695e-01
 outer loop
  vertex -8.6855220e-01 7.0000000e-02 -2.8744943e-01
  vertex -8.7368164e-01 7.0000000e-02 -2.8150293e-01
  vertex -8.7368164e-01 2.6000000e-01 -2.8150293e-01
 endloop
endfacet
facet normal -7.572118e-01 -0.000000e+00 -6.531695e-01
 outer loop
  vertex -8.6855220e-01 2.6000000e-01 -2.8744943e-01
  vertex -8.6855220e-01 7.0000000e-02 -2.8744943e-01
  vertex -8.7368164e-01 2.6000000e-01 -2.8150293e-01
 endloop
endfacet
facet normal -7.242478e-01 -0.000000e+00 -6.895397e-01
 outer loop
  vertex -8.6313710e-01 2.6000000e-01 -2.9313710e-01
  vertex -8.6313710e-01 7.0000000e-02 -2.9313710e-01
  vertex -8.6855220e-01 2.6000000e-01 -2.8744943e-01
 endloop
endfacet
facet normal -6.895378e-01 -0.000000e+00 -7.242497e-01
 outer loop
  vertex -8.6313710e-01 2.6000000e-01 -2.9313710e-01
  vertex -8.5744940e-01 7.0000000e-02 -2.9855220e-01
  vertex -8.6313710e-01 7.0000000e-02 -2.9313710e-01
 endloop
endfacet
facet normal -6.531717e-01 -0.000000e+00 -7.572099e-01
 outer loop
  vertex -8.5744940e-01 2.6000000e-01 -2.9855220e-01
  vertex -8.5150290e-01 7.0000000e-02 -3.0368167e-01
  vertex -8.5744940e-01 7.0000000e-02 -2.9855220e-01
 endloop
endfacet
facet normal -6.531717e-01 0.000000e+00 -7.572099e-01
 outer loop
  vertex -8.5744940e-01 2.6000000e-01 -2.9855220e-01
  vertex -8.5150290e-01 2.6000000e-01 -3.0368167e-01
  vertex -8.5150290e-01 7.0000000e-02 -3.0368167e-01
 endloop
endfacet
facet normal -6.152321e-01 0.000000e+00 -7.883460e-01
 outer loop
  vertex -8.5150290e-01 2.6000000e-01 -3.0368167e-01
  vertex -8.4531190e-01 2.6000000e-01 -3.0851318e-01
  vertex -8.4531190e-01 7.0000000e-02 -3.0851318e-01
 endloop
endfacet
facet normal -5.758091e-01 0.000000e+00 -8.175842e-01
 outer loop
  vertex -8.4531190e-01 7.0000000e-02 -3.0851318e-01
  vertex -8.4531190e-01 2.6000000e-01 -3.0851318e-01
  vertex -8.3889124e-01 7.0000000e-02 -3.1303513e-01
 endloop
endfacet
facet normal -5.349952e-01 0.000000e+00 -8.448551e-01
 outer loop
  vertex -8.3889124e-01 7.0000000e-02 -3.1303513e-01
  vertex -8.3889124e-01 2.6000000e-01 -3.1303513e-01
  vertex -8.3225640e-01 7.0000000e-02 -3.1723657e-01
 endloop
endfacet
facet normal -5.349952e-01 0.000000e+00 -8.448551e-01
 outer loop
  vertex -8.3225640e-01 7.0000000e-02 -3.1723657e-01
  vertex -8.3889124e-01 2.6000000e-01 -3.1303513e-01
  vertex -8.3225640e-01 2.6000000e-01 -3.1723657e-01
 endloop
endfacet
facet normal -4.928999e-01 0.000000e+00 -8.700860e-01
 outer loop
  vertex -8.2542346e-01 7.0000000e-02 -3.2110740e-01
  vertex -8.3225640e-01 2.6000000e-01 -3.1723657e-01
  vertex -8.2542346e-01 2.6000000e-01 -3.2110740e-01
 endloop
endfacet
facet normal -4.496110e-01 0.000000e+00 -8.932245e-01
 outer loop
  vertex -8.1840880e-01 7.0000000e-02 -3.2463828e-01
  vertex -8.2542346e-01 7.0000000e-02 -3.2110740e-01
  vertex -8.2542346e-01 2.6000000e-01 -3.2110740e-01
 endloop
endfacet
facet normal -4.052425e-01 0.000000e+00 -9.142092e-01
 outer loop
  vertex -8.1122940e-01 7.0000000e-02 -3.2782070e-01
  vertex -8.1840880e-01 7.0000000e-02 -3.2463828e-01
  vertex -8.1840880e-01 2.6000000e-01 -3.2463828e-01
 endloop
endfacet
facet normal -4.052425e-01 -0.000000e+00 -9.142092e-01
 outer loop
  vertex -8.1122940e-01 2.6000000e-01 -3.2782070e-01
  vertex -8.1122940e-01 7.0000000e-02 -3.2782070e-01
  vertex -8.1840880e-01 2.6000000e-01 -3.2463828e-01
 endloop
endfacet
facet normal -3.598977e-01 -0.000000e+00 -9.329918e-01
 outer loop
  vertex -8.0390240e-01 2.6000000e-01 -3.3064706e-01
  vertex -8.0390240e-01 7.0000000e-02 -3.3064706e-01
  vertex -8.1122940e-01 2.6000000e-01 -3.2782070e-01
 endloop
endfacet
facet normal -3.136786e-01 -0.000000e+00 -9.495292e-01
 outer loop
  vertex -8.0390240e-01 2.6000000e-01 -3.3064706e-01
  vertex -7.9644556e-01 7.0000000e-02 -3.3311044e-01
  vertex -8.0390240e-01 7.0000000e-02 -3.3064706e-01
 endloop
endfacet
facet normal -2.667140e-01 -0.000000e+00 -9.637757e-01
 outer loop
  vertex -7.9644556e-01 2.6000000e-01 -3.3311044e-01
  vertex -7.8887683e-01 7.0000000e-02 -3.3520500e-01
  vertex -7.9644556e-01 7.0000000e-02 -3.3311044e-01
 endloop
endfacet
facet normal -2.667140e-01 0.000000e+00 -9.637757e-01
 outer loop
  vertex -7.9644556e-01 2.6000000e-01 -3.3311044e-01
  vertex -7.8887683e-01 2.6000000e-01 -3.3520500e-01
  vertex -7.8887683e-01 7.0000000e-02 -3.3520500e-01
 endloop
endfacet
facet normal -2.191044e-01 0.000000e+00 -9.757014e-01
 outer loop
  vertex -7.8887683e-01 2.6000000e-01 -3.3520500e-01
  vertex -7.8121450e-01 2.6000000e-01 -3.3692566e-01
  vertex -7.8121450e-01 7.0000000e-02 -3.3692566e-01
 endloop
endfacet
facet normal -1.709605e-01 0.000000e+00 -9.852779e-01
 outer loop
  vertex -7.8121450e-01 7.0000000e-02 -3.3692566e-01
  vertex -7.8121450e-01 2.6000000e-01 -3.3692566e-01
  vertex -7.7347690e-01 7.0000000e-02 -3.3826825e-01
 endloop
endfacet
facet normal -1.224084e-01 0.000000e+00 -9.924798e-01
 outer loop
  vertex -7.7347690e-01 7.0000000e-02 -3.3826825e-01
  vertex -7.7347690e-01 2.6000000e-01 -3.3826825e-01
  vertex -7.6568274e-01 7.0000000e-02 -3.3922955e-01
 endloop
endfacet
facet normal -1.224084e-01 0.000000e+00 -9.924798e-01
 outer loop
  vertex -7.6568274e-01 7.0000000e-02 -3.3922955e-01
  vertex -7.7347690e-01 2.6000000e-01 -3.3826825e-01
  vertex -7.6568274e-01 2.6000000e-01 -3.3922955e-01
 endloop
endfacet
facet normal -7.356601e-02 0.000000e+00 -9.972904e-01
 outer loop
  vertex -7.5785080e-01 7.0000000e-02 -3.3980728e-01
  vertex -7.6568274e-01 2.6000000e-01 -3.3922955e-01
  vertex -7.5785080e-01 2.6000000e-01 -3.3980728e-01
 endloop
endfacet
facet normal -2.454042e-02 0.000000e+00 -9.996988e-01
 outer loop
  vertex -7.5000000e-01 7.0000000e-02 -3.4000000e-01
  vertex -7.5785080e-01 7.0000000e-02 -3.3980728e-01
  vertex -7.5785080e-01 2.6000000e-01 -3.3980728e-01
 endloop
endfacet
facet normal 2.454042e-02 0.000000e+00 -9.996988e-01
 outer loop
  vertex -7.4214920e-01 7.0000000e-02 -3.3980728e-01
  vertex -7.5000000e-01 7.0000000e-02 -3.4000000e-01
  vertex -7.5000000e-01 2.6000000e-01 -3.4000000e-01
 endloop
endfacet
facet normal 2.454042e-02 0.000000e+00 -9.996988e-01
 outer loop
  vertex -7.4214920e-01 2.6000000e-01 -3.3980728e-01
  vertex -7.4214920e-01 7.0000000e-02 -3.3980728e-01
  vertex -7.5000000e-01 2.6000000e-01 -3.4000000e-01
 endloop
endfacet
facet normal 7.356601e-02 0.000000e+00 -9.972904e-01
 outer loop
  vertex -7.3431726e-01 2.6000000e-01 -3.3922955e-01
  vertex -7.3431726e-01 7.0000000e-02 -3.3922955e-01
  vertex -7.4214920e-01 2.6000000e-01 -3.3980728e-01
 endloop
endfacet
facet normal 1.224084e-01 0.000000e+00 -9.924798e-01
 outer loop
  vertex -7.3431726e-01 2.6000000e-01 -3.3922955e-01
  vertex -7.2652310e-01 7.0000000e-02 -3.3826825e-01
  vertex -7.3431726e-01 7.0000000e-02 -3.3922955e-01
 endloop
endfacet
facet normal 1.709605e-01 0.000000e+00 -9.852779e-01
 outer loop
  vertex -7.2652310e-01 2.6000000e-01 -3.3826825e-01
  vertex -7.1878550e-01 7.0000000e-02 -3.3692566e-01
  vertex -7.2652310e-01 7.0000000e-02 -3.3826825e-01
 endloop
endfacet
facet normal 1.709605e-01 0.000000e+00 -9.852779e-01
 outer loop
  vertex -7.2652310e-01 2.6000000e-01 -3.3826825e-01
  vertex -7.1878550e-01 2.6000000e-01 -3.3692566e-01
  vertex -7.1878550e-01 7.0000000e-02 -3.3692566e-01
 endloop
endfacet
facet normal 2.191044e-01 0.000000e+00 -9.757014e-01
 outer loop
  vertex -7.1878550e-01 2.6000000e-01 -3.3692566e-01
  vertex -7.1112317e-01 2.6000000e-01 -3.3520500e-01
  vertex -7.1112317e-01 7.0000000e-02 -3.3520500e-01
 endloop
endfacet
facet normal 2.667140e-01 0.000000e+00 -9.637757e-01
 outer loop
  vertex -7.1112317e-01 7.0000000e-02 -3.3520500e-01
  vertex -7.1112317e-01 2.6000000e-01 -3.3520500e-01
  vertex -7.0355444e-01 7.0000000e-02 -3.3311044e-01
 endloop
endfacet
facet normal 3.136786e-01 0.000000e+00 -9.495292e-01
 outer loop
  vertex -7.0355444e-01 7.0000000e-02 -3.3311044e-01
  vertex -7.0355444e-01 2.6000000e-01 -3.3311044e-01
  vertex -6.9609760e-01 7.0000000e-02 -3.3064706e-01
 endloop
endfacet
facet normal 3.136786e-01 0.000000e+00 -9.495292e-01
 outer loop
  vertex -6.9609760e-01 7.0000000e-02 -3.3064706e-01
  vertex -7.0355444e-01 2.6000000e-01 -3.3311044e-01
  vertex -6.9609760e-01 2.6000000e-01 -3.3064706e-01
 endloop
endfacet
facet normal 3.598977e-01 0.000000e+00 -9.329918e-01
 outer loop
  vertex -6.8877060e-01 7.0000000e-02 -3.2782070e-01
  vertex -6.9609760e-01 2.6000000e-01 -3.3064706e-01
  vertex -6.8877060e-01 2.6000000e-01 -3.2782070e-01
 endloop
endfacet
facet normal 4.052425e-01 0.000000e+00 -9.142092e-01
 outer loop
  vertex -6.8159120e-01 7.0000000e-02 -3.2463828e-01
  vertex -6.8877060e-01 7.0000000e-02 -3.2782070e-01
  vertex -6.8877060e-01 2.6000000e-01 -3.2782070e-01
 endloop
endfacet
facet normal 4.496110e-01 0.000000e+00 -8.932245e-01
 outer loop
  vertex -6.7457654e-01 7.0000000e-02 -3.2110740e-01
  vertex -6.8159120e-01 7.0000000e-02 -3.2463828e-01
  vertex -6.8159120e-01 2.6000000e-01 -3.2463828e-01
 endloop
endfacet
facet normal 4.496110e-01 0.000000e+00 -8.932245e-01
 outer loop
  vertex -6.7457654e-01 2.6000000e-01 -3.2110740e-01
  vertex -6.7457654e-01 7.0000000e-02 -3.2110740e-01
  vertex -6.8159120e-01 2.6000000e-01 -3.2463828e-01
 endloop
endfacet
facet normal 4.928999e-01 0.000000e+00 -8.700860e-01
 outer loop
  vertex -6.6774360e-01 2.6000000e-01 -3.1723657e-01
  vertex -6.6774360e-01 7.0000000e-02 -3.1723657e-01
  vertex -6.7457654e-01 2.6000000e-01 -3.2110740e-01
 endloop
endfacet
facet normal 5.349952e-01 0.000000e+00 -8.448551e-01
 outer loop
  vertex -6.6774360e-01 2.6000000e-01 -3.1723657e-01
  vertex -6.6110876e-01 7.0000000e-02 -3.1303513e-01
  vertex -6.6774360e-01 7.0000000e-02 -3.1723657e-01
 endloop
endfacet
facet normal 5.758091e-01 0.000000e+00 -8.175842e-01
 outer loop
  vertex -6.6110876e-01 2.6000000e-01 -3.1303513e-01
  vertex -6.5468810e-01 7.0000000e-02 -3.0851318e-01
  vertex -6.6110876e-01 7.0000000e-02 -3.1303513e-01
 endloop
endfacet
facet normal 5.758091e-01 0.000000e+00 -8.175842e-01
 outer loop
  vertex -6.6110876e-01 2.6000000e-01 -3.1303513e-01
  vertex -6.5468810e-01 2.6000000e-01 -3.0851318e-01
  vertex -6.5468810e-01 7.0000000e-02 -3.0851318e-01
 endloop
endfacet
facet normal 6.152321e-01 0.000000e+00 -7.883460e-01
 outer loop
  vertex -6.5468810e-01 2.6000000e-01 -3.0851318e-01
  vertex -6.4849710e-01 2.6000000e-01 -3.0368167e-01
  vertex -6.4849710e-01 7.0000000e-02 -3.0368167e-01
 endloop
endfacet
facet normal 6.531717e-01 0.000000e+00 -7.572099e-01
 outer loop
  vertex -6.4849710e-01 7.0000000e-02 -3.0368167e-01
  vertex -6.4849710e-01 2.6000000e-01 -3.0368167e-01
  vertex -6.4255060e-01 7.0000000e-02 -2.9855220e-01
 endloop
endfacet
facet normal 8.175895e-01 0.000000e+00 -5.758015e-01
 outer loop
  vertex -6.1696490e-01 2.6000000e-01 -2.6889124e-01
  vertex -6.1696490e-01 7.0000000e-02 -2.6889124e-01
  vertex -6.2148676e-01 2.6000000e-01 -2.7531190e-01
 endloop
endfacet
facet normal 9.495254e-01 0.000000e+00 -3.136901e-01
 outer loop
  vertex -5.9935297e-01 2.6000000e-01 -2.3390237e-01
  vertex -5.9688950e-01 2.6000000e-01 -2.2644556e-01
  vertex -5.9688950e-01 7.0000000e-02 -2.2644556e-01
 endloop
endfacet
facet normal 9.637777e-01 0.000000e+00 -2.667069e-01
 outer loop
  vertex -5.9688950e-01 2.6000000e-01 -2.2644556e-01
  vertex -5.9479500e-01 7.0000000e-02 -2.1887683e-01
  vertex -5.9688950e-01 7.0000000e-02 -2.2644556e-01
 endloop
endfacet
facet normal 9.996987e-01 0.000000e+00 -2.454415e-02
 outer loop
  vertex -5.9000000e-01 2.6000000e-01 -1.8000000e-01
  vertex -5.9000000e-01 7.0000000e-02 -1.8000000e-01
  vertex -5.9019275e-01 2.6000000e-01 -1.8785083e-01
 endloop
endfacet
facet normal 9.996987e-01 0.000000e+00 -2.454415e-02
 outer loop
  vertex -5.9019275e-01 2.6000000e-01 -1.8785083e-01
  vertex -5.9000000e-01 7.0000000e-02 -1.8000000e-01
  vertex -5.9019275e-01 7.0000000e-02 -1.8785083e-01
 endloop
endfacet
facet normal 9.972906e-01 0.000000e+00 -7.356239e-02
 outer loop
  vertex -5.9077045e-01 2.6000000e-01 -1.9568275e-01
  vertex -5.9019275e-01 2.6000000e-01 -1.8785083e-01
  vertex -5.9019275e-01 7.0000000e-02 -1.8785083e-01
 endloop
endfacet
facet normal 9.972906e-01 0.000000e+00 -7.356239e-02
 outer loop
  vertex -5.9077045e-01 7.0000000e-02 -1.9568275e-01
  vertex -5.9077045e-01 2.6000000e-01 -1.9568275e-01
  vertex -5.9019275e-01 7.0000000e-02 -1.8785083e-01
 endloop
endfacet
facet normal 9.924790e-01 0.000000e+00 -1.224152e-01
 outer loop
  vertex -5.9077045e-01 7.0000000e-02 -1.9568275e-01
  vertex -5.9173180e-01 2.6000000e-01 -2.0347688e-01
  vertex -5.9077045e-01 2.6000000e-01 -1.9568275e-01
 endloop
endfacet
facet normal 9.924790e-01 0.000000e+00 -1.224152e-01
 outer loop
  vertex -5.9077045e-01 7.0000000e-02 -1.9568275e-01
  vertex -5.9173180e-01 7.0000000e-02 -2.0347688e-01
  vertex -5.9173180e-01 2.6000000e-01 -2.0347688e-01
 endloop
endfacet
facet normal 9.852776e-01 0.000000e+00 -1.709624e-01
 outer loop
  vertex -5.9173180e-01 2.6000000e-01 -2.0347688e-01
  vertex -5.9173180e-01 7.0000000e-02 -2.0347688e-01
  vertex -5.9307440e-01 2.6000000e-01 -2.1121445e-01
 endloop
endfacet
facet normal 9.852776e-01 0.000000e+00 -1.709624e-01
 outer loop
  vertex -5.9307440e-01 2.6000000e-01 -2.1121445e-01
  vertex -5.9173180e-01 7.0000000e-02 -2.0347688e-01
  vertex -5.9307440e-01 7.0000000e-02 -2.1121445e-01
 endloop
endfacet
facet normal 9.757034e-01 0.000000e+00 -2.190958e-01
 outer loop
  vertex -5.9479500e-01 2.6000000e-01 -2.1887683e-01
  vertex -5.9307440e-01 2.6000000e-01 -2.1121445e-01
  vertex -5.9307440e-01 7.0000000e-02 -2.1121445e-01
 endloop
endfacet
facet normal 9.757034e-01 0.000000e+00 -2.190958e-01
 outer loop
  vertex -5.9479500e-01 7.0000000e-02 -2.1887683e-01
  vertex -5.9479500e-01 2.6000000e-01 -2.1887683e-01
  vertex -5.9307440e-01 7.0000000e-02 -2.1121445e-01
 endloop
endfacet
facet normal 9.637777e-01 0.000000e+00 -2.667069e-01
 outer loop
  vertex -5.9479500e-01 7.0000000e-02 -2.1887683e-01
  vertex -5.9688950e-01 2.6000000e-01 -2.2644556e-01
  vertex -5.9479500e-01 2.6000000e-01 -2.1887683e-01
 endloop
endfacet
facet normal 9.495254e-01 0.000000e+00 -3.136901e-01
 outer loop
  vertex -5.9688950e-01 7.0000000e-02 -2.2644556e-01
  vertex -5.9935297e-01 7.0000000e-02 -2.3390237e-01
  vertex -5.9935297e-01 2.6000000e-01 -2.3390237e-01
 endloop
endfacet
facet normal 9.329944e-01 0.000000e+00 -3.598908e-01
 outer loop
  vertex -5.9935297e-01 2.6000000e-01 -2.3390237e-01
  vertex -5.9935297e-01 7.0000000e-02 -2.3390237e-01
  vertex -6.0217926e-01 2.6000000e-01 -2.4122935e-01
 endloop
endfacet
facet normal 9.329944e-01 0.000000e+00 -3.598908e-01
 outer loop
  vertex -6.0217926e-01 2.6000000e-01 -2.4122935e-01
  vertex -5.9935297e-01 7.0000000e-02 -2.3390237e-01
  vertex -6.0217926e-01 7.0000000e-02 -2.4122935e-01
 endloop
endfacet
facet normal 9.142096e-01 0.000000e+00 -4.052418e-01
 outer loop
  vertex -6.0536170e-01 2.6000000e-01 -2.4840881e-01
  vertex -6.0217926e-01 2.6000000e-01 -2.4122935e-01
  vertex -6.0217926e-01 7.0000000e-02 -2.4122935e-01
 endloop
endfacet
facet normal 9.142096e-01 0.000000e+00 -4.052418e-01
 outer loop
  vertex -6.0536170e-01 7.0000000e-02 -2.4840881e-01
  vertex -6.0536170e-01 2.6000000e-01 -2.4840881e-01
  vertex -6.0217926e-01 7.0000000e-02 -2.4122935e-01
 endloop
endfacet
facet normal 8.932222e-01 0.000000e+00 -4.496156e-01
 outer loop
  vertex -6.0536170e-01 7.0000000e-02 -2.4840881e-01
  vertex -6.0889264e-01 2.6000000e-01 -2.5542350e-01
  vertex -6.0536170e-01 2.6000000e-01 -2.4840881e-01
 endloop
endfacet
facet normal 8.932222e-01 0.000000e+00 -4.496156e-01
 outer loop
  vertex -6.0536170e-01 7.0000000e-02 -2.4840881e-01
  vertex -6.0889264e-01 7.0000000e-02 -2.5542350e-01
  vertex -6.0889264e-01 2.6000000e-01 -2.5542350e-01
 endloop
endfacet
facet normal 8.700899e-01 0.000000e+00 -4.928931e-01
 outer loop
  vertex -6.0889264e-01 2.6000000e-01 -2.5542350e-01
  vertex -6.0889264e-01 7.0000000e-02 -2.5542350e-01
  vertex -6.1276340e-01 2.6000000e-01 -2.6225644e-01
 endloop
endfacet
facet normal 8.700899e-01 0.000000e+00 -4.928931e-01
 outer loop
  vertex -6.1276340e-01 2.6000000e-01 -2.6225644e-01
  vertex -6.0889264e-01 7.0000000e-02 -2.5542350e-01
  vertex -6.1276340e-01 7.0000000e-02 -2.6225644e-01
 endloop
endfacet
facet normal 8.448502e-01 0.000000e+00 -5.350030e-01
 outer loop
  vertex -6.1696490e-01 2.6000000e-01 -2.6889124e-01
  vertex -6.1276340e-01 2.6000000e-01 -2.6225644e-01
  vertex -6.1276340e-01 7.0000000e-02 -2.6225644e-01
 endloop
endfacet
facet normal 8.448502e-01 0.000000e+00 -5.350030e-01
 outer loop
  vertex -6.1696490e-01 7.0000000e-02 -2.6889124e-01
  vertex -6.1696490e-01 2.6000000e-01 -2.6889124e-01
  vertex -6.1276340e-01 7.0000000e-02 -2.6225644e-01
 endloop
endfacet
facet normal 8.175895e-01 0.000000e+00 -5.758015e-01
 outer loop
  vertex -6.2148676e-01 7.0000000e-02 -2.7531190e-01
  vertex -6.2148676e-01 2.6000000e-01 -2.7531190e-01
  vertex -6.1696490e-01 7.0000000e-02 -2.6889124e-01
 endloop
endfacet
facet normal 7.883419e-01 0.000000e+00 -6.152373e-01
 outer loop
  vertex -6.2148676e-01 7.0000000e-02 -2.7531190e-01
  vertex -6.2631836e-01 2.6000000e-01 -2.8150293e-01
  vertex -6.2148676e-01 2.6000000e-01 -2.7531190e-01
 endloop
endfacet
facet normal 7.883419e-01 0.000000e+00 -6.152373e-01
 outer loop
  vertex -6.2148676e-01 7.0000000e-02 -2.7531190e-01
  vertex -6.2631836e-01 7.0000000e-02 -2.8150293e-01
  vertex -6.2631836e-01 2.6000000e-01 -2.8150293e-01
 endloop
endfacet
facet normal 7.572118e-01 0.000000e+00 -6.531695e-01
 outer loop
  vertex -6.2631836e-01 2.6000000e-01 -2.8150293e-01
  vertex -6.2631836e-01 7.0000000e-02 -2.8150293e-01
  vertex -6.3144780e-01 2.6000000e-01 -2.8744943e-01
 endloop
endfacet
facet normal 7.572118e-01 0.000000e+00 -6.531695e-01
 outer loop
  vertex -6.3144780e-01 2.6000000e-01 -2.8744943e-01
  vertex -6.2631836e-01 7.0000000e-02 -2.8150293e-01
  vertex -6.3144780e-01 7.0000000e-02 -2.8744943e-01
 endloop
endfacet
facet normal 7.242478e-01 0.000000e+00 -6.895397e-01
 outer loop
  vertex -6.3686290e-01 2.6000000e-01 -2.9313710e-01
  vertex -6.3144780e-01 2.6000000e-01 -2.8744943e-01
  vertex -6.3144780e-01 7.0000000e-02 -2.8744943e-01
 endloop
endfacet
facet normal 7.242478e-01 0.000000e+00 -6.895397e-01
 outer loop
  vertex -6.3686290e-01 7.0000000e-02 -2.9313710e-01
  vertex -6.3686290e-01 2.6000000e-01 -2.9313710e-01
  vertex -6.3144780e-01 7.0000000e-02 -2.8744943e-01
 endloop
endfacet
facet normal 6.895378e-01 0.000000e+00 -7.242497e-01
 outer loop
  vertex -6.3686290e-01 7.0000000e-02 -2.9313710e-01
  vertex -6.4255060e-01 2.6000000e-01 -2.9855220e-01
  vertex -6.3686290e-01 2.6000000e-01 -2.9313710e-01
 endloop
endfacet
facet normal 6.895378e-01 0.000000e+00 -7.242497e-01
 outer loop
  vertex -6.3686290e-01 7.0000000e-02 -2.9313710e-01
  vertex -6.4255060e-01 7.0000000e-02 -2.9855220e-01
  vertex -6.4255060e-01 2.6000000e-01 -2.9855220e-01
 endloop
endfacet
facet normal 6.531717e-01 0.000000e+00 -7.572099e-01
 outer loop
  vertex -6.4255060e-01 2.6000000e-01 -2.9855220e-01
  vertex -6.4255060e-01 7.0000000e-02 -2.9855220e-01
  vertex -6.4849710e-01 2.6000000e-01 -3.0368167e-01
 endloop
endfacet
facet normal -9.996987e-01 -0.000000e+00 -2.454415e-02
 outer loop
  vertex -9.0980725e-01 2.6000000e-01 -1.8785083e-01
  vertex -9.0980725e-01 7.0000000e-02 -1.8785083e-01
  vertex -9.1000000e-01 7.0000000e-02 -1.8000000e-01
 endloop
endfacet
facet normal 6.152321e-01 0.000000e+00 -7.883460e-01
 outer loop
  vertex -6.5468810e-01 2.6000000e-01 -3.0851318e-01
  vertex -6.4849710e-01 7.0000000e-02 -3.0368167e-01
  vertex -6.5468810e-01 7.0000000e-02 -3.0851318e-01
 endloop
endfacet
facet normal 5.349952e-01 0.000000e+00 -8.448551e-01
 outer loop
  vertex -6.6110876e-01 2.6000000e-01 -3.1303513e-01
  vertex -6.6110876e-01 7.0000000e-02 -3.1303513e-01
  vertex -6.6774360e-01 2.6000000e-01 -3.1723657e-01
 endloop
endfacet
facet normal 4.928999e-01 0.000000e+00 -8.700860e-01
 outer loop
  vertex -6.6774360e-01 7.0000000e-02 -3.1723657e-01
  vertex -6.7457654e-01 7.0000000e-02 -3.2110740e-01
  vertex -6.7457654e-01 2.6000000e-01 -3.2110740e-01
 endloop
endfacet
facet normal 4.052425e-01 0.000000e+00 -9.142092e-01
 outer loop
  vertex -6.8159120e-01 7.0000000e-02 -3.2463828e-01
  vertex -6.8877060e-01 2.6000000e-01 -3.2782070e-01
  vertex -6.8159120e-01 2.6000000e-01 -3.2463828e-01
 endloop
endfacet
facet normal 3.598977e-01 0.000000e+00 -9.329918e-01
 outer loop
  vertex -6.9609760e-01 7.0000000e-02 -3.3064706e-01
  vertex -6.9609760e-01 2.6000000e-01 -3.3064706e-01
  vertex -6.8877060e-01 7.0000000e-02 -3.2782070e-01
 endloop
endfacet
facet normal 2.667140e-01 0.000000e+00 -9.637757e-01
 outer loop
  vertex -7.1112317e-01 2.6000000e-01 -3.3520500e-01
  vertex -7.0355444e-01 2.6000000e-01 -3.3311044e-01
  vertex -7.0355444e-01 7.0000000e-02 -3.3311044e-01
 endloop
endfacet
facet normal 2.191044e-01 0.000000e+00 -9.757014e-01
 outer loop
  vertex -7.1878550e-01 2.6000000e-01 -3.3692566e-01
  vertex -7.1112317e-01 7.0000000e-02 -3.3520500e-01
  vertex -7.1878550e-01 7.0000000e-02 -3.3692566e-01
 endloop
endfacet
facet normal 1.224084e-01 0.000000e+00 -9.924798e-01
 outer loop
  vertex -7.2652310e-01 2.6000000e-01 -3.3826825e-01
  vertex -7.2652310e-01 7.0000000e-02 -3.3826825e-01
  vertex -7.3431726e-01 2.6000000e-01 -3.3922955e-01
 endloop
endfacet
facet normal 7.356601e-02 0.000000e+00 -9.972904e-01
 outer loop
  vertex -7.3431726e-01 7.0000000e-02 -3.3922955e-01
  vertex -7.4214920e-01 7.0000000e-02 -3.3980728e-01
  vertex -7.4214920e-01 2.6000000e-01 -3.3980728e-01
 endloop
endfacet
facet normal -2.454042e-02 0.000000e+00 -9.996988e-01
 outer loop
  vertex -7.5000000e-01 7.0000000e-02 -3.4000000e-01
  vertex -7.5785080e-01 2.6000000e-01 -3.3980728e-01
  vertex -7.5000000e-01 2.6000000e-01 -3.4000000e-01
 endloop
endfacet
facet normal -7.356601e-02 0.000000e+00 -9.972904e-01
 outer loop
  vertex -7.6568274e-01 7.0000000e-02 -3.3922955e-01
  vertex -7.6568274e-01 2.6000000e-01 -3.3922955e-01
  vertex -7.5785080e-01 7.0000000e-02 -3.3980728e-01
 endloop
endfacet
facet normal -1.709605e-01 0.000000e+00 -9.852779e-01
 outer loop
  vertex -7.8121450e-01 2.6000000e-01 -3.3692566e-01
  vertex -7.7347690e-01 2.6000000e-01 -3.3826825e-01
  vertex -7.7347690e-01 7.0000000e-02 -3.3826825e-01
 endloop
endfacet
facet normal -2.191044e-01 -0.000000e+00 -9.757014e-01
 outer loop
  vertex -7.8887683e-01 2.6000000e-01 -3.3520500e-01
  vertex -7.8121450e-01 7.0000000e-02 -3.3692566e-01
  vertex -7.8887683e-01 7.0000000e-02 -3.3520500e-01
 endloop
endfacet
facet normal -3.136786e-01 -0.000000e+00 -9.495292e-01
 outer loop
  vertex -7.9644556e-01 2.6000000e-01 -3.3311044e-01
  vertex -7.9644556e-01 7.0000000e-02 -3.3311044e-01
  vertex -8.0390240e-01 2.6000000e-01 -3.3064706e-01
 endloop
endfacet
facet normal -3.598977e-01 0.000000e+00 -9.329918e-01
 outer loop
  vertex -8.0390240e-01 7.0000000e-02 -3.3064706e-01
  vertex -8.1122940e-01 7.0000000e-02 -3.2782070e-01
  vertex -8.1122940e-01 2.6000000e-01 -3.2782070e-01
 endloop
endfacet
facet normal -4.496110e-01 0.000000e+00 -8.932245e-01
 outer loop
  vertex -8.1840880e-01 7.0000000e-02 -3.2463828e-01
  vertex -8.2542346e-01 2.6000000e-01 -3.2110740e-01
  vertex -8.1840880e-01 2.6000000e-01 -3.2463828e-01
 endloop
endfacet
facet normal -4.928999e-01 0.000000e+00 -8.700860e-01
 outer loop
  vertex -8.3225640e-01 7.0000000e-02 -3.1723657e-01
  vertex -8.3225640e-01 2.6000000e-01 -3.1723657e-01
  vertex -8.2542346e-01 7.0000000e-02 -3.2110740e-01
 endloop
endfacet
facet normal -5.758091e-01 0.000000e+00 -8.175842e-01
 outer loop
  vertex -8.4531190e-01 2.6000000e-01 -3.0851318e-01
  vertex -8.3889124e-01 2.6000000e-01 -3.1303513e-01
  vertex -8.3889124e-01 7.0000000e-02 -3.1303513e-01
 endloop
endfacet
facet normal -6.152321e-01 -0.000000e+00 -7.883460e-01
 outer loop
  vertex -8.5150290e-01 2.6000000e-01 -3.0368167e-01
  vertex -8.4531190e-01 7.0000000e-02 -3.0851318e-01
  vertex -8.5150290e-01 7.0000000e-02 -3.0368167e-01
 endloop
endfacet
facet normal -6.895378e-01 -0.000000e+00 -7.242497e-01
 outer loop
  vertex -8.5744940e-01 2.6000000e-01 -2.9855220e-01
  vertex -8.5744940e-01 7.0000000e-02 -2.9855220e-01
  vertex -8.6313710e-01 2.6000000e-01 -2.9313710e-01
 endloop
endfacet
facet normal -7.242478e-01 0.000000e+00 -6.895397e-01
 outer loop
  vertex -8.6313710e-01 7.0000000e-02 -2.9313710e-01
  vertex -8.6855220e-01 7.0000000e-02 -2.8744943e-01
  vertex -8.6855220e-01 2.6000000e-01 -2.8744943e-01
 endloop
endfacet
facet normal -7.883419e-01 0.000000e+00 -6.152373e-01
 outer loop
  vertex -8.7368164e-01 7.0000000e-02 -2.8150293e-01
  vertex -8.7851324e-01 2.6000000e-01 -2.7531190e-01
  vertex -8.7368164e-01 2.6000000e-01 -2.8150293e-01
 endloop
endfacet
facet normal -8.175895e-01 0.000000e+00 -5.758015e-01
 outer loop
  vertex -8.8303510e-01 7.0000000e-02 -2.6889124e-01
  vertex -8.8303510e-01 2.6000000e-01 -2.6889124e-01
  vertex -8.7851324e-01 7.0000000e-02 -2.7531190e-01
 endloop
endfacet
facet normal -8.700899e-01 0.000000e+00 -4.928931e-01
 outer loop
  vertex -8.9110736e-01 2.6000000e-01 -2.5542350e-01
  vertex -8.8723660e-01 2.6000000e-01 -2.6225644e-01
  vertex -8.8723660e-01 7.0000000e-02 -2.6225644e-01
 endloop
endfacet
facet normal -8.932222e-01 -0.000000e+00 -4.496156e-01
 outer loop
  vertex -8.9463830e-01 2.6000000e-01 -2.4840881e-01
  vertex -8.9110736e-01 7.0000000e-02 -2.5542350e-01
  vertex -8.9463830e-01 7.0000000e-02 -2.4840881e-01
 endloop
endfacet
facet normal -9.329944e-01 -0.000000e+00 -3.598908e-01
 outer loop
  vertex -8.9782074e-01 2.6000000e-01 -2.4122935e-01
  vertex -8.9782074e-01 7.0000000e-02 -2.4122935e-01
  vertex -9.0064703e-01 2.6000000e-01 -2.3390237e-01
 endloop
endfacet
facet normal -9.495254e-01 0.000000e+00 -3.136901e-01
 outer loop
  vertex -9.0064703e-01 7.0000000e-02 -2.3390237e-01
  vertex -9.0311050e-01 7.0000000e-02 -2.2644556e-01
  vertex -9.0311050e-01 2.6000000e-01 -2.2644556e-01
 endloop
endfacet
facet normal -9.757034e-01 0.000000e+00 -2.190958e-01
 outer loop
  vertex -9.0520500e-01 7.0000000e-02 -2.1887683e-01
  vertex -9.0692560e-01 2.6000000e-01 -2.1121445e-01
  vertex -9.0520500e-01 2.6000000e-01 -2.1887683e-01
 endloop
endfacet
facet normal -9.852776e-01 0.000000e+00 -1.709624e-01
 outer loop
  vertex -9.0826820e-01 7.0000000e-02 -2.0347688e-01
  vertex -9.0826820e-01 2.6000000e-01 -2.0347688e-01
  vertex -9.0692560e-01 7.0000000e-02 -2.1121445e-01
 endloop
endfacet
facet normal -9.996987e-01 0.000000e+00 -2.454415e-02
 outer loop
  vertex -9.0980725e-01 2.6000000e-01 -1.8785083e-01
  vertex -9.1000000e-01 7.0000000e-02 -1.8000000e-01
  vertex -9.1000000e-01 2.6000000e-01 -1.8000000e-01
 endloop
endfacet
facet normal -9.972906e-01 0.000000e+00 -7.356239e-02
 outer loop
  vertex -9.0922955e-01 7.0000000e-02 -1.9568275e-01
  vertex -9.0980725e-01 2.6000000e-01 -1.8785083e-01
  vertex -9.0922955e-01 2.6000000e-01 -1.9568275e-01
 endloop
endfacet
facet normal 0.000000e+00 1.000000e+00 0.000000e+00
 outer loop
  vertex -5.9077045e-01 2.6000000e-01 -1.9568275e-01
  vertex -5.9000000e-01 2.6000000e-01 -1.8000000e-01
  vertex -5.9019275e-01 2.6000000e-01 -1.8785083e-01
 endloop
endfacet
facet normal 0.000000e+00 1.000000e+00 0.000000e+00
 outer loop
  vertex -5.9173180e-01 2.6000000e-01 -2.0347688e-01
  vertex -5.9000000e-01 2.6000000e-01 -1.8000000e-01
  vertex -5.9077045e-01 2.6000000e-01 -1.9568275e-01
 endloop
endfacet
facet normal 0.000000e+00 1.000000e+00 0.000000e+00
 outer loop
  vertex -5.9307440e-01 2.6000000e-01 -2.1121445e-01
  vertex -5.9000000e-01 2.6000000e-01 -1.8000000e-01
  vertex -5.9173180e-01 2.6000000e-01 -2.0347688e-01
 endloop
endfacet
facet normal 0.000000e+00 1.000000e+00 0.000000e+00
 outer loop
  vertex -5.9479500e-01 2.6000000e-01 -2.1887683e-01
  vertex -5.9000000e-01 2.6000000e-01 -1.8000000e-01
  vertex -5.9307440e-01 2.6000000e-01 -2.1121445e-01
 endloop
endfacet
facet normal 0.000000e+00 1.000000e+00 0.000000e+00
 outer loop
  vertex -5.9688950e-01 2.6000000e-01 -2.2644556e-01
  vertex -5.9000000e-01 2.6000000e-01 -1.8000000e-01
  vertex -5.9479500e-01 2.6000000e-01 -2.1887683e-01
 endloop
endfacet
facet normal 0.000000e+00 1.000000e+00 0.000000e+00
 outer loop
  vertex -5.9935297e-01 2.6000000e-01 -2.3390237e-01
  vertex -5.9000000e-01 2.6000000e-01 -1.8000000e-01
  vertex -5.9688950e-01 2.6000000e-01 -2.2644556e-01
 endloop
endfacet
facet normal 0.000000e+00 1.000000e+00 0.000000e+00
 outer loop
  vertex -6.0217926e-01 2.6000000e-01 -2.4122935e-01
  vertex -5.9000000e-01 2.6000000e-01 -1.8000000e-01
  vertex -5.9935297e-01 2.6000000e-01 -2.3390237e-01
 endloop
endfacet
facet normal 0.000000e+00 1.000000e+00 0.000000e+00
 outer loop
  vertex -6.0536170e-01 2.6000000e-01 -2.4840881e-01
  vertex -5.9000000e-01 2.6000000e-01 -1.8000000e-01
  vertex -6.0217926e-01 2.6000000e-01 -2.4122935e-01
 endloop
endfacet
facet normal 0.000000e+00 1.000000e+00 0.000000e+00
 outer loop
  vertex -6.0889264e-01 2.6000000e-01 -2.5542350e-01
  vertex -5.9000000e-01 2.6000000e-01 -1.8000000e-01
  vertex -6.0536170e-01 2.6000000e-01 -2.4840881e-01
 endloop
endfacet
facet normal 0.000000e+00 1.000000e+00 0.000000e+00
 outer loop
  vertex -6.1276340e-01 2.6000000e-01 -2.6225644e-01
  vertex -5.9000000e-01 2.6000000e-01 -1.8000000e-01
  vertex -6.0889264e-01 2.6000000e-01 -2.5542350e-01
 endloop
endfacet
facet normal 0.000000e+00 1.000000e+00 0.000000e+00
 outer loop
  vertex -6.1696490e-01 2.6000000e-01 -2.6889124e-01
  vertex -5.9000000e-01 2.6000000e-01 -1.8000000e-01
  vertex -6.1276340e-01 2.6000000e-01 -2.6225644e-01
 endloop
endfacet
facet normal 0.000000e+00 1.000000e+00 0.000000e+00
 outer loop
  vertex -6.2148676e-01 2.6000000e-01 -2.7531190e-01
  vertex -5.9000000e-01 2.6000000e-01 -1.8000000e-01
  vertex -6.1696490e-01 2.6000000e-01 -2.6889124e-01
 endloop
endfacet
facet normal 0.000000e+00 1.000000e+00 0.000000e+00
 outer loop
  vertex -6.2631836e-01 2.6000000e-01 -2.8150293e-01
  vertex -5.9000000e-01 2.6000000e-01 -1.8000000e-01
  vertex -6.2148676e-01 2.6000000e-01 -2.7531190e-01
 endloop
endfacet
facet normal 0.000000e+00 1.000000e+00 0.000000e+00
 outer loop
  vertex -6.3144780e-01 2.6000000e-01 -2.8744943e-01
  vertex -5.9000000e-01 2.6000000e-01 -1.8000000e-01
  vertex -6.2631836e-01 2.6000000e-01 -2.8150293e-01
 endloop
endfacet
facet normal 0.000000e+00 1.000000e+00 0.000000e+00
 outer loop
  vertex -6.3686290e-01 2.6000000e-01 -2.9313710e-01
  vertex -5.9000000e-01 2.6000000e-01 -1.8000000e-01
  vertex -6.3144780e-01 2.6000000e-01 -2.8744943e-01
 endloop
endfacet
facet normal 0.000000e+00 1.000000e+00 0.000000e+00
 outer loop
  vertex -6.4255060e-01 2.6000000e-01 -2.9855220e-01
  vertex -5.9000000e-01 2.6000000e-01 -1.8000000e-01
  vertex -6.3686290e-01 2.6000000e-01 -2.9313710e-01
 endloop
endfacet
facet normal 0.000000e+00 1.000000e+00 0.000000e+00
 outer loop
  vertex -6.4849710e-01 2.6000000e-01 -3.0368167e-01
  vertex -5.9000000e-01 2.6000000e-01 -1.8000000e-01
  vertex -6.4255060e-01 2.6000000e-01 -2.9855220e-01
 endloop
endfacet
facet normal 0.000000e+00 1.000000e+00 0.000000e+00
 outer loop
  vertex -6.5468810e-01 2.6000000e-01 -3.0851318e-01
  vertex -5.9000000e-01 2.6000000e-01 -1.8000000e-01
  vertex -6.4849710e-01 2.6000000e-01 -3.0368167e-01
 endloop
endfacet
facet normal 0.000000e+00 1.000000e+00 0.000000e+00
 outer loop
  vertex -6.6110876e-01 2.6000000e-01 -3.1303513e-01
  vertex -5.9000000e-01 2.6000000e-01 -1.8000000e-01
  vertex -6.5468810e-01 2.6000000e-01 -3.0851318e-01
 endloop
endfacet
facet normal 0.000000e+00 1.000000e+00 0.000000e+00
 outer loop
  vertex -6.6774360e-01 2.6000000e-01 -3.1723657e-01
  vertex -5.9000000e-01 2.6000000e-01 -1.8000000e-01
  vertex -6.6110876e-01 2.6000000e-01 -3.1303513e-01
 endloop
endfacet
facet normal 0.000000e+00 1.000000e+00 0.000000e+00
 outer loop
  vertex -6.7457654e-01 2.6000000e-01 -3.2110740e-01
  vertex -5.9000000e-01 2.6000000e-01 -1.8000000e-01
  vertex -6.6774360e-01 2.6000000e-01 -3.1723657e-01
 endloop
endfacet
facet normal 0.000000e+00 1.000000e+00 0.000000e+00
 outer loop
  vertex -6.8159120e-01 2.6000000e-01 -3.2463828e-01
  vertex -5.9000000e-01 2.6000000e-01 -1.8000000e-01
  vertex -6.7457654e-01 2.6000000e-01 -3.2110740e-01
 endloop
endfacet
facet normal 0.000000e+00 1.000000e+00 0.000000e+00
 outer loop
  vertex -6.8877060e-01 2.6000000e-01 -3.2782070e-01
  vertex -5.9000000e-01 2.6000000e-01 -1.8000000e-01
  vertex -6.8159120e-01 2.6000000e-01 -3.2463828e-01
 endloop
endfacet
facet normal 0.000000e+00 1.000000e+00 -0.000000e+00
 outer loop
  vertex -6.9609760e-01 2.6000000e-01 -3.3064706e-01
  vertex -7.0355444e-01 2.6000000e-01 -3.3311044e-01
  vertex -5.9000000e-01 2.6000000e-01 -1.8000000e-01
 endloop
endfacet
facet normal 0.000000e+00 1.000000e+00 0.000000e+00
 outer loop
  vertex -6.9609760e-01 2.6000000e-01 -3.3064706e-01
  vertex -5.9000000e-01 2.6000000e-01 -1.8000000e-01
  vertex -6.8877060e-01 2.6000000e-01 -3.2782070e-01
 endloop
endfacet
facet normal 0.000000e+00 1.000000e+00 -0.000000e+00
 outer loop
  vertex -7.0355444e-01 2.6000000e-01 -3.3311044e-01
  vertex -7.1112317e-01 2.6000000e-01 -3.3520500e-01
  vertex -5.9000000e-01 2.6000000e-01 -1.8000000e-01
 endloop
endfacet
facet normal 0.000000e+00 1.000000e+00 -0.000000e+00
 outer loop
  vertex -7.1112317e-01 2.6000000e-01 -3.3520500e-01
  vertex -7.1878550e-01 2.6000000e-01 -3.3692566e-01
  vertex -5.9000000e-01 2.6000000e-01 -1.8000000e-01
 endloop
endfacet
facet normal 0.000000e+00 1.000000e+00 -0.000000e+00
 outer loop
  vertex -7.1878550e-01 2.6000000e-01 -3.3692566e-01
  vertex -7.2652310e-01 2.6000000e-01 -3.3826825e-01
  vertex -5.9000000e-01 2.6000000e-01 -1.8000000e-01
 endloop
endfacet
facet normal 0.000000e+00 1.000000e+00 -0.000000e+00
 outer loop
  vertex -7.2652310e-01 2.6000000e-01 -3.3826825e-01
  vertex -7.3431726e-01 2.6000000e-01 -3.3922955e-01
  vertex -5.9000000e-01 2.6000000e-01 -1.8000000e-01
 endloop
endfacet
facet normal 0.000000e+00 1.000000e+00 -0.000000e+00
 outer loop
  vertex -7.3431726e-01 2.6000000e-01 -3.3922955e-01
  vertex -7.4214920e-01 2.6000000e-01 -3.3980728e-01
  vertex -5.9000000e-01 2.6000000e-01 -1.8000000e-01
 endloop
endfacet
facet normal 0.000000e+00 1.000000e+00 -0.000000e+00
 outer loop
  vertex -7.4214920e-01 2.6000000e-01 -3.3980728e-01
  vertex -7.5000000e-01 2.6000000e-01 -3.4000000e-01
  vertex -5.9000000e-01 2.6000000e-01 -1.8000000e-01
 endloop
endfacet
facet normal 0.000000e+00 1.000000e+00 -0.000000e+00
 outer loop
  vertex -7.5000000e-01 2.6000000e-01 -3.4000000e-01
  vertex -7.5785080e-01 2.6000000e-01 -3.3980728e-01
  vertex -5.9000000e-01 2.6000000e-01 -1.8000000e-01
 endloop
endfacet
facet normal 0.000000e+00 1.000000e+00 -0.000000e+00
 outer loop
  vertex -7.5785080e-01 2.6000000e-01 -3.3980728e-01
  vertex -7.6568274e-01 2.6000000e-01 -3.3922955e-01
  vertex -5.9000000e-01 2.6000000e-01 -1.8000000e-01
 endloop
endfacet
facet normal 0.000000e+00 1.000000e+00 -0.000000e+00
 outer loop
  vertex -7.6568274e-01 2.6000000e-01 -3.3922955e-01
  vertex -7.7347690e-01 2.6000000e-01 -3.3826825e-01
  vertex -5.9000000e-01 2.6000000e-01 -1.8000000e-01
 endloop
endfacet
facet normal 0.000000e+00 1.000000e+00 0.000000e+00
 outer loop
  vertex -5.9000000e-01 2.6000000e-01 -1.8000000e-01
  vertex -7.7347690e-01 2.6000000e-01 -3.3826825e-01
  vertex -7.8121450e-01 2.6000000e-01 -3.3692566e-01
 endloop
endfacet
facet normal 0.000000e+00 1.000000e+00 0.000000e+00
 outer loop
  vertex -5.9000000e-01 2.6000000e-01 -1.8000000e-01
  vertex -7.8121450e-01 2.6000000e-01 -3.3692566e-01
  vertex -7.8887683e-01 2.6000000e-01 -3.3520500e-01
 endloop
endfacet
facet normal 0.000000e+00 1.000000e+00 0.000000e+00
 outer loop
  vertex -5.9000000e-01 2.6000000e-01 -1.8000000e-01
  vertex -7.8887683e-01 2.6000000e-01 -3.3520500e-01
  vertex -7.9644556e-01 2.6000000e-01 -3.3311044e-01
 endloop
endfacet
facet normal 0.000000e+00 1.000000e+00 0.000000e+00
 outer loop
  vertex -5.9000000e-01 2.6000000e-01 -1.8000000e-01
  vertex -7.9644556e-01 2.6000000e-01 -3.3311044e-01
  vertex -8.0390240e-01 2.6000000e-01 -3.3064706e-01
 endloop
endfacet
facet normal 0.000000e+00 1.000000e+00 0.000000e+00
 outer loop
  vertex -5.9000000e-01 2.6000000e-01 -1.8000000e-01
  vertex -8.0390240e-01 2.6000000e-01 -3.3064706e-01
  vertex -8.1122940e-01 2.6000000e-01 -3.2782070e-01
 endloop
endfacet
facet normal 0.000000e+00 1.000000e+00 0.000000e+00
 outer loop
  vertex -5.9000000e-01 2.6000000e-01 -1.8000000e-01
  vertex -8.1122940e-01 2.6000000e-01 -3.2782070e-01
  vertex -8.1840880e-01 2.6000000e-01 -3.2463828e-01
 endloop
endfacet
facet normal 0.000000e+00 1.000000e+00 0.000000e+00
 outer loop
  vertex -5.9000000e-01 2.6000000e-01 -1.8000000e-01
  vertex -8.1840880e-01 2.6000000e-01 -3.2463828e-01
  vertex -8.2542346e-01 2.6000000e-01 -3.2110740e-01
 endloop
endfacet
facet normal 0.000000e+00 1.000000e+00 0.000000e+00
 outer loop
  vertex -5.9000000e-01 2.6000000e-01 -1.8000000e-01
  vertex -8.2542346e-01 2.6000000e-01 -3.2110740e-01
  vertex -8.3225640e-01 2.6000000e-01 -3.1723657e-01
 endloop
endfacet
facet normal 0.000000e+00 1.000000e+00 0.000000e+00
 outer loop
  vertex -5.9000000e-01 2.6000000e-01 -1.8000000e-01
  vertex -8.3225640e-01 2.6000000e-01 -3.1723657e-01
  vertex -8.3889124e-01 2.6000000e-01 -3.1303513e-01
 endloop
endfacet
facet normal 0.000000e+00 1.000000e+00 0.000000e+00
 outer loop
  vertex -5.9000000e-01 2.6000000e-01 -1.8000000e-01
  vertex -8.3889124e-01 2.6000000e-01 -3.1303513e-01
  vertex -8.4531190e-01 2.6000000e-01 -3.0851318e-01
 endloop
endfacet
facet normal 0.000000e+00 1.000000e+00 0.000000e+00
 outer loop
  vertex -5.9000000e-01 2.6000000e-01 -1.8000000e-01
  vertex -8.4531190e-01 2.6000000e-01 -3.0851318e-01
  vertex -8.5150290e-01 2.6000000e-01 -3.0368167e-01
 endloop
endfacet
facet normal 0.000000e+00 1.000000e+00 0.000000e+00
 outer loop
  vertex -5.9000000e-01 2.6000000e-01 -1.8000000e-01
  vertex -8.5150290e-01 2.6000000e-01 -3.0368167e-01
  vertex -8.5744940e-01 2.6000000e-01 -2.9855220e-01
 endloop
endfacet
facet normal 0.000000e+00 1.000000e+00 0.000000e+00
 outer loop
  vertex -5.9000000e-01 2.6000000e-01 -1.8000000e-01
  vertex -8.5744940e-01 2.6000000e-01 -2.9855220e-01
  vertex -8.6313710e-01 2.6000000e-01 -2.9313710e-01
 endloop
endfacet
facet normal 0.000000e+00 1.000000e+00 0.000000e+00
 outer loop
  vertex -5.9000000e-01 2.6000000e-01 -1.8000000e-01
  vertex -8.6313710e-01 2.6000000e-01 -2.9313710e-01
  vertex -8.6855220e-01 2.6000000e-01 -2.8744943e-01
 endloop
endfacet
facet normal 0.000000e+00 1.000000e+00 0.000000e+00
 outer loop
  vertex -5.9000000e-01 2.6000000e-01 -1.8000000e-01
  vertex -8.6855220e-01 2.6000000e-01 -2.8744943e-01
  vertex -8.7368164e-01 2.6000000e-01 -2.8150293e-01
 endloop
endfacet
facet normal 0.000000e+00 1.000000e+00 0.000000e+00
 outer loop
  vertex -5.9000000e-01 2.6000000e-01 -1.8000000e-01
  vertex -8.7368164e-01 2.6000000e-01 -2.8150293e-01
  vertex -8.7851324e-01 2.6000000e-01 -2.7531190e-01
 endloop
endfacet
facet normal 0.000000e+00 1.000000e+00 0.000000e+00
 outer loop
  vertex -5.9000000e-01 2.6000000e-01 -1.8000000e-01
  vertex -8.7851324e-01 2.6000000e-01 -2.7531190e-01
  vertex -8.8303510e-01 2.6000000e-01 -2.6889124e-01
 endloop
endfacet
facet normal 0.000000e+00 1.000000e+00 0.000000e+00
 outer loop
  vertex -5.9000000e-01 2.6000000e-01 -1.8000000e-01
  vertex -8.8303510e-01 2.6000000e-01 -2.6889124e-01
  vertex -8.8723660e-01 2.6000000e-01 -2.6225644e-01
 endloop
endfacet
facet normal -0.000000e+00 1.000000e+00 0.000000e+00
 outer loop
  vertex -8.9463830e-01 2.6000000e-01 -2.4840881e-01
  vertex -5.9000000e-01 2.6000000e-01 -1.8000000e-01
  vertex -8.9110736e-01 2.6000000e-01 -2.5542350e-01
 endloop
endfacet
facet normal 0.000000e+00 1.000000e+00 0.000000e+00
 outer loop
  vertex -5.9000000e-01 2.6000000e-01 -1.8000000e-01
  vertex -8.8723660e-01 2.6000000e-01 -2.6225644e-01
  vertex -8.9110736e-01 2.6000000e-01 -2.5542350e-01
 endloop
endfacet
facet normal -0.000000e+00 1.000000e+00 0.000000e+00
 outer loop
  vertex -8.9782074e-01 2.6000000e-01 -2.4122935e-01
  vertex -5.9000000e-01 2.6000000e-01 -1.8000000e-01
  vertex -8.9463830e-01 2.6000000e-01 -2.4840881e-01
 endloop
endfacet
facet normal -0.000000e+00 1.000000e+00 0.000000e+00
 outer loop
  vertex -9.0064703e-01 2.6000000e-01 -2.3390237e-01
  vertex -5.9000000e-01 2.6000000e-01 -1.8000000e-01
  vertex -8.9782074e-01 2.6000000e-01 -2.4122935e-01
 endloop
endfacet
facet normal -0.000000e+00 1.000000e+00 0.000000e+00
 outer loop
  vertex -9.0311050e-01 2.6000000e-01 -2.2644556e-01
  vertex -5.9000000e-01 2.6000000e-01 -1.8000000e-01
  vertex -9.0064703e-01 2.6000000e-01 -2.3390237e-01
 endloop
endfacet
facet normal -0.000000e+00 1.000000e+00 0.000000e+00
 outer loop
  vertex -9.0520500e-01 2.6000000e-01 -2.1887683e-01
  vertex -5.9000000e-01 2.6000000e-01 -1.8000000e-01
  vertex -9.0311050e-01 2.6000000e-01 -2.2644556e-01
 endloop
endfacet
facet normal -0.000000e+00 1.000000e+00 0.000000e+00
 outer loop
  vertex -9.0692560e-01 2.6000000e-01 -2.1121445e-01
  vertex -5.9000000e-01 2.6000000e-01 -1.8000000e-01
  vertex -9.0520500e-01 2.6000000e-01 -2.1887683e-01
 endloop
endfacet
facet normal -0.000000e+00 1.000000e+00 0.000000e+00
 outer loop
  vertex -9.0826820e-01 2.6000000e-01 -2.0347688e-01
  vertex -5.9000000e-01 2.6000000e-01 -1.8000000e-01
  vertex -9.0692560e-01 2.6000000e-01 -2.1121445e-01
 endloop
endfacet
facet normal -0.000000e+00 1.000000e+00 0.000000e+00
 outer loop
  vertex -9.0922955e-01 2.6000000e-01 -1.9568275e-01
  vertex -5.9000000e-01 2.6000000e-01 -1.8000000e-01
  vertex -9.0826820e-01 2.6000000e-01 -2.0347688e-01
 endloop
endfacet
facet normal 0.000000e+00 1.000000e+00 -0.000000e+00
 outer loop
  vertex -9.0980725e-01 2.6000000e-01 -1.8785083e-01
  vertex -9.1000000e-01 2.6000000e-01 -1.8000000e-01
  vertex -5.9000000e-01 2.6000000e-01 -1.8000000e-01
 endloop
endfacet
facet normal 0.000000e+00 1.000000e+00 0.000000e+00
 outer loop
  vertex -9.1000000e-01 2.6000000e-01 -1.8000000e-01
  vertex -9.0980725e-01 2.6000000e-01 -1.7214917e-01
  vertex -5.9000000e-01 2.6000000e-01 -1.8000000e-01
 endloop
endfacet
facet normal -0.000000e+00 1.000000e+00 0.000000e+00
 outer loop
  vertex -9.0980725e-01 2.6000000e-01 -1.7214917e-01
  vertex -9.0922955e-01 2.6000000e-01 -1.6431725e-01
  vertex -5.9000000e-01 2.6000000e-01 -1.8000000e-01
 endloop
endfacet
facet normal -0.000000e+00 1.000000e+00 0.000000e+00
 outer loop
  vertex -9.0922955e-01 2.6000000e-01 -1.6431725e-01
  vertex -9.0826820e-01 2.6000000e-01 -1.5652312e-01
  vertex -5.9000000e-01 2.6000000e-01 -1.8000000e-01
 endloop
endfacet
facet normal 0.000000e+00 1.000000e+00 0.000000e+00
 outer loop
  vertex -5.9000000e-01 2.6000000e-01 -1.8000000e-01
  vertex -9.0826820e-01 2.6000000e-01 -1.5652312e-01
  vertex -9.0692560e-01 2.6000000e-01 -1.4878555e-01
 endloop
endfacet
facet normal 0.000000e+00 1.000000e+00 0.000000e+00
 outer loop
  vertex -5.9000000e-01 2.6000000e-01 -1.8000000e-01
  vertex -9.0692560e-01 2.6000000e-01 -1.4878555e-01
  vertex -9.0520500e-01 2.6000000e-01 -1.4112317e-01
 endloop
endfacet
facet normal 0.000000e+00 1.000000e+00 0.000000e+00
 outer loop
  vertex -5.9000000e-01 2.6000000e-01 -1.8000000e-01
  vertex -9.0520500e-01 2.6000000e-01 -1.4112317e-01
  vertex -9.0311050e-01 2.6000000e-01 -1.3355446e-01
 endloop
endfacet
facet normal 0.000000e+00 1.000000e+00 0.000000e+00
 outer loop
  vertex -5.9000000e-01 2.6000000e-01 -1.8000000e-01
  vertex -9.0311050e-01 2.6000000e-01 -1.3355446e-01
  vertex -9.0064703e-01 2.6000000e-01 -1.2609762e-01
 endloop
endfacet
facet normal 0.000000e+00 1.000000e+00 0.000000e+00
 outer loop
  vertex -5.9000000e-01 2.6000000e-01 -1.8000000e-01
  vertex -9.0064703e-01 2.6000000e-01 -1.2609762e-01
  vertex -8.9782074e-01 2.6000000e-01 -1.1877065e-01
 endloop
endfacet
facet normal 0.000000e+00 1.000000e+00 0.000000e+00
 outer loop
  vertex -5.9000000e-01 2.6000000e-01 -1.8000000e-01
  vertex -8.9782074e-01 2.6000000e-01 -1.1877065e-01
  vertex -8.9463830e-01 2.6000000e-01 -1.1159118e-01
 endloop
endfacet
facet normal 0.000000e+00 1.000000e+00 0.000000e+00
 outer loop
  vertex -5.9000000e-01 2.6000000e-01 -1.8000000e-01
  vertex -8.9463830e-01 2.6000000e-01 -1.1159118e-01
  vertex -8.9110736e-01 2.6000000e-01 -1.0457652e-01
 endloop
endfacet
facet normal 0.000000e+00 1.000000e+00 0.000000e+00
 outer loop
  vertex -5.9000000e-01 2.6000000e-01 -1.8000000e-01
  vertex -8.9110736e-01 2.6000000e-01 -1.0457652e-01
  vertex -8.8723660e-01 2.6000000e-01 -9.7743560e-02
 endloop
endfacet
facet normal 0.000000e+00 1.000000e+00 0.000000e+00
 outer loop
  vertex -5.9000000e-01 2.6000000e-01 -1.8000000e-01
  vertex -8.8723660e-01 2.6000000e-01 -9.7743560e-02
  vertex -8.8303510e-01 2.6000000e-01 -9.1108765e-02
 endloop
endfacet
facet normal 0.000000e+00 1.000000e+00 0.000000e+00
 outer loop
  vertex -5.9000000e-01 2.6000000e-01 -1.8000000e-01
  vertex -8.8303510e-01 2.6000000e-01 -9.1108765e-02
  vertex -8.7851324e-01 2.6000000e-01 -8.4688110e-02
 endloop
endfacet
facet normal 0.000000e+00 1.000000e+00 0.000000e+00
 outer loop
  vertex -5.9000000e-01 2.6000000e-01 -1.8000000e-01
  vertex -8.7851324e-01 2.6000000e-01 -8.4688110e-02
  vertex -8.7368164e-01 2.6000000e-01 -7.8497080e-02
 endloop
endfacet
facet normal 0.000000e+00 1.000000e+00 0.000000e+00
 outer loop
  vertex -5.9000000e-01 2.6000000e-01 -1.8000000e-01
  vertex -8.7368164e-01 2.6000000e-01 -7.8497080e-02
  vertex -8.6855220e-01 2.6000000e-01 -7.2550570e-02
 endloop
endfacet
facet normal 0.000000e+00 1.000000e+00 0.000000e+00
 outer loop
  vertex -5.9000000e-01 2.6000000e-01 -1.8000000e-01
  vertex -8.6855220e-01 2.6000000e-01 -7.2550570e-02
  vertex -8.6313710e-01 2.6000000e-01 -6.6862915e-02
 endloop
endfacet
facet normal 0.000000e+00 1.000000e+00 0.000000e+00
 outer loop
  vertex -5.9000000e-01 2.6000000e-01 -1.8000000e-01
  vertex -8.6313710e-01 2.6000000e-01 -6.6862915e-02
  vertex -8.5744940e-01 2.6000000e-01 -6.1447823e-02
 endloop
endfacet
facet normal 0.000000e+00 1.000000e+00 0.000000e+00
 outer loop
  vertex -5.9000000e-01 2.6000000e-01 -1.8000000e-01
  vertex -8.5744940e-01 2.6000000e-01 -6.1447823e-02
  vertex -8.5150290e-01 2.6000000e-01 -5.6318330e-02
 endloop
endfacet
facet normal 0.000000e+00 1.000000e+00 0.000000e+00
 outer loop
  vertex -5.9000000e-01 2.6000000e-01 -1.8000000e-01
  vertex -8.5150290e-01 2.6000000e-01 -5.6318330e-02
  vertex -8.4531190e-01 2.6000000e-01 -5.1486794e-02
 endloop
endfacet
facet normal 0.000000e+00 1.000000e+00 0.000000e+00
 outer loop
  vertex -5.9000000e-01 2.6000000e-01 -1.8000000e-01
  vertex -8.4531190e-01 2.6000000e-01 -5.1486794e-02
  vertex -8.3889124e-01 2.6000000e-01 -4.6964863e-02
 endloop
endfacet
facet normal 0.000000e+00 1.000000e+00 0.000000e+00
 outer loop
  vertex -5.9000000e-01 2.6000000e-01 -1.8000000e-01
  vertex -8.3889124e-01 2.6000000e-01 -4.6964863e-02
  vertex -8.3225640e-01 2.6000000e-01 -4.2763424e-02
 endloop
endfacet
facet normal 0.000000e+00 1.000000e+00 0.000000e+00
 outer loop
  vertex -8.1840880e-01 2.6000000e-01 -3.5361713e-02
  vertex -5.9000000e-01 2.6000000e-01 -1.8000000e-01
  vertex -8.2542346e-01 2.6000000e-01 -3.8892597e-02
 endloop
endfacet
facet normal 0.000000e+00 1.000000e+00 0.000000e+00
 outer loop
  vertex -5.9000000e-01 2.6000000e-01 -1.8000000e-01
  vertex -8.3225640e-01 2.6000000e-01 -4.2763424e-02
  vertex -8.2542346e-01 2.6000000e-01 -3.8892597e-02
 endloop
endfacet
facet normal 0.000000e+00 1.000000e+00 0.000000e+00
 outer loop
  vertex -8.1122940e-01 2.6000000e-01 -3.2179276e-02
  vertex -5.9000000e-01 2.6000000e-01 -1.8000000e-01
  vertex -8.1840880e-01 2.6000000e-01 -3.5361713e-02
 endloop
endfacet
facet normal 0.000000e+00 1.000000e+00 0.000000e+00
 outer loop
  vertex -8.0390240e-01 2.6000000e-01 -2.9352950e-02
  vertex -5.9000000e-01 2.6000000e-01 -1.8000000e-01
  vertex -8.1122940e-01 2.6000000e-01 -3.2179276e-02
 endloop
endfacet
facet normal 0.000000e+00 1.000000e+00 0.000000e+00
 outer loop
  vertex -7.9644556e-01 2.6000000e-01 -2.6889545e-02
  vertex -5.9000000e-01 2.6000000e-01 -1.8000000e-01
  vertex -8.0390240e-01 2.6000000e-01 -2.9352950e-02
 endloop
endfacet
facet normal 0.000000e+00 1.000000e+00 0.000000e+00
 outer loop
  vertex -7.8887683e-01 2.6000000e-01 -2.4795000e-02
  vertex -5.9000000e-01 2.6000000e-01 -1.8000000e-01
  vertex -7.9644556e-01 2.6000000e-01 -2.6889545e-02
 endloop
endfacet
facet normal 0.000000e+00 1.000000e+00 0.000000e+00
 outer loop
  vertex -7.8121450e-01 2.6000000e-01 -2.3074354e-02
  vertex -5.9000000e-01 2.6000000e-01 -1.8000000e-01
  vertex -7.8887683e-01 2.6000000e-01 -2.4795000e-02
 endloop
endfacet
facet normal 0.000000e+00 1.000000e+00 0.000000e+00
 outer loop
  vertex -7.7347690e-01 2.6000000e-01 -2.1731758e-02
  vertex -5.9000000e-01 2.6000000e-01 -1.8000000e-01
  vertex -7.8121450e-01 2.6000000e-01 -2.3074354e-02
 endloop
endfacet
facet normal 0.000000e+00 1.000000e+00 0.000000e+00
 outer loop
  vertex -7.6568274e-01 2.6000000e-01 -2.0770443e-02
  vertex -5.9000000e-01 2.6000000e-01 -1.8000000e-01
  vertex -7.7347690e-01 2.6000000e-01 -2.1731758e-02
 endloop
endfacet
facet normal 0.000000e+00 1.000000e+00 0.000000e+00
 outer loop
  vertex -7.5785080e-01 2.6000000e-01 -2.0192728e-02
  vertex -5.9000000e-01 2.6000000e-01 -1.8000000e-01
  vertex -7.6568274e-01 2.6000000e-01 -2.0770443e-02
 endloop
endfacet
facet normal 0.000000e+00 1.000000e+00 0.000000e+00
 outer loop
  vertex -7.5000000e-01 2.6000000e-01 -2.0000000e-02
  vertex -5.9000000e-01 2.6000000e-01 -1.8000000e-01
  vertex -7.5785080e-01 2.6000000e-01 -2.0192728e-02
 endloop
endfacet
facet normal 0.000000e+00 1.000000e+00 0.000000e+00
 outer loop
  vertex -7.4214920e-01 2.6000000e-01 -2.0192728e-02
  vertex -5.9000000e-01 2.6000000e-01 -1.8000000e-01
  vertex -7.5000000e-01 2.6000000e-01 -2.0000000e-02
 endloop
endfacet
facet normal 0.000000e+00 1.000000e+00 0.000000e+00
 outer loop
  vertex -7.3431726e-01 2.6000000e-01 -2.0770443e-02
  vertex -5.9000000e-01 2.6000000e-01 -1.8000000e-01
  vertex -7.4214920e-01 2.6000000e-01 -2.0192728e-02
 endloop
endfacet
facet normal 0.000000e+00 1.000000e+00 0.000000e+00
 outer loop
  vertex -7.3431726e-01 2.6000000e-01 -2.0770443e-02
  vertex -7.2652310e-01 2.6000000e-01 -2.1731758e-02
  vertex -5.9000000e-01 2.6000000e-01 -1.8000000e-01
 endloop
endfacet
facet normal 0.000000e+00 1.000000e+00 0.000000e+00
 outer loop
  vertex -7.2652310e-01 2.6000000e-01 -2.1731758e-02
  vertex -7.1878550e-01 2.6000000e-01 -2.3074354e-02
  vertex -5.9000000e-01 2.6000000e-01 -1.8000000e-01
 endloop
endfacet
facet normal 0.000000e+00 1.000000e+00 0.000000e+00
 outer loop
  vertex -7.1878550e-01 2.6000000e-01 -2.3074354e-02
  vertex -7.1112317e-01 2.6000000e-01 -2.4795000e-02
  vertex -5.9000000e-01 2.6000000e-01 -1.8000000e-01
 endloop
endfacet
facet normal 0.000000e+00 1.000000e+00 0.000000e+00
 outer loop
  vertex -7.1112317e-01 2.6000000e-01 -2.4795000e-02
  vertex -7.0355444e-01 2.6000000e-01 -2.6889545e-02
  vertex -5.9000000e-01 2.6000000e-01 -1.8000000e-01
 endloop
endfacet
facet normal 0.000000e+00 1.000000e+00 0.000000e+00
 outer loop
  vertex -7.0355444e-01 2.6000000e-01 -2.6889545e-02
  vertex -6.9609760e-01 2.6000000e-01 -2.9352950e-02
  vertex -5.9000000e-01 2.6000000e-01 -1.8000000e-01
 endloop
endfacet
facet normal 0.000000e+00 1.000000e+00 0.000000e+00
 outer loop
  vertex -6.9609760e-01 2.6000000e-01 -2.9352950e-02
  vertex -6.8877060e-01 2.6000000e-01 -3.2179276e-02
  vertex -5.9000000e-01 2.6000000e-01 -1.8000000e-01
 endloop
endfacet
facet normal 0.000000e+00 1.000000e+00 0.000000e+00
 outer loop
  vertex -6.8877060e-01 2.6000000e-01 -3.2179276e-02
  vertex -6.8159120e-01 2.6000000e-01 -3.5361713e-02
  vertex -5.9000000e-01 2.6000000e-01 -1.8000000e-01
 endloop
endfacet
facet normal 0.000000e+00 1.000000e+00 0.000000e+00
 outer loop
  vertex -6.8159120e-01 2.6000000e-01 -3.5361713e-02
  vertex -6.7457654e-01 2.6000000e-01 -3.8892597e-02
  vertex -5.9000000e-01 2.6000000e-01 -1.8000000e-01
 endloop
endfacet
facet normal 0.000000e+00 1.000000e+00 0.000000e+00
 outer loop
  vertex -6.7457654e-01 2.6000000e-01 -3.8892597e-02
  vertex -6.6774360e-01 2.6000000e-01 -4.2763424e-02
  vertex -5.9000000e-01 2.6000000e-01 -1.8000000e-01
 endloop
endfacet
facet normal 0.000000e+00 1.000000e+00 0.000000e+00
 outer loop
  vertex -6.6774360e-01 2.6000000e-01 -4.2763424e-02
  vertex -6.6110876e-01 2.6000000e-01 -4.6964863e-02
  vertex -5.9000000e-01 2.6000000e-01 -1.8000000e-01
 endloop
endfacet
facet normal 0.000000e+00 1.000000e+00 0.000000e+00
 outer loop
  vertex -6.6110876e-01 2.6000000e-01 -4.6964863e-02
  vertex -6.5468810e-01 2.6000000e-01 -5.1486794e-02
  vertex -5.9000000e-01 2.6000000e-01 -1.8000000e-01
 endloop
endfacet
facet normal 0.000000e+00 1.000000e+00 0.000000e+00
 outer loop
  vertex -6.5468810e-01 2.6000000e-01 -5.1486794e-02
  vertex -6.4849710e-01 2.6000000e-01 -5.6318330e-02
  vertex -5.9000000e-01 2.6000000e-01 -1.8000000e-01
 endloop
endfacet
facet normal 0.000000e+00 1.000000e+00 0.000000e+00
 outer loop
  vertex -6.4849710e-01 2.6000000e-01 -5.6318330e-02
  vertex -6.4255060e-01 2.6000000e-01 -6.1447823e-02
  vertex -5.9000000e-01 2.6000000e-01 -1.8000000e-01
 endloop
endfacet
facet normal 0.000000e+00 1.000000e+00 0.000000e+00
 outer loop
  vertex -6.4255060e-01 2.6000000e-01 -6.1447823e-02
  vertex -6.3686290e-01 2.6000000e-01 -6.6862915e-02
  vertex -5.9000000e-01 2.6000000e-01 -1.8000000e-01
 endloop
endfacet
facet normal 0.000000e+00 1.000000e+00 0.000000e+00
 outer loop
  vertex -6.3686290e-01 2.6000000e-01 -6.6862915e-02
  vertex -6.3144780e-01 2.6000000e-01 -7.2550570e-02
  vertex -5.9000000e-01 2.6000000e-01 -1.8000000e-01
 endloop
endfacet
facet normal 0.000000e+00 1.000000e+00 0.000000e+00
 outer loop
  vertex -6.3144780e-01 2.6000000e-01 -7.2550570e-02
  vertex -6.2631836e-01 2.6000000e-01 -7.8497080e-02
  vertex -5.9000000e-01 2.6000000e-01 -1.8000000e-01
 endloop
endfacet
facet normal 0.000000e+00 1.000000e+00 0.000000e+00
 outer loop
  vertex -6.2631836e-01 2.6000000e-01 -7.8497080e-02
  vertex -6.2148676e-01 2.6000000e-01 -8.4688110e-02
  vertex -5.9000000e-01 2.6000000e-01 -1.8000000e-01
 endloop
endfacet
facet normal 0.000000e+00 1.000000e+00 0.000000e+00
 outer loop
  vertex -6.2148676e-01 2.6000000e-01 -8.4688110e-02
  vertex -6.1696490e-01 2.6000000e-01 -9.1108765e-02
  vertex -5.9000000e-01 2.6000000e-01 -1.8000000e-01
 endloop
endfacet
facet normal 0.000000e+00 1.000000e+00 0.000000e+00
 outer loop
  vertex -5.9000000e-01 2.6000000e-01 -1.8000000e-01
  vertex -6.1276340e-01 2.6000000e-01 -9.7743560e-02
  vertex -6.0889264e-01 2.6000000e-01 -1.0457652e-01
 endloop
endfacet
facet normal 0.000000e+00 1.000000e+00 0.000000e+00
 outer loop
  vertex -6.1696490e-01 2.6000000e-01 -9.1108765e-02
  vertex -6.1276340e-01 2.6000000e-01 -9.7743560e-02
  vertex -5.9000000e-01 2.6000000e-01 -1.8000000e-01
 endloop
endfacet
facet normal 0.000000e+00 1.000000e+00 0.000000e+00
 outer loop
  vertex -5.9000000e-01 2.6000000e-01 -1.8000000e-01
  vertex -6.0889264e-01 2.6000000e-01 -1.0457652e-01
  vertex -6.0536170e-01 2.6000000e-01 -1.1159118e-01
 endloop
endfacet
facet normal 0.000000e+00 1.000000e+00 0.000000e+00
 outer loop
  vertex -5.9000000e-01 2.6000000e-01 -1.8000000e-01
  vertex -6.0536170e-01 2.6000000e-01 -1.1159118e-01
  vertex -6.0217926e-01 2.6000000e-01 -1.1877065e-01
 endloop
endfacet
facet normal 0.000000e+00 1.000000e+00 0.000000e+00
 outer loop
  vertex -5.9000000e-01 2.6000000e-01 -1.8000000e-01
  vertex -6.0217926e-01 2.6000000e-01 -1.1877065e-01
  vertex -5.9935297e-01 2.6000000e-01 -1.2609762e-01
 endloop
endfacet
facet normal 0.000000e+00 1.000000e+00 0.000000e+00
 outer loop
  vertex -5.9000000e-01 2.6000000e-01 -1.8000000e-01
  vertex -5.9935297e-01 2.6000000e-01 -1.2609762e-01
  vertex -5.9688950e-01 2.6000000e-01 -1.3355446e-01
 endloop
endfacet
facet normal 0.000000e+00 1.000000e+00 0.000000e+00
 outer loop
  vertex -5.9000000e-01 2.6000000e-01 -1.8000000e-01
  vertex -5.9688950e-01 2.6000000e-01 -1.3355446e-01
  vertex -5.9479500e-01 2.6000000e-01 -1.4112317e-01
 endloop
endfacet
facet normal 0.000000e+00 1.000000e+00 0.000000e+00
 outer loop
  vertex -5.9000000e-01 2.6000000e-01 -1.8000000e-01
  vertex -5.9479500e-01 2.6000000e-01 -1.4112317e-01
  vertex -5.9307440e-01 2.6000000e-01 -1.4878555e-01
 endloop
endfacet
facet normal 0.000000e+00 1.000000e+00 0.000000e+00
 outer loop
  vertex -5.9000000e-01 2.6000000e-01 -1.8000000e-01
  vertex -5.9307440e-01 2.6000000e-01 -1.4878555e-01
  vertex -5.9173180e-01 2.6000000e-01 -1.5652312e-01
 endloop
endfacet
facet normal 0.000000e+00 1.000000e+00 0.000000e+00
 outer loop
  vertex -5.9000000e-01 2.6000000e-01 -1.8000000e-01
  vertex -5.9173180e-01 2.6000000e-01 -1.5652312e-01
  vertex -5.9077045e-01 2.6000000e-01 -1.6431725e-01
 endloop
endfacet
facet normal 0.000000e+00 1.000000e+00 0.000000e+00
 outer loop
  vertex -5.9000000e-01 2.6000000e-01 -1.8000000e-01
  vertex -5.9077045e-01 2.6000000e-01 -1.6431725e-01
  vertex -5.9019275e-01 2.6000000e-01 -1.7214917e-01
 endloop
endfacet
facet normal -0.000000e+00 1.000000e+00 0.000000e+00
 outer loop
  vertex -9.0980725e-01 2.6000000e-01 -1.8785083e-01
  vertex -5.9000000e-01 2.6000000e-01 -1.8000000e-01
  vertex -9.0922955e-01 2.6000000e-01 -1.9568275e-01
 endloop
endfacet
facet normal 0.000000e+00 -1.000000e+00 0.000000e+00
 outer loop
  vertex -5.9077045e-01 7.0000000e-02 -1.9568275e-01
  vertex -5.9019275e-01 7.0000000e-02 -1.8785083e-01
  vertex -5.9000000e-01 7.0000000e-02 -1.8000000e-01
 endloop
endfacet
facet normal 0.000000e+00 -1.000000e+00 0.000000e+00
 outer loop
  vertex -5.9173180e-01 7.0000000e-02 -2.0347688e-01
  vertex -5.9077045e-01 7.0000000e-02 -1.9568275e-01
  vertex -5.9000000e-01 7.0000000e-02 -1.8000000e-01
 endloop
endfacet
facet normal 0.000000e+00 -1.000000e+00 0.000000e+00
 outer loop
  vertex -5.9307440e-01 7.0000000e-02 -2.1121445e-01
  vertex -5.9173180e-01 7.0000000e-02 -2.0347688e-01
  vertex -5.9000000e-01 7.0000000e-02 -1.8000000e-01
 endloop
endfacet
facet normal 0.000000e+00 -1.000000e+00 0.000000e+00
 outer loop
  vertex -5.9479500e-01 7.0000000e-02 -2.1887683e-01
  vertex -5.9307440e-01 7.0000000e-02 -2.1121445e-01
  vertex -5.9000000e-01 7.0000000e-02 -1.8000000e-01
 endloop
endfacet
facet normal 0.000000e+00 -1.000000e+00 0.000000e+00
 outer loop
  vertex -5.9688950e-01 7.0000000e-02 -2.2644556e-01
  vertex -5.9479500e-01 7.0000000e-02 -2.1887683e-01
  vertex -5.9000000e-01 7.0000000e-02 -1.8000000e-01
 endloop
endfacet
facet normal 0.000000e+00 -1.000000e+00 0.000000e+00
 outer loop
  vertex -5.9935297e-01 7.0000000e-02 -2.3390237e-01
  vertex -5.9688950e-01 7.0000000e-02 -2.2644556e-01
  vertex -5.9000000e-01 7.0000000e-02 -1.8000000e-01
 endloop
endfacet
facet normal 0.000000e+00 -1.000000e+00 0.000000e+00
 outer loop
  vertex -6.0217926e-01 7.0000000e-02 -2.4122935e-01
  vertex -5.9935297e-01 7.0000000e-02 -2.3390237e-01
  vertex -5.9000000e-01 7.0000000e-02 -1.8000000e-01
 endloop
endfacet
facet normal 0.000000e+00 -1.000000e+00 0.000000e+00
 outer loop
  vertex -6.0536170e-01 7.0000000e-02 -2.4840881e-01
  vertex -6.0217926e-01 7.0000000e-02 -2.4122935e-01
  vertex -5.9000000e-01 7.0000000e-02 -1.8000000e-01
 endloop
endfacet
facet normal 0.000000e+00 -1.000000e+00 0.000000e+00
 outer loop
  vertex -6.0889264e-01 7.0000000e-02 -2.5542350e-01
  vertex -6.0536170e-01 7.0000000e-02 -2.4840881e-01
  vertex -5.9000000e-01 7.0000000e-02 -1.8000000e-01
 endloop
endfacet
facet normal 0.000000e+00 -1.000000e+00 0.000000e+00
 outer loop
  vertex -6.1276340e-01 7.0000000e-02 -2.6225644e-01
  vertex -6.0889264e-01 7.0000000e-02 -2.5542350e-01
  vertex -5.9000000e-01 7.0000000e-02 -1.8000000e-01
 endloop
endfacet
facet normal 0.000000e+00 -1.000000e+00 0.000000e+00
 outer loop
  vertex -6.1696490e-01 7.0000000e-02 -2.6889124e-01
  vertex -6.1276340e-01 7.0000000e-02 -2.6225644e-01
  vertex -5.9000000e-01 7.0000000e-02 -1.8000000e-01
 endloop
endfacet
facet normal 0.000000e+00 -1.000000e+00 0.000000e+00
 outer loop
  vertex -6.2148676e-01 7.0000000e-02 -2.7531190e-01
  vertex -6.1696490e-01 7.0000000e-02 -2.6889124e-01
  vertex -5.9000000e-01 7.0000000e-02 -1.8000000e-01
 endloop
endfacet
facet normal 0.000000e+00 -1.000000e+00 0.000000e+00
 outer loop
  vertex -6.2631836e-01 7.0000000e-02 -2.8150293e-01
  vertex -6.2148676e-01 7.0000000e-02 -2.7531190e-01
  vertex -5.9000000e-01 7.0000000e-02 -1.8000000e-01
 endloop
endfacet
facet normal 0.000000e+00 -1.000000e+00 0.000000e+00
 outer loop
  vertex -6.3144780e-01 7.0000000e-02 -2.8744943e-01
  vertex -6.2631836e-01 7.0000000e-02 -2.8150293e-01
  vertex -5.9000000e-01 7.0000000e-02 -1.8000000e-01
 endloop
endfacet
facet normal 0.000000e+00 -1.000000e+00 0.000000e+00
 outer loop
  vertex -6.3686290e-01 7.0000000e-02 -2.9313710e-01
  vertex -6.3144780e-01 7.0000000e-02 -2.8744943e-01
  vertex -5.9000000e-01 7.0000000e-02 -1.8000000e-01
 endloop
endfacet
facet normal 0.000000e+00 -1.000000e+00 0.000000e+00
 outer loop
  vertex -6.4255060e-01 7.0000000e-02 -2.9855220e-01
  vertex -6.3686290e-01 7.0000000e-02 -2.9313710e-01
  vertex -5.9000000e-01 7.0000000e-02 -1.8000000e-01
 endloop
endfacet
facet normal 0.000000e+00 -1.000000e+00 0.000000e+00
 outer loop
  vertex -6.4849710e-01 7.0000000e-02 -3.0368167e-01
  vertex -6.4255060e-01 7.0000000e-02 -2.9855220e-01
  vertex -5.9000000e-01 7.0000000e-02 -1.8000000e-01
 endloop
endfacet
facet normal 0.000000e+00 -1.000000e+00 0.000000e+00
 outer loop
  vertex -6.5468810e-01 7.0000000e-02 -3.0851318e-01
  vertex -6.4849710e-01 7.0000000e-02 -3.0368167e-01
  vertex -5.9000000e-01 7.0000000e-02 -1.8000000e-01
 endloop
endfacet
facet normal 0.000000e+00 -1.000000e+00 0.000000e+00
 outer loop
  vertex -6.6110876e-01 7.0000000e-02 -3.1303513e-01
  vertex -6.5468810e-01 7.0000000e-02 -3.0851318e-01
  vertex -5.9000000e-01 7.0000000e-02 -1.8000000e-01
 endloop
endfacet
facet normal 0.000000e+00 -1.000000e+00 0.000000e+00
 outer loop
  vertex -6.6774360e-01 7.0000000e-02 -3.1723657e-01
  vertex -6.6110876e-01 7.0000000e-02 -3.1303513e-01
  vertex -5.9000000e-01 7.0000000e-02 -1.8000000e-01
 endloop
endfacet
facet normal 0.000000e+00 -1.000000e+00 0.000000e+00
 outer loop
  vertex -6.7457654e-01 7.0000000e-02 -3.2110740e-01
  vertex -6.6774360e-01 7.0000000e-02 -3.1723657e-01
  vertex -5.9000000e-01 7.0000000e-02 -1.8000000e-01
 endloop
endfacet
facet normal 0.000000e+00 -1.000000e+00 0.000000e+00
 outer loop
  vertex -6.8159120e-01 7.0000000e-02 -3.2463828e-01
  vertex -6.7457654e-01 7.0000000e-02 -3.2110740e-01
  vertex -5.9000000e-01 7.0000000e-02 -1.8000000e-01
 endloop
endfacet
facet normal 0.000000e+00 -1.000000e+00 0.000000e+00
 outer loop
  vertex -6.8877060e-01 7.0000000e-02 -3.2782070e-01
  vertex -6.8159120e-01 7.0000000e-02 -3.2463828e-01
  vertex -5.9000000e-01 7.0000000e-02 -1.8000000e-01
 endloop
endfacet
facet normal -0.000000e+00 -1.000000e+00 0.000000e+00
 outer loop
  vertex -6.9609760e-01 7.0000000e-02 -3.3064706e-01
  vertex -5.9000000e-01 7.0000000e-02 -1.8000000e-01
  vertex -7.0355444e-01 7.0000000e-02 -3.3311044e-01
 endloop
endfacet
facet normal 0.000000e+00 -1.000000e+00 0.000000e+00
 outer loop
  vertex -6.9609760e-01 7.0000000e-02 -3.3064706e-01
  vertex -6.8877060e-01 7.0000000e-02 -3.2782070e-01
  vertex -5.9000000e-01 7.0000000e-02 -1.8000000e-01
 endloop
endfacet
facet normal -0.000000e+00 -1.000000e+00 0.000000e+00
 outer loop
  vertex -7.0355444e-01 7.0000000e-02 -3.3311044e-01
  vertex -5.9000000e-01 7.0000000e-02 -1.8000000e-01
  vertex -7.1112317e-01 7.0000000e-02 -3.3520500e-01
 endloop
endfacet
facet normal -0.000000e+00 -1.000000e+00 0.000000e+00
 outer loop
  vertex -7.1112317e-01 7.0000000e-02 -3.3520500e-01
  vertex -5.9000000e-01 7.0000000e-02 -1.8000000e-01
  vertex -7.1878550e-01 7.0000000e-02 -3.3692566e-01
 endloop
endfacet
facet normal -0.000000e+00 -1.000000e+00 0.000000e+00
 outer loop
  vertex -7.1878550e-01 7.0000000e-02 -3.3692566e-01
  vertex -5.9000000e-01 7.0000000e-02 -1.8000000e-01
  vertex -7.2652310e-01 7.0000000e-02 -3.3826825e-01
 endloop
endfacet
facet normal -0.000000e+00 -1.000000e+00 0.000000e+00
 outer loop
  vertex -7.2652310e-01 7.0000000e-02 -3.3826825e-01
  vertex -5.9000000e-01 7.0000000e-02 -1.8000000e-01
  vertex -7.3431726e-01 7.0000000e-02 -3.3922955e-01
 endloop
endfacet
facet normal -0.000000e+00 -1.000000e+00 0.000000e+00
 outer loop
  vertex -7.3431726e-01 7.0000000e-02 -3.3922955e-01
  vertex -5.9000000e-01 7.0000000e-02 -1.8000000e-01
  vertex -7.4214920e-01 7.0000000e-02 -3.3980728e-01
 endloop
endfacet
facet normal -0.000000e+00 -1.000000e+00 0.000000e+00
 outer loop
  vertex -7.4214920e-01 7.0000000e-02 -3.3980728e-01
  vertex -5.9000000e-01 7.0000000e-02 -1.8000000e-01
  vertex -7.5000000e-01 7.0000000e-02 -3.4000000e-01
 endloop
endfacet
facet normal 0.000000e+00 -1.000000e+00 0.000000e+00
 outer loop
  vertex -7.5000000e-01 7.0000000e-02 -3.4000000e-01
  vertex -5.9000000e-01 7.0000000e-02 -1.8000000e-01
  vertex -7.5785080e-01 7.0000000e-02 -3.3980728e-01
 endloop
endfacet
facet normal 0.000000e+00 -1.000000e+00 0.000000e+00
 outer loop
  vertex -7.5785080e-01 7.0000000e-02 -3.3980728e-01
  vertex -5.9000000e-01 7.0000000e-02 -1.8000000e-01
  vertex -7.6568274e-01 7.0000000e-02 -3.3922955e-01
 endloop
endfacet
facet normal 0.000000e+00 -1.000000e+00 0.000000e+00
 outer loop
  vertex -7.6568274e-01 7.0000000e-02 -3.3922955e-01
  vertex -5.9000000e-01 7.0000000e-02 -1.8000000e-01
  vertex -7.7347690e-01 7.0000000e-02 -3.3826825e-01
 endloop
endfacet
facet normal 0.000000e+00 -1.000000e+00 0.000000e+00
 outer loop
  vertex -5.9000000e-01 7.0000000e-02 -1.8000000e-01
  vertex -7.8121450e-01 7.0000000e-02 -3.3692566e-01
  vertex -7.7347690e-01 7.0000000e-02 -3.3826825e-01
 endloop
endfacet
facet normal 0.000000e+00 -1.000000e+00 0.000000e+00
 outer loop
  vertex -5.9000000e-01 7.0000000e-02 -1.8000000e-01
  vertex -7.8887683e-01 7.0000000e-02 -3.3520500e-01
  vertex -7.8121450e-01 7.0000000e-02 -3.3692566e-01
 endloop
endfacet
facet normal 0.000000e+00 -1.000000e+00 0.000000e+00
 outer loop
  vertex -5.9000000e-01 7.0000000e-02 -1.8000000e-01
  vertex -7.9644556e-01 7.0000000e-02 -3.3311044e-01
  vertex -7.8887683e-01 7.0000000e-02 -3.3520500e-01
 endloop
endfacet
facet normal 0.000000e+00 -1.000000e+00 0.000000e+00
 outer loop
  vertex -5.9000000e-01 7.0000000e-02 -1.8000000e-01
  vertex -8.0390240e-01 7.0000000e-02 -3.3064706e-01
  vertex -7.9644556e-01 7.0000000e-02 -3.3311044e-01
 endloop
endfacet
facet normal 0.000000e+00 -1.000000e+00 0.000000e+00
 outer loop
  vertex -5.9000000e-01 7.0000000e-02 -1.8000000e-01
  vertex -8.1122940e-01 7.0000000e-02 -3.2782070e-01
  vertex -8.0390240e-01 7.0000000e-02 -3.3064706e-01
 endloop
endfacet
facet normal 0.000000e+00 -1.000000e+00 0.000000e+00
 outer loop
  vertex -5.9000000e-01 7.0000000e-02 -1.8000000e-01
  vertex -8.1840880e-01 7.0000000e-02 -3.2463828e-01
  vertex -8.1122940e-01 7.0000000e-02 -3.2782070e-01
 endloop
endfacet
facet normal 0.000000e+00 -1.000000e+00 0.000000e+00
 outer loop
  vertex -5.9000000e-01 7.0000000e-02 -1.8000000e-01
  vertex -8.2542346e-01 7.0000000e-02 -3.2110740e-01
  vertex -8.1840880e-01 7.0000000e-02 -3.2463828e-01
 endloop
endfacet
facet normal 0.000000e+00 -1.000000e+00 0.000000e+00
 outer loop
  vertex -5.9000000e-01 7.0000000e-02 -1.8000000e-01
  vertex -8.3225640e-01 7.0000000e-02 -3.1723657e-01
  vertex -8.2542346e-01 7.0000000e-02 -3.2110740e-01
 endloop
endfacet
facet normal 0.000000e+00 -1.000000e+00 0.000000e+00
 outer loop
  vertex -5.9000000e-01 7.0000000e-02 -1.8000000e-01
  vertex -8.3889124e-01 7.0000000e-02 -3.1303513e-01
  vertex -8.3225640e-01 7.0000000e-02 -3.1723657e-01
 endloop
endfacet
facet normal 0.000000e+00 -1.000000e+00 0.000000e+00
 outer loop
  vertex -5.9000000e-01 7.0000000e-02 -1.8000000e-01
  vertex -8.4531190e-01 7.0000000e-02 -3.0851318e-01
  vertex -8.3889124e-01 7.0000000e-02 -3.1303513e-01
 endloop
endfacet
facet normal 0.000000e+00 -1.000000e+00 0.000000e+00
 outer loop
  vertex -5.9000000e-01 7.0000000e-02 -1.8000000e-01
  vertex -8.5150290e-01 7.0000000e-02 -3.0368167e-01
  vertex -8.4531190e-01 7.0000000e-02 -3.0851318e-01
 endloop
endfacet
facet normal 0.000000e+00 -1.000000e+00 0.000000e+00
 outer loop
  vertex -5.9000000e-01 7.0000000e-02 -1.8000000e-01
  vertex -8.5744940e-01 7.0000000e-02 -2.9855220e-01
  vertex -8.5150290e-01 7.0000000e-02 -3.0368167e-01
 endloop
endfacet
facet normal 0.000000e+00 -1.000000e+00 0.000000e+00
 outer loop
  vertex -5.9000000e-01 7.0000000e-02 -1.8000000e-01
  vertex -8.6313710e-01 7.0000000e-02 -2.9313710e-01
  vertex -8.5744940e-01 7.0000000e-02 -2.9855220e-01
 endloop
endfacet
facet normal 0.000000e+00 -1.000000e+00 0.000000e+00
 outer loop
  vertex -5.9000000e-01 7.0000000e-02 -1.8000000e-01
  vertex -8.6855220e-01 7.0000000e-02 -2.8744943e-01
  vertex -8.6313710e-01 7.0000000e-02 -2.9313710e-01
 endloop
endfacet
facet normal 0.000000e+00 -1.000000e+00 0.000000e+00
 outer loop
  vertex -5.9000000e-01 7.0000000e-02 -1.8000000e-01
  vertex -8.7368164e-01 7.0000000e-02 -2.8150293e-01
  vertex -8.6855220e-01 7.0000000e-02 -2.8744943e-01
 endloop
endfacet
facet normal 0.000000e+00 -1.000000e+00 0.000000e+00
 outer loop
  vertex -5.9000000e-01 7.0000000e-02 -1.8000000e-01
  vertex -8.7851324e-01 7.0000000e-02 -2.7531190e-01
  vertex -8.7368164e-01 7.0000000e-02 -2.8150293e-01
 endloop
endfacet
facet normal 0.000000e+00 -1.000000e+00 0.000000e+00
 outer loop
  vertex -5.9000000e-01 7.0000000e-02 -1.8000000e-01
  vertex -8.8303510e-01 7.0000000e-02 -2.6889124e-01
  vertex -8.7851324e-01 7.0000000e-02 -2.7531190e-01
 endloop
endfacet
facet normal 0.000000e+00 -1.000000e+00 0.000000e+00
 outer loop
  vertex -5.9000000e-01 7.0000000e-02 -1.8000000e-01
  vertex -8.8723660e-01 7.0000000e-02 -2.6225644e-01
  vertex -8.8303510e-01 7.0000000e-02 -2.6889124e-01
 endloop
endfacet
facet normal 0.000000e+00 -1.000000e+00 0.000000e+00
 outer loop
  vertex -8.9463830e-01 7.0000000e-02 -2.4840881e-01
  vertex -8.9110736e-01 7.0000000e-02 -2.5542350e-01
  vertex -5.9000000e-01 7.0000000e-02 -1.8000000e-01
 endloop
endfacet
facet normal 0.000000e+00 -1.000000e+00 0.000000e+00
 outer loop
  vertex -5.9000000e-01 7.0000000e-02 -1.8000000e-01
  vertex -8.9110736e-01 7.0000000e-02 -2.5542350e-01
  vertex -8.8723660e-01 7.0000000e-02 -2.6225644e-01
 endloop
endfacet
facet normal 0.000000e+00 -1.000000e+00 0.000000e+00
 outer loop
  vertex -8.9782074e-01 7.0000000e-02 -2.4122935e-01
  vertex -8.9463830e-01 7.0000000e-02 -2.4840881e-01
  vertex -5.9000000e-01 7.0000000e-02 -1.8000000e-01
 endloop
endfacet
facet normal 0.000000e+00 -1.000000e+00 0.000000e+00
 outer loop
  vertex -9.0064703e-01 7.0000000e-02 -2.3390237e-01
  vertex -8.9782074e-01 7.0000000e-02 -2.4122935e-01
  vertex -5.9000000e-01 7.0000000e-02 -1.8000000e-01
 endloop
endfacet
facet normal 0.000000e+00 -1.000000e+00 0.000000e+00
 outer loop
  vertex -9.0311050e-01 7.0000000e-02 -2.2644556e-01
  vertex -9.0064703e-01 7.0000000e-02 -2.3390237e-01
  vertex -5.9000000e-01 7.0000000e-02 -1.8000000e-01
 endloop
endfacet
facet normal 0.000000e+00 -1.000000e+00 0.000000e+00
 outer loop
  vertex -9.0520500e-01 7.0000000e-02 -2.1887683e-01
  vertex -9.0311050e-01 7.0000000e-02 -2.2644556e-01
  vertex -5.9000000e-01 7.0000000e-02 -1.8000000e-01
 endloop
endfacet
facet normal 0.000000e+00 -1.000000e+00 0.000000e+00
 outer loop
  vertex -9.0692560e-01 7.0000000e-02 -2.1121445e-01
  vertex -9.0520500e-01 7.0000000e-02 -2.1887683e-01
  vertex -5.9000000e-01 7.0000000e-02 -1.8000000e-01
 endloop
endfacet
facet normal 0.000000e+00 -1.000000e+00 0.000000e+00
 outer loop
  vertex -9.0826820e-01 7.0000000e-02 -2.0347688e-01
  vertex -9.0692560e-01 7.0000000e-02 -2.1121445e-01
  vertex -5.9000000e-01 7.0000000e-02 -1.8000000e-01
 endloop
endfacet
facet normal 0.000000e+00 -1.000000e+00 0.000000e+00
 outer loop
  vertex -9.0922955e-01 7.0000000e-02 -1.9568275e-01
  vertex -9.0826820e-01 7.0000000e-02 -2.0347688e-01
  vertex -5.9000000e-01 7.0000000e-02 -1.8000000e-01
 endloop
endfacet
facet normal 0.000000e+00 -1.000000e+00 0.000000e+00
 outer loop
  vertex -9.0980725e-01 7.0000000e-02 -1.8785083e-01
  vertex -5.9000000e-01 7.0000000e-02 -1.8000000e-01
  vertex -9.1000000e-01 7.0000000e-02 -1.8000000e-01
 endloop
endfacet
facet normal 0.000000e+00 -1.000000e+00 0.000000e+00
 outer loop
  vertex -9.1000000e-01 7.0000000e-02 -1.8000000e-01
  vertex -5.9000000e-01 7.0000000e-02 -1.8000000e-01
  vertex -9.0980725e-01 7.0000000e-02 -1.7214917e-01
 endloop
endfacet
facet normal 0.000000e+00 -1.000000e+00 0.000000e+00
 outer loop
  vertex -9.0980725e-01 7.0000000e-02 -1.7214917e-01
  vertex -5.9000000e-01 7.0000000e-02 -1.8000000e-01
  vertex -9.0922955e-01 7.0000000e-02 -1.6431725e-01
 endloop
endfacet
facet normal 0.000000e+00 -1.000000e+00 0.000000e+00
 outer loop
  vertex -9.0922955e-01 7.0000000e-02 -1.6431725e-01
  vertex -5.9000000e-01 7.0000000e-02 -1.8000000e-01
  vertex -9.0826820e-01 7.0000000e-02 -1.5652312e-01
 endloop
endfacet
facet normal 0.000000e+00 -1.000000e+00 0.000000e+00
 outer loop
  vertex -5.9000000e-01 7.0000000e-02 -1.8000000e-01
  vertex -9.0692560e-01 7.0000000e-02 -1.4878555e-01
  vertex -9.0826820e-01 7.0000000e-02 -1.5652312e-01
 endloop
endfacet
facet normal 0.000000e+00 -1.000000e+00 0.000000e+00
 outer loop
  vertex -5.9000000e-01 7.0000000e-02 -1.8000000e-01
  vertex -9.0520500e-01 7.0000000e-02 -1.4112317e-01
  vertex -9.0692560e-01 7.0000000e-02 -1.4878555e-01
 endloop
endfacet
facet normal 0.000000e+00 -1.000000e+00 0.000000e+00
 outer loop
  vertex -5.9000000e-01 7.0000000e-02 -1.8000000e-01
  vertex -9.0311050e-01 7.0000000e-02 -1.3355446e-01
  vertex -9.0520500e-01 7.0000000e-02 -1.4112317e-01
 endloop
endfacet
facet normal 0.000000e+00 -1.000000e+00 0.000000e+00
 outer loop
  vertex -5.9000000e-01 7.0000000e-02 -1.8000000e-01
  vertex -9.0064703e-01 7.0000000e-02 -1.2609762e-01
  vertex -9.0311050e-01 7.0000000e-02 -1.3355446e-01
 endloop
endfacet
facet normal 0.000000e+00 -1.000000e+00 0.000000e+00
 outer loop
  vertex -5.9000000e-01 7.0000000e-02 -1.8000000e-01
  vertex -8.9782074e-01 7.0000000e-02 -1.1877065e-01
  vertex -9.0064703e-01 7.0000000e-02 -1.2609762e-01
 endloop
endfacet
facet normal 0.000000e+00 -1.000000e+00 0.000000e+00
 outer loop
  vertex -5.9000000e-01 7.0000000e-02 -1.8000000e-01
  vertex -8.9463830e-01 7.0000000e-02 -1.1159118e-01
  vertex -8.9782074e-01 7.0000000e-02 -1.1877065e-01
 endloop
endfacet
facet normal 0.000000e+00 -1.000000e+00 0.000000e+00
 outer loop
  vertex -5.9000000e-01 7.0000000e-02 -1.8000000e-01
  vertex -8.9110736e-01 7.0000000e-02 -1.0457652e-01
  vertex -8.9463830e-01 7.0000000e-02 -1.1159118e-01
 endloop
endfacet
facet normal 0.000000e+00 -1.000000e+00 0.000000e+00
 outer loop
  vertex -5.9000000e-01 7.0000000e-02 -1.8000000e-01
  vertex -8.8723660e-01 7.0000000e-02 -9.7743560e-02
  vertex -8.9110736e-01 7.0000000e-02 -1.0457652e-01
 endloop
endfacet
facet normal 0.000000e+00 -1.000000e+00 0.000000e+00
 outer loop
  vertex -5.9000000e-01 7.0000000e-02 -1.8000000e-01
  vertex -8.8303510e-01 7.0000000e-02 -9.1108765e-02
  vertex -8.8723660e-01 7.0000000e-02 -9.7743560e-02
 endloop
endfacet
facet normal 0.000000e+00 -1.000000e+00 0.000000e+00
 outer loop
  vertex -5.9000000e-01 7.0000000e-02 -1.8000000e-01
  vertex -8.7851324e-01 7.0000000e-02 -8.4688110e-02
  vertex -8.8303510e-01 7.0000000e-02 -9.1108765e-02
 endloop
endfacet
facet normal 0.000000e+00 -1.000000e+00 0.000000e+00
 outer loop
  vertex -5.9000000e-01 7.0000000e-02 -1.8000000e-01
  vertex -8.7368164e-01 7.0000000e-02 -7.8497080e-02
  vertex -8.7851324e-01 7.0000000e-02 -8.4688110e-02
 endloop
endfacet
facet normal 0.000000e+00 -1.000000e+00 0.000000e+00
 outer loop
  vertex -5.9000000e-01 7.0000000e-02 -1.8000000e-01
  vertex -8.6855220e-01 7.0000000e-02 -7.2550570e-02
  vertex -8.7368164e-01 7.0000000e-02 -7.8497080e-02
 endloop
endfacet
facet normal 0.000000e+00 -1.000000e+00 0.000000e+00
 outer loop
  vertex -5.9000000e-01 7.0000000e-02 -1.8000000e-01
  vertex -8.6313710e-01 7.0000000e-02 -6.6862915e-02
  vertex -8.6855220e-01 7.0000000e-02 -7.2550570e-02
 endloop
endfacet
facet normal 0.000000e+00 -1.000000e+00 0.000000e+00
 outer loop
  vertex -5.9000000e-01 7.0000000e-02 -1.8000000e-01
  vertex -8.5744940e-01 7.0000000e-02 -6.1447823e-02
  vertex -8.6313710e-01 7.0000000e-02 -6.6862915e-02
 endloop
endfacet
facet normal 0.000000e+00 -1.000000e+00 0.000000e+00
 outer loop
  vertex -5.9000000e-01 7.0000000e-02 -1.8000000e-01
  vertex -8.5150290e-01 7.0000000e-02 -5.6318330e-02
  vertex -8.5744940e-01 7.0000000e-02 -6.1447823e-02
 endloop
endfacet
facet normal 0.000000e+00 -1.000000e+00 0.000000e+00
 outer loop
  vertex -5.9000000e-01 7.0000000e-02 -1.8000000e-01
  vertex -8.4531190e-01 7.0000000e-02 -5.1486794e-02
  vertex -8.5150290e-01 7.0000000e-02 -5.6318330e-02
 endloop
endfacet
facet normal 0.000000e+00 -1.000000e+00 0.000000e+00
 outer loop
  vertex -5.9000000e-01 7.0000000e-02 -1.8000000e-01
  vertex -8.3889124e-01 7.0000000e-02 -4.6964863e-02
  vertex -8.4531190e-01 7.0000000e-02 -5.1486794e-02
 endloop
endfacet
facet normal 0.000000e+00 -1.000000e+00 0.000000e+00
 outer loop
  vertex -5.9000000e-01 7.0000000e-02 -1.8000000e-01
  vertex -8.3225640e-01 7.0000000e-02 -4.2763424e-02
  vertex -8.3889124e-01 7.0000000e-02 -4.6964863e-02
 endloop
endfacet
facet normal 0.000000e+00 -1.000000e+00 -0.000000e+00
 outer loop
  vertex -8.1840880e-01 7.0000000e-02 -3.5361713e-02
  vertex -8.2542346e-01 7.0000000e-02 -3.8892597e-02
  vertex -5.9000000e-01 7.0000000e-02 -1.8000000e-01
 endloop
endfacet
facet normal 0.000000e+00 -1.000000e+00 0.000000e+00
 outer loop
  vertex -5.9000000e-01 7.0000000e-02 -1.8000000e-01
  vertex -8.2542346e-01 7.0000000e-02 -3.8892597e-02
  vertex -8.3225640e-01 7.0000000e-02 -4.2763424e-02
 endloop
endfacet
facet normal 0.000000e+00 -1.000000e+00 -0.000000e+00
 outer loop
  vertex -8.1122940e-01 7.0000000e-02 -3.2179276e-02
  vertex -8.1840880e-01 7.0000000e-02 -3.5361713e-02
  vertex -5.9000000e-01 7.0000000e-02 -1.8000000e-01
 endloop
endfacet
facet normal 0.000000e+00 -1.000000e+00 -0.000000e+00
 outer loop
  vertex -8.0390240e-01 7.0000000e-02 -2.9352950e-02
  vertex -8.1122940e-01 7.0000000e-02 -3.2179276e-02
  vertex -5.9000000e-01 7.0000000e-02 -1.8000000e-01
 endloop
endfacet
facet normal 0.000000e+00 -1.000000e+00 -0.000000e+00
 outer loop
  vertex -7.9644556e-01 7.0000000e-02 -2.6889545e-02
  vertex -8.0390240e-01 7.0000000e-02 -2.9352950e-02
  vertex -5.9000000e-01 7.0000000e-02 -1.8000000e-01
 endloop
endfacet
facet normal 0.000000e+00 -1.000000e+00 -0.000000e+00
 outer loop
  vertex -7.8887683e-01 7.0000000e-02 -2.4795000e-02
  vertex -7.9644556e-01 7.0000000e-02 -2.6889545e-02
  vertex -5.9000000e-01 7.0000000e-02 -1.8000000e-01
 endloop
endfacet
facet normal 0.000000e+00 -1.000000e+00 -0.000000e+00
 outer loop
  vertex -7.8121450e-01 7.0000000e-02 -2.3074354e-02
  vertex -7.8887683e-01 7.0000000e-02 -2.4795000e-02
  vertex -5.9000000e-01 7.0000000e-02 -1.8000000e-01
 endloop
endfacet
facet normal 0.000000e+00 -1.000000e+00 -0.000000e+00
 outer loop
  vertex -7.7347690e-01 7.0000000e-02 -2.1731758e-02
  vertex -7.8121450e-01 7.0000000e-02 -2.3074354e-02
  vertex -5.9000000e-01 7.0000000e-02 -1.8000000e-01
 endloop
endfacet
facet normal 0.000000e+00 -1.000000e+00 -0.000000e+00
 outer loop
  vertex -7.6568274e-01 7.0000000e-02 -2.0770443e-02
  vertex -7.7347690e-01 7.0000000e-02 -2.1731758e-02
  vertex -5.9000000e-01 7.0000000e-02 -1.8000000e-01
 endloop
endfacet
facet normal 0.000000e+00 -1.000000e+00 -0.000000e+00
 outer loop
  vertex -7.5785080e-01 7.0000000e-02 -2.0192728e-02
  vertex -7.6568274e-01 7.0000000e-02 -2.0770443e-02
  vertex -5.9000000e-01 7.0000000e-02 -1.8000000e-01
 endloop
endfacet
facet normal 0.000000e+00 -1.000000e+00 -0.000000e+00
 outer loop
  vertex -7.5000000e-01 7.0000000e-02 -2.0000000e-02
  vertex -7.5785080e-01 7.0000000e-02 -2.0192728e-02
  vertex -5.9000000e-01 7.0000000e-02 -1.8000000e-01
 endloop
endfacet
facet normal -0.000000e+00 -1.000000e+00 -0.000000e+00
 outer loop
  vertex -7.4214920e-01 7.0000000e-02 -2.0192728e-02
  vertex -7.5000000e-01 7.0000000e-02 -2.0000000e-02
  vertex -5.9000000e-01 7.0000000e-02 -1.8000000e-01
 endloop
endfacet
facet normal -0.000000e+00 -1.000000e+00 -0.000000e+00
 outer loop
  vertex -7.3431726e-01 7.0000000e-02 -2.0770443e-02
  vertex -7.4214920e-01 7.0000000e-02 -2.0192728e-02
  vertex -5.9000000e-01 7.0000000e-02 -1.8000000e-01
 endloop
endfacet
facet normal 0.000000e+00 -1.000000e+00 0.000000e+00
 outer loop
  vertex -7.3431726e-01 7.0000000e-02 -2.0770443e-02
  vertex -5.9000000e-01 7.0000000e-02 -1.8000000e-01
  vertex -7.2652310e-01 7.0000000e-02 -2.1731758e-02
 endloop
endfacet
facet normal 0.000000e+00 -1.000000e+00 0.000000e+00
 outer loop
  vertex -7.2652310e-01 7.0000000e-02 -2.1731758e-02
  vertex -5.9000000e-01 7.0000000e-02 -1.8000000e-01
  vertex -7.1878550e-01 7.0000000e-02 -2.3074354e-02
 endloop
endfacet
facet normal 0.000000e+00 -1.000000e+00 0.000000e+00
 outer loop
  vertex -7.1878550e-01 7.0000000e-02 -2.3074354e-02
  vertex -5.9000000e-01 7.0000000e-02 -1.8000000e-01
  vertex -7.1112317e-01 7.0000000e-02 -2.4795000e-02
 endloop
endfacet
facet normal 0.000000e+00 -1.000000e+00 0.000000e+00
 outer loop
  vertex -7.1112317e-01 7.0000000e-02 -2.4795000e-02
  vertex -5.9000000e-01 7.0000000e-02 -1.8000000e-01
  vertex -7.0355444e-01 7.0000000e-02 -2.6889545e-02
 endloop
endfacet
facet normal 0.000000e+00 -1.000000e+00 0.000000e+00
 outer loop
  vertex -7.0355444e-01 7.0000000e-02 -2.6889545e-02
  vertex -5.9000000e-01 7.0000000e-02 -1.8000000e-01
  vertex -6.9609760e-01 7.0000000e-02 -2.9352950e-02
 endloop
endfacet
facet normal 0.000000e+00 -1.000000e+00 0.000000e+00
 outer loop
  vertex -6.9609760e-01 7.0000000e-02 -2.9352950e-02
  vertex -5.9000000e-01 7.0000000e-02 -1.8000000e-01
  vertex -6.8877060e-01 7.0000000e-02 -3.2179276e-02
 endloop
endfacet
facet normal 0.000000e+00 -1.000000e+00 0.000000e+00
 outer loop
  vertex -6.8877060e-01 7.0000000e-02 -3.2179276e-02
  vertex -5.9000000e-01 7.0000000e-02 -1.8000000e-01
  vertex -6.8159120e-01 7.0000000e-02 -3.5361713e-02
 endloop
endfacet
facet normal 0.000000e+00 -1.000000e+00 0.000000e+00
 outer loop
  vertex -6.8159120e-01 7.0000000e-02 -3.5361713e-02
  vertex -5.9000000e-01 7.0000000e-02 -1.8000000e-01
  vertex -6.7457654e-01 7.0000000e-02 -3.8892597e-02
 endloop
endfacet
facet normal 0.000000e+00 -1.000000e+00 0.000000e+00
 outer loop
  vertex -6.7457654e-01 7.0000000e-02 -3.8892597e-02
  vertex -5.9000000e-01 7.0000000e-02 -1.8000000e-01
  vertex -6.6774360e-01 7.0000000e-02 -4.2763424e-02
 endloop
endfacet
facet normal 0.000000e+00 -1.000000e+00 0.000000e+00
 outer loop
  vertex -6.6774360e-01 7.0000000e-02 -4.2763424e-02
  vertex -5.9000000e-01 7.0000000e-02 -1.8000000e-01
  vertex -6.6110876e-01 7.0000000e-02 -4.6964863e-02
 endloop
endfacet
facet normal 0.000000e+00 -1.000000e+00 0.000000e+00
 outer loop
  vertex -6.6110876e-01 7.0000000e-02 -4.6964863e-02
  vertex -5.9000000e-01 7.0000000e-02 -1.8000000e-01
  vertex -6.5468810e-01 7.0000000e-02 -5.1486794e-02
 endloop
endfacet
facet normal 0.000000e+00 -1.000000e+00 0.000000e+00
 outer loop
  vertex -6.5468810e-01 7.0000000e-02 -5.1486794e-02
  vertex -5.9000000e-01 7.0000000e-02 -1.8000000e-01
  vertex -6.4849710e-01 7.0000000e-02 -5.6318330e-02
 endloop
endfacet
facet normal 0.000000e+00 -1.000000e+00 0.000000e+00
 outer loop
  vertex -6.4849710e-01 7.0000000e-02 -5.6318330e-02
  vertex -5.9000000e-01 7.0000000e-02 -1.8000000e-01
  vertex -6.4255060e-01 7.0000000e-02 -6.1447823e-02
 endloop
endfacet
facet normal 0.000000e+00 -1.000000e+00 0.000000e+00
 outer loop
  vertex -6.4255060e-01 7.0000000e-02 -6.1447823e-02
  vertex -5.9000000e-01 7.0000000e-02 -1.8000000e-01
  vertex -6.3686290e-01 7.0000000e-02 -6.6862915e-02
 endloop
endfacet
facet normal 0.000000e+00 -1.000000e+00 0.000000e+00
 outer loop
  vertex -6.3686290e-01 7.0000000e-02 -6.6862915e-02
  vertex -5.9000000e-01 7.0000000e-02 -1.8000000e-01
  vertex -6.3144780e-01 7.0000000e-02 -7.2550570e-02
 endloop
endfacet
facet normal 0.000000e+00 -1.000000e+00 0.000000e+00
 outer loop
  vertex -6.3144780e-01 7.0000000e-02 -7.2550570e-02
  vertex -5.9000000e-01 7.0000000e-02 -1.8000000e-01
  vertex -6.2631836e-01 7.0000000e-02 -7.8497080e-02
 endloop
endfacet
facet normal 0.000000e+00 -1.000000e+00 0.000000e+00
 outer loop
  vertex -6.2631836e-01 7.0000000e-02 -7.8497080e-02
  vertex -5.9000000e-01 7.0000000e-02 -1.8000000e-01
  vertex -6.2148676e-01 7.0000000e-02 -8.4688110e-02
 endloop
endfacet
facet normal 0.000000e+00 -1.000000e+00 0.000000e+00
 outer loop
  vertex -6.2148676e-01 7.0000000e-02 -8.4688110e-02
  vertex -5.9000000e-01 7.0000000e-02 -1.8000000e-01
  vertex -6.1696490e-01 7.0000000e-02 -9.1108765e-02
 endloop
endfacet
facet normal 0.000000e+00 -1.000000e+00 0.000000e+00
 outer loop
  vertex -5.9000000e-01 7.0000000e-02 -1.8000000e-01
  vertex -6.0889264e-01 7.0000000e-02 -1.0457652e-01
  vertex -6.1276340e-01 7.0000000e-02 -9.7743560e-02
 endloop
endfacet
facet normal 0.000000e+00 -1.000000e+00 0.000000e+00
 outer loop
  vertex -6.1696490e-01 7.0000000e-02 -9.1108765e-02
  vertex -5.9000000e-01 7.0000000e-02 -1.8000000e-01
  vertex -6.1276340e-01 7.0000000e-02 -9.7743560e-02
 endloop
endfacet
facet normal 0.000000e+00 -1.000000e+00 0.000000e+00
 outer loop
  vertex -5.9000000e-01 7.0000000e-02 -1.8000000e-01
  vertex -6.0536170e-01 7.0000000e-02 -1.1159118e-01
  vertex -6.0889264e-01 7.0000000e-02 -1.0457652e-01
 endloop
endfacet
facet normal 0.000000e+00 -1.000000e+00 0.000000e+00
 outer loop
  vertex -5.9000000e-01 7.0000000e-02 -1.8000000e-01
  vertex -6.0217926e-01 7.0000000e-02 -1.1877065e-01
  vertex -6.0536170e-01 7.0000000e-02 -1.1159118e-01
 endloop
endfacet
facet normal 0.000000e+00 -1.000000e+00 0.000000e+00
 outer loop
  vertex -5.9000000e-01 7.0000000e-02 -1.8000000e-01
  vertex -5.9935297e-01 7.0000000e-02 -1.2609762e-01
  vertex -6.0217926e-01 7.0000000e-02 -1.1877065e-01
 endloop
endfacet
facet normal 0.000000e+00 -1.000000e+00 0.000000e+00
 outer loop
  vertex -5.9000000e-01 7.0000000e-02 -1.8000000e-01
  vertex -5.9688950e-01 7.0000000e-02 -1.3355446e-01
  vertex -5.9935297e-01 7.0000000e-02 -1.2609762e-01
 endloop
endfacet
facet normal 0.000000e+00 -1.000000e+00 0.000000e+00
 outer loop
  vertex -5.9000000e-01 7.0000000e-02 -1.8000000e-01
  vertex -5.9479500e-01 7.0000000e-02 -1.4112317e-01
  vertex -5.9688950e-01 7.0000000e-02 -1.3355446e-01
 endloop
endfacet
facet normal 0.000000e+00 -1.000000e+00 0.000000e+00
 outer loop
  vertex -5.9000000e-01 7.0000000e-02 -1.8000000e-01
  vertex -5.9307440e-01 7.0000000e-02 -1.4878555e-01
  vertex -5.9479500e-01 7.0000000e-02 -1.4112317e-01
 endloop
endfacet
facet normal 0.000000e+00 -1.000000e+00 0.000000e+00
 outer loop
  vertex -5.9000000e-01 7.0000000e-02 -1.8000000e-01
  vertex -5.9173180e-01 7.0000000e-02 -1.5652312e-01
  vertex -5.9307440e-01 7.0000000e-02 -1.4878555e-01
 endloop
endfacet
facet normal 0.000000e+00 -1.000000e+00 0.000000e+00
 outer loop
  vertex -5.9000000e-01 7.0000000e-02 -1.8000000e-01
  vertex -5.9077045e-01 7.0000000e-02 -1.6431725e-01
  vertex -5.9173180e-01 7.0000000e-02 -1.5652312e-01
 endloop
endfacet
facet normal 0.000000e+00 -1.000000e+00 0.000000e+00
 outer loop
  vertex -5.9000000e-01 7.0000000e-02 -1.8000000e-01
  vertex -5.9019275e-01 7.0000000e-02 -1.7214917e-01
  vertex -5.9077045e-01 7.0000000e-02 -1.6431725e-01
 endloop
endfacet
facet normal 0.000000e+00 -1.000000e+00 0.000000e+00
 outer loop
  vertex -9.0980725e-01 7.0000000e-02 -1.8785083e-01
  vertex -9.0922955e-01 7.0000000e-02 -1.9568275e-01
  vertex -5.9000000e-01 7.0000000e-02 -1.8000000e-01
 endloop
endfacet
facet normal -9.972906e-01 0.000000e+00 7.356239e-02
 outer loop
  vertex -9.0980725e-01 2.6000000e-01 -1.7214917e-01
  vertex -9.0980725e-01 7.0000000e-02 -1.7214917e-01
  vertex -9.0922955e-01 2.6000000e-01 -1.6431725e-01
 endloop
endfacet
facet normal -9.924790e-01 0.000000e+00 1.224152e-01
 outer loop
  vertex -9.0922955e-01 2.6000000e-01 -1.6431725e-01
  vertex -9.0922955e-01 7.0000000e-02 -1.6431725e-01
  vertex -9.0826820e-01 2.6000000e-01 -1.5652312e-01
 endloop
endfacet
facet normal -9.924790e-01 0.000000e+00 1.224152e-01
 outer loop
  vertex -9.0826820e-01 2.6000000e-01 -1.5652312e-01
  vertex -9.0922955e-01 7.0000000e-02 -1.6431725e-01
  vertex -9.0826820e-01 7.0000000e-02 -1.5652312e-01
 endloop
endfacet
facet normal -9.852776e-01 0.000000e+00 1.709624e-01
 outer loop
  vertex -9.0692560e-01 2.6000000e-01 -1.4878555e-01
  vertex -9.0826820e-01 7.0000000e-02 -1.5652312e-01
  vertex -9.0692560e-01 7.0000000e-02 -1.4878555e-01
 endloop
endfacet
facet normal -9.757034e-01 0.000000e+00 2.190958e-01
 outer loop
  vertex -9.0520500e-01 2.6000000e-01 -1.4112317e-01
  vertex -9.0692560e-01 2.6000000e-01 -1.4878555e-01
  vertex -9.0692560e-01 7.0000000e-02 -1.4878555e-01
 endloop
endfacet
facet normal -9.637775e-01 0.000000e+00 2.667075e-01
 outer loop
  vertex -9.0311050e-01 2.6000000e-01 -1.3355446e-01
  vertex -9.0520500e-01 2.6000000e-01 -1.4112317e-01
  vertex -9.0520500e-01 7.0000000e-02 -1.4112317e-01
 endloop
endfacet
facet normal -9.637775e-01 0.000000e+00 2.667075e-01
 outer loop
  vertex -9.0311050e-01 7.0000000e-02 -1.3355446e-01
  vertex -9.0311050e-01 2.6000000e-01 -1.3355446e-01
  vertex -9.0520500e-01 7.0000000e-02 -1.4112317e-01
 endloop
endfacet
facet normal -9.495258e-01 0.000000e+00 3.136890e-01
 outer loop
  vertex -9.0064703e-01 7.0000000e-02 -1.2609762e-01
  vertex -9.0064703e-01 2.6000000e-01 -1.2609762e-01
  vertex -9.0311050e-01 7.0000000e-02 -1.3355446e-01
 endloop
endfacet
facet normal -9.329943e-01 0.000000e+00 3.598912e-01
 outer loop
  vertex -9.0064703e-01 7.0000000e-02 -1.2609762e-01
  vertex -8.9782074e-01 2.6000000e-01 -1.1877065e-01
  vertex -9.0064703e-01 2.6000000e-01 -1.2609762e-01
 endloop
endfacet
facet normal -9.142098e-01 0.000000e+00 4.052413e-01
 outer loop
  vertex -8.9782074e-01 7.0000000e-02 -1.1877065e-01
  vertex -8.9463830e-01 2.6000000e-01 -1.1159118e-01
  vertex -8.9782074e-01 2.6000000e-01 -1.1877065e-01
 endloop
endfacet
facet normal -9.142098e-01 0.000000e+00 4.052413e-01
 outer loop
  vertex -8.9782074e-01 7.0000000e-02 -1.1877065e-01
  vertex -8.9463830e-01 7.0000000e-02 -1.1159118e-01
  vertex -8.9463830e-01 2.6000000e-01 -1.1159118e-01
 endloop
endfacet
facet normal -8.932214e-01 0.000000e+00 4.496171e-01
 outer loop
  vertex -8.9463830e-01 7.0000000e-02 -1.1159118e-01
  vertex -8.9110736e-01 7.0000000e-02 -1.0457652e-01
  vertex -8.9110736e-01 2.6000000e-01 -1.0457652e-01
 endloop
endfacet
facet normal -8.700905e-01 0.000000e+00 4.928920e-01
 outer loop
  vertex -8.9110736e-01 2.6000000e-01 -1.0457652e-01
  vertex -8.9110736e-01 7.0000000e-02 -1.0457652e-01
  vertex -8.8723660e-01 2.6000000e-01 -9.7743560e-02
 endloop
endfacet
facet normal -8.448500e-01 0.000000e+00 5.350033e-01
 outer loop
  vertex -8.8723660e-01 2.6000000e-01 -9.7743560e-02
  vertex -8.8723660e-01 7.0000000e-02 -9.7743560e-02
  vertex -8.8303510e-01 2.6000000e-01 -9.1108765e-02
 endloop
endfacet
facet normal -8.448500e-01 0.000000e+00 5.350033e-01
 outer loop
  vertex -8.8303510e-01 2.6000000e-01 -9.1108765e-02
  vertex -8.8723660e-01 7.0000000e-02 -9.7743560e-02
  vertex -8.8303510e-01 7.0000000e-02 -9.1108765e-02
 endloop
endfacet
facet normal -8.175893e-01 0.000000e+00 5.758018e-01
 outer loop
  vertex -8.7851324e-01 2.6000000e-01 -8.4688110e-02
  vertex -8.8303510e-01 7.0000000e-02 -9.1108765e-02
  vertex -8.7851324e-01 7.0000000e-02 -8.4688110e-02
 endloop
endfacet
facet normal -7.883419e-01 0.000000e+00 6.152373e-01
 outer loop
  vertex -8.7368164e-01 2.6000000e-01 -7.8497080e-02
  vertex -8.7851324e-01 2.6000000e-01 -8.4688110e-02
  vertex -8.7851324e-01 7.0000000e-02 -8.4688110e-02
 endloop
endfacet
facet normal -7.572123e-01 0.000000e+00 6.531688e-01
 outer loop
  vertex -8.6855220e-01 2.6000000e-01 -7.2550570e-02
  vertex -8.7368164e-01 2.6000000e-01 -7.8497080e-02
  vertex -8.7368164e-01 7.0000000e-02 -7.8497080e-02
 endloop
endfacet
facet normal -7.572123e-01 0.000000e+00 6.531688e-01
 outer loop
  vertex -8.6855220e-01 7.0000000e-02 -7.2550570e-02
  vertex -8.6855220e-01 2.6000000e-01 -7.2550570e-02
  vertex -8.7368164e-01 7.0000000e-02 -7.8497080e-02
 endloop
endfacet
facet normal -7.242469e-01 0.000000e+00 6.895407e-01
 outer loop
  vertex -8.6313710e-01 7.0000000e-02 -6.6862915e-02
  vertex -8.6313710e-01 2.6000000e-01 -6.6862915e-02
  vertex -8.6855220e-01 7.0000000e-02 -7.2550570e-02
 endloop
endfacet
facet normal -6.895373e-01 0.000000e+00 7.242502e-01
 outer loop
  vertex -8.6313710e-01 7.0000000e-02 -6.6862915e-02
  vertex -8.5744940e-01 2.6000000e-01 -6.1447823e-02
  vertex -8.6313710e-01 2.6000000e-01 -6.6862915e-02
 endloop
endfacet
facet normal -6.531733e-01 0.000000e+00 7.572084e-01
 outer loop
  vertex -8.5744940e-01 7.0000000e-02 -6.1447823e-02
  vertex -8.5150290e-01 2.6000000e-01 -5.6318330e-02
  vertex -8.5744940e-01 2.6000000e-01 -6.1447823e-02
 endloop
endfacet
facet normal -6.531733e-01 0.000000e+00 7.572084e-01
 outer loop
  vertex -8.5744940e-01 7.0000000e-02 -6.1447823e-02
  vertex -8.5150290e-01 7.0000000e-02 -5.6318330e-02
  vertex -8.5150290e-01 2.6000000e-01 -5.6318330e-02
 endloop
endfacet
facet normal -6.152341e-01 0.000000e+00 7.883444e-01
 outer loop
  vertex -8.5150290e-01 7.0000000e-02 -5.6318330e-02
  vertex -8.4531190e-01 7.0000000e-02 -5.1486794e-02
  vertex -8.4531190e-01 2.6000000e-01 -5.1486794e-02
 endloop
endfacet
facet normal -5.758075e-01 0.000000e+00 8.175853e-01
 outer loop
  vertex -8.4531190e-01 2.6000000e-01 -5.1486794e-02
  vertex -8.4531190e-01 7.0000000e-02 -5.1486794e-02
  vertex -8.3889124e-01 2.6000000e-01 -4.6964863e-02
 endloop
endfacet
facet normal -5.349952e-01 0.000000e+00 8.448551e-01
 outer loop
  vertex -8.3889124e-01 2.6000000e-01 -4.6964863e-02
  vertex -8.3889124e-01 7.0000000e-02 -4.6964863e-02
  vertex -8.3225640e-01 2.6000000e-01 -4.2763424e-02
 endloop
endfacet
facet normal -5.349952e-01 0.000000e+00 8.448551e-01
 outer loop
  vertex -8.3225640e-01 2.6000000e-01 -4.2763424e-02
  vertex -8.3889124e-01 7.0000000e-02 -4.6964863e-02
  vertex -8.3225640e-01 7.0000000e-02 -4.2763424e-02
 endloop
endfacet
facet normal -4.928996e-01 0.000000e+00 8.700862e-01
 outer loop
  vertex -8.2542346e-01 2.6000000e-01 -3.8892597e-02
  vertex -8.3225640e-01 7.0000000e-02 -4.2763424e-02
  vertex -8.2542346e-01 7.0000000e-02 -3.8892597e-02
 endloop
endfacet
facet normal -4.496114e-01 0.000000e+00 8.932243e-01
 outer loop
  vertex -8.1840880e-01 2.6000000e-01 -3.5361713e-02
  vertex -8.2542346e-01 2.6000000e-01 -3.8892597e-02
  vertex -8.2542346e-01 7.0000000e-02 -3.8892597e-02
 endloop
endfacet
facet normal -4.052443e-01 0.000000e+00 9.142084e-01
 outer loop
  vertex -8.1122940e-01 2.6000000e-01 -3.2179276e-02
  vertex -8.1840880e-01 2.6000000e-01 -3.5361713e-02
  vertex -8.1840880e-01 7.0000000e-02 -3.5361713e-02
 endloop
endfacet
facet normal -4.052443e-01 0.000000e+00 9.142084e-01
 outer loop
  vertex -8.1122940e-01 7.0000000e-02 -3.2179276e-02
  vertex -8.1122940e-01 2.6000000e-01 -3.2179276e-02
  vertex -8.1840880e-01 7.0000000e-02 -3.5361713e-02
 endloop
endfacet
facet normal -3.598940e-01 0.000000e+00 9.329932e-01
 outer loop
  vertex -8.0390240e-01 7.0000000e-02 -2.9352950e-02
  vertex -8.0390240e-01 2.6000000e-01 -2.9352950e-02
  vertex -8.1122940e-01 7.0000000e-02 -3.2179276e-02
 endloop
endfacet
facet normal -3.136815e-01 0.000000e+00 9.495283e-01
 outer loop
  vertex -8.0390240e-01 7.0000000e-02 -2.9352950e-02
  vertex -7.9644556e-01 2.6000000e-01 -2.6889545e-02
  vertex -8.0390240e-01 2.6000000e-01 -2.9352950e-02
 endloop
endfacet
facet normal -2.667122e-01 0.000000e+00 9.637762e-01
 outer loop
  vertex -7.9644556e-01 7.0000000e-02 -2.6889545e-02
  vertex -7.8887683e-01 2.6000000e-01 -2.4795000e-02
  vertex -7.9644556e-01 2.6000000e-01 -2.6889545e-02
 endloop
endfacet
facet normal -2.667122e-01 0.000000e+00 9.637762e-01
 outer loop
  vertex -7.9644556e-01 7.0000000e-02 -2.6889545e-02
  vertex -7.8887683e-01 7.0000000e-02 -2.4795000e-02
  vertex -7.8887683e-01 2.6000000e-01 -2.4795000e-02
 endloop
endfacet
facet normal -2.191027e-01 0.000000e+00 9.757018e-01
 outer loop
  vertex -7.8887683e-01 7.0000000e-02 -2.4795000e-02
  vertex -7.8121450e-01 7.0000000e-02 -2.3074354e-02
  vertex -7.8121450e-01 2.6000000e-01 -2.3074354e-02
 endloop
endfacet
facet normal -1.709613e-01 0.000000e+00 9.852777e-01
 outer loop
  vertex -7.8121450e-01 2.6000000e-01 -2.3074354e-02
  vertex -7.8121450e-01 7.0000000e-02 -2.3074354e-02
  vertex -7.7347690e-01 2.6000000e-01 -2.1731758e-02
 endloop
endfacet
facet normal -1.224103e-01 0.000000e+00 9.924796e-01
 outer loop
  vertex -7.7347690e-01 2.6000000e-01 -2.1731758e-02
  vertex -7.7347690e-01 7.0000000e-02 -2.1731758e-02
  vertex -7.6568274e-01 2.6000000e-01 -2.0770443e-02
 endloop
endfacet
facet normal -1.224103e-01 0.000000e+00 9.924796e-01
 outer loop
  vertex -7.6568274e-01 2.6000000e-01 -2.0770443e-02
  vertex -7.7347690e-01 7.0000000e-02 -2.1731758e-02
  vertex -7.6568274e-01 7.0000000e-02 -2.0770443e-02
 endloop
endfacet
facet normal -7.356411e-02 0.000000e+00 9.972905e-01
 outer loop
  vertex -7.5785080e-01 2.6000000e-01 -2.0192728e-02
  vertex -7.6568274e-01 7.0000000e-02 -2.0770443e-02
  vertex -7.5785080e-01 7.0000000e-02 -2.0192728e-02
 endloop
endfacet
facet normal -2.454144e-02 0.000000e+00 9.996988e-01
 outer loop
  vertex -7.5000000e-01 2.6000000e-01 -2.0000000e-02
  vertex -7.5785080e-01 2.6000000e-01 -2.0192728e-02
  vertex -7.5785080e-01 7.0000000e-02 -2.0192728e-02
 endloop
endfacet
facet normal 2.454144e-02 0.000000e+00 9.996988e-01
 outer loop
  vertex -7.4214920e-01 2.6000000e-01 -2.0192728e-02
  vertex -7.5000000e-01 2.6000000e-01 -2.0000000e-02
  vertex -7.5000000e-01 7.0000000e-02 -2.0000000e-02
 endloop
endfacet
facet normal 2.454144e-02 -0.000000e+00 9.996988e-01
 outer loop
  vertex -7.4214920e-01 7.0000000e-02 -2.0192728e-02
  vertex -7.4214920e-01 2.6000000e-01 -2.0192728e-02
  vertex -7.5000000e-01 7.0000000e-02 -2.0000000e-02
 endloop
endfacet
facet normal 7.356411e-02 -0.000000e+00 9.972905e-01
 outer loop
  vertex -7.3431726e-01 7.0000000e-02 -2.0770443e-02
  vertex -7.3431726e-01 2.6000000e-01 -2.0770443e-02
  vertex -7.4214920e-01 7.0000000e-02 -2.0192728e-02
 endloop
endfacet
facet normal 1.224103e-01 -0.000000e+00 9.924796e-01
 outer loop
  vertex -7.3431726e-01 7.0000000e-02 -2.0770443e-02
  vertex -7.2652310e-01 2.6000000e-01 -2.1731758e-02
  vertex -7.3431726e-01 2.6000000e-01 -2.0770443e-02
 endloop
endfacet
facet normal 1.709613e-01 -0.000000e+00 9.852777e-01
 outer loop
  vertex -7.2652310e-01 7.0000000e-02 -2.1731758e-02
  vertex -7.1878550e-01 2.6000000e-01 -2.3074354e-02
  vertex -7.2652310e-01 2.6000000e-01 -2.1731758e-02
 endloop
endfacet
facet normal 1.709613e-01 0.000000e+00 9.852777e-01
 outer loop
  vertex -7.2652310e-01 7.0000000e-02 -2.1731758e-02
  vertex -7.1878550e-01 7.0000000e-02 -2.3074354e-02
  vertex -7.1878550e-01 2.6000000e-01 -2.3074354e-02
 endloop
endfacet
facet normal 2.191027e-01 0.000000e+00 9.757018e-01
 outer loop
  vertex -7.1878550e-01 7.0000000e-02 -2.3074354e-02
  vertex -7.1112317e-01 7.0000000e-02 -2.4795000e-02
  vertex -7.1112317e-01 2.6000000e-01 -2.4795000e-02
 endloop
endfacet
facet normal 2.667122e-01 0.000000e+00 9.637762e-01
 outer loop
  vertex -7.1112317e-01 2.6000000e-01 -2.4795000e-02
  vertex -7.1112317e-01 7.0000000e-02 -2.4795000e-02
  vertex -7.0355444e-01 2.6000000e-01 -2.6889545e-02
 endloop
endfacet
facet normal 3.136815e-01 0.000000e+00 9.495283e-01
 outer loop
  vertex -7.0355444e-01 2.6000000e-01 -2.6889545e-02
  vertex -7.0355444e-01 7.0000000e-02 -2.6889545e-02
  vertex -6.9609760e-01 2.6000000e-01 -2.9352950e-02
 endloop
endfacet
facet normal 3.136815e-01 0.000000e+00 9.495283e-01
 outer loop
  vertex -6.9609760e-01 2.6000000e-01 -2.9352950e-02
  vertex -7.0355444e-01 7.0000000e-02 -2.6889545e-02
  vertex -6.9609760e-01 7.0000000e-02 -2.9352950e-02
 endloop
endfacet
facet normal 3.598940e-01 0.000000e+00 9.329932e-01
 outer loop
  vertex -6.8877060e-01 2.6000000e-01 -3.2179276e-02
  vertex -6.9609760e-01 7.0000000e-02 -2.9352950e-02
  vertex -6.8877060e-01 7.0000000e-02 -3.2179276e-02
 endloop
endfacet
facet normal 4.052443e-01 0.000000e+00 9.142084e-01
 outer loop
  vertex -6.8159120e-01 2.6000000e-01 -3.5361713e-02
  vertex -6.8877060e-01 2.6000000e-01 -3.2179276e-02
  vertex -6.8877060e-01 7.0000000e-02 -3.2179276e-02
 endloop
endfacet
facet normal 4.496114e-01 0.000000e+00 8.932243e-01
 outer loop
  vertex -6.7457654e-01 2.6000000e-01 -3.8892597e-02
  vertex -6.8159120e-01 2.6000000e-01 -3.5361713e-02
  vertex -6.8159120e-01 7.0000000e-02 -3.5361713e-02
 endloop
endfacet
facet normal 4.496114e-01 -0.000000e+00 8.932243e-01
 outer loop
  vertex -6.7457654e-01 7.0000000e-02 -3.8892597e-02
  vertex -6.7457654e-01 2.6000000e-01 -3.8892597e-02
  vertex -6.8159120e-01 7.0000000e-02 -3.5361713e-02
 endloop
endfacet
facet normal 4.928996e-01 -0.000000e+00 8.700862e-01
 outer loop
  vertex -6.6774360e-01 7.0000000e-02 -4.2763424e-02
  vertex -6.6774360e-01 2.6000000e-01 -4.2763424e-02
  vertex -6.7457654e-01 7.0000000e-02 -3.8892597e-02
 endloop
endfacet
facet normal 5.349952e-01 -0.000000e+00 8.448551e-01
 outer loop
  vertex -6.6774360e-01 7.0000000e-02 -4.2763424e-02
  vertex -6.6110876e-01 2.6000000e-01 -4.6964863e-02
  vertex -6.6774360e-01 2.6000000e-01 -4.2763424e-02
 endloop
endfacet
facet normal 5.758075e-01 -0.000000e+00 8.175853e-01
 outer loop
  vertex -6.6110876e-01 7.0000000e-02 -4.6964863e-02
  vertex -6.5468810e-01 2.6000000e-01 -5.1486794e-02
  vertex -6.6110876e-01 2.6000000e-01 -4.6964863e-02
 endloop
endfacet
facet normal 5.758075e-01 0.000000e+00 8.175853e-01
 outer loop
  vertex -6.6110876e-01 7.0000000e-02 -4.6964863e-02
  vertex -6.5468810e-01 7.0000000e-02 -5.1486794e-02
  vertex -6.5468810e-01 2.6000000e-01 -5.1486794e-02
 endloop
endfacet
facet normal 6.152341e-01 0.000000e+00 7.883444e-01
 outer loop
  vertex -6.5468810e-01 7.0000000e-02 -5.1486794e-02
  vertex -6.4849710e-01 7.0000000e-02 -5.6318330e-02
  vertex -6.4849710e-01 2.6000000e-01 -5.6318330e-02
 endloop
endfacet
facet normal 6.531733e-01 0.000000e+00 7.572084e-01
 outer loop
  vertex -6.4849710e-01 2.6000000e-01 -5.6318330e-02
  vertex -6.4849710e-01 7.0000000e-02 -5.6318330e-02
  vertex -6.4255060e-01 2.6000000e-01 -6.1447823e-02
 endloop
endfacet
facet normal 8.175893e-01 -0.000000e+00 5.758018e-01
 outer loop
  vertex -6.1696490e-01 7.0000000e-02 -9.1108765e-02
  vertex -6.1696490e-01 2.6000000e-01 -9.1108765e-02
  vertex -6.2148676e-01 7.0000000e-02 -8.4688110e-02
 endloop
endfacet
facet normal 9.495258e-01 0.000000e+00 3.136890e-01
 outer loop
  vertex -5.9935297e-01 7.0000000e-02 -1.2609762e-01
  vertex -5.9688950e-01 7.0000000e-02 -1.3355446e-01
  vertex -5.9688950e-01 2.6000000e-01 -1.3355446e-01
 endloop
endfacet
facet normal 9.637775e-01 -0.000000e+00 2.667075e-01
 outer loop
  vertex -5.9688950e-01 7.0000000e-02 -1.3355446e-01
  vertex -5.9479500e-01 2.6000000e-01 -1.4112317e-01
  vertex -5.9688950e-01 2.6000000e-01 -1.3355446e-01
 endloop
endfacet
facet normal 9.996987e-01 -0.000000e+00 2.454415e-02
 outer loop
  vertex -5.9000000e-01 7.0000000e-02 -1.8000000e-01
  vertex -5.9000000e-01 2.6000000e-01 -1.8000000e-01
  vertex -5.9019275e-01 7.0000000e-02 -1.7214917e-01
 endloop
endfacet
facet normal 9.996987e-01 -0.000000e+00 2.454415e-02
 outer loop
  vertex -5.9019275e-01 7.0000000e-02 -1.7214917e-01
  vertex -5.9000000e-01 2.6000000e-01 -1.8000000e-01
  vertex -5.9019275e-01 2.6000000e-01 -1.7214917e-01
 endloop
endfacet
facet normal 9.972906e-01 0.000000e+00 7.356239e-02
 outer loop
  vertex -5.9077045e-01 7.0000000e-02 -1.6431725e-01
  vertex -5.9019275e-01 7.0000000e-02 -1.7214917e-01
  vertex -5.9019275e-01 2.6000000e-01 -1.7214917e-01
 endloop
endfacet
facet normal 9.972906e-01 0.000000e+00 7.356239e-02
 outer loop
  vertex -5.9077045e-01 2.6000000e-01 -1.6431725e-01
  vertex -5.9077045e-01 7.0000000e-02 -1.6431725e-01
  vertex -5.9019275e-01 2.6000000e-01 -1.7214917e-01
 endloop
endfacet
facet normal 9.924790e-01 0.000000e+00 1.224152e-01
 outer loop
  vertex -5.9077045e-01 2.6000000e-01 -1.6431725e-01
  vertex -5.9173180e-01 7.0000000e-02 -1.5652312e-01
  vertex -5.9077045e-01 7.0000000e-02 -1.6431725e-01
 endloop
endfacet
facet normal 9.924790e-01 0.000000e+00 1.224152e-01
 outer loop
  vertex -5.9077045e-01 2.6000000e-01 -1.6431725e-01
  vertex -5.9173180e-01 2.6000000e-01 -1.5652312e-01
  vertex -5.9173180e-01 7.0000000e-02 -1.5652312e-01
 endloop
endfacet
facet normal 9.852776e-01 -0.000000e+00 1.709624e-01
 outer loop
  vertex -5.9173180e-01 7.0000000e-02 -1.5652312e-01
  vertex -5.9173180e-01 2.6000000e-01 -1.5652312e-01
  vertex -5.9307440e-01 7.0000000e-02 -1.4878555e-01
 endloop
endfacet
facet normal 9.852776e-01 -0.000000e+00 1.709624e-01
 outer loop
  vertex -5.9307440e-01 7.0000000e-02 -1.4878555e-01
  vertex -5.9173180e-01 2.6000000e-01 -1.5652312e-01
  vertex -5.9307440e-01 2.6000000e-01 -1.4878555e-01
 endloop
endfacet
facet normal 9.757034e-01 0.000000e+00 2.190958e-01
 outer loop
  vertex -5.9479500e-01 7.0000000e-02 -1.4112317e-01
  vertex -5.9307440e-01 7.0000000e-02 -1.4878555e-01
  vertex -5.9307440e-01 2.6000000e-01 -1.4878555e-01
 endloop
endfacet
facet normal 9.757034e-01 0.000000e+00 2.190958e-01
 outer loop
  vertex -5.9479500e-01 2.6000000e-01 -1.4112317e-01
  vertex -5.9479500e-01 7.0000000e-02 -1.4112317e-01
  vertex -5.9307440e-01 2.6000000e-01 -1.4878555e-01
 endloop
endfacet
facet normal 9.637775e-01 0.000000e+00 2.667075e-01
 outer loop
  vertex -5.9479500e-01 2.6000000e-01 -1.4112317e-01
  vertex -5.9688950e-01 7.0000000e-02 -1.3355446e-01
  vertex -5.9479500e-01 7.0000000e-02 -1.4112317e-01
 endloop
endfacet
facet normal 9.495258e-01 0.000000e+00 3.136890e-01
 outer loop
  vertex -5.9688950e-01 2.6000000e-01 -1.3355446e-01
  vertex -5.9935297e-01 2.6000000e-01 -1.2609762e-01
  vertex -5.9935297e-01 7.0000000e-02 -1.2609762e-01
 endloop
endfacet
facet normal 9.329943e-01 -0.000000e+00 3.598912e-01
 outer loop
  vertex -5.9935297e-01 7.0000000e-02 -1.2609762e-01
  vertex -5.9935297e-01 2.6000000e-01 -1.2609762e-01
  vertex -6.0217926e-01 7.0000000e-02 -1.1877065e-01
 endloop
endfacet
facet normal 9.329943e-01 -0.000000e+00 3.598912e-01
 outer loop
  vertex -6.0217926e-01 7.0000000e-02 -1.1877065e-01
  vertex -5.9935297e-01 2.6000000e-01 -1.2609762e-01
  vertex -6.0217926e-01 2.6000000e-01 -1.1877065e-01
 endloop
endfacet
facet normal 9.142098e-01 0.000000e+00 4.052413e-01
 outer loop
  vertex -6.0536170e-01 7.0000000e-02 -1.1159118e-01
  vertex -6.0217926e-01 7.0000000e-02 -1.1877065e-01
  vertex -6.0217926e-01 2.6000000e-01 -1.1877065e-01
 endloop
endfacet
facet normal 9.142098e-01 0.000000e+00 4.052413e-01
 outer loop
  vertex -6.0536170e-01 2.6000000e-01 -1.1159118e-01
  vertex -6.0536170e-01 7.0000000e-02 -1.1159118e-01
  vertex -6.0217926e-01 2.6000000e-01 -1.1877065e-01
 endloop
endfacet
facet normal 8.932214e-01 0.000000e+00 4.496171e-01
 outer loop
  vertex -6.0536170e-01 2.6000000e-01 -1.1159118e-01
  vertex -6.0889264e-01 7.0000000e-02 -1.0457652e-01
  vertex -6.0536170e-01 7.0000000e-02 -1.1159118e-01
 endloop
endfacet
facet normal 8.932214e-01 0.000000e+00 4.496171e-01
 outer loop
  vertex -6.0536170e-01 2.6000000e-01 -1.1159118e-01
  vertex -6.0889264e-01 2.6000000e-01 -1.0457652e-01
  vertex -6.0889264e-01 7.0000000e-02 -1.0457652e-01
 endloop
endfacet
facet normal 8.700905e-01 -0.000000e+00 4.928920e-01
 outer loop
  vertex -6.0889264e-01 7.0000000e-02 -1.0457652e-01
  vertex -6.0889264e-01 2.6000000e-01 -1.0457652e-01
  vertex -6.1276340e-01 7.0000000e-02 -9.7743560e-02
 endloop
endfacet
facet normal 8.700905e-01 -0.000000e+00 4.928920e-01
 outer loop
  vertex -6.1276340e-01 7.0000000e-02 -9.7743560e-02
  vertex -6.0889264e-01 2.6000000e-01 -1.0457652e-01
  vertex -6.1276340e-01 2.6000000e-01 -9.7743560e-02
 endloop
endfacet
facet normal 8.448500e-01 0.000000e+00 5.350033e-01
 outer loop
  vertex -6.1696490e-01 7.0000000e-02 -9.1108765e-02
  vertex -6.1276340e-01 7.0000000e-02 -9.7743560e-02
  vertex -6.1276340e-01 2.6000000e-01 -9.7743560e-02
 endloop
endfacet
facet normal 8.448500e-01 0.000000e+00 5.350033e-01
 outer loop
  vertex -6.1696490e-01 2.6000000e-01 -9.1108765e-02
  vertex -6.1696490e-01 7.0000000e-02 -9.1108765e-02
  vertex -6.1276340e-01 2.6000000e-01 -9.7743560e-02
 endloop
endfacet
facet normal 8.175893e-01 0.000000e+00 5.758018e-01
 outer loop
  vertex -6.2148676e-01 2.6000000e-01 -8.4688110e-02
  vertex -6.2148676e-01 7.0000000e-02 -8.4688110e-02
  vertex -6.1696490e-01 2.6000000e-01 -9.1108765e-02
 endloop
endfacet
facet normal 7.883419e-01 0.000000e+00 6.152373e-01
 outer loop
  vertex -6.2148676e-01 2.6000000e-01 -8.4688110e-02
  vertex -6.2631836e-01 7.0000000e-02 -7.8497080e-02
  vertex -6.2148676e-01 7.0000000e-02 -8.4688110e-02
 endloop
endfacet
facet normal 7.883419e-01 0.000000e+00 6.152373e-01
 outer loop
  vertex -6.2148676e-01 2.6000000e-01 -8.4688110e-02
  vertex -6.2631836e-01 2.6000000e-01 -7.8497080e-02
  vertex -6.2631836e-01 7.0000000e-02 -7.8497080e-02
 endloop
endfacet
facet normal 7.572123e-01 -0.000000e+00 6.531688e-01
 outer loop
  vertex -6.2631836e-01 7.0000000e-02 -7.8497080e-02
  vertex -6.2631836e-01 2.6000000e-01 -7.8497080e-02
  vertex -6.3144780e-01 7.0000000e-02 -7.2550570e-02
 endloop
endfacet
facet normal 7.572123e-01 -0.000000e+00 6.531688e-01
 outer loop
  vertex -6.3144780e-01 7.0000000e-02 -7.2550570e-02
  vertex -6.2631836e-01 2.6000000e-01 -7.8497080e-02
  vertex -6.3144780e-01 2.6000000e-01 -7.2550570e-02
 endloop
endfacet
facet normal 7.242469e-01 0.000000e+00 6.895407e-01
 outer loop
  vertex -6.3686290e-01 7.0000000e-02 -6.6862915e-02
  vertex -6.3144780e-01 7.0000000e-02 -7.2550570e-02
  vertex -6.3144780e-01 2.6000000e-01 -7.2550570e-02
 endloop
endfacet
facet normal 7.242469e-01 0.000000e+00 6.895407e-01
 outer loop
  vertex -6.3686290e-01 2.6000000e-01 -6.6862915e-02
  vertex -6.3686290e-01 7.0000000e-02 -6.6862915e-02
  vertex -6.3144780e-01 2.6000000e-01 -7.2550570e-02
 endloop
endfacet
facet normal 6.895373e-01 0.000000e+00 7.242502e-01
 outer loop
  vertex -6.3686290e-01 2.6000000e-01 -6.6862915e-02
  vertex -6.4255060e-01 7.0000000e-02 -6.1447823e-02
  vertex -6.3686290e-01 7.0000000e-02 -6.6862915e-02
 endloop
endfacet
facet normal 6.895373e-01 0.000000e+00 7.242502e-01
 outer loop
  vertex -6.3686290e-01 2.6000000e-01 -6.6862915e-02
  vertex -6.4255060e-01 2.6000000e-01 -6.1447823e-02
  vertex -6.4255060e-01 7.0000000e-02 -6.1447823e-02
 endloop
endfacet
facet normal 6.531733e-01 -0.000000e+00 7.572084e-01
 outer loop
  vertex -6.4255060e-01 7.0000000e-02 -6.1447823e-02
  vertex -6.4255060e-01 2.6000000e-01 -6.1447823e-02
  vertex -6.4849710e-01 7.0000000e-02 -5.6318330e-02
 endloop
endfacet
facet normal -9.996987e-01 0.000000e+00 2.454415e-02
 outer loop
  vertex -9.0980725e-01 7.0000000e-02 -1.7214917e-01
  vertex -9.0980725e-01 2.6000000e-01 -1.7214917e-01
  vertex -9.1000000e-01 2.6000000e-01 -1.8000000e-01
 endloop
endfacet
facet normal 6.152341e-01 -0.000000e+00 7.883444e-01
 outer loop
  vertex -6.5468810e-01 7.0000000e-02 -5.1486794e-02
  vertex -6.4849710e-01 2.6000000e-01 -5.6318330e-02
  vertex -6.5468810e-01 2.6000000e-01 -5.1486794e-02
 endloop
endfacet
facet normal 5.349952e-01 -0.000000e+00 8.448551e-01
 outer loop
  vertex -6.6110876e-01 7.0000000e-02 -4.6964863e-02
  vertex -6.6110876e-01 2.6000000e-01 -4.6964863e-02
  vertex -6.6774360e-01 7.0000000e-02 -4.2763424e-02
 endloop
endfacet
facet normal 4.928996e-01 0.000000e+00 8.700862e-01
 outer loop
  vertex -6.6774360e-01 2.6000000e-01 -4.2763424e-02
  vertex -6.7457654e-01 2.6000000e-01 -3.8892597e-02
  vertex -6.7457654e-01 7.0000000e-02 -3.8892597e-02
 endloop
endfacet
facet normal 4.052443e-01 0.000000e+00 9.142084e-01
 outer loop
  vertex -6.8159120e-01 2.6000000e-01 -3.5361713e-02
  vertex -6.8877060e-01 7.0000000e-02 -3.2179276e-02
  vertex -6.8159120e-01 7.0000000e-02 -3.5361713e-02
 endloop
endfacet
facet normal 3.598940e-01 0.000000e+00 9.329932e-01
 outer loop
  vertex -6.9609760e-01 2.6000000e-01 -2.9352950e-02
  vertex -6.9609760e-01 7.0000000e-02 -2.9352950e-02
  vertex -6.8877060e-01 2.6000000e-01 -3.2179276e-02
 endloop
endfacet
facet normal 2.667122e-01 0.000000e+00 9.637762e-01
 outer loop
  vertex -7.1112317e-01 7.0000000e-02 -2.4795000e-02
  vertex -7.0355444e-01 7.0000000e-02 -2.6889545e-02
  vertex -7.0355444e-01 2.6000000e-01 -2.6889545e-02
 endloop
endfacet
facet normal 2.191027e-01 -0.000000e+00 9.757018e-01
 outer loop
  vertex -7.1878550e-01 7.0000000e-02 -2.3074354e-02
  vertex -7.1112317e-01 2.6000000e-01 -2.4795000e-02
  vertex -7.1878550e-01 2.6000000e-01 -2.3074354e-02
 endloop
endfacet
facet normal 1.224103e-01 -0.000000e+00 9.924796e-01
 outer loop
  vertex -7.2652310e-01 7.0000000e-02 -2.1731758e-02
  vertex -7.2652310e-01 2.6000000e-01 -2.1731758e-02
  vertex -7.3431726e-01 7.0000000e-02 -2.0770443e-02
 endloop
endfacet
facet normal 7.356411e-02 0.000000e+00 9.972905e-01
 outer loop
  vertex -7.3431726e-01 2.6000000e-01 -2.0770443e-02
  vertex -7.4214920e-01 2.6000000e-01 -2.0192728e-02
  vertex -7.4214920e-01 7.0000000e-02 -2.0192728e-02
 endloop
endfacet
facet normal -2.454144e-02 0.000000e+00 9.996988e-01
 outer loop
  vertex -7.5000000e-01 2.6000000e-01 -2.0000000e-02
  vertex -7.5785080e-01 7.0000000e-02 -2.0192728e-02
  vertex -7.5000000e-01 7.0000000e-02 -2.0000000e-02
 endloop
endfacet
facet normal -7.356411e-02 0.000000e+00 9.972905e-01
 outer loop
  vertex -7.6568274e-01 2.6000000e-01 -2.0770443e-02
  vertex -7.6568274e-01 7.0000000e-02 -2.0770443e-02
  vertex -7.5785080e-01 2.6000000e-01 -2.0192728e-02
 endloop
endfacet
facet normal -1.709613e-01 0.000000e+00 9.852777e-01
 outer loop
  vertex -7.8121450e-01 7.0000000e-02 -2.3074354e-02
  vertex -7.7347690e-01 7.0000000e-02 -2.1731758e-02
  vertex -7.7347690e-01 2.6000000e-01 -2.1731758e-02
 endloop
endfacet
facet normal -2.191027e-01 0.000000e+00 9.757018e-01
 outer loop
  vertex -7.8887683e-01 7.0000000e-02 -2.4795000e-02
  vertex -7.8121450e-01 2.6000000e-01 -2.3074354e-02
  vertex -7.8887683e-01 2.6000000e-01 -2.4795000e-02
 endloop
endfacet
facet normal -3.136815e-01 0.000000e+00 9.495283e-01
 outer loop
  vertex -7.9644556e-01 7.0000000e-02 -2.6889545e-02
  vertex -7.9644556e-01 2.6000000e-01 -2.6889545e-02
  vertex -8.0390240e-01 7.0000000e-02 -2.9352950e-02
 endloop
endfacet
facet normal -3.598940e-01 0.000000e+00 9.329932e-01
 outer loop
  vertex -8.0390240e-01 2.6000000e-01 -2.9352950e-02
  vertex -8.1122940e-01 2.6000000e-01 -3.2179276e-02
  vertex -8.1122940e-01 7.0000000e-02 -3.2179276e-02
 endloop
endfacet
facet normal -4.496114e-01 0.000000e+00 8.932243e-01
 outer loop
  vertex -8.1840880e-01 2.6000000e-01 -3.5361713e-02
  vertex -8.2542346e-01 7.0000000e-02 -3.8892597e-02
  vertex -8.1840880e-01 7.0000000e-02 -3.5361713e-02
 endloop
endfacet
facet normal -4.928996e-01 0.000000e+00 8.700862e-01
 outer loop
  vertex -8.3225640e-01 2.6000000e-01 -4.2763424e-02
  vertex -8.3225640e-01 7.0000000e-02 -4.2763424e-02
  vertex -8.2542346e-01 2.6000000e-01 -3.8892597e-02
 endloop
endfacet
facet normal -5.758075e-01 0.000000e+00 8.175853e-01
 outer loop
  vertex -8.4531190e-01 7.0000000e-02 -5.1486794e-02
  vertex -8.3889124e-01 7.0000000e-02 -4.6964863e-02
  vertex -8.3889124e-01 2.6000000e-01 -4.6964863e-02
 endloop
endfacet
facet normal -6.152341e-01 0.000000e+00 7.883444e-01
 outer loop
  vertex -8.5150290e-01 7.0000000e-02 -5.6318330e-02
  vertex -8.4531190e-01 2.6000000e-01 -5.1486794e-02
  vertex -8.5150290e-01 2.6000000e-01 -5.6318330e-02
 endloop
endfacet
facet normal -6.895373e-01 0.000000e+00 7.242502e-01
 outer loop
  vertex -8.5744940e-01 7.0000000e-02 -6.1447823e-02
  vertex -8.5744940e-01 2.6000000e-01 -6.1447823e-02
  vertex -8.6313710e-01 7.0000000e-02 -6.6862915e-02
 endloop
endfacet
facet normal -7.242469e-01 0.000000e+00 6.895407e-01
 outer loop
  vertex -8.6313710e-01 2.6000000e-01 -6.6862915e-02
  vertex -8.6855220e-01 2.6000000e-01 -7.2550570e-02
  vertex -8.6855220e-01 7.0000000e-02 -7.2550570e-02
 endloop
endfacet
facet normal -7.883419e-01 0.000000e+00 6.152373e-01
 outer loop
  vertex -8.7368164e-01 2.6000000e-01 -7.8497080e-02
  vertex -8.7851324e-01 7.0000000e-02 -8.4688110e-02
  vertex -8.7368164e-01 7.0000000e-02 -7.8497080e-02
 endloop
endfacet
facet normal -8.175893e-01 0.000000e+00 5.758018e-01
 outer loop
  vertex -8.8303510e-01 2.6000000e-01 -9.1108765e-02
  vertex -8.8303510e-01 7.0000000e-02 -9.1108765e-02
  vertex -8.7851324e-01 2.6000000e-01 -8.4688110e-02
 endloop
endfacet
facet normal -8.700905e-01 0.000000e+00 4.928920e-01
 outer loop
  vertex -8.9110736e-01 7.0000000e-02 -1.0457652e-01
  vertex -8.8723660e-01 7.0000000e-02 -9.7743560e-02
  vertex -8.8723660e-01 2.6000000e-01 -9.7743560e-02
 endloop
endfacet
facet normal -8.932214e-01 0.000000e+00 4.496171e-01
 outer loop
  vertex -8.9463830e-01 7.0000000e-02 -1.1159118e-01
  vertex -8.9110736e-01 2.6000000e-01 -1.0457652e-01
  vertex -8.9463830e-01 2.6000000e-01 -1.1159118e-01
 endloop
endfacet
facet normal -9.329943e-01 0.000000e+00 3.598912e-01
 outer loop
  vertex -8.9782074e-01 7.0000000e-02 -1.1877065e-01
  vertex -8.9782074e-01 2.6000000e-01 -1.1877065e-01
  vertex -9.0064703e-01 7.0000000e-02 -1.2609762e-01
 endloop
endfacet
facet normal -9.495258e-01 0.000000e+00 3.136890e-01
 outer loop
  vertex -9.0064703e-01 2.6000000e-01 -1.2609762e-01
  vertex -9.0311050e-01 2.6000000e-01 -1.3355446e-01
  vertex -9.0311050e-01 7.0000000e-02 -1.3355446e-01
 endloop
endfacet
facet normal -9.757034e-01 0.000000e+00 2.190958e-01
 outer loop
  vertex -9.0520500e-01 2.6000000e-01 -1.4112317e-01
  vertex -9.0692560e-01 7.0000000e-02 -1.4878555e-01
  vertex -9.0520500e-01 7.0000000e-02 -1.4112317e-01
 endloop
endfacet
facet normal -9.852776e-01 0.000000e+00 1.709624e-01
 outer loop
  vertex -9.0826820e-01 2.6000000e-01 -1.5652312e-01
  vertex -9.0826820e-01 7.0000000e-02 -1.5652312e-01
  vertex -9.0692560e-01 2.6000000e-01 -1.4878555e-01
 endloop
endfacet
facet normal -9.996987e-01 0.000000e+00 2.454415e-02
 outer loop
  vertex -9.0980725e-01 7.0000000e-02 -1.7214917e-01
  vertex -9.1000000e-01 2.6000000e-01 -1.8000000e-01
  vertex -9.1000000e-01 7.0000000e-02 -1.8000000e-01
 endloop
endfacet
facet normal -9.972906e-01 0.000000e+00 7.356239e-02
 outer loop
  vertex -9.0922955e-01 2.6000000e-01 -1.6431725e-01
  vertex -9.0980725e-01 7.0000000e-02 -1.7214917e-01
  vertex -9.0922955e-01 7.0000000e-02 -1.6431725e-01
 endloop
endfacet
facet normal -9.972906e-01 0.000000e+00 -7.356239e-02
 outer loop
  vertex 5.9019275e-01 -2.6000000e-01 -1.8785083e-01
  vertex 5.9019275e-01 -7.0000000e-02 -1.8785083e-01
  vertex 5.9077045e-01 -2.6000000e-01 -1.9568275e-01
 endloop
endfacet
facet normal -9.924790e-01 0.000000e+00 -1.224152e-01
 outer loop
  vertex 5.9077045e-01 -2.6000000e-01 -1.9568275e-01
  vertex 5.9077045e-01 -7.0000000e-02 -1.9568275e-01
  vertex 5.9173180e-01 -2.6000000e-01 -2.0347688e-01
 endloop
endfacet
facet normal -9.924790e-01 0.000000e+00 -1.224152e-01
 outer loop
  vertex 5.9173180e-01 -2.6000000e-01 -2.0347688e-01
  vertex 5.9077045e-01 -7.0000000e-02 -1.9568275e-01
  vertex 5.9173180e-01 -7.0000000e-02 -2.0347688e-01
 endloop
endfacet
facet normal -9.852776e-01 0.000000e+00 -1.709624e-01
 outer loop
  vertex 5.9307440e-01 -2.6000000e-01 -2.1121445e-01
  vertex 5.9173180e-01 -7.0000000e-02 -2.0347688e-01
  vertex 5.9307440e-01 -7.0000000e-02 -2.1121445e-01
 endloop
endfacet
facet normal -9.757034e-01 0.000000e+00 -2.190958e-01
 outer loop
  vertex 5.9479500e-01 -2.6000000e-01 -2.1887683e-01
  vertex 5.9307440e-01 -2.6000000e-01 -2.1121445e-01
  vertex 5.9307440e-01 -7.0000000e-02 -2.1121445e-01
 endloop
endfacet
facet normal -9.637777e-01 0.000000e+00 -2.667069e-01
 outer loop
  vertex 5.9688950e-01 -2.6000000e-01 -2.2644556e-01
  vertex 5.9479500e-01 -2.6000000e-01 -2.1887683e-01
  vertex 5.9479500e-01 -7.0000000e-02 -2.1887683e-01
 endloop
endfacet
facet normal -9.637777e-01 -0.000000e+00 -2.667069e-01
 outer loop
  vertex 5.9688950e-01 -7.0000000e-02 -2.2644556e-01
  vertex 5.9688950e-01 -2.6000000e-01 -2.2644556e-01
  vertex 5.9479500e-01 -7.0000000e-02 -2.1887683e-01
 endloop
endfacet
facet normal -9.495254e-01 -0.000000e+00 -3.136901e-01
 outer loop
  vertex 5.9935297e-01 -7.0000000e-02 -2.3390237e-01
  vertex 5.9935297e-01 -2.6000000e-01 -2.3390237e-01
  vertex 5.9688950e-01 -7.0000000e-02 -2.2644556e-01
 endloop
endfacet
facet normal -9.329944e-01 -0.000000e+00 -3.598908e-01
 outer loop
  vertex 5.9935297e-01 -7.0000000e-02 -2.3390237e-01
  vertex 6.0217926e-01 -2.6000000e-01 -2.4122935e-01
  vertex 5.9935297e-01 -2.6000000e-01 -2.3390237e-01
 endloop
endfacet
facet normal -9.142096e-01 -0.000000e+00 -4.052418e-01
 outer loop
  vertex 6.0217926e-01 -7.0000000e-02 -2.4122935e-01
  vertex 6.0536170e-01 -2.6000000e-01 -2.4840881e-01
  vertex 6.0217926e-01 -2.6000000e-01 -2.4122935e-01
 endloop
endfacet
facet normal -9.142096e-01 0.000000e+00 -4.052418e-01
 outer loop
  vertex 6.0217926e-01 -7.0000000e-02 -2.4122935e-01
  vertex 6.0536170e-01 -7.0000000e-02 -2.4840881e-01
  vertex 6.0536170e-01 -2.6000000e-01 -2.4840881e-01
 endloop
endfacet
facet normal -8.932222e-01 0.000000e+00 -4.496156e-01
 outer loop
  vertex 6.0536170e-01 -7.0000000e-02 -2.4840881e-01
  vertex 6.0889264e-01 -7.0000000e-02 -2.5542350e-01
  vertex 6.0889264e-01 -2.6000000e-01 -2.5542350e-01
 endloop
endfacet
facet normal -8.700899e-01 0.000000e+00 -4.928931e-01
 outer loop
  vertex 6.0889264e-01 -2.6000000e-01 -2.5542350e-01
  vertex 6.0889264e-01 -7.0000000e-02 -2.5542350e-01
  vertex 6.1276340e-01 -2.6000000e-01 -2.6225644e-01
 endloop
endfacet
facet normal -8.448502e-01 0.000000e+00 -5.350030e-01
 outer loop
  vertex 6.1276340e-01 -2.6000000e-01 -2.6225644e-01
  vertex 6.1276340e-01 -7.0000000e-02 -2.6225644e-01
  vertex 6.1696490e-01 -2.6000000e-01 -2.6889124e-01
 endloop
endfacet
facet normal -8.448502e-01 0.000000e+00 -5.350030e-01
 outer loop
  vertex 6.1696490e-01 -2.6000000e-01 -2.6889124e-01
  vertex 6.1276340e-01 -7.0000000e-02 -2.6225644e-01
  vertex 6.1696490e-01 -7.0000000e-02 -2.6889124e-01
 endloop
endfacet
facet normal -8.175895e-01 0.000000e+00 -5.758015e-01
 outer loop
  vertex 6.2148676e-01 -2.6000000e-01 -2.7531190e-01
  vertex 6.1696490e-01 -7.0000000e-02 -2.6889124e-01
  vertex 6.2148676e-01 -7.0000000e-02 -2.7531190e-01
 endloop
endfacet
facet normal -7.883419e-01 0.000000e+00 -6.152373e-01
 outer loop
  vertex 6.2631836e-01 -2.6000000e-01 -2.8150293e-01
  vertex 6.2148676e-01 -2.6000000e-01 -2.7531190e-01
  vertex 6.2148676e-01 -7.0000000e-02 -2.7531190e-01
 endloop
endfacet
facet normal -7.572118e-01 0.000000e+00 -6.531695e-01
 outer loop
  vertex 6.3144780e-01 -2.6000000e-01 -2.8744943e-01
  vertex 6.2631836e-01 -2.6000000e-01 -2.8150293e-01
  vertex 6.2631836e-01 -7.0000000e-02 -2.8150293e-01
 endloop
endfacet
facet normal -7.572118e-01 -0.000000e+00 -6.531695e-01
 outer loop
  vertex 6.3144780e-01 -7.0000000e-02 -2.8744943e-01
  vertex 6.3144780e-01 -2.6000000e-01 -2.8744943e-01
  vertex 6.2631836e-01 -7.0000000e-02 -2.8150293e-01
 endloop
endfacet
facet normal -7.242478e-01 -0.000000e+00 -6.895397e-01
 outer loop
  vertex 6.3686290e-01 -7.0000000e-02 -2.9313710e-01
  vertex 6.3686290e-01 -2.6000000e-01 -2.9313710e-01
  vertex 6.3144780e-01 -7.0000000e-02 -2.8744943e-01
 endloop
endfacet
facet normal -6.895378e-01 -0.000000e+00 -7.242497e-01
 outer loop
  vertex 6.3686290e-01 -7.0000000e-02 -2.9313710e-01
  vertex 6.4255060e-01 -2.6000000e-01 -2.9855220e-01
  vertex 6.3686290e-01 -2.6000000e-01 -2.9313710e-01
 endloop
endfacet
facet normal -6.531717e-01 -0.000000e+00 -7.572099e-01
 outer loop
  vertex 6.4255060e-01 -7.0000000e-02 -2.9855220e-01
  vertex 6.4849710e-01 -2.6000000e-01 -3.0368167e-01
  vertex 6.4255060e-01 -2.6000000e-01 -2.9855220e-01
 endloop
endfacet
facet normal -6.531717e-01 0.000000e+00 -7.572099e-01
 outer loop
  vertex 6.4255060e-01 -7.0000000e-02 -2.9855220e-01
  vertex 6.4849710e-01 -7.0000000e-02 -3.0368167e-01
  vertex 6.4849710e-01 -2.6000000e-01 -3.0368167e-01
 endloop
endfacet
facet normal -6.152321e-01 0.000000e+00 -7.883460e-01
 outer loop
  vertex 6.4849710e-01 -7.0000000e-02 -3.0368167e-01
  vertex 6.5468810e-01 -7.0000000e-02 -3.0851318e-01
  vertex 6.5468810e-01 -2.6000000e-01 -3.0851318e-01
 endloop
endfacet
facet normal -5.758091e-01 0.000000e+00 -8.175842e-01
 outer loop
  vertex 6.5468810e-01 -2.6000000e-01 -3.0851318e-01
  vertex 6.5468810e-01 -7.0000000e-02 -3.0851318e-01
  vertex 6.6110876e-01 -2.6000000e-01 -3.1303513e-01
 endloop
endfacet
facet normal -5.349952e-01 0.000000e+00 -8.448551e-01
 outer loop
  vertex 6.6110876e-01 -2.6000000e-01 -3.1303513e-01
  vertex 6.6110876e-01 -7.0000000e-02 -3.1303513e-01
  vertex 6.6774360e-01 -2.6000000e-01 -3.1723657e-01
 endloop
endfacet
facet normal -5.349952e-01 0.000000e+00 -8.448551e-01
 outer loop
  vertex 6.6774360e-01 -2.6000000e-01 -3.1723657e-01
  vertex 6.6110876e-01 -7.0000000e-02 -3.1303513e-01
  vertex 6.6774360e-01 -7.0000000e-02 -3.1723657e-01
 endloop
endfacet
facet normal -4.928999e-01 0.000000e+00 -8.700860e-01
 outer loop
  vertex 6.7457654e-01 -2.6000000e-01 -3.2110740e-01
  vertex 6.6774360e-01 -7.0000000e-02 -3.1723657e-01
  vertex 6.7457654e-01 -7.0000000e-02 -3.2110740e-01
 endloop
endfacet
facet normal -4.496110e-01 0.000000e+00 -8.932245e-01
 outer loop
  vertex 6.8159120e-01 -2.6000000e-01 -3.2463828e-01
  vertex 6.7457654e-01 -2.6000000e-01 -3.2110740e-01
  vertex 6.7457654e-01 -7.0000000e-02 -3.2110740e-01
 endloop
endfacet
facet normal -4.052425e-01 0.000000e+00 -9.142092e-01
 outer loop
  vertex 6.8877060e-01 -2.6000000e-01 -3.2782070e-01
  vertex 6.8159120e-01 -2.6000000e-01 -3.2463828e-01
  vertex 6.8159120e-01 -7.0000000e-02 -3.2463828e-01
 endloop
endfacet
facet normal -4.052425e-01 -0.000000e+00 -9.142092e-01
 outer loop
  vertex 6.8877060e-01 -7.0000000e-02 -3.2782070e-01
  vertex 6.8877060e-01 -2.6000000e-01 -3.2782070e-01
  vertex 6.8159120e-01 -7.0000000e-02 -3.2463828e-01
 endloop
endfacet
facet normal -3.598977e-01 -0.000000e+00 -9.329918e-01
 outer loop
  vertex 6.9609760e-01 -7.0000000e-02 -3.3064706e-01
  vertex 6.9609760e-01 -2.6000000e-01 -3.3064706e-01
  vertex 6.8877060e-01 -7.0000000e-02 -3.2782070e-01
 endloop
endfacet
facet normal -3.136786e-01 -0.000000e+00 -9.495292e-01
 outer loop
  vertex 6.9609760e-01 -7.0000000e-02 -3.3064706e-01
  vertex 7.0355444e-01 -2.6000000e-01 -3.3311044e-01
  vertex 6.9609760e-01 -2.6000000e-01 -3.3064706e-01
 endloop
endfacet
facet normal -2.667140e-01 -0.000000e+00 -9.637757e-01
 outer loop
  vertex 7.0355444e-01 -7.0000000e-02 -3.3311044e-01
  vertex 7.1112317e-01 -2.6000000e-01 -3.3520500e-01
  vertex 7.0355444e-01 -2.6000000e-01 -3.3311044e-01
 endloop
endfacet
facet normal -2.667140e-01 0.000000e+00 -9.637757e-01
 outer loop
  vertex 7.0355444e-01 -7.0000000e-02 -3.3311044e-01
  vertex 7.1112317e-01 -7.0000000e-02 -3.3520500e-01
  vertex 7.1112317e-01 -2.6000000e-01 -3.3520500e-01
 endloop
endfacet
facet normal -2.191044e-01 0.000000e+00 -9.757014e-01
 outer loop
  vertex 7.1112317e-01 -7.0000000e-02 -3.3520500e-01
  vertex 7.1878550e-01 -7.0000000e-02 -3.3692566e-01
  vertex 7.1878550e-01 -2.6000000e-01 -3.3692566e-01
 endloop
endfacet
facet normal -1.709605e-01 0.000000e+00 -9.852779e-01
 outer loop
  vertex 7.1878550e-01 -2.6000000e-01 -3.3692566e-01
  vertex 7.1878550e-01 -7.0000000e-02 -3.3692566e-01
  vertex 7.2652310e-01 -2.6000000e-01 -3.3826825e-01
 endloop
endfacet
facet normal -1.224084e-01 0.000000e+00 -9.924798e-01
 outer loop
  vertex 7.2652310e-01 -2.6000000e-01 -3.3826825e-01
  vertex 7.2652310e-01 -7.0000000e-02 -3.3826825e-01
  vertex 7.3431726e-01 -2.6000000e-01 -3.3922955e-01
 endloop
endfacet
facet normal -1.224084e-01 0.000000e+00 -9.924798e-01
 outer loop
  vertex 7.3431726e-01 -2.6000000e-01 -3.3922955e-01
  vertex 7.2652310e-01 -7.0000000e-02 -3.3826825e-01
  vertex 7.3431726e-01 -7.0000000e-02 -3.3922955e-01
 endloop
endfacet
facet normal -7.356601e-02 0.000000e+00 -9.972904e-01
 outer loop
  vertex 7.4214920e-01 -2.6000000e-01 -3.3980728e-01
  vertex 7.3431726e-01 -7.0000000e-02 -3.3922955e-01
  vertex 7.4214920e-01 -7.0000000e-02 -3.3980728e-01
 endloop
endfacet
facet normal -2.454042e-02 0.000000e+00 -9.996988e-01
 outer loop
  vertex 7.5000000e-01 -2.6000000e-01 -3.4000000e-01
  vertex 7.4214920e-01 -2.6000000e-01 -3.3980728e-01
  vertex 7.4214920e-01 -7.0000000e-02 -3.3980728e-01
 endloop
endfacet
facet normal 2.454042e-02 0.000000e+00 -9.996988e-01
 outer loop
  vertex 7.5785080e-01 -2.6000000e-01 -3.3980728e-01
  vertex 7.5000000e-01 -2.6000000e-01 -3.4000000e-01
  vertex 7.5000000e-01 -7.0000000e-02 -3.4000000e-01
 endloop
endfacet
facet normal 2.454042e-02 0.000000e+00 -9.996988e-01
 outer loop
  vertex 7.5785080e-01 -7.0000000e-02 -3.3980728e-01
  vertex 7.5785080e-01 -2.6000000e-01 -3.3980728e-01
  vertex 7.5000000e-01 -7.0000000e-02 -3.4000000e-01
 endloop
endfacet
facet normal 7.356601e-02 0.000000e+00 -9.972904e-01
 outer loop
  vertex 7.6568274e-01 -7.0000000e-02 -3.3922955e-01
  vertex 7.6568274e-01 -2.6000000e-01 -3.3922955e-01
  vertex 7.5785080e-01 -7.0000000e-02 -3.3980728e-01
 endloop
endfacet
facet normal 1.224084e-01 0.000000e+00 -9.924798e-01
 outer loop
  vertex 7.6568274e-01 -7.0000000e-02 -3.3922955e-01
  vertex 7.7347690e-01 -2.6000000e-01 -3.3826825e-01
  vertex 7.6568274e-01 -2.6000000e-01 -3.3922955e-01
 endloop
endfacet
facet normal 1.709605e-01 0.000000e+00 -9.852779e-01
 outer loop
  vertex 7.7347690e-01 -7.0000000e-02 -3.3826825e-01
  vertex 7.8121450e-01 -2.6000000e-01 -3.3692566e-01
  vertex 7.7347690e-01 -2.6000000e-01 -3.3826825e-01
 endloop
endfacet
facet normal 1.709605e-01 0.000000e+00 -9.852779e-01
 outer loop
  vertex 7.7347690e-01 -7.0000000e-02 -3.3826825e-01
  vertex 7.8121450e-01 -7.0000000e-02 -3.3692566e-01
  vertex 7.8121450e-01 -2.6000000e-01 -3.3692566e-01
 endloop
endfacet
facet normal 2.191044e-01 0.000000e+00 -9.757014e-01
 outer loop
  vertex 7.8121450e-01 -7.0000000e-02 -3.3692566e-01
  vertex 7.8887683e-01 -7.0000000e-02 -3.3520500e-01
  vertex 7.8887683e-01 -2.6000000e-01 -3.3520500e-01
 endloop
endfacet
facet normal 2.667140e-01 0.000000e+00 -9.637757e-01
 outer loop
  vertex 7.8887683e-01 -2.6000000e-01 -3.3520500e-01
  vertex 7.8887683e-01 -7.0000000e-02 -3.3520500e-01
  vertex 7.9644556e-01 -2.6000000e-01 -3.3311044e-01
 endloop
endfacet
facet normal 3.136786e-01 0.000000e+00 -9.495292e-01
 outer loop
  vertex 7.9644556e-01 -2.6000000e-01 -3.3311044e-01
  vertex 7.9644556e-01 -7.0000000e-02 -3.3311044e-01
  vertex 8.0390240e-01 -2.6000000e-01 -3.3064706e-01
 endloop
endfacet
facet normal 3.136786e-01 0.000000e+00 -9.495292e-01
 outer loop
  vertex 8.0390240e-01 -2.6000000e-01 -3.3064706e-01
  vertex 7.9644556e-01 -7.0000000e-02 -3.3311044e-01
  vertex 8.0390240e-01 -7.0000000e-02 -3.3064706e-01
 endloop
endfacet
facet normal 3.598977e-01 0.000000e+00 -9.329918e-01
 outer loop
  vertex 8.1122940e-01 -2.6000000e-01 -3.2782070e-01
  vertex 8.0390240e-01 -7.0000000e-02 -3.3064706e-01
  vertex 8.1122940e-01 -7.0000000e-02 -3.2782070e-01
 endloop
endfacet
facet normal 4.052425e-01 0.000000e+00 -9.142092e-01
 outer loop
  vertex 8.1840880e-01 -2.6000000e-01 -3.2463828e-01
  vertex 8.1122940e-01 -2.6000000e-01 -3.2782070e-01
  vertex 8.1122940e-01 -7.0000000e-02 -3.2782070e-01
 endloop
endfacet
facet normal 4.496110e-01 0.000000e+00 -8.932245e-01
 outer loop
  vertex 8.2542346e-01 -2.6000000e-01 -3.2110740e-01
  vertex 8.1840880e-01 -2.6000000e-01 -3.2463828e-01
  vertex 8.1840880e-01 -7.0000000e-02 -3.2463828e-01
 endloop
endfacet
facet normal 4.496110e-01 0.000000e+00 -8.932245e-01
 outer loop
  vertex 8.2542346e-01 -7.0000000e-02 -3.2110740e-01
  vertex 8.2542346e-01 -2.6000000e-01 -3.2110740e-01
  vertex 8.1840880e-01 -7.0000000e-02 -3.2463828e-01
 endloop
endfacet
facet normal 4.928999e-01 0.000000e+00 -8.700860e-01
 outer loop
  vertex 8.3225640e-01 -7.0000000e-02 -3.1723657e-01
  vertex 8.3225640e-01 -2.6000000e-01 -3.1723657e-01
  vertex 8.2542346e-01 -7.0000000e-02 -3.2110740e-01
 endloop
endfacet
facet normal 5.349952e-01 0.000000e+00 -8.448551e-01
 outer loop
  vertex 8.3225640e-01 -7.0000000e-02 -3.1723657e-01
  vertex 8.3889124e-01 -2.6000000e-01 -3.1303513e-01
  vertex 8.3225640e-01 -2.6000000e-01 -3.1723657e-01
 endloop
endfacet
facet normal 5.758091e-01 0.000000e+00 -8.175842e-01
 outer loop
  vertex 8.3889124e-01 -7.0000000e-02 -3.1303513e-01
  vertex 8.4531190e-01 -2.6000000e-01 -3.0851318e-01
  vertex 8.3889124e-01 -2.6000000e-01 -3.1303513e-01
 endloop
endfacet
facet normal 5.758091e-01 0.000000e+00 -8.175842e-01
 outer loop
  vertex 8.3889124e-01 -7.0000000e-02 -3.1303513e-01
  vertex 8.4531190e-01 -7.0000000e-02 -3.0851318e-01
  vertex 8.4531190e-01 -2.6000000e-01 -3.0851318e-01
 endloop
endfacet
facet normal 6.152321e-01 0.000000e+00 -7.883460e-01
 outer loop
  vertex 8.4531190e-01 -7.0000000e-02 -3.0851318e-01
  vertex 8.5150290e-01 -7.0000000e-02 -3.0368167e-01
  vertex 8.5150290e-01 -2.6000000e-01 -3.0368167e-01
 endloop
endfacet
facet normal 6.531717e-01 0.000000e+00 -7.572099e-01
 outer loop
  vertex 8.5150290e-01 -2.6000000e-01 -3.0368167e-01
  vertex 8.5150290e-01 -7.0000000e-02 -3.0368167e-01
  vertex 8.5744940e-01 -2.6000000e-01 -2.9855220e-01
 endloop
endfacet
facet normal 8.175895e-01 0.000000e+00 -5.758015e-01
 outer loop
  vertex 8.8303510e-01 -7.0000000e-02 -2.6889124e-01
  vertex 8.8303510e-01 -2.6000000e-01 -2.6889124e-01
  vertex 8.7851324e-01 -7.0000000e-02 -2.7531190e-01
 endloop
endfacet
facet normal 9.495254e-01 0.000000e+00 -3.136901e-01
 outer loop
  vertex 9.0064703e-01 -7.0000000e-02 -2.3390237e-01
  vertex 9.0311050e-01 -7.0000000e-02 -2.2644556e-01
  vertex 9.0311050e-01 -2.6000000e-01 -2.2644556e-01
 endloop
endfacet
facet normal 9.637777e-01 0.000000e+00 -2.667069e-01
 outer loop
  vertex 9.0311050e-01 -7.0000000e-02 -2.2644556e-01
  vertex 9.0520500e-01 -2.6000000e-01 -2.1887683e-01
  vertex 9.0311050e-01 -2.6000000e-01 -2.2644556e-01
 endloop
endfacet
facet normal 9.996987e-01 0.000000e+00 -2.454415e-02
 outer loop
  vertex 9.1000000e-01 -7.0000000e-02 -1.8000000e-01
  vertex 9.1000000e-01 -2.6000000e-01 -1.8000000e-01
  vertex 9.0980725e-01 -7.0000000e-02 -1.8785083e-01
 endloop
endfacet
facet normal 9.996987e-01 0.000000e+00 -2.454415e-02
 outer loop
  vertex 9.0980725e-01 -7.0000000e-02 -1.8785083e-01
  vertex 9.1000000e-01 -2.6000000e-01 -1.8000000e-01
  vertex 9.0980725e-01 -2.6000000e-01 -1.8785083e-01
 endloop
endfacet
facet normal 9.972906e-01 0.000000e+00 -7.356239e-02
 outer loop
  vertex 9.0922955e-01 -7.0000000e-02 -1.9568275e-01
  vertex 9.0980725e-01 -7.0000000e-02 -1.8785083e-01
  vertex 9.0980725e-01 -2.6000000e-01 -1.8785083e-01
 endloop
endfacet
facet normal 9.972906e-01 0.000000e+00 -7.356239e-02
 outer loop
  vertex 9.0922955e-01 -2.6000000e-01 -1.9568275e-01
  vertex 9.0922955e-01 -7.0000000e-02 -1.9568275e-01
  vertex 9.0980725e-01 -2.6000000e-01 -1.8785083e-01
 endloop
endfacet
facet normal 9.924790e-01 0.000000e+00 -1.224152e-01
 outer loop
  vertex 9.0922955e-01 -2.6000000e-01 -1.9568275e-01
  vertex 9.0826820e-01 -7.0000000e-02 -2.0347688e-01
  vertex 9.0922955e-01 -7.0000000e-02 -1.9568275e-01
 endloop
endfacet
facet normal 9.924790e-01 0.000000e+00 -1.224152e-01
 outer loop
  vertex 9.0922955e-01 -2.6000000e-01 -1.9568275e-01
  vertex 9.0826820e-01 -2.6000000e-01 -2.0347688e-01
  vertex 9.0826820e-01 -7.0000000e-02 -2.0347688e-01
 endloop
endfacet
facet normal 9.852776e-01 0.000000e+00 -1.709624e-01
 outer loop
  vertex 9.0826820e-01 -7.0000000e-02 -2.0347688e-01
  vertex 9.0826820e-01 -2.6000000e-01 -2.0347688e-01
  vertex 9.0692560e-01 -7.0000000e-02 -2.1121445e-01
 endloop
endfacet
facet normal 9.852776e-01 0.000000e+00 -1.709624e-01
 outer loop
  vertex 9.0692560e-01 -7.0000000e-02 -2.1121445e-01
  vertex 9.0826820e-01 -2.6000000e-01 -2.0347688e-01
  vertex 9.0692560e-01 -2.6000000e-01 -2.1121445e-01
 endloop
endfacet
facet normal 9.757034e-01 0.000000e+00 -2.190958e-01
 outer loop
  vertex 9.0520500e-01 -7.0000000e-02 -2.1887683e-01
  vertex 9.0692560e-01 -7.0000000e-02 -2.1121445e-01
  vertex 9.0692560e-01 -2.6000000e-01 -2.1121445e-01
 endloop
endfacet
facet normal 9.757034e-01 0.000000e+00 -2.190958e-01
 outer loop
  vertex 9.0520500e-01 -2.6000000e-01 -2.1887683e-01
  vertex 9.0520500e-01 -7.0000000e-02 -2.1887683e-01
  vertex 9.0692560e-01 -2.6000000e-01 -2.1121445e-01
 endloop
endfacet
facet normal 9.637777e-01 0.000000e+00 -2.667069e-01
 outer loop
  vertex 9.0520500e-01 -2.6000000e-01 -2.1887683e-01
  vertex 9.0311050e-01 -7.0000000e-02 -2.2644556e-01
  vertex 9.0520500e-01 -7.0000000e-02 -2.1887683e-01
 endloop
endfacet
facet normal 9.495254e-01 0.000000e+00 -3.136901e-01
 outer loop
  vertex 9.0311050e-01 -2.6000000e-01 -2.2644556e-01
  vertex 9.0064703e-01 -2.6000000e-01 -2.3390237e-01
  vertex 9.0064703e-01 -7.0000000e-02 -2.3390237e-01
 endloop
endfacet
facet normal 9.329944e-01 0.000000e+00 -3.598908e-01
 outer loop
  vertex 9.0064703e-01 -7.0000000e-02 -2.3390237e-01
  vertex 9.0064703e-01 -2.6000000e-01 -2.3390237e-01
  vertex 8.9782074e-01 -7.0000000e-02 -2.4122935e-01
 endloop
endfacet
facet normal 9.329944e-01 0.000000e+00 -3.598908e-01
 outer loop
  vertex 8.9782074e-01 -7.0000000e-02 -2.4122935e-01
  vertex 9.0064703e-01 -2.6000000e-01 -2.3390237e-01
  vertex 8.9782074e-01 -2.6000000e-01 -2.4122935e-01
 endloop
endfacet
facet normal 9.142096e-01 0.000000e+00 -4.052418e-01
 outer loop
  vertex 8.9463830e-01 -7.0000000e-02 -2.4840881e-01
  vertex 8.9782074e-01 -7.0000000e-02 -2.4122935e-01
  vertex 8.9782074e-01 -2.6000000e-01 -2.4122935e-01
 endloop
endfacet
facet normal 9.142096e-01 0.000000e+00 -4.052418e-01
 outer loop
  vertex 8.9463830e-01 -2.6000000e-01 -2.4840881e-01
  vertex 8.9463830e-01 -7.0000000e-02 -2.4840881e-01
  vertex 8.9782074e-01 -2.6000000e-01 -2.4122935e-01
 endloop
endfacet
facet normal 8.932222e-01 0.000000e+00 -4.496156e-01
 outer loop
  vertex 8.9463830e-01 -2.6000000e-01 -2.4840881e-01
  vertex 8.9110736e-01 -7.0000000e-02 -2.5542350e-01
  vertex 8.9463830e-01 -7.0000000e-02 -2.4840881e-01
 endloop
endfacet
facet normal 8.932222e-01 0.000000e+00 -4.496156e-01
 outer loop
  vertex 8.9463830e-01 -2.6000000e-01 -2.4840881e-01
  vertex 8.9110736e-01 -2.6000000e-01 -2.5542350e-01
  vertex 8.9110736e-01 -7.0000000e-02 -2.5542350e-01
 endloop
endfacet
facet normal 8.700899e-01 0.000000e+00 -4.928931e-01
 outer loop
  vertex 8.9110736e-01 -7.0000000e-02 -2.5542350e-01
  vertex 8.9110736e-01 -2.6000000e-01 -2.5542350e-01
  vertex 8.8723660e-01 -7.0000000e-02 -2.6225644e-01
 endloop
endfacet
facet normal 8.700899e-01 0.000000e+00 -4.928931e-01
 outer loop
  vertex 8.8723660e-01 -7.0000000e-02 -2.6225644e-01
  vertex 8.9110736e-01 -2.6000000e-01 -2.5542350e-01
  vertex 8.8723660e-01 -2.6000000e-01 -2.6225644e-01
 endloop
endfacet
facet normal 8.448502e-01 0.000000e+00 -5.350030e-01
 outer loop
  vertex 8.8303510e-01 -7.0000000e-02 -2.6889124e-01
  vertex 8.8723660e-01 -7.0000000e-02 -2.6225644e-01
  vertex 8.8723660e-01 -2.6000000e-01 -2.6225644e-01
 endloop
endfacet
facet normal 8.448502e-01 0.000000e+00 -5.350030e-01
 outer loop
  vertex 8.8303510e-01 -2.6000000e-01 -2.6889124e-01
  vertex 8.8303510e-01 -7.0000000e-02 -2.6889124e-01
  vertex 8.8723660e-01 -2.6000000e-01 -2.6225644e-01
 endloop
endfacet
facet normal 8.175895e-01 0.000000e+00 -5.758015e-01
 outer loop
  vertex 8.7851324e-01 -2.6000000e-01 -2.7531190e-01
  vertex 8.7851324e-01 -7.0000000e-02 -2.7531190e-01
  vertex 8.8303510e-01 -2.6000000e-01 -2.6889124e-01
 endloop
endfacet
facet normal 7.883419e-01 0.000000e+00 -6.152373e-01
 outer loop
  vertex 8.7851324e-01 -2.6000000e-01 -2.7531190e-01
  vertex 8.7368164e-01 -7.0000000e-02 -2.8150293e-01
  vertex 8.7851324e-01 -7.0000000e-02 -2.7531190e-01
 endloop
endfacet
facet normal 7.883419e-01 0.000000e+00 -6.152373e-01
 outer loop
  vertex 8.7851324e-01 -2.6000000e-01 -2.7531190e-01
  vertex 8.7368164e-01 -2.6000000e-01 -2.8150293e-01
  vertex 8.7368164e-01 -7.0000000e-02 -2.8150293e-01
 endloop
endfacet
facet normal 7.572118e-01 0.000000e+00 -6.531695e-01
 outer loop
  vertex 8.7368164e-01 -7.0000000e-02 -2.8150293e-01
  vertex 8.7368164e-01 -2.6000000e-01 -2.8150293e-01
  vertex 8.6855220e-01 -7.0000000e-02 -2.8744943e-01
 endloop
endfacet
facet normal 7.572118e-01 0.000000e+00 -6.531695e-01
 outer loop
  vertex 8.6855220e-01 -7.0000000e-02 -2.8744943e-01
  vertex 8.7368164e-01 -2.6000000e-01 -2.8150293e-01
  vertex 8.6855220e-01 -2.6000000e-01 -2.8744943e-01
 endloop
endfacet
facet normal 7.242478e-01 0.000000e+00 -6.895397e-01
 outer loop
  vertex 8.6313710e-01 -7.0000000e-02 -2.9313710e-01
  vertex 8.6855220e-01 -7.0000000e-02 -2.8744943e-01
  vertex 8.6855220e-01 -2.6000000e-01 -2.8744943e-01
 endloop
endfacet
facet normal 7.242478e-01 0.000000e+00 -6.895397e-01
 outer loop
  vertex 8.6313710e-01 -2.6000000e-01 -2.9313710e-01
  vertex 8.6313710e-01 -7.0000000e-02 -2.9313710e-01
  vertex 8.6855220e-01 -2.6000000e-01 -2.8744943e-01
 endloop
endfacet
facet normal 6.895378e-01 0.000000e+00 -7.242497e-01
 outer loop
  vertex 8.6313710e-01 -2.6000000e-01 -2.9313710e-01
  vertex 8.5744940e-01 -7.0000000e-02 -2.9855220e-01
  vertex 8.6313710e-01 -7.0000000e-02 -2.9313710e-01
 endloop
endfacet
facet normal 6.895378e-01 0.000000e+00 -7.242497e-01
 outer loop
  vertex 8.6313710e-01 -2.6000000e-01 -2.9313710e-01
  vertex 8.5744940e-01 -2.6000000e-01 -2.9855220e-01
  vertex 8.5744940e-01 -7.0000000e-02 -2.9855220e-01
 endloop
endfacet
facet normal 6.531717e-01 0.000000e+00 -7.572099e-01
 outer loop
  vertex 8.5744940e-01 -7.0000000e-02 -2.9855220e-01
  vertex 8.5744940e-01 -2.6000000e-01 -2.9855220e-01
  vertex 8.5150290e-01 -7.0000000e-02 -3.0368167e-01
 endloop
endfacet
facet normal -9.996987e-01 -0.000000e+00 -2.454415e-02
 outer loop
  vertex 5.9019275e-01 -7.0000000e-02 -1.8785083e-01
  vertex 5.9019275e-01 -2.6000000e-01 -1.8785083e-01
  vertex 5.9000000e-01 -2.6000000e-01 -1.8000000e-01
 endloop
endfacet
facet normal 6.152321e-01 0.000000e+00 -7.883460e-01
 outer loop
  vertex 8.4531190e-01 -7.0000000e-02 -3.0851318e-01
  vertex 8.5150290e-01 -2.6000000e-01 -3.0368167e-01
  vertex 8.4531190e-01 -2.6000000e-01 -3.0851318e-01
 endloop
endfacet
facet normal 5.349952e-01 0.000000e+00 -8.448551e-01
 outer loop
  vertex 8.3889124e-01 -7.0000000e-02 -3.1303513e-01
  vertex 8.3889124e-01 -2.6000000e-01 -3.1303513e-01
  vertex 8.3225640e-01 -7.0000000e-02 -3.1723657e-01
 endloop
endfacet
facet normal 4.928999e-01 0.000000e+00 -8.700860e-01
 outer loop
  vertex 8.3225640e-01 -2.6000000e-01 -3.1723657e-01
  vertex 8.2542346e-01 -2.6000000e-01 -3.2110740e-01
  vertex 8.2542346e-01 -7.0000000e-02 -3.2110740e-01
 endloop
endfacet
facet normal 4.052425e-01 0.000000e+00 -9.142092e-01
 outer loop
  vertex 8.1840880e-01 -2.6000000e-01 -3.2463828e-01
  vertex 8.1122940e-01 -7.0000000e-02 -3.2782070e-01
  vertex 8.1840880e-01 -7.0000000e-02 -3.2463828e-01
 endloop
endfacet
facet normal 3.598977e-01 0.000000e+00 -9.329918e-01
 outer loop
  vertex 8.0390240e-01 -2.6000000e-01 -3.3064706e-01
  vertex 8.0390240e-01 -7.0000000e-02 -3.3064706e-01
  vertex 8.1122940e-01 -2.6000000e-01 -3.2782070e-01
 endloop
endfacet
facet normal 2.667140e-01 0.000000e+00 -9.637757e-01
 outer loop
  vertex 7.8887683e-01 -7.0000000e-02 -3.3520500e-01
  vertex 7.9644556e-01 -7.0000000e-02 -3.3311044e-01
  vertex 7.9644556e-01 -2.6000000e-01 -3.3311044e-01
 endloop
endfacet
facet normal 2.191044e-01 0.000000e+00 -9.757014e-01
 outer loop
  vertex 7.8121450e-01 -7.0000000e-02 -3.3692566e-01
  vertex 7.8887683e-01 -2.6000000e-01 -3.3520500e-01
  vertex 7.8121450e-01 -2.6000000e-01 -3.3692566e-01
 endloop
endfacet
facet normal 1.224084e-01 0.000000e+00 -9.924798e-01
 outer loop
  vertex 7.7347690e-01 -7.0000000e-02 -3.3826825e-01
  vertex 7.7347690e-01 -2.6000000e-01 -3.3826825e-01
  vertex 7.6568274e-01 -7.0000000e-02 -3.3922955e-01
 endloop
endfacet
facet normal 7.356601e-02 0.000000e+00 -9.972904e-01
 outer loop
  vertex 7.6568274e-01 -2.6000000e-01 -3.3922955e-01
  vertex 7.5785080e-01 -2.6000000e-01 -3.3980728e-01
  vertex 7.5785080e-01 -7.0000000e-02 -3.3980728e-01
 endloop
endfacet
facet normal -2.454042e-02 0.000000e+00 -9.996988e-01
 outer loop
  vertex 7.5000000e-01 -2.6000000e-01 -3.4000000e-01
  vertex 7.4214920e-01 -7.0000000e-02 -3.3980728e-01
  vertex 7.5000000e-01 -7.0000000e-02 -3.4000000e-01
 endloop
endfacet
facet normal -7.356601e-02 0.000000e+00 -9.972904e-01
 outer loop
  vertex 7.3431726e-01 -2.6000000e-01 -3.3922955e-01
  vertex 7.3431726e-01 -7.0000000e-02 -3.3922955e-01
  vertex 7.4214920e-01 -2.6000000e-01 -3.3980728e-01
 endloop
endfacet
facet normal -1.709605e-01 0.000000e+00 -9.852779e-01
 outer loop
  vertex 7.1878550e-01 -7.0000000e-02 -3.3692566e-01
  vertex 7.2652310e-01 -7.0000000e-02 -3.3826825e-01
  vertex 7.2652310e-01 -2.6000000e-01 -3.3826825e-01
 endloop
endfacet
facet normal -2.191044e-01 -0.000000e+00 -9.757014e-01
 outer loop
  vertex 7.1112317e-01 -7.0000000e-02 -3.3520500e-01
  vertex 7.1878550e-01 -2.6000000e-01 -3.3692566e-01
  vertex 7.1112317e-01 -2.6000000e-01 -3.3520500e-01
 endloop
endfacet
facet normal -3.136786e-01 -0.000000e+00 -9.495292e-01
 outer loop
  vertex 7.0355444e-01 -7.0000000e-02 -3.3311044e-01
  vertex 7.0355444e-01 -2.6000000e-01 -3.3311044e-01
  vertex 6.9609760e-01 -7.0000000e-02 -3.3064706e-01
 endloop
endfacet
facet normal -3.598977e-01 0.000000e+00 -9.329918e-01
 outer loop
  vertex 6.9609760e-01 -2.6000000e-01 -3.3064706e-01
  vertex 6.8877060e-01 -2.6000000e-01 -3.2782070e-01
  vertex 6.8877060e-01 -7.0000000e-02 -3.2782070e-01
 endloop
endfacet
facet normal -4.496110e-01 0.000000e+00 -8.932245e-01
 outer loop
  vertex 6.8159120e-01 -2.6000000e-01 -3.2463828e-01
  vertex 6.7457654e-01 -7.0000000e-02 -3.2110740e-01
  vertex 6.8159120e-01 -7.0000000e-02 -3.2463828e-01
 endloop
endfacet
facet normal -4.928999e-01 0.000000e+00 -8.700860e-01
 outer loop
  vertex 6.6774360e-01 -2.6000000e-01 -3.1723657e-01
  vertex 6.6774360e-01 -7.0000000e-02 -3.1723657e-01
  vertex 6.7457654e-01 -2.6000000e-01 -3.2110740e-01
 endloop
endfacet
facet normal -5.758091e-01 0.000000e+00 -8.175842e-01
 outer loop
  vertex 6.5468810e-01 -7.0000000e-02 -3.0851318e-01
  vertex 6.6110876e-01 -7.0000000e-02 -3.1303513e-01
  vertex 6.6110876e-01 -2.6000000e-01 -3.1303513e-01
 endloop
endfacet
facet normal -6.152321e-01 -0.000000e+00 -7.883460e-01
 outer loop
  vertex 6.4849710e-01 -7.0000000e-02 -3.0368167e-01
  vertex 6.5468810e-01 -2.6000000e-01 -3.0851318e-01
  vertex 6.4849710e-01 -2.6000000e-01 -3.0368167e-01
 endloop
endfacet
facet normal -6.895378e-01 -0.000000e+00 -7.242497e-01
 outer loop
  vertex 6.4255060e-01 -7.0000000e-02 -2.9855220e-01
  vertex 6.4255060e-01 -2.6000000e-01 -2.9855220e-01
  vertex 6.3686290e-01 -7.0000000e-02 -2.9313710e-01
 endloop
endfacet
facet normal -7.242478e-01 0.000000e+00 -6.895397e-01
 outer loop
  vertex 6.3686290e-01 -2.6000000e-01 -2.9313710e-01
  vertex 6.3144780e-01 -2.6000000e-01 -2.8744943e-01
  vertex 6.3144780e-01 -7.0000000e-02 -2.8744943e-01
 endloop
endfacet
facet normal -7.883419e-01 0.000000e+00 -6.152373e-01
 outer loop
  vertex 6.2631836e-01 -2.6000000e-01 -2.8150293e-01
  vertex 6.2148676e-01 -7.0000000e-02 -2.7531190e-01
  vertex 6.2631836e-01 -7.0000000e-02 -2.8150293e-01
 endloop
endfacet
facet normal -8.175895e-01 0.000000e+00 -5.758015e-01
 outer loop
  vertex 6.1696490e-01 -2.6000000e-01 -2.6889124e-01
  vertex 6.1696490e-01 -7.0000000e-02 -2.6889124e-01
  vertex 6.2148676e-01 -2.6000000e-01 -2.7531190e-01
 endloop
endfacet
facet normal -8.700899e-01 0.000000e+00 -4.928931e-01
 outer loop
  vertex 6.0889264e-01 -7.0000000e-02 -2.5542350e-01
  vertex 6.1276340e-01 -7.0000000e-02 -2.6225644e-01
  vertex 6.1276340e-01 -2.6000000e-01 -2.6225644e-01
 endloop
endfacet
facet normal -8.932222e-01 -0.000000e+00 -4.496156e-01
 outer loop
  vertex 6.0536170e-01 -7.0000000e-02 -2.4840881e-01
  vertex 6.0889264e-01 -2.6000000e-01 -2.5542350e-01
  vertex 6.0536170e-01 -2.6000000e-01 -2.4840881e-01
 endloop
endfacet
facet normal -9.329944e-01 -0.000000e+00 -3.598908e-01
 outer loop
  vertex 6.0217926e-01 -7.0000000e-02 -2.4122935e-01
  vertex 6.0217926e-01 -2.6000000e-01 -2.4122935e-01
  vertex 5.9935297e-01 -7.0000000e-02 -2.3390237e-01
 endloop
endfacet
facet normal -9.495254e-01 0.000000e+00 -3.136901e-01
 outer loop
  vertex 5.9935297e-01 -2.6000000e-01 -2.3390237e-01
  vertex 5.9688950e-01 -2.6000000e-01 -2.2644556e-01
  vertex 5.9688950e-01 -7.0000000e-02 -2.2644556e-01
 endloop
endfacet
facet normal -9.757034e-01 0.000000e+00 -2.190958e-01
 outer loop
  vertex 5.9479500e-01 -2.6000000e-01 -2.1887683e-01
  vertex 5.9307440e-01 -7.0000000e-02 -2.1121445e-01
  vertex 5.9479500e-01 -7.0000000e-02 -2.1887683e-01
 endloop
endfacet
facet normal -9.852776e-01 0.000000e+00 -1.709624e-01
 outer loop
  vertex 5.9173180e-01 -2.6000000e-01 -2.0347688e-01
  vertex 5.9173180e-01 -7.0000000e-02 -2.0347688e-01
  vertex 5.9307440e-01 -2.6000000e-01 -2.1121445e-01
 endloop
endfacet
facet normal -9.996987e-01 0.000000e+00 -2.454415e-02
 outer loop
  vertex 5.9019275e-01 -7.0000000e-02 -1.8785083e-01
  vertex 5.9000000e-01 -2.6000000e-01 -1.8000000e-01
  vertex 5.9000000e-01 -7.0000000e-02 -1.8000000e-01
 endloop
endfacet
facet normal -9.972906e-01 0.000000e+00 -7.356239e-02
 outer loop
  vertex 5.9077045e-01 -2.6000000e-01 -1.9568275e-01
  vertex 5.9019275e-01 -7.0000000e-02 -1.8785083e-01
  vertex 5.9077045e-01 -7.0000000e-02 -1.9568275e-01
 endloop
endfacet
facet normal 0.000000e+00 1.000000e+00 0.000000e+00
 outer loop
  vertex 9.0922955e-01 -7.0000000e-02 -1.9568275e-01
  vertex 9.1000000e-01 -7.0000000e-02 -1.8000000e-01
  vertex 9.0980725e-01 -7.0000000e-02 -1.8785083e-01
 endloop
endfacet
facet normal 0.000000e+00 1.000000e+00 0.000000e+00
 outer loop
  vertex 9.0826820e-01 -7.0000000e-02 -2.0347688e-01
  vertex 9.1000000e-01 -7.0000000e-02 -1.8000000e-01
  vertex 9.0922955e-01 -7.0000000e-02 -1.9568275e-01
 endloop
endfacet
facet normal 0.000000e+00 1.000000e+00 0.000000e+00
 outer loop
  vertex 9.0692560e-01 -7.0000000e-02 -2.1121445e-01
  vertex 9.1000000e-01 -7.0000000e-02 -1.8000000e-01
  vertex 9.0826820e-01 -7.0000000e-02 -2.0347688e-01
 endloop
endfacet
facet normal 0.000000e+00 1.000000e+00 0.000000e+00
 outer loop
  vertex 9.0520500e-01 -7.0000000e-02 -2.1887683e-01
  vertex 9.1000000e-01 -7.0000000e-02 -1.8000000e-01
  vertex 9.0692560e-01 -7.0000000e-02 -2.1121445e-01
 endloop
endfacet
facet normal 0.000000e+00 1.000000e+00 0.000000e+00
 outer loop
  vertex 9.0311050e-01 -7.0000000e-02 -2.2644556e-01
  vertex 9.1000000e-01 -7.0000000e-02 -1.8000000e-01
  vertex 9.0520500e-01 -7.0000000e-02 -2.1887683e-01
 endloop
endfacet
facet normal 0.000000e+00 1.000000e+00 0.000000e+00
 outer loop
  vertex 9.0064703e-01 -7.0000000e-02 -2.3390237e-01
  vertex 9.1000000e-01 -7.0000000e-02 -1.8000000e-01
  vertex 9.0311050e-01 -7.0000000e-02 -2.2644556e-01
 endloop
endfacet
facet normal 0.000000e+00 1.000000e+00 0.000000e+00
 outer loop
  vertex 8.9782074e-01 -7.0000000e-02 -2.4122935e-01
  vertex 9.1000000e-01 -7.0000000e-02 -1.8000000e-01
  vertex 9.0064703e-01 -7.0000000e-02 -2.3390237e-01
 endloop
endfacet
facet normal 0.000000e+00 1.000000e+00 0.000000e+00
 outer loop
  vertex 8.9463830e-01 -7.0000000e-02 -2.4840881e-01
  vertex 9.1000000e-01 -7.0000000e-02 -1.8000000e-01
  vertex 8.9782074e-01 -7.0000000e-02 -2.4122935e-01
 endloop
endfacet
facet normal 0.000000e+00 1.000000e+00 0.000000e+00
 outer loop
  vertex 8.9110736e-01 -7.0000000e-02 -2.5542350e-01
  vertex 9.1000000e-01 -7.0000000e-02 -1.8000000e-01
  vertex 8.9463830e-01 -7.0000000e-02 -2.4840881e-01
 endloop
endfacet
facet normal 0.000000e+00 1.000000e+00 0.000000e+00
 outer loop
  vertex 8.8723660e-01 -7.0000000e-02 -2.6225644e-01
  vertex 9.1000000e-01 -7.0000000e-02 -1.8000000e-01
  vertex 8.9110736e-01 -7.0000000e-02 -2.5542350e-01
 endloop
endfacet
facet normal 0.000000e+00 1.000000e+00 0.000000e+00
 outer loop
  vertex 8.8303510e-01 -7.0000000e-02 -2.6889124e-01
  vertex 9.1000000e-01 -7.0000000e-02 -1.8000000e-01
  vertex 8.8723660e-01 -7.0000000e-02 -2.6225644e-01
 endloop
endfacet
facet normal 0.000000e+00 1.000000e+00 0.000000e+00
 outer loop
  vertex 8.7851324e-01 -7.0000000e-02 -2.7531190e-01
  vertex 9.1000000e-01 -7.0000000e-02 -1.8000000e-01
  vertex 8.8303510e-01 -7.0000000e-02 -2.6889124e-01
 endloop
endfacet
facet normal 0.000000e+00 1.000000e+00 0.000000e+00
 outer loop
  vertex 8.7368164e-01 -7.0000000e-02 -2.8150293e-01
  vertex 9.1000000e-01 -7.0000000e-02 -1.8000000e-01
  vertex 8.7851324e-01 -7.0000000e-02 -2.7531190e-01
 endloop
endfacet
facet normal 0.000000e+00 1.000000e+00 0.000000e+00
 outer loop
  vertex 8.6855220e-01 -7.0000000e-02 -2.8744943e-01
  vertex 9.1000000e-01 -7.0000000e-02 -1.8000000e-01
  vertex 8.7368164e-01 -7.0000000e-02 -2.8150293e-01
 endloop
endfacet
facet normal 0.000000e+00 1.000000e+00 0.000000e+00
 outer loop
  vertex 8.6313710e-01 -7.0000000e-02 -2.9313710e-01
  vertex 9.1000000e-01 -7.0000000e-02 -1.8000000e-01
  vertex 8.6855220e-01 -7.0000000e-02 -2.8744943e-01
 endloop
endfacet
facet normal 0.000000e+00 1.000000e+00 0.000000e+00
 outer loop
  vertex 8.5744940e-01 -7.0000000e-02 -2.9855220e-01
  vertex 9.1000000e-01 -7.0000000e-02 -1.8000000e-01
  vertex 8.6313710e-01 -7.0000000e-02 -2.9313710e-01
 endloop
endfacet
facet normal 0.000000e+00 1.000000e+00 0.000000e+00
 outer loop
  vertex 8.5150290e-01 -7.0000000e-02 -3.0368167e-01
  vertex 9.1000000e-01 -7.0000000e-02 -1.8000000e-01
  vertex 8.5744940e-01 -7.0000000e-02 -2.9855220e-01
 endloop
endfacet
facet normal 0.000000e+00 1.000000e+00 0.000000e+00
 outer loop
  vertex 8.4531190e-01 -7.0000000e-02 -3.0851318e-01
  vertex 9.1000000e-01 -7.0000000e-02 -1.8000000e-01
  vertex 8.5150290e-01 -7.0000000e-02 -3.0368167e-01
 endloop
endfacet
facet normal 0.000000e+00 1.000000e+00 0.000000e+00
 outer loop
  vertex 8.3889124e-01 -7.0000000e-02 -3.1303513e-01
  vertex 9.1000000e-01 -7.0000000e-02 -1.8000000e-01
  vertex 8.4531190e-01 -7.0000000e-02 -3.0851318e-01
 endloop
endfacet
facet normal 0.000000e+00 1.000000e+00 0.000000e+00
 outer loop
  vertex 8.3225640e-01 -7.0000000e-02 -3.1723657e-01
  vertex 9.1000000e-01 -7.0000000e-02 -1.8000000e-01
  vertex 8.3889124e-01 -7.0000000e-02 -3.1303513e-01
 endloop
endfacet
facet normal 0.000000e+00 1.000000e+00 0.000000e+00
 outer loop
  vertex 8.2542346e-01 -7.0000000e-02 -3.2110740e-01
  vertex 9.1000000e-01 -7.0000000e-02 -1.8000000e-01
  vertex 8.3225640e-01 -7.0000000e-02 -3.1723657e-01
 endloop
endfacet
facet normal 0.000000e+00 1.000000e+00 0.000000e+00
 outer loop
  vertex 8.1840880e-01 -7.0000000e-02 -3.2463828e-01
  vertex 9.1000000e-01 -7.0000000e-02 -1.8000000e-01
  vertex 8.2542346e-01 -7.0000000e-02 -3.2110740e-01
 endloop
endfacet
facet normal 0.000000e+00 1.000000e+00 0.000000e+00
 outer loop
  vertex 8.1122940e-01 -7.0000000e-02 -3.2782070e-01
  vertex 9.1000000e-01 -7.0000000e-02 -1.8000000e-01
  vertex 8.1840880e-01 -7.0000000e-02 -3.2463828e-01
 endloop
endfacet
facet normal 0.000000e+00 1.000000e+00 -0.000000e+00
 outer loop
  vertex 8.0390240e-01 -7.0000000e-02 -3.3064706e-01
  vertex 7.9644556e-01 -7.0000000e-02 -3.3311044e-01
  vertex 9.1000000e-01 -7.0000000e-02 -1.8000000e-01
 endloop
endfacet
facet normal 0.000000e+00 1.000000e+00 0.000000e+00
 outer loop
  vertex 8.0390240e-01 -7.0000000e-02 -3.3064706e-01
  vertex 9.1000000e-01 -7.0000000e-02 -1.8000000e-01
  vertex 8.1122940e-01 -7.0000000e-02 -3.2782070e-01
 endloop
endfacet
facet normal 0.000000e+00 1.000000e+00 -0.000000e+00
 outer loop
  vertex 7.9644556e-01 -7.0000000e-02 -3.3311044e-01
  vertex 7.8887683e-01 -7.0000000e-02 -3.3520500e-01
  vertex 9.1000000e-01 -7.0000000e-02 -1.8000000e-01
 endloop
endfacet
facet normal 0.000000e+00 1.000000e+00 -0.000000e+00
 outer loop
  vertex 7.8887683e-01 -7.0000000e-02 -3.3520500e-01
  vertex 7.8121450e-01 -7.0000000e-02 -3.3692566e-01
  vertex 9.1000000e-01 -7.0000000e-02 -1.8000000e-01
 endloop
endfacet
facet normal 0.000000e+00 1.000000e+00 -0.000000e+00
 outer loop
  vertex 7.8121450e-01 -7.0000000e-02 -3.3692566e-01
  vertex 7.7347690e-01 -7.0000000e-02 -3.3826825e-01
  vertex 9.1000000e-01 -7.0000000e-02 -1.8000000e-01
 endloop
endfacet
facet normal 0.000000e+00 1.000000e+00 -0.000000e+00
 outer loop
  vertex 7.7347690e-01 -7.0000000e-02 -3.3826825e-01
  vertex 7.6568274e-01 -7.0000000e-02 -3.3922955e-01
  vertex 9.1000000e-01 -7.0000000e-02 -1.8000000e-01
 endloop
endfacet
facet normal 0.000000e+00 1.000000e+00 -0.000000e+00
 outer loop
  vertex 7.6568274e-01 -7.0000000e-02 -3.3922955e-01
  vertex 7.5785080e-01 -7.0000000e-02 -3.3980728e-01
  vertex 9.1000000e-01 -7.0000000e-02 -1.8000000e-01
 endloop
endfacet
facet normal 0.000000e+00 1.000000e+00 -0.000000e+00
 outer loop
  vertex 7.5785080e-01 -7.0000000e-02 -3.3980728e-01
  vertex 7.5000000e-01 -7.0000000e-02 -3.4000000e-01
  vertex 9.1000000e-01 -7.0000000e-02 -1.8000000e-01
 endloop
endfacet
facet normal 0.000000e+00 1.000000e+00 -0.000000e+00
 outer loop
  vertex 7.5000000e-01 -7.0000000e-02 -3.4000000e-01
  vertex 7.4214920e-01 -7.0000000e-02 -3.3980728e-01
  vertex 9.1000000e-01 -7.0000000e-02 -1.8000000e-01
 endloop
endfacet
facet normal 0.000000e+00 1.000000e+00 -0.000000e+00
 outer loop
  vertex 7.4214920e-01 -7.0000000e-02 -3.3980728e-01
  vertex 7.3431726e-01 -7.0000000e-02 -3.3922955e-01
  vertex 9.1000000e-01 -7.0000000e-02 -1.8000000e-01
 endloop
endfacet
facet normal 0.000000e+00 1.000000e+00 -0.000000e+00
 outer loop
  vertex 7.3431726e-01 -7.0000000e-02 -3.3922955e-01
  vertex 7.2652310e-01 -7.0000000e-02 -3.3826825e-01
  vertex 9.1000000e-01 -7.0000000e-02 -1.8000000e-01
 endloop
endfacet
facet normal 0.000000e+00 1.000000e+00 0.000000e+00
 outer loop
  vertex 9.1000000e-01 -7.0000000e-02 -1.8000000e-01
  vertex 7.2652310e-01 -7.0000000e-02 -3.3826825e-01
  vertex 7.1878550e-01 -7.0000000e-02 -3.3692566e-01
 endloop
endfacet
facet normal 0.000000e+00 1.000000e+00 0.000000e+00
 outer loop
  vertex 9.1000000e-01 -7.0000000e-02 -1.8000000e-01
  vertex 7.1878550e-01 -7.0000000e-02 -3.3692566e-01
  vertex 7.1112317e-01 -7.0000000e-02 -3.3520500e-01
 endloop
endfacet
facet normal 0.000000e+00 1.000000e+00 0.000000e+00
 outer loop
  vertex 9.1000000e-01 -7.0000000e-02 -1.8000000e-01
  vertex 7.1112317e-01 -7.0000000e-02 -3.3520500e-01
  vertex 7.0355444e-01 -7.0000000e-02 -3.3311044e-01
 endloop
endfacet
facet normal 0.000000e+00 1.000000e+00 0.000000e+00
 outer loop
  vertex 9.1000000e-01 -7.0000000e-02 -1.8000000e-01
  vertex 7.0355444e-01 -7.0000000e-02 -3.3311044e-01
  vertex 6.9609760e-01 -7.0000000e-02 -3.3064706e-01
 endloop
endfacet
facet normal 0.000000e+00 1.000000e+00 0.000000e+00
 outer loop
  vertex 9.1000000e-01 -7.0000000e-02 -1.8000000e-01
  vertex 6.9609760e-01 -7.0000000e-02 -3.3064706e-01
  vertex 6.8877060e-01 -7.0000000e-02 -3.2782070e-01
 endloop
endfacet
facet normal 0.000000e+00 1.000000e+00 0.000000e+00
 outer loop
  vertex 9.1000000e-01 -7.0000000e-02 -1.8000000e-01
  vertex 6.8877060e-01 -7.0000000e-02 -3.2782070e-01
  vertex 6.8159120e-01 -7.0000000e-02 -3.2463828e-01
 endloop
endfacet
facet normal 0.000000e+00 1.000000e+00 0.000000e+00
 outer loop
  vertex 9.1000000e-01 -7.0000000e-02 -1.8000000e-01
  vertex 6.8159120e-01 -7.0000000e-02 -3.2463828e-01
  vertex 6.7457654e-01 -7.0000000e-02 -3.2110740e-01
 endloop
endfacet
facet normal 0.000000e+00 1.000000e+00 0.000000e+00
 outer loop
  vertex 9.1000000e-01 -7.0000000e-02 -1.8000000e-01
  vertex 6.7457654e-01 -7.0000000e-02 -3.2110740e-01
  vertex 6.6774360e-01 -7.0000000e-02 -3.1723657e-01
 endloop
endfacet
facet normal 0.000000e+00 1.000000e+00 0.000000e+00
 outer loop
  vertex 9.1000000e-01 -7.0000000e-02 -1.8000000e-01
  vertex 6.6774360e-01 -7.0000000e-02 -3.1723657e-01
  vertex 6.6110876e-01 -7.0000000e-02 -3.1303513e-01
 endloop
endfacet
facet normal 0.000000e+00 1.000000e+00 0.000000e+00
 outer loop
  vertex 9.1000000e-01 -7.0000000e-02 -1.8000000e-01
  vertex 6.6110876e-01 -7.0000000e-02 -3.1303513e-01
  vertex 6.5468810e-01 -7.0000000e-02 -3.0851318e-01
 endloop
endfacet
facet normal 0.000000e+00 1.000000e+00 0.000000e+00
 outer loop
  vertex 9.1000000e-01 -7.0000000e-02 -1.8000000e-01
  vertex 6.5468810e-01 -7.0000000e-02 -3.0851318e-01
  vertex 6.4849710e-01 -7.0000000e-02 -3.0368167e-01
 endloop
endfacet
facet normal 0.000000e+00 1.000000e+00 0.000000e+00
 outer loop
  vertex 9.1000000e-01 -7.0000000e-02 -1.8000000e-01
  vertex 6.4849710e-01 -7.0000000e-02 -3.0368167e-01
  vertex 6.4255060e-01 -7.0000000e-02 -2.9855220e-01
 endloop
endfacet
facet normal 0.000000e+00 1.000000e+00 0.000000e+00
 outer loop
  vertex 9.1000000e-01 -7.0000000e-02 -1.8000000e-01
  vertex 6.4255060e-01 -7.0000000e-02 -2.9855220e-01
  vertex 6.3686290e-01 -7.0000000e-02 -2.9313710e-01
 endloop
endfacet
facet normal 0.000000e+00 1.000000e+00 0.000000e+00
 outer loop
  vertex 9.1000000e-01 -7.0000000e-02 -1.8000000e-01
  vertex 6.3686290e-01 -7.0000000e-02 -2.9313710e-01
  vertex 6.3144780e-01 -7.0000000e-02 -2.8744943e-01
 endloop
endfacet
facet normal 0.000000e+00 1.000000e+00 0.000000e+00
 outer loop
  vertex 9.1000000e-01 -7.0000000e-02 -1.8000000e-01
  vertex 6.3144780e-01 -7.0000000e-02 -2.8744943e-01
  vertex 6.2631836e-01 -7.0000000e-02 -2.8150293e-01
 endloop
endfacet
facet normal 0.000000e+00 1.000000e+00 0.000000e+00
 outer loop
  vertex 9.1000000e-01 -7.0000000e-02 -1.8000000e-01
  vertex 6.2631836e-01 -7.0000000e-02 -2.8150293e-01
  vertex 6.2148676e-01 -7.0000000e-02 -2.7531190e-01
 endloop
endfacet
facet normal 0.000000e+00 1.000000e+00 0.000000e+00
 outer loop
  vertex 9.1000000e-01 -7.0000000e-02 -1.8000000e-01
  vertex 6.2148676e-01 -7.0000000e-02 -2.7531190e-01
  vertex 6.1696490e-01 -7.0000000e-02 -2.6889124e-01
 endloop
endfacet
facet normal 0.000000e+00 1.000000e+00 0.000000e+00
 outer loop
  vertex 9.1000000e-01 -7.0000000e-02 -1.8000000e-01
  vertex 6.1696490e-01 -7.0000000e-02 -2.6889124e-01
  vertex 6.1276340e-01 -7.0000000e-02 -2.6225644e-01
 endloop
endfacet
facet normal -0.000000e+00 1.000000e+00 0.000000e+00
 outer loop
  vertex 6.0536170e-01 -7.0000000e-02 -2.4840881e-01
  vertex 9.1000000e-01 -7.0000000e-02 -1.8000000e-01
  vertex 6.0889264e-01 -7.0000000e-02 -2.5542350e-01
 endloop
endfacet
facet normal 0.000000e+00 1.000000e+00 0.000000e+00
 outer loop
  vertex 9.1000000e-01 -7.0000000e-02 -1.8000000e-01
  vertex 6.1276340e-01 -7.0000000e-02 -2.6225644e-01
  vertex 6.0889264e-01 -7.0000000e-02 -2.5542350e-01
 endloop
endfacet
facet normal -0.000000e+00 1.000000e+00 0.000000e+00
 outer loop
  vertex 6.0217926e-01 -7.0000000e-02 -2.4122935e-01
  vertex 9.1000000e-01 -7.0000000e-02 -1.8000000e-01
  vertex 6.0536170e-01 -7.0000000e-02 -2.4840881e-01
 endloop
endfacet
facet normal -0.000000e+00 1.000000e+00 0.000000e+00
 outer loop
  vertex 5.9935297e-01 -7.0000000e-02 -2.3390237e-01
  vertex 9.1000000e-01 -7.0000000e-02 -1.8000000e-01
  vertex 6.0217926e-01 -7.0000000e-02 -2.4122935e-01
 endloop
endfacet
facet normal -0.000000e+00 1.000000e+00 0.000000e+00
 outer loop
  vertex 5.9688950e-01 -7.0000000e-02 -2.2644556e-01
  vertex 9.1000000e-01 -7.0000000e-02 -1.8000000e-01
  vertex 5.9935297e-01 -7.0000000e-02 -2.3390237e-01
 endloop
endfacet
facet normal -0.000000e+00 1.000000e+00 0.000000e+00
 outer loop
  vertex 5.9479500e-01 -7.0000000e-02 -2.1887683e-01
  vertex 9.1000000e-01 -7.0000000e-02 -1.8000000e-01
  vertex 5.9688950e-01 -7.0000000e-02 -2.2644556e-01
 endloop
endfacet
facet normal -0.000000e+00 1.000000e+00 0.000000e+00
 outer loop
  vertex 5.9307440e-01 -7.0000000e-02 -2.1121445e-01
  vertex 9.1000000e-01 -7.0000000e-02 -1.8000000e-01
  vertex 5.9479500e-01 -7.0000000e-02 -2.1887683e-01
 endloop
endfacet
facet normal -0.000000e+00 1.000000e+00 0.000000e+00
 outer loop
  vertex 5.9173180e-01 -7.0000000e-02 -2.0347688e-01
  vertex 9.1000000e-01 -7.0000000e-02 -1.8000000e-01
  vertex 5.9307440e-01 -7.0000000e-02 -2.1121445e-01
 endloop
endfacet
facet normal -0.000000e+00 1.000000e+00 0.000000e+00
 outer loop
  vertex 5.9077045e-01 -7.0000000e-02 -1.9568275e-01
  vertex 9.1000000e-01 -7.0000000e-02 -1.8000000e-01
  vertex 5.9173180e-01 -7.0000000e-02 -2.0347688e-01
 endloop
endfacet
facet normal 0.000000e+00 1.000000e+00 -0.000000e+00
 outer loop
  vertex 5.9019275e-01 -7.0000000e-02 -1.8785083e-01
  vertex 5.9000000e-01 -7.0000000e-02 -1.8000000e-01
  vertex 9.1000000e-01 -7.0000000e-02 -1.8000000e-01
 endloop
endfacet
facet normal 0.000000e+00 1.000000e+00 0.000000e+00
 outer loop
  vertex 5.9000000e-01 -7.0000000e-02 -1.8000000e-01
  vertex 5.9019275e-01 -7.0000000e-02 -1.7214917e-01
  vertex 9.1000000e-01 -7.0000000e-02 -1.8000000e-01
 endloop
endfacet
facet normal -0.000000e+00 1.000000e+00 0.000000e+00
 outer loop
  vertex 5.9019275e-01 -7.0000000e-02 -1.7214917e-01
  vertex 5.9077045e-01 -7.0000000e-02 -1.6431725e-01
  vertex 9.1000000e-01 -7.0000000e-02 -1.8000000e-01
 endloop
endfacet
facet normal -0.000000e+00 1.000000e+00 0.000000e+00
 outer loop
  vertex 5.9077045e-01 -7.0000000e-02 -1.6431725e-01
  vertex 5.9173180e-01 -7.0000000e-02 -1.5652312e-01
  vertex 9.1000000e-01 -7.0000000e-02 -1.8000000e-01
 endloop
endfacet
facet normal 0.000000e+00 1.000000e+00 0.000000e+00
 outer loop
  vertex 9.1000000e-01 -7.0000000e-02 -1.8000000e-01
  vertex 5.9173180e-01 -7.0000000e-02 -1.5652312e-01
  vertex 5.9307440e-01 -7.0000000e-02 -1.4878555e-01
 endloop
endfacet
facet normal 0.000000e+00 1.000000e+00 0.000000e+00
 outer loop
  vertex 9.1000000e-01 -7.0000000e-02 -1.8000000e-01
  vertex 5.9307440e-01 -7.0000000e-02 -1.4878555e-01
  vertex 5.9479500e-01 -7.0000000e-02 -1.4112317e-01
 endloop
endfacet
facet normal 0.000000e+00 1.000000e+00 0.000000e+00
 outer loop
  vertex 9.1000000e-01 -7.0000000e-02 -1.8000000e-01
  vertex 5.9479500e-01 -7.0000000e-02 -1.4112317e-01
  vertex 5.9688950e-01 -7.0000000e-02 -1.3355446e-01
 endloop
endfacet
facet normal 0.000000e+00 1.000000e+00 0.000000e+00
 outer loop
  vertex 9.1000000e-01 -7.0000000e-02 -1.8000000e-01
  vertex 5.9688950e-01 -7.0000000e-02 -1.3355446e-01
  vertex 5.9935297e-01 -7.0000000e-02 -1.2609762e-01
 endloop
endfacet
facet normal 0.000000e+00 1.000000e+00 0.000000e+00
 outer loop
  vertex 9.1000000e-01 -7.0000000e-02 -1.8000000e-01
  vertex 5.9935297e-01 -7.0000000e-02 -1.2609762e-01
  vertex 6.0217926e-01 -7.0000000e-02 -1.1877065e-01
 endloop
endfacet
facet normal 0.000000e+00 1.000000e+00 0.000000e+00
 outer loop
  vertex 9.1000000e-01 -7.0000000e-02 -1.8000000e-01
  vertex 6.0217926e-01 -7.0000000e-02 -1.1877065e-01
  vertex 6.0536170e-01 -7.0000000e-02 -1.1159118e-01
 endloop
endfacet
facet normal 0.000000e+00 1.000000e+00 0.000000e+00
 outer loop
  vertex 9.1000000e-01 -7.0000000e-02 -1.8000000e-01
  vertex 6.0536170e-01 -7.0000000e-02 -1.1159118e-01
  vertex 6.0889264e-01 -7.0000000e-02 -1.0457652e-01
 endloop
endfacet
facet normal 0.000000e+00 1.000000e+00 0.000000e+00
 outer loop
  vertex 9.1000000e-01 -7.0000000e-02 -1.8000000e-01
  vertex 6.0889264e-01 -7.0000000e-02 -1.0457652e-01
  vertex 6.1276340e-01 -7.0000000e-02 -9.7743560e-02
 endloop
endfacet
facet normal 0.000000e+00 1.000000e+00 0.000000e+00
 outer loop
  vertex 9.1000000e-01 -7.0000000e-02 -1.8000000e-01
  vertex 6.1276340e-01 -7.0000000e-02 -9.7743560e-02
  vertex 6.1696490e-01 -7.0000000e-02 -9.1108765e-02
 endloop
endfacet
facet normal 0.000000e+00 1.000000e+00 0.000000e+00
 outer loop
  vertex 9.1000000e-01 -7.0000000e-02 -1.8000000e-01
  vertex 6.1696490e-01 -7.0000000e-02 -9.1108765e-02
  vertex 6.2148676e-01 -7.0000000e-02 -8.4688110e-02
 endloop
endfacet
facet normal 0.000000e+00 1.000000e+00 0.000000e+00
 outer loop
  vertex 9.1000000e-01 -7.0000000e-02 -1.8000000e-01
  vertex 6.2148676e-01 -7.0000000e-02 -8.4688110e-02
  vertex 6.2631836e-01 -7.0000000e-02 -7.8497080e-02
 endloop
endfacet
facet normal 0.000000e+00 1.000000e+00 0.000000e+00
 outer loop
  vertex 9.1000000e-01 -7.0000000e-02 -1.8000000e-01
  vertex 6.2631836e-01 -7.0000000e-02 -7.8497080e-02
  vertex 6.3144780e-01 -7.0000000e-02 -7.2550570e-02
 endloop
endfacet
facet normal 0.000000e+00 1.000000e+00 0.000000e+00
 outer loop
  vertex 9.1000000e-01 -7.0000000e-02 -1.8000000e-01
  vertex 6.3144780e-01 -7.0000000e-02 -7.2550570e-02
  vertex 6.3686290e-01 -7.0000000e-02 -6.6862915e-02
 endloop
endfacet
facet normal 0.000000e+00 1.000000e+00 0.000000e+00
 outer loop
  vertex 9.1000000e-01 -7.0000000e-02 -1.8000000e-01
  vertex 6.3686290e-01 -7.0000000e-02 -6.6862915e-02
  vertex 6.4255060e-01 -7.0000000e-02 -6.1447823e-02
 endloop
endfacet
facet normal 0.000000e+00 1.000000e+00 0.000000e+00
 outer loop
  vertex 9.1000000e-01 -7.0000000e-02 -1.8000000e-01
  vertex 6.4255060e-01 -7.0000000e-02 -6.1447823e-02
  vertex 6.4849710e-01 -7.0000000e-02 -5.6318330e-02
 endloop
endfacet
facet normal 0.000000e+00 1.000000e+00 0.000000e+00
 outer loop
  vertex 9.1000000e-01 -7.0000000e-02 -1.8000000e-01
  vertex 6.4849710e-01 -7.0000000e-02 -5.6318330e-02
  vertex 6.5468810e-01 -7.0000000e-02 -5.1486794e-02
 endloop
endfacet
facet normal 0.000000e+00 1.000000e+00 0.000000e+00
 outer loop
  vertex 9.1000000e-01 -7.0000000e-02 -1.8000000e-01
  vertex 6.5468810e-01 -7.0000000e-02 -5.1486794e-02
  vertex 6.6110876e-01 -7.0000000e-02 -4.6964863e-02
 endloop
endfacet
facet normal 0.000000e+00 1.000000e+00 0.000000e+00
 outer loop
  vertex 9.1000000e-01 -7.0000000e-02 -1.8000000e-01
  vertex 6.6110876e-01 -7.0000000e-02 -4.6964863e-02
  vertex 6.6774360e-01 -7.0000000e-02 -4.2763424e-02
 endloop
endfacet
facet normal 0.000000e+00 1.000000e+00 0.000000e+00
 outer loop
  vertex 6.8159120e-01 -7.0000000e-02 -3.5361713e-02
  vertex 9.1000000e-01 -7.0000000e-02 -1.8000000e-01
  vertex 6.7457654e-01 -7.0000000e-02 -3.8892597e-02
 endloop
endfacet
facet normal 0.000000e+00 1.000000e+00 0.000000e+00
 outer loop
  vertex 9.1000000e-01 -7.0000000e-02 -1.8000000e-01
  vertex 6.6774360e-01 -7.0000000e-02 -4.2763424e-02
  vertex 6.7457654e-01 -7.0000000e-02 -3.8892597e-02
 endloop
endfacet
facet normal 0.000000e+00 1.000000e+00 0.000000e+00
 outer loop
  vertex 6.8877060e-01 -7.0000000e-02 -3.2179276e-02
  vertex 9.1000000e-01 -7.0000000e-02 -1.8000000e-01
  vertex 6.8159120e-01 -7.0000000e-02 -3.5361713e-02
 endloop
endfacet
facet normal 0.000000e+00 1.000000e+00 0.000000e+00
 outer loop
  vertex 6.9609760e-01 -7.0000000e-02 -2.9352950e-02
  vertex 9.1000000e-01 -7.0000000e-02 -1.8000000e-01
  vertex 6.8877060e-01 -7.0000000e-02 -3.2179276e-02
 endloop
endfacet
facet normal 0.000000e+00 1.000000e+00 0.000000e+00
 outer loop
  vertex 7.0355444e-01 -7.0000000e-02 -2.6889545e-02
  vertex 9.1000000e-01 -7.0000000e-02 -1.8000000e-01
  vertex 6.9609760e-01 -7.0000000e-02 -2.9352950e-02
 endloop
endfacet
facet normal 0.000000e+00 1.000000e+00 0.000000e+00
 outer loop
  vertex 7.1112317e-01 -7.0000000e-02 -2.4795000e-02
  vertex 9.1000000e-01 -7.0000000e-02 -1.8000000e-01
  vertex 7.0355444e-01 -7.0000000e-02 -2.6889545e-02
 endloop
endfacet
facet normal 0.000000e+00 1.000000e+00 0.000000e+00
 outer loop
  vertex 7.1878550e-01 -7.0000000e-02 -2.3074354e-02
  vertex 9.1000000e-01 -7.0000000e-02 -1.8000000e-01
  vertex 7.1112317e-01 -7.0000000e-02 -2.4795000e-02
 endloop
endfacet
facet normal 0.000000e+00 1.000000e+00 0.000000e+00
 outer loop
  vertex 7.2652310e-01 -7.0000000e-02 -2.1731758e-02
  vertex 9.1000000e-01 -7.0000000e-02 -1.8000000e-01
  vertex 7.1878550e-01 -7.0000000e-02 -2.3074354e-02
 endloop
endfacet
facet normal 0.000000e+00 1.000000e+00 0.000000e+00
 outer loop
  vertex 7.3431726e-01 -7.0000000e-02 -2.0770443e-02
  vertex 9.1000000e-01 -7.0000000e-02 -1.8000000e-01
  vertex 7.2652310e-01 -7.0000000e-02 -2.1731758e-02
 endloop
endfacet
facet normal 0.000000e+00 1.000000e+00 0.000000e+00
 outer loop
  vertex 7.4214920e-01 -7.0000000e-02 -2.0192728e-02
  vertex 9.1000000e-01 -7.0000000e-02 -1.8000000e-01
  vertex 7.3431726e-01 -7.0000000e-02 -2.0770443e-02
 endloop
endfacet
facet normal 0.000000e+00 1.000000e+00 0.000000e+00
 outer loop
  vertex 7.5000000e-01 -7.0000000e-02 -2.0000000e-02
  vertex 9.1000000e-01 -7.0000000e-02 -1.8000000e-01
  vertex 7.4214920e-01 -7.0000000e-02 -2.0192728e-02
 endloop
endfacet
facet normal 0.000000e+00 1.000000e+00 0.000000e+00
 outer loop
  vertex 7.5785080e-01 -7.0000000e-02 -2.0192728e-02
  vertex 9.1000000e-01 -7.0000000e-02 -1.8000000e-01
  vertex 7.5000000e-01 -7.0000000e-02 -2.0000000e-02
 endloop
endfacet
facet normal 0.000000e+00 1.000000e+00 0.000000e+00
 outer loop
  vertex 7.6568274e-01 -7.0000000e-02 -2.0770443e-02
  vertex 9.1000000e-01 -7.0000000e-02 -1.8000000e-01
  vertex 7.5785080e-01 -7.0000000e-02 -2.0192728e-02
 endloop
endfacet
facet normal 0.000000e+00 1.000000e+00 0.000000e+00
 outer loop
  vertex 7.6568274e-01 -7.0000000e-02 -2.0770443e-02
  vertex 7.7347690e-01 -7.0000000e-02 -2.1731758e-02
  vertex 9.1000000e-01 -7.0000000e-02 -1.8000000e-01
 endloop
endfacet
facet normal 0.000000e+00 1.000000e+00 0.000000e+00
 outer loop
  vertex 7.7347690e-01 -7.0000000e-02 -2.1731758e-02
  vertex 7.8121450e-01 -7.0000000e-02 -2.3074354e-02
  vertex 9.1000000e-01 -7.0000000e-02 -1.8000000e-01
 endloop
endfacet
facet normal 0.000000e+00 1.000000e+00 0.000000e+00
 outer loop
  vertex 7.8121450e-01 -7.0000000e-02 -2.3074354e-02
  vertex 7.8887683e-01 -7.0000000e-02 -2.4795000e-02
  vertex 9.1000000e-01 -7.0000000e-02 -1.8000000e-01
 endloop
endfacet
facet normal 0.000000e+00 1.000000e+00 0.000000e+00
 outer loop
  vertex 7.8887683e-01 -7.0000000e-02 -2.4795000e-02
  vertex 7.9644556e-01 -7.0000000e-02 -2.6889545e-02
  vertex 9.1000000e-01 -7.0000000e-02 -1.8000000e-01
 endloop
endfacet
facet normal 0.000000e+00 1.000000e+00 0.000000e+00
 outer loop
  vertex 7.9644556e-01 -7.0000000e-02 -2.6889545e-02
  vertex 8.0390240e-01 -7.0000000e-02 -2.9352950e-02
  vertex 9.1000000e-01 -7.0000000e-02 -1.8000000e-01
 endloop
endfacet
facet normal 0.000000e+00 1.000000e+00 0.000000e+00
 outer loop
  vertex 8.0390240e-01 -7.0000000e-02 -2.9352950e-02
  vertex 8.1122940e-01 -7.0000000e-02 -3.2179276e-02
  vertex 9.1000000e-01 -7.0000000e-02 -1.8000000e-01
 endloop
endfacet
facet normal 0.000000e+00 1.000000e+00 0.000000e+00
 outer loop
  vertex 8.1122940e-01 -7.0000000e-02 -3.2179276e-02
  vertex 8.1840880e-01 -7.0000000e-02 -3.5361713e-02
  vertex 9.1000000e-01 -7.0000000e-02 -1.8000000e-01
 endloop
endfacet
facet normal 0.000000e+00 1.000000e+00 0.000000e+00
 outer loop
  vertex 8.1840880e-01 -7.0000000e-02 -3.5361713e-02
  vertex 8.2542346e-01 -7.0000000e-02 -3.8892597e-02
  vertex 9.1000000e-01 -7.0000000e-02 -1.8000000e-01
 endloop
endfacet
facet normal 0.000000e+00 1.000000e+00 0.000000e+00
 outer loop
  vertex 8.2542346e-01 -7.0000000e-02 -3.8892597e-02
  vertex 8.3225640e-01 -7.0000000e-02 -4.2763424e-02
  vertex 9.1000000e-01 -7.0000000e-02 -1.8000000e-01
 endloop
endfacet
facet normal 0.000000e+00 1.000000e+00 0.000000e+00
 outer loop
  vertex 8.3225640e-01 -7.0000000e-02 -4.2763424e-02
  vertex 8.3889124e-01 -7.0000000e-02 -4.6964863e-02
  vertex 9.1000000e-01 -7.0000000e-02 -1.8000000e-01
 endloop
endfacet
facet normal 0.000000e+00 1.000000e+00 0.000000e+00
 outer loop
  vertex 8.3889124e-01 -7.0000000e-02 -4.6964863e-02
  vertex 8.4531190e-01 -7.0000000e-02 -5.1486794e-02
  vertex 9.1000000e-01 -7.0000000e-02 -1.8000000e-01
 endloop
endfacet
facet normal 0.000000e+00 1.000000e+00 0.000000e+00
 outer loop
  vertex 8.4531190e-01 -7.0000000e-02 -5.1486794e-02
  vertex 8.5150290e-01 -7.0000000e-02 -5.6318330e-02
  vertex 9.1000000e-01 -7.0000000e-02 -1.8000000e-01
 endloop
endfacet
facet normal 0.000000e+00 1.000000e+00 0.000000e+00
 outer loop
  vertex 8.5150290e-01 -7.0000000e-02 -5.6318330e-02
  vertex 8.5744940e-01 -7.0000000e-02 -6.1447823e-02
  vertex 9.1000000e-01 -7.0000000e-02 -1.8000000e-01
 endloop
endfacet
facet normal 0.000000e+00 1.000000e+00 0.000000e+00
 outer loop
  vertex 8.5744940e-01 -7.0000000e-02 -6.1447823e-02
  vertex 8.6313710e-01 -7.0000000e-02 -6.6862915e-02
  vertex 9.1000000e-01 -7.0000000e-02 -1.8000000e-01
 endloop
endfacet
facet normal 0.000000e+00 1.000000e+00 0.000000e+00
 outer loop
  vertex 8.6313710e-01 -7.0000000e-02 -6.6862915e-02
  vertex 8.6855220e-01 -7.0000000e-02 -7.2550570e-02
  vertex 9.1000000e-01 -7.0000000e-02 -1.8000000e-01
 endloop
endfacet
facet normal 0.000000e+00 1.000000e+00 0.000000e+00
 outer loop
  vertex 8.6855220e-01 -7.0000000e-02 -7.2550570e-02
  vertex 8.7368164e-01 -7.0000000e-02 -7.8497080e-02
  vertex 9.1000000e-01 -7.0000000e-02 -1.8000000e-01
 endloop
endfacet
facet normal 0.000000e+00 1.000000e+00 0.000000e+00
 outer loop
  vertex 8.7368164e-01 -7.0000000e-02 -7.8497080e-02
  vertex 8.7851324e-01 -7.0000000e-02 -8.4688110e-02
  vertex 9.1000000e-01 -7.0000000e-02 -1.8000000e-01
 endloop
endfacet
facet normal 0.000000e+00 1.000000e+00 0.000000e+00
 outer loop
  vertex 8.7851324e-01 -7.0000000e-02 -8.4688110e-02
  vertex 8.8303510e-01 -7.0000000e-02 -9.1108765e-02
  vertex 9.1000000e-01 -7.0000000e-02 -1.8000000e-01
 endloop
endfacet
facet normal 0.000000e+00 1.000000e+00 0.000000e+00
 outer loop
  vertex 9.1000000e-01 -7.0000000e-02 -1.8000000e-01
  vertex 8.8723660e-01 -7.0000000e-02 -9.7743560e-02
  vertex 8.9110736e-01 -7.0000000e-02 -1.0457652e-01
 endloop
endfacet
facet normal 0.000000e+00 1.000000e+00 0.000000e+00
 outer loop
  vertex 8.8303510e-01 -7.0000000e-02 -9.1108765e-02
  vertex 8.8723660e-01 -7.0000000e-02 -9.7743560e-02
  vertex 9.1000000e-01 -7.0000000e-02 -1.8000000e-01
 endloop
endfacet
facet normal 0.000000e+00 1.000000e+00 0.000000e+00
 outer loop
  vertex 9.1000000e-01 -7.0000000e-02 -1.8000000e-01
  vertex 8.9110736e-01 -7.0000000e-02 -1.0457652e-01
  vertex 8.9463830e-01 -7.0000000e-02 -1.1159118e-01
 endloop
endfacet
facet normal 0.000000e+00 1.000000e+00 0.000000e+00
 outer loop
  vertex 9.1000000e-01 -7.0000000e-02 -1.8000000e-01
  vertex 8.9463830e-01 -7.0000000e-02 -1.1159118e-01
  vertex 8.9782074e-01 -7.0000000e-02 -1.1877065e-01
 endloop
endfacet
facet normal 0.000000e+00 1.000000e+00 0.000000e+00
 outer loop
  vertex 9.1000000e-01 -7.0000000e-02 -1.8000000e-01
  vertex 8.9782074e-01 -7.0000000e-02 -1.1877065e-01
  vertex 9.0064703e-01 -7.0000000e-02 -1.2609762e-01
 endloop
endfacet
facet normal 0.000000e+00 1.000000e+00 0.000000e+00
 outer loop
  vertex 9.1000000e-01 -7.0000000e-02 -1.8000000e-01
  vertex 9.0064703e-01 -7.0000000e-02 -1.2609762e-01
  vertex 9.0311050e-01 -7.0000000e-02 -1.3355446e-01
 endloop
endfacet
facet normal 0.000000e+00 1.000000e+00 0.000000e+00
 outer loop
  vertex 9.1000000e-01 -7.0000000e-02 -1.8000000e-01
  vertex 9.0311050e-01 -7.0000000e-02 -1.3355446e-01
  vertex 9.0520500e-01 -7.0000000e-02 -1.4112317e-01
 endloop
endfacet
facet normal 0.000000e+00 1.000000e+00 0.000000e+00
 outer loop
  vertex 9.1000000e-01 -7.0000000e-02 -1.8000000e-01
  vertex 9.0520500e-01 -7.0000000e-02 -1.4112317e-01
  vertex 9.0692560e-01 -7.0000000e-02 -1.4878555e-01
 endloop
endfacet
facet normal 0.000000e+00 1.000000e+00 0.000000e+00
 outer loop
  vertex 9.1000000e-01 -7.0000000e-02 -1.8000000e-01
  vertex 9.0692560e-01 -7.0000000e-02 -1.4878555e-01
  vertex 9.0826820e-01 -7.0000000e-02 -1.5652312e-01
 endloop
endfacet
facet normal 0.000000e+00 1.000000e+00 0.000000e+00
 outer loop
  vertex 9.1000000e-01 -7.0000000e-02 -1.8000000e-01
  vertex 9.0826820e-01 -7.0000000e-02 -1.5652312e-01
  vertex 9.0922955e-01 -7.0000000e-02 -1.6431725e-01
 endloop
endfacet
facet normal 0.000000e+00 1.000000e+00 0.000000e+00
 outer loop
  vertex 9.1000000e-01 -7.0000000e-02 -1.8000000e-01
  vertex 9.0922955e-01 -7.0000000e-02 -1.6431725e-01
  vertex 9.0980725e-01 -7.0000000e-02 -1.7214917e-01
 endloop
endfacet
facet normal -0.000000e+00 1.000000e+00 0.000000e+00
 outer loop
  vertex 5.9019275e-01 -7.0000000e-02 -1.8785083e-01
  vertex 9.1000000e-01 -7.0000000e-02 -1.8000000e-01
  vertex 5.9077045e-01 -7.0000000e-02 -1.9568275e-01
 endloop
endfacet
facet normal 0.000000e+00 -1.000000e+00 0.000000e+00
 outer loop
  vertex 9.0922955e-01 -2.6000000e-01 -1.9568275e-01
  vertex 9.0980725e-01 -2.6000000e-01 -1.8785083e-01
  vertex 9.1000000e-01 -2.6000000e-01 -1.8000000e-01
 endloop
endfacet
facet normal 0.000000e+00 -1.000000e+00 0.000000e+00
 outer loop
  vertex 9.0826820e-01 -2.6000000e-01 -2.0347688e-01
  vertex 9.0922955e-01 -2.6000000e-01 -1.9568275e-01
  vertex 9.1000000e-01 -2.6000000e-01 -1.8000000e-01
 endloop
endfacet
facet normal 0.000000e+00 -1.000000e+00 0.000000e+00
 outer loop
  vertex 9.0692560e-01 -2.6000000e-01 -2.1121445e-01
  vertex 9.0826820e-01 -2.6000000e-01 -2.0347688e-01
  vertex 9.1000000e-01 -2.6000000e-01 -1.8000000e-01
 endloop
endfacet
facet normal 0.000000e+00 -1.000000e+00 0.000000e+00
 outer loop
  vertex 9.0520500e-01 -2.6000000e-01 -2.1887683e-01
  vertex 9.0692560e-01 -2.6000000e-01 -2.1121445e-01
  vertex 9.1000000e-01 -2.6000000e-01 -1.8000000e-01
 endloop
endfacet
facet normal 0.000000e+00 -1.000000e+00 0.000000e+00
 outer loop
  vertex 9.0311050e-01 -2.6000000e-01 -2.2644556e-01
  vertex 9.0520500e-01 -2.6000000e-01 -2.1887683e-01
  vertex 9.1000000e-01 -2.6000000e-01 -1.8000000e-01
 endloop
endfacet
facet normal 0.000000e+00 -1.000000e+00 0.000000e+00
 outer loop
  vertex 9.0064703e-01 -2.6000000e-01 -2.3390237e-01
  vertex 9.0311050e-01 -2.6000000e-01 -2.2644556e-01
  vertex 9.1000000e-01 -2.6000000e-01 -1.8000000e-01
 endloop
endfacet
facet normal 0.000000e+00 -1.000000e+00 0.000000e+00
 outer loop
  vertex 8.9782074e-01 -2.6000000e-01 -2.4122935e-01
  vertex 9.0064703e-01 -2.6000000e-01 -2.3390237e-01
  vertex 9.1000000e-01 -2.6000000e-01 -1.8000000e-01
 endloop
endfacet
facet normal 0.000000e+00 -1.000000e+00 0.000000e+00
 outer loop
  vertex 8.9463830e-01 -2.6000000e-01 -2.4840881e-01
  vertex 8.9782074e-01 -2.6000000e-01 -2.4122935e-01
  vertex 9.1000000e-01 -2.6000000e-01 -1.8000000e-01
 endloop
endfacet
facet normal 0.000000e+00 -1.000000e+00 0.000000e+00
 outer loop
  vertex 8.9110736e-01 -2.6000000e-01 -2.5542350e-01
  vertex 8.9463830e-01 -2.6000000e-01 -2.4840881e-01
  vertex 9.1000000e-01 -2.6000000e-01 -1.8000000e-01
 endloop
endfacet
facet normal 0.000000e+00 -1.000000e+00 0.000000e+00
 outer loop
  vertex 8.8723660e-01 -2.6000000e-01 -2.6225644e-01
  vertex 8.9110736e-01 -2.6000000e-01 -2.5542350e-01
  vertex 9.1000000e-01 -2.6000000e-01 -1.8000000e-01
 endloop
endfacet
facet normal 0.000000e+00 -1.000000e+00 0.000000e+00
 outer loop
  vertex 8.8303510e-01 -2.6000000e-01 -2.6889124e-01
  vertex 8.8723660e-01 -2.6000000e-01 -2.6225644e-01
  vertex 9.1000000e-01 -2.6000000e-01 -1.8000000e-01
 endloop
endfacet
facet normal 0.000000e+00 -1.000000e+00 0.000000e+00
 outer loop
  vertex 8.7851324e-01 -2.6000000e-01 -2.7531190e-01
  vertex 8.8303510e-01 -2.6000000e-01 -2.6889124e-01
  vertex 9.1000000e-01 -2.6000000e-01 -1.8000000e-01
 endloop
endfacet
facet normal 0.000000e+00 -1.000000e+00 0.000000e+00
 outer loop
  vertex 8.7368164e-01 -2.6000000e-01 -2.8150293e-01
  vertex 8.7851324e-01 -2.6000000e-01 -2.7531190e-01
  vertex 9.1000000e-01 -2.6000000e-01 -1.8000000e-01
 endloop
endfacet
facet normal 0.000000e+00 -1.000000e+00 0.000000e+00
 outer loop
  vertex 8.6855220e-01 -2.6000000e-01 -2.8744943e-01
  vertex 8.7368164e-01 -2.6000000e-01 -2.8150293e-01
  vertex 9.1000000e-01 -2.6000000e-01 -1.8000000e-01
 endloop
endfacet
facet normal 0.000000e+00 -1.000000e+00 0.000000e+00
 outer loop
  vertex 8.6313710e-01 -2.6000000e-01 -2.9313710e-01
  vertex 8.6855220e-01 -2.6000000e-01 -2.8744943e-01
  vertex 9.1000000e-01 -2.6000000e-01 -1.8000000e-01
 endloop
endfacet
facet normal 0.000000e+00 -1.000000e+00 0.000000e+00
 outer loop
  vertex 8.5744940e-01 -2.6000000e-01 -2.9855220e-01
  vertex 8.6313710e-01 -2.6000000e-01 -2.9313710e-01
  vertex 9.1000000e-01 -2.6000000e-01 -1.8000000e-01
 endloop
endfacet
facet normal 0.000000e+00 -1.000000e+00 0.000000e+00
 outer loop
  vertex 8.5150290e-01 -2.6000000e-01 -3.0368167e-01
  vertex 8.5744940e-01 -2.6000000e-01 -2.9855220e-01
  vertex 9.1000000e-01 -2.6000000e-01 -1.8000000e-01
 endloop
endfacet
facet normal 0.000000e+00 -1.000000e+00 0.000000e+00
 outer loop
  vertex 8.4531190e-01 -2.6000000e-01 -3.0851318e-01
  vertex 8.5150290e-01 -2.6000000e-01 -3.0368167e-01
  vertex 9.1000000e-01 -2.6000000e-01 -1.8000000e-01
 endloop
endfacet
facet normal 0.000000e+00 -1.000000e+00 0.000000e+00
 outer loop
  vertex 8.3889124e-01 -2.6000000e-01 -3.1303513e-01
  vertex 8.4531190e-01 -2.6000000e-01 -3.0851318e-01
  vertex 9.1000000e-01 -2.6000000e-01 -1.8000000e-01
 endloop
endfacet
facet normal 0.000000e+00 -1.000000e+00 0.000000e+00
 outer loop
  vertex 8.3225640e-01 -2.6000000e-01 -3.1723657e-01
  vertex 8.3889124e-01 -2.6000000e-01 -3.1303513e-01
  vertex 9.1000000e-01 -2.6000000e-01 -1.8000000e-01
 endloop
endfacet
facet normal 0.000000e+00 -1.000000e+00 0.000000e+00
 outer loop
  vertex 8.2542346e-01 -2.6000000e-01 -3.2110740e-01
  vertex 8.3225640e-01 -2.6000000e-01 -3.1723657e-01
  vertex 9.1000000e-01 -2.6000000e-01 -1.8000000e-01
 endloop
endfacet
facet normal 0.000000e+00 -1.000000e+00 0.000000e+00
 outer loop
  vertex 8.1840880e-01 -2.6000000e-01 -3.2463828e-01
  vertex 8.2542346e-01 -2.6000000e-01 -3.2110740e-01
  vertex 9.1000000e-01 -2.6000000e-01 -1.8000000e-01
 endloop
endfacet
facet normal 0.000000e+00 -1.000000e+00 0.000000e+00
 outer loop
  vertex 8.1122940e-01 -2.6000000e-01 -3.2782070e-01
  vertex 8.1840880e-01 -2.6000000e-01 -3.2463828e-01
  vertex 9.1000000e-01 -2.6000000e-01 -1.8000000e-01
 endloop
endfacet
facet normal -0.000000e+00 -1.000000e+00 0.000000e+00
 outer loop
  vertex 8.0390240e-01 -2.6000000e-01 -3.3064706e-01
  vertex 9.1000000e-01 -2.6000000e-01 -1.8000000e-01
  vertex 7.9644556e-01 -2.6000000e-01 -3.3311044e-01
 endloop
endfacet
facet normal 0.000000e+00 -1.000000e+00 0.000000e+00
 outer loop
  vertex 8.0390240e-01 -2.6000000e-01 -3.3064706e-01
  vertex 8.1122940e-01 -2.6000000e-01 -3.2782070e-01
  vertex 9.1000000e-01 -2.6000000e-01 -1.8000000e-01
 endloop
endfacet
facet normal -0.000000e+00 -1.000000e+00 0.000000e+00
 outer loop
  vertex 7.9644556e-01 -2.6000000e-01 -3.3311044e-01
  vertex 9.1000000e-01 -2.6000000e-01 -1.8000000e-01
  vertex 7.8887683e-01 -2.6000000e-01 -3.3520500e-01
 endloop
endfacet
facet normal -0.000000e+00 -1.000000e+00 0.000000e+00
 outer loop
  vertex 7.8887683e-01 -2.6000000e-01 -3.3520500e-01
  vertex 9.1000000e-01 -2.6000000e-01 -1.8000000e-01
  vertex 7.8121450e-01 -2.6000000e-01 -3.3692566e-01
 endloop
endfacet
facet normal -0.000000e+00 -1.000000e+00 0.000000e+00
 outer loop
  vertex 7.8121450e-01 -2.6000000e-01 -3.3692566e-01
  vertex 9.1000000e-01 -2.6000000e-01 -1.8000000e-01
  vertex 7.7347690e-01 -2.6000000e-01 -3.3826825e-01
 endloop
endfacet
facet normal -0.000000e+00 -1.000000e+00 0.000000e+00
 outer loop
  vertex 7.7347690e-01 -2.6000000e-01 -3.3826825e-01
  vertex 9.1000000e-01 -2.6000000e-01 -1.8000000e-01
  vertex 7.6568274e-01 -2.6000000e-01 -3.3922955e-01
 endloop
endfacet
facet normal -0.000000e+00 -1.000000e+00 0.000000e+00
 outer loop
  vertex 7.6568274e-01 -2.6000000e-01 -3.3922955e-01
  vertex 9.1000000e-01 -2.6000000e-01 -1.8000000e-01
  vertex 7.5785080e-01 -2.6000000e-01 -3.3980728e-01
 endloop
endfacet
facet normal -0.000000e+00 -1.000000e+00 0.000000e+00
 outer loop
  vertex 7.5785080e-01 -2.6000000e-01 -3.3980728e-01
  vertex 9.1000000e-01 -2.6000000e-01 -1.8000000e-01
  vertex 7.5000000e-01 -2.6000000e-01 -3.4000000e-01
 endloop
endfacet
facet normal 0.000000e+00 -1.000000e+00 0.000000e+00
 outer loop
  vertex 7.5000000e-01 -2.6000000e-01 -3.4000000e-01
  vertex 9.1000000e-01 -2.6000000e-01 -1.8000000e-01
  vertex 7.4214920e-01 -2.6000000e-01 -3.3980728e-01
 endloop
endfacet
facet normal 0.000000e+00 -1.000000e+00 0.000000e+00
 outer loop
  vertex 7.4214920e-01 -2.6000000e-01 -3.3980728e-01
  vertex 9.1000000e-01 -2.6000000e-01 -1.8000000e-01
  vertex 7.3431726e-01 -2.6000000e-01 -3.3922955e-01
 endloop
endfacet
facet normal 0.000000e+00 -1.000000e+00 0.000000e+00
 outer loop
  vertex 7.3431726e-01 -2.6000000e-01 -3.3922955e-01
  vertex 9.1000000e-01 -2.6000000e-01 -1.8000000e-01
  vertex 7.2652310e-01 -2.6000000e-01 -3.3826825e-01
 endloop
endfacet
facet normal 0.000000e+00 -1.000000e+00 0.000000e+00
 outer loop
  vertex 9.1000000e-01 -2.6000000e-01 -1.8000000e-01
  vertex 7.1878550e-01 -2.6000000e-01 -3.3692566e-01
  vertex 7.2652310e-01 -2.6000000e-01 -3.3826825e-01
 endloop
endfacet
facet normal 0.000000e+00 -1.000000e+00 0.000000e+00
 outer loop
  vertex 9.1000000e-01 -2.6000000e-01 -1.8000000e-01
  vertex 7.1112317e-01 -2.6000000e-01 -3.3520500e-01
  vertex 7.1878550e-01 -2.6000000e-01 -3.3692566e-01
 endloop
endfacet
facet normal 0.000000e+00 -1.000000e+00 0.000000e+00
 outer loop
  vertex 9.1000000e-01 -2.6000000e-01 -1.8000000e-01
  vertex 7.0355444e-01 -2.6000000e-01 -3.3311044e-01
  vertex 7.1112317e-01 -2.6000000e-01 -3.3520500e-01
 endloop
endfacet
facet normal 0.000000e+00 -1.000000e+00 0.000000e+00
 outer loop
  vertex 9.1000000e-01 -2.6000000e-01 -1.8000000e-01
  vertex 6.9609760e-01 -2.6000000e-01 -3.3064706e-01
  vertex 7.0355444e-01 -2.6000000e-01 -3.3311044e-01
 endloop
endfacet
facet normal 0.000000e+00 -1.000000e+00 0.000000e+00
 outer loop
  vertex 9.1000000e-01 -2.6000000e-01 -1.8000000e-01
  vertex 6.8877060e-01 -2.6000000e-01 -3.2782070e-01
  vertex 6.9609760e-01 -2.6000000e-01 -3.3064706e-01
 endloop
endfacet
facet normal 0.000000e+00 -1.000000e+00 0.000000e+00
 outer loop
  vertex 9.1000000e-01 -2.6000000e-01 -1.8000000e-01
  vertex 6.8159120e-01 -2.6000000e-01 -3.2463828e-01
  vertex 6.8877060e-01 -2.6000000e-01 -3.2782070e-01
 endloop
endfacet
facet normal 0.000000e+00 -1.000000e+00 0.000000e+00
 outer loop
  vertex 9.1000000e-01 -2.6000000e-01 -1.8000000e-01
  vertex 6.7457654e-01 -2.6000000e-01 -3.2110740e-01
  vertex 6.8159120e-01 -2.6000000e-01 -3.2463828e-01
 endloop
endfacet
facet normal 0.000000e+00 -1.000000e+00 0.000000e+00
 outer loop
  vertex 9.1000000e-01 -2.6000000e-01 -1.8000000e-01
  vertex 6.6774360e-01 -2.6000000e-01 -3.1723657e-01
  vertex 6.7457654e-01 -2.6000000e-01 -3.2110740e-01
 endloop
endfacet
facet normal 0.000000e+00 -1.000000e+00 0.000000e+00
 outer loop
  vertex 9.1000000e-01 -2.6000000e-01 -1.8000000e-01
  vertex 6.6110876e-01 -2.6000000e-01 -3.1303513e-01
  vertex 6.6774360e-01 -2.6000000e-01 -3.1723657e-01
 endloop
endfacet
facet normal 0.000000e+00 -1.000000e+00 0.000000e+00
 outer loop
  vertex 9.1000000e-01 -2.6000000e-01 -1.8000000e-01
  vertex 6.5468810e-01 -2.6000000e-01 -3.0851318e-01
  vertex 6.6110876e-01 -2.6000000e-01 -3.1303513e-01
 endloop
endfacet
facet normal 0.000000e+00 -1.000000e+00 0.000000e+00
 outer loop
  vertex 9.1000000e-01 -2.6000000e-01 -1.8000000e-01
  vertex 6.4849710e-01 -2.6000000e-01 -3.0368167e-01
  vertex 6.5468810e-01 -2.6000000e-01 -3.0851318e-01
 endloop
endfacet
facet normal 0.000000e+00 -1.000000e+00 0.000000e+00
 outer loop
  vertex 9.1000000e-01 -2.6000000e-01 -1.8000000e-01
  vertex 6.4255060e-01 -2.6000000e-01 -2.9855220e-01
  vertex 6.4849710e-01 -2.6000000e-01 -3.0368167e-01
 endloop
endfacet
facet normal 0.000000e+00 -1.000000e+00 0.000000e+00
 outer loop
  vertex 9.1000000e-01 -2.6000000e-01 -1.8000000e-01
  vertex 6.3686290e-01 -2.6000000e-01 -2.9313710e-01
  vertex 6.4255060e-01 -2.6000000e-01 -2.9855220e-01
 endloop
endfacet
facet normal 0.000000e+00 -1.000000e+00 0.000000e+00
 outer loop
  vertex 9.1000000e-01 -2.6000000e-01 -1.8000000e-01
  vertex 6.3144780e-01 -2.6000000e-01 -2.8744943e-01
  vertex 6.3686290e-01 -2.6000000e-01 -2.9313710e-01
 endloop
endfacet
facet normal 0.000000e+00 -1.000000e+00 0.000000e+00
 outer loop
  vertex 9.1000000e-01 -2.6000000e-01 -1.8000000e-01
  vertex 6.2631836e-01 -2.6000000e-01 -2.8150293e-01
  vertex 6.3144780e-01 -2.6000000e-01 -2.8744943e-01
 endloop
endfacet
facet normal 0.000000e+00 -1.000000e+00 0.000000e+00
 outer loop
  vertex 9.1000000e-01 -2.6000000e-01 -1.8000000e-01
  vertex 6.2148676e-01 -2.6000000e-01 -2.7531190e-01
  vertex 6.2631836e-01 -2.6000000e-01 -2.8150293e-01
 endloop
endfacet
facet normal 0.000000e+00 -1.000000e+00 0.000000e+00
 outer loop
  vertex 9.1000000e-01 -2.6000000e-01 -1.8000000e-01
  vertex 6.1696490e-01 -2.6000000e-01 -2.6889124e-01
  vertex 6.2148676e-01 -2.6000000e-01 -2.7531190e-01
 endloop
endfacet
facet normal 0.000000e+00 -1.000000e+00 0.000000e+00
 outer loop
  vertex 9.1000000e-01 -2.6000000e-01 -1.8000000e-01
  vertex 6.1276340e-01 -2.6000000e-01 -2.6225644e-01
  vertex 6.1696490e-01 -2.6000000e-01 -2.6889124e-01
 endloop
endfacet
facet normal 0.000000e+00 -1.000000e+00 0.000000e+00
 outer loop
  vertex 6.0536170e-01 -2.6000000e-01 -2.4840881e-01
  vertex 6.0889264e-01 -2.6000000e-01 -2.5542350e-01
  vertex 9.1000000e-01 -2.6000000e-01 -1.8000000e-01
 endloop
endfacet
facet normal 0.000000e+00 -1.000000e+00 0.000000e+00
 outer loop
  vertex 9.1000000e-01 -2.6000000e-01 -1.8000000e-01
  vertex 6.0889264e-01 -2.6000000e-01 -2.5542350e-01
  vertex 6.1276340e-01 -2.6000000e-01 -2.6225644e-01
 endloop
endfacet
facet normal 0.000000e+00 -1.000000e+00 0.000000e+00
 outer loop
  vertex 6.0217926e-01 -2.6000000e-01 -2.4122935e-01
  vertex 6.0536170e-01 -2.6000000e-01 -2.4840881e-01
  vertex 9.1000000e-01 -2.6000000e-01 -1.8000000e-01
 endloop
endfacet
facet normal 0.000000e+00 -1.000000e+00 0.000000e+00
 outer loop
  vertex 5.9935297e-01 -2.6000000e-01 -2.3390237e-01
  vertex 6.0217926e-01 -2.6000000e-01 -2.4122935e-01
  vertex 9.1000000e-01 -2.6000000e-01 -1.8000000e-01
 endloop
endfacet
facet normal 0.000000e+00 -1.000000e+00 0.000000e+00
 outer loop
  vertex 5.9688950e-01 -2.6000000e-01 -2.2644556e-01
  vertex 5.9935297e-01 -2.6000000e-01 -2.3390237e-01
  vertex 9.1000000e-01 -2.6000000e-01 -1.8000000e-01
 endloop
endfacet
facet normal 0.000000e+00 -1.000000e+00 0.000000e+00
 outer loop
  vertex 5.9479500e-01 -2.6000000e-01 -2.1887683e-01
  vertex 5.9688950e-01 -2.6000000e-01 -2.2644556e-01
  vertex 9.1000000e-01 -2.6000000e-01 -1.8000000e-01
 endloop
endfacet
facet normal 0.000000e+00 -1.000000e+00 0.000000e+00
 outer loop
  vertex 5.9307440e-01 -2.6000000e-01 -2.1121445e-01
  vertex 5.9479500e-01 -2.6000000e-01 -2.1887683e-01
  vertex 9.1000000e-01 -2.6000000e-01 -1.8000000e-01
 endloop
endfacet
facet normal 0.000000e+00 -1.000000e+00 0.000000e+00
 outer loop
  vertex 5.9173180e-01 -2.6000000e-01 -2.0347688e-01
  vertex 5.9307440e-01 -2.6000000e-01 -2.1121445e-01
  vertex 9.1000000e-01 -2.6000000e-01 -1.8000000e-01
 endloop
endfacet
facet normal 0.000000e+00 -1.000000e+00 0.000000e+00
 outer loop
  vertex 5.9077045e-01 -2.6000000e-01 -1.9568275e-01
  vertex 5.9173180e-01 -2.6000000e-01 -2.0347688e-01
  vertex 9.1000000e-01 -2.6000000e-01 -1.8000000e-01
 endloop
endfacet
facet normal 0.000000e+00 -1.000000e+00 0.000000e+00
 outer loop
  vertex 5.9019275e-01 -2.6000000e-01 -1.8785083e-01
  vertex 9.1000000e-01 -2.6000000e-01 -1.8000000e-01
  vertex 5.9000000e-01 -2.6000000e-01 -1.8000000e-01
 endloop
endfacet
facet normal 0.000000e+00 -1.000000e+00 0.000000e+00
 outer loop
  vertex 5.9000000e-01 -2.6000000e-01 -1.8000000e-01
  vertex 9.1000000e-01 -2.6000000e-01 -1.8000000e-01
  vertex 5.9019275e-01 -2.6000000e-01 -1.7214917e-01
 endloop
endfacet
facet normal 0.000000e+00 -1.000000e+00 0.000000e+00
 outer loop
  vertex 5.9019275e-01 -2.6000000e-01 -1.7214917e-01
  vertex 9.1000000e-01 -2.6000000e-01 -1.8000000e-01
  vertex 5.9077045e-01 -2.6000000e-01 -1.6431725e-01
 endloop
endfacet
facet normal 0.000000e+00 -1.000000e+00 0.000000e+00
 outer loop
  vertex 5.9077045e-01 -2.6000000e-01 -1.6431725e-01
  vertex 9.1000000e-01 -2.6000000e-01 -1.8000000e-01
  vertex 5.9173180e-01 -2.6000000e-01 -1.5652312e-01
 endloop
endfacet
facet normal 0.000000e+00 -1.000000e+00 0.000000e+00
 outer loop
  vertex 9.1000000e-01 -2.6000000e-01 -1.8000000e-01
  vertex 5.9307440e-01 -2.6000000e-01 -1.4878555e-01
  vertex 5.9173180e-01 -2.6000000e-01 -1.5652312e-01
 endloop
endfacet
facet normal 0.000000e+00 -1.000000e+00 0.000000e+00
 outer loop
  vertex 9.1000000e-01 -2.6000000e-01 -1.8000000e-01
  vertex 5.9479500e-01 -2.6000000e-01 -1.4112317e-01
  vertex 5.9307440e-01 -2.6000000e-01 -1.4878555e-01
 endloop
endfacet
facet normal 0.000000e+00 -1.000000e+00 0.000000e+00
 outer loop
  vertex 9.1000000e-01 -2.6000000e-01 -1.8000000e-01
  vertex 5.9688950e-01 -2.6000000e-01 -1.3355446e-01
  vertex 5.9479500e-01 -2.6000000e-01 -1.4112317e-01
 endloop
endfacet
facet normal 0.000000e+00 -1.000000e+00 0.000000e+00
 outer loop
  vertex 9.1000000e-01 -2.6000000e-01 -1.8000000e-01
  vertex 5.9935297e-01 -2.6000000e-01 -1.2609762e-01
  vertex 5.9688950e-01 -2.6000000e-01 -1.3355446e-01
 endloop
endfacet
facet normal 0.000000e+00 -1.000000e+00 0.000000e+00
 outer loop
  vertex 9.1000000e-01 -2.6000000e-01 -1.8000000e-01
  vertex 6.0217926e-01 -2.6000000e-01 -1.1877065e-01
  vertex 5.9935297e-01 -2.6000000e-01 -1.2609762e-01
 endloop
endfacet
facet normal 0.000000e+00 -1.000000e+00 0.000000e+00
 outer loop
  vertex 9.1000000e-01 -2.6000000e-01 -1.8000000e-01
  vertex 6.0536170e-01 -2.6000000e-01 -1.1159118e-01
  vertex 6.0217926e-01 -2.6000000e-01 -1.1877065e-01
 endloop
endfacet
facet normal 0.000000e+00 -1.000000e+00 0.000000e+00
 outer loop
  vertex 9.1000000e-01 -2.6000000e-01 -1.8000000e-01
  vertex 6.0889264e-01 -2.6000000e-01 -1.0457652e-01
  vertex 6.0536170e-01 -2.6000000e-01 -1.1159118e-01
 endloop
endfacet
facet normal 0.000000e+00 -1.000000e+00 0.000000e+00
 outer loop
  vertex 9.1000000e-01 -2.6000000e-01 -1.8000000e-01
  vertex 6.1276340e-01 -2.6000000e-01 -9.7743560e-02
  vertex 6.0889264e-01 -2.6000000e-01 -1.0457652e-01
 endloop
endfacet
facet normal 0.000000e+00 -1.000000e+00 0.000000e+00
 outer loop
  vertex 9.1000000e-01 -2.6000000e-01 -1.8000000e-01
  vertex 6.1696490e-01 -2.6000000e-01 -9.1108765e-02
  vertex 6.1276340e-01 -2.6000000e-01 -9.7743560e-02
 endloop
endfacet
facet normal 0.000000e+00 -1.000000e+00 0.000000e+00
 outer loop
  vertex 9.1000000e-01 -2.6000000e-01 -1.8000000e-01
  vertex 6.2148676e-01 -2.6000000e-01 -8.4688110e-02
  vertex 6.1696490e-01 -2.6000000e-01 -9.1108765e-02
 endloop
endfacet
facet normal 0.000000e+00 -1.000000e+00 0.000000e+00
 outer loop
  vertex 9.1000000e-01 -2.6000000e-01 -1.8000000e-01
  vertex 6.2631836e-01 -2.6000000e-01 -7.8497080e-02
  vertex 6.2148676e-01 -2.6000000e-01 -8.4688110e-02
 endloop
endfacet
facet normal 0.000000e+00 -1.000000e+00 0.000000e+00
 outer loop
  vertex 9.1000000e-01 -2.6000000e-01 -1.8000000e-01
  vertex 6.3144780e-01 -2.6000000e-01 -7.2550570e-02
  vertex 6.2631836e-01 -2.6000000e-01 -7.8497080e-02
 endloop
endfacet
facet normal 0.000000e+00 -1.000000e+00 0.000000e+00
 outer loop
  vertex 9.1000000e-01 -2.6000000e-01 -1.8000000e-01
  vertex 6.3686290e-01 -2.6000000e-01 -6.6862915e-02
  vertex 6.3144780e-01 -2.6000000e-01 -7.2550570e-02
 endloop
endfacet
facet normal 0.000000e+00 -1.000000e+00 0.000000e+00
 outer loop
  vertex 9.1000000e-01 -2.6000000e-01 -1.8000000e-01
  vertex 6.4255060e-01 -2.6000000e-01 -6.1447823e-02
  vertex 6.3686290e-01 -2.6000000e-01 -6.6862915e-02
 endloop
endfacet
facet normal 0.000000e+00 -1.000000e+00 0.000000e+00
 outer loop
  vertex 9.1000000e-01 -2.6000000e-01 -1.8000000e-01
  vertex 6.4849710e-01 -2.6000000e-01 -5.6318330e-02
  vertex 6.4255060e-01 -2.6000000e-01 -6.1447823e-02
 endloop
endfacet
facet normal 0.000000e+00 -1.000000e+00 0.000000e+00
 outer loop
  vertex 9.1000000e-01 -2.6000000e-01 -1.8000000e-01
  vertex 6.5468810e-01 -2.6000000e-01 -5.1486794e-02
  vertex 6.4849710e-01 -2.6000000e-01 -5.6318330e-02
 endloop
endfacet
facet normal 0.000000e+00 -1.000000e+00 0.000000e+00
 outer loop
  vertex 9.1000000e-01 -2.6000000e-01 -1.8000000e-01
  vertex 6.6110876e-01 -2.6000000e-01 -4.6964863e-02
  vertex 6.5468810e-01 -2.6000000e-01 -5.1486794e-02
 endloop
endfacet
facet normal 0.000000e+00 -1.000000e+00 0.000000e+00
 outer loop
  vertex 9.1000000e-01 -2.6000000e-01 -1.8000000e-01
  vertex 6.6774360e-01 -2.6000000e-01 -4.2763424e-02
  vertex 6.6110876e-01 -2.6000000e-01 -4.6964863e-02
 endloop
endfacet
facet normal 0.000000e+00 -1.000000e+00 -0.000000e+00
 outer loop
  vertex 6.8159120e-01 -2.6000000e-01 -3.5361713e-02
  vertex 6.7457654e-01 -2.6000000e-01 -3.8892597e-02
  vertex 9.1000000e-01 -2.6000000e-01 -1.8000000e-01
 endloop
endfacet
facet normal 0.000000e+00 -1.000000e+00 0.000000e+00
 outer loop
  vertex 9.1000000e-01 -2.6000000e-01 -1.8000000e-01
  vertex 6.7457654e-01 -2.6000000e-01 -3.8892597e-02
  vertex 6.6774360e-01 -2.6000000e-01 -4.2763424e-02
 endloop
endfacet
facet normal 0.000000e+00 -1.000000e+00 -0.000000e+00
 outer loop
  vertex 6.8877060e-01 -2.6000000e-01 -3.2179276e-02
  vertex 6.8159120e-01 -2.6000000e-01 -3.5361713e-02
  vertex 9.1000000e-01 -2.6000000e-01 -1.8000000e-01
 endloop
endfacet
facet normal 0.000000e+00 -1.000000e+00 -0.000000e+00
 outer loop
  vertex 6.9609760e-01 -2.6000000e-01 -2.9352950e-02
  vertex 6.8877060e-01 -2.6000000e-01 -3.2179276e-02
  vertex 9.1000000e-01 -2.6000000e-01 -1.8000000e-01
 endloop
endfacet
facet normal 0.000000e+00 -1.000000e+00 -0.000000e+00
 outer loop
  vertex 7.0355444e-01 -2.6000000e-01 -2.6889545e-02
  vertex 6.9609760e-01 -2.6000000e-01 -2.9352950e-02
  vertex 9.1000000e-01 -2.6000000e-01 -1.8000000e-01
 endloop
endfacet
facet normal 0.000000e+00 -1.000000e+00 -0.000000e+00
 outer loop
  vertex 7.1112317e-01 -2.6000000e-01 -2.4795000e-02
  vertex 7.0355444e-01 -2.6000000e-01 -2.6889545e-02
  vertex 9.1000000e-01 -2.6000000e-01 -1.8000000e-01
 endloop
endfacet
facet normal 0.000000e+00 -1.000000e+00 -0.000000e+00
 outer loop
  vertex 7.1878550e-01 -2.6000000e-01 -2.3074354e-02
  vertex 7.1112317e-01 -2.6000000e-01 -2.4795000e-02
  vertex 9.1000000e-01 -2.6000000e-01 -1.8000000e-01
 endloop
endfacet
facet normal 0.000000e+00 -1.000000e+00 -0.000000e+00
 outer loop
  vertex 7.2652310e-01 -2.6000000e-01 -2.1731758e-02
  vertex 7.1878550e-01 -2.6000000e-01 -2.3074354e-02
  vertex 9.1000000e-01 -2.6000000e-01 -1.8000000e-01
 endloop
endfacet
facet normal 0.000000e+00 -1.000000e+00 -0.000000e+00
 outer loop
  vertex 7.3431726e-01 -2.6000000e-01 -2.0770443e-02
  vertex 7.2652310e-01 -2.6000000e-01 -2.1731758e-02
  vertex 9.1000000e-01 -2.6000000e-01 -1.8000000e-01
 endloop
endfacet
facet normal 0.000000e+00 -1.000000e+00 -0.000000e+00
 outer loop
  vertex 7.4214920e-01 -2.6000000e-01 -2.0192728e-02
  vertex 7.3431726e-01 -2.6000000e-01 -2.0770443e-02
  vertex 9.1000000e-01 -2.6000000e-01 -1.8000000e-01
 endloop
endfacet
facet normal 0.000000e+00 -1.000000e+00 -0.000000e+00
 outer loop
  vertex 7.5000000e-01 -2.6000000e-01 -2.0000000e-02
  vertex 7.4214920e-01 -2.6000000e-01 -2.0192728e-02
  vertex 9.1000000e-01 -2.6000000e-01 -1.8000000e-01
 endloop
endfacet
facet normal -0.000000e+00 -1.000000e+00 -0.000000e+00
 outer loop
  vertex 7.5785080e-01 -2.6000000e-01 -2.0192728e-02
  vertex 7.5000000e-01 -2.6000000e-01 -2.0000000e-02
  vertex 9.1000000e-01 -2.6000000e-01 -1.8000000e-01
 endloop
endfacet
facet normal -0.000000e+00 -1.000000e+00 -0.000000e+00
 outer loop
  vertex 7.6568274e-01 -2.6000000e-01 -2.0770443e-02
  vertex 7.5785080e-01 -2.6000000e-01 -2.0192728e-02
  vertex 9.1000000e-01 -2.6000000e-01 -1.8000000e-01
 endloop
endfacet
facet normal 0.000000e+00 -1.000000e+00 0.000000e+00
 outer loop
  vertex 7.6568274e-01 -2.6000000e-01 -2.0770443e-02
  vertex 9.1000000e-01 -2.6000000e-01 -1.8000000e-01
  vertex 7.7347690e-01 -2.6000000e-01 -2.1731758e-02
 endloop
endfacet
facet normal 0.000000e+00 -1.000000e+00 0.000000e+00
 outer loop
  vertex 7.7347690e-01 -2.6000000e-01 -2.1731758e-02
  vertex 9.1000000e-01 -2.6000000e-01 -1.8000000e-01
  vertex 7.8121450e-01 -2.6000000e-01 -2.3074354e-02
 endloop
endfacet
facet normal 0.000000e+00 -1.000000e+00 0.000000e+00
 outer loop
  vertex 7.8121450e-01 -2.6000000e-01 -2.3074354e-02
  vertex 9.1000000e-01 -2.6000000e-01 -1.8000000e-01
  vertex 7.8887683e-01 -2.6000000e-01 -2.4795000e-02
 endloop
endfacet
facet normal 0.000000e+00 -1.000000e+00 0.000000e+00
 outer loop
  vertex 7.8887683e-01 -2.6000000e-01 -2.4795000e-02
  vertex 9.1000000e-01 -2.6000000e-01 -1.8000000e-01
  vertex 7.9644556e-01 -2.6000000e-01 -2.6889545e-02
 endloop
endfacet
facet normal 0.000000e+00 -1.000000e+00 0.000000e+00
 outer loop
  vertex 7.9644556e-01 -2.6000000e-01 -2.6889545e-02
  vertex 9.1000000e-01 -2.6000000e-01 -1.8000000e-01
  vertex 8.0390240e-01 -2.6000000e-01 -2.9352950e-02
 endloop
endfacet
facet normal 0.000000e+00 -1.000000e+00 0.000000e+00
 outer loop
  vertex 8.0390240e-01 -2.6000000e-01 -2.9352950e-02
  vertex 9.1000000e-01 -2.6000000e-01 -1.8000000e-01
  vertex 8.1122940e-01 -2.6000000e-01 -3.2179276e-02
 endloop
endfacet
facet normal 0.000000e+00 -1.000000e+00 0.000000e+00
 outer loop
  vertex 8.1122940e-01 -2.6000000e-01 -3.2179276e-02
  vertex 9.1000000e-01 -2.6000000e-01 -1.8000000e-01
  vertex 8.1840880e-01 -2.6000000e-01 -3.5361713e-02
 endloop
endfacet
facet normal 0.000000e+00 -1.000000e+00 0.000000e+00
 outer loop
  vertex 8.1840880e-01 -2.6000000e-01 -3.5361713e-02
  vertex 9.1000000e-01 -2.6000000e-01 -1.8000000e-01
  vertex 8.2542346e-01 -2.6000000e-01 -3.8892597e-02
 endloop
endfacet
facet normal 0.000000e+00 -1.000000e+00 0.000000e+00
 outer loop
  vertex 8.2542346e-01 -2.6000000e-01 -3.8892597e-02
  vertex 9.1000000e-01 -2.6000000e-01 -1.8000000e-01
  vertex 8.3225640e-01 -2.6000000e-01 -4.2763424e-02
 endloop
endfacet
facet normal 0.000000e+00 -1.000000e+00 0.000000e+00
 outer loop
  vertex 8.3225640e-01 -2.6000000e-01 -4.2763424e-02
  vertex 9.1000000e-01 -2.6000000e-01 -1.8000000e-01
  vertex 8.3889124e-01 -2.6000000e-01 -4.6964863e-02
 endloop
endfacet
facet normal 0.000000e+00 -1.000000e+00 0.000000e+00
 outer loop
  vertex 8.3889124e-01 -2.6000000e-01 -4.6964863e-02
  vertex 9.1000000e-01 -2.6000000e-01 -1.8000000e-01
  vertex 8.4531190e-01 -2.6000000e-01 -5.1486794e-02
 endloop
endfacet
facet normal 0.000000e+00 -1.000000e+00 0.000000e+00
 outer loop
  vertex 8.4531190e-01 -2.6000000e-01 -5.1486794e-02
  vertex 9.1000000e-01 -2.6000000e-01 -1.8000000e-01
  vertex 8.5150290e-01 -2.6000000e-01 -5.6318330e-02
 endloop
endfacet
facet normal 0.000000e+00 -1.000000e+00 0.000000e+00
 outer loop
  vertex 8.5150290e-01 -2.6000000e-01 -5.6318330e-02
  vertex 9.1000000e-01 -2.6000000e-01 -1.8000000e-01
  vertex 8.5744940e-01 -2.6000000e-01 -6.1447823e-02
 endloop
endfacet
facet normal 0.000000e+00 -1.000000e+00 0.000000e+00
 outer loop
  vertex 8.5744940e-01 -2.6000000e-01 -6.1447823e-02
  vertex 9.1000000e-01 -2.6000000e-01 -1.8000000e-01
  vertex 8.6313710e-01 -2.6000000e-01 -6.6862915e-02
 endloop
endfacet
facet normal 0.000000e+00 -1.000000e+00 0.000000e+00
 outer loop
  vertex 8.6313710e-01 -2.6000000e-01 -6.6862915e-02
  vertex 9.1000000e-01 -2.6000000e-01 -1.8000000e-01
  vertex 8.6855220e-01 -2.6000000e-01 -7.2550570e-02
 endloop
endfacet
facet normal 0.000000e+00 -1.000000e+00 0.000000e+00
 outer loop
  vertex 8.6855220e-01 -2.6000000e-01 -7.2550570e-02
  vertex 9.1000000e-01 -2.6000000e-01 -1.8000000e-01
  vertex 8.7368164e-01 -2.6000000e-01 -7.8497080e-02
 endloop
endfacet
facet normal 0.000000e+00 -1.000000e+00 0.000000e+00
 outer loop
  vertex 8.7368164e-01 -2.6000000e-01 -7.8497080e-02
  vertex 9.1000000e-01 -2.6000000e-01 -1.8000000e-01
  vertex 8.7851324e-01 -2.6000000e-01 -8.4688110e-02
 endloop
endfacet
facet normal 0.000000e+00 -1.000000e+00 0.000000e+00
 outer loop
  vertex 8.7851324e-01 -2.6000000e-01 -8.4688110e-02
  vertex 9.1000000e-01 -2.6000000e-01 -1.8000000e-01
  vertex 8.8303510e-01 -2.6000000e-01 -9.1108765e-02
 endloop
endfacet
facet normal 0.000000e+00 -1.000000e+00 0.000000e+00
 outer loop
  vertex 9.1000000e-01 -2.6000000e-01 -1.8000000e-01
  vertex 8.9110736e-01 -2.6000000e-01 -1.0457652e-01
  vertex 8.8723660e-01 -2.6000000e-01 -9.7743560e-02
 endloop
endfacet
facet normal 0.000000e+00 -1.000000e+00 0.000000e+00
 outer loop
  vertex 8.8303510e-01 -2.6000000e-01 -9.1108765e-02
  vertex 9.1000000e-01 -2.6000000e-01 -1.8000000e-01
  vertex 8.8723660e-01 -2.6000000e-01 -9.7743560e-02
 endloop
endfacet
facet normal 0.000000e+00 -1.000000e+00 0.000000e+00
 outer loop
  vertex 9.1000000e-01 -2.6000000e-01 -1.8000000e-01
  vertex 8.9463830e-01 -2.6000000e-01 -1.1159118e-01
  vertex 8.9110736e-01 -2.6000000e-01 -1.0457652e-01
 endloop
endfacet
facet normal 0.000000e+00 -1.000000e+00 0.000000e+00
 outer loop
  vertex 9.1000000e-01 -2.6000000e-01 -1.8000000e-01
  vertex 8.9782074e-01 -2.6000000e-01 -1.1877065e-01
  vertex 8.9463830e-01 -2.6000000e-01 -1.1159118e-01
 endloop
endfacet
facet normal 0.000000e+00 -1.000000e+00 0.000000e+00
 outer loop
  vertex 9.1000000e-01 -2.6000000e-01 -1.8000000e-01
  vertex 9.0064703e-01 -2.6000000e-01 -1.2609762e-01
  vertex 8.9782074e-01 -2.6000000e-01 -1.1877065e-01
 endloop
endfacet
facet normal 0.000000e+00 -1.000000e+00 0.000000e+00
 outer loop
  vertex 9.1000000e-01 -2.6000000e-01 -1.8000000e-01
  vertex 9.0311050e-01 -2.6000000e-01 -1.3355446e-01
  vertex 9.0064703e-01 -2.6000000e-01 -1.2609762e-01
 endloop
endfacet
facet normal 0.000000e+00 -1.000000e+00 0.000000e+00
 outer loop
  vertex 9.1000000e-01 -2.6000000e-01 -1.8000000e-01
  vertex 9.0520500e-01 -2.6000000e-01 -1.4112317e-01
  vertex 9.0311050e-01 -2.6000000e-01 -1.3355446e-01
 endloop
endfacet
facet normal 0.000000e+00 -1.000000e+00 0.000000e+00
 outer loop
  vertex 9.1000000e-01 -2.6000000e-01 -1.8000000e-01
  vertex 9.0692560e-01 -2.6000000e-01 -1.4878555e-01
  vertex 9.0520500e-01 -2.6000000e-01 -1.4112317e-01
 endloop
endfacet
facet normal 0.000000e+00 -1.000000e+00 0.000000e+00
 outer loop
  vertex 9.1000000e-01 -2.6000000e-01 -1.8000000e-01
  vertex 9.0826820e-01 -2.6000000e-01 -1.5652312e-01
  vertex 9.0692560e-01 -2.6000000e-01 -1.4878555e-01
 endloop
endfacet
facet normal 0.000000e+00 -1.000000e+00 0.000000e+00
 outer loop
  vertex 9.1000000e-01 -2.6000000e-01 -1.8000000e-01
  vertex 9.0922955e-01 -2.6000000e-01 -1.6431725e-01
  vertex 9.0826820e-01 -2.6000000e-01 -1.5652312e-01
 endloop
endfacet
facet normal 0.000000e+00 -1.000000e+00 0.000000e+00
 outer loop
  vertex 9.1000000e-01 -2.6000000e-01 -1.8000000e-01
  vertex 9.0980725e-01 -2.6000000e-01 -1.7214917e-01
  vertex 9.0922955e-01 -2.6000000e-01 -1.6431725e-01
 endloop
endfacet
facet normal 0.000000e+00 -1.000000e+00 0.000000e+00
 outer loop
  vertex 5.9019275e-01 -2.6000000e-01 -1.8785083e-01
  vertex 5.9077045e-01 -2.6000000e-01 -1.9568275e-01
  vertex 9.1000000e-01 -2.6000000e-01 -1.8000000e-01
 endloop
endfacet
facet normal -9.972906e-01 0.000000e+00 7.356239e-02
 outer loop
  vertex 5.9019275e-01 -7.0000000e-02 -1.7214917e-01
  vertex 5.9019275e-01 -2.6000000e-01 -1.7214917e-01
  vertex 5.9077045e-01 -7.0000000e-02 -1.6431725e-01
 endloop
endfacet
facet normal -9.924790e-01 0.000000e+00 1.224152e-01
 outer loop
  vertex 5.9077045e-01 -7.0000000e-02 -1.6431725e-01
  vertex 5.9077045e-01 -2.6000000e-01 -1.6431725e-01
  vertex 5.9173180e-01 -7.0000000e-02 -1.5652312e-01
 endloop
endfacet
facet normal -9.924790e-01 0.000000e+00 1.224152e-01
 outer loop
  vertex 5.9173180e-01 -7.0000000e-02 -1.5652312e-01
  vertex 5.9077045e-01 -2.6000000e-01 -1.6431725e-01
  vertex 5.9173180e-01 -2.6000000e-01 -1.5652312e-01
 endloop
endfacet
facet normal -9.852776e-01 0.000000e+00 1.709624e-01
 outer loop
  vertex 5.9307440e-01 -7.0000000e-02 -1.4878555e-01
  vertex 5.9173180e-01 -2.6000000e-01 -1.5652312e-01
  vertex 5.9307440e-01 -2.6000000e-01 -1.4878555e-01
 endloop
endfacet
facet normal -9.757034e-01 0.000000e+00 2.190958e-01
 outer loop
  vertex 5.9479500e-01 -7.0000000e-02 -1.4112317e-01
  vertex 5.9307440e-01 -7.0000000e-02 -1.4878555e-01
  vertex 5.9307440e-01 -2.6000000e-01 -1.4878555e-01
 endloop
endfacet
facet normal -9.637775e-01 0.000000e+00 2.667075e-01
 outer loop
  vertex 5.9688950e-01 -7.0000000e-02 -1.3355446e-01
  vertex 5.9479500e-01 -7.0000000e-02 -1.4112317e-01
  vertex 5.9479500e-01 -2.6000000e-01 -1.4112317e-01
 endloop
endfacet
facet normal -9.637775e-01 0.000000e+00 2.667075e-01
 outer loop
  vertex 5.9688950e-01 -2.6000000e-01 -1.3355446e-01
  vertex 5.9688950e-01 -7.0000000e-02 -1.3355446e-01
  vertex 5.9479500e-01 -2.6000000e-01 -1.4112317e-01
 endloop
endfacet
facet normal -9.495258e-01 0.000000e+00 3.136890e-01
 outer loop
  vertex 5.9935297e-01 -2.6000000e-01 -1.2609762e-01
  vertex 5.9935297e-01 -7.0000000e-02 -1.2609762e-01
  vertex 5.9688950e-01 -2.6000000e-01 -1.3355446e-01
 endloop
endfacet
facet normal -9.329943e-01 0.000000e+00 3.598912e-01
 outer loop
  vertex 5.9935297e-01 -2.6000000e-01 -1.2609762e-01
  vertex 6.0217926e-01 -7.0000000e-02 -1.1877065e-01
  vertex 5.9935297e-01 -7.0000000e-02 -1.2609762e-01
 endloop
endfacet
facet normal -9.142098e-01 0.000000e+00 4.052413e-01
 outer loop
  vertex 6.0217926e-01 -2.6000000e-01 -1.1877065e-01
  vertex 6.0536170e-01 -7.0000000e-02 -1.1159118e-01
  vertex 6.0217926e-01 -7.0000000e-02 -1.1877065e-01
 endloop
endfacet
facet normal -9.142098e-01 0.000000e+00 4.052413e-01
 outer loop
  vertex 6.0217926e-01 -2.6000000e-01 -1.1877065e-01
  vertex 6.0536170e-01 -2.6000000e-01 -1.1159118e-01
  vertex 6.0536170e-01 -7.0000000e-02 -1.1159118e-01
 endloop
endfacet
facet normal -8.932214e-01 0.000000e+00 4.496171e-01
 outer loop
  vertex 6.0536170e-01 -2.6000000e-01 -1.1159118e-01
  vertex 6.0889264e-01 -2.6000000e-01 -1.0457652e-01
  vertex 6.0889264e-01 -7.0000000e-02 -1.0457652e-01
 endloop
endfacet
facet normal -8.700905e-01 0.000000e+00 4.928920e-01
 outer loop
  vertex 6.0889264e-01 -7.0000000e-02 -1.0457652e-01
  vertex 6.0889264e-01 -2.6000000e-01 -1.0457652e-01
  vertex 6.1276340e-01 -7.0000000e-02 -9.7743560e-02
 endloop
endfacet
facet normal -8.448500e-01 0.000000e+00 5.350033e-01
 outer loop
  vertex 6.1276340e-01 -7.0000000e-02 -9.7743560e-02
  vertex 6.1276340e-01 -2.6000000e-01 -9.7743560e-02
  vertex 6.1696490e-01 -7.0000000e-02 -9.1108765e-02
 endloop
endfacet
facet normal -8.448500e-01 0.000000e+00 5.350033e-01
 outer loop
  vertex 6.1696490e-01 -7.0000000e-02 -9.1108765e-02
  vertex 6.1276340e-01 -2.6000000e-01 -9.7743560e-02
  vertex 6.1696490e-01 -2.6000000e-01 -9.1108765e-02
 endloop
endfacet
facet normal -8.175893e-01 0.000000e+00 5.758018e-01
 outer loop
  vertex 6.2148676e-01 -7.0000000e-02 -8.4688110e-02
  vertex 6.1696490e-01 -2.6000000e-01 -9.1108765e-02
  vertex 6.2148676e-01 -2.6000000e-01 -8.4688110e-02
 endloop
endfacet
facet normal -7.883419e-01 0.000000e+00 6.152373e-01
 outer loop
  vertex 6.2631836e-01 -7.0000000e-02 -7.8497080e-02
  vertex 6.2148676e-01 -7.0000000e-02 -8.4688110e-02
  vertex 6.2148676e-01 -2.6000000e-01 -8.4688110e-02
 endloop
endfacet
facet normal -7.572123e-01 0.000000e+00 6.531688e-01
 outer loop
  vertex 6.3144780e-01 -7.0000000e-02 -7.2550570e-02
  vertex 6.2631836e-01 -7.0000000e-02 -7.8497080e-02
  vertex 6.2631836e-01 -2.6000000e-01 -7.8497080e-02
 endloop
endfacet
facet normal -7.572123e-01 0.000000e+00 6.531688e-01
 outer loop
  vertex 6.3144780e-01 -2.6000000e-01 -7.2550570e-02
  vertex 6.3144780e-01 -7.0000000e-02 -7.2550570e-02
  vertex 6.2631836e-01 -2.6000000e-01 -7.8497080e-02
 endloop
endfacet
facet normal -7.242469e-01 0.000000e+00 6.895407e-01
 outer loop
  vertex 6.3686290e-01 -2.6000000e-01 -6.6862915e-02
  vertex 6.3686290e-01 -7.0000000e-02 -6.6862915e-02
  vertex 6.3144780e-01 -2.6000000e-01 -7.2550570e-02
 endloop
endfacet
facet normal -6.895373e-01 0.000000e+00 7.242502e-01
 outer loop
  vertex 6.3686290e-01 -2.6000000e-01 -6.6862915e-02
  vertex 6.4255060e-01 -7.0000000e-02 -6.1447823e-02
  vertex 6.3686290e-01 -7.0000000e-02 -6.6862915e-02
 endloop
endfacet
facet normal -6.531733e-01 0.000000e+00 7.572084e-01
 outer loop
  vertex 6.4255060e-01 -2.6000000e-01 -6.1447823e-02
  vertex 6.4849710e-01 -7.0000000e-02 -5.6318330e-02
  vertex 6.4255060e-01 -7.0000000e-02 -6.1447823e-02
 endloop
endfacet
facet normal -6.531733e-01 0.000000e+00 7.572084e-01
 outer loop
  vertex 6.4255060e-01 -2.6000000e-01 -6.1447823e-02
  vertex 6.4849710e-01 -2.6000000e-01 -5.6318330e-02
  vertex 6.4849710e-01 -7.0000000e-02 -5.6318330e-02
 endloop
endfacet
facet normal -6.152341e-01 0.000000e+00 7.883444e-01
 outer loop
  vertex 6.4849710e-01 -2.6000000e-01 -5.6318330e-02
  vertex 6.5468810e-01 -2.6000000e-01 -5.1486794e-02
  vertex 6.5468810e-01 -7.0000000e-02 -5.1486794e-02
 endloop
endfacet
facet normal -5.758075e-01 0.000000e+00 8.175853e-01
 outer loop
  vertex 6.5468810e-01 -7.0000000e-02 -5.1486794e-02
  vertex 6.5468810e-01 -2.6000000e-01 -5.1486794e-02
  vertex 6.6110876e-01 -7.0000000e-02 -4.6964863e-02
 endloop
endfacet
facet normal -5.349952e-01 0.000000e+00 8.448551e-01
 outer loop
  vertex 6.6110876e-01 -7.0000000e-02 -4.6964863e-02
  vertex 6.6110876e-01 -2.6000000e-01 -4.6964863e-02
  vertex 6.6774360e-01 -7.0000000e-02 -4.2763424e-02
 endloop
endfacet
facet normal -5.349952e-01 0.000000e+00 8.448551e-01
 outer loop
  vertex 6.6774360e-01 -7.0000000e-02 -4.2763424e-02
  vertex 6.6110876e-01 -2.6000000e-01 -4.6964863e-02
  vertex 6.6774360e-01 -2.6000000e-01 -4.2763424e-02
 endloop
endfacet
facet normal -4.928996e-01 0.000000e+00 8.700862e-01
 outer loop
  vertex 6.7457654e-01 -7.0000000e-02 -3.8892597e-02
  vertex 6.6774360e-01 -2.6000000e-01 -4.2763424e-02
  vertex 6.7457654e-01 -2.6000000e-01 -3.8892597e-02
 endloop
endfacet
facet normal -4.496114e-01 0.000000e+00 8.932243e-01
 outer loop
  vertex 6.8159120e-01 -7.0000000e-02 -3.5361713e-02
  vertex 6.7457654e-01 -7.0000000e-02 -3.8892597e-02
  vertex 6.7457654e-01 -2.6000000e-01 -3.8892597e-02
 endloop
endfacet
facet normal -4.052443e-01 0.000000e+00 9.142084e-01
 outer loop
  vertex 6.8877060e-01 -7.0000000e-02 -3.2179276e-02
  vertex 6.8159120e-01 -7.0000000e-02 -3.5361713e-02
  vertex 6.8159120e-01 -2.6000000e-01 -3.5361713e-02
 endloop
endfacet
facet normal -4.052443e-01 0.000000e+00 9.142084e-01
 outer loop
  vertex 6.8877060e-01 -2.6000000e-01 -3.2179276e-02
  vertex 6.8877060e-01 -7.0000000e-02 -3.2179276e-02
  vertex 6.8159120e-01 -2.6000000e-01 -3.5361713e-02
 endloop
endfacet
facet normal -3.598940e-01 0.000000e+00 9.329932e-01
 outer loop
  vertex 6.9609760e-01 -2.6000000e-01 -2.9352950e-02
  vertex 6.9609760e-01 -7.0000000e-02 -2.9352950e-02
  vertex 6.8877060e-01 -2.6000000e-01 -3.2179276e-02
 endloop
endfacet
facet normal -3.136815e-01 0.000000e+00 9.495283e-01
 outer loop
  vertex 6.9609760e-01 -2.6000000e-01 -2.9352950e-02
  vertex 7.0355444e-01 -7.0000000e-02 -2.6889545e-02
  vertex 6.9609760e-01 -7.0000000e-02 -2.9352950e-02
 endloop
endfacet
facet normal -2.667122e-01 0.000000e+00 9.637762e-01
 outer loop
  vertex 7.0355444e-01 -2.6000000e-01 -2.6889545e-02
  vertex 7.1112317e-01 -7.0000000e-02 -2.4795000e-02
  vertex 7.0355444e-01 -7.0000000e-02 -2.6889545e-02
 endloop
endfacet
facet normal -2.667122e-01 0.000000e+00 9.637762e-01
 outer loop
  vertex 7.0355444e-01 -2.6000000e-01 -2.6889545e-02
  vertex 7.1112317e-01 -2.6000000e-01 -2.4795000e-02
  vertex 7.1112317e-01 -7.0000000e-02 -2.4795000e-02
 endloop
endfacet
facet normal -2.191027e-01 0.000000e+00 9.757018e-01
 outer loop
  vertex 7.1112317e-01 -2.6000000e-01 -2.4795000e-02
  vertex 7.1878550e-01 -2.6000000e-01 -2.3074354e-02
  vertex 7.1878550e-01 -7.0000000e-02 -2.3074354e-02
 endloop
endfacet
facet normal -1.709613e-01 0.000000e+00 9.852777e-01
 outer loop
  vertex 7.1878550e-01 -7.0000000e-02 -2.3074354e-02
  vertex 7.1878550e-01 -2.6000000e-01 -2.3074354e-02
  vertex 7.2652310e-01 -7.0000000e-02 -2.1731758e-02
 endloop
endfacet
facet normal -1.224103e-01 0.000000e+00 9.924796e-01
 outer loop
  vertex 7.2652310e-01 -7.0000000e-02 -2.1731758e-02
  vertex 7.2652310e-01 -2.6000000e-01 -2.1731758e-02
  vertex 7.3431726e-01 -7.0000000e-02 -2.0770443e-02
 endloop
endfacet
facet normal -1.224103e-01 0.000000e+00 9.924796e-01
 outer loop
  vertex 7.3431726e-01 -7.0000000e-02 -2.0770443e-02
  vertex 7.2652310e-01 -2.6000000e-01 -2.1731758e-02
  vertex 7.3431726e-01 -2.6000000e-01 -2.0770443e-02
 endloop
endfacet
facet normal -7.356411e-02 0.000000e+00 9.972905e-01
 outer loop
  vertex 7.4214920e-01 -7.0000000e-02 -2.0192728e-02
  vertex 7.3431726e-01 -2.6000000e-01 -2.0770443e-02
  vertex 7.4214920e-01 -2.6000000e-01 -2.0192728e-02
 endloop
endfacet
facet normal -2.454144e-02 0.000000e+00 9.996988e-01
 outer loop
  vertex 7.5000000e-01 -7.0000000e-02 -2.0000000e-02
  vertex 7.4214920e-01 -7.0000000e-02 -2.0192728e-02
  vertex 7.4214920e-01 -2.6000000e-01 -2.0192728e-02
 endloop
endfacet
facet normal 2.454144e-02 0.000000e+00 9.996988e-01
 outer loop
  vertex 7.5785080e-01 -7.0000000e-02 -2.0192728e-02
  vertex 7.5000000e-01 -7.0000000e-02 -2.0000000e-02
  vertex 7.5000000e-01 -2.6000000e-01 -2.0000000e-02
 endloop
endfacet
facet normal 2.454144e-02 -0.000000e+00 9.996988e-01
 outer loop
  vertex 7.5785080e-01 -2.6000000e-01 -2.0192728e-02
  vertex 7.5785080e-01 -7.0000000e-02 -2.0192728e-02
  vertex 7.5000000e-01 -2.6000000e-01 -2.0000000e-02
 endloop
endfacet
facet normal 7.356411e-02 -0.000000e+00 9.972905e-01
 outer loop
  vertex 7.6568274e-01 -2.6000000e-01 -2.0770443e-02
  vertex 7.6568274e-01 -7.0000000e-02 -2.0770443e-02
  vertex 7.5785080e-01 -2.6000000e-01 -2.0192728e-02
 endloop
endfacet
facet normal 1.224103e-01 -0.000000e+00 9.924796e-01
 outer loop
  vertex 7.6568274e-01 -2.6000000e-01 -2.0770443e-02
  vertex 7.7347690e-01 -7.0000000e-02 -2.1731758e-02
  vertex 7.6568274e-01 -7.0000000e-02 -2.0770443e-02
 endloop
endfacet
facet normal 1.709613e-01 -0.000000e+00 9.852777e-01
 outer loop
  vertex 7.7347690e-01 -2.6000000e-01 -2.1731758e-02
  vertex 7.8121450e-01 -7.0000000e-02 -2.3074354e-02
  vertex 7.7347690e-01 -7.0000000e-02 -2.1731758e-02
 endloop
endfacet
facet normal 1.709613e-01 0.000000e+00 9.852777e-01
 outer loop
  vertex 7.7347690e-01 -2.6000000e-01 -2.1731758e-02
  vertex 7.8121450e-01 -2.6000000e-01 -2.3074354e-02
  vertex 7.8121450e-01 -7.0000000e-02 -2.3074354e-02
 endloop
endfacet
facet normal 2.191027e-01 0.000000e+00 9.757018e-01
 outer loop
  vertex 7.8121450e-01 -2.6000000e-01 -2.3074354e-02
  vertex 7.8887683e-01 -2.6000000e-01 -2.4795000e-02
  vertex 7.8887683e-01 -7.0000000e-02 -2.4795000e-02
 endloop
endfacet
facet normal 2.667122e-01 0.000000e+00 9.637762e-01
 outer loop
  vertex 7.8887683e-01 -7.0000000e-02 -2.4795000e-02
  vertex 7.8887683e-01 -2.6000000e-01 -2.4795000e-02
  vertex 7.9644556e-01 -7.0000000e-02 -2.6889545e-02
 endloop
endfacet
facet normal 3.136815e-01 0.000000e+00 9.495283e-01
 outer loop
  vertex 7.9644556e-01 -7.0000000e-02 -2.6889545e-02
  vertex 7.9644556e-01 -2.6000000e-01 -2.6889545e-02
  vertex 8.0390240e-01 -7.0000000e-02 -2.9352950e-02
 endloop
endfacet
facet normal 3.136815e-01 0.000000e+00 9.495283e-01
 outer loop
  vertex 8.0390240e-01 -7.0000000e-02 -2.9352950e-02
  vertex 7.9644556e-01 -2.6000000e-01 -2.6889545e-02
  vertex 8.0390240e-01 -2.6000000e-01 -2.9352950e-02
 endloop
endfacet
facet normal 3.598940e-01 0.000000e+00 9.329932e-01
 outer loop
  vertex 8.1122940e-01 -7.0000000e-02 -3.2179276e-02
  vertex 8.0390240e-01 -2.6000000e-01 -2.9352950e-02
  vertex 8.1122940e-01 -2.6000000e-01 -3.2179276e-02
 endloop
endfacet
facet normal 4.052443e-01 0.000000e+00 9.142084e-01
 outer loop
  vertex 8.1840880e-01 -7.0000000e-02 -3.5361713e-02
  vertex 8.1122940e-01 -7.0000000e-02 -3.2179276e-02
  vertex 8.1122940e-01 -2.6000000e-01 -3.2179276e-02
 endloop
endfacet
facet normal 4.496114e-01 0.000000e+00 8.932243e-01
 outer loop
  vertex 8.2542346e-01 -7.0000000e-02 -3.8892597e-02
  vertex 8.1840880e-01 -7.0000000e-02 -3.5361713e-02
  vertex 8.1840880e-01 -2.6000000e-01 -3.5361713e-02
 endloop
endfacet
facet normal 4.496114e-01 -0.000000e+00 8.932243e-01
 outer loop
  vertex 8.2542346e-01 -2.6000000e-01 -3.8892597e-02
  vertex 8.2542346e-01 -7.0000000e-02 -3.8892597e-02
  vertex 8.1840880e-01 -2.6000000e-01 -3.5361713e-02
 endloop
endfacet
facet normal 4.928996e-01 -0.000000e+00 8.700862e-01
 outer loop
  vertex 8.3225640e-01 -2.6000000e-01 -4.2763424e-02
  vertex 8.3225640e-01 -7.0000000e-02 -4.2763424e-02
  vertex 8.2542346e-01 -2.6000000e-01 -3.8892597e-02
 endloop
endfacet
facet normal 5.349952e-01 -0.000000e+00 8.448551e-01
 outer loop
  vertex 8.3225640e-01 -2.6000000e-01 -4.2763424e-02
  vertex 8.3889124e-01 -7.0000000e-02 -4.6964863e-02
  vertex 8.3225640e-01 -7.0000000e-02 -4.2763424e-02
 endloop
endfacet
facet normal 5.758075e-01 -0.000000e+00 8.175853e-01
 outer loop
  vertex 8.3889124e-01 -2.6000000e-01 -4.6964863e-02
  vertex 8.4531190e-01 -7.0000000e-02 -5.1486794e-02
  vertex 8.3889124e-01 -7.0000000e-02 -4.6964863e-02
 endloop
endfacet
facet normal 5.758075e-01 0.000000e+00 8.175853e-01
 outer loop
  vertex 8.3889124e-01 -2.6000000e-01 -4.6964863e-02
  vertex 8.4531190e-01 -2.6000000e-01 -5.1486794e-02
  vertex 8.4531190e-01 -7.0000000e-02 -5.1486794e-02
 endloop
endfacet
facet normal 6.152341e-01 0.000000e+00 7.883444e-01
 outer loop
  vertex 8.4531190e-01 -2.6000000e-01 -5.1486794e-02
  vertex 8.5150290e-01 -2.6000000e-01 -5.6318330e-02
  vertex 8.5150290e-01 -7.0000000e-02 -5.6318330e-02
 endloop
endfacet
facet normal 6.531733e-01 0.000000e+00 7.572084e-01
 outer loop
  vertex 8.5150290e-01 -7.0000000e-02 -5.6318330e-02
  vertex 8.5150290e-01 -2.6000000e-01 -5.6318330e-02
  vertex 8.5744940e-01 -7.0000000e-02 -6.1447823e-02
 endloop
endfacet
facet normal 8.175893e-01 -0.000000e+00 5.758018e-01
 outer loop
  vertex 8.8303510e-01 -2.6000000e-01 -9.1108765e-02
  vertex 8.8303510e-01 -7.0000000e-02 -9.1108765e-02
  vertex 8.7851324e-01 -2.6000000e-01 -8.4688110e-02
 endloop
endfacet
facet normal 9.495258e-01 0.000000e+00 3.136890e-01
 outer loop
  vertex 9.0064703e-01 -2.6000000e-01 -1.2609762e-01
  vertex 9.0311050e-01 -2.6000000e-01 -1.3355446e-01
  vertex 9.0311050e-01 -7.0000000e-02 -1.3355446e-01
 endloop
endfacet
facet normal 9.637775e-01 -0.000000e+00 2.667075e-01
 outer loop
  vertex 9.0311050e-01 -2.6000000e-01 -1.3355446e-01
  vertex 9.0520500e-01 -7.0000000e-02 -1.4112317e-01
  vertex 9.0311050e-01 -7.0000000e-02 -1.3355446e-01
 endloop
endfacet
facet normal 9.996987e-01 -0.000000e+00 2.454415e-02
 outer loop
  vertex 9.1000000e-01 -2.6000000e-01 -1.8000000e-01
  vertex 9.1000000e-01 -7.0000000e-02 -1.8000000e-01
  vertex 9.0980725e-01 -2.6000000e-01 -1.7214917e-01
 endloop
endfacet
facet normal 9.996987e-01 -0.000000e+00 2.454415e-02
 outer loop
  vertex 9.0980725e-01 -2.6000000e-01 -1.7214917e-01
  vertex 9.1000000e-01 -7.0000000e-02 -1.8000000e-01
  vertex 9.0980725e-01 -7.0000000e-02 -1.7214917e-01
 endloop
endfacet
facet normal 9.972906e-01 0.000000e+00 7.356239e-02
 outer loop
  vertex 9.0922955e-01 -2.6000000e-01 -1.6431725e-01
  vertex 9.0980725e-01 -2.6000000e-01 -1.7214917e-01
  vertex 9.0980725e-01 -7.0000000e-02 -1.7214917e-01
 endloop
endfacet
facet normal 9.972906e-01 0.000000e+00 7.356239e-02
 outer loop
  vertex 9.0922955e-01 -7.0000000e-02 -1.6431725e-01
  vertex 9.0922955e-01 -2.6000000e-01 -1.6431725e-01
  vertex 9.0980725e-01 -7.0000000e-02 -1.7214917e-01
 endloop
endfacet
facet normal 9.924790e-01 0.000000e+00 1.224152e-01
 outer loop
  vertex 9.0922955e-01 -7.0000000e-02 -1.6431725e-01
  vertex 9.0826820e-01 -2.6000000e-01 -1.5652312e-01
  vertex 9.0922955e-01 -2.6000000e-01 -1.6431725e-01
 endloop
endfacet
facet normal 9.924790e-01 0.000000e+00 1.224152e-01
 outer loop
  vertex 9.0922955e-01 -7.0000000e-02 -1.6431725e-01
  vertex 9.0826820e-01 -7.0000000e-02 -1.5652312e-01
  vertex 9.0826820e-01 -2.6000000e-01 -1.5652312e-01
 endloop
endfacet
facet normal 9.852776e-01 -0.000000e+00 1.709624e-01
 outer loop
  vertex 9.0826820e-01 -2.6000000e-01 -1.5652312e-01
  vertex 9.0826820e-01 -7.0000000e-02 -1.5652312e-01
  vertex 9.0692560e-01 -2.6000000e-01 -1.4878555e-01
 endloop
endfacet
facet normal 9.852776e-01 -0.000000e+00 1.709624e-01
 outer loop
  vertex 9.0692560e-01 -2.6000000e-01 -1.4878555e-01
  vertex 9.0826820e-01 -7.0000000e-02 -1.5652312e-01
  vertex 9.0692560e-01 -7.0000000e-02 -1.4878555e-01
 endloop
endfacet
facet normal 9.757034e-01 0.000000e+00 2.190958e-01
 outer loop
  vertex 9.0520500e-01 -2.6000000e-01 -1.4112317e-01
  vertex 9.0692560e-01 -2.6000000e-01 -1.4878555e-01
  vertex 9.0692560e-01 -7.0000000e-02 -1.4878555e-01
 endloop
endfacet
facet normal 9.757034e-01 0.000000e+00 2.190958e-01
 outer loop
  vertex 9.0520500e-01 -7.0000000e-02 -1.4112317e-01
  vertex 9.0520500e-01 -2.6000000e-01 -1.4112317e-01
  vertex 9.0692560e-01 -7.0000000e-02 -1.4878555e-01
 endloop
endfacet
facet normal 9.637775e-01 0.000000e+00 2.667075e-01
 outer loop
  vertex 9.0520500e-01 -7.0000000e-02 -1.4112317e-01
  vertex 9.0311050e-01 -2.6000000e-01 -1.3355446e-01
  vertex 9.0520500e-01 -2.6000000e-01 -1.4112317e-01
 endloop
endfacet
facet normal 9.495258e-01 0.000000e+00 3.136890e-01
 outer loop
  vertex 9.0311050e-01 -7.0000000e-02 -1.3355446e-01
  vertex 9.0064703e-01 -7.0000000e-02 -1.2609762e-01
  vertex 9.0064703e-01 -2.6000000e-01 -1.2609762e-01
 endloop
endfacet
facet normal 9.329943e-01 -0.000000e+00 3.598912e-01
 outer loop
  vertex 9.0064703e-01 -2.6000000e-01 -1.2609762e-01
  vertex 9.0064703e-01 -7.0000000e-02 -1.2609762e-01
  vertex 8.9782074e-01 -2.6000000e-01 -1.1877065e-01
 endloop
endfacet
facet normal 9.329943e-01 -0.000000e+00 3.598912e-01
 outer loop
  vertex 8.9782074e-01 -2.6000000e-01 -1.1877065e-01
  vertex 9.0064703e-01 -7.0000000e-02 -1.2609762e-01
  vertex 8.9782074e-01 -7.0000000e-02 -1.1877065e-01
 endloop
endfacet
facet normal 9.142098e-01 0.000000e+00 4.052413e-01
 outer loop
  vertex 8.9463830e-01 -2.6000000e-01 -1.1159118e-01
  vertex 8.9782074e-01 -2.6000000e-01 -1.1877065e-01
  vertex 8.9782074e-01 -7.0000000e-02 -1.1877065e-01
 endloop
endfacet
facet normal 9.142098e-01 0.000000e+00 4.052413e-01
 outer loop
  vertex 8.9463830e-01 -7.0000000e-02 -1.1159118e-01
  vertex 8.9463830e-01 -2.6000000e-01 -1.1159118e-01
  vertex 8.9782074e-01 -7.0000000e-02 -1.1877065e-01
 endloop
endfacet
facet normal 8.932214e-01 0.000000e+00 4.496171e-01
 outer loop
  vertex 8.9463830e-01 -7.0000000e-02 -1.1159118e-01
  vertex 8.9110736e-01 -2.6000000e-01 -1.0457652e-01
  vertex 8.9463830e-01 -2.6000000e-01 -1.1159118e-01
 endloop
endfacet
facet normal 8.932214e-01 0.000000e+00 4.496171e-01
 outer loop
  vertex 8.9463830e-01 -7.0000000e-02 -1.1159118e-01
  vertex 8.9110736e-01 -7.0000000e-02 -1.0457652e-01
  vertex 8.9110736e-01 -2.6000000e-01 -1.0457652e-01
 endloop
endfacet
facet normal 8.700905e-01 -0.000000e+00 4.928920e-01
 outer loop
  vertex 8.9110736e-01 -2.6000000e-01 -1.0457652e-01
  vertex 8.9110736e-01 -7.0000000e-02 -1.0457652e-01
  vertex 8.8723660e-01 -2.6000000e-01 -9.7743560e-02
 endloop
endfacet
facet normal 8.700905e-01 -0.000000e+00 4.928920e-01
 outer loop
  vertex 8.8723660e-01 -2.6000000e-01 -9.7743560e-02
  vertex 8.9110736e-01 -7.0000000e-02 -1.0457652e-01
  vertex 8.8723660e-01 -7.0000000e-02 -9.7743560e-02
 endloop
endfacet
facet normal 8.448500e-01 0.000000e+00 5.350033e-01
 outer loop
  vertex 8.8303510e-01 -2.6000000e-01 -9.1108765e-02
  vertex 8.8723660e-01 -2.6000000e-01 -9.7743560e-02
  vertex 8.8723660e-01 -7.0000000e-02 -9.7743560e-02
 endloop
endfacet
facet normal 8.448500e-01 0.000000e+00 5.350033e-01
 outer loop
  vertex 8.8303510e-01 -7.0000000e-02 -9.1108765e-02
  vertex 8.8303510e-01 -2.6000000e-01 -9.1108765e-02
  vertex 8.8723660e-01 -7.0000000e-02 -9.7743560e-02
 endloop
endfacet
facet normal 8.175893e-01 0.000000e+00 5.758018e-01
 outer loop
  vertex 8.7851324e-01 -7.0000000e-02 -8.4688110e-02
  vertex 8.7851324e-01 -2.6000000e-01 -8.4688110e-02
  vertex 8.8303510e-01 -7.0000000e-02 -9.1108765e-02
 endloop
endfacet
facet normal 7.883419e-01 0.000000e+00 6.152373e-01
 outer loop
  vertex 8.7851324e-01 -7.0000000e-02 -8.4688110e-02
  vertex 8.7368164e-01 -2.6000000e-01 -7.8497080e-02
  vertex 8.7851324e-01 -2.6000000e-01 -8.4688110e-02
 endloop
endfacet
facet normal 7.883419e-01 0.000000e+00 6.152373e-01
 outer loop
  vertex 8.7851324e-01 -7.0000000e-02 -8.4688110e-02
  vertex 8.7368164e-01 -7.0000000e-02 -7.8497080e-02
  vertex 8.7368164e-01 -2.6000000e-01 -7.8497080e-02
 endloop
endfacet
facet normal 7.572123e-01 -0.000000e+00 6.531688e-01
 outer loop
  vertex 8.7368164e-01 -2.6000000e-01 -7.8497080e-02
  vertex 8.7368164e-01 -7.0000000e-02 -7.8497080e-02
  vertex 8.6855220e-01 -2.6000000e-01 -7.2550570e-02
 endloop
endfacet
facet normal 7.572123e-01 -0.000000e+00 6.531688e-01
 outer loop
  vertex 8.6855220e-01 -2.6000000e-01 -7.2550570e-02
  vertex 8.7368164e-01 -7.0000000e-02 -7.8497080e-02
  vertex 8.6855220e-01 -7.0000000e-02 -7.2550570e-02
 endloop
endfacet
facet normal 7.242469e-01 0.000000e+00 6.895407e-01
 outer loop
  vertex 8.6313710e-01 -2.6000000e-01 -6.6862915e-02
  vertex 8.6855220e-01 -2.6000000e-01 -7.2550570e-02
  vertex 8.6855220e-01 -7.0000000e-02 -7.2550570e-02
 endloop
endfacet
facet normal 7.242469e-01 0.000000e+00 6.895407e-01
 outer loop
  vertex 8.6313710e-01 -7.0000000e-02 -6.6862915e-02
  vertex 8.6313710e-01 -2.6000000e-01 -6.6862915e-02
  vertex 8.6855220e-01 -7.0000000e-02 -7.2550570e-02
 endloop
endfacet
facet normal 6.895373e-01 0.000000e+00 7.242502e-01
 outer loop
  vertex 8.6313710e-01 -7.0000000e-02 -6.6862915e-02
  vertex 8.5744940e-01 -2.6000000e-01 -6.1447823e-02
  vertex 8.6313710e-01 -2.6000000e-01 -6.6862915e-02
 endloop
endfacet
facet normal 6.895373e-01 0.000000e+00 7.242502e-01
 outer loop
  vertex 8.6313710e-01 -7.0000000e-02 -6.6862915e-02
  vertex 8.5744940e-01 -7.0000000e-02 -6.1447823e-02
  vertex 8.5744940e-01 -2.6000000e-01 -6.1447823e-02
 endloop
endfacet
facet normal 6.531733e-01 -0.000000e+00 7.572084e-01
 outer loop
  vertex 8.5744940e-01 -2.6000000e-01 -6.1447823e-02
  vertex 8.5744940e-01 -7.0000000e-02 -6.1447823e-02
  vertex 8.5150290e-01 -2.6000000e-01 -5.6318330e-02
 endloop
endfacet
facet normal -9.996987e-01 0.000000e+00 2.454415e-02
 outer loop
  vertex 5.9019275e-01 -2.6000000e-01 -1.7214917e-01
  vertex 5.9019275e-01 -7.0000000e-02 -1.7214917e-01
  vertex 5.9000000e-01 -7.0000000e-02 -1.8000000e-01
 endloop
endfacet
facet normal 6.152341e-01 -0.000000e+00 7.883444e-01
 outer loop
  vertex 8.4531190e-01 -2.6000000e-01 -5.1486794e-02
  vertex 8.5150290e-01 -7.0000000e-02 -5.6318330e-02
  vertex 8.4531190e-01 -7.0000000e-02 -5.1486794e-02
 endloop
endfacet
facet normal 5.349952e-01 -0.000000e+00 8.448551e-01
 outer loop
  vertex 8.3889124e-01 -2.6000000e-01 -4.6964863e-02
  vertex 8.3889124e-01 -7.0000000e-02 -4.6964863e-02
  vertex 8.3225640e-01 -2.6000000e-01 -4.2763424e-02
 endloop
endfacet
facet normal 4.928996e-01 0.000000e+00 8.700862e-01
 outer loop
  vertex 8.3225640e-01 -7.0000000e-02 -4.2763424e-02
  vertex 8.2542346e-01 -7.0000000e-02 -3.8892597e-02
  vertex 8.2542346e-01 -2.6000000e-01 -3.8892597e-02
 endloop
endfacet
facet normal 4.052443e-01 0.000000e+00 9.142084e-01
 outer loop
  vertex 8.1840880e-01 -7.0000000e-02 -3.5361713e-02
  vertex 8.1122940e-01 -2.6000000e-01 -3.2179276e-02
  vertex 8.1840880e-01 -2.6000000e-01 -3.5361713e-02
 endloop
endfacet
facet normal 3.598940e-01 0.000000e+00 9.329932e-01
 outer loop
  vertex 8.0390240e-01 -7.0000000e-02 -2.9352950e-02
  vertex 8.0390240e-01 -2.6000000e-01 -2.9352950e-02
  vertex 8.1122940e-01 -7.0000000e-02 -3.2179276e-02
 endloop
endfacet
facet normal 2.667122e-01 0.000000e+00 9.637762e-01
 outer loop
  vertex 7.8887683e-01 -2.6000000e-01 -2.4795000e-02
  vertex 7.9644556e-01 -2.6000000e-01 -2.6889545e-02
  vertex 7.9644556e-01 -7.0000000e-02 -2.6889545e-02
 endloop
endfacet
facet normal 2.191027e-01 -0.000000e+00 9.757018e-01
 outer loop
  vertex 7.8121450e-01 -2.6000000e-01 -2.3074354e-02
  vertex 7.8887683e-01 -7.0000000e-02 -2.4795000e-02
  vertex 7.8121450e-01 -7.0000000e-02 -2.3074354e-02
 endloop
endfacet
facet normal 1.224103e-01 -0.000000e+00 9.924796e-01
 outer loop
  vertex 7.7347690e-01 -2.6000000e-01 -2.1731758e-02
  vertex 7.7347690e-01 -7.0000000e-02 -2.1731758e-02
  vertex 7.6568274e-01 -2.6000000e-01 -2.0770443e-02
 endloop
endfacet
facet normal 7.356411e-02 0.000000e+00 9.972905e-01
 outer loop
  vertex 7.6568274e-01 -7.0000000e-02 -2.0770443e-02
  vertex 7.5785080e-01 -7.0000000e-02 -2.0192728e-02
  vertex 7.5785080e-01 -2.6000000e-01 -2.0192728e-02
 endloop
endfacet
facet normal -2.454144e-02 0.000000e+00 9.996988e-01
 outer loop
  vertex 7.5000000e-01 -7.0000000e-02 -2.0000000e-02
  vertex 7.4214920e-01 -2.6000000e-01 -2.0192728e-02
  vertex 7.5000000e-01 -2.6000000e-01 -2.0000000e-02
 endloop
endfacet
facet normal -7.356411e-02 0.000000e+00 9.972905e-01
 outer loop
  vertex 7.3431726e-01 -7.0000000e-02 -2.0770443e-02
  vertex 7.3431726e-01 -2.6000000e-01 -2.0770443e-02
  vertex 7.4214920e-01 -7.0000000e-02 -2.0192728e-02
 endloop
endfacet
facet normal -1.709613e-01 0.000000e+00 9.852777e-01
 outer loop
  vertex 7.1878550e-01 -2.6000000e-01 -2.3074354e-02
  vertex 7.2652310e-01 -2.6000000e-01 -2.1731758e-02
  vertex 7.2652310e-01 -7.0000000e-02 -2.1731758e-02
 endloop
endfacet
facet normal -2.191027e-01 0.000000e+00 9.757018e-01
 outer loop
  vertex 7.1112317e-01 -2.6000000e-01 -2.4795000e-02
  vertex 7.1878550e-01 -7.0000000e-02 -2.3074354e-02
  vertex 7.1112317e-01 -7.0000000e-02 -2.4795000e-02
 endloop
endfacet
facet normal -3.136815e-01 0.000000e+00 9.495283e-01
 outer loop
  vertex 7.0355444e-01 -2.6000000e-01 -2.6889545e-02
  vertex 7.0355444e-01 -7.0000000e-02 -2.6889545e-02
  vertex 6.9609760e-01 -2.6000000e-01 -2.9352950e-02
 endloop
endfacet
facet normal -3.598940e-01 0.000000e+00 9.329932e-01
 outer loop
  vertex 6.9609760e-01 -7.0000000e-02 -2.9352950e-02
  vertex 6.8877060e-01 -7.0000000e-02 -3.2179276e-02
  vertex 6.8877060e-01 -2.6000000e-01 -3.2179276e-02
 endloop
endfacet
facet normal -4.496114e-01 0.000000e+00 8.932243e-01
 outer loop
  vertex 6.8159120e-01 -7.0000000e-02 -3.5361713e-02
  vertex 6.7457654e-01 -2.6000000e-01 -3.8892597e-02
  vertex 6.8159120e-01 -2.6000000e-01 -3.5361713e-02
 endloop
endfacet
facet normal -4.928996e-01 0.000000e+00 8.700862e-01
 outer loop
  vertex 6.6774360e-01 -7.0000000e-02 -4.2763424e-02
  vertex 6.6774360e-01 -2.6000000e-01 -4.2763424e-02
  vertex 6.7457654e-01 -7.0000000e-02 -3.8892597e-02
 endloop
endfacet
facet normal -5.758075e-01 0.000000e+00 8.175853e-01
 outer loop
  vertex 6.5468810e-01 -2.6000000e-01 -5.1486794e-02
  vertex 6.6110876e-01 -2.6000000e-01 -4.6964863e-02
  vertex 6.6110876e-01 -7.0000000e-02 -4.6964863e-02
 endloop
endfacet
facet normal -6.152341e-01 0.000000e+00 7.883444e-01
 outer loop
  vertex 6.4849710e-01 -2.6000000e-01 -5.6318330e-02
  vertex 6.5468810e-01 -7.0000000e-02 -5.1486794e-02
  vertex 6.4849710e-01 -7.0000000e-02 -5.6318330e-02
 endloop
endfacet
facet normal -6.895373e-01 0.000000e+00 7.242502e-01
 outer loop
  vertex 6.4255060e-01 -2.6000000e-01 -6.1447823e-02
  vertex 6.4255060e-01 -7.0000000e-02 -6.1447823e-02
  vertex 6.3686290e-01 -2.6000000e-01 -6.6862915e-02
 endloop
endfacet
facet normal -7.242469e-01 0.000000e+00 6.895407e-01
 outer loop
  vertex 6.3686290e-01 -7.0000000e-02 -6.6862915e-02
  vertex 6.3144780e-01 -7.0000000e-02 -7.2550570e-02
  vertex 6.3144780e-01 -2.6000000e-01 -7.2550570e-02
 endloop
endfacet
facet normal -7.883419e-01 0.000000e+00 6.152373e-01
 outer loop
  vertex 6.2631836e-01 -7.0000000e-02 -7.8497080e-02
  vertex 6.2148676e-01 -2.6000000e-01 -8.4688110e-02
  vertex 6.2631836e-01 -2.6000000e-01 -7.8497080e-02
 endloop
endfacet
facet normal -8.175893e-01 0.000000e+00 5.758018e-01
 outer loop
  vertex 6.1696490e-01 -7.0000000e-02 -9.1108765e-02
  vertex 6.1696490e-01 -2.6000000e-01 -9.1108765e-02
  vertex 6.2148676e-01 -7.0000000e-02 -8.4688110e-02
 endloop
endfacet
facet normal -8.700905e-01 0.000000e+00 4.928920e-01
 outer loop
  vertex 6.0889264e-01 -2.6000000e-01 -1.0457652e-01
  vertex 6.1276340e-01 -2.6000000e-01 -9.7743560e-02
  vertex 6.1276340e-01 -7.0000000e-02 -9.7743560e-02
 endloop
endfacet
facet normal -8.932214e-01 0.000000e+00 4.496171e-01
 outer loop
  vertex 6.0536170e-01 -2.6000000e-01 -1.1159118e-01
  vertex 6.0889264e-01 -7.0000000e-02 -1.0457652e-01
  vertex 6.0536170e-01 -7.0000000e-02 -1.1159118e-01
 endloop
endfacet
facet normal -9.329943e-01 0.000000e+00 3.598912e-01
 outer loop
  vertex 6.0217926e-01 -2.6000000e-01 -1.1877065e-01
  vertex 6.0217926e-01 -7.0000000e-02 -1.1877065e-01
  vertex 5.9935297e-01 -2.6000000e-01 -1.2609762e-01
 endloop
endfacet
facet normal -9.495258e-01 0.000000e+00 3.136890e-01
 outer loop
  vertex 5.9935297e-01 -7.0000000e-02 -1.2609762e-01
  vertex 5.9688950e-01 -7.0000000e-02 -1.3355446e-01
  vertex 5.9688950e-01 -2.6000000e-01 -1.3355446e-01
 endloop
endfacet
facet normal -9.757034e-01 0.000000e+00 2.190958e-01
 outer loop
  vertex 5.9479500e-01 -7.0000000e-02 -1.4112317e-01
  vertex 5.9307440e-01 -2.6000000e-01 -1.4878555e-01
  vertex 5.9479500e-01 -2.6000000e-01 -1.4112317e-01
 endloop
endfacet
facet normal -9.852776e-01 0.000000e+00 1.709624e-01
 outer loop
  vertex 5.9173180e-01 -7.0000000e-02 -1.5652312e-01
  vertex 5.9173180e-01 -2.6000000e-01 -1.5652312e-01
  vertex 5.9307440e-01 -7.0000000e-02 -1.4878555e-01
 endloop
endfacet
facet normal -9.996987e-01 0.000000e+00 2.454415e-02
 outer loop
  vertex 5.9019275e-01 -2.6000000e-01 -1.7214917e-01
  vertex 5.9000000e-01 -7.0000000e-02 -1.8000000e-01
  vertex 5.9000000e-01 -2.6000000e-01 -1.8000000e-01
 endloop
endfacet
facet normal -9.972906e-01 0.000000e+00 7.356239e-02
 outer loop
  vertex 5.9077045e-01 -7.0000000e-02 -1.6431725e-01
  vertex 5.9019275e-01 -2.6000000e-01 -1.7214917e-01
  vertex 5.9077045e-01 -2.6000000e-01 -1.6431725e-01
 endloop
endfacet
facet normal -9.972906e-01 0.000000e+00 -7.356239e-02
 outer loop
  vertex 5.9019275e-01 7.0000000e-02 -1.8785083e-01
  vertex 5.9019275e-01 2.6000000e-01 -1.8785083e-01
  vertex 5.9077045e-01 7.0000000e-02 -1.9568275e-01
 endloop
endfacet
facet normal -9.924790e-01 0.000000e+00 -1.224152e-01
 outer loop
  vertex 5.9077045e-01 7.0000000e-02 -1.9568275e-01
  vertex 5.9077045e-01 2.6000000e-01 -1.9568275e-01
  vertex 5.9173180e-01 7.0000000e-02 -2.0347688e-01
 endloop
endfacet
facet normal -9.924790e-01 0.000000e+00 -1.224152e-01
 outer loop
  vertex 5.9173180e-01 7.0000000e-02 -2.0347688e-01
  vertex 5.9077045e-01 2.6000000e-01 -1.9568275e-01
  vertex 5.9173180e-01 2.6000000e-01 -2.0347688e-01
 endloop
endfacet
facet normal -9.852776e-01 0.000000e+00 -1.709624e-01
 outer loop
  vertex 5.9307440e-01 7.0000000e-02 -2.1121445e-01
  vertex 5.9173180e-01 2.6000000e-01 -2.0347688e-01
  vertex 5.9307440e-01 2.6000000e-01 -2.1121445e-01
 endloop
endfacet
facet normal -9.757034e-01 0.000000e+00 -2.190958e-01
 outer loop
  vertex 5.9479500e-01 7.0000000e-02 -2.1887683e-01
  vertex 5.9307440e-01 7.0000000e-02 -2.1121445e-01
  vertex 5.9307440e-01 2.6000000e-01 -2.1121445e-01
 endloop
endfacet
facet normal -9.637777e-01 0.000000e+00 -2.667069e-01
 outer loop
  vertex 5.9688950e-01 7.0000000e-02 -2.2644556e-01
  vertex 5.9479500e-01 7.0000000e-02 -2.1887683e-01
  vertex 5.9479500e-01 2.6000000e-01 -2.1887683e-01
 endloop
endfacet
facet normal -9.637777e-01 -0.000000e+00 -2.667069e-01
 outer loop
  vertex 5.9688950e-01 2.6000000e-01 -2.2644556e-01
  vertex 5.9688950e-01 7.0000000e-02 -2.2644556e-01
  vertex 5.9479500e-01 2.6000000e-01 -2.1887683e-01
 endloop
endfacet
facet normal -9.495254e-01 -0.000000e+00 -3.136901e-01
 outer loop
  vertex 5.9935297e-01 2.6000000e-01 -2.3390237e-01
  vertex 5.9935297e-01 7.0000000e-02 -2.3390237e-01
  vertex 5.9688950e-01 2.6000000e-01 -2.2644556e-01
 endloop
endfacet
facet normal -9.329944e-01 -0.000000e+00 -3.598908e-01
 outer loop
  vertex 5.9935297e-01 2.6000000e-01 -2.3390237e-01
  vertex 6.0217926e-01 7.0000000e-02 -2.4122935e-01
  vertex 5.9935297e-01 7.0000000e-02 -2.3390237e-01
 endloop
endfacet
facet normal -9.142096e-01 -0.000000e+00 -4.052418e-01
 outer loop
  vertex 6.0217926e-01 2.6000000e-01 -2.4122935e-01
  vertex 6.0536170e-01 7.0000000e-02 -2.4840881e-01
  vertex 6.0217926e-01 7.0000000e-02 -2.4122935e-01
 endloop
endfacet
facet normal -9.142096e-01 0.000000e+00 -4.052418e-01
 outer loop
  vertex 6.0217926e-01 2.6000000e-01 -2.4122935e-01
  vertex 6.0536170e-01 2.6000000e-01 -2.4840881e-01
  vertex 6.0536170e-01 7.0000000e-02 -2.4840881e-01
 endloop
endfacet
facet normal -8.932222e-01 0.000000e+00 -4.496156e-01
 outer loop
  vertex 6.0536170e-01 2.6000000e-01 -2.4840881e-01
  vertex 6.0889264e-01 2.6000000e-01 -2.5542350e-01
  vertex 6.0889264e-01 7.0000000e-02 -2.5542350e-01
 endloop
endfacet
facet normal -8.700899e-01 0.000000e+00 -4.928931e-01
 outer loop
  vertex 6.0889264e-01 7.0000000e-02 -2.5542350e-01
  vertex 6.0889264e-01 2.6000000e-01 -2.5542350e-01
  vertex 6.1276340e-01 7.0000000e-02 -2.6225644e-01
 endloop
endfacet
facet normal -8.448502e-01 0.000000e+00 -5.350030e-01
 outer loop
  vertex 6.1276340e-01 7.0000000e-02 -2.6225644e-01
  vertex 6.1276340e-01 2.6000000e-01 -2.6225644e-01
  vertex 6.1696490e-01 7.0000000e-02 -2.6889124e-01
 endloop
endfacet
facet normal -8.448502e-01 0.000000e+00 -5.350030e-01
 outer loop
  vertex 6.1696490e-01 7.0000000e-02 -2.6889124e-01
  vertex 6.1276340e-01 2.6000000e-01 -2.6225644e-01
  vertex 6.1696490e-01 2.6000000e-01 -2.6889124e-01
 endloop
endfacet
facet normal -8.175895e-01 0.000000e+00 -5.758015e-01
 outer loop
  vertex 6.2148676e-01 7.0000000e-02 -2.7531190e-01
  vertex 6.1696490e-01 2.6000000e-01 -2.6889124e-01
  vertex 6.2148676e-01 2.6000000e-01 -2.7531190e-01
 endloop
endfacet
facet normal -7.883419e-01 0.000000e+00 -6.152373e-01
 outer loop
  vertex 6.2631836e-01 7.0000000e-02 -2.8150293e-01
  vertex 6.2148676e-01 7.0000000e-02 -2.7531190e-01
  vertex 6.2148676e-01 2.6000000e-01 -2.7531190e-01
 endloop
endfacet
facet normal -7.572118e-01 0.000000e+00 -6.531695e-01
 outer loop
  vertex 6.3144780e-01 7.0000000e-02 -2.8744943e-01
  vertex 6.2631836e-01 7.0000000e-02 -2.8150293e-01
  vertex 6.2631836e-01 2.6000000e-01 -2.8150293e-01
 endloop
endfacet
facet normal -7.572118e-01 -0.000000e+00 -6.531695e-01
 outer loop
  vertex 6.3144780e-01 2.6000000e-01 -2.8744943e-01
  vertex 6.3144780e-01 7.0000000e-02 -2.8744943e-01
  vertex 6.2631836e-01 2.6000000e-01 -2.8150293e-01
 endloop
endfacet
facet normal -7.242478e-01 -0.000000e+00 -6.895397e-01
 outer loop
  vertex 6.3686290e-01 2.6000000e-01 -2.9313710e-01
  vertex 6.3686290e-01 7.0000000e-02 -2.9313710e-01
  vertex 6.3144780e-01 2.6000000e-01 -2.8744943e-01
 endloop
endfacet
facet normal -6.895378e-01 -0.000000e+00 -7.242497e-01
 outer loop
  vertex 6.3686290e-01 2.6000000e-01 -2.9313710e-01
  vertex 6.4255060e-01 7.0000000e-02 -2.9855220e-01
  vertex 6.3686290e-01 7.0000000e-02 -2.9313710e-01
 endloop
endfacet
facet normal -6.531717e-01 -0.000000e+00 -7.572099e-01
 outer loop
  vertex 6.4255060e-01 2.6000000e-01 -2.9855220e-01
  vertex 6.4849710e-01 7.0000000e-02 -3.0368167e-01
  vertex 6.4255060e-01 7.0000000e-02 -2.9855220e-01
 endloop
endfacet
facet normal -6.531717e-01 0.000000e+00 -7.572099e-01
 outer loop
  vertex 6.4255060e-01 2.6000000e-01 -2.9855220e-01
  vertex 6.4849710e-01 2.6000000e-01 -3.0368167e-01
  vertex 6.4849710e-01 7.0000000e-02 -3.0368167e-01
 endloop
endfacet
facet normal -6.152321e-01 0.000000e+00 -7.883460e-01
 outer loop
  vertex 6.4849710e-01 2.6000000e-01 -3.0368167e-01
  vertex 6.5468810e-01 2.6000000e-01 -3.0851318e-01
  vertex 6.5468810e-01 7.0000000e-02 -3.0851318e-01
 endloop
endfacet
facet normal -5.758091e-01 0.000000e+00 -8.175842e-01
 outer loop
  vertex 6.5468810e-01 7.0000000e-02 -3.0851318e-01
  vertex 6.5468810e-01 2.6000000e-01 -3.0851318e-01
  vertex 6.6110876e-01 7.0000000e-02 -3.1303513e-01
 endloop
endfacet
facet normal -5.349952e-01 0.000000e+00 -8.448551e-01
 outer loop
  vertex 6.6110876e-01 7.0000000e-02 -3.1303513e-01
  vertex 6.6110876e-01 2.6000000e-01 -3.1303513e-01
  vertex 6.6774360e-01 7.0000000e-02 -3.1723657e-01
 endloop
endfacet
facet normal -5.349952e-01 0.000000e+00 -8.448551e-01
 outer loop
  vertex 6.6774360e-01 7.0000000e-02 -3.1723657e-01
  vertex 6.6110876e-01 2.6000000e-01 -3.1303513e-01
  vertex 6.6774360e-01 2.6000000e-01 -3.1723657e-01
 endloop
endfacet
facet normal -4.928999e-01 0.000000e+00 -8.700860e-01
 outer loop
  vertex 6.7457654e-01 7.0000000e-02 -3.2110740e-01
  vertex 6.6774360e-01 2.6000000e-01 -3.1723657e-01
  vertex 6.7457654e-01 2.6000000e-01 -3.2110740e-01
 endloop
endfacet
facet normal -4.496110e-01 0.000000e+00 -8.932245e-01
 outer loop
  vertex 6.8159120e-01 7.0000000e-02 -3.2463828e-01
  vertex 6.7457654e-01 7.0000000e-02 -3.2110740e-01
  vertex 6.7457654e-01 2.6000000e-01 -3.2110740e-01
 endloop
endfacet
facet normal -4.052425e-01 0.000000e+00 -9.142092e-01
 outer loop
  vertex 6.8877060e-01 7.0000000e-02 -3.2782070e-01
  vertex 6.8159120e-01 7.0000000e-02 -3.2463828e-01
  vertex 6.8159120e-01 2.6000000e-01 -3.2463828e-01
 endloop
endfacet
facet normal -4.052425e-01 -0.000000e+00 -9.142092e-01
 outer loop
  vertex 6.8877060e-01 2.6000000e-01 -3.2782070e-01
  vertex 6.8877060e-01 7.0000000e-02 -3.2782070e-01
  vertex 6.8159120e-01 2.6000000e-01 -3.2463828e-01
 endloop
endfacet
facet normal -3.598977e-01 -0.000000e+00 -9.329918e-01
 outer loop
  vertex 6.9609760e-01 2.6000000e-01 -3.3064706e-01
  vertex 6.9609760e-01 7.0000000e-02 -3.3064706e-01
  vertex 6.8877060e-01 2.6000000e-01 -3.2782070e-01
 endloop
endfacet
facet normal -3.136786e-01 -0.000000e+00 -9.495292e-01
 outer loop
  vertex 6.9609760e-01 2.6000000e-01 -3.3064706e-01
  vertex 7.0355444e-01 7.0000000e-02 -3.3311044e-01
  vertex 6.9609760e-01 7.0000000e-02 -3.3064706e-01
 endloop
endfacet
facet normal -2.667140e-01 -0.000000e+00 -9.637757e-01
 outer loop
  vertex 7.0355444e-01 2.6000000e-01 -3.3311044e-01
  vertex 7.1112317e-01 7.0000000e-02 -3.3520500e-01
  vertex 7.0355444e-01 7.0000000e-02 -3.3311044e-01
 endloop
endfacet
facet normal -2.667140e-01 0.000000e+00 -9.637757e-01
 outer loop
  vertex 7.0355444e-01 2.6000000e-01 -3.3311044e-01
  vertex 7.1112317e-01 2.6000000e-01 -3.3520500e-01
  vertex 7.1112317e-01 7.0000000e-02 -3.3520500e-01
 endloop
endfacet
facet normal -2.191044e-01 0.000000e+00 -9.757014e-01
 outer loop
  vertex 7.1112317e-01 2.6000000e-01 -3.3520500e-01
  vertex 7.1878550e-01 2.6000000e-01 -3.3692566e-01
  vertex 7.1878550e-01 7.0000000e-02 -3.3692566e-01
 endloop
endfacet
facet normal -1.709605e-01 0.000000e+00 -9.852779e-01
 outer loop
  vertex 7.1878550e-01 7.0000000e-02 -3.3692566e-01
  vertex 7.1878550e-01 2.6000000e-01 -3.3692566e-01
  vertex 7.2652310e-01 7.0000000e-02 -3.3826825e-01
 endloop
endfacet
facet normal -1.224084e-01 0.000000e+00 -9.924798e-01
 outer loop
  vertex 7.2652310e-01 7.0000000e-02 -3.3826825e-01
  vertex 7.2652310e-01 2.6000000e-01 -3.3826825e-01
  vertex 7.3431726e-01 7.0000000e-02 -3.3922955e-01
 endloop
endfacet
facet normal -1.224084e-01 0.000000e+00 -9.924798e-01
 outer loop
  vertex 7.3431726e-01 7.0000000e-02 -3.3922955e-01
  vertex 7.2652310e-01 2.6000000e-01 -3.3826825e-01
  vertex 7.3431726e-01 2.6000000e-01 -3.3922955e-01
 endloop
endfacet
facet normal -7.356601e-02 0.000000e+00 -9.972904e-01
 outer loop
  vertex 7.4214920e-01 7.0000000e-02 -3.3980728e-01
  vertex 7.3431726e-01 2.6000000e-01 -3.3922955e-01
  vertex 7.4214920e-01 2.6000000e-01 -3.3980728e-01
 endloop
endfacet
facet normal -2.454042e-02 0.000000e+00 -9.996988e-01
 outer loop
  vertex 7.5000000e-01 7.0000000e-02 -3.4000000e-01
  vertex 7.4214920e-01 7.0000000e-02 -3.3980728e-01
  vertex 7.4214920e-01 2.6000000e-01 -3.3980728e-01
 endloop
endfacet
facet normal 2.454042e-02 0.000000e+00 -9.996988e-01
 outer loop
  vertex 7.5785080e-01 7.0000000e-02 -3.3980728e-01
  vertex 7.5000000e-01 7.0000000e-02 -3.4000000e-01
  vertex 7.5000000e-01 2.6000000e-01 -3.4000000e-01
 endloop
endfacet
facet normal 2.454042e-02 0.000000e+00 -9.996988e-01
 outer loop
  vertex 7.5785080e-01 2.6000000e-01 -3.3980728e-01
  vertex 7.5785080e-01 7.0000000e-02 -3.3980728e-01
  vertex 7.5000000e-01 2.6000000e-01 -3.4000000e-01
 endloop
endfacet
facet normal 7.356601e-02 0.000000e+00 -9.972904e-01
 outer loop
  vertex 7.6568274e-01 2.6000000e-01 -3.3922955e-01
  vertex 7.6568274e-01 7.0000000e-02 -3.3922955e-01
  vertex 7.5785080e-01 2.6000000e-01 -3.3980728e-01
 endloop
endfacet
facet normal 1.224084e-01 0.000000e+00 -9.924798e-01
 outer loop
  vertex 7.6568274e-01 2.6000000e-01 -3.3922955e-01
  vertex 7.7347690e-01 7.0000000e-02 -3.3826825e-01
  vertex 7.6568274e-01 7.0000000e-02 -3.3922955e-01
 endloop
endfacet
facet normal 1.709605e-01 0.000000e+00 -9.852779e-01
 outer loop
  vertex 7.7347690e-01 2.6000000e-01 -3.3826825e-01
  vertex 7.8121450e-01 7.0000000e-02 -3.3692566e-01
  vertex 7.7347690e-01 7.0000000e-02 -3.3826825e-01
 endloop
endfacet
facet normal 1.709605e-01 0.000000e+00 -9.852779e-01
 outer loop
  vertex 7.7347690e-01 2.6000000e-01 -3.3826825e-01
  vertex 7.8121450e-01 2.6000000e-01 -3.3692566e-01
  vertex 7.8121450e-01 7.0000000e-02 -3.3692566e-01
 endloop
endfacet
facet normal 2.191044e-01 0.000000e+00 -9.757014e-01
 outer loop
  vertex 7.8121450e-01 2.6000000e-01 -3.3692566e-01
  vertex 7.8887683e-01 2.6000000e-01 -3.3520500e-01
  vertex 7.8887683e-01 7.0000000e-02 -3.3520500e-01
 endloop
endfacet
facet normal 2.667140e-01 0.000000e+00 -9.637757e-01
 outer loop
  vertex 7.8887683e-01 7.0000000e-02 -3.3520500e-01
  vertex 7.8887683e-01 2.6000000e-01 -3.3520500e-01
  vertex 7.9644556e-01 7.0000000e-02 -3.3311044e-01
 endloop
endfacet
facet normal 3.136786e-01 0.000000e+00 -9.495292e-01
 outer loop
  vertex 7.9644556e-01 7.0000000e-02 -3.3311044e-01
  vertex 7.9644556e-01 2.6000000e-01 -3.3311044e-01
  vertex 8.0390240e-01 7.0000000e-02 -3.3064706e-01
 endloop
endfacet
facet normal 3.136786e-01 0.000000e+00 -9.495292e-01
 outer loop
  vertex 8.0390240e-01 7.0000000e-02 -3.3064706e-01
  vertex 7.9644556e-01 2.6000000e-01 -3.3311044e-01
  vertex 8.0390240e-01 2.6000000e-01 -3.3064706e-01
 endloop
endfacet
facet normal 3.598977e-01 0.000000e+00 -9.329918e-01
 outer loop
  vertex 8.1122940e-01 7.0000000e-02 -3.2782070e-01
  vertex 8.0390240e-01 2.6000000e-01 -3.3064706e-01
  vertex 8.1122940e-01 2.6000000e-01 -3.2782070e-01
 endloop
endfacet
facet normal 4.052425e-01 0.000000e+00 -9.142092e-01
 outer loop
  vertex 8.1840880e-01 7.0000000e-02 -3.2463828e-01
  vertex 8.1122940e-01 7.0000000e-02 -3.2782070e-01
  vertex 8.1122940e-01 2.6000000e-01 -3.2782070e-01
 endloop
endfacet
facet normal 4.496110e-01 0.000000e+00 -8.932245e-01
 outer loop
  vertex 8.2542346e-01 7.0000000e-02 -3.2110740e-01
  vertex 8.1840880e-01 7.0000000e-02 -3.2463828e-01
  vertex 8.1840880e-01 2.6000000e-01 -3.2463828e-01
 endloop
endfacet
facet normal 4.496110e-01 0.000000e+00 -8.932245e-01
 outer loop
  vertex 8.2542346e-01 2.6000000e-01 -3.2110740e-01
  vertex 8.2542346e-01 7.0000000e-02 -3.2110740e-01
  vertex 8.1840880e-01 2.6000000e-01 -3.2463828e-01
 endloop
endfacet
facet normal 4.928999e-01 0.000000e+00 -8.700860e-01
 outer loop
  vertex 8.3225640e-01 2.6000000e-01 -3.1723657e-01
  vertex 8.3225640e-01 7.0000000e-02 -3.1723657e-01
  vertex 8.2542346e-01 2.6000000e-01 -3.2110740e-01
 endloop
endfacet
facet normal 5.349952e-01 0.000000e+00 -8.448551e-01
 outer loop
  vertex 8.3225640e-01 2.6000000e-01 -3.1723657e-01
  vertex 8.3889124e-01 7.0000000e-02 -3.1303513e-01
  vertex 8.3225640e-01 7.0000000e-02 -3.1723657e-01
 endloop
endfacet
facet normal 5.758091e-01 0.000000e+00 -8.175842e-01
 outer loop
  vertex 8.3889124e-01 2.6000000e-01 -3.1303513e-01
  vertex 8.4531190e-01 7.0000000e-02 -3.0851318e-01
  vertex 8.3889124e-01 7.0000000e-02 -3.1303513e-01
 endloop
endfacet
facet normal 5.758091e-01 0.000000e+00 -8.175842e-01
 outer loop
  vertex 8.3889124e-01 2.6000000e-01 -3.1303513e-01
  vertex 8.4531190e-01 2.6000000e-01 -3.0851318e-01
  vertex 8.4531190e-01 7.0000000e-02 -3.0851318e-01
 endloop
endfacet
facet normal 6.152321e-01 0.000000e+00 -7.883460e-01
 outer loop
  vertex 8.4531190e-01 2.6000000e-01 -3.0851318e-01
  vertex 8.5150290e-01 2.6000000e-01 -3.0368167e-01
  vertex 8.5150290e-01 7.0000000e-02 -3.0368167e-01
 endloop
endfacet
facet normal 6.531717e-01 0.000000e+00 -7.572099e-01
 outer loop
  vertex 8.5150290e-01 7.0000000e-02 -3.0368167e-01
  vertex 8.5150290e-01 2.6000000e-01 -3.0368167e-01
  vertex 8.5744940e-01 7.0000000e-02 -2.9855220e-01
 endloop
endfacet
facet normal 8.175895e-01 0.000000e+00 -5.758015e-01
 outer loop
  vertex 8.8303510e-01 2.6000000e-01 -2.6889124e-01
  vertex 8.8303510e-01 7.0000000e-02 -2.6889124e-01
  vertex 8.7851324e-01 2.6000000e-01 -2.7531190e-01
 endloop
endfacet
facet normal 9.495254e-01 0.000000e+00 -3.136901e-01
 outer loop
  vertex 9.0064703e-01 2.6000000e-01 -2.3390237e-01
  vertex 9.0311050e-01 2.6000000e-01 -2.2644556e-01
  vertex 9.0311050e-01 7.0000000e-02 -2.2644556e-01
 endloop
endfacet
facet normal 9.637777e-01 0.000000e+00 -2.667069e-01
 outer loop
  vertex 9.0311050e-01 2.6000000e-01 -2.2644556e-01
  vertex 9.0520500e-01 7.0000000e-02 -2.1887683e-01
  vertex 9.0311050e-01 7.0000000e-02 -2.2644556e-01
 endloop
endfacet
facet normal 9.996987e-01 0.000000e+00 -2.454415e-02
 outer loop
  vertex 9.1000000e-01 2.6000000e-01 -1.8000000e-01
  vertex 9.1000000e-01 7.0000000e-02 -1.8000000e-01
  vertex 9.0980725e-01 2.6000000e-01 -1.8785083e-01
 endloop
endfacet
facet normal 9.996987e-01 0.000000e+00 -2.454415e-02
 outer loop
  vertex 9.0980725e-01 2.6000000e-01 -1.8785083e-01
  vertex 9.1000000e-01 7.0000000e-02 -1.8000000e-01
  vertex 9.0980725e-01 7.0000000e-02 -1.8785083e-01
 endloop
endfacet
facet normal 9.972906e-01 0.000000e+00 -7.356239e-02
 outer loop
  vertex 9.0922955e-01 2.6000000e-01 -1.9568275e-01
  vertex 9.0980725e-01 2.6000000e-01 -1.8785083e-01
  vertex 9.0980725e-01 7.0000000e-02 -1.8785083e-01
 endloop
endfacet
facet normal 9.972906e-01 0.000000e+00 -7.356239e-02
 outer loop
  vertex 9.0922955e-01 7.0000000e-02 -1.9568275e-01
  vertex 9.0922955e-01 2.6000000e-01 -1.9568275e-01
  vertex 9.0980725e-01 7.0000000e-02 -1.8785083e-01
 endloop
endfacet
facet normal 9.924790e-01 0.000000e+00 -1.224152e-01
 outer loop
  vertex 9.0922955e-01 7.0000000e-02 -1.9568275e-01
  vertex 9.0826820e-01 2.6000000e-01 -2.0347688e-01
  vertex 9.0922955e-01 2.6000000e-01 -1.9568275e-01
 endloop
endfacet
facet normal 9.924790e-01 0.000000e+00 -1.224152e-01
 outer loop
  vertex 9.0922955e-01 7.0000000e-02 -1.9568275e-01
  vertex 9.0826820e-01 7.0000000e-02 -2.0347688e-01
  vertex 9.0826820e-01 2.6000000e-01 -2.0347688e-01
 endloop
endfacet
facet normal 9.852776e-01 0.000000e+00 -1.709624e-01
 outer loop
  vertex 9.0826820e-01 2.6000000e-01 -2.0347688e-01
  vertex 9.0826820e-01 7.0000000e-02 -2.0347688e-01
  vertex 9.0692560e-01 2.6000000e-01 -2.1121445e-01
 endloop
endfacet
facet normal 9.852776e-01 0.000000e+00 -1.709624e-01
 outer loop
  vertex 9.0692560e-01 2.6000000e-01 -2.1121445e-01
  vertex 9.0826820e-01 7.0000000e-02 -2.0347688e-01
  vertex 9.0692560e-01 7.0000000e-02 -2.1121445e-01
 endloop
endfacet
facet normal 9.757034e-01 0.000000e+00 -2.190958e-01
 outer loop
  vertex 9.0520500e-01 2.6000000e-01 -2.1887683e-01
  vertex 9.0692560e-01 2.6000000e-01 -2.1121445e-01
  vertex 9.0692560e-01 7.0000000e-02 -2.1121445e-01
 endloop
endfacet
facet normal 9.757034e-01 0.000000e+00 -2.190958e-01
 outer loop
  vertex 9.0520500e-01 7.0000000e-02 -2.1887683e-01
  vertex 9.0520500e-01 2.6000000e-01 -2.1887683e-01
  vertex 9.0692560e-01 7.0000000e-02 -2.1121445e-01
 endloop
endfacet
facet normal 9.637777e-01 0.000000e+00 -2.667069e-01
 outer loop
  vertex 9.0520500e-01 7.0000000e-02 -2.1887683e-01
  vertex 9.0311050e-01 2.6000000e-01 -2.2644556e-01
  vertex 9.0520500e-01 2.6000000e-01 -2.1887683e-01
 endloop
endfacet
facet normal 9.495254e-01 0.000000e+00 -3.136901e-01
 outer loop
  vertex 9.0311050e-01 7.0000000e-02 -2.2644556e-01
  vertex 9.0064703e-01 7.0000000e-02 -2.3390237e-01
  vertex 9.0064703e-01 2.6000000e-01 -2.3390237e-01
 endloop
endfacet
facet normal 9.329944e-01 0.000000e+00 -3.598908e-01
 outer loop
  vertex 9.0064703e-01 2.6000000e-01 -2.3390237e-01
  vertex 9.0064703e-01 7.0000000e-02 -2.3390237e-01
  vertex 8.9782074e-01 2.6000000e-01 -2.4122935e-01
 endloop
endfacet
facet normal 9.329944e-01 0.000000e+00 -3.598908e-01
 outer loop
  vertex 8.9782074e-01 2.6000000e-01 -2.4122935e-01
  vertex 9.0064703e-01 7.0000000e-02 -2.3390237e-01
  vertex 8.9782074e-01 7.0000000e-02 -2.4122935e-01
 endloop
endfacet
facet normal 9.142096e-01 0.000000e+00 -4.052418e-01
 outer loop
  vertex 8.9463830e-01 2.6000000e-01 -2.4840881e-01
  vertex 8.9782074e-01 2.6000000e-01 -2.4122935e-01
  vertex 8.9782074e-01 7.0000000e-02 -2.4122935e-01
 endloop
endfacet
facet normal 9.142096e-01 0.000000e+00 -4.052418e-01
 outer loop
  vertex 8.9463830e-01 7.0000000e-02 -2.4840881e-01
  vertex 8.9463830e-01 2.6000000e-01 -2.4840881e-01
  vertex 8.9782074e-01 7.0000000e-02 -2.4122935e-01
 endloop
endfacet
facet normal 8.932222e-01 0.000000e+00 -4.496156e-01
 outer loop
  vertex 8.9463830e-01 7.0000000e-02 -2.4840881e-01
  vertex 8.9110736e-01 2.6000000e-01 -2.5542350e-01
  vertex 8.9463830e-01 2.6000000e-01 -2.4840881e-01
 endloop
endfacet
facet normal 8.932222e-01 0.000000e+00 -4.496156e-01
 outer loop
  vertex 8.9463830e-01 7.0000000e-02 -2.4840881e-01
  vertex 8.9110736e-01 7.0000000e-02 -2.5542350e-01
  vertex 8.9110736e-01 2.6000000e-01 -2.5542350e-01
 endloop
endfacet
facet normal 8.700899e-01 0.000000e+00 -4.928931e-01
 outer loop
  vertex 8.9110736e-01 2.6000000e-01 -2.5542350e-01
  vertex 8.9110736e-01 7.0000000e-02 -2.5542350e-01
  vertex 8.8723660e-01 2.6000000e-01 -2.6225644e-01
 endloop
endfacet
facet normal 8.700899e-01 0.000000e+00 -4.928931e-01
 outer loop
  vertex 8.8723660e-01 2.6000000e-01 -2.6225644e-01
  vertex 8.9110736e-01 7.0000000e-02 -2.5542350e-01
  vertex 8.8723660e-01 7.0000000e-02 -2.6225644e-01
 endloop
endfacet
facet normal 8.448502e-01 0.000000e+00 -5.350030e-01
 outer loop
  vertex 8.8303510e-01 2.6000000e-01 -2.6889124e-01
  vertex 8.8723660e-01 2.6000000e-01 -2.6225644e-01
  vertex 8.8723660e-01 7.0000000e-02 -2.6225644e-01
 endloop
endfacet
facet normal 8.448502e-01 0.000000e+00 -5.350030e-01
 outer loop
  vertex 8.8303510e-01 7.0000000e-02 -2.6889124e-01
  vertex 8.8303510e-01 2.6000000e-01 -2.6889124e-01
  vertex 8.8723660e-01 7.0000000e-02 -2.6225644e-01
 endloop
endfacet
facet normal 8.175895e-01 0.000000e+00 -5.758015e-01
 outer loop
  vertex 8.7851324e-01 7.0000000e-02 -2.7531190e-01
  vertex 8.7851324e-01 2.6000000e-01 -2.7531190e-01
  vertex 8.8303510e-01 7.0000000e-02 -2.6889124e-01
 endloop
endfacet
facet normal 7.883419e-01 0.000000e+00 -6.152373e-01
 outer loop
  vertex 8.7851324e-01 7.0000000e-02 -2.7531190e-01
  vertex 8.7368164e-01 2.6000000e-01 -2.8150293e-01
  vertex 8.7851324e-01 2.6000000e-01 -2.7531190e-01
 endloop
endfacet
facet normal 7.883419e-01 0.000000e+00 -6.152373e-01
 outer loop
  vertex 8.7851324e-01 7.0000000e-02 -2.7531190e-01
  vertex 8.7368164e-01 7.0000000e-02 -2.8150293e-01
  vertex 8.7368164e-01 2.6000000e-01 -2.8150293e-01
 endloop
endfacet
facet normal 7.572118e-01 0.000000e+00 -6.531695e-01
 outer loop
  vertex 8.7368164e-01 2.6000000e-01 -2.8150293e-01
  vertex 8.7368164e-01 7.0000000e-02 -2.8150293e-01
  vertex 8.6855220e-01 2.6000000e-01 -2.8744943e-01
 endloop
endfacet
facet normal 7.572118e-01 0.000000e+00 -6.531695e-01
 outer loop
  vertex 8.6855220e-01 2.6000000e-01 -2.8744943e-01
  vertex 8.7368164e-01 7.0000000e-02 -2.8150293e-01
  vertex 8.6855220e-01 7.0000000e-02 -2.8744943e-01
 endloop
endfacet
facet normal 7.242478e-01 0.000000e+00 -6.895397e-01
 outer loop
  vertex 8.6313710e-01 2.6000000e-01 -2.9313710e-01
  vertex 8.6855220e-01 2.6000000e-01 -2.8744943e-01
  vertex 8.6855220e-01 7.0000000e-02 -2.8744943e-01
 endloop
endfacet
facet normal 7.242478e-01 0.000000e+00 -6.895397e-01
 outer loop
  vertex 8.6313710e-01 7.0000000e-02 -2.9313710e-01
  vertex 8.6313710e-01 2.6000000e-01 -2.9313710e-01
  vertex 8.6855220e-01 7.0000000e-02 -2.8744943e-01
 endloop
endfacet
facet normal 6.895378e-01 0.000000e+00 -7.242497e-01
 outer loop
  vertex 8.6313710e-01 7.0000000e-02 -2.9313710e-01
  vertex 8.5744940e-01 2.6000000e-01 -2.9855220e-01
  vertex 8.6313710e-01 2.6000000e-01 -2.9313710e-01
 endloop
endfacet
facet normal 6.895378e-01 0.000000e+00 -7.242497e-01
 outer loop
  vertex 8.6313710e-01 7.0000000e-02 -2.9313710e-01
  vertex 8.5744940e-01 7.0000000e-02 -2.9855220e-01
  vertex 8.5744940e-01 2.6000000e-01 -2.9855220e-01
 endloop
endfacet
facet normal 6.531717e-01 0.000000e+00 -7.572099e-01
 outer loop
  vertex 8.5744940e-01 2.6000000e-01 -2.9855220e-01
  vertex 8.5744940e-01 7.0000000e-02 -2.9855220e-01
  vertex 8.5150290e-01 2.6000000e-01 -3.0368167e-01
 endloop
endfacet
facet normal -9.996987e-01 -0.000000e+00 -2.454415e-02
 outer loop
  vertex 5.9019275e-01 2.6000000e-01 -1.8785083e-01
  vertex 5.9019275e-01 7.0000000e-02 -1.8785083e-01
  vertex 5.9000000e-01 7.0000000e-02 -1.8000000e-01
 endloop
endfacet
facet normal 6.152321e-01 0.000000e+00 -7.883460e-01
 outer loop
  vertex 8.4531190e-01 2.6000000e-01 -3.0851318e-01
  vertex 8.5150290e-01 7.0000000e-02 -3.0368167e-01
  vertex 8.4531190e-01 7.0000000e-02 -3.0851318e-01
 endloop
endfacet
facet normal 5.349952e-01 0.000000e+00 -8.448551e-01
 outer loop
  vertex 8.3889124e-01 2.6000000e-01 -3.1303513e-01
  vertex 8.3889124e-01 7.0000000e-02 -3.1303513e-01
  vertex 8.3225640e-01 2.6000000e-01 -3.1723657e-01
 endloop
endfacet
facet normal 4.928999e-01 0.000000e+00 -8.700860e-01
 outer loop
  vertex 8.3225640e-01 7.0000000e-02 -3.1723657e-01
  vertex 8.2542346e-01 7.0000000e-02 -3.2110740e-01
  vertex 8.2542346e-01 2.6000000e-01 -3.2110740e-01
 endloop
endfacet
facet normal 4.052425e-01 0.000000e+00 -9.142092e-01
 outer loop
  vertex 8.1840880e-01 7.0000000e-02 -3.2463828e-01
  vertex 8.1122940e-01 2.6000000e-01 -3.2782070e-01
  vertex 8.1840880e-01 2.6000000e-01 -3.2463828e-01
 endloop
endfacet
facet normal 3.598977e-01 0.000000e+00 -9.329918e-01
 outer loop
  vertex 8.0390240e-01 7.0000000e-02 -3.3064706e-01
  vertex 8.0390240e-01 2.6000000e-01 -3.3064706e-01
  vertex 8.1122940e-01 7.0000000e-02 -3.2782070e-01
 endloop
endfacet
facet normal 2.667140e-01 0.000000e+00 -9.637757e-01
 outer loop
  vertex 7.8887683e-01 2.6000000e-01 -3.3520500e-01
  vertex 7.9644556e-01 2.6000000e-01 -3.3311044e-01
  vertex 7.9644556e-01 7.0000000e-02 -3.3311044e-01
 endloop
endfacet
facet normal 2.191044e-01 0.000000e+00 -9.757014e-01
 outer loop
  vertex 7.8121450e-01 2.6000000e-01 -3.3692566e-01
  vertex 7.8887683e-01 7.0000000e-02 -3.3520500e-01
  vertex 7.8121450e-01 7.0000000e-02 -3.3692566e-01
 endloop
endfacet
facet normal 1.224084e-01 0.000000e+00 -9.924798e-01
 outer loop
  vertex 7.7347690e-01 2.6000000e-01 -3.3826825e-01
  vertex 7.7347690e-01 7.0000000e-02 -3.3826825e-01
  vertex 7.6568274e-01 2.6000000e-01 -3.3922955e-01
 endloop
endfacet
facet normal 7.356601e-02 0.000000e+00 -9.972904e-01
 outer loop
  vertex 7.6568274e-01 7.0000000e-02 -3.3922955e-01
  vertex 7.5785080e-01 7.0000000e-02 -3.3980728e-01
  vertex 7.5785080e-01 2.6000000e-01 -3.3980728e-01
 endloop
endfacet
facet normal -2.454042e-02 0.000000e+00 -9.996988e-01
 outer loop
  vertex 7.5000000e-01 7.0000000e-02 -3.4000000e-01
  vertex 7.4214920e-01 2.6000000e-01 -3.3980728e-01
  vertex 7.5000000e-01 2.6000000e-01 -3.4000000e-01
 endloop
endfacet
facet normal -7.356601e-02 0.000000e+00 -9.972904e-01
 outer loop
  vertex 7.3431726e-01 7.0000000e-02 -3.3922955e-01
  vertex 7.3431726e-01 2.6000000e-01 -3.3922955e-01
  vertex 7.4214920e-01 7.0000000e-02 -3.3980728e-01
 endloop
endfacet
facet normal -1.709605e-01 0.000000e+00 -9.852779e-01
 outer loop
  vertex 7.1878550e-01 2.6000000e-01 -3.3692566e-01
  vertex 7.2652310e-01 2.6000000e-01 -3.3826825e-01
  vertex 7.2652310e-01 7.0000000e-02 -3.3826825e-01
 endloop
endfacet
facet normal -2.191044e-01 -0.000000e+00 -9.757014e-01
 outer loop
  vertex 7.1112317e-01 2.6000000e-01 -3.3520500e-01
  vertex 7.1878550e-01 7.0000000e-02 -3.3692566e-01
  vertex 7.1112317e-01 7.0000000e-02 -3.3520500e-01
 endloop
endfacet
facet normal -3.136786e-01 -0.000000e+00 -9.495292e-01
 outer loop
  vertex 7.0355444e-01 2.6000000e-01 -3.3311044e-01
  vertex 7.0355444e-01 7.0000000e-02 -3.3311044e-01
  vertex 6.9609760e-01 2.6000000e-01 -3.3064706e-01
 endloop
endfacet
facet normal -3.598977e-01 0.000000e+00 -9.329918e-01
 outer loop
  vertex 6.9609760e-01 7.0000000e-02 -3.3064706e-01
  vertex 6.8877060e-01 7.0000000e-02 -3.2782070e-01
  vertex 6.8877060e-01 2.6000000e-01 -3.2782070e-01
 endloop
endfacet
facet normal -4.496110e-01 0.000000e+00 -8.932245e-01
 outer loop
  vertex 6.8159120e-01 7.0000000e-02 -3.2463828e-01
  vertex 6.7457654e-01 2.6000000e-01 -3.2110740e-01
  vertex 6.8159120e-01 2.6000000e-01 -3.2463828e-01
 endloop
endfacet
facet normal -4.928999e-01 0.000000e+00 -8.700860e-01
 outer loop
  vertex 6.6774360e-01 7.0000000e-02 -3.1723657e-01
  vertex 6.6774360e-01 2.6000000e-01 -3.1723657e-01
  vertex 6.7457654e-01 7.0000000e-02 -3.2110740e-01
 endloop
endfacet
facet normal -5.758091e-01 0.000000e+00 -8.175842e-01
 outer loop
  vertex 6.5468810e-01 2.6000000e-01 -3.0851318e-01
  vertex 6.6110876e-01 2.6000000e-01 -3.1303513e-01
  vertex 6.6110876e-01 7.0000000e-02 -3.1303513e-01
 endloop
endfacet
facet normal -6.152321e-01 -0.000000e+00 -7.883460e-01
 outer loop
  vertex 6.4849710e-01 2.6000000e-01 -3.0368167e-01
  vertex 6.5468810e-01 7.0000000e-02 -3.0851318e-01
  vertex 6.4849710e-01 7.0000000e-02 -3.0368167e-01
 endloop
endfacet
facet normal -6.895378e-01 -0.000000e+00 -7.242497e-01
 outer loop
  vertex 6.4255060e-01 2.6000000e-01 -2.9855220e-01
  vertex 6.4255060e-01 7.0000000e-02 -2.9855220e-01
  vertex 6.3686290e-01 2.6000000e-01 -2.9313710e-01
 endloop
endfacet
facet normal -7.242478e-01 0.000000e+00 -6.895397e-01
 outer loop
  vertex 6.3686290e-01 7.0000000e-02 -2.9313710e-01
  vertex 6.3144780e-01 7.0000000e-02 -2.8744943e-01
  vertex 6.3144780e-01 2.6000000e-01 -2.8744943e-01
 endloop
endfacet
facet normal -7.883419e-01 0.000000e+00 -6.152373e-01
 outer loop
  vertex 6.2631836e-01 7.0000000e-02 -2.8150293e-01
  vertex 6.2148676e-01 2.6000000e-01 -2.7531190e-01
  vertex 6.2631836e-01 2.6000000e-01 -2.8150293e-01
 endloop
endfacet
facet normal -8.175895e-01 0.000000e+00 -5.758015e-01
 outer loop
  vertex 6.1696490e-01 7.0000000e-02 -2.6889124e-01
  vertex 6.1696490e-01 2.6000000e-01 -2.6889124e-01
  vertex 6.2148676e-01 7.0000000e-02 -2.7531190e-01
 endloop
endfacet
facet normal -8.700899e-01 0.000000e+00 -4.928931e-01
 outer loop
  vertex 6.0889264e-01 2.6000000e-01 -2.5542350e-01
  vertex 6.1276340e-01 2.6000000e-01 -2.6225644e-01
  vertex 6.1276340e-01 7.0000000e-02 -2.6225644e-01
 endloop
endfacet
facet normal -8.932222e-01 -0.000000e+00 -4.496156e-01
 outer loop
  vertex 6.0536170e-01 2.6000000e-01 -2.4840881e-01
  vertex 6.0889264e-01 7.0000000e-02 -2.5542350e-01
  vertex 6.0536170e-01 7.0000000e-02 -2.4840881e-01
 endloop
endfacet
facet normal -9.329944e-01 -0.000000e+00 -3.598908e-01
 outer loop
  vertex 6.0217926e-01 2.6000000e-01 -2.4122935e-01
  vertex 6.0217926e-01 7.0000000e-02 -2.4122935e-01
  vertex 5.9935297e-01 2.6000000e-01 -2.3390237e-01
 endloop
endfacet
facet normal -9.495254e-01 0.000000e+00 -3.136901e-01
 outer loop
  vertex 5.9935297e-01 7.0000000e-02 -2.3390237e-01
  vertex 5.9688950e-01 7.0000000e-02 -2.2644556e-01
  vertex 5.9688950e-01 2.6000000e-01 -2.2644556e-01
 endloop
endfacet
facet normal -9.757034e-01 0.000000e+00 -2.190958e-01
 outer loop
  vertex 5.9479500e-01 7.0000000e-02 -2.1887683e-01
  vertex 5.9307440e-01 2.6000000e-01 -2.1121445e-01
  vertex 5.9479500e-01 2.6000000e-01 -2.1887683e-01
 endloop
endfacet
facet normal -9.852776e-01 0.000000e+00 -1.709624e-01
 outer loop
  vertex 5.9173180e-01 7.0000000e-02 -2.0347688e-01
  vertex 5.9173180e-01 2.6000000e-01 -2.0347688e-01
  vertex 5.9307440e-01 7.0000000e-02 -2.1121445e-01
 endloop
endfacet
facet normal -9.996987e-01 0.000000e+00 -2.454415e-02
 outer loop
  vertex 5.9019275e-01 2.6000000e-01 -1.8785083e-01
  vertex 5.9000000e-01 7.0000000e-02 -1.8000000e-01
  vertex 5.9000000e-01 2.6000000e-01 -1.8000000e-01
 endloop
endfacet
facet normal -9.972906e-01 0.000000e+00 -7.356239e-02
 outer loop
  vertex 5.9077045e-01 7.0000000e-02 -1.9568275e-01
  vertex 5.9019275e-01 2.6000000e-01 -1.8785083e-01
  vertex 5.9077045e-01 2.6000000e-01 -1.9568275e-01
 endloop
endfacet
facet normal 0.000000e+00 1.000000e+00 0.000000e+00
 outer loop
  vertex 9.0922955e-01 2.6000000e-01 -1.9568275e-01
  vertex 9.1000000e-01 2.6000000e-01 -1.8000000e-01
  vertex 9.0980725e-01 2.6000000e-01 -1.8785083e-01
 endloop
endfacet
facet normal 0.000000e+00 1.000000e+00 0.000000e+00
 outer loop
  vertex 9.0826820e-01 2.6000000e-01 -2.0347688e-01
  vertex 9.1000000e-01 2.6000000e-01 -1.8000000e-01
  vertex 9.0922955e-01 2.6000000e-01 -1.9568275e-01
 endloop
endfacet
facet normal 0.000000e+00 1.000000e+00 0.000000e+00
 outer loop
  vertex 9.0692560e-01 2.6000000e-01 -2.1121445e-01
  vertex 9.1000000e-01 2.6000000e-01 -1.8000000e-01
  vertex 9.0826820e-01 2.6000000e-01 -2.0347688e-01
 endloop
endfacet
facet normal 0.000000e+00 1.000000e+00 0.000000e+00
 outer loop
  vertex 9.0520500e-01 2.6000000e-01 -2.1887683e-01
  vertex 9.1000000e-01 2.6000000e-01 -1.8000000e-01
  vertex 9.0692560e-01 2.6000000e-01 -2.1121445e-01
 endloop
endfacet
facet normal 0.000000e+00 1.000000e+00 0.000000e+00
 outer loop
  vertex 9.0311050e-01 2.6000000e-01 -2.2644556e-01
  vertex 9.1000000e-01 2.6000000e-01 -1.8000000e-01
  vertex 9.0520500e-01 2.6000000e-01 -2.1887683e-01
 endloop
endfacet
facet normal 0.000000e+00 1.000000e+00 0.000000e+00
 outer loop
  vertex 9.0064703e-01 2.6000000e-01 -2.3390237e-01
  vertex 9.1000000e-01 2.6000000e-01 -1.8000000e-01
  vertex 9.0311050e-01 2.6000000e-01 -2.2644556e-01
 endloop
endfacet
facet normal 0.000000e+00 1.000000e+00 0.000000e+00
 outer loop
  vertex 8.9782074e-01 2.6000000e-01 -2.4122935e-01
  vertex 9.1000000e-01 2.6000000e-01 -1.8000000e-01
  vertex 9.0064703e-01 2.6000000e-01 -2.3390237e-01
 endloop
endfacet
facet normal 0.000000e+00 1.000000e+00 0.000000e+00
 outer loop
  vertex 8.9463830e-01 2.6000000e-01 -2.4840881e-01
  vertex 9.1000000e-01 2.6000000e-01 -1.8000000e-01
  vertex 8.9782074e-01 2.6000000e-01 -2.4122935e-01
 endloop
endfacet
facet normal 0.000000e+00 1.000000e+00 0.000000e+00
 outer loop
  vertex 8.9110736e-01 2.6000000e-01 -2.5542350e-01
  vertex 9.1000000e-01 2.6000000e-01 -1.8000000e-01
  vertex 8.9463830e-01 2.6000000e-01 -2.4840881e-01
 endloop
endfacet
facet normal 0.000000e+00 1.000000e+00 0.000000e+00
 outer loop
  vertex 8.8723660e-01 2.6000000e-01 -2.6225644e-01
  vertex 9.1000000e-01 2.6000000e-01 -1.8000000e-01
  vertex 8.9110736e-01 2.6000000e-01 -2.5542350e-01
 endloop
endfacet
facet normal 0.000000e+00 1.000000e+00 0.000000e+00
 outer loop
  vertex 8.8303510e-01 2.6000000e-01 -2.6889124e-01
  vertex 9.1000000e-01 2.6000000e-01 -1.8000000e-01
  vertex 8.8723660e-01 2.6000000e-01 -2.6225644e-01
 endloop
endfacet
facet normal 0.000000e+00 1.000000e+00 0.000000e+00
 outer loop
  vertex 8.7851324e-01 2.6000000e-01 -2.7531190e-01
  vertex 9.1000000e-01 2.6000000e-01 -1.8000000e-01
  vertex 8.8303510e-01 2.6000000e-01 -2.6889124e-01
 endloop
endfacet
facet normal 0.000000e+00 1.000000e+00 0.000000e+00
 outer loop
  vertex 8.7368164e-01 2.6000000e-01 -2.8150293e-01
  vertex 9.1000000e-01 2.6000000e-01 -1.8000000e-01
  vertex 8.7851324e-01 2.6000000e-01 -2.7531190e-01
 endloop
endfacet
facet normal 0.000000e+00 1.000000e+00 0.000000e+00
 outer loop
  vertex 8.6855220e-01 2.6000000e-01 -2.8744943e-01
  vertex 9.1000000e-01 2.6000000e-01 -1.8000000e-01
  vertex 8.7368164e-01 2.6000000e-01 -2.8150293e-01
 endloop
endfacet
facet normal 0.000000e+00 1.000000e+00 0.000000e+00
 outer loop
  vertex 8.6313710e-01 2.6000000e-01 -2.9313710e-01
  vertex 9.1000000e-01 2.6000000e-01 -1.8000000e-01
  vertex 8.6855220e-01 2.6000000e-01 -2.8744943e-01
 endloop
endfacet
facet normal 0.000000e+00 1.000000e+00 0.000000e+00
 outer loop
  vertex 8.5744940e-01 2.6000000e-01 -2.9855220e-01
  vertex 9.1000000e-01 2.6000000e-01 -1.8000000e-01
  vertex 8.6313710e-01 2.6000000e-01 -2.9313710e-01
 endloop
endfacet
facet normal 0.000000e+00 1.000000e+00 0.000000e+00
 outer loop
  vertex 8.5150290e-01 2.6000000e-01 -3.0368167e-01
  vertex 9.1000000e-01 2.6000000e-01 -1.8000000e-01
  vertex 8.5744940e-01 2.6000000e-01 -2.9855220e-01
 endloop
endfacet
facet normal 0.000000e+00 1.000000e+00 0.000000e+00
 outer loop
  vertex 8.4531190e-01 2.6000000e-01 -3.0851318e-01
  vertex 9.1000000e-01 2.6000000e-01 -1.8000000e-01
  vertex 8.5150290e-01 2.6000000e-01 -3.0368167e-01
 endloop
endfacet
facet normal 0.000000e+00 1.000000e+00 0.000000e+00
 outer loop
  vertex 8.3889124e-01 2.6000000e-01 -3.1303513e-01
  vertex 9.1000000e-01 2.6000000e-01 -1.8000000e-01
  vertex 8.4531190e-01 2.6000000e-01 -3.0851318e-01
 endloop
endfacet
facet normal 0.000000e+00 1.000000e+00 0.000000e+00
 outer loop
  vertex 8.3225640e-01 2.6000000e-01 -3.1723657e-01
  vertex 9.1000000e-01 2.6000000e-01 -1.8000000e-01
  vertex 8.3889124e-01 2.6000000e-01 -3.1303513e-01
 endloop
endfacet
facet normal 0.000000e+00 1.000000e+00 0.000000e+00
 outer loop
  vertex 8.2542346e-01 2.6000000e-01 -3.2110740e-01
  vertex 9.1000000e-01 2.6000000e-01 -1.8000000e-01
  vertex 8.3225640e-01 2.6000000e-01 -3.1723657e-01
 endloop
endfacet
facet normal 0.000000e+00 1.000000e+00 0.000000e+00
 outer loop
  vertex 8.1840880e-01 2.6000000e-01 -3.2463828e-01
  vertex 9.1000000e-01 2.6000000e-01 -1.8000000e-01
  vertex 8.2542346e-01 2.6000000e-01 -3.2110740e-01
 endloop
endfacet
facet normal 0.000000e+00 1.000000e+00 0.000000e+00
 outer loop
  vertex 8.1122940e-01 2.6000000e-01 -3.2782070e-01
  vertex 9.1000000e-01 2.6000000e-01 -1.8000000e-01
  vertex 8.1840880e-01 2.6000000e-01 -3.2463828e-01
 endloop
endfacet
facet normal 0.000000e+00 1.000000e+00 -0.000000e+00
 outer loop
  vertex 8.0390240e-01 2.6000000e-01 -3.3064706e-01
  vertex 7.9644556e-01 2.6000000e-01 -3.3311044e-01
  vertex 9.1000000e-01 2.6000000e-01 -1.8000000e-01
 endloop
endfacet
facet normal 0.000000e+00 1.000000e+00 0.000000e+00
 outer loop
  vertex 8.0390240e-01 2.6000000e-01 -3.3064706e-01
  vertex 9.1000000e-01 2.6000000e-01 -1.8000000e-01
  vertex 8.1122940e-01 2.6000000e-01 -3.2782070e-01
 endloop
endfacet
facet normal 0.000000e+00 1.000000e+00 -0.000000e+00
 outer loop
  vertex 7.9644556e-01 2.6000000e-01 -3.3311044e-01
  vertex 7.8887683e-01 2.6000000e-01 -3.3520500e-01
  vertex 9.1000000e-01 2.6000000e-01 -1.8000000e-01
 endloop
endfacet
facet normal 0.000000e+00 1.000000e+00 -0.000000e+00
 outer loop
  vertex 7.8887683e-01 2.6000000e-01 -3.3520500e-01
  vertex 7.8121450e-01 2.6000000e-01 -3.3692566e-01
  vertex 9.1000000e-01 2.6000000e-01 -1.8000000e-01
 endloop
endfacet
facet normal 0.000000e+00 1.000000e+00 -0.000000e+00
 outer loop
  vertex 7.8121450e-01 2.6000000e-01 -3.3692566e-01
  vertex 7.7347690e-01 2.6000000e-01 -3.3826825e-01
  vertex 9.1000000e-01 2.6000000e-01 -1.8000000e-01
 endloop
endfacet
facet normal 0.000000e+00 1.000000e+00 -0.000000e+00
 outer loop
  vertex 7.7347690e-01 2.6000000e-01 -3.3826825e-01
  vertex 7.6568274e-01 2.6000000e-01 -3.3922955e-01
  vertex 9.1000000e-01 2.6000000e-01 -1.8000000e-01
 endloop
endfacet
facet normal 0.000000e+00 1.000000e+00 -0.000000e+00
 outer loop
  vertex 7.6568274e-01 2.6000000e-01 -3.3922955e-01
  vertex 7.5785080e-01 2.6000000e-01 -3.3980728e-01
  vertex 9.1000000e-01 2.6000000e-01 -1.8000000e-01
 endloop
endfacet
facet normal 0.000000e+00 1.000000e+00 -0.000000e+00
 outer loop
  vertex 7.5785080e-01 2.6000000e-01 -3.3980728e-01
  vertex 7.5000000e-01 2.6000000e-01 -3.4000000e-01
  vertex 9.1000000e-01 2.6000000e-01 -1.8000000e-01
 endloop
endfacet
facet normal 0.000000e+00 1.000000e+00 -0.000000e+00
 outer loop
  vertex 7.5000000e-01 2.6000000e-01 -3.4000000e-01
  vertex 7.4214920e-01 2.6000000e-01 -3.3980728e-01
  vertex 9.1000000e-01 2.6000000e-01 -1.8000000e-01
 endloop
endfacet
facet normal 0.000000e+00 1.000000e+00 -0.000000e+00
 outer loop
  vertex 7.4214920e-01 2.6000000e-01 -3.3980728e-01
  vertex 7.3431726e-01 2.6000000e-01 -3.3922955e-01
  vertex 9.1000000e-01 2.6000000e-01 -1.8000000e-01
 endloop
endfacet
facet normal 0.000000e+00 1.000000e+00 -0.000000e+00
 outer loop
  vertex 7.3431726e-01 2.6000000e-01 -3.3922955e-01
  vertex 7.2652310e-01 2.6000000e-01 -3.3826825e-01
  vertex 9.1000000e-01 2.6000000e-01 -1.8000000e-01
 endloop
endfacet
facet normal 0.000000e+00 1.000000e+00 0.000000e+00
 outer loop
  vertex 9.1000000e-01 2.6000000e-01 -1.8000000e-01
  vertex 7.2652310e-01 2.6000000e-01 -3.3826825e-01
  vertex 7.1878550e-01 2.6000000e-01 -3.3692566e-01
 endloop
endfacet
facet normal 0.000000e+00 1.000000e+00 0.000000e+00
 outer loop
  vertex 9.1000000e-01 2.6000000e-01 -1.8000000e-01
  vertex 7.1878550e-01 2.6000000e-01 -3.3692566e-01
  vertex 7.1112317e-01 2.6000000e-01 -3.3520500e-01
 endloop
endfacet
facet normal 0.000000e+00 1.000000e+00 0.000000e+00
 outer loop
  vertex 9.1000000e-01 2.6000000e-01 -1.8000000e-01
  vertex 7.1112317e-01 2.6000000e-01 -3.3520500e-01
  vertex 7.0355444e-01 2.6000000e-01 -3.3311044e-01
 endloop
endfacet
facet normal 0.000000e+00 1.000000e+00 0.000000e+00
 outer loop
  vertex 9.1000000e-01 2.6000000e-01 -1.8000000e-01
  vertex 7.0355444e-01 2.6000000e-01 -3.3311044e-01
  vertex 6.9609760e-01 2.6000000e-01 -3.3064706e-01
 endloop
endfacet
facet normal 0.000000e+00 1.000000e+00 0.000000e+00
 outer loop
  vertex 9.1000000e-01 2.6000000e-01 -1.8000000e-01
  vertex 6.9609760e-01 2.6000000e-01 -3.3064706e-01
  vertex 6.8877060e-01 2.6000000e-01 -3.2782070e-01
 endloop
endfacet
facet normal 0.000000e+00 1.000000e+00 0.000000e+00
 outer loop
  vertex 9.1000000e-01 2.6000000e-01 -1.8000000e-01
  vertex 6.8877060e-01 2.6000000e-01 -3.2782070e-01
  vertex 6.8159120e-01 2.6000000e-01 -3.2463828e-01
 endloop
endfacet
facet normal 0.000000e+00 1.000000e+00 0.000000e+00
 outer loop
  vertex 9.1000000e-01 2.6000000e-01 -1.8000000e-01
  vertex 6.8159120e-01 2.6000000e-01 -3.2463828e-01
  vertex 6.7457654e-01 2.6000000e-01 -3.2110740e-01
 endloop
endfacet
facet normal 0.000000e+00 1.000000e+00 0.000000e+00
 outer loop
  vertex 9.1000000e-01 2.6000000e-01 -1.8000000e-01
  vertex 6.7457654e-01 2.6000000e-01 -3.2110740e-01
  vertex 6.6774360e-01 2.6000000e-01 -3.1723657e-01
 endloop
endfacet
facet normal 0.000000e+00 1.000000e+00 0.000000e+00
 outer loop
  vertex 9.1000000e-01 2.6000000e-01 -1.8000000e-01
  vertex 6.6774360e-01 2.6000000e-01 -3.1723657e-01
  vertex 6.6110876e-01 2.6000000e-01 -3.1303513e-01
 endloop
endfacet
facet normal 0.000000e+00 1.000000e+00 0.000000e+00
 outer loop
  vertex 9.1000000e-01 2.6000000e-01 -1.8000000e-01
  vertex 6.6110876e-01 2.6000000e-01 -3.1303513e-01
  vertex 6.5468810e-01 2.6000000e-01 -3.0851318e-01
 endloop
endfacet
facet normal 0.000000e+00 1.000000e+00 0.000000e+00
 outer loop
  vertex 9.1000000e-01 2.6000000e-01 -1.8000000e-01
  vertex 6.5468810e-01 2.6000000e-01 -3.0851318e-01
  vertex 6.4849710e-01 2.6000000e-01 -3.0368167e-01
 endloop
endfacet
facet normal 0.000000e+00 1.000000e+00 0.000000e+00
 outer loop
  vertex 9.1000000e-01 2.6000000e-01 -1.8000000e-01
  vertex 6.4849710e-01 2.6000000e-01 -3.0368167e-01
  vertex 6.4255060e-01 2.6000000e-01 -2.9855220e-01
 endloop
endfacet
facet normal 0.000000e+00 1.000000e+00 0.000000e+00
 outer loop
  vertex 9.1000000e-01 2.6000000e-01 -1.8000000e-01
  vertex 6.4255060e-01 2.6000000e-01 -2.9855220e-01
  vertex 6.3686290e-01 2.6000000e-01 -2.9313710e-01
 endloop
endfacet
facet normal 0.000000e+00 1.000000e+00 0.000000e+00
 outer loop
  vertex 9.1000000e-01 2.6000000e-01 -1.8000000e-01
  vertex 6.3686290e-01 2.6000000e-01 -2.9313710e-01
  vertex 6.3144780e-01 2.6000000e-01 -2.8744943e-01
 endloop
endfacet
facet normal 0.000000e+00 1.000000e+00 0.000000e+00
 outer loop
  vertex 9.1000000e-01 2.6000000e-01 -1.8000000e-01
  vertex 6.3144780e-01 2.6000000e-01 -2.8744943e-01
  vertex 6.2631836e-01 2.6000000e-01 -2.8150293e-01
 endloop
endfacet
facet normal 0.000000e+00 1.000000e+00 0.000000e+00
 outer loop
  vertex 9.1000000e-01 2.6000000e-01 -1.8000000e-01
  vertex 6.2631836e-01 2.6000000e-01 -2.8150293e-01
  vertex 6.2148676e-01 2.6000000e-01 -2.7531190e-01
 endloop
endfacet
facet normal 0.000000e+00 1.000000e+00 0.000000e+00
 outer loop
  vertex 9.1000000e-01 2.6000000e-01 -1.8000000e-01
  vertex 6.2148676e-01 2.6000000e-01 -2.7531190e-01
  vertex 6.1696490e-01 2.6000000e-01 -2.6889124e-01
 endloop
endfacet
facet normal 0.000000e+00 1.000000e+00 0.000000e+00
 outer loop
  vertex 9.1000000e-01 2.6000000e-01 -1.8000000e-01
  vertex 6.1696490e-01 2.6000000e-01 -2.6889124e-01
  vertex 6.1276340e-01 2.6000000e-01 -2.6225644e-01
 endloop
endfacet
facet normal -0.000000e+00 1.000000e+00 0.000000e+00
 outer loop
  vertex 6.0536170e-01 2.6000000e-01 -2.4840881e-01
  vertex 9.1000000e-01 2.6000000e-01 -1.8000000e-01
  vertex 6.0889264e-01 2.6000000e-01 -2.5542350e-01
 endloop
endfacet
facet normal 0.000000e+00 1.000000e+00 0.000000e+00
 outer loop
  vertex 9.1000000e-01 2.6000000e-01 -1.8000000e-01
  vertex 6.1276340e-01 2.6000000e-01 -2.6225644e-01
  vertex 6.0889264e-01 2.6000000e-01 -2.5542350e-01
 endloop
endfacet
facet normal -0.000000e+00 1.000000e+00 0.000000e+00
 outer loop
  vertex 6.0217926e-01 2.6000000e-01 -2.4122935e-01
  vertex 9.1000000e-01 2.6000000e-01 -1.8000000e-01
  vertex 6.0536170e-01 2.6000000e-01 -2.4840881e-01
 endloop
endfacet
facet normal -0.000000e+00 1.000000e+00 0.000000e+00
 outer loop
  vertex 5.9935297e-01 2.6000000e-01 -2.3390237e-01
  vertex 9.1000000e-01 2.6000000e-01 -1.8000000e-01
  vertex 6.0217926e-01 2.6000000e-01 -2.4122935e-01
 endloop
endfacet
facet normal -0.000000e+00 1.000000e+00 0.000000e+00
 outer loop
  vertex 5.9688950e-01 2.6000000e-01 -2.2644556e-01
  vertex 9.1000000e-01 2.6000000e-01 -1.8000000e-01
  vertex 5.9935297e-01 2.6000000e-01 -2.3390237e-01
 endloop
endfacet
facet normal -0.000000e+00 1.000000e+00 0.000000e+00
 outer loop
  vertex 5.9479500e-01 2.6000000e-01 -2.1887683e-01
  vertex 9.1000000e-01 2.6000000e-01 -1.8000000e-01
  vertex 5.9688950e-01 2.6000000e-01 -2.2644556e-01
 endloop
endfacet
facet normal -0.000000e+00 1.000000e+00 0.000000e+00
 outer loop
  vertex 5.9307440e-01 2.6000000e-01 -2.1121445e-01
  vertex 9.1000000e-01 2.6000000e-01 -1.8000000e-01
  vertex 5.9479500e-01 2.6000000e-01 -2.1887683e-01
 endloop
endfacet
facet normal -0.000000e+00 1.000000e+00 0.000000e+00
 outer loop
  vertex 5.9173180e-01 2.6000000e-01 -2.0347688e-01
  vertex 9.1000000e-01 2.6000000e-01 -1.8000000e-01
  vertex 5.9307440e-01 2.6000000e-01 -2.1121445e-01
 endloop
endfacet
facet normal -0.000000e+00 1.000000e+00 0.000000e+00
 outer loop
  vertex 5.9077045e-01 2.6000000e-01 -1.9568275e-01
  vertex 9.1000000e-01 2.6000000e-01 -1.8000000e-01
  vertex 5.9173180e-01 2.6000000e-01 -2.0347688e-01
 endloop
endfacet
facet normal 0.000000e+00 1.000000e+00 -0.000000e+00
 outer loop
  vertex 5.9019275e-01 2.6000000e-01 -1.8785083e-01
  vertex 5.9000000e-01 2.6000000e-01 -1.8000000e-01
  vertex 9.1000000e-01 2.6000000e-01 -1.8000000e-01
 endloop
endfacet
facet normal 0.000000e+00 1.000000e+00 0.000000e+00
 outer loop
  vertex 5.9000000e-01 2.6000000e-01 -1.8000000e-01
  vertex 5.9019275e-01 2.6000000e-01 -1.7214917e-01
  vertex 9.1000000e-01 2.6000000e-01 -1.8000000e-01
 endloop
endfacet
facet normal -0.000000e+00 1.000000e+00 0.000000e+00
 outer loop
  vertex 5.9019275e-01 2.6000000e-01 -1.7214917e-01
  vertex 5.9077045e-01 2.6000000e-01 -1.6431725e-01
  vertex 9.1000000e-01 2.6000000e-01 -1.8000000e-01
 endloop
endfacet
facet normal -0.000000e+00 1.000000e+00 0.000000e+00
 outer loop
  vertex 5.9077045e-01 2.6000000e-01 -1.6431725e-01
  vertex 5.9173180e-01 2.6000000e-01 -1.5652312e-01
  vertex 9.1000000e-01 2.6000000e-01 -1.8000000e-01
 endloop
endfacet
facet normal 0.000000e+00 1.000000e+00 0.000000e+00
 outer loop
  vertex 9.1000000e-01 2.6000000e-01 -1.8000000e-01
  vertex 5.9173180e-01 2.6000000e-01 -1.5652312e-01
  vertex 5.9307440e-01 2.6000000e-01 -1.4878555e-01
 endloop
endfacet
facet normal 0.000000e+00 1.000000e+00 0.000000e+00
 outer loop
  vertex 9.1000000e-01 2.6000000e-01 -1.8000000e-01
  vertex 5.9307440e-01 2.6000000e-01 -1.4878555e-01
  vertex 5.9479500e-01 2.6000000e-01 -1.4112317e-01
 endloop
endfacet
facet normal 0.000000e+00 1.000000e+00 0.000000e+00
 outer loop
  vertex 9.1000000e-01 2.6000000e-01 -1.8000000e-01
  vertex 5.9479500e-01 2.6000000e-01 -1.4112317e-01
  vertex 5.9688950e-01 2.6000000e-01 -1.3355446e-01
 endloop
endfacet
facet normal 0.000000e+00 1.000000e+00 0.000000e+00
 outer loop
  vertex 9.1000000e-01 2.6000000e-01 -1.8000000e-01
  vertex 5.9688950e-01 2.6000000e-01 -1.3355446e-01
  vertex 5.9935297e-01 2.6000000e-01 -1.2609762e-01
 endloop
endfacet
facet normal 0.000000e+00 1.000000e+00 0.000000e+00
 outer loop
  vertex 9.1000000e-01 2.6000000e-01 -1.8000000e-01
  vertex 5.9935297e-01 2.6000000e-01 -1.2609762e-01
  vertex 6.0217926e-01 2.6000000e-01 -1.1877065e-01
 endloop
endfacet
facet normal 0.000000e+00 1.000000e+00 0.000000e+00
 outer loop
  vertex 9.1000000e-01 2.6000000e-01 -1.8000000e-01
  vertex 6.0217926e-01 2.6000000e-01 -1.1877065e-01
  vertex 6.0536170e-01 2.6000000e-01 -1.1159118e-01
 endloop
endfacet
facet normal 0.000000e+00 1.000000e+00 0.000000e+00
 outer loop
  vertex 9.1000000e-01 2.6000000e-01 -1.8000000e-01
  vertex 6.0536170e-01 2.6000000e-01 -1.1159118e-01
  vertex 6.0889264e-01 2.6000000e-01 -1.0457652e-01
 endloop
endfacet
facet normal 0.000000e+00 1.000000e+00 0.000000e+00
 outer loop
  vertex 9.1000000e-01 2.6000000e-01 -1.8000000e-01
  vertex 6.0889264e-01 2.6000000e-01 -1.0457652e-01
  vertex 6.1276340e-01 2.6000000e-01 -9.7743560e-02
 endloop
endfacet
facet normal 0.000000e+00 1.000000e+00 0.000000e+00
 outer loop
  vertex 9.1000000e-01 2.6000000e-01 -1.8000000e-01
  vertex 6.1276340e-01 2.6000000e-01 -9.7743560e-02
  vertex 6.1696490e-01 2.6000000e-01 -9.1108765e-02
 endloop
endfacet
facet normal 0.000000e+00 1.000000e+00 0.000000e+00
 outer loop
  vertex 9.1000000e-01 2.6000000e-01 -1.8000000e-01
  vertex 6.1696490e-01 2.6000000e-01 -9.1108765e-02
  vertex 6.2148676e-01 2.6000000e-01 -8.4688110e-02
 endloop
endfacet
facet normal 0.000000e+00 1.000000e+00 0.000000e+00
 outer loop
  vertex 9.1000000e-01 2.6000000e-01 -1.8000000e-01
  vertex 6.2148676e-01 2.6000000e-01 -8.4688110e-02
  vertex 6.2631836e-01 2.6000000e-01 -7.8497080e-02
 endloop
endfacet
facet normal 0.000000e+00 1.000000e+00 0.000000e+00
 outer loop
  vertex 9.1000000e-01 2.6000000e-01 -1.8000000e-01
  vertex 6.2631836e-01 2.6000000e-01 -7.8497080e-02
  vertex 6.3144780e-01 2.6000000e-01 -7.2550570e-02
 endloop
endfacet
facet normal 0.000000e+00 1.000000e+00 0.000000e+00
 outer loop
  vertex 9.1000000e-01 2.6000000e-01 -1.8000000e-01
  vertex 6.3144780e-01 2.6000000e-01 -7.2550570e-02
  vertex 6.3686290e-01 2.6000000e-01 -6.6862915e-02
 endloop
endfacet
facet normal 0.000000e+00 1.000000e+00 0.000000e+00
 outer loop
  vertex 9.1000000e-01 2.6000000e-01 -1.8000000e-01
  vertex 6.3686290e-01 2.6000000e-01 -6.6862915e-02
  vertex 6.4255060e-01 2.6000000e-01 -6.1447823e-02
 endloop
endfacet
facet normal 0.000000e+00 1.000000e+00 0.000000e+00
 outer loop
  vertex 9.1000000e-01 2.6000000e-01 -1.8000000e-01
  vertex 6.4255060e-01 2.6000000e-01 -6.1447823e-02
  vertex 6.4849710e-01 2.6000000e-01 -5.6318330e-02
 endloop
endfacet
facet normal 0.000000e+00 1.000000e+00 0.000000e+00
 outer loop
  vertex 9.1000000e-01 2.6000000e-01 -1.8000000e-01
  vertex 6.4849710e-01 2.6000000e-01 -5.6318330e-02
  vertex 6.5468810e-01 2.6000000e-01 -5.1486794e-02
 endloop
endfacet
facet normal 0.000000e+00 1.000000e+00 0.000000e+00
 outer loop
  vertex 9.1000000e-01 2.6000000e-01 -1.8000000e-01
  vertex 6.5468810e-01 2.6000000e-01 -5.1486794e-02
  vertex 6.6110876e-01 2.6000000e-01 -4.6964863e-02
 endloop
endfacet
facet normal 0.000000e+00 1.000000e+00 0.000000e+00
 outer loop
  vertex 9.1000000e-01 2.6000000e-01 -1.8000000e-01
  vertex 6.6110876e-01 2.6000000e-01 -4.6964863e-02
  vertex 6.6774360e-01 2.6000000e-01 -4.2763424e-02
 endloop
endfacet
facet normal 0.000000e+00 1.000000e+00 0.000000e+00
 outer loop
  vertex 6.8159120e-01 2.6000000e-01 -3.5361713e-02
  vertex 9.1000000e-01 2.6000000e-01 -1.8000000e-01
  vertex 6.7457654e-01 2.6000000e-01 -3.8892597e-02
 endloop
endfacet
facet normal 0.000000e+00 1.000000e+00 0.000000e+00
 outer loop
  vertex 9.1000000e-01 2.6000000e-01 -1.8000000e-01
  vertex 6.6774360e-01 2.6000000e-01 -4.2763424e-02
  vertex 6.7457654e-01 2.6000000e-01 -3.8892597e-02
 endloop
endfacet
facet normal 0.000000e+00 1.000000e+00 0.000000e+00
 outer loop
  vertex 6.8877060e-01 2.6000000e-01 -3.2179276e-02
  vertex 9.1000000e-01 2.6000000e-01 -1.8000000e-01
  vertex 6.8159120e-01 2.6000000e-01 -3.5361713e-02
 endloop
endfacet
facet normal 0.000000e+00 1.000000e+00 0.000000e+00
 outer loop
  vertex 6.9609760e-01 2.6000000e-01 -2.9352950e-02
  vertex 9.1000000e-01 2.6000000e-01 -1.8000000e-01
  vertex 6.8877060e-01 2.6000000e-01 -3.2179276e-02
 endloop
endfacet
facet normal 0.000000e+00 1.000000e+00 0.000000e+00
 outer loop
  vertex 7.0355444e-01 2.6000000e-01 -2.6889545e-02
  vertex 9.1000000e-01 2.6000000e-01 -1.8000000e-01
  vertex 6.9609760e-01 2.6000000e-01 -2.9352950e-02
 endloop
endfacet
facet normal 0.000000e+00 1.000000e+00 0.000000e+00
 outer loop
  vertex 7.1112317e-01 2.6000000e-01 -2.4795000e-02
  vertex 9.1000000e-01 2.6000000e-01 -1.8000000e-01
  vertex 7.0355444e-01 2.6000000e-01 -2.6889545e-02
 endloop
endfacet
facet normal 0.000000e+00 1.000000e+00 0.000000e+00
 outer loop
  vertex 7.1878550e-01 2.6000000e-01 -2.3074354e-02
  vertex 9.1000000e-01 2.6000000e-01 -1.8000000e-01
  vertex 7.1112317e-01 2.6000000e-01 -2.4795000e-02
 endloop
endfacet
facet normal 0.000000e+00 1.000000e+00 0.000000e+00
 outer loop
  vertex 7.2652310e-01 2.6000000e-01 -2.1731758e-02
  vertex 9.1000000e-01 2.6000000e-01 -1.8000000e-01
  vertex 7.1878550e-01 2.6000000e-01 -2.3074354e-02
 endloop
endfacet
facet normal 0.000000e+00 1.000000e+00 0.000000e+00
 outer loop
  vertex 7.3431726e-01 2.6000000e-01 -2.0770443e-02
  vertex 9.1000000e-01 2.6000000e-01 -1.8000000e-01
  vertex 7.2652310e-01 2.6000000e-01 -2.1731758e-02
 endloop
endfacet
facet normal 0.000000e+00 1.000000e+00 0.000000e+00
 outer loop
  vertex 7.4214920e-01 2.6000000e-01 -2.0192728e-02
  vertex 9.1000000e-01 2.6000000e-01 -1.8000000e-01
  vertex 7.3431726e-01 2.6000000e-01 -2.0770443e-02
 endloop
endfacet
facet normal 0.000000e+00 1.000000e+00 0.000000e+00
 outer loop
  vertex 7.5000000e-01 2.6000000e-01 -2.0000000e-02
  vertex 9.1000000e-01 2.6000000e-01 -1.8000000e-01
  vertex 7.4214920e-01 2.6000000e-01 -2.0192728e-02
 endloop
endfacet
facet normal 0.000000e+00 1.000000e+00 0.000000e+00
 outer loop
  vertex 7.5785080e-01 2.6000000e-01 -2.0192728e-02
  vertex 9.1000000e-01 2.6000000e-01 -1.8000000e-01
  vertex 7.5000000e-01 2.6000000e-01 -2.0000000e-02
 endloop
endfacet
facet normal 0.000000e+00 1.000000e+00 0.000000e+00
 outer loop
  vertex 7.6568274e-01 2.6000000e-01 -2.0770443e-02
  vertex 9.1000000e-01 2.6000000e-01 -1.8000000e-01
  vertex 7.5785080e-01 2.6000000e-01 -2.0192728e-02
 endloop
endfacet
facet normal 0.000000e+00 1.000000e+00 0.000000e+00
 outer loop
  vertex 7.6568274e-01 2.6000000e-01 -2.0770443e-02
  vertex 7.7347690e-01 2.6000000e-01 -2.1731758e-02
  vertex 9.1000000e-01 2.6000000e-01 -1.8000000e-01
 endloop
endfacet
facet normal 0.000000e+00 1.000000e+00 0.000000e+00
 outer loop
  vertex 7.7347690e-01 2.6000000e-01 -2.1731758e-02
  vertex 7.8121450e-01 2.6000000e-01 -2.3074354e-02
  vertex 9.1000000e-01 2.6000000e-01 -1.8000000e-01
 endloop
endfacet
facet normal 0.000000e+00 1.000000e+00 0.000000e+00
 outer loop
  vertex 7.8121450e-01 2.6000000e-01 -2.3074354e-02
  vertex 7.8887683e-01 2.6000000e-01 -2.4795000e-02
  vertex 9.1000000e-01 2.6000000e-01 -1.8000000e-01
 endloop
endfacet
facet normal 0.000000e+00 1.000000e+00 0.000000e+00
 outer loop
  vertex 7.8887683e-01 2.6000000e-01 -2.4795000e-02
  vertex 7.9644556e-01 2.6000000e-01 -2.6889545e-02
  vertex 9.1000000e-01 2.6000000e-01 -1.8000000e-01
 endloop
endfacet
facet normal 0.000000e+00 1.000000e+00 0.000000e+00
 outer loop
  vertex 7.9644556e-01 2.6000000e-01 -2.6889545e-02
  vertex 8.0390240e-01 2.6000000e-01 -2.9352950e-02
  vertex 9.1000000e-01 2.6000000e-01 -1.8000000e-01
 endloop
endfacet
facet normal 0.000000e+00 1.000000e+00 0.000000e+00
 outer loop
  vertex 8.0390240e-01 2.6000000e-01 -2.9352950e-02
  vertex 8.1122940e-01 2.6000000e-01 -3.2179276e-02
  vertex 9.1000000e-01 2.6000000e-01 -1.8000000e-01
 endloop
endfacet
facet normal 0.000000e+00 1.000000e+00 0.000000e+00
 outer loop
  vertex 8.1122940e-01 2.6000000e-01 -3.2179276e-02
  vertex 8.1840880e-01 2.6000000e-01 -3.5361713e-02
  vertex 9.1000000e-01 2.6000000e-01 -1.8000000e-01
 endloop
endfacet
facet normal 0.000000e+00 1.000000e+00 0.000000e+00
 outer loop
  vertex 8.1840880e-01 2.6000000e-01 -3.5361713e-02
  vertex 8.2542346e-01 2.6000000e-01 -3.8892597e-02
  vertex 9.1000000e-01 2.6000000e-01 -1.8000000e-01
 endloop
endfacet
facet normal 0.000000e+00 1.000000e+00 0.000000e+00
 outer loop
  vertex 8.2542346e-01 2.6000000e-01 -3.8892597e-02
  vertex 8.3225640e-01 2.6000000e-01 -4.2763424e-02
  vertex 9.1000000e-01 2.6000000e-01 -1.8000000e-01
 endloop
endfacet
facet normal 0.000000e+00 1.000000e+00 0.000000e+00
 outer loop
  vertex 8.3225640e-01 2.6000000e-01 -4.2763424e-02
  vertex 8.3889124e-01 2.6000000e-01 -4.6964863e-02
  vertex 9.1000000e-01 2.6000000e-01 -1.8000000e-01
 endloop
endfacet
facet normal 0.000000e+00 1.000000e+00 0.000000e+00
 outer loop
  vertex 8.3889124e-01 2.6000000e-01 -4.6964863e-02
  vertex 8.4531190e-01 2.6000000e-01 -5.1486794e-02
  vertex 9.1000000e-01 2.6000000e-01 -1.8000000e-01
 endloop
endfacet
facet normal 0.000000e+00 1.000000e+00 0.000000e+00
 outer loop
  vertex 8.4531190e-01 2.6000000e-01 -5.1486794e-02
  vertex 8.5150290e-01 2.6000000e-01 -5.6318330e-02
  vertex 9.1000000e-01 2.6000000e-01 -1.8000000e-01
 endloop
endfacet
facet normal 0.000000e+00 1.000000e+00 0.000000e+00
 outer loop
  vertex 8.5150290e-01 2.6000000e-01 -5.6318330e-02
  vertex 8.5744940e-01 2.6000000e-01 -6.1447823e-02
  vertex 9.1000000e-01 2.6000000e-01 -1.8000000e-01
 endloop
endfacet
facet normal 0.000000e+00 1.000000e+00 0.000000e+00
 outer loop
  vertex 8.5744940e-01 2.6000000e-01 -6.1447823e-02
  vertex 8.6313710e-01 2.6000000e-01 -6.6862915e-02
  vertex 9.1000000e-01 2.6000000e-01 -1.8000000e-01
 endloop
endfacet
facet normal 0.000000e+00 1.000000e+00 0.000000e+00
 outer loop
  vertex 8.6313710e-01 2.6000000e-01 -6.6862915e-02
  vertex 8.6855220e-01 2.6000000e-01 -7.2550570e-02
  vertex 9.1000000e-01 2.6000000e-01 -1.8000000e-01
 endloop
endfacet
facet normal 0.000000e+00 1.000000e+00 0.000000e+00
 outer loop
  vertex 8.6855220e-01 2.6000000e-01 -7.2550570e-02
  vertex 8.7368164e-01 2.6000000e-01 -7.8497080e-02
  vertex 9.1000000e-01 2.6000000e-01 -1.8000000e-01
 endloop
endfacet
facet normal 0.000000e+00 1.000000e+00 0.000000e+00
 outer loop
  vertex 8.7368164e-01 2.6000000e-01 -7.8497080e-02
  vertex 8.7851324e-01 2.6000000e-01 -8.4688110e-02
  vertex 9.1000000e-01 2.6000000e-01 -1.8000000e-01
 endloop
endfacet
facet normal 0.000000e+00 1.000000e+00 0.000000e+00
 outer loop
  vertex 8.7851324e-01 2.6000000e-01 -8.4688110e-02
  vertex 8.8303510e-01 2.6000000e-01 -9.1108765e-02
  vertex 9.1000000e-01 2.6000000e-01 -1.8000000e-01
 endloop
endfacet
facet normal 0.000000e+00 1.000000e+00 0.000000e+00
 outer loop
  vertex 9.1000000e-01 2.6000000e-01 -1.8000000e-01
  vertex 8.8723660e-01 2.6000000e-01 -9.7743560e-02
  vertex 8.9110736e-01 2.6000000e-01 -1.0457652e-01
 endloop
endfacet
facet normal 0.000000e+00 1.000000e+00 0.000000e+00
 outer loop
  vertex 8.8303510e-01 2.6000000e-01 -9.1108765e-02
  vertex 8.8723660e-01 2.6000000e-01 -9.7743560e-02
  vertex 9.1000000e-01 2.6000000e-01 -1.8000000e-01
 endloop
endfacet
facet normal 0.000000e+00 1.000000e+00 0.000000e+00
 outer loop
  vertex 9.1000000e-01 2.6000000e-01 -1.8000000e-01
  vertex 8.9110736e-01 2.6000000e-01 -1.0457652e-01
  vertex 8.9463830e-01 2.6000000e-01 -1.1159118e-01
 endloop
endfacet
facet normal 0.000000e+00 1.000000e+00 0.000000e+00
 outer loop
  vertex 9.1000000e-01 2.6000000e-01 -1.8000000e-01
  vertex 8.9463830e-01 2.6000000e-01 -1.1159118e-01
  vertex 8.9782074e-01 2.6000000e-01 -1.1877065e-01
 endloop
endfacet
facet normal 0.000000e+00 1.000000e+00 0.000000e+00
 outer loop
  vertex 9.1000000e-01 2.6000000e-01 -1.8000000e-01
  vertex 8.9782074e-01 2.6000000e-01 -1.1877065e-01
  vertex 9.0064703e-01 2.6000000e-01 -1.2609762e-01
 endloop
endfacet
facet normal 0.000000e+00 1.000000e+00 0.000000e+00
 outer loop
  vertex 9.1000000e-01 2.6000000e-01 -1.8000000e-01
  vertex 9.0064703e-01 2.6000000e-01 -1.2609762e-01
  vertex 9.0311050e-01 2.6000000e-01 -1.3355446e-01
 endloop
endfacet
facet normal 0.000000e+00 1.000000e+00 0.000000e+00
 outer loop
  vertex 9.1000000e-01 2.6000000e-01 -1.8000000e-01
  vertex 9.0311050e-01 2.6000000e-01 -1.3355446e-01
  vertex 9.0520500e-01 2.6000000e-01 -1.4112317e-01
 endloop
endfacet
facet normal 0.000000e+00 1.000000e+00 0.000000e+00
 outer loop
  vertex 9.1000000e-01 2.6000000e-01 -1.8000000e-01
  vertex 9.0520500e-01 2.6000000e-01 -1.4112317e-01
  vertex 9.0692560e-01 2.6000000e-01 -1.4878555e-01
 endloop
endfacet
facet normal 0.000000e+00 1.000000e+00 0.000000e+00
 outer loop
  vertex 9.1000000e-01 2.6000000e-01 -1.8000000e-01
  vertex 9.0692560e-01 2.6000000e-01 -1.4878555e-01
  vertex 9.0826820e-01 2.6000000e-01 -1.5652312e-01
 endloop
endfacet
facet normal 0.000000e+00 1.000000e+00 0.000000e+00
 outer loop
  vertex 9.1000000e-01 2.6000000e-01 -1.8000000e-01
  vertex 9.0826820e-01 2.6000000e-01 -1.5652312e-01
  vertex 9.0922955e-01 2.6000000e-01 -1.6431725e-01
 endloop
endfacet
facet normal 0.000000e+00 1.000000e+00 0.000000e+00
 outer loop
  vertex 9.1000000e-01 2.6000000e-01 -1.8000000e-01
  vertex 9.0922955e-01 2.6000000e-01 -1.6431725e-01
  vertex 9.0980725e-01 2.6000000e-01 -1.7214917e-01
 endloop
endfacet
facet normal -0.000000e+00 1.000000e+00 0.000000e+00
 outer loop
  vertex 5.9019275e-01 2.6000000e-01 -1.8785083e-01
  vertex 9.1000000e-01 2.6000000e-01 -1.8000000e-01
  vertex 5.9077045e-01 2.6000000e-01 -1.9568275e-01
 endloop
endfacet
facet normal 0.000000e+00 -1.000000e+00 0.000000e+00
 outer loop
  vertex 9.0922955e-01 7.0000000e-02 -1.9568275e-01
  vertex 9.0980725e-01 7.0000000e-02 -1.8785083e-01
  vertex 9.1000000e-01 7.0000000e-02 -1.8000000e-01
 endloop
endfacet
facet normal 0.000000e+00 -1.000000e+00 0.000000e+00
 outer loop
  vertex 9.0826820e-01 7.0000000e-02 -2.0347688e-01
  vertex 9.0922955e-01 7.0000000e-02 -1.9568275e-01
  vertex 9.1000000e-01 7.0000000e-02 -1.8000000e-01
 endloop
endfacet
facet normal 0.000000e+00 -1.000000e+00 0.000000e+00
 outer loop
  vertex 9.0692560e-01 7.0000000e-02 -2.1121445e-01
  vertex 9.0826820e-01 7.0000000e-02 -2.0347688e-01
  vertex 9.1000000e-01 7.0000000e-02 -1.8000000e-01
 endloop
endfacet
facet normal 0.000000e+00 -1.000000e+00 0.000000e+00
 outer loop
  vertex 9.0520500e-01 7.0000000e-02 -2.1887683e-01
  vertex 9.0692560e-01 7.0000000e-02 -2.1121445e-01
  vertex 9.1000000e-01 7.0000000e-02 -1.8000000e-01
 endloop
endfacet
facet normal 0.000000e+00 -1.000000e+00 0.000000e+00
 outer loop
  vertex 9.0311050e-01 7.0000000e-02 -2.2644556e-01
  vertex 9.0520500e-01 7.0000000e-02 -2.1887683e-01
  vertex 9.1000000e-01 7.0000000e-02 -1.8000000e-01
 endloop
endfacet
facet normal 0.000000e+00 -1.000000e+00 0.000000e+00
 outer loop
  vertex 9.0064703e-01 7.0000000e-02 -2.3390237e-01
  vertex 9.0311050e-01 7.0000000e-02 -2.2644556e-01
  vertex 9.1000000e-01 7.0000000e-02 -1.8000000e-01
 endloop
endfacet
facet normal 0.000000e+00 -1.000000e+00 0.000000e+00
 outer loop
  vertex 8.9782074e-01 7.0000000e-02 -2.4122935e-01
  vertex 9.0064703e-01 7.0000000e-02 -2.3390237e-01
  vertex 9.1000000e-01 7.0000000e-02 -1.8000000e-01
 endloop
endfacet
facet normal 0.000000e+00 -1.000000e+00 0.000000e+00
 outer loop
  vertex 8.9463830e-01 7.0000000e-02 -2.4840881e-01
  vertex 8.9782074e-01 7.0000000e-02 -2.4122935e-01
  vertex 9.1000000e-01 7.0000000e-02 -1.8000000e-01
 endloop
endfacet
facet normal 0.000000e+00 -1.000000e+00 0.000000e+00
 outer loop
  vertex 8.9110736e-01 7.0000000e-02 -2.5542350e-01
  vertex 8.9463830e-01 7.0000000e-02 -2.4840881e-01
  vertex 9.1000000e-01 7.0000000e-02 -1.8000000e-01
 endloop
endfacet
facet normal 0.000000e+00 -1.000000e+00 0.000000e+00
 outer loop
  vertex 8.8723660e-01 7.0000000e-02 -2.6225644e-01
  vertex 8.9110736e-01 7.0000000e-02 -2.5542350e-01
  vertex 9.1000000e-01 7.0000000e-02 -1.8000000e-01
 endloop
endfacet
facet normal 0.000000e+00 -1.000000e+00 0.000000e+00
 outer loop
  vertex 8.8303510e-01 7.0000000e-02 -2.6889124e-01
  vertex 8.8723660e-01 7.0000000e-02 -2.6225644e-01
  vertex 9.1000000e-01 7.0000000e-02 -1.8000000e-01
 endloop
endfacet
facet normal 0.000000e+00 -1.000000e+00 0.000000e+00
 outer loop
  vertex 8.7851324e-01 7.0000000e-02 -2.7531190e-01
  vertex 8.8303510e-01 7.0000000e-02 -2.6889124e-01
  vertex 9.1000000e-01 7.0000000e-02 -1.8000000e-01
 endloop
endfacet
facet normal 0.000000e+00 -1.000000e+00 0.000000e+00
 outer loop
  vertex 8.7368164e-01 7.0000000e-02 -2.8150293e-01
  vertex 8.7851324e-01 7.0000000e-02 -2.7531190e-01
  vertex 9.1000000e-01 7.0000000e-02 -1.8000000e-01
 endloop
endfacet
facet normal 0.000000e+00 -1.000000e+00 0.000000e+00
 outer loop
  vertex 8.6855220e-01 7.0000000e-02 -2.8744943e-01
  vertex 8.7368164e-01 7.0000000e-02 -2.8150293e-01
  vertex 9.1000000e-01 7.0000000e-02 -1.8000000e-01
 endloop
endfacet
facet normal 0.000000e+00 -1.000000e+00 0.000000e+00
 outer loop
  vertex 8.6313710e-01 7.0000000e-02 -2.9313710e-01
  vertex 8.6855220e-01 7.0000000e-02 -2.8744943e-01
  vertex 9.1000000e-01 7.0000000e-02 -1.8000000e-01
 endloop
endfacet
facet normal 0.000000e+00 -1.000000e+00 0.000000e+00
 outer loop
  vertex 8.5744940e-01 7.0000000e-02 -2.9855220e-01
  vertex 8.6313710e-01 7.0000000e-02 -2.9313710e-01
  vertex 9.1000000e-01 7.0000000e-02 -1.8000000e-01
 endloop
endfacet
facet normal 0.000000e+00 -1.000000e+00 0.000000e+00
 outer loop
  vertex 8.5150290e-01 7.0000000e-02 -3.0368167e-01
  vertex 8.5744940e-01 7.0000000e-02 -2.9855220e-01
  vertex 9.1000000e-01 7.0000000e-02 -1.8000000e-01
 endloop
endfacet
facet normal 0.000000e+00 -1.000000e+00 0.000000e+00
 outer loop
  vertex 8.4531190e-01 7.0000000e-02 -3.0851318e-01
  vertex 8.5150290e-01 7.0000000e-02 -3.0368167e-01
  vertex 9.1000000e-01 7.0000000e-02 -1.8000000e-01
 endloop
endfacet
facet normal 0.000000e+00 -1.000000e+00 0.000000e+00
 outer loop
  vertex 8.3889124e-01 7.0000000e-02 -3.1303513e-01
  vertex 8.4531190e-01 7.0000000e-02 -3.0851318e-01
  vertex 9.1000000e-01 7.0000000e-02 -1.8000000e-01
 endloop
endfacet
facet normal 0.000000e+00 -1.000000e+00 0.000000e+00
 outer loop
  vertex 8.3225640e-01 7.0000000e-02 -3.1723657e-01
  vertex 8.3889124e-01 7.0000000e-02 -3.1303513e-01
  vertex 9.1000000e-01 7.0000000e-02 -1.8000000e-01
 endloop
endfacet
facet normal 0.000000e+00 -1.000000e+00 0.000000e+00
 outer loop
  vertex 8.2542346e-01 7.0000000e-02 -3.2110740e-01
  vertex 8.3225640e-01 7.0000000e-02 -3.1723657e-01
  vertex 9.1000000e-01 7.0000000e-02 -1.8000000e-01
 endloop
endfacet
facet normal 0.000000e+00 -1.000000e+00 0.000000e+00
 outer loop
  vertex 8.1840880e-01 7.0000000e-02 -3.2463828e-01
  vertex 8.2542346e-01 7.0000000e-02 -3.2110740e-01
  vertex 9.1000000e-01 7.0000000e-02 -1.8000000e-01
 endloop
endfacet
facet normal 0.000000e+00 -1.000000e+00 0.000000e+00
 outer loop
  vertex 8.1122940e-01 7.0000000e-02 -3.2782070e-01
  vertex 8.1840880e-01 7.0000000e-02 -3.2463828e-01
  vertex 9.1000000e-01 7.0000000e-02 -1.8000000e-01
 endloop
endfacet
facet normal -0.000000e+00 -1.000000e+00 0.000000e+00
 outer loop
  vertex 8.0390240e-01 7.0000000e-02 -3.3064706e-01
  vertex 9.1000000e-01 7.0000000e-02 -1.8000000e-01
  vertex 7.9644556e-01 7.0000000e-02 -3.3311044e-01
 endloop
endfacet
facet normal 0.000000e+00 -1.000000e+00 0.000000e+00
 outer loop
  vertex 8.0390240e-01 7.0000000e-02 -3.3064706e-01
  vertex 8.1122940e-01 7.0000000e-02 -3.2782070e-01
  vertex 9.1000000e-01 7.0000000e-02 -1.8000000e-01
 endloop
endfacet
facet normal -0.000000e+00 -1.000000e+00 0.000000e+00
 outer loop
  vertex 7.9644556e-01 7.0000000e-02 -3.3311044e-01
  vertex 9.1000000e-01 7.0000000e-02 -1.8000000e-01
  vertex 7.8887683e-01 7.0000000e-02 -3.3520500e-01
 endloop
endfacet
facet normal -0.000000e+00 -1.000000e+00 0.000000e+00
 outer loop
  vertex 7.8887683e-01 7.0000000e-02 -3.3520500e-01
  vertex 9.1000000e-01 7.0000000e-02 -1.8000000e-01
  vertex 7.8121450e-01 7.0000000e-02 -3.3692566e-01
 endloop
endfacet
facet normal -0.000000e+00 -1.000000e+00 0.000000e+00
 outer loop
  vertex 7.8121450e-01 7.0000000e-02 -3.3692566e-01
  vertex 9.1000000e-01 7.0000000e-02 -1.8000000e-01
  vertex 7.7347690e-01 7.0000000e-02 -3.3826825e-01
 endloop
endfacet
facet normal -0.000000e+00 -1.000000e+00 0.000000e+00
 outer loop
  vertex 7.7347690e-01 7.0000000e-02 -3.3826825e-01
  vertex 9.1000000e-01 7.0000000e-02 -1.8000000e-01
  vertex 7.6568274e-01 7.0000000e-02 -3.3922955e-01
 endloop
endfacet
facet normal -0.000000e+00 -1.000000e+00 0.000000e+00
 outer loop
  vertex 7.6568274e-01 7.0000000e-02 -3.3922955e-01
  vertex 9.1000000e-01 7.0000000e-02 -1.8000000e-01
  vertex 7.5785080e-01 7.0000000e-02 -3.3980728e-01
 endloop
endfacet
facet normal -0.000000e+00 -1.000000e+00 0.000000e+00
 outer loop
  vertex 7.5785080e-01 7.0000000e-02 -3.3980728e-01
  vertex 9.1000000e-01 7.0000000e-02 -1.8000000e-01
  vertex 7.5000000e-01 7.0000000e-02 -3.4000000e-01
 endloop
endfacet
facet normal 0.000000e+00 -1.000000e+00 0.000000e+00
 outer loop
  vertex 7.5000000e-01 7.0000000e-02 -3.4000000e-01
  vertex 9.1000000e-01 7.0000000e-02 -1.8000000e-01
  vertex 7.4214920e-01 7.0000000e-02 -3.3980728e-01
 endloop
endfacet
facet normal 0.000000e+00 -1.000000e+00 0.000000e+00
 outer loop
  vertex 7.4214920e-01 7.0000000e-02 -3.3980728e-01
  vertex 9.1000000e-01 7.0000000e-02 -1.8000000e-01
  vertex 7.3431726e-01 7.0000000e-02 -3.3922955e-01
 endloop
endfacet
facet normal 0.000000e+00 -1.000000e+00 0.000000e+00
 outer loop
  vertex 7.3431726e-01 7.0000000e-02 -3.3922955e-01
  vertex 9.1000000e-01 7.0000000e-02 -1.8000000e-01
  vertex 7.2652310e-01 7.0000000e-02 -3.3826825e-01
 endloop
endfacet
facet normal 0.000000e+00 -1.000000e+00 0.000000e+00
 outer loop
  vertex 9.1000000e-01 7.0000000e-02 -1.8000000e-01
  vertex 7.1878550e-01 7.0000000e-02 -3.3692566e-01
  vertex 7.2652310e-01 7.0000000e-02 -3.3826825e-01
 endloop
endfacet
facet normal 0.000000e+00 -1.000000e+00 0.000000e+00
 outer loop
  vertex 9.1000000e-01 7.0000000e-02 -1.8000000e-01
  vertex 7.1112317e-01 7.0000000e-02 -3.3520500e-01
  vertex 7.1878550e-01 7.0000000e-02 -3.3692566e-01
 endloop
endfacet
facet normal 0.000000e+00 -1.000000e+00 0.000000e+00
 outer loop
  vertex 9.1000000e-01 7.0000000e-02 -1.8000000e-01
  vertex 7.0355444e-01 7.0000000e-02 -3.3311044e-01
  vertex 7.1112317e-01 7.0000000e-02 -3.3520500e-01
 endloop
endfacet
facet normal 0.000000e+00 -1.000000e+00 0.000000e+00
 outer loop
  vertex 9.1000000e-01 7.0000000e-02 -1.8000000e-01
  vertex 6.9609760e-01 7.0000000e-02 -3.3064706e-01
  vertex 7.0355444e-01 7.0000000e-02 -3.3311044e-01
 endloop
endfacet
facet normal 0.000000e+00 -1.000000e+00 0.000000e+00
 outer loop
  vertex 9.1000000e-01 7.0000000e-02 -1.8000000e-01
  vertex 6.8877060e-01 7.0000000e-02 -3.2782070e-01
  vertex 6.9609760e-01 7.0000000e-02 -3.3064706e-01
 endloop
endfacet
facet normal 0.000000e+00 -1.000000e+00 0.000000e+00
 outer loop
  vertex 9.1000000e-01 7.0000000e-02 -1.8000000e-01
  vertex 6.8159120e-01 7.0000000e-02 -3.2463828e-01
  vertex 6.8877060e-01 7.0000000e-02 -3.2782070e-01
 endloop
endfacet
facet normal 0.000000e+00 -1.000000e+00 0.000000e+00
 outer loop
  vertex 9.1000000e-01 7.0000000e-02 -1.8000000e-01
  vertex 6.7457654e-01 7.0000000e-02 -3.2110740e-01
  vertex 6.8159120e-01 7.0000000e-02 -3.2463828e-01
 endloop
endfacet
facet normal 0.000000e+00 -1.000000e+00 0.000000e+00
 outer loop
  vertex 9.1000000e-01 7.0000000e-02 -1.8000000e-01
  vertex 6.6774360e-01 7.0000000e-02 -3.1723657e-01
  vertex 6.7457654e-01 7.0000000e-02 -3.2110740e-01
 endloop
endfacet
facet normal 0.000000e+00 -1.000000e+00 0.000000e+00
 outer loop
  vertex 9.1000000e-01 7.0000000e-02 -1.8000000e-01
  vertex 6.6110876e-01 7.0000000e-02 -3.1303513e-01
  vertex 6.6774360e-01 7.0000000e-02 -3.1723657e-01
 endloop
endfacet
facet normal 0.000000e+00 -1.000000e+00 0.000000e+00
 outer loop
  vertex 9.1000000e-01 7.0000000e-02 -1.8000000e-01
  vertex 6.5468810e-01 7.0000000e-02 -3.0851318e-01
  vertex 6.6110876e-01 7.0000000e-02 -3.1303513e-01
 endloop
endfacet
facet normal 0.000000e+00 -1.000000e+00 0.000000e+00
 outer loop
  vertex 9.1000000e-01 7.0000000e-02 -1.8000000e-01
  vertex 6.4849710e-01 7.0000000e-02 -3.0368167e-01
  vertex 6.5468810e-01 7.0000000e-02 -3.0851318e-01
 endloop
endfacet
facet normal 0.000000e+00 -1.000000e+00 0.000000e+00
 outer loop
  vertex 9.1000000e-01 7.0000000e-02 -1.8000000e-01
  vertex 6.4255060e-01 7.0000000e-02 -2.9855220e-01
  vertex 6.4849710e-01 7.0000000e-02 -3.0368167e-01
 endloop
endfacet
facet normal 0.000000e+00 -1.000000e+00 0.000000e+00
 outer loop
  vertex 9.1000000e-01 7.0000000e-02 -1.8000000e-01
  vertex 6.3686290e-01 7.0000000e-02 -2.9313710e-01
  vertex 6.4255060e-01 7.0000000e-02 -2.9855220e-01
 endloop
endfacet
facet normal 0.000000e+00 -1.000000e+00 0.000000e+00
 outer loop
  vertex 9.1000000e-01 7.0000000e-02 -1.8000000e-01
  vertex 6.3144780e-01 7.0000000e-02 -2.8744943e-01
  vertex 6.3686290e-01 7.0000000e-02 -2.9313710e-01
 endloop
endfacet
facet normal 0.000000e+00 -1.000000e+00 0.000000e+00
 outer loop
  vertex 9.1000000e-01 7.0000000e-02 -1.8000000e-01
  vertex 6.2631836e-01 7.0000000e-02 -2.8150293e-01
  vertex 6.3144780e-01 7.0000000e-02 -2.8744943e-01
 endloop
endfacet
facet normal 0.000000e+00 -1.000000e+00 0.000000e+00
 outer loop
  vertex 9.1000000e-01 7.0000000e-02 -1.8000000e-01
  vertex 6.2148676e-01 7.0000000e-02 -2.7531190e-01
  vertex 6.2631836e-01 7.0000000e-02 -2.8150293e-01
 endloop
endfacet
facet normal 0.000000e+00 -1.000000e+00 0.000000e+00
 outer loop
  vertex 9.1000000e-01 7.0000000e-02 -1.8000000e-01
  vertex 6.1696490e-01 7.0000000e-02 -2.6889124e-01
  vertex 6.2148676e-01 7.0000000e-02 -2.7531190e-01
 endloop
endfacet
facet normal 0.000000e+00 -1.000000e+00 0.000000e+00
 outer loop
  vertex 9.1000000e-01 7.0000000e-02 -1.8000000e-01
  vertex 6.1276340e-01 7.0000000e-02 -2.6225644e-01
  vertex 6.1696490e-01 7.0000000e-02 -2.6889124e-01
 endloop
endfacet
facet normal 0.000000e+00 -1.000000e+00 0.000000e+00
 outer loop
  vertex 6.0536170e-01 7.0000000e-02 -2.4840881e-01
  vertex 6.0889264e-01 7.0000000e-02 -2.5542350e-01
  vertex 9.1000000e-01 7.0000000e-02 -1.8000000e-01
 endloop
endfacet
facet normal 0.000000e+00 -1.000000e+00 0.000000e+00
 outer loop
  vertex 9.1000000e-01 7.0000000e-02 -1.8000000e-01
  vertex 6.0889264e-01 7.0000000e-02 -2.5542350e-01
  vertex 6.1276340e-01 7.0000000e-02 -2.6225644e-01
 endloop
endfacet
facet normal 0.000000e+00 -1.000000e+00 0.000000e+00
 outer loop
  vertex 6.0217926e-01 7.0000000e-02 -2.4122935e-01
  vertex 6.0536170e-01 7.0000000e-02 -2.4840881e-01
  vertex 9.1000000e-01 7.0000000e-02 -1.8000000e-01
 endloop
endfacet
facet normal 0.000000e+00 -1.000000e+00 0.000000e+00
 outer loop
  vertex 5.9935297e-01 7.0000000e-02 -2.3390237e-01
  vertex 6.0217926e-01 7.0000000e-02 -2.4122935e-01
  vertex 9.1000000e-01 7.0000000e-02 -1.8000000e-01
 endloop
endfacet
facet normal 0.000000e+00 -1.000000e+00 0.000000e+00
 outer loop
  vertex 5.9688950e-01 7.0000000e-02 -2.2644556e-01
  vertex 5.9935297e-01 7.0000000e-02 -2.3390237e-01
  vertex 9.1000000e-01 7.0000000e-02 -1.8000000e-01
 endloop
endfacet
facet normal 0.000000e+00 -1.000000e+00 0.000000e+00
 outer loop
  vertex 5.9479500e-01 7.0000000e-02 -2.1887683e-01
  vertex 5.9688950e-01 7.0000000e-02 -2.2644556e-01
  vertex 9.1000000e-01 7.0000000e-02 -1.8000000e-01
 endloop
endfacet
facet normal 0.000000e+00 -1.000000e+00 0.000000e+00
 outer loop
  vertex 5.9307440e-01 7.0000000e-02 -2.1121445e-01
  vertex 5.9479500e-01 7.0000000e-02 -2.1887683e-01
  vertex 9.1000000e-01 7.0000000e-02 -1.8000000e-01
 endloop
endfacet
facet normal 0.000000e+00 -1.000000e+00 0.000000e+00
 outer loop
  vertex 5.9173180e-01 7.0000000e-02 -2.0347688e-01
  vertex 5.9307440e-01 7.0000000e-02 -2.1121445e-01
  vertex 9.1000000e-01 7.0000000e-02 -1.8000000e-01
 endloop
endfacet
facet normal 0.000000e+00 -1.000000e+00 0.000000e+00
 outer loop
  vertex 5.9077045e-01 7.0000000e-02 -1.9568275e-01
  vertex 5.9173180e-01 7.0000000e-02 -2.0347688e-01
  vertex 9.1000000e-01 7.0000000e-02 -1.8000000e-01
 endloop
endfacet
facet normal 0.000000e+00 -1.000000e+00 0.000000e+00
 outer loop
  vertex 5.9019275e-01 7.0000000e-02 -1.8785083e-01
  vertex 9.1000000e-01 7.0000000e-02 -1.8000000e-01
  vertex 5.9000000e-01 7.0000000e-02 -1.8000000e-01
 endloop
endfacet
facet normal 0.000000e+00 -1.000000e+00 0.000000e+00
 outer loop
  vertex 5.9000000e-01 7.0000000e-02 -1.8000000e-01
  vertex 9.1000000e-01 7.0000000e-02 -1.8000000e-01
  vertex 5.9019275e-01 7.0000000e-02 -1.7214917e-01
 endloop
endfacet
facet normal 0.000000e+00 -1.000000e+00 0.000000e+00
 outer loop
  vertex 5.9019275e-01 7.0000000e-02 -1.7214917e-01
  vertex 9.1000000e-01 7.0000000e-02 -1.8000000e-01
  vertex 5.9077045e-01 7.0000000e-02 -1.6431725e-01
 endloop
endfacet
facet normal 0.000000e+00 -1.000000e+00 0.000000e+00
 outer loop
  vertex 5.9077045e-01 7.0000000e-02 -1.6431725e-01
  vertex 9.1000000e-01 7.0000000e-02 -1.8000000e-01
  vertex 5.9173180e-01 7.0000000e-02 -1.5652312e-01
 endloop
endfacet
facet normal 0.000000e+00 -1.000000e+00 0.000000e+00
 outer loop
  vertex 9.1000000e-01 7.0000000e-02 -1.8000000e-01
  vertex 5.9307440e-01 7.0000000e-02 -1.4878555e-01
  vertex 5.9173180e-01 7.0000000e-02 -1.5652312e-01
 endloop
endfacet
facet normal 0.000000e+00 -1.000000e+00 0.000000e+00
 outer loop
  vertex 9.1000000e-01 7.0000000e-02 -1.8000000e-01
  vertex 5.9479500e-01 7.0000000e-02 -1.4112317e-01
  vertex 5.9307440e-01 7.0000000e-02 -1.4878555e-01
 endloop
endfacet
facet normal 0.000000e+00 -1.000000e+00 0.000000e+00
 outer loop
  vertex 9.1000000e-01 7.0000000e-02 -1.8000000e-01
  vertex 5.9688950e-01 7.0000000e-02 -1.3355446e-01
  vertex 5.9479500e-01 7.0000000e-02 -1.4112317e-01
 endloop
endfacet
facet normal 0.000000e+00 -1.000000e+00 0.000000e+00
 outer loop
  vertex 9.1000000e-01 7.0000000e-02 -1.8000000e-01
  vertex 5.9935297e-01 7.0000000e-02 -1.2609762e-01
  vertex 5.9688950e-01 7.0000000e-02 -1.3355446e-01
 endloop
endfacet
facet normal 0.000000e+00 -1.000000e+00 0.000000e+00
 outer loop
  vertex 9.1000000e-01 7.0000000e-02 -1.8000000e-01
  vertex 6.0217926e-01 7.0000000e-02 -1.1877065e-01
  vertex 5.9935297e-01 7.0000000e-02 -1.2609762e-01
 endloop
endfacet
facet normal 0.000000e+00 -1.000000e+00 0.000000e+00
 outer loop
  vertex 9.1000000e-01 7.0000000e-02 -1.8000000e-01
  vertex 6.0536170e-01 7.0000000e-02 -1.1159118e-01
  vertex 6.0217926e-01 7.0000000e-02 -1.1877065e-01
 endloop
endfacet
facet normal 0.000000e+00 -1.000000e+00 0.000000e+00
 outer loop
  vertex 9.1000000e-01 7.0000000e-02 -1.8000000e-01
  vertex 6.0889264e-01 7.0000000e-02 -1.0457652e-01
  vertex 6.0536170e-01 7.0000000e-02 -1.1159118e-01
 endloop
endfacet
facet normal 0.000000e+00 -1.000000e+00 0.000000e+00
 outer loop
  vertex 9.1000000e-01 7.0000000e-02 -1.8000000e-01
  vertex 6.1276340e-01 7.0000000e-02 -9.7743560e-02
  vertex 6.0889264e-01 7.0000000e-02 -1.0457652e-01
 endloop
endfacet
facet normal 0.000000e+00 -1.000000e+00 0.000000e+00
 outer loop
  vertex 9.1000000e-01 7.0000000e-02 -1.8000000e-01
  vertex 6.1696490e-01 7.0000000e-02 -9.1108765e-02
  vertex 6.1276340e-01 7.0000000e-02 -9.7743560e-02
 endloop
endfacet
facet normal 0.000000e+00 -1.000000e+00 0.000000e+00
 outer loop
  vertex 9.1000000e-01 7.0000000e-02 -1.8000000e-01
  vertex 6.2148676e-01 7.0000000e-02 -8.4688110e-02
  vertex 6.1696490e-01 7.0000000e-02 -9.1108765e-02
 endloop
endfacet
facet normal 0.000000e+00 -1.000000e+00 0.000000e+00
 outer loop
  vertex 9.1000000e-01 7.0000000e-02 -1.8000000e-01
  vertex 6.2631836e-01 7.0000000e-02 -7.8497080e-02
  vertex 6.2148676e-01 7.0000000e-02 -8.4688110e-02
 endloop
endfacet
facet normal 0.000000e+00 -1.000000e+00 0.000000e+00
 outer loop
  vertex 9.1000000e-01 7.0000000e-02 -1.8000000e-01
  vertex 6.3144780e-01 7.0000000e-02 -7.2550570e-02
  vertex 6.2631836e-01 7.0000000e-02 -7.8497080e-02
 endloop
endfacet
facet normal 0.000000e+00 -1.000000e+00 0.000000e+00
 outer loop
  vertex 9.1000000e-01 7.0000000e-02 -1.8000000e-01
  vertex 6.3686290e-01 7.0000000e-02 -6.6862915e-02
  vertex 6.3144780e-01 7.0000000e-02 -7.2550570e-02
 endloop
endfacet
facet normal 0.000000e+00 -1.000000e+00 0.000000e+00
 outer loop
  vertex 9.1000000e-01 7.0000000e-02 -1.8000000e-01
  vertex 6.4255060e-01 7.0000000e-02 -6.1447823e-02
  vertex 6.3686290e-01 7.0000000e-02 -6.6862915e-02
 endloop
endfacet
facet normal 0.000000e+00 -1.000000e+00 0.000000e+00
 outer loop
  vertex 9.1000000e-01 7.0000000e-02 -1.8000000e-01
  vertex 6.4849710e-01 7.0000000e-02 -5.6318330e-02
  vertex 6.4255060e-01 7.0000000e-02 -6.1447823e-02
 endloop
endfacet
facet normal 0.000000e+00 -1.000000e+00 0.000000e+00
 outer loop
  vertex 9.1000000e-01 7.0000000e-02 -1.8000000e-01
  vertex 6.5468810e-01 7.0000000e-02 -5.1486794e-02
  vertex 6.4849710e-01 7.0000000e-02 -5.6318330e-02
 endloop
endfacet
facet normal 0.000000e+00 -1.000000e+00 0.000000e+00
 outer loop
  vertex 9.1000000e-01 7.0000000e-02 -1.8000000e-01
  vertex 6.6110876e-01 7.0000000e-02 -4.6964863e-02
  vertex 6.5468810e-01 7.0000000e-02 -5.1486794e-02
 endloop
endfacet
facet normal 0.000000e+00 -1.000000e+00 0.000000e+00
 outer loop
  vertex 9.1000000e-01 7.0000000e-02 -1.8000000e-01
  vertex 6.6774360e-01 7.0000000e-02 -4.2763424e-02
  vertex 6.6110876e-01 7.0000000e-02 -4.6964863e-02
 endloop
endfacet
facet normal 0.000000e+00 -1.000000e+00 -0.000000e+00
 outer loop
  vertex 6.8159120e-01 7.0000000e-02 -3.5361713e-02
  vertex 6.7457654e-01 7.0000000e-02 -3.8892597e-02
  vertex 9.1000000e-01 7.0000000e-02 -1.8000000e-01
 endloop
endfacet
facet normal 0.000000e+00 -1.000000e+00 0.000000e+00
 outer loop
  vertex 9.1000000e-01 7.0000000e-02 -1.8000000e-01
  vertex 6.7457654e-01 7.0000000e-02 -3.8892597e-02
  vertex 6.6774360e-01 7.0000000e-02 -4.2763424e-02
 endloop
endfacet
facet normal 0.000000e+00 -1.000000e+00 -0.000000e+00
 outer loop
  vertex 6.8877060e-01 7.0000000e-02 -3.2179276e-02
  vertex 6.8159120e-01 7.0000000e-02 -3.5361713e-02
  vertex 9.1000000e-01 7.0000000e-02 -1.8000000e-01
 endloop
endfacet
facet normal 0.000000e+00 -1.000000e+00 -0.000000e+00
 outer loop
  vertex 6.9609760e-01 7.0000000e-02 -2.9352950e-02
  vertex 6.8877060e-01 7.0000000e-02 -3.2179276e-02
  vertex 9.1000000e-01 7.0000000e-02 -1.8000000e-01
 endloop
endfacet
facet normal 0.000000e+00 -1.000000e+00 -0.000000e+00
 outer loop
  vertex 7.0355444e-01 7.0000000e-02 -2.6889545e-02
  vertex 6.9609760e-01 7.0000000e-02 -2.9352950e-02
  vertex 9.1000000e-01 7.0000000e-02 -1.8000000e-01
 endloop
endfacet
facet normal 0.000000e+00 -1.000000e+00 -0.000000e+00
 outer loop
  vertex 7.1112317e-01 7.0000000e-02 -2.4795000e-02
  vertex 7.0355444e-01 7.0000000e-02 -2.6889545e-02
  vertex 9.1000000e-01 7.0000000e-02 -1.8000000e-01
 endloop
endfacet
facet normal 0.000000e+00 -1.000000e+00 -0.000000e+00
 outer loop
  vertex 7.1878550e-01 7.0000000e-02 -2.3074354e-02
  vertex 7.1112317e-01 7.0000000e-02 -2.4795000e-02
  vertex 9.1000000e-01 7.0000000e-02 -1.8000000e-01
 endloop
endfacet
facet normal 0.000000e+00 -1.000000e+00 -0.000000e+00
 outer loop
  vertex 7.2652310e-01 7.0000000e-02 -2.1731758e-02
  vertex 7.1878550e-01 7.0000000e-02 -2.3074354e-02
  vertex 9.1000000e-01 7.0000000e-02 -1.8000000e-01
 endloop
endfacet
facet normal 0.000000e+00 -1.000000e+00 -0.000000e+00
 outer loop
  vertex 7.3431726e-01 7.0000000e-02 -2.0770443e-02
  vertex 7.2652310e-01 7.0000000e-02 -2.1731758e-02
  vertex 9.1000000e-01 7.0000000e-02 -1.8000000e-01
 endloop
endfacet
facet normal 0.000000e+00 -1.000000e+00 -0.000000e+00
 outer loop
  vertex 7.4214920e-01 7.0000000e-02 -2.0192728e-02
  vertex 7.3431726e-01 7.0000000e-02 -2.0770443e-02
  vertex 9.1000000e-01 7.0000000e-02 -1.8000000e-01
 endloop
endfacet
facet normal 0.000000e+00 -1.000000e+00 -0.000000e+00
 outer loop
  vertex 7.5000000e-01 7.0000000e-02 -2.0000000e-02
  vertex 7.4214920e-01 7.0000000e-02 -2.0192728e-02
  vertex 9.1000000e-01 7.0000000e-02 -1.8000000e-01
 endloop
endfacet
facet normal -0.000000e+00 -1.000000e+00 -0.000000e+00
 outer loop
  vertex 7.5785080e-01 7.0000000e-02 -2.0192728e-02
  vertex 7.5000000e-01 7.0000000e-02 -2.0000000e-02
  vertex 9.1000000e-01 7.0000000e-02 -1.8000000e-01
 endloop
endfacet
facet normal -0.000000e+00 -1.000000e+00 -0.000000e+00
 outer loop
  vertex 7.6568274e-01 7.0000000e-02 -2.0770443e-02
  vertex 7.5785080e-01 7.0000000e-02 -2.0192728e-02
  vertex 9.1000000e-01 7.0000000e-02 -1.8000000e-01
 endloop
endfacet
facet normal 0.000000e+00 -1.000000e+00 0.000000e+00
 outer loop
  vertex 7.6568274e-01 7.0000000e-02 -2.0770443e-02
  vertex 9.1000000e-01 7.0000000e-02 -1.8000000e-01
  vertex 7.7347690e-01 7.0000000e-02 -2.1731758e-02
 endloop
endfacet
facet normal 0.000000e+00 -1.000000e+00 0.000000e+00
 outer loop
  vertex 7.7347690e-01 7.0000000e-02 -2.1731758e-02
  vertex 9.1000000e-01 7.0000000e-02 -1.8000000e-01
  vertex 7.8121450e-01 7.0000000e-02 -2.3074354e-02
 endloop
endfacet
facet normal 0.000000e+00 -1.000000e+00 0.000000e+00
 outer loop
  vertex 7.8121450e-01 7.0000000e-02 -2.3074354e-02
  vertex 9.1000000e-01 7.0000000e-02 -1.8000000e-01
  vertex 7.8887683e-01 7.0000000e-02 -2.4795000e-02
 endloop
endfacet
facet normal 0.000000e+00 -1.000000e+00 0.000000e+00
 outer loop
  vertex 7.8887683e-01 7.0000000e-02 -2.4795000e-02
  vertex 9.1000000e-01 7.0000000e-02 -1.8000000e-01
  vertex 7.9644556e-01 7.0000000e-02 -2.6889545e-02
 endloop
endfacet
facet normal 0.000000e+00 -1.000000e+00 0.000000e+00
 outer loop
  vertex 7.9644556e-01 7.0000000e-02 -2.6889545e-02
  vertex 9.1000000e-01 7.0000000e-02 -1.8000000e-01
  vertex 8.0390240e-01 7.0000000e-02 -2.9352950e-02
 endloop
endfacet
facet normal 0.000000e+00 -1.000000e+00 0.000000e+00
 outer loop
  vertex 8.0390240e-01 7.0000000e-02 -2.9352950e-02
  vertex 9.1000000e-01 7.0000000e-02 -1.8000000e-01
  vertex 8.1122940e-01 7.0000000e-02 -3.2179276e-02
 endloop
endfacet
facet normal 0.000000e+00 -1.000000e+00 0.000000e+00
 outer loop
  vertex 8.1122940e-01 7.0000000e-02 -3.2179276e-02
  vertex 9.1000000e-01 7.0000000e-02 -1.8000000e-01
  vertex 8.1840880e-01 7.0000000e-02 -3.5361713e-02
 endloop
endfacet
facet normal 0.000000e+00 -1.000000e+00 0.000000e+00
 outer loop
  vertex 8.1840880e-01 7.0000000e-02 -3.5361713e-02
  vertex 9.1000000e-01 7.0000000e-02 -1.8000000e-01
  vertex 8.2542346e-01 7.0000000e-02 -3.8892597e-02
 endloop
endfacet
facet normal 0.000000e+00 -1.000000e+00 0.000000e+00
 outer loop
  vertex 8.2542346e-01 7.0000000e-02 -3.8892597e-02
  vertex 9.1000000e-01 7.0000000e-02 -1.8000000e-01
  vertex 8.3225640e-01 7.0000000e-02 -4.2763424e-02
 endloop
endfacet
facet normal 0.000000e+00 -1.000000e+00 0.000000e+00
 outer loop
  vertex 8.3225640e-01 7.0000000e-02 -4.2763424e-02
  vertex 9.1000000e-01 7.0000000e-02 -1.8000000e-01
  vertex 8.3889124e-01 7.0000000e-02 -4.6964863e-02
 endloop
endfacet
facet normal 0.000000e+00 -1.000000e+00 0.000000e+00
 outer loop
  vertex 8.3889124e-01 7.0000000e-02 -4.6964863e-02
  vertex 9.1000000e-01 7.0000000e-02 -1.8000000e-01
  vertex 8.4531190e-01 7.0000000e-02 -5.1486794e-02
 endloop
endfacet
facet normal 0.000000e+00 -1.000000e+00 0.000000e+00
 outer loop
  vertex 8.4531190e-01 7.0000000e-02 -5.1486794e-02
  vertex 9.1000000e-01 7.0000000e-02 -1.8000000e-01
  vertex 8.5150290e-01 7.0000000e-02 -5.6318330e-02
 endloop
endfacet
facet normal 0.000000e+00 -1.000000e+00 0.000000e+00
 outer loop
  vertex 8.5150290e-01 7.0000000e-02 -5.6318330e-02
  vertex 9.1000000e-01 7.0000000e-02 -1.8000000e-01
  vertex 8.5744940e-01 7.0000000e-02 -6.1447823e-02
 endloop
endfacet
facet normal 0.000000e+00 -1.000000e+00 0.000000e+00
 outer loop
  vertex 8.5744940e-01 7.0000000e-02 -6.1447823e-02
  vertex 9.1000000e-01 7.0000000e-02 -1.8000000e-01
  vertex 8.6313710e-01 7.0000000e-02 -6.6862915e-02
 endloop
endfacet
facet normal 0.000000e+00 -1.000000e+00 0.000000e+00
 outer loop
  vertex 8.6313710e-01 7.0000000e-02 -6.6862915e-02
  vertex 9.1000000e-01 7.0000000e-02 -1.8000000e-01
  vertex 8.6855220e-01 7.0000000e-02 -7.2550570e-02
 endloop
endfacet
facet normal 0.000000e+00 -1.000000e+00 0.000000e+00
 outer loop
  vertex 8.6855220e-01 7.0000000e-02 -7.2550570e-02
  vertex 9.1000000e-01 7.0000000e-02 -1.8000000e-01
  vertex 8.7368164e-01 7.0000000e-02 -7.8497080e-02
 endloop
endfacet
facet normal 0.000000e+00 -1.000000e+00 0.000000e+00
 outer loop
  vertex 8.7368164e-01 7.0000000e-02 -7.8497080e-02
  vertex 9.1000000e-01 7.0000000e-02 -1.8000000e-01
  vertex 8.7851324e-01 7.0000000e-02 -8.4688110e-02
 endloop
endfacet
facet normal 0.000000e+00 -1.000000e+00 0.000000e+00
 outer loop
  vertex 8.7851324e-01 7.0000000e-02 -8.4688110e-02
  vertex 9.1000000e-01 7.0000000e-02 -1.8000000e-01
  vertex 8.8303510e-01 7.0000000e-02 -9.1108765e-02
 endloop
endfacet
facet normal 0.000000e+00 -1.000000e+00 0.000000e+00
 outer loop
  vertex 9.1000000e-01 7.0000000e-02 -1.8000000e-01
  vertex 8.9110736e-01 7.0000000e-02 -1.0457652e-01
  vertex 8.8723660e-01 7.0000000e-02 -9.7743560e-02
 endloop
endfacet
facet normal 0.000000e+00 -1.000000e+00 0.000000e+00
 outer loop
  vertex 8.8303510e-01 7.0000000e-02 -9.1108765e-02
  vertex 9.1000000e-01 7.0000000e-02 -1.8000000e-01
  vertex 8.8723660e-01 7.0000000e-02 -9.7743560e-02
 endloop
endfacet
facet normal 0.000000e+00 -1.000000e+00 0.000000e+00
 outer loop
  vertex 9.1000000e-01 7.0000000e-02 -1.8000000e-01
  vertex 8.9463830e-01 7.0000000e-02 -1.1159118e-01
  vertex 8.9110736e-01 7.0000000e-02 -1.0457652e-01
 endloop
endfacet
facet normal 0.000000e+00 -1.000000e+00 0.000000e+00
 outer loop
  vertex 9.1000000e-01 7.0000000e-02 -1.8000000e-01
  vertex 8.9782074e-01 7.0000000e-02 -1.1877065e-01
  vertex 8.9463830e-01 7.0000000e-02 -1.1159118e-01
 endloop
endfacet
facet normal 0.000000e+00 -1.000000e+00 0.000000e+00
 outer loop
  vertex 9.1000000e-01 7.0000000e-02 -1.8000000e-01
  vertex 9.0064703e-01 7.0000000e-02 -1.2609762e-01
  vertex 8.9782074e-01 7.0000000e-02 -1.1877065e-01
 endloop
endfacet
facet normal 0.000000e+00 -1.000000e+00 0.000000e+00
 outer loop
  vertex 9.1000000e-01 7.0000000e-02 -1.8000000e-01
  vertex 9.0311050e-01 7.0000000e-02 -1.3355446e-01
  vertex 9.0064703e-01 7.0000000e-02 -1.2609762e-01
 endloop
endfacet
facet normal 0.000000e+00 -1.000000e+00 0.000000e+00
 outer loop
  vertex 9.1000000e-01 7.0000000e-02 -1.8000000e-01
  vertex 9.0520500e-01 7.0000000e-02 -1.4112317e-01
  vertex 9.0311050e-01 7.0000000e-02 -1.3355446e-01
 endloop
endfacet
facet normal 0.000000e+00 -1.000000e+00 0.000000e+00
 outer loop
  vertex 9.1000000e-01 7.0000000e-02 -1.8000000e-01
  vertex 9.0692560e-01 7.0000000e-02 -1.4878555e-01
  vertex 9.0520500e-01 7.0000000e-02 -1.4112317e-01
 endloop
endfacet
facet normal 0.000000e+00 -1.000000e+00 0.000000e+00
 outer loop
  vertex 9.1000000e-01 7.0000000e-02 -1.8000000e-01
  vertex 9.0826820e-01 7.0000000e-02 -1.5652312e-01
  vertex 9.0692560e-01 7.0000000e-02 -1.4878555e-01
 endloop
endfacet
facet normal 0.000000e+00 -1.000000e+00 0.000000e+00
 outer loop
  vertex 9.1000000e-01 7.0000000e-02 -1.8000000e-01
  vertex 9.0922955e-01 7.0000000e-02 -1.6431725e-01
  vertex 9.0826820e-01 7.0000000e-02 -1.5652312e-01
 endloop
endfacet
facet normal 0.000000e+00 -1.000000e+00 0.000000e+00
 outer loop
  vertex 9.1000000e-01 7.0000000e-02 -1.8000000e-01
  vertex 9.0980725e-01 7.0000000e-02 -1.7214917e-01
  vertex 9.0922955e-01 7.0000000e-02 -1.6431725e-01
 endloop
endfacet
facet normal 0.000000e+00 -1.000000e+00 0.000000e+00
 outer loop
  vertex 5.9019275e-01 7.0000000e-02 -1.8785083e-01
  vertex 5.9077045e-01 7.0000000e-02 -1.9568275e-01
  vertex 9.1000000e-01 7.0000000e-02 -1.8000000e-01
 endloop
endfacet
facet normal -9.972906e-01 0.000000e+00 7.356239e-02
 outer loop
  vertex 5.9019275e-01 2.6000000e-01 -1.7214917e-01
  vertex 5.9019275e-01 7.0000000e-02 -1.7214917e-01
  vertex 5.9077045e-01 2.6000000e-01 -1.6431725e-01
 endloop
endfacet
facet normal -9.924790e-01 0.000000e+00 1.224152e-01
 outer loop
  vertex 5.9077045e-01 2.6000000e-01 -1.6431725e-01
  vertex 5.9077045e-01 7.0000000e-02 -1.6431725e-01
  vertex 5.9173180e-01 2.6000000e-01 -1.5652312e-01
 endloop
endfacet
facet normal -9.924790e-01 0.000000e+00 1.224152e-01
 outer loop
  vertex 5.9173180e-01 2.6000000e-01 -1.5652312e-01
  vertex 5.9077045e-01 7.0000000e-02 -1.6431725e-01
  vertex 5.9173180e-01 7.0000000e-02 -1.5652312e-01
 endloop
endfacet
facet normal -9.852776e-01 0.000000e+00 1.709624e-01
 outer loop
  vertex 5.9307440e-01 2.6000000e-01 -1.4878555e-01
  vertex 5.9173180e-01 7.0000000e-02 -1.5652312e-01
  vertex 5.9307440e-01 7.0000000e-02 -1.4878555e-01
 endloop
endfacet
facet normal -9.757034e-01 0.000000e+00 2.190958e-01
 outer loop
  vertex 5.9479500e-01 2.6000000e-01 -1.4112317e-01
  vertex 5.9307440e-01 2.6000000e-01 -1.4878555e-01
  vertex 5.9307440e-01 7.0000000e-02 -1.4878555e-01
 endloop
endfacet
facet normal -9.637775e-01 0.000000e+00 2.667075e-01
 outer loop
  vertex 5.9688950e-01 2.6000000e-01 -1.3355446e-01
  vertex 5.9479500e-01 2.6000000e-01 -1.4112317e-01
  vertex 5.9479500e-01 7.0000000e-02 -1.4112317e-01
 endloop
endfacet
facet normal -9.637775e-01 0.000000e+00 2.667075e-01
 outer loop
  vertex 5.9688950e-01 7.0000000e-02 -1.3355446e-01
  vertex 5.9688950e-01 2.6000000e-01 -1.3355446e-01
  vertex 5.9479500e-01 7.0000000e-02 -1.4112317e-01
 endloop
endfacet
facet normal -9.495258e-01 0.000000e+00 3.136890e-01
 outer loop
  vertex 5.9935297e-01 7.0000000e-02 -1.2609762e-01
  vertex 5.9935297e-01 2.6000000e-01 -1.2609762e-01
  vertex 5.9688950e-01 7.0000000e-02 -1.3355446e-01
 endloop
endfacet
facet normal -9.329943e-01 0.000000e+00 3.598912e-01
 outer loop
  vertex 5.9935297e-01 7.0000000e-02 -1.2609762e-01
  vertex 6.0217926e-01 2.6000000e-01 -1.1877065e-01
  vertex 5.9935297e-01 2.6000000e-01 -1.2609762e-01
 endloop
endfacet
facet normal -9.142098e-01 0.000000e+00 4.052413e-01
 outer loop
  vertex 6.0217926e-01 7.0000000e-02 -1.1877065e-01
  vertex 6.0536170e-01 2.6000000e-01 -1.1159118e-01
  vertex 6.0217926e-01 2.6000000e-01 -1.1877065e-01
 endloop
endfacet
facet normal -9.142098e-01 0.000000e+00 4.052413e-01
 outer loop
  vertex 6.0217926e-01 7.0000000e-02 -1.1877065e-01
  vertex 6.0536170e-01 7.0000000e-02 -1.1159118e-01
  vertex 6.0536170e-01 2.6000000e-01 -1.1159118e-01
 endloop
endfacet
facet normal -8.932214e-01 0.000000e+00 4.496171e-01
 outer loop
  vertex 6.0536170e-01 7.0000000e-02 -1.1159118e-01
  vertex 6.0889264e-01 7.0000000e-02 -1.0457652e-01
  vertex 6.0889264e-01 2.6000000e-01 -1.0457652e-01
 endloop
endfacet
facet normal -8.700905e-01 0.000000e+00 4.928920e-01
 outer loop
  vertex 6.0889264e-01 2.6000000e-01 -1.0457652e-01
  vertex 6.0889264e-01 7.0000000e-02 -1.0457652e-01
  vertex 6.1276340e-01 2.6000000e-01 -9.7743560e-02
 endloop
endfacet
facet normal -8.448500e-01 0.000000e+00 5.350033e-01
 outer loop
  vertex 6.1276340e-01 2.6000000e-01 -9.7743560e-02
  vertex 6.1276340e-01 7.0000000e-02 -9.7743560e-02
  vertex 6.1696490e-01 2.6000000e-01 -9.1108765e-02
 endloop
endfacet
facet normal -8.448500e-01 0.000000e+00 5.350033e-01
 outer loop
  vertex 6.1696490e-01 2.6000000e-01 -9.1108765e-02
  vertex 6.1276340e-01 7.0000000e-02 -9.7743560e-02
  vertex 6.1696490e-01 7.0000000e-02 -9.1108765e-02
 endloop
endfacet
facet normal -8.175893e-01 0.000000e+00 5.758018e-01
 outer loop
  vertex 6.2148676e-01 2.6000000e-01 -8.4688110e-02
  vertex 6.1696490e-01 7.0000000e-02 -9.1108765e-02
  vertex 6.2148676e-01 7.0000000e-02 -8.4688110e-02
 endloop
endfacet
facet normal -7.883419e-01 0.000000e+00 6.152373e-01
 outer loop
  vertex 6.2631836e-01 2.6000000e-01 -7.8497080e-02
  vertex 6.2148676e-01 2.6000000e-01 -8.4688110e-02
  vertex 6.2148676e-01 7.0000000e-02 -8.4688110e-02
 endloop
endfacet
facet normal -7.572123e-01 0.000000e+00 6.531688e-01
 outer loop
  vertex 6.3144780e-01 2.6000000e-01 -7.2550570e-02
  vertex 6.2631836e-01 2.6000000e-01 -7.8497080e-02
  vertex 6.2631836e-01 7.0000000e-02 -7.8497080e-02
 endloop
endfacet
facet normal -7.572123e-01 0.000000e+00 6.531688e-01
 outer loop
  vertex 6.3144780e-01 7.0000000e-02 -7.2550570e-02
  vertex 6.3144780e-01 2.6000000e-01 -7.2550570e-02
  vertex 6.2631836e-01 7.0000000e-02 -7.8497080e-02
 endloop
endfacet
facet normal -7.242469e-01 0.000000e+00 6.895407e-01
 outer loop
  vertex 6.3686290e-01 7.0000000e-02 -6.6862915e-02
  vertex 6.3686290e-01 2.6000000e-01 -6.6862915e-02
  vertex 6.3144780e-01 7.0000000e-02 -7.2550570e-02
 endloop
endfacet
facet normal -6.895373e-01 0.000000e+00 7.242502e-01
 outer loop
  vertex 6.3686290e-01 7.0000000e-02 -6.6862915e-02
  vertex 6.4255060e-01 2.6000000e-01 -6.1447823e-02
  vertex 6.3686290e-01 2.6000000e-01 -6.6862915e-02
 endloop
endfacet
facet normal -6.531733e-01 0.000000e+00 7.572084e-01
 outer loop
  vertex 6.4255060e-01 7.0000000e-02 -6.1447823e-02
  vertex 6.4849710e-01 2.6000000e-01 -5.6318330e-02
  vertex 6.4255060e-01 2.6000000e-01 -6.1447823e-02
 endloop
endfacet
facet normal -6.531733e-01 0.000000e+00 7.572084e-01
 outer loop
  vertex 6.4255060e-01 7.0000000e-02 -6.1447823e-02
  vertex 6.4849710e-01 7.0000000e-02 -5.6318330e-02
  vertex 6.4849710e-01 2.6000000e-01 -5.6318330e-02
 endloop
endfacet
facet normal -6.152341e-01 0.000000e+00 7.883444e-01
 outer loop
  vertex 6.4849710e-01 7.0000000e-02 -5.6318330e-02
  vertex 6.5468810e-01 7.0000000e-02 -5.1486794e-02
  vertex 6.5468810e-01 2.6000000e-01 -5.1486794e-02
 endloop
endfacet
facet normal -5.758075e-01 0.000000e+00 8.175853e-01
 outer loop
  vertex 6.5468810e-01 2.6000000e-01 -5.1486794e-02
  vertex 6.5468810e-01 7.0000000e-02 -5.1486794e-02
  vertex 6.6110876e-01 2.6000000e-01 -4.6964863e-02
 endloop
endfacet
facet normal -5.349952e-01 0.000000e+00 8.448551e-01
 outer loop
  vertex 6.6110876e-01 2.6000000e-01 -4.6964863e-02
  vertex 6.6110876e-01 7.0000000e-02 -4.6964863e-02
  vertex 6.6774360e-01 2.6000000e-01 -4.2763424e-02
 endloop
endfacet
facet normal -5.349952e-01 0.000000e+00 8.448551e-01
 outer loop
  vertex 6.6774360e-01 2.6000000e-01 -4.2763424e-02
  vertex 6.6110876e-01 7.0000000e-02 -4.6964863e-02
  vertex 6.6774360e-01 7.0000000e-02 -4.2763424e-02
 endloop
endfacet
facet normal -4.928996e-01 0.000000e+00 8.700862e-01
 outer loop
  vertex 6.7457654e-01 2.6000000e-01 -3.8892597e-02
  vertex 6.6774360e-01 7.0000000e-02 -4.2763424e-02
  vertex 6.7457654e-01 7.0000000e-02 -3.8892597e-02
 endloop
endfacet
facet normal -4.496114e-01 0.000000e+00 8.932243e-01
 outer loop
  vertex 6.8159120e-01 2.6000000e-01 -3.5361713e-02
  vertex 6.7457654e-01 2.6000000e-01 -3.8892597e-02
  vertex 6.7457654e-01 7.0000000e-02 -3.8892597e-02
 endloop
endfacet
facet normal -4.052443e-01 0.000000e+00 9.142084e-01
 outer loop
  vertex 6.8877060e-01 2.6000000e-01 -3.2179276e-02
  vertex 6.8159120e-01 2.6000000e-01 -3.5361713e-02
  vertex 6.8159120e-01 7.0000000e-02 -3.5361713e-02
 endloop
endfacet
facet normal -4.052443e-01 0.000000e+00 9.142084e-01
 outer loop
  vertex 6.8877060e-01 7.0000000e-02 -3.2179276e-02
  vertex 6.8877060e-01 2.6000000e-01 -3.2179276e-02
  vertex 6.8159120e-01 7.0000000e-02 -3.5361713e-02
 endloop
endfacet
facet normal -3.598940e-01 0.000000e+00 9.329932e-01
 outer loop
  vertex 6.9609760e-01 7.0000000e-02 -2.9352950e-02
  vertex 6.9609760e-01 2.6000000e-01 -2.9352950e-02
  vertex 6.8877060e-01 7.0000000e-02 -3.2179276e-02
 endloop
endfacet
facet normal -3.136815e-01 0.000000e+00 9.495283e-01
 outer loop
  vertex 6.9609760e-01 7.0000000e-02 -2.9352950e-02
  vertex 7.0355444e-01 2.6000000e-01 -2.6889545e-02
  vertex 6.9609760e-01 2.6000000e-01 -2.9352950e-02
 endloop
endfacet
facet normal -2.667122e-01 0.000000e+00 9.637762e-01
 outer loop
  vertex 7.0355444e-01 7.0000000e-02 -2.6889545e-02
  vertex 7.1112317e-01 2.6000000e-01 -2.4795000e-02
  vertex 7.0355444e-01 2.6000000e-01 -2.6889545e-02
 endloop
endfacet
facet normal -2.667122e-01 0.000000e+00 9.637762e-01
 outer loop
  vertex 7.0355444e-01 7.0000000e-02 -2.6889545e-02
  vertex 7.1112317e-01 7.0000000e-02 -2.4795000e-02
  vertex 7.1112317e-01 2.6000000e-01 -2.4795000e-02
 endloop
endfacet
facet normal -2.191027e-01 0.000000e+00 9.757018e-01
 outer loop
  vertex 7.1112317e-01 7.0000000e-02 -2.4795000e-02
  vertex 7.1878550e-01 7.0000000e-02 -2.3074354e-02
  vertex 7.1878550e-01 2.6000000e-01 -2.3074354e-02
 endloop
endfacet
facet normal -1.709613e-01 0.000000e+00 9.852777e-01
 outer loop
  vertex 7.1878550e-01 2.6000000e-01 -2.3074354e-02
  vertex 7.1878550e-01 7.0000000e-02 -2.3074354e-02
  vertex 7.2652310e-01 2.6000000e-01 -2.1731758e-02
 endloop
endfacet
facet normal -1.224103e-01 0.000000e+00 9.924796e-01
 outer loop
  vertex 7.2652310e-01 2.6000000e-01 -2.1731758e-02
  vertex 7.2652310e-01 7.0000000e-02 -2.1731758e-02
  vertex 7.3431726e-01 2.6000000e-01 -2.0770443e-02
 endloop
endfacet
facet normal -1.224103e-01 0.000000e+00 9.924796e-01
 outer loop
  vertex 7.3431726e-01 2.6000000e-01 -2.0770443e-02
  vertex 7.2652310e-01 7.0000000e-02 -2.1731758e-02
  vertex 7.3431726e-01 7.0000000e-02 -2.0770443e-02
 endloop
endfacet
facet normal -7.356411e-02 0.000000e+00 9.972905e-01
 outer loop
  vertex 7.4214920e-01 2.6000000e-01 -2.0192728e-02
  vertex 7.3431726e-01 7.0000000e-02 -2.0770443e-02
  vertex 7.4214920e-01 7.0000000e-02 -2.0192728e-02
 endloop
endfacet
facet normal -2.454144e-02 0.000000e+00 9.996988e-01
 outer loop
  vertex 7.5000000e-01 2.6000000e-01 -2.0000000e-02
  vertex 7.4214920e-01 2.6000000e-01 -2.0192728e-02
  vertex 7.4214920e-01 7.0000000e-02 -2.0192728e-02
 endloop
endfacet
facet normal 2.454144e-02 0.000000e+00 9.996988e-01
 outer loop
  vertex 7.5785080e-01 2.6000000e-01 -2.0192728e-02
  vertex 7.5000000e-01 2.6000000e-01 -2.0000000e-02
  vertex 7.5000000e-01 7.0000000e-02 -2.0000000e-02
 endloop
endfacet
facet normal 2.454144e-02 -0.000000e+00 9.996988e-01
 outer loop
  vertex 7.5785080e-01 7.0000000e-02 -2.0192728e-02
  vertex 7.5785080e-01 2.6000000e-01 -2.0192728e-02
  vertex 7.5000000e-01 7.0000000e-02 -2.0000000e-02
 endloop
endfacet
facet normal 7.356411e-02 -0.000000e+00 9.972905e-01
 outer loop
  vertex 7.6568274e-01 7.0000000e-02 -2.0770443e-02
  vertex 7.6568274e-01 2.6000000e-01 -2.0770443e-02
  vertex 7.5785080e-01 7.0000000e-02 -2.0192728e-02
 endloop
endfacet
facet normal 1.224103e-01 -0.000000e+00 9.924796e-01
 outer loop
  vertex 7.6568274e-01 7.0000000e-02 -2.0770443e-02
  vertex 7.7347690e-01 2.6000000e-01 -2.1731758e-02
  vertex 7.6568274e-01 2.6000000e-01 -2.0770443e-02
 endloop
endfacet
facet normal 1.709613e-01 -0.000000e+00 9.852777e-01
 outer loop
  vertex 7.7347690e-01 7.0000000e-02 -2.1731758e-02
  vertex 7.8121450e-01 2.6000000e-01 -2.3074354e-02
  vertex 7.7347690e-01 2.6000000e-01 -2.1731758e-02
 endloop
endfacet
facet normal 1.709613e-01 0.000000e+00 9.852777e-01
 outer loop
  vertex 7.7347690e-01 7.0000000e-02 -2.1731758e-02
  vertex 7.8121450e-01 7.0000000e-02 -2.3074354e-02
  vertex 7.8121450e-01 2.6000000e-01 -2.3074354e-02
 endloop
endfacet
facet normal 2.191027e-01 0.000000e+00 9.757018e-01
 outer loop
  vertex 7.8121450e-01 7.0000000e-02 -2.3074354e-02
  vertex 7.8887683e-01 7.0000000e-02 -2.4795000e-02
  vertex 7.8887683e-01 2.6000000e-01 -2.4795000e-02
 endloop
endfacet
facet normal 2.667122e-01 0.000000e+00 9.637762e-01
 outer loop
  vertex 7.8887683e-01 2.6000000e-01 -2.4795000e-02
  vertex 7.8887683e-01 7.0000000e-02 -2.4795000e-02
  vertex 7.9644556e-01 2.6000000e-01 -2.6889545e-02
 endloop
endfacet
facet normal 3.136815e-01 0.000000e+00 9.495283e-01
 outer loop
  vertex 7.9644556e-01 2.6000000e-01 -2.6889545e-02
  vertex 7.9644556e-01 7.0000000e-02 -2.6889545e-02
  vertex 8.0390240e-01 2.6000000e-01 -2.9352950e-02
 endloop
endfacet
facet normal 3.136815e-01 0.000000e+00 9.495283e-01
 outer loop
  vertex 8.0390240e-01 2.6000000e-01 -2.9352950e-02
  vertex 7.9644556e-01 7.0000000e-02 -2.6889545e-02
  vertex 8.0390240e-01 7.0000000e-02 -2.9352950e-02
 endloop
endfacet
facet normal 3.598940e-01 0.000000e+00 9.329932e-01
 outer loop
  vertex 8.1122940e-01 2.6000000e-01 -3.2179276e-02
  vertex 8.0390240e-01 7.0000000e-02 -2.9352950e-02
  vertex 8.1122940e-01 7.0000000e-02 -3.2179276e-02
 endloop
endfacet
facet normal 4.052443e-01 0.000000e+00 9.142084e-01
 outer loop
  vertex 8.1840880e-01 2.6000000e-01 -3.5361713e-02
  vertex 8.1122940e-01 2.6000000e-01 -3.2179276e-02
  vertex 8.1122940e-01 7.0000000e-02 -3.2179276e-02
 endloop
endfacet
facet normal 4.496114e-01 0.000000e+00 8.932243e-01
 outer loop
  vertex 8.2542346e-01 2.6000000e-01 -3.8892597e-02
  vertex 8.1840880e-01 2.6000000e-01 -3.5361713e-02
  vertex 8.1840880e-01 7.0000000e-02 -3.5361713e-02
 endloop
endfacet
facet normal 4.496114e-01 -0.000000e+00 8.932243e-01
 outer loop
  vertex 8.2542346e-01 7.0000000e-02 -3.8892597e-02
  vertex 8.2542346e-01 2.6000000e-01 -3.8892597e-02
  vertex 8.1840880e-01 7.0000000e-02 -3.5361713e-02
 endloop
endfacet
facet normal 4.928996e-01 -0.000000e+00 8.700862e-01
 outer loop
  vertex 8.3225640e-01 7.0000000e-02 -4.2763424e-02
  vertex 8.3225640e-01 2.6000000e-01 -4.2763424e-02
  vertex 8.2542346e-01 7.0000000e-02 -3.8892597e-02
 endloop
endfacet
facet normal 5.349952e-01 -0.000000e+00 8.448551e-01
 outer loop
  vertex 8.3225640e-01 7.0000000e-02 -4.2763424e-02
  vertex 8.3889124e-01 2.6000000e-01 -4.6964863e-02
  vertex 8.3225640e-01 2.6000000e-01 -4.2763424e-02
 endloop
endfacet
facet normal 5.758075e-01 -0.000000e+00 8.175853e-01
 outer loop
  vertex 8.3889124e-01 7.0000000e-02 -4.6964863e-02
  vertex 8.4531190e-01 2.6000000e-01 -5.1486794e-02
  vertex 8.3889124e-01 2.6000000e-01 -4.6964863e-02
 endloop
endfacet
facet normal 5.758075e-01 0.000000e+00 8.175853e-01
 outer loop
  vertex 8.3889124e-01 7.0000000e-02 -4.6964863e-02
  vertex 8.4531190e-01 7.0000000e-02 -5.1486794e-02
  vertex 8.4531190e-01 2.6000000e-01 -5.1486794e-02
 endloop
endfacet
facet normal 6.152341e-01 0.000000e+00 7.883444e-01
 outer loop
  vertex 8.4531190e-01 7.0000000e-02 -5.1486794e-02
  vertex 8.5150290e-01 7.0000000e-02 -5.6318330e-02
  vertex 8.5150290e-01 2.6000000e-01 -5.6318330e-02
 endloop
endfacet
facet normal 6.531733e-01 0.000000e+00 7.572084e-01
 outer loop
  vertex 8.5150290e-01 2.6000000e-01 -5.6318330e-02
  vertex 8.5150290e-01 7.0000000e-02 -5.6318330e-02
  vertex 8.5744940e-01 2.6000000e-01 -6.1447823e-02
 endloop
endfacet
facet normal 8.175893e-01 -0.000000e+00 5.758018e-01
 outer loop
  vertex 8.8303510e-01 7.0000000e-02 -9.1108765e-02
  vertex 8.8303510e-01 2.6000000e-01 -9.1108765e-02
  vertex 8.7851324e-01 7.0000000e-02 -8.4688110e-02
 endloop
endfacet
facet normal 9.495258e-01 0.000000e+00 3.136890e-01
 outer loop
  vertex 9.0064703e-01 7.0000000e-02 -1.2609762e-01
  vertex 9.0311050e-01 7.0000000e-02 -1.3355446e-01
  vertex 9.0311050e-01 2.6000000e-01 -1.3355446e-01
 endloop
endfacet
facet normal 9.637775e-01 -0.000000e+00 2.667075e-01
 outer loop
  vertex 9.0311050e-01 7.0000000e-02 -1.3355446e-01
  vertex 9.0520500e-01 2.6000000e-01 -1.4112317e-01
  vertex 9.0311050e-01 2.6000000e-01 -1.3355446e-01
 endloop
endfacet
facet normal 9.996987e-01 -0.000000e+00 2.454415e-02
 outer loop
  vertex 9.1000000e-01 7.0000000e-02 -1.8000000e-01
  vertex 9.1000000e-01 2.6000000e-01 -1.8000000e-01
  vertex 9.0980725e-01 7.0000000e-02 -1.7214917e-01
 endloop
endfacet
facet normal 9.996987e-01 -0.000000e+00 2.454415e-02
 outer loop
  vertex 9.0980725e-01 7.0000000e-02 -1.7214917e-01
  vertex 9.1000000e-01 2.6000000e-01 -1.8000000e-01
  vertex 9.0980725e-01 2.6000000e-01 -1.7214917e-01
 endloop
endfacet
facet normal 9.972906e-01 0.000000e+00 7.356239e-02
 outer loop
  vertex 9.0922955e-01 7.0000000e-02 -1.6431725e-01
  vertex 9.0980725e-01 7.0000000e-02 -1.7214917e-01
  vertex 9.0980725e-01 2.6000000e-01 -1.7214917e-01
 endloop
endfacet
facet normal 9.972906e-01 0.000000e+00 7.356239e-02
 outer loop
  vertex 9.0922955e-01 2.6000000e-01 -1.6431725e-01
  vertex 9.0922955e-01 7.0000000e-02 -1.6431725e-01
  vertex 9.0980725e-01 2.6000000e-01 -1.7214917e-01
 endloop
endfacet
facet normal 9.924790e-01 0.000000e+00 1.224152e-01
 outer loop
  vertex 9.0922955e-01 2.6000000e-01 -1.6431725e-01
  vertex 9.0826820e-01 7.0000000e-02 -1.5652312e-01
  vertex 9.0922955e-01 7.0000000e-02 -1.6431725e-01
 endloop
endfacet
facet normal 9.924790e-01 0.000000e+00 1.224152e-01
 outer loop
  vertex 9.0922955e-01 2.6000000e-01 -1.6431725e-01
  vertex 9.0826820e-01 2.6000000e-01 -1.5652312e-01
  vertex 9.0826820e-01 7.0000000e-02 -1.5652312e-01
 endloop
endfacet
facet normal 9.852776e-01 -0.000000e+00 1.709624e-01
 outer loop
  vertex 9.0826820e-01 7.0000000e-02 -1.5652312e-01
  vertex 9.0826820e-01 2.6000000e-01 -1.5652312e-01
  vertex 9.0692560e-01 7.0000000e-02 -1.4878555e-01
 endloop
endfacet
facet normal 9.852776e-01 -0.000000e+00 1.709624e-01
 outer loop
  vertex 9.0692560e-01 7.0000000e-02 -1.4878555e-01
  vertex 9.0826820e-01 2.6000000e-01 -1.5652312e-01
  vertex 9.0692560e-01 2.6000000e-01 -1.4878555e-01
 endloop
endfacet
facet normal 9.757034e-01 0.000000e+00 2.190958e-01
 outer loop
  vertex 9.0520500e-01 7.0000000e-02 -1.4112317e-01
  vertex 9.0692560e-01 7.0000000e-02 -1.4878555e-01
  vertex 9.0692560e-01 2.6000000e-01 -1.4878555e-01
 endloop
endfacet
facet normal 9.757034e-01 0.000000e+00 2.190958e-01
 outer loop
  vertex 9.0520500e-01 2.6000000e-01 -1.4112317e-01
  vertex 9.0520500e-01 7.0000000e-02 -1.4112317e-01
  vertex 9.0692560e-01 2.6000000e-01 -1.4878555e-01
 endloop
endfacet
facet normal 9.637775e-01 0.000000e+00 2.667075e-01
 outer loop
  vertex 9.0520500e-01 2.6000000e-01 -1.4112317e-01
  vertex 9.0311050e-01 7.0000000e-02 -1.3355446e-01
  vertex 9.0520500e-01 7.0000000e-02 -1.4112317e-01
 endloop
endfacet
facet normal 9.495258e-01 0.000000e+00 3.136890e-01
 outer loop
  vertex 9.0311050e-01 2.6000000e-01 -1.3355446e-01
  vertex 9.0064703e-01 2.6000000e-01 -1.2609762e-01
  vertex 9.0064703e-01 7.0000000e-02 -1.2609762e-01
 endloop
endfacet
facet normal 9.329943e-01 -0.000000e+00 3.598912e-01
 outer loop
  vertex 9.0064703e-01 7.0000000e-02 -1.2609762e-01
  vertex 9.0064703e-01 2.6000000e-01 -1.2609762e-01
  vertex 8.9782074e-01 7.0000000e-02 -1.1877065e-01
 endloop
endfacet
facet normal 9.329943e-01 -0.000000e+00 3.598912e-01
 outer loop
  vertex 8.9782074e-01 7.0000000e-02 -1.1877065e-01
  vertex 9.0064703e-01 2.6000000e-01 -1.2609762e-01
  vertex 8.9782074e-01 2.6000000e-01 -1.1877065e-01
 endloop
endfacet
facet normal 9.142098e-01 0.000000e+00 4.052413e-01
 outer loop
  vertex 8.9463830e-01 7.0000000e-02 -1.1159118e-01
  vertex 8.9782074e-01 7.0000000e-02 -1.1877065e-01
  vertex 8.9782074e-01 2.6000000e-01 -1.1877065e-01
 endloop
endfacet
facet normal 9.142098e-01 0.000000e+00 4.052413e-01
 outer loop
  vertex 8.9463830e-01 2.6000000e-01 -1.1159118e-01
  vertex 8.9463830e-01 7.0000000e-02 -1.1159118e-01
  vertex 8.9782074e-01 2.6000000e-01 -1.1877065e-01
 endloop
endfacet
facet normal 8.932214e-01 0.000000e+00 4.496171e-01
 outer loop
  vertex 8.9463830e-01 2.6000000e-01 -1.1159118e-01
  vertex 8.9110736e-01 7.0000000e-02 -1.0457652e-01
  vertex 8.9463830e-01 7.0000000e-02 -1.1159118e-01
 endloop
endfacet
facet normal 8.932214e-01 0.000000e+00 4.496171e-01
 outer loop
  vertex 8.9463830e-01 2.6000000e-01 -1.1159118e-01
  vertex 8.9110736e-01 2.6000000e-01 -1.0457652e-01
  vertex 8.9110736e-01 7.0000000e-02 -1.0457652e-01
 endloop
endfacet
facet normal 8.700905e-01 -0.000000e+00 4.928920e-01
 outer loop
  vertex 8.9110736e-01 7.0000000e-02 -1.0457652e-01
  vertex 8.9110736e-01 2.6000000e-01 -1.0457652e-01
  vertex 8.8723660e-01 7.0000000e-02 -9.7743560e-02
 endloop
endfacet
facet normal 8.700905e-01 -0.000000e+00 4.928920e-01
 outer loop
  vertex 8.8723660e-01 7.0000000e-02 -9.7743560e-02
  vertex 8.9110736e-01 2.6000000e-01 -1.0457652e-01
  vertex 8.8723660e-01 2.6000000e-01 -9.7743560e-02
 endloop
endfacet
facet normal 8.448500e-01 0.000000e+00 5.350033e-01
 outer loop
  vertex 8.8303510e-01 7.0000000e-02 -9.1108765e-02
  vertex 8.8723660e-01 7.0000000e-02 -9.7743560e-02
  vertex 8.8723660e-01 2.6000000e-01 -9.7743560e-02
 endloop
endfacet
facet normal 8.448500e-01 0.000000e+00 5.350033e-01
 outer loop
  vertex 8.8303510e-01 2.6000000e-01 -9.1108765e-02
  vertex 8.8303510e-01 7.0000000e-02 -9.1108765e-02
  vertex 8.8723660e-01 2.6000000e-01 -9.7743560e-02
 endloop
endfacet
facet normal 8.175893e-01 0.000000e+00 5.758018e-01
 outer loop
  vertex 8.7851324e-01 2.6000000e-01 -8.4688110e-02
  vertex 8.7851324e-01 7.0000000e-02 -8.4688110e-02
  vertex 8.8303510e-01 2.6000000e-01 -9.1108765e-02
 endloop
endfacet
facet normal 7.883419e-01 0.000000e+00 6.152373e-01
 outer loop
  vertex 8.7851324e-01 2.6000000e-01 -8.4688110e-02
  vertex 8.7368164e-01 7.0000000e-02 -7.8497080e-02
  vertex 8.7851324e-01 7.0000000e-02 -8.4688110e-02
 endloop
endfacet
facet normal 7.883419e-01 0.000000e+00 6.152373e-01
 outer loop
  vertex 8.7851324e-01 2.6000000e-01 -8.4688110e-02
  vertex 8.7368164e-01 2.6000000e-01 -7.8497080e-02
  vertex 8.7368164e-01 7.0000000e-02 -7.8497080e-02
 endloop
endfacet
facet normal 7.572123e-01 -0.000000e+00 6.531688e-01
 outer loop
  vertex 8.7368164e-01 7.0000000e-02 -7.8497080e-02
  vertex 8.7368164e-01 2.6000000e-01 -7.8497080e-02
  vertex 8.6855220e-01 7.0000000e-02 -7.2550570e-02
 endloop
endfacet
facet normal 7.572123e-01 -0.000000e+00 6.531688e-01
 outer loop
  vertex 8.6855220e-01 7.0000000e-02 -7.2550570e-02
  vertex 8.7368164e-01 2.6000000e-01 -7.8497080e-02
  vertex 8.6855220e-01 2.6000000e-01 -7.2550570e-02
 endloop
endfacet
facet normal 7.242469e-01 0.000000e+00 6.895407e-01
 outer loop
  vertex 8.6313710e-01 7.0000000e-02 -6.6862915e-02
  vertex 8.6855220e-01 7.0000000e-02 -7.2550570e-02
  vertex 8.6855220e-01 2.6000000e-01 -7.2550570e-02
 endloop
endfacet
facet normal 7.242469e-01 0.000000e+00 6.895407e-01
 outer loop
  vertex 8.6313710e-01 2.6000000e-01 -6.6862915e-02
  vertex 8.6313710e-01 7.0000000e-02 -6.6862915e-02
  vertex 8.6855220e-01 2.6000000e-01 -7.2550570e-02
 endloop
endfacet
facet normal 6.895373e-01 0.000000e+00 7.242502e-01
 outer loop
  vertex 8.6313710e-01 2.6000000e-01 -6.6862915e-02
  vertex 8.5744940e-01 7.0000000e-02 -6.1447823e-02
  vertex 8.6313710e-01 7.0000000e-02 -6.6862915e-02
 endloop
endfacet
facet normal 6.895373e-01 0.000000e+00 7.242502e-01
 outer loop
  vertex 8.6313710e-01 2.6000000e-01 -6.6862915e-02
  vertex 8.5744940e-01 2.6000000e-01 -6.1447823e-02
  vertex 8.5744940e-01 7.0000000e-02 -6.1447823e-02
 endloop
endfacet
facet normal 6.531733e-01 -0.000000e+00 7.572084e-01
 outer loop
  vertex 8.5744940e-01 7.0000000e-02 -6.1447823e-02
  vertex 8.5744940e-01 2.6000000e-01 -6.1447823e-02
  vertex 8.5150290e-01 7.0000000e-02 -5.6318330e-02
 endloop
endfacet
facet normal -9.996987e-01 0.000000e+00 2.454415e-02
 outer loop
  vertex 5.9019275e-01 7.0000000e-02 -1.7214917e-01
  vertex 5.9019275e-01 2.6000000e-01 -1.7214917e-01
  vertex 5.9000000e-01 2.6000000e-01 -1.8000000e-01
 endloop
endfacet
facet normal 6.152341e-01 -0.000000e+00 7.883444e-01
 outer loop
  vertex 8.4531190e-01 7.0000000e-02 -5.1486794e-02
  vertex 8.5150290e-01 2.6000000e-01 -5.6318330e-02
  vertex 8.4531190e-01 2.6000000e-01 -5.1486794e-02
 endloop
endfacet
facet normal 5.349952e-01 -0.000000e+00 8.448551e-01
 outer loop
  vertex 8.3889124e-01 7.0000000e-02 -4.6964863e-02
  vertex 8.3889124e-01 2.6000000e-01 -4.6964863e-02
  vertex 8.3225640e-01 7.0000000e-02 -4.2763424e-02
 endloop
endfacet
facet normal 4.928996e-01 0.000000e+00 8.700862e-01
 outer loop
  vertex 8.3225640e-01 2.6000000e-01 -4.2763424e-02
  vertex 8.2542346e-01 2.6000000e-01 -3.8892597e-02
  vertex 8.2542346e-01 7.0000000e-02 -3.8892597e-02
 endloop
endfacet
facet normal 4.052443e-01 0.000000e+00 9.142084e-01
 outer loop
  vertex 8.1840880e-01 2.6000000e-01 -3.5361713e-02
  vertex 8.1122940e-01 7.0000000e-02 -3.2179276e-02
  vertex 8.1840880e-01 7.0000000e-02 -3.5361713e-02
 endloop
endfacet
facet normal 3.598940e-01 0.000000e+00 9.329932e-01
 outer loop
  vertex 8.0390240e-01 2.6000000e-01 -2.9352950e-02
  vertex 8.0390240e-01 7.0000000e-02 -2.9352950e-02
  vertex 8.1122940e-01 2.6000000e-01 -3.2179276e-02
 endloop
endfacet
facet normal 2.667122e-01 0.000000e+00 9.637762e-01
 outer loop
  vertex 7.8887683e-01 7.0000000e-02 -2.4795000e-02
  vertex 7.9644556e-01 7.0000000e-02 -2.6889545e-02
  vertex 7.9644556e-01 2.6000000e-01 -2.6889545e-02
 endloop
endfacet
facet normal 2.191027e-01 -0.000000e+00 9.757018e-01
 outer loop
  vertex 7.8121450e-01 7.0000000e-02 -2.3074354e-02
  vertex 7.8887683e-01 2.6000000e-01 -2.4795000e-02
  vertex 7.8121450e-01 2.6000000e-01 -2.3074354e-02
 endloop
endfacet
facet normal 1.224103e-01 -0.000000e+00 9.924796e-01
 outer loop
  vertex 7.7347690e-01 7.0000000e-02 -2.1731758e-02
  vertex 7.7347690e-01 2.6000000e-01 -2.1731758e-02
  vertex 7.6568274e-01 7.0000000e-02 -2.0770443e-02
 endloop
endfacet
facet normal 7.356411e-02 0.000000e+00 9.972905e-01
 outer loop
  vertex 7.6568274e-01 2.6000000e-01 -2.0770443e-02
  vertex 7.5785080e-01 2.6000000e-01 -2.0192728e-02
  vertex 7.5785080e-01 7.0000000e-02 -2.0192728e-02
 endloop
endfacet
facet normal -2.454144e-02 0.000000e+00 9.996988e-01
 outer loop
  vertex 7.5000000e-01 2.6000000e-01 -2.0000000e-02
  vertex 7.4214920e-01 7.0000000e-02 -2.0192728e-02
  vertex 7.5000000e-01 7.0000000e-02 -2.0000000e-02
 endloop
endfacet
facet normal -7.356411e-02 0.000000e+00 9.972905e-01
 outer loop
  vertex 7.3431726e-01 2.6000000e-01 -2.0770443e-02
  vertex 7.3431726e-01 7.0000000e-02 -2.0770443e-02
  vertex 7.4214920e-01 2.6000000e-01 -2.0192728e-02
 endloop
endfacet
facet normal -1.709613e-01 0.000000e+00 9.852777e-01
 outer loop
  vertex 7.1878550e-01 7.0000000e-02 -2.3074354e-02
  vertex 7.2652310e-01 7.0000000e-02 -2.1731758e-02
  vertex 7.2652310e-01 2.6000000e-01 -2.1731758e-02
 endloop
endfacet
facet normal -2.191027e-01 0.000000e+00 9.757018e-01
 outer loop
  vertex 7.1112317e-01 7.0000000e-02 -2.4795000e-02
  vertex 7.1878550e-01 2.6000000e-01 -2.3074354e-02
  vertex 7.1112317e-01 2.6000000e-01 -2.4795000e-02
 endloop
endfacet
facet normal -3.136815e-01 0.000000e+00 9.495283e-01
 outer loop
  vertex 7.0355444e-01 7.0000000e-02 -2.6889545e-02
  vertex 7.0355444e-01 2.6000000e-01 -2.6889545e-02
  vertex 6.9609760e-01 7.0000000e-02 -2.9352950e-02
 endloop
endfacet
facet normal -3.598940e-01 0.000000e+00 9.329932e-01
 outer loop
  vertex 6.9609760e-01 2.6000000e-01 -2.9352950e-02
  vertex 6.8877060e-01 2.6000000e-01 -3.2179276e-02
  vertex 6.8877060e-01 7.0000000e-02 -3.2179276e-02
 endloop
endfacet
facet normal -4.496114e-01 0.000000e+00 8.932243e-01
 outer loop
  vertex 6.8159120e-01 2.6000000e-01 -3.5361713e-02
  vertex 6.7457654e-01 7.0000000e-02 -3.8892597e-02
  vertex 6.8159120e-01 7.0000000e-02 -3.5361713e-02
 endloop
endfacet
facet normal -4.928996e-01 0.000000e+00 8.700862e-01
 outer loop
  vertex 6.6774360e-01 2.6000000e-01 -4.2763424e-02
  vertex 6.6774360e-01 7.0000000e-02 -4.2763424e-02
  vertex 6.7457654e-01 2.6000000e-01 -3.8892597e-02
 endloop
endfacet
facet normal -5.758075e-01 0.000000e+00 8.175853e-01
 outer loop
  vertex 6.5468810e-01 7.0000000e-02 -5.1486794e-02
  vertex 6.6110876e-01 7.0000000e-02 -4.6964863e-02
  vertex 6.6110876e-01 2.6000000e-01 -4.6964863e-02
 endloop
endfacet
facet normal -6.152341e-01 0.000000e+00 7.883444e-01
 outer loop
  vertex 6.4849710e-01 7.0000000e-02 -5.6318330e-02
  vertex 6.5468810e-01 2.6000000e-01 -5.1486794e-02
  vertex 6.4849710e-01 2.6000000e-01 -5.6318330e-02
 endloop
endfacet
facet normal -6.895373e-01 0.000000e+00 7.242502e-01
 outer loop
  vertex 6.4255060e-01 7.0000000e-02 -6.1447823e-02
  vertex 6.4255060e-01 2.6000000e-01 -6.1447823e-02
  vertex 6.3686290e-01 7.0000000e-02 -6.6862915e-02
 endloop
endfacet
facet normal -7.242469e-01 0.000000e+00 6.895407e-01
 outer loop
  vertex 6.3686290e-01 2.6000000e-01 -6.6862915e-02
  vertex 6.3144780e-01 2.6000000e-01 -7.2550570e-02
  vertex 6.3144780e-01 7.0000000e-02 -7.2550570e-02
 endloop
endfacet
facet normal -7.883419e-01 0.000000e+00 6.152373e-01
 outer loop
  vertex 6.2631836e-01 2.6000000e-01 -7.8497080e-02
  vertex 6.2148676e-01 7.0000000e-02 -8.4688110e-02
  vertex 6.2631836e-01 7.0000000e-02 -7.8497080e-02
 endloop
endfacet
facet normal -8.175893e-01 0.000000e+00 5.758018e-01
 outer loop
  vertex 6.1696490e-01 2.6000000e-01 -9.1108765e-02
  vertex 6.1696490e-01 7.0000000e-02 -9.1108765e-02
  vertex 6.2148676e-01 2.6000000e-01 -8.4688110e-02
 endloop
endfacet
facet normal -8.700905e-01 0.000000e+00 4.928920e-01
 outer loop
  vertex 6.0889264e-01 7.0000000e-02 -1.0457652e-01
  vertex 6.1276340e-01 7.0000000e-02 -9.7743560e-02
  vertex 6.1276340e-01 2.6000000e-01 -9.7743560e-02
 endloop
endfacet
facet normal -8.932214e-01 0.000000e+00 4.496171e-01
 outer loop
  vertex 6.0536170e-01 7.0000000e-02 -1.1159118e-01
  vertex 6.0889264e-01 2.6000000e-01 -1.0457652e-01
  vertex 6.0536170e-01 2.6000000e-01 -1.1159118e-01
 endloop
endfacet
facet normal -9.329943e-01 0.000000e+00 3.598912e-01
 outer loop
  vertex 6.0217926e-01 7.0000000e-02 -1.1877065e-01
  vertex 6.0217926e-01 2.6000000e-01 -1.1877065e-01
  vertex 5.9935297e-01 7.0000000e-02 -1.2609762e-01
 endloop
endfacet
facet normal -9.495258e-01 0.000000e+00 3.136890e-01
 outer loop
  vertex 5.9935297e-01 2.6000000e-01 -1.2609762e-01
  vertex 5.9688950e-01 2.6000000e-01 -1.3355446e-01
  vertex 5.9688950e-01 7.0000000e-02 -1.3355446e-01
 endloop
endfacet
facet normal -9.757034e-01 0.000000e+00 2.190958e-01
 outer loop
  vertex 5.9479500e-01 2.6000000e-01 -1.4112317e-01
  vertex 5.9307440e-01 7.0000000e-02 -1.4878555e-01
  vertex 5.9479500e-01 7.0000000e-02 -1.4112317e-01
 endloop
endfacet
facet normal -9.852776e-01 0.000000e+00 1.709624e-01
 outer loop
  vertex 5.9173180e-01 2.6000000e-01 -1.5652312e-01
  vertex 5.9173180e-01 7.0000000e-02 -1.5652312e-01
  vertex 5.9307440e-01 2.6000000e-01 -1.4878555e-01
 endloop
endfacet
facet normal -9.996987e-01 0.000000e+00 2.454415e-02
 outer loop
  vertex 5.9019275e-01 7.0000000e-02 -1.7214917e-01
  vertex 5.9000000e-01 2.6000000e-01 -1.8000000e-01
  vertex 5.9000000e-01 7.0000000e-02 -1.8000000e-01
 endloop
endfacet
facet normal -9.972906e-01 0.000000e+00 7.356239e-02
 outer loop
  vertex 5.9077045e-01 2.6000000e-01 -1.6431725e-01
  vertex 5.9019275e-01 7.0000000e-02 -1.7214917e-01
  vertex 5.9077045e-01 7.0000000e-02 -1.6431725e-01
 endloop
endfacet
facet normal 0.000000e+00 -0.000000e+00 1.000000e+00
 outer loop
  vertex 7.5000000e-01 7.0000000e-02 -1.5000000e-02
  vertex 7.5000000e-01 2.6000000e-01 -1.5000000e-02
  vertex -7.5000000e-01 7.0000000e-02 -1.5000000e-02
 endloop
endfacet
facet normal 0.000000e+00 0.000000e+00 1.000000e+00
 outer loop
  vertex -7.5000000e-01 7.0000000e-02 -1.5000000e-02
  vertex 7.5000000e-01 2.6000000e-01 -1.5000000e-02
  vertex -7.5000000e-01 2.6000000e-01 -1.5000000e-02
 endloop
endfacet
facet normal -4.906754e-02 0.000000e+00 9.987955e-01
 outer loop
  vertex -7.5000000e-01 7.0000000e-02 -1.5000000e-02
  vertex -7.5000000e-01 2.6000000e-01 -1.5000000e-02
  vertex -7.6617285e-01 7.0000000e-02 -1.5794519e-02
 endloop
endfacet
facet normal -1.467308e-01 0.000000e+00 9.891765e-01
 outer loop
  vertex -7.6617285e-01 7.0000000e-02 -1.5794519e-02
  vertex -7.6617285e-01 2.6000000e-01 -1.5794519e-02
  vertex -7.8218990e-01 7.0000000e-02 -1.8170430e-02
 endloop
endfacet
facet normal -1.467308e-01 0.000000e+00 9.891765e-01
 outer loop
  vertex -7.8218990e-01 7.0000000e-02 -1.8170430e-02
  vertex -7.6617285e-01 2.6000000e-01 -1.5794519e-02
  vertex -7.8218990e-01 2.6000000e-01 -1.8170430e-02
 endloop
endfacet
facet normal -2.429797e-01 0.000000e+00 9.700314e-01
 outer loop
  vertex -7.9789700e-01 7.0000000e-02 -2.2104845e-02
  vertex -7.8218990e-01 2.6000000e-01 -1.8170430e-02
  vertex -7.9789700e-01 2.6000000e-01 -2.2104845e-02
 endloop
endfacet
facet normal -3.368904e-01 0.000000e+00 9.415439e-01
 outer loop
  vertex -8.1314276e-01 7.0000000e-02 -2.7559875e-02
  vertex -7.9789700e-01 7.0000000e-02 -2.2104845e-02
  vertex -7.9789700e-01 2.6000000e-01 -2.2104845e-02
 endloop
endfacet
facet normal -4.275552e-01 0.000000e+00 9.039892e-01
 outer loop
  vertex -8.2778046e-01 7.0000000e-02 -3.4482994e-02
  vertex -8.1314276e-01 7.0000000e-02 -2.7559875e-02
  vertex -8.1314276e-01 2.6000000e-01 -2.7559875e-02
 endloop
endfacet
facet normal -5.141031e-01 0.000000e+00 8.577284e-01
 outer loop
  vertex -8.4166907e-01 7.0000000e-02 -4.2807514e-02
  vertex -8.2778046e-01 7.0000000e-02 -3.4482994e-02
  vertex -8.2778046e-01 2.6000000e-01 -3.4482994e-02
 endloop
endfacet
facet normal -5.141031e-01 0.000000e+00 8.577284e-01
 outer loop
  vertex -8.4166907e-01 2.6000000e-01 -4.2807514e-02
  vertex -8.4166907e-01 7.0000000e-02 -4.2807514e-02
  vertex -8.2778046e-01 2.6000000e-01 -3.4482994e-02
 endloop
endfacet
facet normal -5.956995e-01 0.000000e+00 8.032074e-01
 outer loop
  vertex -8.5467487e-01 2.6000000e-01 -5.2453278e-02
  vertex -8.5467487e-01 7.0000000e-02 -5.2453278e-02
  vertex -8.4166907e-01 2.6000000e-01 -4.2807514e-02
 endloop
endfacet
facet normal -6.715587e-01 0.000000e+00 7.409513e-01
 outer loop
  vertex -8.5467487e-01 2.6000000e-01 -5.2453278e-02
  vertex -8.6667260e-01 7.0000000e-02 -6.3327380e-02
  vertex -8.5467487e-01 7.0000000e-02 -5.2453278e-02
 endloop
endfacet
facet normal -7.409499e-01 0.000000e+00 6.715604e-01
 outer loop
  vertex -8.6667260e-01 2.6000000e-01 -6.3327380e-02
  vertex -8.7754675e-01 7.0000000e-02 -7.5325110e-02
  vertex -8.6667260e-01 7.0000000e-02 -6.3327380e-02
 endloop
endfacet
facet normal -7.409499e-01 0.000000e+00 6.715604e-01
 outer loop
  vertex -8.6667260e-01 2.6000000e-01 -6.3327380e-02
  vertex -8.7754675e-01 2.6000000e-01 -7.5325110e-02
  vertex -8.7754675e-01 7.0000000e-02 -7.5325110e-02
 endloop
endfacet
facet normal -8.032078e-01 0.000000e+00 5.956990e-01
 outer loop
  vertex -8.7754675e-01 2.6000000e-01 -7.5325110e-02
  vertex -8.8719250e-01 2.6000000e-01 -8.8330910e-02
  vertex -8.8719250e-01 7.0000000e-02 -8.8330910e-02
 endloop
endfacet
facet normal -8.577300e-01 0.000000e+00 5.141004e-01
 outer loop
  vertex -8.8719250e-01 7.0000000e-02 -8.8330910e-02
  vertex -8.8719250e-01 2.6000000e-01 -8.8330910e-02
  vertex -8.9551697e-01 7.0000000e-02 -1.0221954e-01
 endloop
endfacet
facet normal -9.039889e-01 0.000000e+00 4.275559e-01
 outer loop
  vertex -8.9551697e-01 7.0000000e-02 -1.0221954e-01
  vertex -8.9551697e-01 2.6000000e-01 -1.0221954e-01
  vertex -9.0244010e-01 7.0000000e-02 -1.1685723e-01
 endloop
endfacet
facet normal -9.039889e-01 0.000000e+00 4.275559e-01
 outer loop
  vertex -9.0244010e-01 7.0000000e-02 -1.1685723e-01
  vertex -8.9551697e-01 2.6000000e-01 -1.0221954e-01
  vertex -9.0244010e-01 2.6000000e-01 -1.1685723e-01
 endloop
endfacet
facet normal -9.415440e-01 0.000000e+00 3.368902e-01
 outer loop
  vertex -9.0789514e-01 7.0000000e-02 -1.3210303e-01
  vertex -9.0244010e-01 2.6000000e-01 -1.1685723e-01
  vertex -9.0789514e-01 2.6000000e-01 -1.3210303e-01
 endloop
endfacet
facet normal -9.700306e-01 0.000000e+00 2.429827e-01
 outer loop
  vertex -9.1182960e-01 7.0000000e-02 -1.4781010e-01
  vertex -9.0789514e-01 7.0000000e-02 -1.3210303e-01
  vertex -9.0789514e-01 2.6000000e-01 -1.3210303e-01
 endloop
endfacet
facet normal -9.891766e-01 0.000000e+00 1.467301e-01
 outer loop
  vertex -9.1420550e-01 7.0000000e-02 -1.6382716e-01
  vertex -9.1182960e-01 7.0000000e-02 -1.4781010e-01
  vertex -9.1182960e-01 2.6000000e-01 -1.4781010e-01
 endloop
endfacet
facet normal -9.891766e-01 0.000000e+00 1.467301e-01
 outer loop
  vertex -9.1420550e-01 2.6000000e-01 -1.6382716e-01
  vertex -9.1420550e-01 7.0000000e-02 -1.6382716e-01
  vertex -9.1182960e-01 2.6000000e-01 -1.4781010e-01
 endloop
endfacet
facet normal -9.987955e-01 0.000000e+00 4.906640e-02
 outer loop
  vertex -9.1500000e-01 2.6000000e-01 -1.8000000e-01
  vertex -9.1500000e-01 7.0000000e-02 -1.8000000e-01
  vertex -9.1420550e-01 2.6000000e-01 -1.6382716e-01
 endloop
endfacet
facet normal -9.987955e-01 -0.000000e+00 -4.906640e-02
 outer loop
  vertex -9.1500000e-01 2.6000000e-01 -1.8000000e-01
  vertex -9.1420550e-01 7.0000000e-02 -1.9617284e-01
  vertex -9.1500000e-01 7.0000000e-02 -1.8000000e-01
 endloop
endfacet
facet normal -9.891766e-01 -0.000000e+00 -1.467301e-01
 outer loop
  vertex -9.1420550e-01 2.6000000e-01 -1.9617284e-01
  vertex -9.1182960e-01 7.0000000e-02 -2.1218990e-01
  vertex -9.1420550e-01 7.0000000e-02 -1.9617284e-01
 endloop
endfacet
facet normal -9.891766e-01 0.000000e+00 -1.467301e-01
 outer loop
  vertex -9.1420550e-01 2.6000000e-01 -1.9617284e-01
  vertex -9.1182960e-01 2.6000000e-01 -2.1218990e-01
  vertex -9.1182960e-01 7.0000000e-02 -2.1218990e-01
 endloop
endfacet
facet normal -9.700306e-01 0.000000e+00 -2.429827e-01
 outer loop
  vertex -9.1182960e-01 2.6000000e-01 -2.1218990e-01
  vertex -9.0789514e-01 2.6000000e-01 -2.2789697e-01
  vertex -9.0789514e-01 7.0000000e-02 -2.2789697e-01
 endloop
endfacet
facet normal -9.415439e-01 0.000000e+00 -3.368904e-01
 outer loop
  vertex -9.0789514e-01 7.0000000e-02 -2.2789697e-01
  vertex -9.0789514e-01 2.6000000e-01 -2.2789697e-01
  vertex -9.0244010e-01 7.0000000e-02 -2.4314276e-01
 endloop
endfacet
facet normal -9.039890e-01 0.000000e+00 -4.275558e-01
 outer loop
  vertex -9.0244010e-01 7.0000000e-02 -2.4314276e-01
  vertex -9.0244010e-01 2.6000000e-01 -2.4314276e-01
  vertex -8.9551697e-01 7.0000000e-02 -2.5778046e-01
 endloop
endfacet
facet normal -9.039890e-01 0.000000e+00 -4.275558e-01
 outer loop
  vertex -8.9551697e-01 7.0000000e-02 -2.5778046e-01
  vertex -9.0244010e-01 2.6000000e-01 -2.4314276e-01
  vertex -8.9551697e-01 2.6000000e-01 -2.5778046e-01
 endloop
endfacet
facet normal -8.577303e-01 0.000000e+00 -5.141000e-01
 outer loop
  vertex -8.8719250e-01 7.0000000e-02 -2.7166910e-01
  vertex -8.9551697e-01 2.6000000e-01 -2.5778046e-01
  vertex -8.8719250e-01 2.6000000e-01 -2.7166910e-01
 endloop
endfacet
facet normal -8.032078e-01 0.000000e+00 -5.956990e-01
 outer loop
  vertex -8.7754675e-01 7.0000000e-02 -2.8467490e-01
  vertex -8.8719250e-01 7.0000000e-02 -2.7166910e-01
  vertex -8.8719250e-01 2.6000000e-01 -2.7166910e-01
 endloop
endfacet
facet normal -7.409490e-01 0.000000e+00 -6.715613e-01
 outer loop
  vertex -8.6667260e-01 7.0000000e-02 -2.9667260e-01
  vertex -8.7754675e-01 7.0000000e-02 -2.8467490e-01
  vertex -8.7754675e-01 2.6000000e-01 -2.8467490e-01
 endloop
endfacet
facet normal -7.409490e-01 -0.000000e+00 -6.715613e-01
 outer loop
  vertex -8.6667260e-01 2.6000000e-01 -2.9667260e-01
  vertex -8.6667260e-01 7.0000000e-02 -2.9667260e-01
  vertex -8.7754675e-01 2.6000000e-01 -2.8467490e-01
 endloop
endfacet
facet normal -4.906822e-02 0.000000e+00 -9.987954e-01
 outer loop
  vertex -7.6617285e-01 2.6000000e-01 -3.4420547e-01
  vertex -7.5000000e-01 2.6000000e-01 -3.4500000e-01
  vertex -7.5000000e-01 7.0000000e-02 -3.4500000e-01
 endloop
endfacet
facet normal -4.906822e-02 0.000000e+00 -9.987954e-01
 outer loop
  vertex -7.6617285e-01 7.0000000e-02 -3.4420547e-01
  vertex -7.6617285e-01 2.6000000e-01 -3.4420547e-01
  vertex -7.5000000e-01 7.0000000e-02 -3.4500000e-01
 endloop
endfacet
facet normal -1.467308e-01 0.000000e+00 -9.891765e-01
 outer loop
  vertex -7.6617285e-01 7.0000000e-02 -3.4420547e-01
  vertex -7.8218990e-01 2.6000000e-01 -3.4182956e-01
  vertex -7.6617285e-01 2.6000000e-01 -3.4420547e-01
 endloop
endfacet
facet normal -1.467308e-01 0.000000e+00 -9.891765e-01
 outer loop
  vertex -7.6617285e-01 7.0000000e-02 -3.4420547e-01
  vertex -7.8218990e-01 7.0000000e-02 -3.4182956e-01
  vertex -7.8218990e-01 2.6000000e-01 -3.4182956e-01
 endloop
endfacet
facet normal -2.429800e-01 -0.000000e+00 -9.700313e-01
 outer loop
  vertex -7.8218990e-01 2.6000000e-01 -3.4182956e-01
  vertex -7.8218990e-01 7.0000000e-02 -3.4182956e-01
  vertex -7.9789700e-01 2.6000000e-01 -3.3789514e-01
 endloop
endfacet
facet normal -2.429800e-01 -0.000000e+00 -9.700313e-01
 outer loop
  vertex -7.9789700e-01 2.6000000e-01 -3.3789514e-01
  vertex -7.8218990e-01 7.0000000e-02 -3.4182956e-01
  vertex -7.9789700e-01 7.0000000e-02 -3.3789514e-01
 endloop
endfacet
facet normal -3.368909e-01 0.000000e+00 -9.415437e-01
 outer loop
  vertex -8.1314276e-01 2.6000000e-01 -3.3244010e-01
  vertex -7.9789700e-01 2.6000000e-01 -3.3789514e-01
  vertex -7.9789700e-01 7.0000000e-02 -3.3789514e-01
 endloop
endfacet
facet normal -3.368909e-01 0.000000e+00 -9.415437e-01
 outer loop
  vertex -8.1314276e-01 7.0000000e-02 -3.3244010e-01
  vertex -8.1314276e-01 2.6000000e-01 -3.3244010e-01
  vertex -7.9789700e-01 7.0000000e-02 -3.3789514e-01
 endloop
endfacet
facet normal -4.275543e-01 0.000000e+00 -9.039897e-01
 outer loop
  vertex -8.1314276e-01 7.0000000e-02 -3.3244010e-01
  vertex -8.2778046e-01 2.6000000e-01 -3.2551700e-01
  vertex -8.1314276e-01 2.6000000e-01 -3.3244010e-01
 endloop
endfacet
facet normal -4.275543e-01 0.000000e+00 -9.039897e-01
 outer loop
  vertex -8.1314276e-01 7.0000000e-02 -3.3244010e-01
  vertex -8.2778046e-01 7.0000000e-02 -3.2551700e-01
  vertex -8.2778046e-01 2.6000000e-01 -3.2551700e-01
 endloop
endfacet
facet normal -5.141022e-01 -0.000000e+00 -8.577289e-01
 outer loop
  vertex -8.2778046e-01 2.6000000e-01 -3.2551700e-01
  vertex -8.2778046e-01 7.0000000e-02 -3.2551700e-01
  vertex -8.4166907e-01 2.6000000e-01 -3.1719250e-01
 endloop
endfacet
facet normal -5.141022e-01 -0.000000e+00 -8.577289e-01
 outer loop
  vertex -8.4166907e-01 2.6000000e-01 -3.1719250e-01
  vertex -8.2778046e-01 7.0000000e-02 -3.2551700e-01
  vertex -8.4166907e-01 7.0000000e-02 -3.1719250e-01
 endloop
endfacet
facet normal -5.957002e-01 0.000000e+00 -8.032069e-01
 outer loop
  vertex -8.5467487e-01 2.6000000e-01 -3.0754672e-01
  vertex -8.4166907e-01 2.6000000e-01 -3.1719250e-01
  vertex -8.4166907e-01 7.0000000e-02 -3.1719250e-01
 endloop
endfacet
facet normal -5.957002e-01 0.000000e+00 -8.032069e-01
 outer loop
  vertex -8.5467487e-01 7.0000000e-02 -3.0754672e-01
  vertex -8.5467487e-01 2.6000000e-01 -3.0754672e-01
  vertex -8.4166907e-01 7.0000000e-02 -3.1719250e-01
 endloop
endfacet
facet normal -6.715593e-01 0.000000e+00 -7.409508e-01
 outer loop
  vertex -8.5467487e-01 7.0000000e-02 -3.0754672e-01
  vertex -8.6667260e-01 2.6000000e-01 -2.9667260e-01
  vertex -8.5467487e-01 2.6000000e-01 -3.0754672e-01
 endloop
endfacet
facet normal -6.715593e-01 0.000000e+00 -7.409508e-01
 outer loop
  vertex -8.5467487e-01 7.0000000e-02 -3.0754672e-01
  vertex -8.6667260e-01 7.0000000e-02 -2.9667260e-01
  vertex -8.6667260e-01 2.6000000e-01 -2.9667260e-01
 endloop
endfacet
facet normal -8.032078e-01 0.000000e+00 -5.956990e-01
 outer loop
  vertex -8.7754675e-01 7.0000000e-02 -2.8467490e-01
  vertex -8.8719250e-01 2.6000000e-01 -2.7166910e-01
  vertex -8.7754675e-01 2.6000000e-01 -2.8467490e-01
 endloop
endfacet
facet normal -8.577303e-01 0.000000e+00 -5.141000e-01
 outer loop
  vertex -8.9551697e-01 7.0000000e-02 -2.5778046e-01
  vertex -8.9551697e-01 2.6000000e-01 -2.5778046e-01
  vertex -8.8719250e-01 7.0000000e-02 -2.7166910e-01
 endloop
endfacet
facet normal -9.415439e-01 0.000000e+00 -3.368904e-01
 outer loop
  vertex -9.0789514e-01 2.6000000e-01 -2.2789697e-01
  vertex -9.0244010e-01 2.6000000e-01 -2.4314276e-01
  vertex -9.0244010e-01 7.0000000e-02 -2.4314276e-01
 endloop
endfacet
facet normal -9.700306e-01 -0.000000e+00 -2.429827e-01
 outer loop
  vertex -9.1182960e-01 2.6000000e-01 -2.1218990e-01
  vertex -9.0789514e-01 7.0000000e-02 -2.2789697e-01
  vertex -9.1182960e-01 7.0000000e-02 -2.1218990e-01
 endloop
endfacet
facet normal -9.987955e-01 -0.000000e+00 -4.906640e-02
 outer loop
  vertex -9.1420550e-01 2.6000000e-01 -1.9617284e-01
  vertex -9.1420550e-01 7.0000000e-02 -1.9617284e-01
  vertex -9.1500000e-01 2.6000000e-01 -1.8000000e-01
 endloop
endfacet
facet normal -9.987955e-01 0.000000e+00 4.906640e-02
 outer loop
  vertex -9.1500000e-01 7.0000000e-02 -1.8000000e-01
  vertex -9.1420550e-01 7.0000000e-02 -1.6382716e-01
  vertex -9.1420550e-01 2.6000000e-01 -1.6382716e-01
 endloop
endfacet
facet normal -9.700306e-01 0.000000e+00 2.429827e-01
 outer loop
  vertex -9.1182960e-01 7.0000000e-02 -1.4781010e-01
  vertex -9.0789514e-01 2.6000000e-01 -1.3210303e-01
  vertex -9.1182960e-01 2.6000000e-01 -1.4781010e-01
 endloop
endfacet
facet normal -9.415440e-01 0.000000e+00 3.368902e-01
 outer loop
  vertex -9.0244010e-01 7.0000000e-02 -1.1685723e-01
  vertex -9.0244010e-01 2.6000000e-01 -1.1685723e-01
  vertex -9.0789514e-01 7.0000000e-02 -1.3210303e-01
 endloop
endfacet
facet normal -8.577300e-01 0.000000e+00 5.141004e-01
 outer loop
  vertex -8.8719250e-01 2.6000000e-01 -8.8330910e-02
  vertex -8.9551697e-01 2.6000000e-01 -1.0221954e-01
  vertex -8.9551697e-01 7.0000000e-02 -1.0221954e-01
 endloop
endfacet
facet normal -8.032078e-01 0.000000e+00 5.956990e-01
 outer loop
  vertex -8.7754675e-01 2.6000000e-01 -7.5325110e-02
  vertex -8.8719250e-01 7.0000000e-02 -8.8330910e-02
  vertex -8.7754675e-01 7.0000000e-02 -7.5325110e-02
 endloop
endfacet
facet normal -6.715587e-01 0.000000e+00 7.409513e-01
 outer loop
  vertex -8.6667260e-01 2.6000000e-01 -6.3327380e-02
  vertex -8.6667260e-01 7.0000000e-02 -6.3327380e-02
  vertex -8.5467487e-01 2.6000000e-01 -5.2453278e-02
 endloop
endfacet
facet normal -5.956995e-01 0.000000e+00 8.032074e-01
 outer loop
  vertex -8.5467487e-01 7.0000000e-02 -5.2453278e-02
  vertex -8.4166907e-01 7.0000000e-02 -4.2807514e-02
  vertex -8.4166907e-01 2.6000000e-01 -4.2807514e-02
 endloop
endfacet
facet normal -4.275552e-01 0.000000e+00 9.039892e-01
 outer loop
  vertex -8.2778046e-01 7.0000000e-02 -3.4482994e-02
  vertex -8.1314276e-01 2.6000000e-01 -2.7559875e-02
  vertex -8.2778046e-01 2.6000000e-01 -3.4482994e-02
 endloop
endfacet
facet normal -3.368904e-01 0.000000e+00 9.415439e-01
 outer loop
  vertex -8.1314276e-01 7.0000000e-02 -2.7559875e-02
  vertex -7.9789700e-01 2.6000000e-01 -2.2104845e-02
  vertex -8.1314276e-01 2.6000000e-01 -2.7559875e-02
 endloop
endfacet
facet normal -4.906754e-02 0.000000e+00 9.987955e-01
 outer loop
  vertex -7.6617285e-01 2.6000000e-01 -1.5794519e-02
  vertex -7.6617285e-01 7.0000000e-02 -1.5794519e-02
  vertex -7.5000000e-01 2.6000000e-01 -1.5000000e-02
 endloop
endfacet
facet normal -2.429797e-01 0.000000e+00 9.700314e-01
 outer loop
  vertex -7.8218990e-01 2.6000000e-01 -1.8170430e-02
  vertex -7.9789700e-01 7.0000000e-02 -2.2104845e-02
  vertex -7.8218990e-01 7.0000000e-02 -1.8170430e-02
 endloop
endfacet
facet normal 0.000000e+00 0.000000e+00 -1.000000e+00
 outer loop
  vertex -7.5000000e-01 7.0000000e-02 -3.4500000e-01
  vertex -7.5000000e-01 2.6000000e-01 -3.4500000e-01
  vertex 7.5000000e-01 7.0000000e-02 -3.4500000e-01
 endloop
endfacet
facet normal 0.000000e+00 0.000000e+00 -1.000000e+00
 outer loop
  vertex 7.5000000e-01 7.0000000e-02 -3.4500000e-01
  vertex -7.5000000e-01 2.6000000e-01 -3.4500000e-01
  vertex 7.5000000e-01 2.6000000e-01 -3.4500000e-01
 endloop
endfacet
facet normal 4.906822e-02 0.000000e+00 -9.987954e-01
 outer loop
  vertex 7.5000000e-01 7.0000000e-02 -3.4500000e-01
  vertex 7.5000000e-01 2.6000000e-01 -3.4500000e-01
  vertex 7.6617285e-01 7.0000000e-02 -3.4420547e-01
 endloop
endfacet
facet normal 1.467308e-01 0.000000e+00 -9.891765e-01
 outer loop
  vertex 7.6617285e-01 7.0000000e-02 -3.4420547e-01
  vertex 7.6617285e-01 2.6000000e-01 -3.4420547e-01
  vertex 7.8218990e-01 7.0000000e-02 -3.4182956e-01
 endloop
endfacet
facet normal 1.467308e-01 0.000000e+00 -9.891765e-01
 outer loop
  vertex 7.8218990e-01 7.0000000e-02 -3.4182956e-01
  vertex 7.6617285e-01 2.6000000e-01 -3.4420547e-01
  vertex 7.8218990e-01 2.6000000e-01 -3.4182956e-01
 endloop
endfacet
facet normal 2.429800e-01 0.000000e+00 -9.700313e-01
 outer loop
  vertex 7.9789700e-01 7.0000000e-02 -3.3789514e-01
  vertex 7.8218990e-01 2.6000000e-01 -3.4182956e-01
  vertex 7.9789700e-01 2.6000000e-01 -3.3789514e-01
 endloop
endfacet
facet normal 3.368909e-01 0.000000e+00 -9.415437e-01
 outer loop
  vertex 8.1314276e-01 7.0000000e-02 -3.3244010e-01
  vertex 7.9789700e-01 7.0000000e-02 -3.3789514e-01
  vertex 7.9789700e-01 2.6000000e-01 -3.3789514e-01
 endloop
endfacet
facet normal 4.275543e-01 0.000000e+00 -9.039897e-01
 outer loop
  vertex 8.2778046e-01 7.0000000e-02 -3.2551700e-01
  vertex 8.1314276e-01 7.0000000e-02 -3.3244010e-01
  vertex 8.1314276e-01 2.6000000e-01 -3.3244010e-01
 endloop
endfacet
facet normal 5.141022e-01 0.000000e+00 -8.577289e-01
 outer loop
  vertex 8.4166907e-01 7.0000000e-02 -3.1719250e-01
  vertex 8.2778046e-01 7.0000000e-02 -3.2551700e-01
  vertex 8.2778046e-01 2.6000000e-01 -3.2551700e-01
 endloop
endfacet
facet normal 5.141022e-01 0.000000e+00 -8.577289e-01
 outer loop
  vertex 8.4166907e-01 2.6000000e-01 -3.1719250e-01
  vertex 8.4166907e-01 7.0000000e-02 -3.1719250e-01
  vertex 8.2778046e-01 2.6000000e-01 -3.2551700e-01
 endloop
endfacet
facet normal 5.957002e-01 0.000000e+00 -8.032069e-01
 outer loop
  vertex 8.5467487e-01 2.6000000e-01 -3.0754672e-01
  vertex 8.5467487e-01 7.0000000e-02 -3.0754672e-01
  vertex 8.4166907e-01 2.6000000e-01 -3.1719250e-01
 endloop
endfacet
facet normal 6.715593e-01 0.000000e+00 -7.409508e-01
 outer loop
  vertex 8.5467487e-01 2.6000000e-01 -3.0754672e-01
  vertex 8.6667260e-01 7.0000000e-02 -2.9667260e-01
  vertex 8.5467487e-01 7.0000000e-02 -3.0754672e-01
 endloop
endfacet
facet normal 7.409490e-01 0.000000e+00 -6.715613e-01
 outer loop
  vertex 8.6667260e-01 2.6000000e-01 -2.9667260e-01
  vertex 8.7754675e-01 7.0000000e-02 -2.8467490e-01
  vertex 8.6667260e-01 7.0000000e-02 -2.9667260e-01
 endloop
endfacet
facet normal 7.409490e-01 0.000000e+00 -6.715613e-01
 outer loop
  vertex 8.6667260e-01 2.6000000e-01 -2.9667260e-01
  vertex 8.7754675e-01 2.6000000e-01 -2.8467490e-01
  vertex 8.7754675e-01 7.0000000e-02 -2.8467490e-01
 endloop
endfacet
facet normal 8.032078e-01 0.000000e+00 -5.956990e-01
 outer loop
  vertex 8.7754675e-01 2.6000000e-01 -2.8467490e-01
  vertex 8.8719250e-01 2.6000000e-01 -2.7166910e-01
  vertex 8.8719250e-01 7.0000000e-02 -2.7166910e-01
 endloop
endfacet
facet normal 8.577303e-01 0.000000e+00 -5.141000e-01
 outer loop
  vertex 8.8719250e-01 7.0000000e-02 -2.7166910e-01
  vertex 8.8719250e-01 2.6000000e-01 -2.7166910e-01
  vertex 8.9551697e-01 7.0000000e-02 -2.5778046e-01
 endloop
endfacet
facet normal 9.039890e-01 0.000000e+00 -4.275558e-01
 outer loop
  vertex 8.9551697e-01 7.0000000e-02 -2.5778046e-01
  vertex 8.9551697e-01 2.6000000e-01 -2.5778046e-01
  vertex 9.0244010e-01 7.0000000e-02 -2.4314276e-01
 endloop
endfacet
facet normal 9.039890e-01 0.000000e+00 -4.275558e-01
 outer loop
  vertex 9.0244010e-01 7.0000000e-02 -2.4314276e-01
  vertex 8.9551697e-01 2.6000000e-01 -2.5778046e-01
  vertex 9.0244010e-01 2.6000000e-01 -2.4314276e-01
 endloop
endfacet
facet normal 9.415439e-01 0.000000e+00 -3.368904e-01
 outer loop
  vertex 9.0789514e-01 7.0000000e-02 -2.2789697e-01
  vertex 9.0244010e-01 2.6000000e-01 -2.4314276e-01
  vertex 9.0789514e-01 2.6000000e-01 -2.2789697e-01
 endloop
endfacet
facet normal 9.700306e-01 0.000000e+00 -2.429827e-01
 outer loop
  vertex 9.1182960e-01 7.0000000e-02 -2.1218990e-01
  vertex 9.0789514e-01 7.0000000e-02 -2.2789697e-01
  vertex 9.0789514e-01 2.6000000e-01 -2.2789697e-01
 endloop
endfacet
facet normal 9.891766e-01 0.000000e+00 -1.467301e-01
 outer loop
  vertex 9.1420550e-01 7.0000000e-02 -1.9617284e-01
  vertex 9.1182960e-01 7.0000000e-02 -2.1218990e-01
  vertex 9.1182960e-01 2.6000000e-01 -2.1218990e-01
 endloop
endfacet
facet normal 9.891766e-01 0.000000e+00 -1.467301e-01
 outer loop
  vertex 9.1420550e-01 2.6000000e-01 -1.9617284e-01
  vertex 9.1420550e-01 7.0000000e-02 -1.9617284e-01
  vertex 9.1182960e-01 2.6000000e-01 -2.1218990e-01
 endloop
endfacet
facet normal 9.987955e-01 0.000000e+00 -4.906640e-02
 outer loop
  vertex 9.1500000e-01 2.6000000e-01 -1.8000000e-01
  vertex 9.1500000e-01 7.0000000e-02 -1.8000000e-01
  vertex 9.1420550e-01 2.6000000e-01 -1.9617284e-01
 endloop
endfacet
facet normal 9.987955e-01 0.000000e+00 4.906640e-02
 outer loop
  vertex 9.1500000e-01 2.6000000e-01 -1.8000000e-01
  vertex 9.1420550e-01 7.0000000e-02 -1.6382716e-01
  vertex 9.1500000e-01 7.0000000e-02 -1.8000000e-01
 endloop
endfacet
facet normal 9.891766e-01 0.000000e+00 1.467301e-01
 outer loop
  vertex 9.1420550e-01 2.6000000e-01 -1.6382716e-01
  vertex 9.1182960e-01 7.0000000e-02 -1.4781010e-01
  vertex 9.1420550e-01 7.0000000e-02 -1.6382716e-01
 endloop
endfacet
facet normal 9.891766e-01 0.000000e+00 1.467301e-01
 outer loop
  vertex 9.1420550e-01 2.6000000e-01 -1.6382716e-01
  vertex 9.1182960e-01 2.6000000e-01 -1.4781010e-01
  vertex 9.1182960e-01 7.0000000e-02 -1.4781010e-01
 endloop
endfacet
facet normal 9.700306e-01 0.000000e+00 2.429827e-01
 outer loop
  vertex 9.1182960e-01 2.6000000e-01 -1.4781010e-01
  vertex 9.0789514e-01 2.6000000e-01 -1.3210303e-01
  vertex 9.0789514e-01 7.0000000e-02 -1.3210303e-01
 endloop
endfacet
facet normal 9.415440e-01 -0.000000e+00 3.368902e-01
 outer loop
  vertex 9.0789514e-01 7.0000000e-02 -1.3210303e-01
  vertex 9.0789514e-01 2.6000000e-01 -1.3210303e-01
  vertex 9.0244010e-01 7.0000000e-02 -1.1685723e-01
 endloop
endfacet
facet normal 9.039889e-01 -0.000000e+00 4.275559e-01
 outer loop
  vertex 9.0244010e-01 7.0000000e-02 -1.1685723e-01
  vertex 9.0244010e-01 2.6000000e-01 -1.1685723e-01
  vertex 8.9551697e-01 7.0000000e-02 -1.0221954e-01
 endloop
endfacet
facet normal 9.039889e-01 -0.000000e+00 4.275559e-01
 outer loop
  vertex 8.9551697e-01 7.0000000e-02 -1.0221954e-01
  vertex 9.0244010e-01 2.6000000e-01 -1.1685723e-01
  vertex 8.9551697e-01 2.6000000e-01 -1.0221954e-01
 endloop
endfacet
facet normal 8.577300e-01 -0.000000e+00 5.141004e-01
 outer loop
  vertex 8.8719250e-01 7.0000000e-02 -8.8330910e-02
  vertex 8.9551697e-01 2.6000000e-01 -1.0221954e-01
  vertex 8.8719250e-01 2.6000000e-01 -8.8330910e-02
 endloop
endfacet
facet normal 8.032078e-01 0.000000e+00 5.956990e-01
 outer loop
  vertex 8.7754675e-01 7.0000000e-02 -7.5325110e-02
  vertex 8.8719250e-01 7.0000000e-02 -8.8330910e-02
  vertex 8.8719250e-01 2.6000000e-01 -8.8330910e-02
 endloop
endfacet
facet normal 7.409499e-01 0.000000e+00 6.715604e-01
 outer loop
  vertex 8.6667260e-01 7.0000000e-02 -6.3327380e-02
  vertex 8.7754675e-01 7.0000000e-02 -7.5325110e-02
  vertex 8.7754675e-01 2.6000000e-01 -7.5325110e-02
 endloop
endfacet
facet normal 7.409499e-01 0.000000e+00 6.715604e-01
 outer loop
  vertex 8.6667260e-01 2.6000000e-01 -6.3327380e-02
  vertex 8.6667260e-01 7.0000000e-02 -6.3327380e-02
  vertex 8.7754675e-01 2.6000000e-01 -7.5325110e-02
 endloop
endfacet
facet normal 4.906754e-02 0.000000e+00 9.987955e-01
 outer loop
  vertex 7.6617285e-01 2.6000000e-01 -1.5794519e-02
  vertex 7.5000000e-01 2.6000000e-01 -1.5000000e-02
  vertex 7.5000000e-01 7.0000000e-02 -1.5000000e-02
 endloop
endfacet
facet normal 4.906754e-02 -0.000000e+00 9.987955e-01
 outer loop
  vertex 7.6617285e-01 7.0000000e-02 -1.5794519e-02
  vertex 7.6617285e-01 2.6000000e-01 -1.5794519e-02
  vertex 7.5000000e-01 7.0000000e-02 -1.5000000e-02
 endloop
endfacet
facet normal 1.467308e-01 -0.000000e+00 9.891765e-01
 outer loop
  vertex 7.6617285e-01 7.0000000e-02 -1.5794519e-02
  vertex 7.8218990e-01 2.6000000e-01 -1.8170430e-02
  vertex 7.6617285e-01 2.6000000e-01 -1.5794519e-02
 endloop
endfacet
facet normal 1.467308e-01 0.000000e+00 9.891765e-01
 outer loop
  vertex 7.6617285e-01 7.0000000e-02 -1.5794519e-02
  vertex 7.8218990e-01 7.0000000e-02 -1.8170430e-02
  vertex 7.8218990e-01 2.6000000e-01 -1.8170430e-02
 endloop
endfacet
facet normal 2.429797e-01 0.000000e+00 9.700314e-01
 outer loop
  vertex 7.8218990e-01 2.6000000e-01 -1.8170430e-02
  vertex 7.8218990e-01 7.0000000e-02 -1.8170430e-02
  vertex 7.9789700e-01 2.6000000e-01 -2.2104845e-02
 endloop
endfacet
facet normal 2.429797e-01 0.000000e+00 9.700314e-01
 outer loop
  vertex 7.9789700e-01 2.6000000e-01 -2.2104845e-02
  vertex 7.8218990e-01 7.0000000e-02 -1.8170430e-02
  vertex 7.9789700e-01 7.0000000e-02 -2.2104845e-02
 endloop
endfacet
facet normal 3.368904e-01 0.000000e+00 9.415439e-01
 outer loop
  vertex 8.1314276e-01 2.6000000e-01 -2.7559875e-02
  vertex 7.9789700e-01 2.6000000e-01 -2.2104845e-02
  vertex 7.9789700e-01 7.0000000e-02 -2.2104845e-02
 endloop
endfacet
facet normal 3.368904e-01 -0.000000e+00 9.415439e-01
 outer loop
  vertex 8.1314276e-01 7.0000000e-02 -2.7559875e-02
  vertex 8.1314276e-01 2.6000000e-01 -2.7559875e-02
  vertex 7.9789700e-01 7.0000000e-02 -2.2104845e-02
 endloop
endfacet
facet normal 4.275552e-01 -0.000000e+00 9.039892e-01
 outer loop
  vertex 8.1314276e-01 7.0000000e-02 -2.7559875e-02
  vertex 8.2778046e-01 2.6000000e-01 -3.4482994e-02
  vertex 8.1314276e-01 2.6000000e-01 -2.7559875e-02
 endloop
endfacet
facet normal 4.275552e-01 0.000000e+00 9.039892e-01
 outer loop
  vertex 8.1314276e-01 7.0000000e-02 -2.7559875e-02
  vertex 8.2778046e-01 7.0000000e-02 -3.4482994e-02
  vertex 8.2778046e-01 2.6000000e-01 -3.4482994e-02
 endloop
endfacet
facet normal 5.141031e-01 0.000000e+00 8.577284e-01
 outer loop
  vertex 8.2778046e-01 2.6000000e-01 -3.4482994e-02
  vertex 8.2778046e-01 7.0000000e-02 -3.4482994e-02
  vertex 8.4166907e-01 2.6000000e-01 -4.2807514e-02
 endloop
endfacet
facet normal 5.141031e-01 0.000000e+00 8.577284e-01
 outer loop
  vertex 8.4166907e-01 2.6000000e-01 -4.2807514e-02
  vertex 8.2778046e-01 7.0000000e-02 -3.4482994e-02
  vertex 8.4166907e-01 7.0000000e-02 -4.2807514e-02
 endloop
endfacet
facet normal 5.956995e-01 0.000000e+00 8.032074e-01
 outer loop
  vertex 8.5467487e-01 2.6000000e-01 -5.2453278e-02
  vertex 8.4166907e-01 2.6000000e-01 -4.2807514e-02
  vertex 8.4166907e-01 7.0000000e-02 -4.2807514e-02
 endloop
endfacet
facet normal 5.956995e-01 -0.000000e+00 8.032074e-01
 outer loop
  vertex 8.5467487e-01 7.0000000e-02 -5.2453278e-02
  vertex 8.5467487e-01 2.6000000e-01 -5.2453278e-02
  vertex 8.4166907e-01 7.0000000e-02 -4.2807514e-02
 endloop
endfacet
facet normal 6.715587e-01 -0.000000e+00 7.409513e-01
 outer loop
  vertex 8.5467487e-01 7.0000000e-02 -5.2453278e-02
  vertex 8.6667260e-01 2.6000000e-01 -6.3327380e-02
  vertex 8.5467487e-01 2.6000000e-01 -5.2453278e-02
 endloop
endfacet
facet normal 6.715587e-01 0.000000e+00 7.409513e-01
 outer loop
  vertex 8.5467487e-01 7.0000000e-02 -5.2453278e-02
  vertex 8.6667260e-01 7.0000000e-02 -6.3327380e-02
  vertex 8.6667260e-01 2.6000000e-01 -6.3327380e-02
 endloop
endfacet
facet normal 8.032078e-01 -0.000000e+00 5.956990e-01
 outer loop
  vertex 8.7754675e-01 7.0000000e-02 -7.5325110e-02
  vertex 8.8719250e-01 2.6000000e-01 -8.8330910e-02
  vertex 8.7754675e-01 2.6000000e-01 -7.5325110e-02
 endloop
endfacet
facet normal 8.577300e-01 -0.000000e+00 5.141004e-01
 outer loop
  vertex 8.9551697e-01 7.0000000e-02 -1.0221954e-01
  vertex 8.9551697e-01 2.6000000e-01 -1.0221954e-01
  vertex 8.8719250e-01 7.0000000e-02 -8.8330910e-02
 endloop
endfacet
facet normal 9.415440e-01 0.000000e+00 3.368902e-01
 outer loop
  vertex 9.0789514e-01 2.6000000e-01 -1.3210303e-01
  vertex 9.0244010e-01 2.6000000e-01 -1.1685723e-01
  vertex 9.0244010e-01 7.0000000e-02 -1.1685723e-01
 endloop
endfacet
facet normal 9.700306e-01 0.000000e+00 2.429827e-01
 outer loop
  vertex 9.1182960e-01 2.6000000e-01 -1.4781010e-01
  vertex 9.0789514e-01 7.0000000e-02 -1.3210303e-01
  vertex 9.1182960e-01 7.0000000e-02 -1.4781010e-01
 endloop
endfacet
facet normal 9.987955e-01 0.000000e+00 4.906640e-02
 outer loop
  vertex 9.1420550e-01 2.6000000e-01 -1.6382716e-01
  vertex 9.1420550e-01 7.0000000e-02 -1.6382716e-01
  vertex 9.1500000e-01 2.6000000e-01 -1.8000000e-01
 endloop
endfacet
facet normal 9.987955e-01 0.000000e+00 -4.906640e-02
 outer loop
  vertex 9.1500000e-01 7.0000000e-02 -1.8000000e-01
  vertex 9.1420550e-01 7.0000000e-02 -1.9617284e-01
  vertex 9.1420550e-01 2.6000000e-01 -1.9617284e-01
 endloop
endfacet
facet normal 9.700306e-01 0.000000e+00 -2.429827e-01
 outer loop
  vertex 9.1182960e-01 7.0000000e-02 -2.1218990e-01
  vertex 9.0789514e-01 2.6000000e-01 -2.2789697e-01
  vertex 9.1182960e-01 2.6000000e-01 -2.1218990e-01
 endloop
endfacet
facet normal 9.415439e-01 0.000000e+00 -3.368904e-01
 outer loop
  vertex 9.0244010e-01 7.0000000e-02 -2.4314276e-01
  vertex 9.0244010e-01 2.6000000e-01 -2.4314276e-01
  vertex 9.0789514e-01 7.0000000e-02 -2.2789697e-01
 endloop
endfacet
facet normal 8.577303e-01 0.000000e+00 -5.141000e-01
 outer loop
  vertex 8.8719250e-01 2.6000000e-01 -2.7166910e-01
  vertex 8.9551697e-01 2.6000000e-01 -2.5778046e-01
  vertex 8.9551697e-01 7.0000000e-02 -2.5778046e-01
 endloop
endfacet
facet normal 8.032078e-01 0.000000e+00 -5.956990e-01
 outer loop
  vertex 8.7754675e-01 2.6000000e-01 -2.8467490e-01
  vertex 8.8719250e-01 7.0000000e-02 -2.7166910e-01
  vertex 8.7754675e-01 7.0000000e-02 -2.8467490e-01
 endloop
endfacet
facet normal 6.715593e-01 0.000000e+00 -7.409508e-01
 outer loop
  vertex 8.6667260e-01 2.6000000e-01 -2.9667260e-01
  vertex 8.6667260e-01 7.0000000e-02 -2.9667260e-01
  vertex 8.5467487e-01 2.6000000e-01 -3.0754672e-01
 endloop
endfacet
facet normal 5.957002e-01 0.000000e+00 -8.032069e-01
 outer loop
  vertex 8.5467487e-01 7.0000000e-02 -3.0754672e-01
  vertex 8.4166907e-01 7.0000000e-02 -3.1719250e-01
  vertex 8.4166907e-01 2.6000000e-01 -3.1719250e-01
 endloop
endfacet
facet normal 4.275543e-01 0.000000e+00 -9.039897e-01
 outer loop
  vertex 8.2778046e-01 7.0000000e-02 -3.2551700e-01
  vertex 8.1314276e-01 2.6000000e-01 -3.3244010e-01
  vertex 8.2778046e-01 2.6000000e-01 -3.2551700e-01
 endloop
endfacet
facet normal 3.368909e-01 0.000000e+00 -9.415437e-01
 outer loop
  vertex 8.1314276e-01 7.0000000e-02 -3.3244010e-01
  vertex 7.9789700e-01 2.6000000e-01 -3.3789514e-01
  vertex 8.1314276e-01 2.6000000e-01 -3.3244010e-01
 endloop
endfacet
facet normal 4.906822e-02 0.000000e+00 -9.987954e-01
 outer loop
  vertex 7.6617285e-01 2.6000000e-01 -3.4420547e-01
  vertex 7.6617285e-01 7.0000000e-02 -3.4420547e-01
  vertex 7.5000000e-01 2.6000000e-01 -3.4500000e-01
 endloop
endfacet
facet normal 2.429800e-01 0.000000e+00 -9.700313e-01
 outer loop
  vertex 7.8218990e-01 2.6000000e-01 -3.4182956e-01
  vertex 7.9789700e-01 7.0000000e-02 -3.3789514e-01
  vertex 7.8218990e-01 7.0000000e-02 -3.4182956e-01
 endloop
endfacet
facet normal 0.000000e+00 1.000000e+00 0.000000e+00
 outer loop
  vertex -7.6568274e-01 2.6000000e-01 -2.0770443e-02
  vertex -7.8121450e-01 2.6000000e-01 -2.3074354e-02
  vertex -7.6617285e-01 2.6000000e-01 -1.5794519e-02
 endloop
endfacet
facet normal 0.000000e+00 1.000000e+00 -0.000000e+00
 outer loop
  vertex -7.6568274e-01 2.6000000e-01 -2.0770443e-02
  vertex -7.6617285e-01 2.6000000e-01 -1.5794519e-02
  vertex -7.5000000e-01 2.6000000e-01 -2.0000000e-02
 endloop
endfacet
facet normal 0.000000e+00 1.000000e+00 0.000000e+00
 outer loop
  vertex -7.8121450e-01 2.6000000e-01 -2.3074354e-02
  vertex -7.9644556e-01 2.6000000e-01 -2.6889545e-02
  vertex -7.8218990e-01 2.6000000e-01 -1.8170430e-02
 endloop
endfacet
facet normal -0.000000e+00 1.000000e+00 0.000000e+00
 outer loop
  vertex -7.9789700e-01 2.6000000e-01 -2.2104845e-02
  vertex -7.8218990e-01 2.6000000e-01 -1.8170430e-02
  vertex -7.9644556e-01 2.6000000e-01 -2.6889545e-02
 endloop
endfacet
facet normal -0.000000e+00 1.000000e+00 0.000000e+00
 outer loop
  vertex -8.1314276e-01 2.6000000e-01 -2.7559875e-02
  vertex -7.9789700e-01 2.6000000e-01 -2.2104845e-02
  vertex -8.1122940e-01 2.6000000e-01 -3.2179276e-02
 endloop
endfacet
facet normal 0.000000e+00 1.000000e+00 0.000000e+00
 outer loop
  vertex -8.1314276e-01 2.6000000e-01 -2.7559875e-02
  vertex -8.1122940e-01 2.6000000e-01 -3.2179276e-02
  vertex -8.2542346e-01 2.6000000e-01 -3.8892597e-02
 endloop
endfacet
facet normal -0.000000e+00 1.000000e+00 0.000000e+00
 outer loop
  vertex -8.4166907e-01 2.6000000e-01 -4.2807514e-02
  vertex -8.2778046e-01 2.6000000e-01 -3.4482994e-02
  vertex -8.3889124e-01 2.6000000e-01 -4.6964863e-02
 endloop
endfacet
facet normal -0.000000e+00 1.000000e+00 0.000000e+00
 outer loop
  vertex -8.5467487e-01 2.6000000e-01 -5.2453278e-02
  vertex -8.4166907e-01 2.6000000e-01 -4.2807514e-02
  vertex -8.5150290e-01 2.6000000e-01 -5.6318330e-02
 endloop
endfacet
facet normal -0.000000e+00 1.000000e+00 0.000000e+00
 outer loop
  vertex -8.6667260e-01 2.6000000e-01 -6.3327380e-02
  vertex -8.5467487e-01 2.6000000e-01 -5.2453278e-02
  vertex -8.6313710e-01 2.6000000e-01 -6.6862915e-02
 endloop
endfacet
facet normal -0.000000e+00 1.000000e+00 0.000000e+00
 outer loop
  vertex -8.7754675e-01 2.6000000e-01 -7.5325110e-02
  vertex -8.6667260e-01 2.6000000e-01 -6.3327380e-02
  vertex -8.7368164e-01 2.6000000e-01 -7.8497080e-02
 endloop
endfacet
facet normal -0.000000e+00 1.000000e+00 0.000000e+00
 outer loop
  vertex -8.8719250e-01 2.6000000e-01 -8.8330910e-02
  vertex -8.7754675e-01 2.6000000e-01 -7.5325110e-02
  vertex -8.8303510e-01 2.6000000e-01 -9.1108765e-02
 endloop
endfacet
facet normal -0.000000e+00 1.000000e+00 0.000000e+00
 outer loop
  vertex -8.9551697e-01 2.6000000e-01 -1.0221954e-01
  vertex -8.8719250e-01 2.6000000e-01 -8.8330910e-02
  vertex -8.9110736e-01 2.6000000e-01 -1.0457652e-01
 endloop
endfacet
facet normal -0.000000e+00 1.000000e+00 0.000000e+00
 outer loop
  vertex -9.0244010e-01 2.6000000e-01 -1.1685723e-01
  vertex -8.9551697e-01 2.6000000e-01 -1.0221954e-01
  vertex -8.9782074e-01 2.6000000e-01 -1.1877065e-01
 endloop
endfacet
facet normal -0.000000e+00 1.000000e+00 0.000000e+00
 outer loop
  vertex -9.0789514e-01 2.6000000e-01 -1.3210303e-01
  vertex -9.0244010e-01 2.6000000e-01 -1.1685723e-01
  vertex -9.0311050e-01 2.6000000e-01 -1.3355446e-01
 endloop
endfacet
facet normal -0.000000e+00 1.000000e+00 0.000000e+00
 outer loop
  vertex -9.1182960e-01 2.6000000e-01 -1.4781010e-01
  vertex -9.0789514e-01 2.6000000e-01 -1.3210303e-01
  vertex -9.0692560e-01 2.6000000e-01 -1.4878555e-01
 endloop
endfacet
facet normal -0.000000e+00 1.000000e+00 0.000000e+00
 outer loop
  vertex -9.1420550e-01 2.6000000e-01 -1.6382716e-01
  vertex -9.1182960e-01 2.6000000e-01 -1.4781010e-01
  vertex -9.0922955e-01 2.6000000e-01 -1.6431725e-01
 endloop
endfacet
facet normal 0.000000e+00 1.000000e+00 0.000000e+00
 outer loop
  vertex -9.1500000e-01 2.6000000e-01 -1.8000000e-01
  vertex -9.1420550e-01 2.6000000e-01 -1.6382716e-01
  vertex -9.1000000e-01 2.6000000e-01 -1.8000000e-01
 endloop
endfacet
facet normal 0.000000e+00 1.000000e+00 -0.000000e+00
 outer loop
  vertex -9.1420550e-01 2.6000000e-01 -1.9617284e-01
  vertex -9.1500000e-01 2.6000000e-01 -1.8000000e-01
  vertex -9.0922955e-01 2.6000000e-01 -1.9568275e-01
 endloop
endfacet
facet normal 0.000000e+00 1.000000e+00 -0.000000e+00
 outer loop
  vertex -9.1182960e-01 2.6000000e-01 -2.1218990e-01
  vertex -9.1420550e-01 2.6000000e-01 -1.9617284e-01
  vertex -9.0692560e-01 2.6000000e-01 -2.1121445e-01
 endloop
endfacet
facet normal 0.000000e+00 1.000000e+00 -0.000000e+00
 outer loop
  vertex -9.0789514e-01 2.6000000e-01 -2.2789697e-01
  vertex -9.1182960e-01 2.6000000e-01 -2.1218990e-01
  vertex -9.0311050e-01 2.6000000e-01 -2.2644556e-01
 endloop
endfacet
facet normal 0.000000e+00 1.000000e+00 -0.000000e+00
 outer loop
  vertex -9.0244010e-01 2.6000000e-01 -2.4314276e-01
  vertex -9.0789514e-01 2.6000000e-01 -2.2789697e-01
  vertex -8.9782074e-01 2.6000000e-01 -2.4122935e-01
 endloop
endfacet
facet normal 0.000000e+00 1.000000e+00 -0.000000e+00
 outer loop
  vertex -8.9551697e-01 2.6000000e-01 -2.5778046e-01
  vertex -9.0244010e-01 2.6000000e-01 -2.4314276e-01
  vertex -8.9110736e-01 2.6000000e-01 -2.5542350e-01
 endloop
endfacet
facet normal 0.000000e+00 1.000000e+00 -0.000000e+00
 outer loop
  vertex -8.8719250e-01 2.6000000e-01 -2.7166910e-01
  vertex -8.9551697e-01 2.6000000e-01 -2.5778046e-01
  vertex -8.8303510e-01 2.6000000e-01 -2.6889124e-01
 endloop
endfacet
facet normal 0.000000e+00 1.000000e+00 -0.000000e+00
 outer loop
  vertex -8.7754675e-01 2.6000000e-01 -2.8467490e-01
  vertex -8.8719250e-01 2.6000000e-01 -2.7166910e-01
  vertex -8.7368164e-01 2.6000000e-01 -2.8150293e-01
 endloop
endfacet
facet normal 0.000000e+00 1.000000e+00 -0.000000e+00
 outer loop
  vertex -8.6667260e-01 2.6000000e-01 -2.9667260e-01
  vertex -8.7754675e-01 2.6000000e-01 -2.8467490e-01
  vertex -8.6313710e-01 2.6000000e-01 -2.9313710e-01
 endloop
endfacet
facet normal 0.000000e+00 1.000000e+00 -0.000000e+00
 outer loop
  vertex -8.5467487e-01 2.6000000e-01 -3.0754672e-01
  vertex -8.6667260e-01 2.6000000e-01 -2.9667260e-01
  vertex -8.5150290e-01 2.6000000e-01 -3.0368167e-01
 endloop
endfacet
facet normal 0.000000e+00 1.000000e+00 -0.000000e+00
 outer loop
  vertex -8.4166907e-01 2.6000000e-01 -3.1719250e-01
  vertex -8.5467487e-01 2.6000000e-01 -3.0754672e-01
  vertex -8.3889124e-01 2.6000000e-01 -3.1303513e-01
 endloop
endfacet
facet normal 0.000000e+00 1.000000e+00 -0.000000e+00
 outer loop
  vertex -8.2778046e-01 2.6000000e-01 -3.2551700e-01
  vertex -8.4166907e-01 2.6000000e-01 -3.1719250e-01
  vertex -8.2542346e-01 2.6000000e-01 -3.2110740e-01
 endloop
endfacet
facet normal 0.000000e+00 1.000000e+00 -0.000000e+00
 outer loop
  vertex -8.1314276e-01 2.6000000e-01 -3.3244010e-01
  vertex -8.2778046e-01 2.6000000e-01 -3.2551700e-01
  vertex -8.1122940e-01 2.6000000e-01 -3.2782070e-01
 endloop
endfacet
facet normal 0.000000e+00 1.000000e+00 -0.000000e+00
 outer loop
  vertex -7.9789700e-01 2.6000000e-01 -3.3789514e-01
  vertex -8.1314276e-01 2.6000000e-01 -3.3244010e-01
  vertex -7.9644556e-01 2.6000000e-01 -3.3311044e-01
 endloop
endfacet
facet normal 0.000000e+00 1.000000e+00 -0.000000e+00
 outer loop
  vertex -7.8218990e-01 2.6000000e-01 -3.4182956e-01
  vertex -7.9789700e-01 2.6000000e-01 -3.3789514e-01
  vertex -7.8121450e-01 2.6000000e-01 -3.3692566e-01
 endloop
endfacet
facet normal 0.000000e+00 1.000000e+00 0.000000e+00
 outer loop
  vertex -7.5000000e-01 2.6000000e-01 -3.4000000e-01
  vertex -7.5000000e-01 2.6000000e-01 -3.4500000e-01
  vertex -7.6617285e-01 2.6000000e-01 -3.4420547e-01
 endloop
endfacet
facet normal -0.000000e+00 1.000000e+00 0.000000e+00
 outer loop
  vertex -7.5000000e-01 2.6000000e-01 -3.4000000e-01
  vertex 7.5000000e-01 2.6000000e-01 -3.4000000e-01
  vertex -7.5000000e-01 2.6000000e-01 -3.4500000e-01
 endloop
endfacet
facet normal -0.000000e+00 1.000000e+00 0.000000e+00
 outer loop
  vertex 7.5000000e-01 2.6000000e-01 -3.4000000e-01
  vertex 7.6568274e-01 2.6000000e-01 -3.3922955e-01
  vertex 7.5000000e-01 2.6000000e-01 -3.4500000e-01
 endloop
endfacet
facet normal 0.000000e+00 1.000000e+00 0.000000e+00
 outer loop
  vertex 7.6617285e-01 2.6000000e-01 -3.4420547e-01
  vertex 7.5000000e-01 2.6000000e-01 -3.4500000e-01
  vertex 7.6568274e-01 2.6000000e-01 -3.3922955e-01
 endloop
endfacet
facet normal 0.000000e+00 1.000000e+00 0.000000e+00
 outer loop
  vertex 7.8218990e-01 2.6000000e-01 -3.4182956e-01
  vertex 7.6617285e-01 2.6000000e-01 -3.4420547e-01
  vertex 7.8121450e-01 2.6000000e-01 -3.3692566e-01
 endloop
endfacet
facet normal 0.000000e+00 1.000000e+00 0.000000e+00
 outer loop
  vertex 7.9789700e-01 2.6000000e-01 -3.3789514e-01
  vertex 7.8218990e-01 2.6000000e-01 -3.4182956e-01
  vertex 7.9644556e-01 2.6000000e-01 -3.3311044e-01
 endloop
endfacet
facet normal 0.000000e+00 1.000000e+00 0.000000e+00
 outer loop
  vertex 8.1314276e-01 2.6000000e-01 -3.3244010e-01
  vertex 7.9789700e-01 2.6000000e-01 -3.3789514e-01
  vertex 8.1122940e-01 2.6000000e-01 -3.2782070e-01
 endloop
endfacet
facet normal 0.000000e+00 1.000000e+00 0.000000e+00
 outer loop
  vertex 8.2778046e-01 2.6000000e-01 -3.2551700e-01
  vertex 8.1314276e-01 2.6000000e-01 -3.3244010e-01
  vertex 8.2542346e-01 2.6000000e-01 -3.2110740e-01
 endloop
endfacet
facet normal 0.000000e+00 1.000000e+00 0.000000e+00
 outer loop
  vertex 8.4166907e-01 2.6000000e-01 -3.1719250e-01
  vertex 8.2778046e-01 2.6000000e-01 -3.2551700e-01
  vertex 8.3889124e-01 2.6000000e-01 -3.1303513e-01
 endloop
endfacet
facet normal 0.000000e+00 1.000000e+00 0.000000e+00
 outer loop
  vertex 8.5467487e-01 2.6000000e-01 -3.0754672e-01
  vertex 8.4166907e-01 2.6000000e-01 -3.1719250e-01
  vertex 8.5150290e-01 2.6000000e-01 -3.0368167e-01
 endloop
endfacet
facet normal 0.000000e+00 1.000000e+00 0.000000e+00
 outer loop
  vertex 8.6667260e-01 2.6000000e-01 -2.9667260e-01
  vertex 8.5467487e-01 2.6000000e-01 -3.0754672e-01
  vertex 8.6313710e-01 2.6000000e-01 -2.9313710e-01
 endloop
endfacet
facet normal 0.000000e+00 1.000000e+00 0.000000e+00
 outer loop
  vertex 8.7754675e-01 2.6000000e-01 -2.8467490e-01
  vertex 8.6667260e-01 2.6000000e-01 -2.9667260e-01
  vertex 8.7368164e-01 2.6000000e-01 -2.8150293e-01
 endloop
endfacet
facet normal 0.000000e+00 1.000000e+00 0.000000e+00
 outer loop
  vertex 8.8719250e-01 2.6000000e-01 -2.7166910e-01
  vertex 8.7754675e-01 2.6000000e-01 -2.8467490e-01
  vertex 8.8303510e-01 2.6000000e-01 -2.6889124e-01
 endloop
endfacet
facet normal 0.000000e+00 1.000000e+00 0.000000e+00
 outer loop
  vertex 8.9551697e-01 2.6000000e-01 -2.5778046e-01
  vertex 8.8719250e-01 2.6000000e-01 -2.7166910e-01
  vertex 8.9110736e-01 2.6000000e-01 -2.5542350e-01
 endloop
endfacet
facet normal 0.000000e+00 1.000000e+00 0.000000e+00
 outer loop
  vertex 9.0244010e-01 2.6000000e-01 -2.4314276e-01
  vertex 8.9551697e-01 2.6000000e-01 -2.5778046e-01
  vertex 8.9782074e-01 2.6000000e-01 -2.4122935e-01
 endloop
endfacet
facet normal 0.000000e+00 1.000000e+00 0.000000e+00
 outer loop
  vertex 9.0789514e-01 2.6000000e-01 -2.2789697e-01
  vertex 9.0244010e-01 2.6000000e-01 -2.4314276e-01
  vertex 9.0311050e-01 2.6000000e-01 -2.2644556e-01
 endloop
endfacet
facet normal 0.000000e+00 1.000000e+00 0.000000e+00
 outer loop
  vertex 9.1182960e-01 2.6000000e-01 -2.1218990e-01
  vertex 9.0789514e-01 2.6000000e-01 -2.2789697e-01
  vertex 9.0692560e-01 2.6000000e-01 -2.1121445e-01
 endloop
endfacet
facet normal 0.000000e+00 1.000000e+00 0.000000e+00
 outer loop
  vertex 9.1420550e-01 2.6000000e-01 -1.9617284e-01
  vertex 9.1182960e-01 2.6000000e-01 -2.1218990e-01
  vertex 9.0922955e-01 2.6000000e-01 -1.9568275e-01
 endloop
endfacet
facet normal 0.000000e+00 1.000000e+00 0.000000e+00
 outer loop
  vertex 9.1500000e-01 2.6000000e-01 -1.8000000e-01
  vertex 9.1420550e-01 2.6000000e-01 -1.9617284e-01
  vertex 9.1000000e-01 2.6000000e-01 -1.8000000e-01
 endloop
endfacet
facet normal 0.000000e+00 1.000000e+00 0.000000e+00
 outer loop
  vertex 9.1420550e-01 2.6000000e-01 -1.6382716e-01
  vertex 9.1500000e-01 2.6000000e-01 -1.8000000e-01
  vertex 9.0922955e-01 2.6000000e-01 -1.6431725e-01
 endloop
endfacet
facet normal 0.000000e+00 1.000000e+00 0.000000e+00
 outer loop
  vertex 9.1182960e-01 2.6000000e-01 -1.4781010e-01
  vertex 9.1420550e-01 2.6000000e-01 -1.6382716e-01
  vertex 9.0692560e-01 2.6000000e-01 -1.4878555e-01
 endloop
endfacet
facet normal 0.000000e+00 1.000000e+00 0.000000e+00
 outer loop
  vertex 9.0789514e-01 2.6000000e-01 -1.3210303e-01
  vertex 9.1182960e-01 2.6000000e-01 -1.4781010e-01
  vertex 9.0311050e-01 2.6000000e-01 -1.3355446e-01
 endloop
endfacet
facet normal 0.000000e+00 1.000000e+00 0.000000e+00
 outer loop
  vertex 9.0244010e-01 2.6000000e-01 -1.1685723e-01
  vertex 9.0789514e-01 2.6000000e-01 -1.3210303e-01
  vertex 8.9782074e-01 2.6000000e-01 -1.1877065e-01
 endloop
endfacet
facet normal 0.000000e+00 1.000000e+00 0.000000e+00
 outer loop
  vertex 8.9551697e-01 2.6000000e-01 -1.0221954e-01
  vertex 9.0244010e-01 2.6000000e-01 -1.1685723e-01
  vertex 8.9110736e-01 2.6000000e-01 -1.0457652e-01
 endloop
endfacet
facet normal 0.000000e+00 1.000000e+00 0.000000e+00
 outer loop
  vertex 8.8719250e-01 2.6000000e-01 -8.8330910e-02
  vertex 8.9551697e-01 2.6000000e-01 -1.0221954e-01
  vertex 8.8303510e-01 2.6000000e-01 -9.1108765e-02
 endloop
endfacet
facet normal 0.000000e+00 1.000000e+00 0.000000e+00
 outer loop
  vertex 8.7754675e-01 2.6000000e-01 -7.5325110e-02
  vertex 8.8719250e-01 2.6000000e-01 -8.8330910e-02
  vertex 8.7368164e-01 2.6000000e-01 -7.8497080e-02
 endloop
endfacet
facet normal 0.000000e+00 1.000000e+00 0.000000e+00
 outer loop
  vertex 8.6667260e-01 2.6000000e-01 -6.3327380e-02
  vertex 8.7754675e-01 2.6000000e-01 -7.5325110e-02
  vertex 8.6313710e-01 2.6000000e-01 -6.6862915e-02
 endloop
endfacet
facet normal 0.000000e+00 1.000000e+00 0.000000e+00
 outer loop
  vertex 8.5467487e-01 2.6000000e-01 -5.2453278e-02
  vertex 8.6667260e-01 2.6000000e-01 -6.3327380e-02
  vertex 8.5150290e-01 2.6000000e-01 -5.6318330e-02
 endloop
endfacet
facet normal 0.000000e+00 1.000000e+00 0.000000e+00
 outer loop
  vertex 8.4166907e-01 2.6000000e-01 -4.2807514e-02
  vertex 8.5467487e-01 2.6000000e-01 -5.2453278e-02
  vertex 8.3889124e-01 2.6000000e-01 -4.6964863e-02
 endloop
endfacet
facet normal 0.000000e+00 1.000000e+00 0.000000e+00
 outer loop
  vertex 8.2778046e-01 2.6000000e-01 -3.4482994e-02
  vertex 8.4166907e-01 2.6000000e-01 -4.2807514e-02
  vertex 8.2542346e-01 2.6000000e-01 -3.8892597e-02
 endloop
endfacet
facet normal 0.000000e+00 1.000000e+00 0.000000e+00
 outer loop
  vertex 8.1314276e-01 2.6000000e-01 -2.7559875e-02
  vertex 8.2778046e-01 2.6000000e-01 -3.4482994e-02
  vertex 8.1122940e-01 2.6000000e-01 -3.2179276e-02
 endloop
endfacet
facet normal 0.000000e+00 1.000000e+00 0.000000e+00
 outer loop
  vertex 7.9789700e-01 2.6000000e-01 -2.2104845e-02
  vertex 8.1314276e-01 2.6000000e-01 -2.7559875e-02
  vertex 7.9644556e-01 2.6000000e-01 -2.6889545e-02
 endloop
endfacet
facet normal 0.000000e+00 1.000000e+00 0.000000e+00
 outer loop
  vertex 7.8218990e-01 2.6000000e-01 -1.8170430e-02
  vertex 7.9789700e-01 2.6000000e-01 -2.2104845e-02
  vertex 7.8121450e-01 2.6000000e-01 -2.3074354e-02
 endloop
endfacet
facet normal 0.000000e+00 1.000000e+00 -0.000000e+00
 outer loop
  vertex 7.6617285e-01 2.6000000e-01 -3.4420547e-01
  vertex 7.6568274e-01 2.6000000e-01 -3.3922955e-01
  vertex 7.8121450e-01 2.6000000e-01 -3.3692566e-01
 endloop
endfacet
facet normal 0.000000e+00 1.000000e+00 -0.000000e+00
 outer loop
  vertex 7.9789700e-01 2.6000000e-01 -3.3789514e-01
  vertex 7.9644556e-01 2.6000000e-01 -3.3311044e-01
  vertex 8.1122940e-01 2.6000000e-01 -3.2782070e-01
 endloop
endfacet
facet normal 0.000000e+00 1.000000e+00 -0.000000e+00
 outer loop
  vertex 7.5000000e-01 2.6000000e-01 -2.0000000e-02
  vertex -7.5000000e-01 2.6000000e-01 -2.0000000e-02
  vertex 7.5000000e-01 2.6000000e-01 -1.5000000e-02
 endloop
endfacet
facet normal 0.000000e+00 1.000000e+00 0.000000e+00
 outer loop
  vertex -8.3889124e-01 2.6000000e-01 -4.6964863e-02
  vertex -8.2778046e-01 2.6000000e-01 -3.4482994e-02
  vertex -8.2542346e-01 2.6000000e-01 -3.8892597e-02
 endloop
endfacet
facet normal 0.000000e+00 1.000000e+00 0.000000e+00
 outer loop
  vertex 7.5000000e-01 2.6000000e-01 -3.4000000e-01
  vertex 7.5000000e-01 2.6000000e-01 -3.4500000e-01
  vertex -7.5000000e-01 2.6000000e-01 -3.4500000e-01
 endloop
endfacet
facet normal 0.000000e+00 1.000000e+00 0.000000e+00
 outer loop
  vertex 7.5000000e-01 2.6000000e-01 -2.0000000e-02
  vertex 7.5000000e-01 2.6000000e-01 -1.5000000e-02
  vertex 7.6617285e-01 2.6000000e-01 -1.5794519e-02
 endloop
endfacet
facet normal -0.000000e+00 1.000000e+00 0.000000e+00
 outer loop
  vertex 7.5000000e-01 2.6000000e-01 -2.0000000e-02
  vertex 7.6617285e-01 2.6000000e-01 -1.5794519e-02
  vertex 7.6568274e-01 2.6000000e-01 -2.0770443e-02
 endloop
endfacet
facet normal 0.000000e+00 1.000000e+00 0.000000e+00
 outer loop
  vertex 7.6617285e-01 2.6000000e-01 -1.5794519e-02
  vertex 7.8218990e-01 2.6000000e-01 -1.8170430e-02
  vertex 7.6568274e-01 2.6000000e-01 -2.0770443e-02
 endloop
endfacet
facet normal 0.000000e+00 1.000000e+00 0.000000e+00
 outer loop
  vertex 7.8218990e-01 2.6000000e-01 -1.8170430e-02
  vertex 7.8121450e-01 2.6000000e-01 -2.3074354e-02
  vertex 7.6568274e-01 2.6000000e-01 -2.0770443e-02
 endloop
endfacet
facet normal 0.000000e+00 1.000000e+00 0.000000e+00
 outer loop
  vertex 7.9789700e-01 2.6000000e-01 -2.2104845e-02
  vertex 7.9644556e-01 2.6000000e-01 -2.6889545e-02
  vertex 7.8121450e-01 2.6000000e-01 -2.3074354e-02
 endloop
endfacet
facet normal 0.000000e+00 1.000000e+00 0.000000e+00
 outer loop
  vertex 8.1314276e-01 2.6000000e-01 -2.7559875e-02
  vertex 8.1122940e-01 2.6000000e-01 -3.2179276e-02
  vertex 7.9644556e-01 2.6000000e-01 -2.6889545e-02
 endloop
endfacet
facet normal 0.000000e+00 1.000000e+00 0.000000e+00
 outer loop
  vertex 8.2778046e-01 2.6000000e-01 -3.4482994e-02
  vertex 8.2542346e-01 2.6000000e-01 -3.8892597e-02
  vertex 8.1122940e-01 2.6000000e-01 -3.2179276e-02
 endloop
endfacet
facet normal 0.000000e+00 1.000000e+00 0.000000e+00
 outer loop
  vertex 8.4166907e-01 2.6000000e-01 -4.2807514e-02
  vertex 8.3889124e-01 2.6000000e-01 -4.6964863e-02
  vertex 8.2542346e-01 2.6000000e-01 -3.8892597e-02
 endloop
endfacet
facet normal 0.000000e+00 1.000000e+00 0.000000e+00
 outer loop
  vertex 8.5467487e-01 2.6000000e-01 -5.2453278e-02
  vertex 8.5150290e-01 2.6000000e-01 -5.6318330e-02
  vertex 8.3889124e-01 2.6000000e-01 -4.6964863e-02
 endloop
endfacet
facet normal 0.000000e+00 1.000000e+00 0.000000e+00
 outer loop
  vertex 8.6667260e-01 2.6000000e-01 -6.3327380e-02
  vertex 8.6313710e-01 2.6000000e-01 -6.6862915e-02
  vertex 8.5150290e-01 2.6000000e-01 -5.6318330e-02
 endloop
endfacet
facet normal 0.000000e+00 1.000000e+00 0.000000e+00
 outer loop
  vertex 8.7754675e-01 2.6000000e-01 -7.5325110e-02
  vertex 8.7368164e-01 2.6000000e-01 -7.8497080e-02
  vertex 8.6313710e-01 2.6000000e-01 -6.6862915e-02
 endloop
endfacet
facet normal 0.000000e+00 1.000000e+00 0.000000e+00
 outer loop
  vertex 8.8719250e-01 2.6000000e-01 -8.8330910e-02
  vertex 8.8303510e-01 2.6000000e-01 -9.1108765e-02
  vertex 8.7368164e-01 2.6000000e-01 -7.8497080e-02
 endloop
endfacet
facet normal 0.000000e+00 1.000000e+00 0.000000e+00
 outer loop
  vertex 8.9551697e-01 2.6000000e-01 -1.0221954e-01
  vertex 8.9110736e-01 2.6000000e-01 -1.0457652e-01
  vertex 8.8303510e-01 2.6000000e-01 -9.1108765e-02
 endloop
endfacet
facet normal 0.000000e+00 1.000000e+00 0.000000e+00
 outer loop
  vertex 9.0244010e-01 2.6000000e-01 -1.1685723e-01
  vertex 8.9782074e-01 2.6000000e-01 -1.1877065e-01
  vertex 8.9110736e-01 2.6000000e-01 -1.0457652e-01
 endloop
endfacet
facet normal 0.000000e+00 1.000000e+00 0.000000e+00
 outer loop
  vertex 9.0311050e-01 2.6000000e-01 -1.3355446e-01
  vertex 9.1182960e-01 2.6000000e-01 -1.4781010e-01
  vertex 9.0692560e-01 2.6000000e-01 -1.4878555e-01
 endloop
endfacet
facet normal 0.000000e+00 1.000000e+00 0.000000e+00
 outer loop
  vertex 9.0789514e-01 2.6000000e-01 -1.3210303e-01
  vertex 9.0311050e-01 2.6000000e-01 -1.3355446e-01
  vertex 8.9782074e-01 2.6000000e-01 -1.1877065e-01
 endloop
endfacet
facet normal 0.000000e+00 1.000000e+00 0.000000e+00
 outer loop
  vertex 9.0692560e-01 2.6000000e-01 -1.4878555e-01
  vertex 9.1420550e-01 2.6000000e-01 -1.6382716e-01
  vertex 9.0922955e-01 2.6000000e-01 -1.6431725e-01
 endloop
endfacet
facet normal 0.000000e+00 1.000000e+00 0.000000e+00
 outer loop
  vertex 9.0922955e-01 2.6000000e-01 -1.6431725e-01
  vertex 9.1500000e-01 2.6000000e-01 -1.8000000e-01
  vertex 9.1000000e-01 2.6000000e-01 -1.8000000e-01
 endloop
endfacet
facet normal 0.000000e+00 1.000000e+00 0.000000e+00
 outer loop
  vertex 9.1000000e-01 2.6000000e-01 -1.8000000e-01
  vertex 9.1420550e-01 2.6000000e-01 -1.9617284e-01
  vertex 9.0922955e-01 2.6000000e-01 -1.9568275e-01
 endloop
endfacet
facet normal 0.000000e+00 1.000000e+00 0.000000e+00
 outer loop
  vertex 9.0922955e-01 2.6000000e-01 -1.9568275e-01
  vertex 9.1182960e-01 2.6000000e-01 -2.1218990e-01
  vertex 9.0692560e-01 2.6000000e-01 -2.1121445e-01
 endloop
endfacet
facet normal 0.000000e+00 1.000000e+00 0.000000e+00
 outer loop
  vertex 9.0692560e-01 2.6000000e-01 -2.1121445e-01
  vertex 9.0789514e-01 2.6000000e-01 -2.2789697e-01
  vertex 9.0311050e-01 2.6000000e-01 -2.2644556e-01
 endloop
endfacet
facet normal -0.000000e+00 1.000000e+00 0.000000e+00
 outer loop
  vertex 8.9782074e-01 2.6000000e-01 -2.4122935e-01
  vertex 9.0311050e-01 2.6000000e-01 -2.2644556e-01
  vertex 9.0244010e-01 2.6000000e-01 -2.4314276e-01
 endloop
endfacet
facet normal -0.000000e+00 1.000000e+00 0.000000e+00
 outer loop
  vertex 8.9110736e-01 2.6000000e-01 -2.5542350e-01
  vertex 8.9782074e-01 2.6000000e-01 -2.4122935e-01
  vertex 8.9551697e-01 2.6000000e-01 -2.5778046e-01
 endloop
endfacet
facet normal -0.000000e+00 1.000000e+00 0.000000e+00
 outer loop
  vertex 8.8303510e-01 2.6000000e-01 -2.6889124e-01
  vertex 8.9110736e-01 2.6000000e-01 -2.5542350e-01
  vertex 8.8719250e-01 2.6000000e-01 -2.7166910e-01
 endloop
endfacet
facet normal -0.000000e+00 1.000000e+00 0.000000e+00
 outer loop
  vertex 8.7368164e-01 2.6000000e-01 -2.8150293e-01
  vertex 8.8303510e-01 2.6000000e-01 -2.6889124e-01
  vertex 8.7754675e-01 2.6000000e-01 -2.8467490e-01
 endloop
endfacet
facet normal 0.000000e+00 1.000000e+00 -0.000000e+00
 outer loop
  vertex 8.5467487e-01 2.6000000e-01 -3.0754672e-01
  vertex 8.5150290e-01 2.6000000e-01 -3.0368167e-01
  vertex 8.6313710e-01 2.6000000e-01 -2.9313710e-01
 endloop
endfacet
facet normal -0.000000e+00 1.000000e+00 0.000000e+00
 outer loop
  vertex 8.6313710e-01 2.6000000e-01 -2.9313710e-01
  vertex 8.7368164e-01 2.6000000e-01 -2.8150293e-01
  vertex 8.6667260e-01 2.6000000e-01 -2.9667260e-01
 endloop
endfacet
facet normal 0.000000e+00 1.000000e+00 -0.000000e+00
 outer loop
  vertex 8.4166907e-01 2.6000000e-01 -3.1719250e-01
  vertex 8.3889124e-01 2.6000000e-01 -3.1303513e-01
  vertex 8.5150290e-01 2.6000000e-01 -3.0368167e-01
 endloop
endfacet
facet normal 0.000000e+00 1.000000e+00 -0.000000e+00
 outer loop
  vertex 8.2778046e-01 2.6000000e-01 -3.2551700e-01
  vertex 8.2542346e-01 2.6000000e-01 -3.2110740e-01
  vertex 8.3889124e-01 2.6000000e-01 -3.1303513e-01
 endloop
endfacet
facet normal -0.000000e+00 1.000000e+00 0.000000e+00
 outer loop
  vertex 7.8121450e-01 2.6000000e-01 -3.3692566e-01
  vertex 7.9644556e-01 2.6000000e-01 -3.3311044e-01
  vertex 7.8218990e-01 2.6000000e-01 -3.4182956e-01
 endloop
endfacet
facet normal 0.000000e+00 1.000000e+00 0.000000e+00
 outer loop
  vertex 7.5000000e-01 2.6000000e-01 -1.5000000e-02
  vertex -7.5000000e-01 2.6000000e-01 -2.0000000e-02
  vertex -7.5000000e-01 2.6000000e-01 -1.5000000e-02
 endloop
endfacet
facet normal 0.000000e+00 1.000000e+00 -0.000000e+00
 outer loop
  vertex -7.5000000e-01 2.6000000e-01 -2.0000000e-02
  vertex -7.6617285e-01 2.6000000e-01 -1.5794519e-02
  vertex -7.5000000e-01 2.6000000e-01 -1.5000000e-02
 endloop
endfacet
facet normal 0.000000e+00 1.000000e+00 0.000000e+00
 outer loop
  vertex -7.6617285e-01 2.6000000e-01 -3.4420547e-01
  vertex -7.6568274e-01 2.6000000e-01 -3.3922955e-01
  vertex -7.5000000e-01 2.6000000e-01 -3.4000000e-01
 endloop
endfacet
facet normal -0.000000e+00 1.000000e+00 0.000000e+00
 outer loop
  vertex -7.8218990e-01 2.6000000e-01 -3.4182956e-01
  vertex -7.6568274e-01 2.6000000e-01 -3.3922955e-01
  vertex -7.6617285e-01 2.6000000e-01 -3.4420547e-01
 endloop
endfacet
facet normal 0.000000e+00 1.000000e+00 0.000000e+00
 outer loop
  vertex -7.8121450e-01 2.6000000e-01 -3.3692566e-01
  vertex -7.6568274e-01 2.6000000e-01 -3.3922955e-01
  vertex -7.8218990e-01 2.6000000e-01 -3.4182956e-01
 endloop
endfacet
facet normal 0.000000e+00 1.000000e+00 0.000000e+00
 outer loop
  vertex -7.9644556e-01 2.6000000e-01 -3.3311044e-01
  vertex -7.8121450e-01 2.6000000e-01 -3.3692566e-01
  vertex -7.9789700e-01 2.6000000e-01 -3.3789514e-01
 endloop
endfacet
facet normal 0.000000e+00 1.000000e+00 0.000000e+00
 outer loop
  vertex -8.1122940e-01 2.6000000e-01 -3.2782070e-01
  vertex -7.9644556e-01 2.6000000e-01 -3.3311044e-01
  vertex -8.1314276e-01 2.6000000e-01 -3.3244010e-01
 endloop
endfacet
facet normal 0.000000e+00 1.000000e+00 0.000000e+00
 outer loop
  vertex -8.2542346e-01 2.6000000e-01 -3.2110740e-01
  vertex -8.1122940e-01 2.6000000e-01 -3.2782070e-01
  vertex -8.2778046e-01 2.6000000e-01 -3.2551700e-01
 endloop
endfacet
facet normal 0.000000e+00 1.000000e+00 0.000000e+00
 outer loop
  vertex -8.3889124e-01 2.6000000e-01 -3.1303513e-01
  vertex -8.2542346e-01 2.6000000e-01 -3.2110740e-01
  vertex -8.4166907e-01 2.6000000e-01 -3.1719250e-01
 endloop
endfacet
facet normal 0.000000e+00 1.000000e+00 0.000000e+00
 outer loop
  vertex -8.5150290e-01 2.6000000e-01 -3.0368167e-01
  vertex -8.3889124e-01 2.6000000e-01 -3.1303513e-01
  vertex -8.5467487e-01 2.6000000e-01 -3.0754672e-01
 endloop
endfacet
facet normal 0.000000e+00 1.000000e+00 0.000000e+00
 outer loop
  vertex -8.6313710e-01 2.6000000e-01 -2.9313710e-01
  vertex -8.5150290e-01 2.6000000e-01 -3.0368167e-01
  vertex -8.6667260e-01 2.6000000e-01 -2.9667260e-01
 endloop
endfacet
facet normal -0.000000e+00 1.000000e+00 0.000000e+00
 outer loop
  vertex -8.8719250e-01 2.6000000e-01 -2.7166910e-01
  vertex -8.8303510e-01 2.6000000e-01 -2.6889124e-01
  vertex -8.7368164e-01 2.6000000e-01 -2.8150293e-01
 endloop
endfacet
facet normal 0.000000e+00 1.000000e+00 0.000000e+00
 outer loop
  vertex -8.7368164e-01 2.6000000e-01 -2.8150293e-01
  vertex -8.6313710e-01 2.6000000e-01 -2.9313710e-01
  vertex -8.7754675e-01 2.6000000e-01 -2.8467490e-01
 endloop
endfacet
facet normal -0.000000e+00 1.000000e+00 0.000000e+00
 outer loop
  vertex -8.9551697e-01 2.6000000e-01 -2.5778046e-01
  vertex -8.9110736e-01 2.6000000e-01 -2.5542350e-01
  vertex -8.8303510e-01 2.6000000e-01 -2.6889124e-01
 endloop
endfacet
facet normal -0.000000e+00 1.000000e+00 0.000000e+00
 outer loop
  vertex -9.0244010e-01 2.6000000e-01 -2.4314276e-01
  vertex -8.9782074e-01 2.6000000e-01 -2.4122935e-01
  vertex -8.9110736e-01 2.6000000e-01 -2.5542350e-01
 endloop
endfacet
facet normal -0.000000e+00 1.000000e+00 0.000000e+00
 outer loop
  vertex -9.0789514e-01 2.6000000e-01 -2.2789697e-01
  vertex -9.0311050e-01 2.6000000e-01 -2.2644556e-01
  vertex -8.9782074e-01 2.6000000e-01 -2.4122935e-01
 endloop
endfacet
facet normal 0.000000e+00 1.000000e+00 0.000000e+00
 outer loop
  vertex -9.1000000e-01 2.6000000e-01 -1.8000000e-01
  vertex -9.0922955e-01 2.6000000e-01 -1.9568275e-01
  vertex -9.1500000e-01 2.6000000e-01 -1.8000000e-01
 endloop
endfacet
facet normal 0.000000e+00 1.000000e+00 0.000000e+00
 outer loop
  vertex -9.0922955e-01 2.6000000e-01 -1.6431725e-01
  vertex -9.1000000e-01 2.6000000e-01 -1.8000000e-01
  vertex -9.1420550e-01 2.6000000e-01 -1.6382716e-01
 endloop
endfacet
facet normal 0.000000e+00 1.000000e+00 0.000000e+00
 outer loop
  vertex -9.0692560e-01 2.6000000e-01 -1.4878555e-01
  vertex -9.0922955e-01 2.6000000e-01 -1.6431725e-01
  vertex -9.1182960e-01 2.6000000e-01 -1.4781010e-01
 endloop
endfacet
facet normal 0.000000e+00 1.000000e+00 0.000000e+00
 outer loop
  vertex -9.0311050e-01 2.6000000e-01 -1.3355446e-01
  vertex -9.0692560e-01 2.6000000e-01 -1.4878555e-01
  vertex -9.0789514e-01 2.6000000e-01 -1.3210303e-01
 endloop
endfacet
facet normal 0.000000e+00 1.000000e+00 0.000000e+00
 outer loop
  vertex -8.9782074e-01 2.6000000e-01 -1.1877065e-01
  vertex -9.0311050e-01 2.6000000e-01 -1.3355446e-01
  vertex -9.0244010e-01 2.6000000e-01 -1.1685723e-01
 endloop
endfacet
facet normal 0.000000e+00 1.000000e+00 0.000000e+00
 outer loop
  vertex -8.9551697e-01 2.6000000e-01 -1.0221954e-01
  vertex -8.9110736e-01 2.6000000e-01 -1.0457652e-01
  vertex -8.9782074e-01 2.6000000e-01 -1.1877065e-01
 endloop
endfacet
facet normal 0.000000e+00 1.000000e+00 0.000000e+00
 outer loop
  vertex -8.8719250e-01 2.6000000e-01 -8.8330910e-02
  vertex -8.8303510e-01 2.6000000e-01 -9.1108765e-02
  vertex -8.9110736e-01 2.6000000e-01 -1.0457652e-01
 endloop
endfacet
facet normal 0.000000e+00 1.000000e+00 0.000000e+00
 outer loop
  vertex -8.7754675e-01 2.6000000e-01 -7.5325110e-02
  vertex -8.7368164e-01 2.6000000e-01 -7.8497080e-02
  vertex -8.8303510e-01 2.6000000e-01 -9.1108765e-02
 endloop
endfacet
facet normal 0.000000e+00 1.000000e+00 0.000000e+00
 outer loop
  vertex -8.6667260e-01 2.6000000e-01 -6.3327380e-02
  vertex -8.6313710e-01 2.6000000e-01 -6.6862915e-02
  vertex -8.7368164e-01 2.6000000e-01 -7.8497080e-02
 endloop
endfacet
facet normal 0.000000e+00 1.000000e+00 0.000000e+00
 outer loop
  vertex -8.5150290e-01 2.6000000e-01 -5.6318330e-02
  vertex -8.4166907e-01 2.6000000e-01 -4.2807514e-02
  vertex -8.3889124e-01 2.6000000e-01 -4.6964863e-02
 endloop
endfacet
facet normal 0.000000e+00 1.000000e+00 0.000000e+00
 outer loop
  vertex -8.5467487e-01 2.6000000e-01 -5.2453278e-02
  vertex -8.5150290e-01 2.6000000e-01 -5.6318330e-02
  vertex -8.6313710e-01 2.6000000e-01 -6.6862915e-02
 endloop
endfacet
facet normal 0.000000e+00 1.000000e+00 -0.000000e+00
 outer loop
  vertex -8.2542346e-01 2.6000000e-01 -3.8892597e-02
  vertex -8.2778046e-01 2.6000000e-01 -3.4482994e-02
  vertex -8.1314276e-01 2.6000000e-01 -2.7559875e-02
 endloop
endfacet
facet normal 0.000000e+00 1.000000e+00 0.000000e+00
 outer loop
  vertex -7.9644556e-01 2.6000000e-01 -2.6889545e-02
  vertex -8.1122940e-01 2.6000000e-01 -3.2179276e-02
  vertex -7.9789700e-01 2.6000000e-01 -2.2104845e-02
 endloop
endfacet
facet normal 0.000000e+00 1.000000e+00 0.000000e+00
 outer loop
  vertex -7.6617285e-01 2.6000000e-01 -1.5794519e-02
  vertex -7.8121450e-01 2.6000000e-01 -2.3074354e-02
  vertex -7.8218990e-01 2.6000000e-01 -1.8170430e-02
 endloop
endfacet
facet normal -0.000000e+00 1.000000e+00 0.000000e+00
 outer loop
  vertex -9.1420550e-01 2.6000000e-01 -1.9617284e-01
  vertex -9.0922955e-01 2.6000000e-01 -1.9568275e-01
  vertex -9.0692560e-01 2.6000000e-01 -2.1121445e-01
 endloop
endfacet
facet normal -0.000000e+00 1.000000e+00 0.000000e+00
 outer loop
  vertex 8.1122940e-01 2.6000000e-01 -3.2782070e-01
  vertex 8.2542346e-01 2.6000000e-01 -3.2110740e-01
  vertex 8.1314276e-01 2.6000000e-01 -3.3244010e-01
 endloop
endfacet
facet normal -0.000000e+00 1.000000e+00 0.000000e+00
 outer loop
  vertex -9.1182960e-01 2.6000000e-01 -2.1218990e-01
  vertex -9.0692560e-01 2.6000000e-01 -2.1121445e-01
  vertex -9.0311050e-01 2.6000000e-01 -2.2644556e-01
 endloop
endfacet
facet normal -0.000000e+00 -1.000000e+00 0.000000e+00
 outer loop
  vertex -7.6568274e-01 7.0000000e-02 -2.0770443e-02
  vertex -7.6617285e-01 7.0000000e-02 -1.5794519e-02
  vertex -7.8121450e-01 7.0000000e-02 -2.3074354e-02
 endloop
endfacet
facet normal 0.000000e+00 -1.000000e+00 0.000000e+00
 outer loop
  vertex -7.6568274e-01 7.0000000e-02 -2.0770443e-02
  vertex -7.5000000e-01 7.0000000e-02 -2.0000000e-02
  vertex -7.6617285e-01 7.0000000e-02 -1.5794519e-02
 endloop
endfacet
facet normal -0.000000e+00 -1.000000e+00 0.000000e+00
 outer loop
  vertex -7.8121450e-01 7.0000000e-02 -2.3074354e-02
  vertex -7.8218990e-01 7.0000000e-02 -1.8170430e-02
  vertex -7.9644556e-01 7.0000000e-02 -2.6889545e-02
 endloop
endfacet
facet normal 0.000000e+00 -1.000000e+00 0.000000e+00
 outer loop
  vertex -7.9789700e-01 7.0000000e-02 -2.2104845e-02
  vertex -7.9644556e-01 7.0000000e-02 -2.6889545e-02
  vertex -7.8218990e-01 7.0000000e-02 -1.8170430e-02
 endloop
endfacet
facet normal 0.000000e+00 -1.000000e+00 0.000000e+00
 outer loop
  vertex -8.1314276e-01 7.0000000e-02 -2.7559875e-02
  vertex -8.1122940e-01 7.0000000e-02 -3.2179276e-02
  vertex -7.9789700e-01 7.0000000e-02 -2.2104845e-02
 endloop
endfacet
facet normal 0.000000e+00 -1.000000e+00 -0.000000e+00
 outer loop
  vertex -8.1314276e-01 7.0000000e-02 -2.7559875e-02
  vertex -8.2542346e-01 7.0000000e-02 -3.8892597e-02
  vertex -8.1122940e-01 7.0000000e-02 -3.2179276e-02
 endloop
endfacet
facet normal 0.000000e+00 -1.000000e+00 0.000000e+00
 outer loop
  vertex -8.4166907e-01 7.0000000e-02 -4.2807514e-02
  vertex -8.3889124e-01 7.0000000e-02 -4.6964863e-02
  vertex -8.2778046e-01 7.0000000e-02 -3.4482994e-02
 endloop
endfacet
facet normal 0.000000e+00 -1.000000e+00 0.000000e+00
 outer loop
  vertex -8.5467487e-01 7.0000000e-02 -5.2453278e-02
  vertex -8.5150290e-01 7.0000000e-02 -5.6318330e-02
  vertex -8.4166907e-01 7.0000000e-02 -4.2807514e-02
 endloop
endfacet
facet normal 0.000000e+00 -1.000000e+00 0.000000e+00
 outer loop
  vertex -8.6667260e-01 7.0000000e-02 -6.3327380e-02
  vertex -8.6313710e-01 7.0000000e-02 -6.6862915e-02
  vertex -8.5467487e-01 7.0000000e-02 -5.2453278e-02
 endloop
endfacet
facet normal 0.000000e+00 -1.000000e+00 0.000000e+00
 outer loop
  vertex -8.7754675e-01 7.0000000e-02 -7.5325110e-02
  vertex -8.7368164e-01 7.0000000e-02 -7.8497080e-02
  vertex -8.6667260e-01 7.0000000e-02 -6.3327380e-02
 endloop
endfacet
facet normal 0.000000e+00 -1.000000e+00 0.000000e+00
 outer loop
  vertex -8.8719250e-01 7.0000000e-02 -8.8330910e-02
  vertex -8.8303510e-01 7.0000000e-02 -9.1108765e-02
  vertex -8.7754675e-01 7.0000000e-02 -7.5325110e-02
 endloop
endfacet
facet normal 0.000000e+00 -1.000000e+00 0.000000e+00
 outer loop
  vertex -8.9551697e-01 7.0000000e-02 -1.0221954e-01
  vertex -8.9110736e-01 7.0000000e-02 -1.0457652e-01
  vertex -8.8719250e-01 7.0000000e-02 -8.8330910e-02
 endloop
endfacet
facet normal 0.000000e+00 -1.000000e+00 0.000000e+00
 outer loop
  vertex -9.0244010e-01 7.0000000e-02 -1.1685723e-01
  vertex -8.9782074e-01 7.0000000e-02 -1.1877065e-01
  vertex -8.9551697e-01 7.0000000e-02 -1.0221954e-01
 endloop
endfacet
facet normal 0.000000e+00 -1.000000e+00 0.000000e+00
 outer loop
  vertex -9.0789514e-01 7.0000000e-02 -1.3210303e-01
  vertex -9.0311050e-01 7.0000000e-02 -1.3355446e-01
  vertex -9.0244010e-01 7.0000000e-02 -1.1685723e-01
 endloop
endfacet
facet normal 0.000000e+00 -1.000000e+00 0.000000e+00
 outer loop
  vertex -9.1182960e-01 7.0000000e-02 -1.4781010e-01
  vertex -9.0692560e-01 7.0000000e-02 -1.4878555e-01
  vertex -9.0789514e-01 7.0000000e-02 -1.3210303e-01
 endloop
endfacet
facet normal 0.000000e+00 -1.000000e+00 0.000000e+00
 outer loop
  vertex -9.1420550e-01 7.0000000e-02 -1.6382716e-01
  vertex -9.0922955e-01 7.0000000e-02 -1.6431725e-01
  vertex -9.1182960e-01 7.0000000e-02 -1.4781010e-01
 endloop
endfacet
facet normal 0.000000e+00 -1.000000e+00 0.000000e+00
 outer loop
  vertex -9.1500000e-01 7.0000000e-02 -1.8000000e-01
  vertex -9.1000000e-01 7.0000000e-02 -1.8000000e-01
  vertex -9.1420550e-01 7.0000000e-02 -1.6382716e-01
 endloop
endfacet
facet normal 0.000000e+00 -1.000000e+00 0.000000e+00
 outer loop
  vertex -9.1420550e-01 7.0000000e-02 -1.9617284e-01
  vertex -9.0922955e-01 7.0000000e-02 -1.9568275e-01
  vertex -9.1500000e-01 7.0000000e-02 -1.8000000e-01
 endloop
endfacet
facet normal 0.000000e+00 -1.000000e+00 0.000000e+00
 outer loop
  vertex -9.1182960e-01 7.0000000e-02 -2.1218990e-01
  vertex -9.0692560e-01 7.0000000e-02 -2.1121445e-01
  vertex -9.1420550e-01 7.0000000e-02 -1.9617284e-01
 endloop
endfacet
facet normal 0.000000e+00 -1.000000e+00 0.000000e+00
 outer loop
  vertex -9.0789514e-01 7.0000000e-02 -2.2789697e-01
  vertex -9.0311050e-01 7.0000000e-02 -2.2644556e-01
  vertex -9.1182960e-01 7.0000000e-02 -2.1218990e-01
 endloop
endfacet
facet normal 0.000000e+00 -1.000000e+00 0.000000e+00
 outer loop
  vertex -9.0244010e-01 7.0000000e-02 -2.4314276e-01
  vertex -8.9782074e-01 7.0000000e-02 -2.4122935e-01
  vertex -9.0789514e-01 7.0000000e-02 -2.2789697e-01
 endloop
endfacet
facet normal 0.000000e+00 -1.000000e+00 0.000000e+00
 outer loop
  vertex -8.9551697e-01 7.0000000e-02 -2.5778046e-01
  vertex -8.9110736e-01 7.0000000e-02 -2.5542350e-01
  vertex -9.0244010e-01 7.0000000e-02 -2.4314276e-01
 endloop
endfacet
facet normal 0.000000e+00 -1.000000e+00 0.000000e+00
 outer loop
  vertex -8.8719250e-01 7.0000000e-02 -2.7166910e-01
  vertex -8.8303510e-01 7.0000000e-02 -2.6889124e-01
  vertex -8.9551697e-01 7.0000000e-02 -2.5778046e-01
 endloop
endfacet
facet normal 0.000000e+00 -1.000000e+00 0.000000e+00
 outer loop
  vertex -8.7754675e-01 7.0000000e-02 -2.8467490e-01
  vertex -8.7368164e-01 7.0000000e-02 -2.8150293e-01
  vertex -8.8719250e-01 7.0000000e-02 -2.7166910e-01
 endloop
endfacet
facet normal 0.000000e+00 -1.000000e+00 0.000000e+00
 outer loop
  vertex -8.6667260e-01 7.0000000e-02 -2.9667260e-01
  vertex -8.6313710e-01 7.0000000e-02 -2.9313710e-01
  vertex -8.7754675e-01 7.0000000e-02 -2.8467490e-01
 endloop
endfacet
facet normal 0.000000e+00 -1.000000e+00 0.000000e+00
 outer loop
  vertex -8.5467487e-01 7.0000000e-02 -3.0754672e-01
  vertex -8.5150290e-01 7.0000000e-02 -3.0368167e-01
  vertex -8.6667260e-01 7.0000000e-02 -2.9667260e-01
 endloop
endfacet
facet normal 0.000000e+00 -1.000000e+00 0.000000e+00
 outer loop
  vertex -8.4166907e-01 7.0000000e-02 -3.1719250e-01
  vertex -8.3889124e-01 7.0000000e-02 -3.1303513e-01
  vertex -8.5467487e-01 7.0000000e-02 -3.0754672e-01
 endloop
endfacet
facet normal 0.000000e+00 -1.000000e+00 0.000000e+00
 outer loop
  vertex -8.2778046e-01 7.0000000e-02 -3.2551700e-01
  vertex -8.2542346e-01 7.0000000e-02 -3.2110740e-01
  vertex -8.4166907e-01 7.0000000e-02 -3.1719250e-01
 endloop
endfacet
facet normal 0.000000e+00 -1.000000e+00 0.000000e+00
 outer loop
  vertex -8.1314276e-01 7.0000000e-02 -3.3244010e-01
  vertex -8.1122940e-01 7.0000000e-02 -3.2782070e-01
  vertex -8.2778046e-01 7.0000000e-02 -3.2551700e-01
 endloop
endfacet
facet normal 0.000000e+00 -1.000000e+00 0.000000e+00
 outer loop
  vertex -7.9789700e-01 7.0000000e-02 -3.3789514e-01
  vertex -7.9644556e-01 7.0000000e-02 -3.3311044e-01
  vertex -8.1314276e-01 7.0000000e-02 -3.3244010e-01
 endloop
endfacet
facet normal 0.000000e+00 -1.000000e+00 0.000000e+00
 outer loop
  vertex -7.8218990e-01 7.0000000e-02 -3.4182956e-01
  vertex -7.8121450e-01 7.0000000e-02 -3.3692566e-01
  vertex -7.9789700e-01 7.0000000e-02 -3.3789514e-01
 endloop
endfacet
facet normal 0.000000e+00 -1.000000e+00 -0.000000e+00
 outer loop
  vertex -7.5000000e-01 7.0000000e-02 -3.4000000e-01
  vertex -7.6617285e-01 7.0000000e-02 -3.4420547e-01
  vertex -7.5000000e-01 7.0000000e-02 -3.4500000e-01
 endloop
endfacet
facet normal 0.000000e+00 -1.000000e+00 0.000000e+00
 outer loop
  vertex -7.5000000e-01 7.0000000e-02 -3.4000000e-01
  vertex -7.5000000e-01 7.0000000e-02 -3.4500000e-01
  vertex 7.5000000e-01 7.0000000e-02 -3.4000000e-01
 endloop
endfacet
facet normal 0.000000e+00 -1.000000e+00 0.000000e+00
 outer loop
  vertex 7.5000000e-01 7.0000000e-02 -3.4000000e-01
  vertex 7.5000000e-01 7.0000000e-02 -3.4500000e-01
  vertex 7.6568274e-01 7.0000000e-02 -3.3922955e-01
 endloop
endfacet
facet normal -0.000000e+00 -1.000000e+00 0.000000e+00
 outer loop
  vertex 7.6617285e-01 7.0000000e-02 -3.4420547e-01
  vertex 7.6568274e-01 7.0000000e-02 -3.3922955e-01
  vertex 7.5000000e-01 7.0000000e-02 -3.4500000e-01
 endloop
endfacet
facet normal -0.000000e+00 -1.000000e+00 0.000000e+00
 outer loop
  vertex 7.8218990e-01 7.0000000e-02 -3.4182956e-01
  vertex 7.8121450e-01 7.0000000e-02 -3.3692566e-01
  vertex 7.6617285e-01 7.0000000e-02 -3.4420547e-01
 endloop
endfacet
facet normal -0.000000e+00 -1.000000e+00 0.000000e+00
 outer loop
  vertex 7.9789700e-01 7.0000000e-02 -3.3789514e-01
  vertex 7.9644556e-01 7.0000000e-02 -3.3311044e-01
  vertex 7.8218990e-01 7.0000000e-02 -3.4182956e-01
 endloop
endfacet
facet normal -0.000000e+00 -1.000000e+00 0.000000e+00
 outer loop
  vertex 8.1314276e-01 7.0000000e-02 -3.3244010e-01
  vertex 8.1122940e-01 7.0000000e-02 -3.2782070e-01
  vertex 7.9789700e-01 7.0000000e-02 -3.3789514e-01
 endloop
endfacet
facet normal -0.000000e+00 -1.000000e+00 0.000000e+00
 outer loop
  vertex 8.2778046e-01 7.0000000e-02 -3.2551700e-01
  vertex 8.2542346e-01 7.0000000e-02 -3.2110740e-01
  vertex 8.1314276e-01 7.0000000e-02 -3.3244010e-01
 endloop
endfacet
facet normal -0.000000e+00 -1.000000e+00 0.000000e+00
 outer loop
  vertex 8.4166907e-01 7.0000000e-02 -3.1719250e-01
  vertex 8.3889124e-01 7.0000000e-02 -3.1303513e-01
  vertex 8.2778046e-01 7.0000000e-02 -3.2551700e-01
 endloop
endfacet
facet normal -0.000000e+00 -1.000000e+00 0.000000e+00
 outer loop
  vertex 8.5467487e-01 7.0000000e-02 -3.0754672e-01
  vertex 8.5150290e-01 7.0000000e-02 -3.0368167e-01
  vertex 8.4166907e-01 7.0000000e-02 -3.1719250e-01
 endloop
endfacet
facet normal -0.000000e+00 -1.000000e+00 0.000000e+00
 outer loop
  vertex 8.6667260e-01 7.0000000e-02 -2.9667260e-01
  vertex 8.6313710e-01 7.0000000e-02 -2.9313710e-01
  vertex 8.5467487e-01 7.0000000e-02 -3.0754672e-01
 endloop
endfacet
facet normal -0.000000e+00 -1.000000e+00 0.000000e+00
 outer loop
  vertex 8.7754675e-01 7.0000000e-02 -2.8467490e-01
  vertex 8.7368164e-01 7.0000000e-02 -2.8150293e-01
  vertex 8.6667260e-01 7.0000000e-02 -2.9667260e-01
 endloop
endfacet
facet normal -0.000000e+00 -1.000000e+00 0.000000e+00
 outer loop
  vertex 8.8719250e-01 7.0000000e-02 -2.7166910e-01
  vertex 8.8303510e-01 7.0000000e-02 -2.6889124e-01
  vertex 8.7754675e-01 7.0000000e-02 -2.8467490e-01
 endloop
endfacet
facet normal -0.000000e+00 -1.000000e+00 0.000000e+00
 outer loop
  vertex 8.9551697e-01 7.0000000e-02 -2.5778046e-01
  vertex 8.9110736e-01 7.0000000e-02 -2.5542350e-01
  vertex 8.8719250e-01 7.0000000e-02 -2.7166910e-01
 endloop
endfacet
facet normal -0.000000e+00 -1.000000e+00 0.000000e+00
 outer loop
  vertex 9.0244010e-01 7.0000000e-02 -2.4314276e-01
  vertex 8.9782074e-01 7.0000000e-02 -2.4122935e-01
  vertex 8.9551697e-01 7.0000000e-02 -2.5778046e-01
 endloop
endfacet
facet normal -0.000000e+00 -1.000000e+00 0.000000e+00
 outer loop
  vertex 9.0789514e-01 7.0000000e-02 -2.2789697e-01
  vertex 9.0311050e-01 7.0000000e-02 -2.2644556e-01
  vertex 9.0244010e-01 7.0000000e-02 -2.4314276e-01
 endloop
endfacet
facet normal -0.000000e+00 -1.000000e+00 0.000000e+00
 outer loop
  vertex 9.1182960e-01 7.0000000e-02 -2.1218990e-01
  vertex 9.0692560e-01 7.0000000e-02 -2.1121445e-01
  vertex 9.0789514e-01 7.0000000e-02 -2.2789697e-01
 endloop
endfacet
facet normal -0.000000e+00 -1.000000e+00 0.000000e+00
 outer loop
  vertex 9.1420550e-01 7.0000000e-02 -1.9617284e-01
  vertex 9.0922955e-01 7.0000000e-02 -1.9568275e-01
  vertex 9.1182960e-01 7.0000000e-02 -2.1218990e-01
 endloop
endfacet
facet normal -0.000000e+00 -1.000000e+00 0.000000e+00
 outer loop
  vertex 9.1500000e-01 7.0000000e-02 -1.8000000e-01
  vertex 9.1000000e-01 7.0000000e-02 -1.8000000e-01
  vertex 9.1420550e-01 7.0000000e-02 -1.9617284e-01
 endloop
endfacet
facet normal 0.000000e+00 -1.000000e+00 -0.000000e+00
 outer loop
  vertex 9.1420550e-01 7.0000000e-02 -1.6382716e-01
  vertex 9.0922955e-01 7.0000000e-02 -1.6431725e-01
  vertex 9.1500000e-01 7.0000000e-02 -1.8000000e-01
 endloop
endfacet
facet normal 0.000000e+00 -1.000000e+00 -0.000000e+00
 outer loop
  vertex 9.1182960e-01 7.0000000e-02 -1.4781010e-01
  vertex 9.0692560e-01 7.0000000e-02 -1.4878555e-01
  vertex 9.1420550e-01 7.0000000e-02 -1.6382716e-01
 endloop
endfacet
facet normal 0.000000e+00 -1.000000e+00 -0.000000e+00
 outer loop
  vertex 9.0789514e-01 7.0000000e-02 -1.3210303e-01
  vertex 9.0311050e-01 7.0000000e-02 -1.3355446e-01
  vertex 9.1182960e-01 7.0000000e-02 -1.4781010e-01
 endloop
endfacet
facet normal 0.000000e+00 -1.000000e+00 -0.000000e+00
 outer loop
  vertex 9.0244010e-01 7.0000000e-02 -1.1685723e-01
  vertex 8.9782074e-01 7.0000000e-02 -1.1877065e-01
  vertex 9.0789514e-01 7.0000000e-02 -1.3210303e-01
 endloop
endfacet
facet normal 0.000000e+00 -1.000000e+00 -0.000000e+00
 outer loop
  vertex 8.9551697e-01 7.0000000e-02 -1.0221954e-01
  vertex 8.9110736e-01 7.0000000e-02 -1.0457652e-01
  vertex 9.0244010e-01 7.0000000e-02 -1.1685723e-01
 endloop
endfacet
facet normal 0.000000e+00 -1.000000e+00 -0.000000e+00
 outer loop
  vertex 8.8719250e-01 7.0000000e-02 -8.8330910e-02
  vertex 8.8303510e-01 7.0000000e-02 -9.1108765e-02
  vertex 8.9551697e-01 7.0000000e-02 -1.0221954e-01
 endloop
endfacet
facet normal 0.000000e+00 -1.000000e+00 -0.000000e+00
 outer loop
  vertex 8.7754675e-01 7.0000000e-02 -7.5325110e-02
  vertex 8.7368164e-01 7.0000000e-02 -7.8497080e-02
  vertex 8.8719250e-01 7.0000000e-02 -8.8330910e-02
 endloop
endfacet
facet normal 0.000000e+00 -1.000000e+00 -0.000000e+00
 outer loop
  vertex 8.6667260e-01 7.0000000e-02 -6.3327380e-02
  vertex 8.6313710e-01 7.0000000e-02 -6.6862915e-02
  vertex 8.7754675e-01 7.0000000e-02 -7.5325110e-02
 endloop
endfacet
facet normal 0.000000e+00 -1.000000e+00 -0.000000e+00
 outer loop
  vertex 8.5467487e-01 7.0000000e-02 -5.2453278e-02
  vertex 8.5150290e-01 7.0000000e-02 -5.6318330e-02
  vertex 8.6667260e-01 7.0000000e-02 -6.3327380e-02
 endloop
endfacet
facet normal 0.000000e+00 -1.000000e+00 -0.000000e+00
 outer loop
  vertex 8.4166907e-01 7.0000000e-02 -4.2807514e-02
  vertex 8.3889124e-01 7.0000000e-02 -4.6964863e-02
  vertex 8.5467487e-01 7.0000000e-02 -5.2453278e-02
 endloop
endfacet
facet normal 0.000000e+00 -1.000000e+00 -0.000000e+00
 outer loop
  vertex 8.2778046e-01 7.0000000e-02 -3.4482994e-02
  vertex 8.2542346e-01 7.0000000e-02 -3.8892597e-02
  vertex 8.4166907e-01 7.0000000e-02 -4.2807514e-02
 endloop
endfacet
facet normal 0.000000e+00 -1.000000e+00 -0.000000e+00
 outer loop
  vertex 8.1314276e-01 7.0000000e-02 -2.7559875e-02
  vertex 8.1122940e-01 7.0000000e-02 -3.2179276e-02
  vertex 8.2778046e-01 7.0000000e-02 -3.4482994e-02
 endloop
endfacet
facet normal 0.000000e+00 -1.000000e+00 -0.000000e+00
 outer loop
  vertex 7.9789700e-01 7.0000000e-02 -2.2104845e-02
  vertex 7.9644556e-01 7.0000000e-02 -2.6889545e-02
  vertex 8.1314276e-01 7.0000000e-02 -2.7559875e-02
 endloop
endfacet
facet normal 0.000000e+00 -1.000000e+00 -0.000000e+00
 outer loop
  vertex 7.8218990e-01 7.0000000e-02 -1.8170430e-02
  vertex 7.8121450e-01 7.0000000e-02 -2.3074354e-02
  vertex 7.9789700e-01 7.0000000e-02 -2.2104845e-02
 endloop
endfacet
facet normal 0.000000e+00 -1.000000e+00 0.000000e+00
 outer loop
  vertex 7.6617285e-01 7.0000000e-02 -3.4420547e-01
  vertex 7.8121450e-01 7.0000000e-02 -3.3692566e-01
  vertex 7.6568274e-01 7.0000000e-02 -3.3922955e-01
 endloop
endfacet
facet normal 0.000000e+00 -1.000000e+00 0.000000e+00
 outer loop
  vertex 7.9789700e-01 7.0000000e-02 -3.3789514e-01
  vertex 8.1122940e-01 7.0000000e-02 -3.2782070e-01
  vertex 7.9644556e-01 7.0000000e-02 -3.3311044e-01
 endloop
endfacet
facet normal 0.000000e+00 -1.000000e+00 0.000000e+00
 outer loop
  vertex 7.5000000e-01 7.0000000e-02 -2.0000000e-02
  vertex 7.5000000e-01 7.0000000e-02 -1.5000000e-02
  vertex -7.5000000e-01 7.0000000e-02 -2.0000000e-02
 endloop
endfacet
facet normal 0.000000e+00 -1.000000e+00 0.000000e+00
 outer loop
  vertex -8.3889124e-01 7.0000000e-02 -4.6964863e-02
  vertex -8.2542346e-01 7.0000000e-02 -3.8892597e-02
  vertex -8.2778046e-01 7.0000000e-02 -3.4482994e-02
 endloop
endfacet
facet normal 0.000000e+00 -1.000000e+00 -0.000000e+00
 outer loop
  vertex 7.5000000e-01 7.0000000e-02 -3.4000000e-01
  vertex -7.5000000e-01 7.0000000e-02 -3.4500000e-01
  vertex 7.5000000e-01 7.0000000e-02 -3.4500000e-01
 endloop
endfacet
facet normal 0.000000e+00 -1.000000e+00 0.000000e+00
 outer loop
  vertex 7.5000000e-01 7.0000000e-02 -2.0000000e-02
  vertex 7.6617285e-01 7.0000000e-02 -1.5794519e-02
  vertex 7.5000000e-01 7.0000000e-02 -1.5000000e-02
 endloop
endfacet
facet normal 0.000000e+00 -1.000000e+00 0.000000e+00
 outer loop
  vertex 7.5000000e-01 7.0000000e-02 -2.0000000e-02
  vertex 7.6568274e-01 7.0000000e-02 -2.0770443e-02
  vertex 7.6617285e-01 7.0000000e-02 -1.5794519e-02
 endloop
endfacet
facet normal 0.000000e+00 -1.000000e+00 -0.000000e+00
 outer loop
  vertex 7.6617285e-01 7.0000000e-02 -1.5794519e-02
  vertex 7.6568274e-01 7.0000000e-02 -2.0770443e-02
  vertex 7.8218990e-01 7.0000000e-02 -1.8170430e-02
 endloop
endfacet
facet normal 0.000000e+00 -1.000000e+00 0.000000e+00
 outer loop
  vertex 7.8218990e-01 7.0000000e-02 -1.8170430e-02
  vertex 7.6568274e-01 7.0000000e-02 -2.0770443e-02
  vertex 7.8121450e-01 7.0000000e-02 -2.3074354e-02
 endloop
endfacet
facet normal 0.000000e+00 -1.000000e+00 0.000000e+00
 outer loop
  vertex 7.9789700e-01 7.0000000e-02 -2.2104845e-02
  vertex 7.8121450e-01 7.0000000e-02 -2.3074354e-02
  vertex 7.9644556e-01 7.0000000e-02 -2.6889545e-02
 endloop
endfacet
facet normal -0.000000e+00 -1.000000e+00 0.000000e+00
 outer loop
  vertex 8.1314276e-01 7.0000000e-02 -2.7559875e-02
  vertex 7.9644556e-01 7.0000000e-02 -2.6889545e-02
  vertex 8.1122940e-01 7.0000000e-02 -3.2179276e-02
 endloop
endfacet
facet normal -0.000000e+00 -1.000000e+00 0.000000e+00
 outer loop
  vertex 8.2778046e-01 7.0000000e-02 -3.4482994e-02
  vertex 8.1122940e-01 7.0000000e-02 -3.2179276e-02
  vertex 8.2542346e-01 7.0000000e-02 -3.8892597e-02
 endloop
endfacet
facet normal -0.000000e+00 -1.000000e+00 0.000000e+00
 outer loop
  vertex 8.4166907e-01 7.0000000e-02 -4.2807514e-02
  vertex 8.2542346e-01 7.0000000e-02 -3.8892597e-02
  vertex 8.3889124e-01 7.0000000e-02 -4.6964863e-02
 endloop
endfacet
facet normal -0.000000e+00 -1.000000e+00 0.000000e+00
 outer loop
  vertex 8.5467487e-01 7.0000000e-02 -5.2453278e-02
  vertex 8.3889124e-01 7.0000000e-02 -4.6964863e-02
  vertex 8.5150290e-01 7.0000000e-02 -5.6318330e-02
 endloop
endfacet
facet normal -0.000000e+00 -1.000000e+00 0.000000e+00
 outer loop
  vertex 8.6667260e-01 7.0000000e-02 -6.3327380e-02
  vertex 8.5150290e-01 7.0000000e-02 -5.6318330e-02
  vertex 8.6313710e-01 7.0000000e-02 -6.6862915e-02
 endloop
endfacet
facet normal -0.000000e+00 -1.000000e+00 0.000000e+00
 outer loop
  vertex 8.7754675e-01 7.0000000e-02 -7.5325110e-02
  vertex 8.6313710e-01 7.0000000e-02 -6.6862915e-02
  vertex 8.7368164e-01 7.0000000e-02 -7.8497080e-02
 endloop
endfacet
facet normal -0.000000e+00 -1.000000e+00 0.000000e+00
 outer loop
  vertex 8.8719250e-01 7.0000000e-02 -8.8330910e-02
  vertex 8.7368164e-01 7.0000000e-02 -7.8497080e-02
  vertex 8.8303510e-01 7.0000000e-02 -9.1108765e-02
 endloop
endfacet
facet normal -0.000000e+00 -1.000000e+00 0.000000e+00
 outer loop
  vertex 8.9551697e-01 7.0000000e-02 -1.0221954e-01
  vertex 8.8303510e-01 7.0000000e-02 -9.1108765e-02
  vertex 8.9110736e-01 7.0000000e-02 -1.0457652e-01
 endloop
endfacet
facet normal -0.000000e+00 -1.000000e+00 0.000000e+00
 outer loop
  vertex 9.0244010e-01 7.0000000e-02 -1.1685723e-01
  vertex 8.9110736e-01 7.0000000e-02 -1.0457652e-01
  vertex 8.9782074e-01 7.0000000e-02 -1.1877065e-01
 endloop
endfacet
facet normal 0.000000e+00 -1.000000e+00 0.000000e+00
 outer loop
  vertex 9.0311050e-01 7.0000000e-02 -1.3355446e-01
  vertex 9.0692560e-01 7.0000000e-02 -1.4878555e-01
  vertex 9.1182960e-01 7.0000000e-02 -1.4781010e-01
 endloop
endfacet
facet normal -0.000000e+00 -1.000000e+00 0.000000e+00
 outer loop
  vertex 9.0789514e-01 7.0000000e-02 -1.3210303e-01
  vertex 8.9782074e-01 7.0000000e-02 -1.1877065e-01
  vertex 9.0311050e-01 7.0000000e-02 -1.3355446e-01
 endloop
endfacet
facet normal 0.000000e+00 -1.000000e+00 0.000000e+00
 outer loop
  vertex 9.0692560e-01 7.0000000e-02 -1.4878555e-01
  vertex 9.0922955e-01 7.0000000e-02 -1.6431725e-01
  vertex 9.1420550e-01 7.0000000e-02 -1.6382716e-01
 endloop
endfacet
facet normal 0.000000e+00 -1.000000e+00 0.000000e+00
 outer loop
  vertex 9.0922955e-01 7.0000000e-02 -1.6431725e-01
  vertex 9.1000000e-01 7.0000000e-02 -1.8000000e-01
  vertex 9.1500000e-01 7.0000000e-02 -1.8000000e-01
 endloop
endfacet
facet normal 0.000000e+00 -1.000000e+00 -0.000000e+00
 outer loop
  vertex 9.1000000e-01 7.0000000e-02 -1.8000000e-01
  vertex 9.0922955e-01 7.0000000e-02 -1.9568275e-01
  vertex 9.1420550e-01 7.0000000e-02 -1.9617284e-01
 endloop
endfacet
facet normal 0.000000e+00 -1.000000e+00 -0.000000e+00
 outer loop
  vertex 9.0922955e-01 7.0000000e-02 -1.9568275e-01
  vertex 9.0692560e-01 7.0000000e-02 -2.1121445e-01
  vertex 9.1182960e-01 7.0000000e-02 -2.1218990e-01
 endloop
endfacet
facet normal 0.000000e+00 -1.000000e+00 -0.000000e+00
 outer loop
  vertex 9.0692560e-01 7.0000000e-02 -2.1121445e-01
  vertex 9.0311050e-01 7.0000000e-02 -2.2644556e-01
  vertex 9.0789514e-01 7.0000000e-02 -2.2789697e-01
 endloop
endfacet
facet normal 0.000000e+00 -1.000000e+00 0.000000e+00
 outer loop
  vertex 8.9782074e-01 7.0000000e-02 -2.4122935e-01
  vertex 9.0244010e-01 7.0000000e-02 -2.4314276e-01
  vertex 9.0311050e-01 7.0000000e-02 -2.2644556e-01
 endloop
endfacet
facet normal 0.000000e+00 -1.000000e+00 0.000000e+00
 outer loop
  vertex 8.9110736e-01 7.0000000e-02 -2.5542350e-01
  vertex 8.9551697e-01 7.0000000e-02 -2.5778046e-01
  vertex 8.9782074e-01 7.0000000e-02 -2.4122935e-01
 endloop
endfacet
facet normal 0.000000e+00 -1.000000e+00 0.000000e+00
 outer loop
  vertex 8.8303510e-01 7.0000000e-02 -2.6889124e-01
  vertex 8.8719250e-01 7.0000000e-02 -2.7166910e-01
  vertex 8.9110736e-01 7.0000000e-02 -2.5542350e-01
 endloop
endfacet
facet normal 0.000000e+00 -1.000000e+00 0.000000e+00
 outer loop
  vertex 8.7368164e-01 7.0000000e-02 -2.8150293e-01
  vertex 8.7754675e-01 7.0000000e-02 -2.8467490e-01
  vertex 8.8303510e-01 7.0000000e-02 -2.6889124e-01
 endloop
endfacet
facet normal 0.000000e+00 -1.000000e+00 0.000000e+00
 outer loop
  vertex 8.5467487e-01 7.0000000e-02 -3.0754672e-01
  vertex 8.6313710e-01 7.0000000e-02 -2.9313710e-01
  vertex 8.5150290e-01 7.0000000e-02 -3.0368167e-01
 endloop
endfacet
facet normal 0.000000e+00 -1.000000e+00 0.000000e+00
 outer loop
  vertex 8.6313710e-01 7.0000000e-02 -2.9313710e-01
  vertex 8.6667260e-01 7.0000000e-02 -2.9667260e-01
  vertex 8.7368164e-01 7.0000000e-02 -2.8150293e-01
 endloop
endfacet
facet normal 0.000000e+00 -1.000000e+00 0.000000e+00
 outer loop
  vertex 8.4166907e-01 7.0000000e-02 -3.1719250e-01
  vertex 8.5150290e-01 7.0000000e-02 -3.0368167e-01
  vertex 8.3889124e-01 7.0000000e-02 -3.1303513e-01
 endloop
endfacet
facet normal 0.000000e+00 -1.000000e+00 0.000000e+00
 outer loop
  vertex 8.2778046e-01 7.0000000e-02 -3.2551700e-01
  vertex 8.3889124e-01 7.0000000e-02 -3.1303513e-01
  vertex 8.2542346e-01 7.0000000e-02 -3.2110740e-01
 endloop
endfacet
facet normal 0.000000e+00 -1.000000e+00 0.000000e+00
 outer loop
  vertex 7.8121450e-01 7.0000000e-02 -3.3692566e-01
  vertex 7.8218990e-01 7.0000000e-02 -3.4182956e-01
  vertex 7.9644556e-01 7.0000000e-02 -3.3311044e-01
 endloop
endfacet
facet normal -0.000000e+00 -1.000000e+00 0.000000e+00
 outer loop
  vertex 7.5000000e-01 7.0000000e-02 -1.5000000e-02
  vertex -7.5000000e-01 7.0000000e-02 -1.5000000e-02
  vertex -7.5000000e-01 7.0000000e-02 -2.0000000e-02
 endloop
endfacet
facet normal 0.000000e+00 -1.000000e+00 0.000000e+00
 outer loop
  vertex -7.5000000e-01 7.0000000e-02 -2.0000000e-02
  vertex -7.5000000e-01 7.0000000e-02 -1.5000000e-02
  vertex -7.6617285e-01 7.0000000e-02 -1.5794519e-02
 endloop
endfacet
facet normal 0.000000e+00 -1.000000e+00 0.000000e+00
 outer loop
  vertex -7.6617285e-01 7.0000000e-02 -3.4420547e-01
  vertex -7.5000000e-01 7.0000000e-02 -3.4000000e-01
  vertex -7.6568274e-01 7.0000000e-02 -3.3922955e-01
 endloop
endfacet
facet normal 0.000000e+00 -1.000000e+00 0.000000e+00
 outer loop
  vertex -7.8218990e-01 7.0000000e-02 -3.4182956e-01
  vertex -7.6617285e-01 7.0000000e-02 -3.4420547e-01
  vertex -7.6568274e-01 7.0000000e-02 -3.3922955e-01
 endloop
endfacet
facet normal 0.000000e+00 -1.000000e+00 -0.000000e+00
 outer loop
  vertex -7.8121450e-01 7.0000000e-02 -3.3692566e-01
  vertex -7.8218990e-01 7.0000000e-02 -3.4182956e-01
  vertex -7.6568274e-01 7.0000000e-02 -3.3922955e-01
 endloop
endfacet
facet normal 0.000000e+00 -1.000000e+00 -0.000000e+00
 outer loop
  vertex -7.9644556e-01 7.0000000e-02 -3.3311044e-01
  vertex -7.9789700e-01 7.0000000e-02 -3.3789514e-01
  vertex -7.8121450e-01 7.0000000e-02 -3.3692566e-01
 endloop
endfacet
facet normal 0.000000e+00 -1.000000e+00 -0.000000e+00
 outer loop
  vertex -8.1122940e-01 7.0000000e-02 -3.2782070e-01
  vertex -8.1314276e-01 7.0000000e-02 -3.3244010e-01
  vertex -7.9644556e-01 7.0000000e-02 -3.3311044e-01
 endloop
endfacet
facet normal 0.000000e+00 -1.000000e+00 -0.000000e+00
 outer loop
  vertex -8.2542346e-01 7.0000000e-02 -3.2110740e-01
  vertex -8.2778046e-01 7.0000000e-02 -3.2551700e-01
  vertex -8.1122940e-01 7.0000000e-02 -3.2782070e-01
 endloop
endfacet
facet normal 0.000000e+00 -1.000000e+00 -0.000000e+00
 outer loop
  vertex -8.3889124e-01 7.0000000e-02 -3.1303513e-01
  vertex -8.4166907e-01 7.0000000e-02 -3.1719250e-01
  vertex -8.2542346e-01 7.0000000e-02 -3.2110740e-01
 endloop
endfacet
facet normal 0.000000e+00 -1.000000e+00 -0.000000e+00
 outer loop
  vertex -8.5150290e-01 7.0000000e-02 -3.0368167e-01
  vertex -8.5467487e-01 7.0000000e-02 -3.0754672e-01
  vertex -8.3889124e-01 7.0000000e-02 -3.1303513e-01
 endloop
endfacet
facet normal 0.000000e+00 -1.000000e+00 -0.000000e+00
 outer loop
  vertex -8.6313710e-01 7.0000000e-02 -2.9313710e-01
  vertex -8.6667260e-01 7.0000000e-02 -2.9667260e-01
  vertex -8.5150290e-01 7.0000000e-02 -3.0368167e-01
 endloop
endfacet
facet normal 0.000000e+00 -1.000000e+00 0.000000e+00
 outer loop
  vertex -8.8719250e-01 7.0000000e-02 -2.7166910e-01
  vertex -8.7368164e-01 7.0000000e-02 -2.8150293e-01
  vertex -8.8303510e-01 7.0000000e-02 -2.6889124e-01
 endloop
endfacet
facet normal 0.000000e+00 -1.000000e+00 -0.000000e+00
 outer loop
  vertex -8.7368164e-01 7.0000000e-02 -2.8150293e-01
  vertex -8.7754675e-01 7.0000000e-02 -2.8467490e-01
  vertex -8.6313710e-01 7.0000000e-02 -2.9313710e-01
 endloop
endfacet
facet normal 0.000000e+00 -1.000000e+00 0.000000e+00
 outer loop
  vertex -8.9551697e-01 7.0000000e-02 -2.5778046e-01
  vertex -8.8303510e-01 7.0000000e-02 -2.6889124e-01
  vertex -8.9110736e-01 7.0000000e-02 -2.5542350e-01
 endloop
endfacet
facet normal 0.000000e+00 -1.000000e+00 0.000000e+00
 outer loop
  vertex -9.0244010e-01 7.0000000e-02 -2.4314276e-01
  vertex -8.9110736e-01 7.0000000e-02 -2.5542350e-01
  vertex -8.9782074e-01 7.0000000e-02 -2.4122935e-01
 endloop
endfacet
facet normal 0.000000e+00 -1.000000e+00 0.000000e+00
 outer loop
  vertex -9.0789514e-01 7.0000000e-02 -2.2789697e-01
  vertex -8.9782074e-01 7.0000000e-02 -2.4122935e-01
  vertex -9.0311050e-01 7.0000000e-02 -2.2644556e-01
 endloop
endfacet
facet normal -0.000000e+00 -1.000000e+00 -0.000000e+00
 outer loop
  vertex -9.1000000e-01 7.0000000e-02 -1.8000000e-01
  vertex -9.1500000e-01 7.0000000e-02 -1.8000000e-01
  vertex -9.0922955e-01 7.0000000e-02 -1.9568275e-01
 endloop
endfacet
facet normal -0.000000e+00 -1.000000e+00 0.000000e+00
 outer loop
  vertex -9.0922955e-01 7.0000000e-02 -1.6431725e-01
  vertex -9.1420550e-01 7.0000000e-02 -1.6382716e-01
  vertex -9.1000000e-01 7.0000000e-02 -1.8000000e-01
 endloop
endfacet
facet normal -0.000000e+00 -1.000000e+00 0.000000e+00
 outer loop
  vertex -9.0692560e-01 7.0000000e-02 -1.4878555e-01
  vertex -9.1182960e-01 7.0000000e-02 -1.4781010e-01
  vertex -9.0922955e-01 7.0000000e-02 -1.6431725e-01
 endloop
endfacet
facet normal -0.000000e+00 -1.000000e+00 0.000000e+00
 outer loop
  vertex -9.0311050e-01 7.0000000e-02 -1.3355446e-01
  vertex -9.0789514e-01 7.0000000e-02 -1.3210303e-01
  vertex -9.0692560e-01 7.0000000e-02 -1.4878555e-01
 endloop
endfacet
facet normal -0.000000e+00 -1.000000e+00 0.000000e+00
 outer loop
  vertex -8.9782074e-01 7.0000000e-02 -1.1877065e-01
  vertex -9.0244010e-01 7.0000000e-02 -1.1685723e-01
  vertex -9.0311050e-01 7.0000000e-02 -1.3355446e-01
 endloop
endfacet
facet normal 0.000000e+00 -1.000000e+00 -0.000000e+00
 outer loop
  vertex -8.9551697e-01 7.0000000e-02 -1.0221954e-01
  vertex -8.9782074e-01 7.0000000e-02 -1.1877065e-01
  vertex -8.9110736e-01 7.0000000e-02 -1.0457652e-01
 endloop
endfacet
facet normal 0.000000e+00 -1.000000e+00 -0.000000e+00
 outer loop
  vertex -8.8719250e-01 7.0000000e-02 -8.8330910e-02
  vertex -8.9110736e-01 7.0000000e-02 -1.0457652e-01
  vertex -8.8303510e-01 7.0000000e-02 -9.1108765e-02
 endloop
endfacet
facet normal 0.000000e+00 -1.000000e+00 -0.000000e+00
 outer loop
  vertex -8.7754675e-01 7.0000000e-02 -7.5325110e-02
  vertex -8.8303510e-01 7.0000000e-02 -9.1108765e-02
  vertex -8.7368164e-01 7.0000000e-02 -7.8497080e-02
 endloop
endfacet
facet normal 0.000000e+00 -1.000000e+00 -0.000000e+00
 outer loop
  vertex -8.6667260e-01 7.0000000e-02 -6.3327380e-02
  vertex -8.7368164e-01 7.0000000e-02 -7.8497080e-02
  vertex -8.6313710e-01 7.0000000e-02 -6.6862915e-02
 endloop
endfacet
facet normal 0.000000e+00 -1.000000e+00 0.000000e+00
 outer loop
  vertex -8.5150290e-01 7.0000000e-02 -5.6318330e-02
  vertex -8.3889124e-01 7.0000000e-02 -4.6964863e-02
  vertex -8.4166907e-01 7.0000000e-02 -4.2807514e-02
 endloop
endfacet
facet normal 0.000000e+00 -1.000000e+00 -0.000000e+00
 outer loop
  vertex -8.5467487e-01 7.0000000e-02 -5.2453278e-02
  vertex -8.6313710e-01 7.0000000e-02 -6.6862915e-02
  vertex -8.5150290e-01 7.0000000e-02 -5.6318330e-02
 endloop
endfacet
facet normal 0.000000e+00 -1.000000e+00 0.000000e+00
 outer loop
  vertex -8.2542346e-01 7.0000000e-02 -3.8892597e-02
  vertex -8.1314276e-01 7.0000000e-02 -2.7559875e-02
  vertex -8.2778046e-01 7.0000000e-02 -3.4482994e-02
 endloop
endfacet
facet normal -0.000000e+00 -1.000000e+00 0.000000e+00
 outer loop
  vertex -7.9644556e-01 7.0000000e-02 -2.6889545e-02
  vertex -7.9789700e-01 7.0000000e-02 -2.2104845e-02
  vertex -8.1122940e-01 7.0000000e-02 -3.2179276e-02
 endloop
endfacet
facet normal 0.000000e+00 -1.000000e+00 0.000000e+00
 outer loop
  vertex -7.6617285e-01 7.0000000e-02 -1.5794519e-02
  vertex -7.8218990e-01 7.0000000e-02 -1.8170430e-02
  vertex -7.8121450e-01 7.0000000e-02 -2.3074354e-02
 endloop
endfacet
facet normal 0.000000e+00 -1.000000e+00 0.000000e+00
 outer loop
  vertex -9.1420550e-01 7.0000000e-02 -1.9617284e-01
  vertex -9.0692560e-01 7.0000000e-02 -2.1121445e-01
  vertex -9.0922955e-01 7.0000000e-02 -1.9568275e-01
 endloop
endfacet
facet normal 0.000000e+00 -1.000000e+00 0.000000e+00
 outer loop
  vertex 8.1122940e-01 7.0000000e-02 -3.2782070e-01
  vertex 8.1314276e-01 7.0000000e-02 -3.3244010e-01
  vertex 8.2542346e-01 7.0000000e-02 -3.2110740e-01
 endloop
endfacet
facet normal 0.000000e+00 -1.000000e+00 0.000000e+00
 outer loop
  vertex -9.1182960e-01 7.0000000e-02 -2.1218990e-01
  vertex -9.0311050e-01 7.0000000e-02 -2.2644556e-01
  vertex -9.0692560e-01 7.0000000e-02 -2.1121445e-01
 endloop
endfacet
facet normal 0.000000e+00 0.000000e+00 -1.000000e+00
 outer loop
  vertex 7.5000000e-01 7.0000000e-02 -2.0000000e-02
  vertex -7.5000000e-01 7.0000000e-02 -2.0000000e-02
  vertex 7.5000000e-01 2.6000000e-01 -2.0000000e-02
 endloop
endfacet
facet normal 0.000000e+00 0.000000e+00 -1.000000e+00
 outer loop
  vertex -7.5000000e-01 7.0000000e-02 -2.0000000e-02
  vertex -7.5000000e-01 2.6000000e-01 -2.0000000e-02
  vertex 7.5000000e-01 2.6000000e-01 -2.0000000e-02
 endloop
endfacet
facet normal 4.906764e-02 0.000000e+00 -9.987955e-01
 outer loop
  vertex -7.5000000e-01 7.0000000e-02 -2.0000000e-02
  vertex -7.6568274e-01 7.0000000e-02 -2.0770443e-02
  vertex -7.5000000e-01 2.6000000e-01 -2.0000000e-02
 endloop
endfacet
facet normal 1.467300e-01 0.000000e+00 -9.891766e-01
 outer loop
  vertex -7.6568274e-01 7.0000000e-02 -2.0770443e-02
  vertex -7.8121450e-01 7.0000000e-02 -2.3074354e-02
  vertex -7.6568274e-01 2.6000000e-01 -2.0770443e-02
 endloop
endfacet
facet normal 1.467300e-01 0.000000e+00 -9.891766e-01
 outer loop
  vertex -7.8121450e-01 7.0000000e-02 -2.3074354e-02
  vertex -7.8121450e-01 2.6000000e-01 -2.3074354e-02
  vertex -7.6568274e-01 2.6000000e-01 -2.0770443e-02
 endloop
endfacet
facet normal 2.429807e-01 0.000000e+00 -9.700311e-01
 outer loop
  vertex -7.9644556e-01 7.0000000e-02 -2.6889545e-02
  vertex -7.9644556e-01 2.6000000e-01 -2.6889545e-02
  vertex -7.8121450e-01 2.6000000e-01 -2.3074354e-02
 endloop
endfacet
facet normal 3.368892e-01 0.000000e+00 -9.415443e-01
 outer loop
  vertex -8.1122940e-01 7.0000000e-02 -3.2179276e-02
  vertex -7.9644556e-01 2.6000000e-01 -2.6889545e-02
  vertex -7.9644556e-01 7.0000000e-02 -2.6889545e-02
 endloop
endfacet
facet normal 4.275567e-01 0.000000e+00 -9.039885e-01
 outer loop
  vertex -8.2542346e-01 7.0000000e-02 -3.8892597e-02
  vertex -8.1122940e-01 2.6000000e-01 -3.2179276e-02
  vertex -8.1122940e-01 7.0000000e-02 -3.2179276e-02
 endloop
endfacet
facet normal 5.141022e-01 0.000000e+00 -8.577289e-01
 outer loop
  vertex -8.3889124e-01 7.0000000e-02 -4.6964863e-02
  vertex -8.2542346e-01 2.6000000e-01 -3.8892597e-02
  vertex -8.2542346e-01 7.0000000e-02 -3.8892597e-02
 endloop
endfacet
facet normal 5.141022e-01 0.000000e+00 -8.577289e-01
 outer loop
  vertex -8.3889124e-01 2.6000000e-01 -4.6964863e-02
  vertex -8.2542346e-01 2.6000000e-01 -3.8892597e-02
  vertex -8.3889124e-01 7.0000000e-02 -4.6964863e-02
 endloop
endfacet
facet normal 5.957002e-01 0.000000e+00 -8.032068e-01
 outer loop
  vertex -8.5150290e-01 2.6000000e-01 -5.6318330e-02
  vertex -8.3889124e-01 2.6000000e-01 -4.6964863e-02
  vertex -8.5150290e-01 7.0000000e-02 -5.6318330e-02
 endloop
endfacet
facet normal 6.715576e-01 0.000000e+00 -7.409524e-01
 outer loop
  vertex -8.5150290e-01 2.6000000e-01 -5.6318330e-02
  vertex -8.5150290e-01 7.0000000e-02 -5.6318330e-02
  vertex -8.6313710e-01 7.0000000e-02 -6.6862915e-02
 endloop
endfacet
facet normal 7.409528e-01 0.000000e+00 -6.715571e-01
 outer loop
  vertex -8.6313710e-01 2.6000000e-01 -6.6862915e-02
  vertex -8.6313710e-01 7.0000000e-02 -6.6862915e-02
  vertex -8.7368164e-01 7.0000000e-02 -7.8497080e-02
 endloop
endfacet
facet normal 7.409528e-01 0.000000e+00 -6.715571e-01
 outer loop
  vertex -8.6313710e-01 2.6000000e-01 -6.6862915e-02
  vertex -8.7368164e-01 7.0000000e-02 -7.8497080e-02
  vertex -8.7368164e-01 2.6000000e-01 -7.8497080e-02
 endloop
endfacet
facet normal 8.032076e-01 0.000000e+00 -5.956992e-01
 outer loop
  vertex -8.7368164e-01 2.6000000e-01 -7.8497080e-02
  vertex -8.8303510e-01 7.0000000e-02 -9.1108765e-02
  vertex -8.8303510e-01 2.6000000e-01 -9.1108765e-02
 endloop
endfacet
facet normal 8.577287e-01 0.000000e+00 -5.141027e-01
 outer loop
  vertex -8.8303510e-01 7.0000000e-02 -9.1108765e-02
  vertex -8.9110736e-01 7.0000000e-02 -1.0457652e-01
  vertex -8.8303510e-01 2.6000000e-01 -9.1108765e-02
 endloop
endfacet
facet normal 9.039879e-01 0.000000e+00 -4.275580e-01
 outer loop
  vertex -8.9110736e-01 7.0000000e-02 -1.0457652e-01
  vertex -8.9782074e-01 7.0000000e-02 -1.1877065e-01
  vertex -8.9110736e-01 2.6000000e-01 -1.0457652e-01
 endloop
endfacet
facet normal 9.039879e-01 0.000000e+00 -4.275580e-01
 outer loop
  vertex -8.9782074e-01 7.0000000e-02 -1.1877065e-01
  vertex -8.9782074e-01 2.6000000e-01 -1.1877065e-01
  vertex -8.9110736e-01 2.6000000e-01 -1.0457652e-01
 endloop
endfacet
facet normal 9.415435e-01 0.000000e+00 -3.368914e-01
 outer loop
  vertex -9.0311050e-01 7.0000000e-02 -1.3355446e-01
  vertex -9.0311050e-01 2.6000000e-01 -1.3355446e-01
  vertex -8.9782074e-01 2.6000000e-01 -1.1877065e-01
 endloop
endfacet
facet normal 9.700326e-01 0.000000e+00 -2.429748e-01
 outer loop
  vertex -9.0692560e-01 7.0000000e-02 -1.4878555e-01
  vertex -9.0311050e-01 2.6000000e-01 -1.3355446e-01
  vertex -9.0311050e-01 7.0000000e-02 -1.3355446e-01
 endloop
endfacet
facet normal 9.891761e-01 0.000000e+00 -1.467330e-01
 outer loop
  vertex -9.0922955e-01 7.0000000e-02 -1.6431725e-01
  vertex -9.0692560e-01 2.6000000e-01 -1.4878555e-01
  vertex -9.0692560e-01 7.0000000e-02 -1.4878555e-01
 endloop
endfacet
facet normal 9.891761e-01 0.000000e+00 -1.467330e-01
 outer loop
  vertex -9.0922955e-01 2.6000000e-01 -1.6431725e-01
  vertex -9.0692560e-01 2.6000000e-01 -1.4878555e-01
  vertex -9.0922955e-01 7.0000000e-02 -1.6431725e-01
 endloop
endfacet
facet normal 9.987954e-01 0.000000e+00 -4.906805e-02
 outer loop
  vertex -9.1000000e-01 2.6000000e-01 -1.8000000e-01
  vertex -9.0922955e-01 2.6000000e-01 -1.6431725e-01
  vertex -9.1000000e-01 7.0000000e-02 -1.8000000e-01
 endloop
endfacet
facet normal 9.987954e-01 0.000000e+00 4.906805e-02
 outer loop
  vertex -9.1000000e-01 2.6000000e-01 -1.8000000e-01
  vertex -9.1000000e-01 7.0000000e-02 -1.8000000e-01
  vertex -9.0922955e-01 7.0000000e-02 -1.9568275e-01
 endloop
endfacet
facet normal 9.891761e-01 0.000000e+00 1.467330e-01
 outer loop
  vertex -9.0922955e-01 2.6000000e-01 -1.9568275e-01
  vertex -9.0922955e-01 7.0000000e-02 -1.9568275e-01
  vertex -9.0692560e-01 7.0000000e-02 -2.1121445e-01
 endloop
endfacet
facet normal 9.891761e-01 0.000000e+00 1.467330e-01
 outer loop
  vertex -9.0922955e-01 2.6000000e-01 -1.9568275e-01
  vertex -9.0692560e-01 7.0000000e-02 -2.1121445e-01
  vertex -9.0692560e-01 2.6000000e-01 -2.1121445e-01
 endloop
endfacet
facet normal 9.700327e-01 0.000000e+00 2.429745e-01
 outer loop
  vertex -9.0692560e-01 2.6000000e-01 -2.1121445e-01
  vertex -9.0311050e-01 7.0000000e-02 -2.2644556e-01
  vertex -9.0311050e-01 2.6000000e-01 -2.2644556e-01
 endloop
endfacet
facet normal 9.415434e-01 -0.000000e+00 3.368918e-01
 outer loop
  vertex -9.0311050e-01 7.0000000e-02 -2.2644556e-01
  vertex -8.9782074e-01 7.0000000e-02 -2.4122935e-01
  vertex -9.0311050e-01 2.6000000e-01 -2.2644556e-01
 endloop
endfacet
facet normal 9.039881e-01 -0.000000e+00 4.275575e-01
 outer loop
  vertex -8.9782074e-01 7.0000000e-02 -2.4122935e-01
  vertex -8.9110736e-01 7.0000000e-02 -2.5542350e-01
  vertex -8.9782074e-01 2.6000000e-01 -2.4122935e-01
 endloop
endfacet
facet normal 9.039881e-01 -0.000000e+00 4.275575e-01
 outer loop
  vertex -8.9110736e-01 7.0000000e-02 -2.5542350e-01
  vertex -8.9110736e-01 2.6000000e-01 -2.5542350e-01
  vertex -8.9782074e-01 2.6000000e-01 -2.4122935e-01
 endloop
endfacet
facet normal 8.577284e-01 -0.000000e+00 5.141031e-01
 outer loop
  vertex -8.8303510e-01 7.0000000e-02 -2.6889124e-01
  vertex -8.8303510e-01 2.6000000e-01 -2.6889124e-01
  vertex -8.9110736e-01 2.6000000e-01 -2.5542350e-01
 endloop
endfacet
facet normal 8.032077e-01 0.000000e+00 5.956990e-01
 outer loop
  vertex -8.7368164e-01 7.0000000e-02 -2.8150293e-01
  vertex -8.8303510e-01 2.6000000e-01 -2.6889124e-01
  vertex -8.8303510e-01 7.0000000e-02 -2.6889124e-01
 endloop
endfacet
facet normal 7.409529e-01 0.000000e+00 6.715570e-01
 outer loop
  vertex -8.6313710e-01 7.0000000e-02 -2.9313710e-01
  vertex -8.7368164e-01 2.6000000e-01 -2.8150293e-01
  vertex -8.7368164e-01 7.0000000e-02 -2.8150293e-01
 endloop
endfacet
facet normal 7.409529e-01 0.000000e+00 6.715570e-01
 outer loop
  vertex -8.6313710e-01 2.6000000e-01 -2.9313710e-01
  vertex -8.7368164e-01 2.6000000e-01 -2.8150293e-01
  vertex -8.6313710e-01 7.0000000e-02 -2.9313710e-01
 endloop
endfacet
facet normal 4.906808e-02 0.000000e+00 9.987954e-01
 outer loop
  vertex -7.6568274e-01 2.6000000e-01 -3.3922955e-01
  vertex -7.5000000e-01 7.0000000e-02 -3.4000000e-01
  vertex -7.5000000e-01 2.6000000e-01 -3.4000000e-01
 endloop
endfacet
facet normal 4.906808e-02 -0.000000e+00 9.987954e-01
 outer loop
  vertex -7.6568274e-01 7.0000000e-02 -3.3922955e-01
  vertex -7.5000000e-01 7.0000000e-02 -3.4000000e-01
  vertex -7.6568274e-01 2.6000000e-01 -3.3922955e-01
 endloop
endfacet
facet normal 1.467287e-01 -0.000000e+00 9.891768e-01
 outer loop
  vertex -7.6568274e-01 7.0000000e-02 -3.3922955e-01
  vertex -7.6568274e-01 2.6000000e-01 -3.3922955e-01
  vertex -7.8121450e-01 2.6000000e-01 -3.3692566e-01
 endloop
endfacet
facet normal 1.467287e-01 0.000000e+00 9.891768e-01
 outer loop
  vertex -7.6568274e-01 7.0000000e-02 -3.3922955e-01
  vertex -7.8121450e-01 2.6000000e-01 -3.3692566e-01
  vertex -7.8121450e-01 7.0000000e-02 -3.3692566e-01
 endloop
endfacet
facet normal 2.429825e-01 0.000000e+00 9.700307e-01
 outer loop
  vertex -7.8121450e-01 2.6000000e-01 -3.3692566e-01
  vertex -7.9644556e-01 2.6000000e-01 -3.3311044e-01
  vertex -7.8121450e-01 7.0000000e-02 -3.3692566e-01
 endloop
endfacet
facet normal 2.429825e-01 0.000000e+00 9.700307e-01
 outer loop
  vertex -7.9644556e-01 2.6000000e-01 -3.3311044e-01
  vertex -7.9644556e-01 7.0000000e-02 -3.3311044e-01
  vertex -7.8121450e-01 7.0000000e-02 -3.3692566e-01
 endloop
endfacet
facet normal 3.368897e-01 0.000000e+00 9.415441e-01
 outer loop
  vertex -8.1122940e-01 2.6000000e-01 -3.2782070e-01
  vertex -7.9644556e-01 7.0000000e-02 -3.3311044e-01
  vertex -7.9644556e-01 2.6000000e-01 -3.3311044e-01
 endloop
endfacet
facet normal 3.368897e-01 -0.000000e+00 9.415441e-01
 outer loop
  vertex -8.1122940e-01 7.0000000e-02 -3.2782070e-01
  vertex -7.9644556e-01 7.0000000e-02 -3.3311044e-01
  vertex -8.1122940e-01 2.6000000e-01 -3.2782070e-01
 endloop
endfacet
facet normal 4.275556e-01 -0.000000e+00 9.039891e-01
 outer loop
  vertex -8.1122940e-01 7.0000000e-02 -3.2782070e-01
  vertex -8.1122940e-01 2.6000000e-01 -3.2782070e-01
  vertex -8.2542346e-01 2.6000000e-01 -3.2110740e-01
 endloop
endfacet
facet normal 4.275556e-01 0.000000e+00 9.039891e-01
 outer loop
  vertex -8.1122940e-01 7.0000000e-02 -3.2782070e-01
  vertex -8.2542346e-01 2.6000000e-01 -3.2110740e-01
  vertex -8.2542346e-01 7.0000000e-02 -3.2110740e-01
 endloop
endfacet
facet normal 5.141024e-01 0.000000e+00 8.577288e-01
 outer loop
  vertex -8.2542346e-01 2.6000000e-01 -3.2110740e-01
  vertex -8.3889124e-01 2.6000000e-01 -3.1303513e-01
  vertex -8.2542346e-01 7.0000000e-02 -3.2110740e-01
 endloop
endfacet
facet normal 5.141024e-01 0.000000e+00 8.577288e-01
 outer loop
  vertex -8.3889124e-01 2.6000000e-01 -3.1303513e-01
  vertex -8.3889124e-01 7.0000000e-02 -3.1303513e-01
  vertex -8.2542346e-01 7.0000000e-02 -3.2110740e-01
 endloop
endfacet
facet normal 5.956999e-01 0.000000e+00 8.032071e-01
 outer loop
  vertex -8.5150290e-01 2.6000000e-01 -3.0368167e-01
  vertex -8.3889124e-01 7.0000000e-02 -3.1303513e-01
  vertex -8.3889124e-01 2.6000000e-01 -3.1303513e-01
 endloop
endfacet
facet normal 5.956999e-01 -0.000000e+00 8.032071e-01
 outer loop
  vertex -8.5150290e-01 7.0000000e-02 -3.0368167e-01
  vertex -8.3889124e-01 7.0000000e-02 -3.1303513e-01
  vertex -8.5150290e-01 2.6000000e-01 -3.0368167e-01
 endloop
endfacet
facet normal 6.715571e-01 -0.000000e+00 7.409528e-01
 outer loop
  vertex -8.5150290e-01 7.0000000e-02 -3.0368167e-01
  vertex -8.5150290e-01 2.6000000e-01 -3.0368167e-01
  vertex -8.6313710e-01 2.6000000e-01 -2.9313710e-01
 endloop
endfacet
facet normal 6.715571e-01 0.000000e+00 7.409528e-01
 outer loop
  vertex -8.5150290e-01 7.0000000e-02 -3.0368167e-01
  vertex -8.6313710e-01 2.6000000e-01 -2.9313710e-01
  vertex -8.6313710e-01 7.0000000e-02 -2.9313710e-01
 endloop
endfacet
facet normal 8.032077e-01 -0.000000e+00 5.956990e-01
 outer loop
  vertex -8.7368164e-01 7.0000000e-02 -2.8150293e-01
  vertex -8.7368164e-01 2.6000000e-01 -2.8150293e-01
  vertex -8.8303510e-01 2.6000000e-01 -2.6889124e-01
 endloop
endfacet
facet normal 8.577284e-01 -0.000000e+00 5.141031e-01
 outer loop
  vertex -8.9110736e-01 7.0000000e-02 -2.5542350e-01
  vertex -8.8303510e-01 7.0000000e-02 -2.6889124e-01
  vertex -8.9110736e-01 2.6000000e-01 -2.5542350e-01
 endloop
endfacet
facet normal 9.415434e-01 0.000000e+00 3.368918e-01
 outer loop
  vertex -9.0311050e-01 2.6000000e-01 -2.2644556e-01
  vertex -8.9782074e-01 7.0000000e-02 -2.4122935e-01
  vertex -8.9782074e-01 2.6000000e-01 -2.4122935e-01
 endloop
endfacet
facet normal 9.700327e-01 0.000000e+00 2.429745e-01
 outer loop
  vertex -9.0692560e-01 2.6000000e-01 -2.1121445e-01
  vertex -9.0692560e-01 7.0000000e-02 -2.1121445e-01
  vertex -9.0311050e-01 7.0000000e-02 -2.2644556e-01
 endloop
endfacet
facet normal 9.987954e-01 0.000000e+00 4.906805e-02
 outer loop
  vertex -9.0922955e-01 2.6000000e-01 -1.9568275e-01
  vertex -9.1000000e-01 2.6000000e-01 -1.8000000e-01
  vertex -9.0922955e-01 7.0000000e-02 -1.9568275e-01
 endloop
endfacet
facet normal 9.987954e-01 0.000000e+00 -4.906805e-02
 outer loop
  vertex -9.1000000e-01 7.0000000e-02 -1.8000000e-01
  vertex -9.0922955e-01 2.6000000e-01 -1.6431725e-01
  vertex -9.0922955e-01 7.0000000e-02 -1.6431725e-01
 endloop
endfacet
facet normal 9.700326e-01 0.000000e+00 -2.429748e-01
 outer loop
  vertex -9.0692560e-01 7.0000000e-02 -1.4878555e-01
  vertex -9.0692560e-01 2.6000000e-01 -1.4878555e-01
  vertex -9.0311050e-01 2.6000000e-01 -1.3355446e-01
 endloop
endfacet
facet normal 9.415435e-01 0.000000e+00 -3.368914e-01
 outer loop
  vertex -8.9782074e-01 7.0000000e-02 -1.1877065e-01
  vertex -9.0311050e-01 7.0000000e-02 -1.3355446e-01
  vertex -8.9782074e-01 2.6000000e-01 -1.1877065e-01
 endloop
endfacet
facet normal 8.577287e-01 0.000000e+00 -5.141027e-01
 outer loop
  vertex -8.8303510e-01 2.6000000e-01 -9.1108765e-02
  vertex -8.9110736e-01 7.0000000e-02 -1.0457652e-01
  vertex -8.9110736e-01 2.6000000e-01 -1.0457652e-01
 endloop
endfacet
facet normal 8.032076e-01 0.000000e+00 -5.956992e-01
 outer loop
  vertex -8.7368164e-01 2.6000000e-01 -7.8497080e-02
  vertex -8.7368164e-01 7.0000000e-02 -7.8497080e-02
  vertex -8.8303510e-01 7.0000000e-02 -9.1108765e-02
 endloop
endfacet
facet normal 6.715576e-01 0.000000e+00 -7.409524e-01
 outer loop
  vertex -8.6313710e-01 2.6000000e-01 -6.6862915e-02
  vertex -8.5150290e-01 2.6000000e-01 -5.6318330e-02
  vertex -8.6313710e-01 7.0000000e-02 -6.6862915e-02
 endloop
endfacet
facet normal 5.957002e-01 0.000000e+00 -8.032068e-01
 outer loop
  vertex -8.5150290e-01 7.0000000e-02 -5.6318330e-02
  vertex -8.3889124e-01 2.6000000e-01 -4.6964863e-02
  vertex -8.3889124e-01 7.0000000e-02 -4.6964863e-02
 endloop
endfacet
facet normal 4.275567e-01 0.000000e+00 -9.039885e-01
 outer loop
  vertex -8.2542346e-01 7.0000000e-02 -3.8892597e-02
  vertex -8.2542346e-01 2.6000000e-01 -3.8892597e-02
  vertex -8.1122940e-01 2.6000000e-01 -3.2179276e-02
 endloop
endfacet
facet normal 3.368892e-01 0.000000e+00 -9.415443e-01
 outer loop
  vertex -8.1122940e-01 7.0000000e-02 -3.2179276e-02
  vertex -8.1122940e-01 2.6000000e-01 -3.2179276e-02
  vertex -7.9644556e-01 2.6000000e-01 -2.6889545e-02
 endloop
endfacet
facet normal 4.906764e-02 0.000000e+00 -9.987955e-01
 outer loop
  vertex -7.6568274e-01 2.6000000e-01 -2.0770443e-02
  vertex -7.5000000e-01 2.6000000e-01 -2.0000000e-02
  vertex -7.6568274e-01 7.0000000e-02 -2.0770443e-02
 endloop
endfacet
facet normal 2.429807e-01 0.000000e+00 -9.700311e-01
 outer loop
  vertex -7.8121450e-01 2.6000000e-01 -2.3074354e-02
  vertex -7.8121450e-01 7.0000000e-02 -2.3074354e-02
  vertex -7.9644556e-01 7.0000000e-02 -2.6889545e-02
 endloop
endfacet
facet normal 0.000000e+00 0.000000e+00 1.000000e+00
 outer loop
  vertex -7.5000000e-01 7.0000000e-02 -3.4000000e-01
  vertex 7.5000000e-01 7.0000000e-02 -3.4000000e-01
  vertex -7.5000000e-01 2.6000000e-01 -3.4000000e-01
 endloop
endfacet
facet normal 0.000000e+00 -0.000000e+00 1.000000e+00
 outer loop
  vertex 7.5000000e-01 7.0000000e-02 -3.4000000e-01
  vertex 7.5000000e-01 2.6000000e-01 -3.4000000e-01
  vertex -7.5000000e-01 2.6000000e-01 -3.4000000e-01
 endloop
endfacet
facet normal -4.906808e-02 0.000000e+00 9.987954e-01
 outer loop
  vertex 7.5000000e-01 7.0000000e-02 -3.4000000e-01
  vertex 7.6568274e-01 7.0000000e-02 -3.3922955e-01
  vertex 7.5000000e-01 2.6000000e-01 -3.4000000e-01
 endloop
endfacet
facet normal -1.467287e-01 0.000000e+00 9.891768e-01
 outer loop
  vertex 7.6568274e-01 7.0000000e-02 -3.3922955e-01
  vertex 7.8121450e-01 7.0000000e-02 -3.3692566e-01
  vertex 7.6568274e-01 2.6000000e-01 -3.3922955e-01
 endloop
endfacet
facet normal -1.467287e-01 0.000000e+00 9.891768e-01
 outer loop
  vertex 7.8121450e-01 7.0000000e-02 -3.3692566e-01
  vertex 7.8121450e-01 2.6000000e-01 -3.3692566e-01
  vertex 7.6568274e-01 2.6000000e-01 -3.3922955e-01
 endloop
endfacet
facet normal -2.429825e-01 0.000000e+00 9.700307e-01
 outer loop
  vertex 7.9644556e-01 7.0000000e-02 -3.3311044e-01
  vertex 7.9644556e-01 2.6000000e-01 -3.3311044e-01
  vertex 7.8121450e-01 2.6000000e-01 -3.3692566e-01
 endloop
endfacet
facet normal -3.368897e-01 0.000000e+00 9.415441e-01
 outer loop
  vertex 8.1122940e-01 7.0000000e-02 -3.2782070e-01
  vertex 7.9644556e-01 2.6000000e-01 -3.3311044e-01
  vertex 7.9644556e-01 7.0000000e-02 -3.3311044e-01
 endloop
endfacet
facet normal -4.275556e-01 0.000000e+00 9.039891e-01
 outer loop
  vertex 8.2542346e-01 7.0000000e-02 -3.2110740e-01
  vertex 8.1122940e-01 2.6000000e-01 -3.2782070e-01
  vertex 8.1122940e-01 7.0000000e-02 -3.2782070e-01
 endloop
endfacet
facet normal -5.141024e-01 0.000000e+00 8.577288e-01
 outer loop
  vertex 8.3889124e-01 7.0000000e-02 -3.1303513e-01
  vertex 8.2542346e-01 2.6000000e-01 -3.2110740e-01
  vertex 8.2542346e-01 7.0000000e-02 -3.2110740e-01
 endloop
endfacet
facet normal -5.141024e-01 0.000000e+00 8.577288e-01
 outer loop
  vertex 8.3889124e-01 2.6000000e-01 -3.1303513e-01
  vertex 8.2542346e-01 2.6000000e-01 -3.2110740e-01
  vertex 8.3889124e-01 7.0000000e-02 -3.1303513e-01
 endloop
endfacet
facet normal -5.956999e-01 0.000000e+00 8.032071e-01
 outer loop
  vertex 8.5150290e-01 2.6000000e-01 -3.0368167e-01
  vertex 8.3889124e-01 2.6000000e-01 -3.1303513e-01
  vertex 8.5150290e-01 7.0000000e-02 -3.0368167e-01
 endloop
endfacet
facet normal -6.715571e-01 0.000000e+00 7.409528e-01
 outer loop
  vertex 8.5150290e-01 2.6000000e-01 -3.0368167e-01
  vertex 8.5150290e-01 7.0000000e-02 -3.0368167e-01
  vertex 8.6313710e-01 7.0000000e-02 -2.9313710e-01
 endloop
endfacet
facet normal -7.409529e-01 0.000000e+00 6.715570e-01
 outer loop
  vertex 8.6313710e-01 2.6000000e-01 -2.9313710e-01
  vertex 8.6313710e-01 7.0000000e-02 -2.9313710e-01
  vertex 8.7368164e-01 7.0000000e-02 -2.8150293e-01
 endloop
endfacet
facet normal -7.409529e-01 0.000000e+00 6.715570e-01
 outer loop
  vertex 8.6313710e-01 2.6000000e-01 -2.9313710e-01
  vertex 8.7368164e-01 7.0000000e-02 -2.8150293e-01
  vertex 8.7368164e-01 2.6000000e-01 -2.8150293e-01
 endloop
endfacet
facet normal -8.032077e-01 0.000000e+00 5.956990e-01
 outer loop
  vertex 8.7368164e-01 2.6000000e-01 -2.8150293e-01
  vertex 8.8303510e-01 7.0000000e-02 -2.6889124e-01
  vertex 8.8303510e-01 2.6000000e-01 -2.6889124e-01
 endloop
endfacet
facet normal -8.577284e-01 0.000000e+00 5.141031e-01
 outer loop
  vertex 8.8303510e-01 7.0000000e-02 -2.6889124e-01
  vertex 8.9110736e-01 7.0000000e-02 -2.5542350e-01
  vertex 8.8303510e-01 2.6000000e-01 -2.6889124e-01
 endloop
endfacet
facet normal -9.039881e-01 0.000000e+00 4.275575e-01
 outer loop
  vertex 8.9110736e-01 7.0000000e-02 -2.5542350e-01
  vertex 8.9782074e-01 7.0000000e-02 -2.4122935e-01
  vertex 8.9110736e-01 2.6000000e-01 -2.5542350e-01
 endloop
endfacet
facet normal -9.039881e-01 0.000000e+00 4.275575e-01
 outer loop
  vertex 8.9782074e-01 7.0000000e-02 -2.4122935e-01
  vertex 8.9782074e-01 2.6000000e-01 -2.4122935e-01
  vertex 8.9110736e-01 2.6000000e-01 -2.5542350e-01
 endloop
endfacet
facet normal -9.415434e-01 0.000000e+00 3.368918e-01
 outer loop
  vertex 9.0311050e-01 7.0000000e-02 -2.2644556e-01
  vertex 9.0311050e-01 2.6000000e-01 -2.2644556e-01
  vertex 8.9782074e-01 2.6000000e-01 -2.4122935e-01
 endloop
endfacet
facet normal -9.700327e-01 0.000000e+00 2.429745e-01
 outer loop
  vertex 9.0692560e-01 7.0000000e-02 -2.1121445e-01
  vertex 9.0311050e-01 2.6000000e-01 -2.2644556e-01
  vertex 9.0311050e-01 7.0000000e-02 -2.2644556e-01
 endloop
endfacet
facet normal -9.891761e-01 0.000000e+00 1.467330e-01
 outer loop
  vertex 9.0922955e-01 7.0000000e-02 -1.9568275e-01
  vertex 9.0692560e-01 2.6000000e-01 -2.1121445e-01
  vertex 9.0692560e-01 7.0000000e-02 -2.1121445e-01
 endloop
endfacet
facet normal -9.891761e-01 0.000000e+00 1.467330e-01
 outer loop
  vertex 9.0922955e-01 2.6000000e-01 -1.9568275e-01
  vertex 9.0692560e-01 2.6000000e-01 -2.1121445e-01
  vertex 9.0922955e-01 7.0000000e-02 -1.9568275e-01
 endloop
endfacet
facet normal -9.987954e-01 0.000000e+00 4.906805e-02
 outer loop
  vertex 9.1000000e-01 2.6000000e-01 -1.8000000e-01
  vertex 9.0922955e-01 2.6000000e-01 -1.9568275e-01
  vertex 9.1000000e-01 7.0000000e-02 -1.8000000e-01
 endloop
endfacet
facet normal -9.987954e-01 -0.000000e+00 -4.906805e-02
 outer loop
  vertex 9.1000000e-01 2.6000000e-01 -1.8000000e-01
  vertex 9.1000000e-01 7.0000000e-02 -1.8000000e-01
  vertex 9.0922955e-01 7.0000000e-02 -1.6431725e-01
 endloop
endfacet
facet normal -9.891761e-01 -0.000000e+00 -1.467330e-01
 outer loop
  vertex 9.0922955e-01 2.6000000e-01 -1.6431725e-01
  vertex 9.0922955e-01 7.0000000e-02 -1.6431725e-01
  vertex 9.0692560e-01 7.0000000e-02 -1.4878555e-01
 endloop
endfacet
facet normal -9.891761e-01 0.000000e+00 -1.467330e-01
 outer loop
  vertex 9.0922955e-01 2.6000000e-01 -1.6431725e-01
  vertex 9.0692560e-01 7.0000000e-02 -1.4878555e-01
  vertex 9.0692560e-01 2.6000000e-01 -1.4878555e-01
 endloop
endfacet
facet normal -9.700326e-01 0.000000e+00 -2.429748e-01
 outer loop
  vertex 9.0692560e-01 2.6000000e-01 -1.4878555e-01
  vertex 9.0311050e-01 7.0000000e-02 -1.3355446e-01
  vertex 9.0311050e-01 2.6000000e-01 -1.3355446e-01
 endloop
endfacet
facet normal -9.415435e-01 0.000000e+00 -3.368914e-01
 outer loop
  vertex 9.0311050e-01 7.0000000e-02 -1.3355446e-01
  vertex 8.9782074e-01 7.0000000e-02 -1.1877065e-01
  vertex 9.0311050e-01 2.6000000e-01 -1.3355446e-01
 endloop
endfacet
facet normal -9.039879e-01 0.000000e+00 -4.275580e-01
 outer loop
  vertex 8.9782074e-01 7.0000000e-02 -1.1877065e-01
  vertex 8.9110736e-01 7.0000000e-02 -1.0457652e-01
  vertex 8.9782074e-01 2.6000000e-01 -1.1877065e-01
 endloop
endfacet
facet normal -9.039879e-01 0.000000e+00 -4.275580e-01
 outer loop
  vertex 8.9110736e-01 7.0000000e-02 -1.0457652e-01
  vertex 8.9110736e-01 2.6000000e-01 -1.0457652e-01
  vertex 8.9782074e-01 2.6000000e-01 -1.1877065e-01
 endloop
endfacet
facet normal -8.577287e-01 0.000000e+00 -5.141027e-01
 outer loop
  vertex 8.8303510e-01 7.0000000e-02 -9.1108765e-02
  vertex 8.8303510e-01 2.6000000e-01 -9.1108765e-02
  vertex 8.9110736e-01 2.6000000e-01 -1.0457652e-01
 endloop
endfacet
facet normal -8.032076e-01 0.000000e+00 -5.956992e-01
 outer loop
  vertex 8.7368164e-01 7.0000000e-02 -7.8497080e-02
  vertex 8.8303510e-01 2.6000000e-01 -9.1108765e-02
  vertex 8.8303510e-01 7.0000000e-02 -9.1108765e-02
 endloop
endfacet
facet normal -7.409528e-01 0.000000e+00 -6.715571e-01
 outer loop
  vertex 8.6313710e-01 7.0000000e-02 -6.6862915e-02
  vertex 8.7368164e-01 2.6000000e-01 -7.8497080e-02
  vertex 8.7368164e-01 7.0000000e-02 -7.8497080e-02
 endloop
endfacet
facet normal -7.409528e-01 -0.000000e+00 -6.715571e-01
 outer loop
  vertex 8.6313710e-01 2.6000000e-01 -6.6862915e-02
  vertex 8.7368164e-01 2.6000000e-01 -7.8497080e-02
  vertex 8.6313710e-01 7.0000000e-02 -6.6862915e-02
 endloop
endfacet
facet normal -4.906764e-02 0.000000e+00 -9.987955e-01
 outer loop
  vertex 7.6568274e-01 2.6000000e-01 -2.0770443e-02
  vertex 7.5000000e-01 7.0000000e-02 -2.0000000e-02
  vertex 7.5000000e-01 2.6000000e-01 -2.0000000e-02
 endloop
endfacet
facet normal -4.906764e-02 0.000000e+00 -9.987955e-01
 outer loop
  vertex 7.6568274e-01 7.0000000e-02 -2.0770443e-02
  vertex 7.5000000e-01 7.0000000e-02 -2.0000000e-02
  vertex 7.6568274e-01 2.6000000e-01 -2.0770443e-02
 endloop
endfacet
facet normal -1.467300e-01 0.000000e+00 -9.891766e-01
 outer loop
  vertex 7.6568274e-01 7.0000000e-02 -2.0770443e-02
  vertex 7.6568274e-01 2.6000000e-01 -2.0770443e-02
  vertex 7.8121450e-01 2.6000000e-01 -2.3074354e-02
 endloop
endfacet
facet normal -1.467300e-01 0.000000e+00 -9.891766e-01
 outer loop
  vertex 7.6568274e-01 7.0000000e-02 -2.0770443e-02
  vertex 7.8121450e-01 2.6000000e-01 -2.3074354e-02
  vertex 7.8121450e-01 7.0000000e-02 -2.3074354e-02
 endloop
endfacet
facet normal -2.429807e-01 -0.000000e+00 -9.700311e-01
 outer loop
  vertex 7.8121450e-01 2.6000000e-01 -2.3074354e-02
  vertex 7.9644556e-01 2.6000000e-01 -2.6889545e-02
  vertex 7.8121450e-01 7.0000000e-02 -2.3074354e-02
 endloop
endfacet
facet normal -2.429807e-01 -0.000000e+00 -9.700311e-01
 outer loop
  vertex 7.9644556e-01 2.6000000e-01 -2.6889545e-02
  vertex 7.9644556e-01 7.0000000e-02 -2.6889545e-02
  vertex 7.8121450e-01 7.0000000e-02 -2.3074354e-02
 endloop
endfacet
facet normal -3.368892e-01 0.000000e+00 -9.415443e-01
 outer loop
  vertex 8.1122940e-01 2.6000000e-01 -3.2179276e-02
  vertex 7.9644556e-01 7.0000000e-02 -2.6889545e-02
  vertex 7.9644556e-01 2.6000000e-01 -2.6889545e-02
 endloop
endfacet
facet normal -3.368892e-01 0.000000e+00 -9.415443e-01
 outer loop
  vertex 8.1122940e-01 7.0000000e-02 -3.2179276e-02
  vertex 7.9644556e-01 7.0000000e-02 -2.6889545e-02
  vertex 8.1122940e-01 2.6000000e-01 -3.2179276e-02
 endloop
endfacet
facet normal -4.275567e-01 0.000000e+00 -9.039885e-01
 outer loop
  vertex 8.1122940e-01 7.0000000e-02 -3.2179276e-02
  vertex 8.1122940e-01 2.6000000e-01 -3.2179276e-02
  vertex 8.2542346e-01 2.6000000e-01 -3.8892597e-02
 endloop
endfacet
facet normal -4.275567e-01 0.000000e+00 -9.039885e-01
 outer loop
  vertex 8.1122940e-01 7.0000000e-02 -3.2179276e-02
  vertex 8.2542346e-01 2.6000000e-01 -3.8892597e-02
  vertex 8.2542346e-01 7.0000000e-02 -3.8892597e-02
 endloop
endfacet
facet normal -5.141022e-01 -0.000000e+00 -8.577289e-01
 outer loop
  vertex 8.2542346e-01 2.6000000e-01 -3.8892597e-02
  vertex 8.3889124e-01 2.6000000e-01 -4.6964863e-02
  vertex 8.2542346e-01 7.0000000e-02 -3.8892597e-02
 endloop
endfacet
facet normal -5.141022e-01 -0.000000e+00 -8.577289e-01
 outer loop
  vertex 8.3889124e-01 2.6000000e-01 -4.6964863e-02
  vertex 8.3889124e-01 7.0000000e-02 -4.6964863e-02
  vertex 8.2542346e-01 7.0000000e-02 -3.8892597e-02
 endloop
endfacet
facet normal -5.957002e-01 0.000000e+00 -8.032068e-01
 outer loop
  vertex 8.5150290e-01 2.6000000e-01 -5.6318330e-02
  vertex 8.3889124e-01 7.0000000e-02 -4.6964863e-02
  vertex 8.3889124e-01 2.6000000e-01 -4.6964863e-02
 endloop
endfacet
facet normal -5.957002e-01 0.000000e+00 -8.032068e-01
 outer loop
  vertex 8.5150290e-01 7.0000000e-02 -5.6318330e-02
  vertex 8.3889124e-01 7.0000000e-02 -4.6964863e-02
  vertex 8.5150290e-01 2.6000000e-01 -5.6318330e-02
 endloop
endfacet
facet normal -6.715576e-01 0.000000e+00 -7.409524e-01
 outer loop
  vertex 8.5150290e-01 7.0000000e-02 -5.6318330e-02
  vertex 8.5150290e-01 2.6000000e-01 -5.6318330e-02
  vertex 8.6313710e-01 2.6000000e-01 -6.6862915e-02
 endloop
endfacet
facet normal -6.715576e-01 0.000000e+00 -7.409524e-01
 outer loop
  vertex 8.5150290e-01 7.0000000e-02 -5.6318330e-02
  vertex 8.6313710e-01 2.6000000e-01 -6.6862915e-02
  vertex 8.6313710e-01 7.0000000e-02 -6.6862915e-02
 endloop
endfacet
facet normal -8.032076e-01 0.000000e+00 -5.956992e-01
 outer loop
  vertex 8.7368164e-01 7.0000000e-02 -7.8497080e-02
  vertex 8.7368164e-01 2.6000000e-01 -7.8497080e-02
  vertex 8.8303510e-01 2.6000000e-01 -9.1108765e-02
 endloop
endfacet
facet normal -8.577287e-01 0.000000e+00 -5.141027e-01
 outer loop
  vertex 8.9110736e-01 7.0000000e-02 -1.0457652e-01
  vertex 8.8303510e-01 7.0000000e-02 -9.1108765e-02
  vertex 8.9110736e-01 2.6000000e-01 -1.0457652e-01
 endloop
endfacet
facet normal -9.415435e-01 0.000000e+00 -3.368914e-01
 outer loop
  vertex 9.0311050e-01 2.6000000e-01 -1.3355446e-01
  vertex 8.9782074e-01 7.0000000e-02 -1.1877065e-01
  vertex 8.9782074e-01 2.6000000e-01 -1.1877065e-01
 endloop
endfacet
facet normal -9.700326e-01 -0.000000e+00 -2.429748e-01
 outer loop
  vertex 9.0692560e-01 2.6000000e-01 -1.4878555e-01
  vertex 9.0692560e-01 7.0000000e-02 -1.4878555e-01
  vertex 9.0311050e-01 7.0000000e-02 -1.3355446e-01
 endloop
endfacet
facet normal -9.987954e-01 -0.000000e+00 -4.906805e-02
 outer loop
  vertex 9.0922955e-01 2.6000000e-01 -1.6431725e-01
  vertex 9.1000000e-01 2.6000000e-01 -1.8000000e-01
  vertex 9.0922955e-01 7.0000000e-02 -1.6431725e-01
 endloop
endfacet
facet normal -9.987954e-01 0.000000e+00 4.906805e-02
 outer loop
  vertex 9.1000000e-01 7.0000000e-02 -1.8000000e-01
  vertex 9.0922955e-01 2.6000000e-01 -1.9568275e-01
  vertex 9.0922955e-01 7.0000000e-02 -1.9568275e-01
 endloop
endfacet
facet normal -9.700327e-01 0.000000e+00 2.429745e-01
 outer loop
  vertex 9.0692560e-01 7.0000000e-02 -2.1121445e-01
  vertex 9.0692560e-01 2.6000000e-01 -2.1121445e-01
  vertex 9.0311050e-01 2.6000000e-01 -2.2644556e-01
 endloop
endfacet
facet normal -9.415434e-01 0.000000e+00 3.368918e-01
 outer loop
  vertex 8.9782074e-01 7.0000000e-02 -2.4122935e-01
  vertex 9.0311050e-01 7.0000000e-02 -2.2644556e-01
  vertex 8.9782074e-01 2.6000000e-01 -2.4122935e-01
 endloop
endfacet
facet normal -8.577284e-01 0.000000e+00 5.141031e-01
 outer loop
  vertex 8.8303510e-01 2.6000000e-01 -2.6889124e-01
  vertex 8.9110736e-01 7.0000000e-02 -2.5542350e-01
  vertex 8.9110736e-01 2.6000000e-01 -2.5542350e-01
 endloop
endfacet
facet normal -8.032077e-01 0.000000e+00 5.956990e-01
 outer loop
  vertex 8.7368164e-01 2.6000000e-01 -2.8150293e-01
  vertex 8.7368164e-01 7.0000000e-02 -2.8150293e-01
  vertex 8.8303510e-01 7.0000000e-02 -2.6889124e-01
 endloop
endfacet
facet normal -6.715571e-01 0.000000e+00 7.409528e-01
 outer loop
  vertex 8.6313710e-01 2.6000000e-01 -2.9313710e-01
  vertex 8.5150290e-01 2.6000000e-01 -3.0368167e-01
  vertex 8.6313710e-01 7.0000000e-02 -2.9313710e-01
 endloop
endfacet
facet normal -5.956999e-01 0.000000e+00 8.032071e-01
 outer loop
  vertex 8.5150290e-01 7.0000000e-02 -3.0368167e-01
  vertex 8.3889124e-01 2.6000000e-01 -3.1303513e-01
  vertex 8.3889124e-01 7.0000000e-02 -3.1303513e-01
 endloop
endfacet
facet normal -4.275556e-01 0.000000e+00 9.039891e-01
 outer loop
  vertex 8.2542346e-01 7.0000000e-02 -3.2110740e-01
  vertex 8.2542346e-01 2.6000000e-01 -3.2110740e-01
  vertex 8.1122940e-01 2.6000000e-01 -3.2782070e-01
 endloop
endfacet
facet normal -3.368897e-01 0.000000e+00 9.415441e-01
 outer loop
  vertex 8.1122940e-01 7.0000000e-02 -3.2782070e-01
  vertex 8.1122940e-01 2.6000000e-01 -3.2782070e-01
  vertex 7.9644556e-01 2.6000000e-01 -3.3311044e-01
 endloop
endfacet
facet normal -4.906808e-02 0.000000e+00 9.987954e-01
 outer loop
  vertex 7.6568274e-01 2.6000000e-01 -3.3922955e-01
  vertex 7.5000000e-01 2.6000000e-01 -3.4000000e-01
  vertex 7.6568274e-01 7.0000000e-02 -3.3922955e-01
 endloop
endfacet
facet normal -2.429825e-01 0.000000e+00 9.700307e-01
 outer loop
  vertex 7.8121450e-01 2.6000000e-01 -3.3692566e-01
  vertex 7.8121450e-01 7.0000000e-02 -3.3692566e-01
  vertex 7.9644556e-01 7.0000000e-02 -3.3311044e-01
 endloop
endfacet
facet normal 0.000000e+00 -0.000000e+00 1.000000e+00
 outer loop
  vertex 7.5000000e-01 -2.6000000e-01 -1.5000000e-02
  vertex 7.5000000e-01 -7.0000000e-02 -1.5000000e-02
  vertex -7.5000000e-01 -2.6000000e-01 -1.5000000e-02
 endloop
endfacet
facet normal 0.000000e+00 0.000000e+00 1.000000e+00
 outer loop
  vertex -7.5000000e-01 -2.6000000e-01 -1.5000000e-02
  vertex 7.5000000e-01 -7.0000000e-02 -1.5000000e-02
  vertex -7.5000000e-01 -7.0000000e-02 -1.5000000e-02
 endloop
endfacet
facet normal -4.906754e-02 0.000000e+00 9.987955e-01
 outer loop
  vertex -7.5000000e-01 -2.6000000e-01 -1.5000000e-02
  vertex -7.5000000e-01 -7.0000000e-02 -1.5000000e-02
  vertex -7.6617285e-01 -2.6000000e-01 -1.5794519e-02
 endloop
endfacet
facet normal -1.467308e-01 0.000000e+00 9.891765e-01
 outer loop
  vertex -7.6617285e-01 -2.6000000e-01 -1.5794519e-02
  vertex -7.6617285e-01 -7.0000000e-02 -1.5794519e-02
  vertex -7.8218990e-01 -2.6000000e-01 -1.8170430e-02
 endloop
endfacet
facet normal -1.467308e-01 0.000000e+00 9.891765e-01
 outer loop
  vertex -7.8218990e-01 -2.6000000e-01 -1.8170430e-02
  vertex -7.6617285e-01 -7.0000000e-02 -1.5794519e-02
  vertex -7.8218990e-01 -7.0000000e-02 -1.8170430e-02
 endloop
endfacet
facet normal -2.429797e-01 0.000000e+00 9.700314e-01
 outer loop
  vertex -7.9789700e-01 -2.6000000e-01 -2.2104845e-02
  vertex -7.8218990e-01 -7.0000000e-02 -1.8170430e-02
  vertex -7.9789700e-01 -7.0000000e-02 -2.2104845e-02
 endloop
endfacet
facet normal -3.368904e-01 0.000000e+00 9.415439e-01
 outer loop
  vertex -8.1314276e-01 -2.6000000e-01 -2.7559875e-02
  vertex -7.9789700e-01 -2.6000000e-01 -2.2104845e-02
  vertex -7.9789700e-01 -7.0000000e-02 -2.2104845e-02
 endloop
endfacet
facet normal -4.275552e-01 0.000000e+00 9.039892e-01
 outer loop
  vertex -8.2778046e-01 -2.6000000e-01 -3.4482994e-02
  vertex -8.1314276e-01 -2.6000000e-01 -2.7559875e-02
  vertex -8.1314276e-01 -7.0000000e-02 -2.7559875e-02
 endloop
endfacet
facet normal -5.141031e-01 0.000000e+00 8.577284e-01
 outer loop
  vertex -8.4166907e-01 -2.6000000e-01 -4.2807514e-02
  vertex -8.2778046e-01 -2.6000000e-01 -3.4482994e-02
  vertex -8.2778046e-01 -7.0000000e-02 -3.4482994e-02
 endloop
endfacet
facet normal -5.141031e-01 0.000000e+00 8.577284e-01
 outer loop
  vertex -8.4166907e-01 -7.0000000e-02 -4.2807514e-02
  vertex -8.4166907e-01 -2.6000000e-01 -4.2807514e-02
  vertex -8.2778046e-01 -7.0000000e-02 -3.4482994e-02
 endloop
endfacet
facet normal -5.956995e-01 0.000000e+00 8.032074e-01
 outer loop
  vertex -8.5467487e-01 -7.0000000e-02 -5.2453278e-02
  vertex -8.5467487e-01 -2.6000000e-01 -5.2453278e-02
  vertex -8.4166907e-01 -7.0000000e-02 -4.2807514e-02
 endloop
endfacet
facet normal -6.715587e-01 0.000000e+00 7.409513e-01
 outer loop
  vertex -8.5467487e-01 -7.0000000e-02 -5.2453278e-02
  vertex -8.6667260e-01 -2.6000000e-01 -6.3327380e-02
  vertex -8.5467487e-01 -2.6000000e-01 -5.2453278e-02
 endloop
endfacet
facet normal -7.409499e-01 0.000000e+00 6.715604e-01
 outer loop
  vertex -8.6667260e-01 -7.0000000e-02 -6.3327380e-02
  vertex -8.7754675e-01 -2.6000000e-01 -7.5325110e-02
  vertex -8.6667260e-01 -2.6000000e-01 -6.3327380e-02
 endloop
endfacet
facet normal -7.409499e-01 0.000000e+00 6.715604e-01
 outer loop
  vertex -8.6667260e-01 -7.0000000e-02 -6.3327380e-02
  vertex -8.7754675e-01 -7.0000000e-02 -7.5325110e-02
  vertex -8.7754675e-01 -2.6000000e-01 -7.5325110e-02
 endloop
endfacet
facet normal -8.032078e-01 0.000000e+00 5.956990e-01
 outer loop
  vertex -8.7754675e-01 -7.0000000e-02 -7.5325110e-02
  vertex -8.8719250e-01 -7.0000000e-02 -8.8330910e-02
  vertex -8.8719250e-01 -2.6000000e-01 -8.8330910e-02
 endloop
endfacet
facet normal -8.577300e-01 0.000000e+00 5.141004e-01
 outer loop
  vertex -8.8719250e-01 -2.6000000e-01 -8.8330910e-02
  vertex -8.8719250e-01 -7.0000000e-02 -8.8330910e-02
  vertex -8.9551697e-01 -2.6000000e-01 -1.0221954e-01
 endloop
endfacet
facet normal -9.039889e-01 0.000000e+00 4.275559e-01
 outer loop
  vertex -8.9551697e-01 -2.6000000e-01 -1.0221954e-01
  vertex -8.9551697e-01 -7.0000000e-02 -1.0221954e-01
  vertex -9.0244010e-01 -2.6000000e-01 -1.1685723e-01
 endloop
endfacet
facet normal -9.039889e-01 0.000000e+00 4.275559e-01
 outer loop
  vertex -9.0244010e-01 -2.6000000e-01 -1.1685723e-01
  vertex -8.9551697e-01 -7.0000000e-02 -1.0221954e-01
  vertex -9.0244010e-01 -7.0000000e-02 -1.1685723e-01
 endloop
endfacet
facet normal -9.415440e-01 0.000000e+00 3.368902e-01
 outer loop
  vertex -9.0789514e-01 -2.6000000e-01 -1.3210303e-01
  vertex -9.0244010e-01 -7.0000000e-02 -1.1685723e-01
  vertex -9.0789514e-01 -7.0000000e-02 -1.3210303e-01
 endloop
endfacet
facet normal -9.700306e-01 0.000000e+00 2.429827e-01
 outer loop
  vertex -9.1182960e-01 -2.6000000e-01 -1.4781010e-01
  vertex -9.0789514e-01 -2.6000000e-01 -1.3210303e-01
  vertex -9.0789514e-01 -7.0000000e-02 -1.3210303e-01
 endloop
endfacet
facet normal -9.891766e-01 0.000000e+00 1.467301e-01
 outer loop
  vertex -9.1420550e-01 -2.6000000e-01 -1.6382716e-01
  vertex -9.1182960e-01 -2.6000000e-01 -1.4781010e-01
  vertex -9.1182960e-01 -7.0000000e-02 -1.4781010e-01
 endloop
endfacet
facet normal -9.891766e-01 0.000000e+00 1.467301e-01
 outer loop
  vertex -9.1420550e-01 -7.0000000e-02 -1.6382716e-01
  vertex -9.1420550e-01 -2.6000000e-01 -1.6382716e-01
  vertex -9.1182960e-01 -7.0000000e-02 -1.4781010e-01
 endloop
endfacet
facet normal -9.987955e-01 0.000000e+00 4.906640e-02
 outer loop
  vertex -9.1500000e-01 -7.0000000e-02 -1.8000000e-01
  vertex -9.1500000e-01 -2.6000000e-01 -1.8000000e-01
  vertex -9.1420550e-01 -7.0000000e-02 -1.6382716e-01
 endloop
endfacet
facet normal -9.987955e-01 -0.000000e+00 -4.906640e-02
 outer loop
  vertex -9.1500000e-01 -7.0000000e-02 -1.8000000e-01
  vertex -9.1420550e-01 -2.6000000e-01 -1.9617284e-01
  vertex -9.1500000e-01 -2.6000000e-01 -1.8000000e-01
 endloop
endfacet
facet normal -9.891766e-01 -0.000000e+00 -1.467301e-01
 outer loop
  vertex -9.1420550e-01 -7.0000000e-02 -1.9617284e-01
  vertex -9.1182960e-01 -2.6000000e-01 -2.1218990e-01
  vertex -9.1420550e-01 -2.6000000e-01 -1.9617284e-01
 endloop
endfacet
facet normal -9.891766e-01 0.000000e+00 -1.467301e-01
 outer loop
  vertex -9.1420550e-01 -7.0000000e-02 -1.9617284e-01
  vertex -9.1182960e-01 -7.0000000e-02 -2.1218990e-01
  vertex -9.1182960e-01 -2.6000000e-01 -2.1218990e-01
 endloop
endfacet
facet normal -9.700306e-01 0.000000e+00 -2.429827e-01
 outer loop
  vertex -9.1182960e-01 -7.0000000e-02 -2.1218990e-01
  vertex -9.0789514e-01 -7.0000000e-02 -2.2789697e-01
  vertex -9.0789514e-01 -2.6000000e-01 -2.2789697e-01
 endloop
endfacet
facet normal -9.415439e-01 0.000000e+00 -3.368904e-01
 outer loop
  vertex -9.0789514e-01 -2.6000000e-01 -2.2789697e-01
  vertex -9.0789514e-01 -7.0000000e-02 -2.2789697e-01
  vertex -9.0244010e-01 -2.6000000e-01 -2.4314276e-01
 endloop
endfacet
facet normal -9.039890e-01 0.000000e+00 -4.275558e-01
 outer loop
  vertex -9.0244010e-01 -2.6000000e-01 -2.4314276e-01
  vertex -9.0244010e-01 -7.0000000e-02 -2.4314276e-01
  vertex -8.9551697e-01 -2.6000000e-01 -2.5778046e-01
 endloop
endfacet
facet normal -9.039890e-01 0.000000e+00 -4.275558e-01
 outer loop
  vertex -8.9551697e-01 -2.6000000e-01 -2.5778046e-01
  vertex -9.0244010e-01 -7.0000000e-02 -2.4314276e-01
  vertex -8.9551697e-01 -7.0000000e-02 -2.5778046e-01
 endloop
endfacet
facet normal -8.577303e-01 0.000000e+00 -5.141000e-01
 outer loop
  vertex -8.8719250e-01 -2.6000000e-01 -2.7166910e-01
  vertex -8.9551697e-01 -7.0000000e-02 -2.5778046e-01
  vertex -8.8719250e-01 -7.0000000e-02 -2.7166910e-01
 endloop
endfacet
facet normal -8.032078e-01 0.000000e+00 -5.956990e-01
 outer loop
  vertex -8.7754675e-01 -2.6000000e-01 -2.8467490e-01
  vertex -8.8719250e-01 -2.6000000e-01 -2.7166910e-01
  vertex -8.8719250e-01 -7.0000000e-02 -2.7166910e-01
 endloop
endfacet
facet normal -7.409490e-01 0.000000e+00 -6.715613e-01
 outer loop
  vertex -8.6667260e-01 -2.6000000e-01 -2.9667260e-01
  vertex -8.7754675e-01 -2.6000000e-01 -2.8467490e-01
  vertex -8.7754675e-01 -7.0000000e-02 -2.8467490e-01
 endloop
endfacet
facet normal -7.409490e-01 -0.000000e+00 -6.715613e-01
 outer loop
  vertex -8.6667260e-01 -7.0000000e-02 -2.9667260e-01
  vertex -8.6667260e-01 -2.6000000e-01 -2.9667260e-01
  vertex -8.7754675e-01 -7.0000000e-02 -2.8467490e-01
 endloop
endfacet
facet normal -4.906822e-02 0.000000e+00 -9.987954e-01
 outer loop
  vertex -7.6617285e-01 -7.0000000e-02 -3.4420547e-01
  vertex -7.5000000e-01 -7.0000000e-02 -3.4500000e-01
  vertex -7.5000000e-01 -2.6000000e-01 -3.4500000e-01
 endloop
endfacet
facet normal -4.906822e-02 0.000000e+00 -9.987954e-01
 outer loop
  vertex -7.6617285e-01 -2.6000000e-01 -3.4420547e-01
  vertex -7.6617285e-01 -7.0000000e-02 -3.4420547e-01
  vertex -7.5000000e-01 -2.6000000e-01 -3.4500000e-01
 endloop
endfacet
facet normal -1.467308e-01 0.000000e+00 -9.891765e-01
 outer loop
  vertex -7.6617285e-01 -2.6000000e-01 -3.4420547e-01
  vertex -7.8218990e-01 -7.0000000e-02 -3.4182956e-01
  vertex -7.6617285e-01 -7.0000000e-02 -3.4420547e-01
 endloop
endfacet
facet normal -1.467308e-01 0.000000e+00 -9.891765e-01
 outer loop
  vertex -7.6617285e-01 -2.6000000e-01 -3.4420547e-01
  vertex -7.8218990e-01 -2.6000000e-01 -3.4182956e-01
  vertex -7.8218990e-01 -7.0000000e-02 -3.4182956e-01
 endloop
endfacet
facet normal -2.429800e-01 -0.000000e+00 -9.700313e-01
 outer loop
  vertex -7.8218990e-01 -7.0000000e-02 -3.4182956e-01
  vertex -7.8218990e-01 -2.6000000e-01 -3.4182956e-01
  vertex -7.9789700e-01 -7.0000000e-02 -3.3789514e-01
 endloop
endfacet
facet normal -2.429800e-01 -0.000000e+00 -9.700313e-01
 outer loop
  vertex -7.9789700e-01 -7.0000000e-02 -3.3789514e-01
  vertex -7.8218990e-01 -2.6000000e-01 -3.4182956e-01
  vertex -7.9789700e-01 -2.6000000e-01 -3.3789514e-01
 endloop
endfacet
facet normal -3.368909e-01 0.000000e+00 -9.415437e-01
 outer loop
  vertex -8.1314276e-01 -7.0000000e-02 -3.3244010e-01
  vertex -7.9789700e-01 -7.0000000e-02 -3.3789514e-01
  vertex -7.9789700e-01 -2.6000000e-01 -3.3789514e-01
 endloop
endfacet
facet normal -3.368909e-01 0.000000e+00 -9.415437e-01
 outer loop
  vertex -8.1314276e-01 -2.6000000e-01 -3.3244010e-01
  vertex -8.1314276e-01 -7.0000000e-02 -3.3244010e-01
  vertex -7.9789700e-01 -2.6000000e-01 -3.3789514e-01
 endloop
endfacet
facet normal -4.275543e-01 0.000000e+00 -9.039897e-01
 outer loop
  vertex -8.1314276e-01 -2.6000000e-01 -3.3244010e-01
  vertex -8.2778046e-01 -7.0000000e-02 -3.2551700e-01
  vertex -8.1314276e-01 -7.0000000e-02 -3.3244010e-01
 endloop
endfacet
facet normal -4.275543e-01 0.000000e+00 -9.039897e-01
 outer loop
  vertex -8.1314276e-01 -2.6000000e-01 -3.3244010e-01
  vertex -8.2778046e-01 -2.6000000e-01 -3.2551700e-01
  vertex -8.2778046e-01 -7.0000000e-02 -3.2551700e-01
 endloop
endfacet
facet normal -5.141022e-01 -0.000000e+00 -8.577289e-01
 outer loop
  vertex -8.2778046e-01 -7.0000000e-02 -3.2551700e-01
  vertex -8.2778046e-01 -2.6000000e-01 -3.2551700e-01
  vertex -8.4166907e-01 -7.0000000e-02 -3.1719250e-01
 endloop
endfacet
facet normal -5.141022e-01 -0.000000e+00 -8.577289e-01
 outer loop
  vertex -8.4166907e-01 -7.0000000e-02 -3.1719250e-01
  vertex -8.2778046e-01 -2.6000000e-01 -3.2551700e-01
  vertex -8.4166907e-01 -2.6000000e-01 -3.1719250e-01
 endloop
endfacet
facet normal -5.957002e-01 0.000000e+00 -8.032069e-01
 outer loop
  vertex -8.5467487e-01 -7.0000000e-02 -3.0754672e-01
  vertex -8.4166907e-01 -7.0000000e-02 -3.1719250e-01
  vertex -8.4166907e-01 -2.6000000e-01 -3.1719250e-01
 endloop
endfacet
facet normal -5.957002e-01 0.000000e+00 -8.032069e-01
 outer loop
  vertex -8.5467487e-01 -2.6000000e-01 -3.0754672e-01
  vertex -8.5467487e-01 -7.0000000e-02 -3.0754672e-01
  vertex -8.4166907e-01 -2.6000000e-01 -3.1719250e-01
 endloop
endfacet
facet normal -6.715593e-01 0.000000e+00 -7.409508e-01
 outer loop
  vertex -8.5467487e-01 -2.6000000e-01 -3.0754672e-01
  vertex -8.6667260e-01 -7.0000000e-02 -2.9667260e-01
  vertex -8.5467487e-01 -7.0000000e-02 -3.0754672e-01
 endloop
endfacet
facet normal -6.715593e-01 0.000000e+00 -7.409508e-01
 outer loop
  vertex -8.5467487e-01 -2.6000000e-01 -3.0754672e-01
  vertex -8.6667260e-01 -2.6000000e-01 -2.9667260e-01
  vertex -8.6667260e-01 -7.0000000e-02 -2.9667260e-01
 endloop
endfacet
facet normal -8.032078e-01 0.000000e+00 -5.956990e-01
 outer loop
  vertex -8.7754675e-01 -2.6000000e-01 -2.8467490e-01
  vertex -8.8719250e-01 -7.0000000e-02 -2.7166910e-01
  vertex -8.7754675e-01 -7.0000000e-02 -2.8467490e-01
 endloop
endfacet
facet normal -8.577303e-01 0.000000e+00 -5.141000e-01
 outer loop
  vertex -8.9551697e-01 -2.6000000e-01 -2.5778046e-01
  vertex -8.9551697e-01 -7.0000000e-02 -2.5778046e-01
  vertex -8.8719250e-01 -2.6000000e-01 -2.7166910e-01
 endloop
endfacet
facet normal -9.415439e-01 0.000000e+00 -3.368904e-01
 outer loop
  vertex -9.0789514e-01 -7.0000000e-02 -2.2789697e-01
  vertex -9.0244010e-01 -7.0000000e-02 -2.4314276e-01
  vertex -9.0244010e-01 -2.6000000e-01 -2.4314276e-01
 endloop
endfacet
facet normal -9.700306e-01 -0.000000e+00 -2.429827e-01
 outer loop
  vertex -9.1182960e-01 -7.0000000e-02 -2.1218990e-01
  vertex -9.0789514e-01 -2.6000000e-01 -2.2789697e-01
  vertex -9.1182960e-01 -2.6000000e-01 -2.1218990e-01
 endloop
endfacet
facet normal -9.987955e-01 -0.000000e+00 -4.906640e-02
 outer loop
  vertex -9.1420550e-01 -7.0000000e-02 -1.9617284e-01
  vertex -9.1420550e-01 -2.6000000e-01 -1.9617284e-01
  vertex -9.1500000e-01 -7.0000000e-02 -1.8000000e-01
 endloop
endfacet
facet normal -9.987955e-01 0.000000e+00 4.906640e-02
 outer loop
  vertex -9.1500000e-01 -2.6000000e-01 -1.8000000e-01
  vertex -9.1420550e-01 -2.6000000e-01 -1.6382716e-01
  vertex -9.1420550e-01 -7.0000000e-02 -1.6382716e-01
 endloop
endfacet
facet normal -9.700306e-01 0.000000e+00 2.429827e-01
 outer loop
  vertex -9.1182960e-01 -2.6000000e-01 -1.4781010e-01
  vertex -9.0789514e-01 -7.0000000e-02 -1.3210303e-01
  vertex -9.1182960e-01 -7.0000000e-02 -1.4781010e-01
 endloop
endfacet
facet normal -9.415440e-01 0.000000e+00 3.368902e-01
 outer loop
  vertex -9.0244010e-01 -2.6000000e-01 -1.1685723e-01
  vertex -9.0244010e-01 -7.0000000e-02 -1.1685723e-01
  vertex -9.0789514e-01 -2.6000000e-01 -1.3210303e-01
 endloop
endfacet
facet normal -8.577300e-01 0.000000e+00 5.141004e-01
 outer loop
  vertex -8.8719250e-01 -7.0000000e-02 -8.8330910e-02
  vertex -8.9551697e-01 -7.0000000e-02 -1.0221954e-01
  vertex -8.9551697e-01 -2.6000000e-01 -1.0221954e-01
 endloop
endfacet
facet normal -8.032078e-01 0.000000e+00 5.956990e-01
 outer loop
  vertex -8.7754675e-01 -7.0000000e-02 -7.5325110e-02
  vertex -8.8719250e-01 -2.6000000e-01 -8.8330910e-02
  vertex -8.7754675e-01 -2.6000000e-01 -7.5325110e-02
 endloop
endfacet
facet normal -6.715587e-01 0.000000e+00 7.409513e-01
 outer loop
  vertex -8.6667260e-01 -7.0000000e-02 -6.3327380e-02
  vertex -8.6667260e-01 -2.6000000e-01 -6.3327380e-02
  vertex -8.5467487e-01 -7.0000000e-02 -5.2453278e-02
 endloop
endfacet
facet normal -5.956995e-01 0.000000e+00 8.032074e-01
 outer loop
  vertex -8.5467487e-01 -2.6000000e-01 -5.2453278e-02
  vertex -8.4166907e-01 -2.6000000e-01 -4.2807514e-02
  vertex -8.4166907e-01 -7.0000000e-02 -4.2807514e-02
 endloop
endfacet
facet normal -4.275552e-01 0.000000e+00 9.039892e-01
 outer loop
  vertex -8.2778046e-01 -2.6000000e-01 -3.4482994e-02
  vertex -8.1314276e-01 -7.0000000e-02 -2.7559875e-02
  vertex -8.2778046e-01 -7.0000000e-02 -3.4482994e-02
 endloop
endfacet
facet normal -3.368904e-01 0.000000e+00 9.415439e-01
 outer loop
  vertex -8.1314276e-01 -2.6000000e-01 -2.7559875e-02
  vertex -7.9789700e-01 -7.0000000e-02 -2.2104845e-02
  vertex -8.1314276e-01 -7.0000000e-02 -2.7559875e-02
 endloop
endfacet
facet normal -4.906754e-02 0.000000e+00 9.987955e-01
 outer loop
  vertex -7.6617285e-01 -7.0000000e-02 -1.5794519e-02
  vertex -7.6617285e-01 -2.6000000e-01 -1.5794519e-02
  vertex -7.5000000e-01 -7.0000000e-02 -1.5000000e-02
 endloop
endfacet
facet normal -2.429797e-01 0.000000e+00 9.700314e-01
 outer loop
  vertex -7.8218990e-01 -7.0000000e-02 -1.8170430e-02
  vertex -7.9789700e-01 -2.6000000e-01 -2.2104845e-02
  vertex -7.8218990e-01 -2.6000000e-01 -1.8170430e-02
 endloop
endfacet
facet normal 0.000000e+00 0.000000e+00 -1.000000e+00
 outer loop
  vertex -7.5000000e-01 -2.6000000e-01 -3.4500000e-01
  vertex -7.5000000e-01 -7.0000000e-02 -3.4500000e-01
  vertex 7.5000000e-01 -2.6000000e-01 -3.4500000e-01
 endloop
endfacet
facet normal 0.000000e+00 0.000000e+00 -1.000000e+00
 outer loop
  vertex 7.5000000e-01 -2.6000000e-01 -3.4500000e-01
  vertex -7.5000000e-01 -7.0000000e-02 -3.4500000e-01
  vertex 7.5000000e-01 -7.0000000e-02 -3.4500000e-01
 endloop
endfacet
facet normal 4.906822e-02 0.000000e+00 -9.987954e-01
 outer loop
  vertex 7.5000000e-01 -2.6000000e-01 -3.4500000e-01
  vertex 7.5000000e-01 -7.0000000e-02 -3.4500000e-01
  vertex 7.6617285e-01 -2.6000000e-01 -3.4420547e-01
 endloop
endfacet
facet normal 1.467308e-01 0.000000e+00 -9.891765e-01
 outer loop
  vertex 7.6617285e-01 -2.6000000e-01 -3.4420547e-01
  vertex 7.6617285e-01 -7.0000000e-02 -3.4420547e-01
  vertex 7.8218990e-01 -2.6000000e-01 -3.4182956e-01
 endloop
endfacet
facet normal 1.467308e-01 0.000000e+00 -9.891765e-01
 outer loop
  vertex 7.8218990e-01 -2.6000000e-01 -3.4182956e-01
  vertex 7.6617285e-01 -7.0000000e-02 -3.4420547e-01
  vertex 7.8218990e-01 -7.0000000e-02 -3.4182956e-01
 endloop
endfacet
facet normal 2.429800e-01 0.000000e+00 -9.700313e-01
 outer loop
  vertex 7.9789700e-01 -2.6000000e-01 -3.3789514e-01
  vertex 7.8218990e-01 -7.0000000e-02 -3.4182956e-01
  vertex 7.9789700e-01 -7.0000000e-02 -3.3789514e-01
 endloop
endfacet
facet normal 3.368909e-01 0.000000e+00 -9.415437e-01
 outer loop
  vertex 8.1314276e-01 -2.6000000e-01 -3.3244010e-01
  vertex 7.9789700e-01 -2.6000000e-01 -3.3789514e-01
  vertex 7.9789700e-01 -7.0000000e-02 -3.3789514e-01
 endloop
endfacet
facet normal 4.275543e-01 0.000000e+00 -9.039897e-01
 outer loop
  vertex 8.2778046e-01 -2.6000000e-01 -3.2551700e-01
  vertex 8.1314276e-01 -2.6000000e-01 -3.3244010e-01
  vertex 8.1314276e-01 -7.0000000e-02 -3.3244010e-01
 endloop
endfacet
facet normal 5.141022e-01 0.000000e+00 -8.577289e-01
 outer loop
  vertex 8.4166907e-01 -2.6000000e-01 -3.1719250e-01
  vertex 8.2778046e-01 -2.6000000e-01 -3.2551700e-01
  vertex 8.2778046e-01 -7.0000000e-02 -3.2551700e-01
 endloop
endfacet
facet normal 5.141022e-01 0.000000e+00 -8.577289e-01
 outer loop
  vertex 8.4166907e-01 -7.0000000e-02 -3.1719250e-01
  vertex 8.4166907e-01 -2.6000000e-01 -3.1719250e-01
  vertex 8.2778046e-01 -7.0000000e-02 -3.2551700e-01
 endloop
endfacet
facet normal 5.957002e-01 0.000000e+00 -8.032069e-01
 outer loop
  vertex 8.5467487e-01 -7.0000000e-02 -3.0754672e-01
  vertex 8.5467487e-01 -2.6000000e-01 -3.0754672e-01
  vertex 8.4166907e-01 -7.0000000e-02 -3.1719250e-01
 endloop
endfacet
facet normal 6.715593e-01 0.000000e+00 -7.409508e-01
 outer loop
  vertex 8.5467487e-01 -7.0000000e-02 -3.0754672e-01
  vertex 8.6667260e-01 -2.6000000e-01 -2.9667260e-01
  vertex 8.5467487e-01 -2.6000000e-01 -3.0754672e-01
 endloop
endfacet
facet normal 7.409490e-01 0.000000e+00 -6.715613e-01
 outer loop
  vertex 8.6667260e-01 -7.0000000e-02 -2.9667260e-01
  vertex 8.7754675e-01 -2.6000000e-01 -2.8467490e-01
  vertex 8.6667260e-01 -2.6000000e-01 -2.9667260e-01
 endloop
endfacet
facet normal 7.409490e-01 0.000000e+00 -6.715613e-01
 outer loop
  vertex 8.6667260e-01 -7.0000000e-02 -2.9667260e-01
  vertex 8.7754675e-01 -7.0000000e-02 -2.8467490e-01
  vertex 8.7754675e-01 -2.6000000e-01 -2.8467490e-01
 endloop
endfacet
facet normal 8.032078e-01 0.000000e+00 -5.956990e-01
 outer loop
  vertex 8.7754675e-01 -7.0000000e-02 -2.8467490e-01
  vertex 8.8719250e-01 -7.0000000e-02 -2.7166910e-01
  vertex 8.8719250e-01 -2.6000000e-01 -2.7166910e-01
 endloop
endfacet
facet normal 8.577303e-01 0.000000e+00 -5.141000e-01
 outer loop
  vertex 8.8719250e-01 -2.6000000e-01 -2.7166910e-01
  vertex 8.8719250e-01 -7.0000000e-02 -2.7166910e-01
  vertex 8.9551697e-01 -2.6000000e-01 -2.5778046e-01
 endloop
endfacet
facet normal 9.039890e-01 0.000000e+00 -4.275558e-01
 outer loop
  vertex 8.9551697e-01 -2.6000000e-01 -2.5778046e-01
  vertex 8.9551697e-01 -7.0000000e-02 -2.5778046e-01
  vertex 9.0244010e-01 -2.6000000e-01 -2.4314276e-01
 endloop
endfacet
facet normal 9.039890e-01 0.000000e+00 -4.275558e-01
 outer loop
  vertex 9.0244010e-01 -2.6000000e-01 -2.4314276e-01
  vertex 8.9551697e-01 -7.0000000e-02 -2.5778046e-01
  vertex 9.0244010e-01 -7.0000000e-02 -2.4314276e-01
 endloop
endfacet
facet normal 9.415439e-01 0.000000e+00 -3.368904e-01
 outer loop
  vertex 9.0789514e-01 -2.6000000e-01 -2.2789697e-01
  vertex 9.0244010e-01 -7.0000000e-02 -2.4314276e-01
  vertex 9.0789514e-01 -7.0000000e-02 -2.2789697e-01
 endloop
endfacet
facet normal 9.700306e-01 0.000000e+00 -2.429827e-01
 outer loop
  vertex 9.1182960e-01 -2.6000000e-01 -2.1218990e-01
  vertex 9.0789514e-01 -2.6000000e-01 -2.2789697e-01
  vertex 9.0789514e-01 -7.0000000e-02 -2.2789697e-01
 endloop
endfacet
facet normal 9.891766e-01 0.000000e+00 -1.467301e-01
 outer loop
  vertex 9.1420550e-01 -2.6000000e-01 -1.9617284e-01
  vertex 9.1182960e-01 -2.6000000e-01 -2.1218990e-01
  vertex 9.1182960e-01 -7.0000000e-02 -2.1218990e-01
 endloop
endfacet
facet normal 9.891766e-01 0.000000e+00 -1.467301e-01
 outer loop
  vertex 9.1420550e-01 -7.0000000e-02 -1.9617284e-01
  vertex 9.1420550e-01 -2.6000000e-01 -1.9617284e-01
  vertex 9.1182960e-01 -7.0000000e-02 -2.1218990e-01
 endloop
endfacet
facet normal 9.987955e-01 0.000000e+00 -4.906640e-02
 outer loop
  vertex 9.1500000e-01 -7.0000000e-02 -1.8000000e-01
  vertex 9.1500000e-01 -2.6000000e-01 -1.8000000e-01
  vertex 9.1420550e-01 -7.0000000e-02 -1.9617284e-01
 endloop
endfacet
facet normal 9.987955e-01 0.000000e+00 4.906640e-02
 outer loop
  vertex 9.1500000e-01 -7.0000000e-02 -1.8000000e-01
  vertex 9.1420550e-01 -2.6000000e-01 -1.6382716e-01
  vertex 9.1500000e-01 -2.6000000e-01 -1.8000000e-01
 endloop
endfacet
facet normal 9.891766e-01 0.000000e+00 1.467301e-01
 outer loop
  vertex 9.1420550e-01 -7.0000000e-02 -1.6382716e-01
  vertex 9.1182960e-01 -2.6000000e-01 -1.4781010e-01
  vertex 9.1420550e-01 -2.6000000e-01 -1.6382716e-01
 endloop
endfacet
facet normal 9.891766e-01 0.000000e+00 1.467301e-01
 outer loop
  vertex 9.1420550e-01 -7.0000000e-02 -1.6382716e-01
  vertex 9.1182960e-01 -7.0000000e-02 -1.4781010e-01
  vertex 9.1182960e-01 -2.6000000e-01 -1.4781010e-01
 endloop
endfacet
facet normal 9.700306e-01 0.000000e+00 2.429827e-01
 outer loop
  vertex 9.1182960e-01 -7.0000000e-02 -1.4781010e-01
  vertex 9.0789514e-01 -7.0000000e-02 -1.3210303e-01
  vertex 9.0789514e-01 -2.6000000e-01 -1.3210303e-01
 endloop
endfacet
facet normal 9.415440e-01 -0.000000e+00 3.368902e-01
 outer loop
  vertex 9.0789514e-01 -2.6000000e-01 -1.3210303e-01
  vertex 9.0789514e-01 -7.0000000e-02 -1.3210303e-01
  vertex 9.0244010e-01 -2.6000000e-01 -1.1685723e-01
 endloop
endfacet
facet normal 9.039889e-01 -0.000000e+00 4.275559e-01
 outer loop
  vertex 9.0244010e-01 -2.6000000e-01 -1.1685723e-01
  vertex 9.0244010e-01 -7.0000000e-02 -1.1685723e-01
  vertex 8.9551697e-01 -2.6000000e-01 -1.0221954e-01
 endloop
endfacet
facet normal 9.039889e-01 -0.000000e+00 4.275559e-01
 outer loop
  vertex 8.9551697e-01 -2.6000000e-01 -1.0221954e-01
  vertex 9.0244010e-01 -7.0000000e-02 -1.1685723e-01
  vertex 8.9551697e-01 -7.0000000e-02 -1.0221954e-01
 endloop
endfacet
facet normal 8.577300e-01 -0.000000e+00 5.141004e-01
 outer loop
  vertex 8.8719250e-01 -2.6000000e-01 -8.8330910e-02
  vertex 8.9551697e-01 -7.0000000e-02 -1.0221954e-01
  vertex 8.8719250e-01 -7.0000000e-02 -8.8330910e-02
 endloop
endfacet
facet normal 8.032078e-01 0.000000e+00 5.956990e-01
 outer loop
  vertex 8.7754675e-01 -2.6000000e-01 -7.5325110e-02
  vertex 8.8719250e-01 -2.6000000e-01 -8.8330910e-02
  vertex 8.8719250e-01 -7.0000000e-02 -8.8330910e-02
 endloop
endfacet
facet normal 7.409499e-01 0.000000e+00 6.715604e-01
 outer loop
  vertex 8.6667260e-01 -2.6000000e-01 -6.3327380e-02
  vertex 8.7754675e-01 -2.6000000e-01 -7.5325110e-02
  vertex 8.7754675e-01 -7.0000000e-02 -7.5325110e-02
 endloop
endfacet
facet normal 7.409499e-01 0.000000e+00 6.715604e-01
 outer loop
  vertex 8.6667260e-01 -7.0000000e-02 -6.3327380e-02
  vertex 8.6667260e-01 -2.6000000e-01 -6.3327380e-02
  vertex 8.7754675e-01 -7.0000000e-02 -7.5325110e-02
 endloop
endfacet
facet normal 4.906754e-02 0.000000e+00 9.987955e-01
 outer loop
  vertex 7.6617285e-01 -7.0000000e-02 -1.5794519e-02
  vertex 7.5000000e-01 -7.0000000e-02 -1.5000000e-02
  vertex 7.5000000e-01 -2.6000000e-01 -1.5000000e-02
 endloop
endfacet
facet normal 4.906754e-02 -0.000000e+00 9.987955e-01
 outer loop
  vertex 7.6617285e-01 -2.6000000e-01 -1.5794519e-02
  vertex 7.6617285e-01 -7.0000000e-02 -1.5794519e-02
  vertex 7.5000000e-01 -2.6000000e-01 -1.5000000e-02
 endloop
endfacet
facet normal 1.467308e-01 -0.000000e+00 9.891765e-01
 outer loop
  vertex 7.6617285e-01 -2.6000000e-01 -1.5794519e-02
  vertex 7.8218990e-01 -7.0000000e-02 -1.8170430e-02
  vertex 7.6617285e-01 -7.0000000e-02 -1.5794519e-02
 endloop
endfacet
facet normal 1.467308e-01 0.000000e+00 9.891765e-01
 outer loop
  vertex 7.6617285e-01 -2.6000000e-01 -1.5794519e-02
  vertex 7.8218990e-01 -2.6000000e-01 -1.8170430e-02
  vertex 7.8218990e-01 -7.0000000e-02 -1.8170430e-02
 endloop
endfacet
facet normal 2.429797e-01 0.000000e+00 9.700314e-01
 outer loop
  vertex 7.8218990e-01 -7.0000000e-02 -1.8170430e-02
  vertex 7.8218990e-01 -2.6000000e-01 -1.8170430e-02
  vertex 7.9789700e-01 -7.0000000e-02 -2.2104845e-02
 endloop
endfacet
facet normal 2.429797e-01 0.000000e+00 9.700314e-01
 outer loop
  vertex 7.9789700e-01 -7.0000000e-02 -2.2104845e-02
  vertex 7.8218990e-01 -2.6000000e-01 -1.8170430e-02
  vertex 7.9789700e-01 -2.6000000e-01 -2.2104845e-02
 endloop
endfacet
facet normal 3.368904e-01 0.000000e+00 9.415439e-01
 outer loop
  vertex 8.1314276e-01 -7.0000000e-02 -2.7559875e-02
  vertex 7.9789700e-01 -7.0000000e-02 -2.2104845e-02
  vertex 7.9789700e-01 -2.6000000e-01 -2.2104845e-02
 endloop
endfacet
facet normal 3.368904e-01 -0.000000e+00 9.415439e-01
 outer loop
  vertex 8.1314276e-01 -2.6000000e-01 -2.7559875e-02
  vertex 8.1314276e-01 -7.0000000e-02 -2.7559875e-02
  vertex 7.9789700e-01 -2.6000000e-01 -2.2104845e-02
 endloop
endfacet
facet normal 4.275552e-01 -0.000000e+00 9.039892e-01
 outer loop
  vertex 8.1314276e-01 -2.6000000e-01 -2.7559875e-02
  vertex 8.2778046e-01 -7.0000000e-02 -3.4482994e-02
  vertex 8.1314276e-01 -7.0000000e-02 -2.7559875e-02
 endloop
endfacet
facet normal 4.275552e-01 0.000000e+00 9.039892e-01
 outer loop
  vertex 8.1314276e-01 -2.6000000e-01 -2.7559875e-02
  vertex 8.2778046e-01 -2.6000000e-01 -3.4482994e-02
  vertex 8.2778046e-01 -7.0000000e-02 -3.4482994e-02
 endloop
endfacet
facet normal 5.141031e-01 0.000000e+00 8.577284e-01
 outer loop
  vertex 8.2778046e-01 -7.0000000e-02 -3.4482994e-02
  vertex 8.2778046e-01 -2.6000000e-01 -3.4482994e-02
  vertex 8.4166907e-01 -7.0000000e-02 -4.2807514e-02
 endloop
endfacet
facet normal 5.141031e-01 0.000000e+00 8.577284e-01
 outer loop
  vertex 8.4166907e-01 -7.0000000e-02 -4.2807514e-02
  vertex 8.2778046e-01 -2.6000000e-01 -3.4482994e-02
  vertex 8.4166907e-01 -2.6000000e-01 -4.2807514e-02
 endloop
endfacet
facet normal 5.956995e-01 0.000000e+00 8.032074e-01
 outer loop
  vertex 8.5467487e-01 -7.0000000e-02 -5.2453278e-02
  vertex 8.4166907e-01 -7.0000000e-02 -4.2807514e-02
  vertex 8.4166907e-01 -2.6000000e-01 -4.2807514e-02
 endloop
endfacet
facet normal 5.956995e-01 -0.000000e+00 8.032074e-01
 outer loop
  vertex 8.5467487e-01 -2.6000000e-01 -5.2453278e-02
  vertex 8.5467487e-01 -7.0000000e-02 -5.2453278e-02
  vertex 8.4166907e-01 -2.6000000e-01 -4.2807514e-02
 endloop
endfacet
facet normal 6.715587e-01 -0.000000e+00 7.409513e-01
 outer loop
  vertex 8.5467487e-01 -2.6000000e-01 -5.2453278e-02
  vertex 8.6667260e-01 -7.0000000e-02 -6.3327380e-02
  vertex 8.5467487e-01 -7.0000000e-02 -5.2453278e-02
 endloop
endfacet
facet normal 6.715587e-01 0.000000e+00 7.409513e-01
 outer loop
  vertex 8.5467487e-01 -2.6000000e-01 -5.2453278e-02
  vertex 8.6667260e-01 -2.6000000e-01 -6.3327380e-02
  vertex 8.6667260e-01 -7.0000000e-02 -6.3327380e-02
 endloop
endfacet
facet normal 8.032078e-01 -0.000000e+00 5.956990e-01
 outer loop
  vertex 8.7754675e-01 -2.6000000e-01 -7.5325110e-02
  vertex 8.8719250e-01 -7.0000000e-02 -8.8330910e-02
  vertex 8.7754675e-01 -7.0000000e-02 -7.5325110e-02
 endloop
endfacet
facet normal 8.577300e-01 -0.000000e+00 5.141004e-01
 outer loop
  vertex 8.9551697e-01 -2.6000000e-01 -1.0221954e-01
  vertex 8.9551697e-01 -7.0000000e-02 -1.0221954e-01
  vertex 8.8719250e-01 -2.6000000e-01 -8.8330910e-02
 endloop
endfacet
facet normal 9.415440e-01 0.000000e+00 3.368902e-01
 outer loop
  vertex 9.0789514e-01 -7.0000000e-02 -1.3210303e-01
  vertex 9.0244010e-01 -7.0000000e-02 -1.1685723e-01
  vertex 9.0244010e-01 -2.6000000e-01 -1.1685723e-01
 endloop
endfacet
facet normal 9.700306e-01 0.000000e+00 2.429827e-01
 outer loop
  vertex 9.1182960e-01 -7.0000000e-02 -1.4781010e-01
  vertex 9.0789514e-01 -2.6000000e-01 -1.3210303e-01
  vertex 9.1182960e-01 -2.6000000e-01 -1.4781010e-01
 endloop
endfacet
facet normal 9.987955e-01 0.000000e+00 4.906640e-02
 outer loop
  vertex 9.1420550e-01 -7.0000000e-02 -1.6382716e-01
  vertex 9.1420550e-01 -2.6000000e-01 -1.6382716e-01
  vertex 9.1500000e-01 -7.0000000e-02 -1.8000000e-01
 endloop
endfacet
facet normal 9.987955e-01 0.000000e+00 -4.906640e-02
 outer loop
  vertex 9.1500000e-01 -2.6000000e-01 -1.8000000e-01
  vertex 9.1420550e-01 -2.6000000e-01 -1.9617284e-01
  vertex 9.1420550e-01 -7.0000000e-02 -1.9617284e-01
 endloop
endfacet
facet normal 9.700306e-01 0.000000e+00 -2.429827e-01
 outer loop
  vertex 9.1182960e-01 -2.6000000e-01 -2.1218990e-01
  vertex 9.0789514e-01 -7.0000000e-02 -2.2789697e-01
  vertex 9.1182960e-01 -7.0000000e-02 -2.1218990e-01
 endloop
endfacet
facet normal 9.415439e-01 0.000000e+00 -3.368904e-01
 outer loop
  vertex 9.0244010e-01 -2.6000000e-01 -2.4314276e-01
  vertex 9.0244010e-01 -7.0000000e-02 -2.4314276e-01
  vertex 9.0789514e-01 -2.6000000e-01 -2.2789697e-01
 endloop
endfacet
facet normal 8.577303e-01 0.000000e+00 -5.141000e-01
 outer loop
  vertex 8.8719250e-01 -7.0000000e-02 -2.7166910e-01
  vertex 8.9551697e-01 -7.0000000e-02 -2.5778046e-01
  vertex 8.9551697e-01 -2.6000000e-01 -2.5778046e-01
 endloop
endfacet
facet normal 8.032078e-01 0.000000e+00 -5.956990e-01
 outer loop
  vertex 8.7754675e-01 -7.0000000e-02 -2.8467490e-01
  vertex 8.8719250e-01 -2.6000000e-01 -2.7166910e-01
  vertex 8.7754675e-01 -2.6000000e-01 -2.8467490e-01
 endloop
endfacet
facet normal 6.715593e-01 0.000000e+00 -7.409508e-01
 outer loop
  vertex 8.6667260e-01 -7.0000000e-02 -2.9667260e-01
  vertex 8.6667260e-01 -2.6000000e-01 -2.9667260e-01
  vertex 8.5467487e-01 -7.0000000e-02 -3.0754672e-01
 endloop
endfacet
facet normal 5.957002e-01 0.000000e+00 -8.032069e-01
 outer loop
  vertex 8.5467487e-01 -2.6000000e-01 -3.0754672e-01
  vertex 8.4166907e-01 -2.6000000e-01 -3.1719250e-01
  vertex 8.4166907e-01 -7.0000000e-02 -3.1719250e-01
 endloop
endfacet
facet normal 4.275543e-01 0.000000e+00 -9.039897e-01
 outer loop
  vertex 8.2778046e-01 -2.6000000e-01 -3.2551700e-01
  vertex 8.1314276e-01 -7.0000000e-02 -3.3244010e-01
  vertex 8.2778046e-01 -7.0000000e-02 -3.2551700e-01
 endloop
endfacet
facet normal 3.368909e-01 0.000000e+00 -9.415437e-01
 outer loop
  vertex 8.1314276e-01 -2.6000000e-01 -3.3244010e-01
  vertex 7.9789700e-01 -7.0000000e-02 -3.3789514e-01
  vertex 8.1314276e-01 -7.0000000e-02 -3.3244010e-01
 endloop
endfacet
facet normal 4.906822e-02 0.000000e+00 -9.987954e-01
 outer loop
  vertex 7.6617285e-01 -7.0000000e-02 -3.4420547e-01
  vertex 7.6617285e-01 -2.6000000e-01 -3.4420547e-01
  vertex 7.5000000e-01 -7.0000000e-02 -3.4500000e-01
 endloop
endfacet
facet normal 2.429800e-01 0.000000e+00 -9.700313e-01
 outer loop
  vertex 7.8218990e-01 -7.0000000e-02 -3.4182956e-01
  vertex 7.9789700e-01 -2.6000000e-01 -3.3789514e-01
  vertex 7.8218990e-01 -2.6000000e-01 -3.4182956e-01
 endloop
endfacet
facet normal 0.000000e+00 1.000000e+00 0.000000e+00
 outer loop
  vertex -7.6568274e-01 -7.0000000e-02 -2.0770443e-02
  vertex -7.8121450e-01 -7.0000000e-02 -2.3074354e-02
  vertex -7.6617285e-01 -7.0000000e-02 -1.5794519e-02
 endloop
endfacet
facet normal 0.000000e+00 1.000000e+00 -0.000000e+00
 outer loop
  vertex -7.6568274e-01 -7.0000000e-02 -2.0770443e-02
  vertex -7.6617285e-01 -7.0000000e-02 -1.5794519e-02
  vertex -7.5000000e-01 -7.0000000e-02 -2.0000000e-02
 endloop
endfacet
facet normal 0.000000e+00 1.000000e+00 0.000000e+00
 outer loop
  vertex -7.8121450e-01 -7.0000000e-02 -2.3074354e-02
  vertex -7.9644556e-01 -7.0000000e-02 -2.6889545e-02
  vertex -7.8218990e-01 -7.0000000e-02 -1.8170430e-02
 endloop
endfacet
facet normal -0.000000e+00 1.000000e+00 0.000000e+00
 outer loop
  vertex -7.9789700e-01 -7.0000000e-02 -2.2104845e-02
  vertex -7.8218990e-01 -7.0000000e-02 -1.8170430e-02
  vertex -7.9644556e-01 -7.0000000e-02 -2.6889545e-02
 endloop
endfacet
facet normal -0.000000e+00 1.000000e+00 0.000000e+00
 outer loop
  vertex -8.1314276e-01 -7.0000000e-02 -2.7559875e-02
  vertex -7.9789700e-01 -7.0000000e-02 -2.2104845e-02
  vertex -8.1122940e-01 -7.0000000e-02 -3.2179276e-02
 endloop
endfacet
facet normal 0.000000e+00 1.000000e+00 0.000000e+00
 outer loop
  vertex -8.1314276e-01 -7.0000000e-02 -2.7559875e-02
  vertex -8.1122940e-01 -7.0000000e-02 -3.2179276e-02
  vertex -8.2542346e-01 -7.0000000e-02 -3.8892597e-02
 endloop
endfacet
facet normal -0.000000e+00 1.000000e+00 0.000000e+00
 outer loop
  vertex -8.4166907e-01 -7.0000000e-02 -4.2807514e-02
  vertex -8.2778046e-01 -7.0000000e-02 -3.4482994e-02
  vertex -8.3889124e-01 -7.0000000e-02 -4.6964863e-02
 endloop
endfacet
facet normal -0.000000e+00 1.000000e+00 0.000000e+00
 outer loop
  vertex -8.5467487e-01 -7.0000000e-02 -5.2453278e-02
  vertex -8.4166907e-01 -7.0000000e-02 -4.2807514e-02
  vertex -8.5150290e-01 -7.0000000e-02 -5.6318330e-02
 endloop
endfacet
facet normal -0.000000e+00 1.000000e+00 0.000000e+00
 outer loop
  vertex -8.6667260e-01 -7.0000000e-02 -6.3327380e-02
  vertex -8.5467487e-01 -7.0000000e-02 -5.2453278e-02
  vertex -8.6313710e-01 -7.0000000e-02 -6.6862915e-02
 endloop
endfacet
facet normal -0.000000e+00 1.000000e+00 0.000000e+00
 outer loop
  vertex -8.7754675e-01 -7.0000000e-02 -7.5325110e-02
  vertex -8.6667260e-01 -7.0000000e-02 -6.3327380e-02
  vertex -8.7368164e-01 -7.0000000e-02 -7.8497080e-02
 endloop
endfacet
facet normal -0.000000e+00 1.000000e+00 0.000000e+00
 outer loop
  vertex -8.8719250e-01 -7.0000000e-02 -8.8330910e-02
  vertex -8.7754675e-01 -7.0000000e-02 -7.5325110e-02
  vertex -8.8303510e-01 -7.0000000e-02 -9.1108765e-02
 endloop
endfacet
facet normal -0.000000e+00 1.000000e+00 0.000000e+00
 outer loop
  vertex -8.9551697e-01 -7.0000000e-02 -1.0221954e-01
  vertex -8.8719250e-01 -7.0000000e-02 -8.8330910e-02
  vertex -8.9110736e-01 -7.0000000e-02 -1.0457652e-01
 endloop
endfacet
facet normal -0.000000e+00 1.000000e+00 0.000000e+00
 outer loop
  vertex -9.0244010e-01 -7.0000000e-02 -1.1685723e-01
  vertex -8.9551697e-01 -7.0000000e-02 -1.0221954e-01
  vertex -8.9782074e-01 -7.0000000e-02 -1.1877065e-01
 endloop
endfacet
facet normal -0.000000e+00 1.000000e+00 0.000000e+00
 outer loop
  vertex -9.0789514e-01 -7.0000000e-02 -1.3210303e-01
  vertex -9.0244010e-01 -7.0000000e-02 -1.1685723e-01
  vertex -9.0311050e-01 -7.0000000e-02 -1.3355446e-01
 endloop
endfacet
facet normal -0.000000e+00 1.000000e+00 0.000000e+00
 outer loop
  vertex -9.1182960e-01 -7.0000000e-02 -1.4781010e-01
  vertex -9.0789514e-01 -7.0000000e-02 -1.3210303e-01
  vertex -9.0692560e-01 -7.0000000e-02 -1.4878555e-01
 endloop
endfacet
facet normal -0.000000e+00 1.000000e+00 0.000000e+00
 outer loop
  vertex -9.1420550e-01 -7.0000000e-02 -1.6382716e-01
  vertex -9.1182960e-01 -7.0000000e-02 -1.4781010e-01
  vertex -9.0922955e-01 -7.0000000e-02 -1.6431725e-01
 endloop
endfacet
facet normal 0.000000e+00 1.000000e+00 0.000000e+00
 outer loop
  vertex -9.1500000e-01 -7.0000000e-02 -1.8000000e-01
  vertex -9.1420550e-01 -7.0000000e-02 -1.6382716e-01
  vertex -9.1000000e-01 -7.0000000e-02 -1.8000000e-01
 endloop
endfacet
facet normal 0.000000e+00 1.000000e+00 -0.000000e+00
 outer loop
  vertex -9.1420550e-01 -7.0000000e-02 -1.9617284e-01
  vertex -9.1500000e-01 -7.0000000e-02 -1.8000000e-01
  vertex -9.0922955e-01 -7.0000000e-02 -1.9568275e-01
 endloop
endfacet
facet normal 0.000000e+00 1.000000e+00 -0.000000e+00
 outer loop
  vertex -9.1182960e-01 -7.0000000e-02 -2.1218990e-01
  vertex -9.1420550e-01 -7.0000000e-02 -1.9617284e-01
  vertex -9.0692560e-01 -7.0000000e-02 -2.1121445e-01
 endloop
endfacet
facet normal 0.000000e+00 1.000000e+00 -0.000000e+00
 outer loop
  vertex -9.0789514e-01 -7.0000000e-02 -2.2789697e-01
  vertex -9.1182960e-01 -7.0000000e-02 -2.1218990e-01
  vertex -9.0311050e-01 -7.0000000e-02 -2.2644556e-01
 endloop
endfacet
facet normal 0.000000e+00 1.000000e+00 -0.000000e+00
 outer loop
  vertex -9.0244010e-01 -7.0000000e-02 -2.4314276e-01
  vertex -9.0789514e-01 -7.0000000e-02 -2.2789697e-01
  vertex -8.9782074e-01 -7.0000000e-02 -2.4122935e-01
 endloop
endfacet
facet normal 0.000000e+00 1.000000e+00 -0.000000e+00
 outer loop
  vertex -8.9551697e-01 -7.0000000e-02 -2.5778046e-01
  vertex -9.0244010e-01 -7.0000000e-02 -2.4314276e-01
  vertex -8.9110736e-01 -7.0000000e-02 -2.5542350e-01
 endloop
endfacet
facet normal 0.000000e+00 1.000000e+00 -0.000000e+00
 outer loop
  vertex -8.8719250e-01 -7.0000000e-02 -2.7166910e-01
  vertex -8.9551697e-01 -7.0000000e-02 -2.5778046e-01
  vertex -8.8303510e-01 -7.0000000e-02 -2.6889124e-01
 endloop
endfacet
facet normal 0.000000e+00 1.000000e+00 -0.000000e+00
 outer loop
  vertex -8.7754675e-01 -7.0000000e-02 -2.8467490e-01
  vertex -8.8719250e-01 -7.0000000e-02 -2.7166910e-01
  vertex -8.7368164e-01 -7.0000000e-02 -2.8150293e-01
 endloop
endfacet
facet normal 0.000000e+00 1.000000e+00 -0.000000e+00
 outer loop
  vertex -8.6667260e-01 -7.0000000e-02 -2.9667260e-01
  vertex -8.7754675e-01 -7.0000000e-02 -2.8467490e-01
  vertex -8.6313710e-01 -7.0000000e-02 -2.9313710e-01
 endloop
endfacet
facet normal 0.000000e+00 1.000000e+00 -0.000000e+00
 outer loop
  vertex -8.5467487e-01 -7.0000000e-02 -3.0754672e-01
  vertex -8.6667260e-01 -7.0000000e-02 -2.9667260e-01
  vertex -8.5150290e-01 -7.0000000e-02 -3.0368167e-01
 endloop
endfacet
facet normal 0.000000e+00 1.000000e+00 -0.000000e+00
 outer loop
  vertex -8.4166907e-01 -7.0000000e-02 -3.1719250e-01
  vertex -8.5467487e-01 -7.0000000e-02 -3.0754672e-01
  vertex -8.3889124e-01 -7.0000000e-02 -3.1303513e-01
 endloop
endfacet
facet normal 0.000000e+00 1.000000e+00 -0.000000e+00
 outer loop
  vertex -8.2778046e-01 -7.0000000e-02 -3.2551700e-01
  vertex -8.4166907e-01 -7.0000000e-02 -3.1719250e-01
  vertex -8.2542346e-01 -7.0000000e-02 -3.2110740e-01
 endloop
endfacet
facet normal 0.000000e+00 1.000000e+00 -0.000000e+00
 outer loop
  vertex -8.1314276e-01 -7.0000000e-02 -3.3244010e-01
  vertex -8.2778046e-01 -7.0000000e-02 -3.2551700e-01
  vertex -8.1122940e-01 -7.0000000e-02 -3.2782070e-01
 endloop
endfacet
facet normal 0.000000e+00 1.000000e+00 -0.000000e+00
 outer loop
  vertex -7.9789700e-01 -7.0000000e-02 -3.3789514e-01
  vertex -8.1314276e-01 -7.0000000e-02 -3.3244010e-01
  vertex -7.9644556e-01 -7.0000000e-02 -3.3311044e-01
 endloop
endfacet
facet normal 0.000000e+00 1.000000e+00 -0.000000e+00
 outer loop
  vertex -7.8218990e-01 -7.0000000e-02 -3.4182956e-01
  vertex -7.9789700e-01 -7.0000000e-02 -3.3789514e-01
  vertex -7.8121450e-01 -7.0000000e-02 -3.3692566e-01
 endloop
endfacet
facet normal 0.000000e+00 1.000000e+00 0.000000e+00
 outer loop
  vertex -7.5000000e-01 -7.0000000e-02 -3.4000000e-01
  vertex -7.5000000e-01 -7.0000000e-02 -3.4500000e-01
  vertex -7.6617285e-01 -7.0000000e-02 -3.4420547e-01
 endloop
endfacet
facet normal -0.000000e+00 1.000000e+00 0.000000e+00
 outer loop
  vertex -7.5000000e-01 -7.0000000e-02 -3.4000000e-01
  vertex 7.5000000e-01 -7.0000000e-02 -3.4000000e-01
  vertex -7.5000000e-01 -7.0000000e-02 -3.4500000e-01
 endloop
endfacet
facet normal -0.000000e+00 1.000000e+00 0.000000e+00
 outer loop
  vertex 7.5000000e-01 -7.0000000e-02 -3.4000000e-01
  vertex 7.6568274e-01 -7.0000000e-02 -3.3922955e-01
  vertex 7.5000000e-01 -7.0000000e-02 -3.4500000e-01
 endloop
endfacet
facet normal 0.000000e+00 1.000000e+00 0.000000e+00
 outer loop
  vertex 7.6617285e-01 -7.0000000e-02 -3.4420547e-01
  vertex 7.5000000e-01 -7.0000000e-02 -3.4500000e-01
  vertex 7.6568274e-01 -7.0000000e-02 -3.3922955e-01
 endloop
endfacet
facet normal 0.000000e+00 1.000000e+00 0.000000e+00
 outer loop
  vertex 7.8218990e-01 -7.0000000e-02 -3.4182956e-01
  vertex 7.6617285e-01 -7.0000000e-02 -3.4420547e-01
  vertex 7.8121450e-01 -7.0000000e-02 -3.3692566e-01
 endloop
endfacet
facet normal 0.000000e+00 1.000000e+00 0.000000e+00
 outer loop
  vertex 7.9789700e-01 -7.0000000e-02 -3.3789514e-01
  vertex 7.8218990e-01 -7.0000000e-02 -3.4182956e-01
  vertex 7.9644556e-01 -7.0000000e-02 -3.3311044e-01
 endloop
endfacet
facet normal 0.000000e+00 1.000000e+00 0.000000e+00
 outer loop
  vertex 8.1314276e-01 -7.0000000e-02 -3.3244010e-01
  vertex 7.9789700e-01 -7.0000000e-02 -3.3789514e-01
  vertex 8.1122940e-01 -7.0000000e-02 -3.2782070e-01
 endloop
endfacet
facet normal 0.000000e+00 1.000000e+00 0.000000e+00
 outer loop
  vertex 8.2778046e-01 -7.0000000e-02 -3.2551700e-01
  vertex 8.1314276e-01 -7.0000000e-02 -3.3244010e-01
  vertex 8.2542346e-01 -7.0000000e-02 -3.2110740e-01
 endloop
endfacet
facet normal 0.000000e+00 1.000000e+00 0.000000e+00
 outer loop
  vertex 8.4166907e-01 -7.0000000e-02 -3.1719250e-01
  vertex 8.2778046e-01 -7.0000000e-02 -3.2551700e-01
  vertex 8.3889124e-01 -7.0000000e-02 -3.1303513e-01
 endloop
endfacet
facet normal 0.000000e+00 1.000000e+00 0.000000e+00
 outer loop
  vertex 8.5467487e-01 -7.0000000e-02 -3.0754672e-01
  vertex 8.4166907e-01 -7.0000000e-02 -3.1719250e-01
  vertex 8.5150290e-01 -7.0000000e-02 -3.0368167e-01
 endloop
endfacet
facet normal 0.000000e+00 1.000000e+00 0.000000e+00
 outer loop
  vertex 8.6667260e-01 -7.0000000e-02 -2.9667260e-01
  vertex 8.5467487e-01 -7.0000000e-02 -3.0754672e-01
  vertex 8.6313710e-01 -7.0000000e-02 -2.9313710e-01
 endloop
endfacet
facet normal 0.000000e+00 1.000000e+00 0.000000e+00
 outer loop
  vertex 8.7754675e-01 -7.0000000e-02 -2.8467490e-01
  vertex 8.6667260e-01 -7.0000000e-02 -2.9667260e-01
  vertex 8.7368164e-01 -7.0000000e-02 -2.8150293e-01
 endloop
endfacet
facet normal 0.000000e+00 1.000000e+00 0.000000e+00
 outer loop
  vertex 8.8719250e-01 -7.0000000e-02 -2.7166910e-01
  vertex 8.7754675e-01 -7.0000000e-02 -2.8467490e-01
  vertex 8.8303510e-01 -7.0000000e-02 -2.6889124e-01
 endloop
endfacet
facet normal 0.000000e+00 1.000000e+00 0.000000e+00
 outer loop
  vertex 8.9551697e-01 -7.0000000e-02 -2.5778046e-01
  vertex 8.8719250e-01 -7.0000000e-02 -2.7166910e-01
  vertex 8.9110736e-01 -7.0000000e-02 -2.5542350e-01
 endloop
endfacet
facet normal 0.000000e+00 1.000000e+00 0.000000e+00
 outer loop
  vertex 9.0244010e-01 -7.0000000e-02 -2.4314276e-01
  vertex 8.9551697e-01 -7.0000000e-02 -2.5778046e-01
  vertex 8.9782074e-01 -7.0000000e-02 -2.4122935e-01
 endloop
endfacet
facet normal 0.000000e+00 1.000000e+00 0.000000e+00
 outer loop
  vertex 9.0789514e-01 -7.0000000e-02 -2.2789697e-01
  vertex 9.0244010e-01 -7.0000000e-02 -2.4314276e-01
  vertex 9.0311050e-01 -7.0000000e-02 -2.2644556e-01
 endloop
endfacet
facet normal 0.000000e+00 1.000000e+00 0.000000e+00
 outer loop
  vertex 9.1182960e-01 -7.0000000e-02 -2.1218990e-01
  vertex 9.0789514e-01 -7.0000000e-02 -2.2789697e-01
  vertex 9.0692560e-01 -7.0000000e-02 -2.1121445e-01
 endloop
endfacet
facet normal 0.000000e+00 1.000000e+00 0.000000e+00
 outer loop
  vertex 9.1420550e-01 -7.0000000e-02 -1.9617284e-01
  vertex 9.1182960e-01 -7.0000000e-02 -2.1218990e-01
  vertex 9.0922955e-01 -7.0000000e-02 -1.9568275e-01
 endloop
endfacet
facet normal 0.000000e+00 1.000000e+00 0.000000e+00
 outer loop
  vertex 9.1500000e-01 -7.0000000e-02 -1.8000000e-01
  vertex 9.1420550e-01 -7.0000000e-02 -1.9617284e-01
  vertex 9.1000000e-01 -7.0000000e-02 -1.8000000e-01
 endloop
endfacet
facet normal 0.000000e+00 1.000000e+00 0.000000e+00
 outer loop
  vertex 9.1420550e-01 -7.0000000e-02 -1.6382716e-01
  vertex 9.1500000e-01 -7.0000000e-02 -1.8000000e-01
  vertex 9.0922955e-01 -7.0000000e-02 -1.6431725e-01
 endloop
endfacet
facet normal 0.000000e+00 1.000000e+00 0.000000e+00
 outer loop
  vertex 9.1182960e-01 -7.0000000e-02 -1.4781010e-01
  vertex 9.1420550e-01 -7.0000000e-02 -1.6382716e-01
  vertex 9.0692560e-01 -7.0000000e-02 -1.4878555e-01
 endloop
endfacet
facet normal 0.000000e+00 1.000000e+00 0.000000e+00
 outer loop
  vertex 9.0789514e-01 -7.0000000e-02 -1.3210303e-01
  vertex 9.1182960e-01 -7.0000000e-02 -1.4781010e-01
  vertex 9.0311050e-01 -7.0000000e-02 -1.3355446e-01
 endloop
endfacet
facet normal 0.000000e+00 1.000000e+00 0.000000e+00
 outer loop
  vertex 9.0244010e-01 -7.0000000e-02 -1.1685723e-01
  vertex 9.0789514e-01 -7.0000000e-02 -1.3210303e-01
  vertex 8.9782074e-01 -7.0000000e-02 -1.1877065e-01
 endloop
endfacet
facet normal 0.000000e+00 1.000000e+00 0.000000e+00
 outer loop
  vertex 8.9551697e-01 -7.0000000e-02 -1.0221954e-01
  vertex 9.0244010e-01 -7.0000000e-02 -1.1685723e-01
  vertex 8.9110736e-01 -7.0000000e-02 -1.0457652e-01
 endloop
endfacet
facet normal 0.000000e+00 1.000000e+00 0.000000e+00
 outer loop
  vertex 8.8719250e-01 -7.0000000e-02 -8.8330910e-02
  vertex 8.9551697e-01 -7.0000000e-02 -1.0221954e-01
  vertex 8.8303510e-01 -7.0000000e-02 -9.1108765e-02
 endloop
endfacet
facet normal 0.000000e+00 1.000000e+00 0.000000e+00
 outer loop
  vertex 8.7754675e-01 -7.0000000e-02 -7.5325110e-02
  vertex 8.8719250e-01 -7.0000000e-02 -8.8330910e-02
  vertex 8.7368164e-01 -7.0000000e-02 -7.8497080e-02
 endloop
endfacet
facet normal 0.000000e+00 1.000000e+00 0.000000e+00
 outer loop
  vertex 8.6667260e-01 -7.0000000e-02 -6.3327380e-02
  vertex 8.7754675e-01 -7.0000000e-02 -7.5325110e-02
  vertex 8.6313710e-01 -7.0000000e-02 -6.6862915e-02
 endloop
endfacet
facet normal 0.000000e+00 1.000000e+00 0.000000e+00
 outer loop
  vertex 8.5467487e-01 -7.0000000e-02 -5.2453278e-02
  vertex 8.6667260e-01 -7.0000000e-02 -6.3327380e-02
  vertex 8.5150290e-01 -7.0000000e-02 -5.6318330e-02
 endloop
endfacet
facet normal 0.000000e+00 1.000000e+00 0.000000e+00
 outer loop
  vertex 8.4166907e-01 -7.0000000e-02 -4.2807514e-02
  vertex 8.5467487e-01 -7.0000000e-02 -5.2453278e-02
  vertex 8.3889124e-01 -7.0000000e-02 -4.6964863e-02
 endloop
endfacet
facet normal 0.000000e+00 1.000000e+00 0.000000e+00
 outer loop
  vertex 8.2778046e-01 -7.0000000e-02 -3.4482994e-02
  vertex 8.4166907e-01 -7.0000000e-02 -4.2807514e-02
  vertex 8.2542346e-01 -7.0000000e-02 -3.8892597e-02
 endloop
endfacet
facet normal 0.000000e+00 1.000000e+00 0.000000e+00
 outer loop
  vertex 8.1314276e-01 -7.0000000e-02 -2.7559875e-02
  vertex 8.2778046e-01 -7.0000000e-02 -3.4482994e-02
  vertex 8.1122940e-01 -7.0000000e-02 -3.2179276e-02
 endloop
endfacet
facet normal 0.000000e+00 1.000000e+00 0.000000e+00
 outer loop
  vertex 7.9789700e-01 -7.0000000e-02 -2.2104845e-02
  vertex 8.1314276e-01 -7.0000000e-02 -2.7559875e-02
  vertex 7.9644556e-01 -7.0000000e-02 -2.6889545e-02
 endloop
endfacet
facet normal 0.000000e+00 1.000000e+00 0.000000e+00
 outer loop
  vertex 7.8218990e-01 -7.0000000e-02 -1.8170430e-02
  vertex 7.9789700e-01 -7.0000000e-02 -2.2104845e-02
  vertex 7.8121450e-01 -7.0000000e-02 -2.3074354e-02
 endloop
endfacet
facet normal 0.000000e+00 1.000000e+00 -0.000000e+00
 outer loop
  vertex 7.6617285e-01 -7.0000000e-02 -3.4420547e-01
  vertex 7.6568274e-01 -7.0000000e-02 -3.3922955e-01
  vertex 7.8121450e-01 -7.0000000e-02 -3.3692566e-01
 endloop
endfacet
facet normal 0.000000e+00 1.000000e+00 -0.000000e+00
 outer loop
  vertex 7.9789700e-01 -7.0000000e-02 -3.3789514e-01
  vertex 7.9644556e-01 -7.0000000e-02 -3.3311044e-01
  vertex 8.1122940e-01 -7.0000000e-02 -3.2782070e-01
 endloop
endfacet
facet normal 0.000000e+00 1.000000e+00 -0.000000e+00
 outer loop
  vertex 7.5000000e-01 -7.0000000e-02 -2.0000000e-02
  vertex -7.5000000e-01 -7.0000000e-02 -2.0000000e-02
  vertex 7.5000000e-01 -7.0000000e-02 -1.5000000e-02
 endloop
endfacet
facet normal 0.000000e+00 1.000000e+00 0.000000e+00
 outer loop
  vertex -8.3889124e-01 -7.0000000e-02 -4.6964863e-02
  vertex -8.2778046e-01 -7.0000000e-02 -3.4482994e-02
  vertex -8.2542346e-01 -7.0000000e-02 -3.8892597e-02
 endloop
endfacet
facet normal 0.000000e+00 1.000000e+00 0.000000e+00
 outer loop
  vertex 7.5000000e-01 -7.0000000e-02 -3.4000000e-01
  vertex 7.5000000e-01 -7.0000000e-02 -3.4500000e-01
  vertex -7.5000000e-01 -7.0000000e-02 -3.4500000e-01
 endloop
endfacet
facet normal 0.000000e+00 1.000000e+00 0.000000e+00
 outer loop
  vertex 7.5000000e-01 -7.0000000e-02 -2.0000000e-02
  vertex 7.5000000e-01 -7.0000000e-02 -1.5000000e-02
  vertex 7.6617285e-01 -7.0000000e-02 -1.5794519e-02
 endloop
endfacet
facet normal -0.000000e+00 1.000000e+00 0.000000e+00
 outer loop
  vertex 7.5000000e-01 -7.0000000e-02 -2.0000000e-02
  vertex 7.6617285e-01 -7.0000000e-02 -1.5794519e-02
  vertex 7.6568274e-01 -7.0000000e-02 -2.0770443e-02
 endloop
endfacet
facet normal 0.000000e+00 1.000000e+00 0.000000e+00
 outer loop
  vertex 7.6617285e-01 -7.0000000e-02 -1.5794519e-02
  vertex 7.8218990e-01 -7.0000000e-02 -1.8170430e-02
  vertex 7.6568274e-01 -7.0000000e-02 -2.0770443e-02
 endloop
endfacet
facet normal 0.000000e+00 1.000000e+00 0.000000e+00
 outer loop
  vertex 7.8218990e-01 -7.0000000e-02 -1.8170430e-02
  vertex 7.8121450e-01 -7.0000000e-02 -2.3074354e-02
  vertex 7.6568274e-01 -7.0000000e-02 -2.0770443e-02
 endloop
endfacet
facet normal 0.000000e+00 1.000000e+00 0.000000e+00
 outer loop
  vertex 7.9789700e-01 -7.0000000e-02 -2.2104845e-02
  vertex 7.9644556e-01 -7.0000000e-02 -2.6889545e-02
  vertex 7.8121450e-01 -7.0000000e-02 -2.3074354e-02
 endloop
endfacet
facet normal 0.000000e+00 1.000000e+00 0.000000e+00
 outer loop
  vertex 8.1314276e-01 -7.0000000e-02 -2.7559875e-02
  vertex 8.1122940e-01 -7.0000000e-02 -3.2179276e-02
  vertex 7.9644556e-01 -7.0000000e-02 -2.6889545e-02
 endloop
endfacet
facet normal 0.000000e+00 1.000000e+00 0.000000e+00
 outer loop
  vertex 8.2778046e-01 -7.0000000e-02 -3.4482994e-02
  vertex 8.2542346e-01 -7.0000000e-02 -3.8892597e-02
  vertex 8.1122940e-01 -7.0000000e-02 -3.2179276e-02
 endloop
endfacet
facet normal 0.000000e+00 1.000000e+00 0.000000e+00
 outer loop
  vertex 8.4166907e-01 -7.0000000e-02 -4.2807514e-02
  vertex 8.3889124e-01 -7.0000000e-02 -4.6964863e-02
  vertex 8.2542346e-01 -7.0000000e-02 -3.8892597e-02
 endloop
endfacet
facet normal 0.000000e+00 1.000000e+00 0.000000e+00
 outer loop
  vertex 8.5467487e-01 -7.0000000e-02 -5.2453278e-02
  vertex 8.5150290e-01 -7.0000000e-02 -5.6318330e-02
  vertex 8.3889124e-01 -7.0000000e-02 -4.6964863e-02
 endloop
endfacet
facet normal 0.000000e+00 1.000000e+00 0.000000e+00
 outer loop
  vertex 8.6667260e-01 -7.0000000e-02 -6.3327380e-02
  vertex 8.6313710e-01 -7.0000000e-02 -6.6862915e-02
  vertex 8.5150290e-01 -7.0000000e-02 -5.6318330e-02
 endloop
endfacet
facet normal 0.000000e+00 1.000000e+00 0.000000e+00
 outer loop
  vertex 8.7754675e-01 -7.0000000e-02 -7.5325110e-02
  vertex 8.7368164e-01 -7.0000000e-02 -7.8497080e-02
  vertex 8.6313710e-01 -7.0000000e-02 -6.6862915e-02
 endloop
endfacet
facet normal 0.000000e+00 1.000000e+00 0.000000e+00
 outer loop
  vertex 8.8719250e-01 -7.0000000e-02 -8.8330910e-02
  vertex 8.8303510e-01 -7.0000000e-02 -9.1108765e-02
  vertex 8.7368164e-01 -7.0000000e-02 -7.8497080e-02
 endloop
endfacet
facet normal 0.000000e+00 1.000000e+00 0.000000e+00
 outer loop
  vertex 8.9551697e-01 -7.0000000e-02 -1.0221954e-01
  vertex 8.9110736e-01 -7.0000000e-02 -1.0457652e-01
  vertex 8.8303510e-01 -7.0000000e-02 -9.1108765e-02
 endloop
endfacet
facet normal 0.000000e+00 1.000000e+00 0.000000e+00
 outer loop
  vertex 9.0244010e-01 -7.0000000e-02 -1.1685723e-01
  vertex 8.9782074e-01 -7.0000000e-02 -1.1877065e-01
  vertex 8.9110736e-01 -7.0000000e-02 -1.0457652e-01
 endloop
endfacet
facet normal 0.000000e+00 1.000000e+00 0.000000e+00
 outer loop
  vertex 9.0311050e-01 -7.0000000e-02 -1.3355446e-01
  vertex 9.1182960e-01 -7.0000000e-02 -1.4781010e-01
  vertex 9.0692560e-01 -7.0000000e-02 -1.4878555e-01
 endloop
endfacet
facet normal 0.000000e+00 1.000000e+00 0.000000e+00
 outer loop
  vertex 9.0789514e-01 -7.0000000e-02 -1.3210303e-01
  vertex 9.0311050e-01 -7.0000000e-02 -1.3355446e-01
  vertex 8.9782074e-01 -7.0000000e-02 -1.1877065e-01
 endloop
endfacet
facet normal 0.000000e+00 1.000000e+00 0.000000e+00
 outer loop
  vertex 9.0692560e-01 -7.0000000e-02 -1.4878555e-01
  vertex 9.1420550e-01 -7.0000000e-02 -1.6382716e-01
  vertex 9.0922955e-01 -7.0000000e-02 -1.6431725e-01
 endloop
endfacet
facet normal 0.000000e+00 1.000000e+00 0.000000e+00
 outer loop
  vertex 9.0922955e-01 -7.0000000e-02 -1.6431725e-01
  vertex 9.1500000e-01 -7.0000000e-02 -1.8000000e-01
  vertex 9.1000000e-01 -7.0000000e-02 -1.8000000e-01
 endloop
endfacet
facet normal 0.000000e+00 1.000000e+00 0.000000e+00
 outer loop
  vertex 9.1000000e-01 -7.0000000e-02 -1.8000000e-01
  vertex 9.1420550e-01 -7.0000000e-02 -1.9617284e-01
  vertex 9.0922955e-01 -7.0000000e-02 -1.9568275e-01
 endloop
endfacet
facet normal 0.000000e+00 1.000000e+00 0.000000e+00
 outer loop
  vertex 9.0922955e-01 -7.0000000e-02 -1.9568275e-01
  vertex 9.1182960e-01 -7.0000000e-02 -2.1218990e-01
  vertex 9.0692560e-01 -7.0000000e-02 -2.1121445e-01
 endloop
endfacet
facet normal 0.000000e+00 1.000000e+00 0.000000e+00
 outer loop
  vertex 9.0692560e-01 -7.0000000e-02 -2.1121445e-01
  vertex 9.0789514e-01 -7.0000000e-02 -2.2789697e-01
  vertex 9.0311050e-01 -7.0000000e-02 -2.2644556e-01
 endloop
endfacet
facet normal -0.000000e+00 1.000000e+00 0.000000e+00
 outer loop
  vertex 8.9782074e-01 -7.0000000e-02 -2.4122935e-01
  vertex 9.0311050e-01 -7.0000000e-02 -2.2644556e-01
  vertex 9.0244010e-01 -7.0000000e-02 -2.4314276e-01
 endloop
endfacet
facet normal -0.000000e+00 1.000000e+00 0.000000e+00
 outer loop
  vertex 8.9110736e-01 -7.0000000e-02 -2.5542350e-01
  vertex 8.9782074e-01 -7.0000000e-02 -2.4122935e-01
  vertex 8.9551697e-01 -7.0000000e-02 -2.5778046e-01
 endloop
endfacet
facet normal -0.000000e+00 1.000000e+00 0.000000e+00
 outer loop
  vertex 8.8303510e-01 -7.0000000e-02 -2.6889124e-01
  vertex 8.9110736e-01 -7.0000000e-02 -2.5542350e-01
  vertex 8.8719250e-01 -7.0000000e-02 -2.7166910e-01
 endloop
endfacet
facet normal -0.000000e+00 1.000000e+00 0.000000e+00
 outer loop
  vertex 8.7368164e-01 -7.0000000e-02 -2.8150293e-01
  vertex 8.8303510e-01 -7.0000000e-02 -2.6889124e-01
  vertex 8.7754675e-01 -7.0000000e-02 -2.8467490e-01
 endloop
endfacet
facet normal 0.000000e+00 1.000000e+00 -0.000000e+00
 outer loop
  vertex 8.5467487e-01 -7.0000000e-02 -3.0754672e-01
  vertex 8.5150290e-01 -7.0000000e-02 -3.0368167e-01
  vertex 8.6313710e-01 -7.0000000e-02 -2.9313710e-01
 endloop
endfacet
facet normal -0.000000e+00 1.000000e+00 0.000000e+00
 outer loop
  vertex 8.6313710e-01 -7.0000000e-02 -2.9313710e-01
  vertex 8.7368164e-01 -7.0000000e-02 -2.8150293e-01
  vertex 8.6667260e-01 -7.0000000e-02 -2.9667260e-01
 endloop
endfacet
facet normal 0.000000e+00 1.000000e+00 -0.000000e+00
 outer loop
  vertex 8.4166907e-01 -7.0000000e-02 -3.1719250e-01
  vertex 8.3889124e-01 -7.0000000e-02 -3.1303513e-01
  vertex 8.5150290e-01 -7.0000000e-02 -3.0368167e-01
 endloop
endfacet
facet normal 0.000000e+00 1.000000e+00 -0.000000e+00
 outer loop
  vertex 8.2778046e-01 -7.0000000e-02 -3.2551700e-01
  vertex 8.2542346e-01 -7.0000000e-02 -3.2110740e-01
  vertex 8.3889124e-01 -7.0000000e-02 -3.1303513e-01
 endloop
endfacet
facet normal -0.000000e+00 1.000000e+00 0.000000e+00
 outer loop
  vertex 7.8121450e-01 -7.0000000e-02 -3.3692566e-01
  vertex 7.9644556e-01 -7.0000000e-02 -3.3311044e-01
  vertex 7.8218990e-01 -7.0000000e-02 -3.4182956e-01
 endloop
endfacet
facet normal 0.000000e+00 1.000000e+00 0.000000e+00
 outer loop
  vertex 7.5000000e-01 -7.0000000e-02 -1.5000000e-02
  vertex -7.5000000e-01 -7.0000000e-02 -2.0000000e-02
  vertex -7.5000000e-01 -7.0000000e-02 -1.5000000e-02
 endloop
endfacet
facet normal 0.000000e+00 1.000000e+00 -0.000000e+00
 outer loop
  vertex -7.5000000e-01 -7.0000000e-02 -2.0000000e-02
  vertex -7.6617285e-01 -7.0000000e-02 -1.5794519e-02
  vertex -7.5000000e-01 -7.0000000e-02 -1.5000000e-02
 endloop
endfacet
facet normal 0.000000e+00 1.000000e+00 0.000000e+00
 outer loop
  vertex -7.6617285e-01 -7.0000000e-02 -3.4420547e-01
  vertex -7.6568274e-01 -7.0000000e-02 -3.3922955e-01
  vertex -7.5000000e-01 -7.0000000e-02 -3.4000000e-01
 endloop
endfacet
facet normal -0.000000e+00 1.000000e+00 0.000000e+00
 outer loop
  vertex -7.8218990e-01 -7.0000000e-02 -3.4182956e-01
  vertex -7.6568274e-01 -7.0000000e-02 -3.3922955e-01
  vertex -7.6617285e-01 -7.0000000e-02 -3.4420547e-01
 endloop
endfacet
facet normal 0.000000e+00 1.000000e+00 0.000000e+00
 outer loop
  vertex -7.8121450e-01 -7.0000000e-02 -3.3692566e-01
  vertex -7.6568274e-01 -7.0000000e-02 -3.3922955e-01
  vertex -7.8218990e-01 -7.0000000e-02 -3.4182956e-01
 endloop
endfacet
facet normal 0.000000e+00 1.000000e+00 0.000000e+00
 outer loop
  vertex -7.9644556e-01 -7.0000000e-02 -3.3311044e-01
  vertex -7.8121450e-01 -7.0000000e-02 -3.3692566e-01
  vertex -7.9789700e-01 -7.0000000e-02 -3.3789514e-01
 endloop
endfacet
facet normal 0.000000e+00 1.000000e+00 0.000000e+00
 outer loop
  vertex -8.1122940e-01 -7.0000000e-02 -3.2782070e-01
  vertex -7.9644556e-01 -7.0000000e-02 -3.3311044e-01
  vertex -8.1314276e-01 -7.0000000e-02 -3.3244010e-01
 endloop
endfacet
facet normal 0.000000e+00 1.000000e+00 0.000000e+00
 outer loop
  vertex -8.2542346e-01 -7.0000000e-02 -3.2110740e-01
  vertex -8.1122940e-01 -7.0000000e-02 -3.2782070e-01
  vertex -8.2778046e-01 -7.0000000e-02 -3.2551700e-01
 endloop
endfacet
facet normal 0.000000e+00 1.000000e+00 0.000000e+00
 outer loop
  vertex -8.3889124e-01 -7.0000000e-02 -3.1303513e-01
  vertex -8.2542346e-01 -7.0000000e-02 -3.2110740e-01
  vertex -8.4166907e-01 -7.0000000e-02 -3.1719250e-01
 endloop
endfacet
facet normal 0.000000e+00 1.000000e+00 0.000000e+00
 outer loop
  vertex -8.5150290e-01 -7.0000000e-02 -3.0368167e-01
  vertex -8.3889124e-01 -7.0000000e-02 -3.1303513e-01
  vertex -8.5467487e-01 -7.0000000e-02 -3.0754672e-01
 endloop
endfacet
facet normal 0.000000e+00 1.000000e+00 0.000000e+00
 outer loop
  vertex -8.6313710e-01 -7.0000000e-02 -2.9313710e-01
  vertex -8.5150290e-01 -7.0000000e-02 -3.0368167e-01
  vertex -8.6667260e-01 -7.0000000e-02 -2.9667260e-01
 endloop
endfacet
facet normal -0.000000e+00 1.000000e+00 0.000000e+00
 outer loop
  vertex -8.8719250e-01 -7.0000000e-02 -2.7166910e-01
  vertex -8.8303510e-01 -7.0000000e-02 -2.6889124e-01
  vertex -8.7368164e-01 -7.0000000e-02 -2.8150293e-01
 endloop
endfacet
facet normal 0.000000e+00 1.000000e+00 0.000000e+00
 outer loop
  vertex -8.7368164e-01 -7.0000000e-02 -2.8150293e-01
  vertex -8.6313710e-01 -7.0000000e-02 -2.9313710e-01
  vertex -8.7754675e-01 -7.0000000e-02 -2.8467490e-01
 endloop
endfacet
facet normal -0.000000e+00 1.000000e+00 0.000000e+00
 outer loop
  vertex -8.9551697e-01 -7.0000000e-02 -2.5778046e-01
  vertex -8.9110736e-01 -7.0000000e-02 -2.5542350e-01
  vertex -8.8303510e-01 -7.0000000e-02 -2.6889124e-01
 endloop
endfacet
facet normal -0.000000e+00 1.000000e+00 0.000000e+00
 outer loop
  vertex -9.0244010e-01 -7.0000000e-02 -2.4314276e-01
  vertex -8.9782074e-01 -7.0000000e-02 -2.4122935e-01
  vertex -8.9110736e-01 -7.0000000e-02 -2.5542350e-01
 endloop
endfacet
facet normal -0.000000e+00 1.000000e+00 0.000000e+00
 outer loop
  vertex -9.0789514e-01 -7.0000000e-02 -2.2789697e-01
  vertex -9.0311050e-01 -7.0000000e-02 -2.2644556e-01
  vertex -8.9782074e-01 -7.0000000e-02 -2.4122935e-01
 endloop
endfacet
facet normal 0.000000e+00 1.000000e+00 0.000000e+00
 outer loop
  vertex -9.1000000e-01 -7.0000000e-02 -1.8000000e-01
  vertex -9.0922955e-01 -7.0000000e-02 -1.9568275e-01
  vertex -9.1500000e-01 -7.0000000e-02 -1.8000000e-01
 endloop
endfacet
facet normal 0.000000e+00 1.000000e+00 0.000000e+00
 outer loop
  vertex -9.0922955e-01 -7.0000000e-02 -1.6431725e-01
  vertex -9.1000000e-01 -7.0000000e-02 -1.8000000e-01
  vertex -9.1420550e-01 -7.0000000e-02 -1.6382716e-01
 endloop
endfacet
facet normal 0.000000e+00 1.000000e+00 0.000000e+00
 outer loop
  vertex -9.0692560e-01 -7.0000000e-02 -1.4878555e-01
  vertex -9.0922955e-01 -7.0000000e-02 -1.6431725e-01
  vertex -9.1182960e-01 -7.0000000e-02 -1.4781010e-01
 endloop
endfacet
facet normal 0.000000e+00 1.000000e+00 0.000000e+00
 outer loop
  vertex -9.0311050e-01 -7.0000000e-02 -1.3355446e-01
  vertex -9.0692560e-01 -7.0000000e-02 -1.4878555e-01
  vertex -9.0789514e-01 -7.0000000e-02 -1.3210303e-01
 endloop
endfacet
facet normal 0.000000e+00 1.000000e+00 0.000000e+00
 outer loop
  vertex -8.9782074e-01 -7.0000000e-02 -1.1877065e-01
  vertex -9.0311050e-01 -7.0000000e-02 -1.3355446e-01
  vertex -9.0244010e-01 -7.0000000e-02 -1.1685723e-01
 endloop
endfacet
facet normal 0.000000e+00 1.000000e+00 0.000000e+00
 outer loop
  vertex -8.9551697e-01 -7.0000000e-02 -1.0221954e-01
  vertex -8.9110736e-01 -7.0000000e-02 -1.0457652e-01
  vertex -8.9782074e-01 -7.0000000e-02 -1.1877065e-01
 endloop
endfacet
facet normal 0.000000e+00 1.000000e+00 0.000000e+00
 outer loop
  vertex -8.8719250e-01 -7.0000000e-02 -8.8330910e-02
  vertex -8.8303510e-01 -7.0000000e-02 -9.1108765e-02
  vertex -8.9110736e-01 -7.0000000e-02 -1.0457652e-01
 endloop
endfacet
facet normal 0.000000e+00 1.000000e+00 0.000000e+00
 outer loop
  vertex -8.7754675e-01 -7.0000000e-02 -7.5325110e-02
  vertex -8.7368164e-01 -7.0000000e-02 -7.8497080e-02
  vertex -8.8303510e-01 -7.0000000e-02 -9.1108765e-02
 endloop
endfacet
facet normal 0.000000e+00 1.000000e+00 0.000000e+00
 outer loop
  vertex -8.6667260e-01 -7.0000000e-02 -6.3327380e-02
  vertex -8.6313710e-01 -7.0000000e-02 -6.6862915e-02
  vertex -8.7368164e-01 -7.0000000e-02 -7.8497080e-02
 endloop
endfacet
facet normal 0.000000e+00 1.000000e+00 0.000000e+00
 outer loop
  vertex -8.5150290e-01 -7.0000000e-02 -5.6318330e-02
  vertex -8.4166907e-01 -7.0000000e-02 -4.2807514e-02
  vertex -8.3889124e-01 -7.0000000e-02 -4.6964863e-02
 endloop
endfacet
facet normal 0.000000e+00 1.000000e+00 0.000000e+00
 outer loop
  vertex -8.5467487e-01 -7.0000000e-02 -5.2453278e-02
  vertex -8.5150290e-01 -7.0000000e-02 -5.6318330e-02
  vertex -8.6313710e-01 -7.0000000e-02 -6.6862915e-02
 endloop
endfacet
facet normal 0.000000e+00 1.000000e+00 -0.000000e+00
 outer loop
  vertex -8.2542346e-01 -7.0000000e-02 -3.8892597e-02
  vertex -8.2778046e-01 -7.0000000e-02 -3.4482994e-02
  vertex -8.1314276e-01 -7.0000000e-02 -2.7559875e-02
 endloop
endfacet
facet normal 0.000000e+00 1.000000e+00 0.000000e+00
 outer loop
  vertex -7.9644556e-01 -7.0000000e-02 -2.6889545e-02
  vertex -8.1122940e-01 -7.0000000e-02 -3.2179276e-02
  vertex -7.9789700e-01 -7.0000000e-02 -2.2104845e-02
 endloop
endfacet
facet normal 0.000000e+00 1.000000e+00 0.000000e+00
 outer loop
  vertex -7.6617285e-01 -7.0000000e-02 -1.5794519e-02
  vertex -7.8121450e-01 -7.0000000e-02 -2.3074354e-02
  vertex -7.8218990e-01 -7.0000000e-02 -1.8170430e-02
 endloop
endfacet
facet normal -0.000000e+00 1.000000e+00 0.000000e+00
 outer loop
  vertex -9.1420550e-01 -7.0000000e-02 -1.9617284e-01
  vertex -9.0922955e-01 -7.0000000e-02 -1.9568275e-01
  vertex -9.0692560e-01 -7.0000000e-02 -2.1121445e-01
 endloop
endfacet
facet normal -0.000000e+00 1.000000e+00 0.000000e+00
 outer loop
  vertex 8.1122940e-01 -7.0000000e-02 -3.2782070e-01
  vertex 8.2542346e-01 -7.0000000e-02 -3.2110740e-01
  vertex 8.1314276e-01 -7.0000000e-02 -3.3244010e-01
 endloop
endfacet
facet normal -0.000000e+00 1.000000e+00 0.000000e+00
 outer loop
  vertex -9.1182960e-01 -7.0000000e-02 -2.1218990e-01
  vertex -9.0692560e-01 -7.0000000e-02 -2.1121445e-01
  vertex -9.0311050e-01 -7.0000000e-02 -2.2644556e-01
 endloop
endfacet
facet normal -0.000000e+00 -1.000000e+00 0.000000e+00
 outer loop
  vertex -7.6568274e-01 -2.6000000e-01 -2.0770443e-02
  vertex -7.6617285e-01 -2.6000000e-01 -1.5794519e-02
  vertex -7.8121450e-01 -2.6000000e-01 -2.3074354e-02
 endloop
endfacet
facet normal 0.000000e+00 -1.000000e+00 0.000000e+00
 outer loop
  vertex -7.6568274e-01 -2.6000000e-01 -2.0770443e-02
  vertex -7.5000000e-01 -2.6000000e-01 -2.0000000e-02
  vertex -7.6617285e-01 -2.6000000e-01 -1.5794519e-02
 endloop
endfacet
facet normal -0.000000e+00 -1.000000e+00 0.000000e+00
 outer loop
  vertex -7.8121450e-01 -2.6000000e-01 -2.3074354e-02
  vertex -7.8218990e-01 -2.6000000e-01 -1.8170430e-02
  vertex -7.9644556e-01 -2.6000000e-01 -2.6889545e-02
 endloop
endfacet
facet normal 0.000000e+00 -1.000000e+00 0.000000e+00
 outer loop
  vertex -7.9789700e-01 -2.6000000e-01 -2.2104845e-02
  vertex -7.9644556e-01 -2.6000000e-01 -2.6889545e-02
  vertex -7.8218990e-01 -2.6000000e-01 -1.8170430e-02
 endloop
endfacet
facet normal 0.000000e+00 -1.000000e+00 0.000000e+00
 outer loop
  vertex -8.1314276e-01 -2.6000000e-01 -2.7559875e-02
  vertex -8.1122940e-01 -2.6000000e-01 -3.2179276e-02
  vertex -7.9789700e-01 -2.6000000e-01 -2.2104845e-02
 endloop
endfacet
facet normal 0.000000e+00 -1.000000e+00 -0.000000e+00
 outer loop
  vertex -8.1314276e-01 -2.6000000e-01 -2.7559875e-02
  vertex -8.2542346e-01 -2.6000000e-01 -3.8892597e-02
  vertex -8.1122940e-01 -2.6000000e-01 -3.2179276e-02
 endloop
endfacet
facet normal 0.000000e+00 -1.000000e+00 0.000000e+00
 outer loop
  vertex -8.4166907e-01 -2.6000000e-01 -4.2807514e-02
  vertex -8.3889124e-01 -2.6000000e-01 -4.6964863e-02
  vertex -8.2778046e-01 -2.6000000e-01 -3.4482994e-02
 endloop
endfacet
facet normal 0.000000e+00 -1.000000e+00 0.000000e+00
 outer loop
  vertex -8.5467487e-01 -2.6000000e-01 -5.2453278e-02
  vertex -8.5150290e-01 -2.6000000e-01 -5.6318330e-02
  vertex -8.4166907e-01 -2.6000000e-01 -4.2807514e-02
 endloop
endfacet
facet normal 0.000000e+00 -1.000000e+00 0.000000e+00
 outer loop
  vertex -8.6667260e-01 -2.6000000e-01 -6.3327380e-02
  vertex -8.6313710e-01 -2.6000000e-01 -6.6862915e-02
  vertex -8.5467487e-01 -2.6000000e-01 -5.2453278e-02
 endloop
endfacet
facet normal 0.000000e+00 -1.000000e+00 0.000000e+00
 outer loop
  vertex -8.7754675e-01 -2.6000000e-01 -7.5325110e-02
  vertex -8.7368164e-01 -2.6000000e-01 -7.8497080e-02
  vertex -8.6667260e-01 -2.6000000e-01 -6.3327380e-02
 endloop
endfacet
facet normal 0.000000e+00 -1.000000e+00 0.000000e+00
 outer loop
  vertex -8.8719250e-01 -2.6000000e-01 -8.8330910e-02
  vertex -8.8303510e-01 -2.6000000e-01 -9.1108765e-02
  vertex -8.7754675e-01 -2.6000000e-01 -7.5325110e-02
 endloop
endfacet
facet normal 0.000000e+00 -1.000000e+00 0.000000e+00
 outer loop
  vertex -8.9551697e-01 -2.6000000e-01 -1.0221954e-01
  vertex -8.9110736e-01 -2.6000000e-01 -1.0457652e-01
  vertex -8.8719250e-01 -2.6000000e-01 -8.8330910e-02
 endloop
endfacet
facet normal 0.000000e+00 -1.000000e+00 0.000000e+00
 outer loop
  vertex -9.0244010e-01 -2.6000000e-01 -1.1685723e-01
  vertex -8.9782074e-01 -2.6000000e-01 -1.1877065e-01
  vertex -8.9551697e-01 -2.6000000e-01 -1.0221954e-01
 endloop
endfacet
facet normal 0.000000e+00 -1.000000e+00 0.000000e+00
 outer loop
  vertex -9.0789514e-01 -2.6000000e-01 -1.3210303e-01
  vertex -9.0311050e-01 -2.6000000e-01 -1.3355446e-01
  vertex -9.0244010e-01 -2.6000000e-01 -1.1685723e-01
 endloop
endfacet
facet normal 0.000000e+00 -1.000000e+00 0.000000e+00
 outer loop
  vertex -9.1182960e-01 -2.6000000e-01 -1.4781010e-01
  vertex -9.0692560e-01 -2.6000000e-01 -1.4878555e-01
  vertex -9.0789514e-01 -2.6000000e-01 -1.3210303e-01
 endloop
endfacet
facet normal 0.000000e+00 -1.000000e+00 0.000000e+00
 outer loop
  vertex -9.1420550e-01 -2.6000000e-01 -1.6382716e-01
  vertex -9.0922955e-01 -2.6000000e-01 -1.6431725e-01
  vertex -9.1182960e-01 -2.6000000e-01 -1.4781010e-01
 endloop
endfacet
facet normal 0.000000e+00 -1.000000e+00 0.000000e+00
 outer loop
  vertex -9.1500000e-01 -2.6000000e-01 -1.8000000e-01
  vertex -9.1000000e-01 -2.6000000e-01 -1.8000000e-01
  vertex -9.1420550e-01 -2.6000000e-01 -1.6382716e-01
 endloop
endfacet
facet normal 0.000000e+00 -1.000000e+00 0.000000e+00
 outer loop
  vertex -9.1420550e-01 -2.6000000e-01 -1.9617284e-01
  vertex -9.0922955e-01 -2.6000000e-01 -1.9568275e-01
  vertex -9.1500000e-01 -2.6000000e-01 -1.8000000e-01
 endloop
endfacet
facet normal 0.000000e+00 -1.000000e+00 0.000000e+00
 outer loop
  vertex -9.1182960e-01 -2.6000000e-01 -2.1218990e-01
  vertex -9.0692560e-01 -2.6000000e-01 -2.1121445e-01
  vertex -9.1420550e-01 -2.6000000e-01 -1.9617284e-01
 endloop
endfacet
facet normal 0.000000e+00 -1.000000e+00 0.000000e+00
 outer loop
  vertex -9.0789514e-01 -2.6000000e-01 -2.2789697e-01
  vertex -9.0311050e-01 -2.6000000e-01 -2.2644556e-01
  vertex -9.1182960e-01 -2.6000000e-01 -2.1218990e-01
 endloop
endfacet
facet normal 0.000000e+00 -1.000000e+00 0.000000e+00
 outer loop
  vertex -9.0244010e-01 -2.6000000e-01 -2.4314276e-01
  vertex -8.9782074e-01 -2.6000000e-01 -2.4122935e-01
  vertex -9.0789514e-01 -2.6000000e-01 -2.2789697e-01
 endloop
endfacet
facet normal 0.000000e+00 -1.000000e+00 0.000000e+00
 outer loop
  vertex -8.9551697e-01 -2.6000000e-01 -2.5778046e-01
  vertex -8.9110736e-01 -2.6000000e-01 -2.5542350e-01
  vertex -9.0244010e-01 -2.6000000e-01 -2.4314276e-01
 endloop
endfacet
facet normal 0.000000e+00 -1.000000e+00 0.000000e+00
 outer loop
  vertex -8.8719250e-01 -2.6000000e-01 -2.7166910e-01
  vertex -8.8303510e-01 -2.6000000e-01 -2.6889124e-01
  vertex -8.9551697e-01 -2.6000000e-01 -2.5778046e-01
 endloop
endfacet
facet normal 0.000000e+00 -1.000000e+00 0.000000e+00
 outer loop
  vertex -8.7754675e-01 -2.6000000e-01 -2.8467490e-01
  vertex -8.7368164e-01 -2.6000000e-01 -2.8150293e-01
  vertex -8.8719250e-01 -2.6000000e-01 -2.7166910e-01
 endloop
endfacet
facet normal 0.000000e+00 -1.000000e+00 0.000000e+00
 outer loop
  vertex -8.6667260e-01 -2.6000000e-01 -2.9667260e-01
  vertex -8.6313710e-01 -2.6000000e-01 -2.9313710e-01
  vertex -8.7754675e-01 -2.6000000e-01 -2.8467490e-01
 endloop
endfacet
facet normal 0.000000e+00 -1.000000e+00 0.000000e+00
 outer loop
  vertex -8.5467487e-01 -2.6000000e-01 -3.0754672e-01
  vertex -8.5150290e-01 -2.6000000e-01 -3.0368167e-01
  vertex -8.6667260e-01 -2.6000000e-01 -2.9667260e-01
 endloop
endfacet
facet normal 0.000000e+00 -1.000000e+00 0.000000e+00
 outer loop
  vertex -8.4166907e-01 -2.6000000e-01 -3.1719250e-01
  vertex -8.3889124e-01 -2.6000000e-01 -3.1303513e-01
  vertex -8.5467487e-01 -2.6000000e-01 -3.0754672e-01
 endloop
endfacet
facet normal 0.000000e+00 -1.000000e+00 0.000000e+00
 outer loop
  vertex -8.2778046e-01 -2.6000000e-01 -3.2551700e-01
  vertex -8.2542346e-01 -2.6000000e-01 -3.2110740e-01
  vertex -8.4166907e-01 -2.6000000e-01 -3.1719250e-01
 endloop
endfacet
facet normal 0.000000e+00 -1.000000e+00 0.000000e+00
 outer loop
  vertex -8.1314276e-01 -2.6000000e-01 -3.3244010e-01
  vertex -8.1122940e-01 -2.6000000e-01 -3.2782070e-01
  vertex -8.2778046e-01 -2.6000000e-01 -3.2551700e-01
 endloop
endfacet
facet normal 0.000000e+00 -1.000000e+00 0.000000e+00
 outer loop
  vertex -7.9789700e-01 -2.6000000e-01 -3.3789514e-01
  vertex -7.9644556e-01 -2.6000000e-01 -3.3311044e-01
  vertex -8.1314276e-01 -2.6000000e-01 -3.3244010e-01
 endloop
endfacet
facet normal 0.000000e+00 -1.000000e+00 0.000000e+00
 outer loop
  vertex -7.8218990e-01 -2.6000000e-01 -3.4182956e-01
  vertex -7.8121450e-01 -2.6000000e-01 -3.3692566e-01
  vertex -7.9789700e-01 -2.6000000e-01 -3.3789514e-01
 endloop
endfacet
facet normal 0.000000e+00 -1.000000e+00 -0.000000e+00
 outer loop
  vertex -7.5000000e-01 -2.6000000e-01 -3.4000000e-01
  vertex -7.6617285e-01 -2.6000000e-01 -3.4420547e-01
  vertex -7.5000000e-01 -2.6000000e-01 -3.4500000e-01
 endloop
endfacet
facet normal 0.000000e+00 -1.000000e+00 0.000000e+00
 outer loop
  vertex -7.5000000e-01 -2.6000000e-01 -3.4000000e-01
  vertex -7.5000000e-01 -2.6000000e-01 -3.4500000e-01
  vertex 7.5000000e-01 -2.6000000e-01 -3.4000000e-01
 endloop
endfacet
facet normal 0.000000e+00 -1.000000e+00 0.000000e+00
 outer loop
  vertex 7.5000000e-01 -2.6000000e-01 -3.4000000e-01
  vertex 7.5000000e-01 -2.6000000e-01 -3.4500000e-01
  vertex 7.6568274e-01 -2.6000000e-01 -3.3922955e-01
 endloop
endfacet
facet normal -0.000000e+00 -1.000000e+00 0.000000e+00
 outer loop
  vertex 7.6617285e-01 -2.6000000e-01 -3.4420547e-01
  vertex 7.6568274e-01 -2.6000000e-01 -3.3922955e-01
  vertex 7.5000000e-01 -2.6000000e-01 -3.4500000e-01
 endloop
endfacet
facet normal -0.000000e+00 -1.000000e+00 0.000000e+00
 outer loop
  vertex 7.8218990e-01 -2.6000000e-01 -3.4182956e-01
  vertex 7.8121450e-01 -2.6000000e-01 -3.3692566e-01
  vertex 7.6617285e-01 -2.6000000e-01 -3.4420547e-01
 endloop
endfacet
facet normal -0.000000e+00 -1.000000e+00 0.000000e+00
 outer loop
  vertex 7.9789700e-01 -2.6000000e-01 -3.3789514e-01
  vertex 7.9644556e-01 -2.6000000e-01 -3.3311044e-01
  vertex 7.8218990e-01 -2.6000000e-01 -3.4182956e-01
 endloop
endfacet
facet normal -0.000000e+00 -1.000000e+00 0.000000e+00
 outer loop
  vertex 8.1314276e-01 -2.6000000e-01 -3.3244010e-01
  vertex 8.1122940e-01 -2.6000000e-01 -3.2782070e-01
  vertex 7.9789700e-01 -2.6000000e-01 -3.3789514e-01
 endloop
endfacet
facet normal -0.000000e+00 -1.000000e+00 0.000000e+00
 outer loop
  vertex 8.2778046e-01 -2.6000000e-01 -3.2551700e-01
  vertex 8.2542346e-01 -2.6000000e-01 -3.2110740e-01
  vertex 8.1314276e-01 -2.6000000e-01 -3.3244010e-01
 endloop
endfacet
facet normal -0.000000e+00 -1.000000e+00 0.000000e+00
 outer loop
  vertex 8.4166907e-01 -2.6000000e-01 -3.1719250e-01
  vertex 8.3889124e-01 -2.6000000e-01 -3.1303513e-01
  vertex 8.2778046e-01 -2.6000000e-01 -3.2551700e-01
 endloop
endfacet
facet normal -0.000000e+00 -1.000000e+00 0.000000e+00
 outer loop
  vertex 8.5467487e-01 -2.6000000e-01 -3.0754672e-01
  vertex 8.5150290e-01 -2.6000000e-01 -3.0368167e-01
  vertex 8.4166907e-01 -2.6000000e-01 -3.1719250e-01
 endloop
endfacet
facet normal -0.000000e+00 -1.000000e+00 0.000000e+00
 outer loop
  vertex 8.6667260e-01 -2.6000000e-01 -2.9667260e-01
  vertex 8.6313710e-01 -2.6000000e-01 -2.9313710e-01
  vertex 8.5467487e-01 -2.6000000e-01 -3.0754672e-01
 endloop
endfacet
facet normal -0.000000e+00 -1.000000e+00 0.000000e+00
 outer loop
  vertex 8.7754675e-01 -2.6000000e-01 -2.8467490e-01
  vertex 8.7368164e-01 -2.6000000e-01 -2.8150293e-01
  vertex 8.6667260e-01 -2.6000000e-01 -2.9667260e-01
 endloop
endfacet
facet normal -0.000000e+00 -1.000000e+00 0.000000e+00
 outer loop
  vertex 8.8719250e-01 -2.6000000e-01 -2.7166910e-01
  vertex 8.8303510e-01 -2.6000000e-01 -2.6889124e-01
  vertex 8.7754675e-01 -2.6000000e-01 -2.8467490e-01
 endloop
endfacet
facet normal -0.000000e+00 -1.000000e+00 0.000000e+00
 outer loop
  vertex 8.9551697e-01 -2.6000000e-01 -2.5778046e-01
  vertex 8.9110736e-01 -2.6000000e-01 -2.5542350e-01
  vertex 8.8719250e-01 -2.6000000e-01 -2.7166910e-01
 endloop
endfacet
facet normal -0.000000e+00 -1.000000e+00 0.000000e+00
 outer loop
  vertex 9.0244010e-01 -2.6000000e-01 -2.4314276e-01
  vertex 8.9782074e-01 -2.6000000e-01 -2.4122935e-01
  vertex 8.9551697e-01 -2.6000000e-01 -2.5778046e-01
 endloop
endfacet
facet normal -0.000000e+00 -1.000000e+00 0.000000e+00
 outer loop
  vertex 9.0789514e-01 -2.6000000e-01 -2.2789697e-01
  vertex 9.0311050e-01 -2.6000000e-01 -2.2644556e-01
  vertex 9.0244010e-01 -2.6000000e-01 -2.4314276e-01
 endloop
endfacet
facet normal -0.000000e+00 -1.000000e+00 0.000000e+00
 outer loop
  vertex 9.1182960e-01 -2.6000000e-01 -2.1218990e-01
  vertex 9.0692560e-01 -2.6000000e-01 -2.1121445e-01
  vertex 9.0789514e-01 -2.6000000e-01 -2.2789697e-01
 endloop
endfacet
facet normal -0.000000e+00 -1.000000e+00 0.000000e+00
 outer loop
  vertex 9.1420550e-01 -2.6000000e-01 -1.9617284e-01
  vertex 9.0922955e-01 -2.6000000e-01 -1.9568275e-01
  vertex 9.1182960e-01 -2.6000000e-01 -2.1218990e-01
 endloop
endfacet
facet normal -0.000000e+00 -1.000000e+00 0.000000e+00
 outer loop
  vertex 9.1500000e-01 -2.6000000e-01 -1.8000000e-01
  vertex 9.1000000e-01 -2.6000000e-01 -1.8000000e-01
  vertex 9.1420550e-01 -2.6000000e-01 -1.9617284e-01
 endloop
endfacet
facet normal 0.000000e+00 -1.000000e+00 -0.000000e+00
 outer loop
  vertex 9.1420550e-01 -2.6000000e-01 -1.6382716e-01
  vertex 9.0922955e-01 -2.6000000e-01 -1.6431725e-01
  vertex 9.1500000e-01 -2.6000000e-01 -1.8000000e-01
 endloop
endfacet
facet normal 0.000000e+00 -1.000000e+00 -0.000000e+00
 outer loop
  vertex 9.1182960e-01 -2.6000000e-01 -1.4781010e-01
  vertex 9.0692560e-01 -2.6000000e-01 -1.4878555e-01
  vertex 9.1420550e-01 -2.6000000e-01 -1.6382716e-01
 endloop
endfacet
facet normal 0.000000e+00 -1.000000e+00 -0.000000e+00
 outer loop
  vertex 9.0789514e-01 -2.6000000e-01 -1.3210303e-01
  vertex 9.0311050e-01 -2.6000000e-01 -1.3355446e-01
  vertex 9.1182960e-01 -2.6000000e-01 -1.4781010e-01
 endloop
endfacet
facet normal 0.000000e+00 -1.000000e+00 -0.000000e+00
 outer loop
  vertex 9.0244010e-01 -2.6000000e-01 -1.1685723e-01
  vertex 8.9782074e-01 -2.6000000e-01 -1.1877065e-01
  vertex 9.0789514e-01 -2.6000000e-01 -1.3210303e-01
 endloop
endfacet
facet normal 0.000000e+00 -1.000000e+00 -0.000000e+00
 outer loop
  vertex 8.9551697e-01 -2.6000000e-01 -1.0221954e-01
  vertex 8.9110736e-01 -2.6000000e-01 -1.0457652e-01
  vertex 9.0244010e-01 -2.6000000e-01 -1.1685723e-01
 endloop
endfacet
facet normal 0.000000e+00 -1.000000e+00 -0.000000e+00
 outer loop
  vertex 8.8719250e-01 -2.6000000e-01 -8.8330910e-02
  vertex 8.8303510e-01 -2.6000000e-01 -9.1108765e-02
  vertex 8.9551697e-01 -2.6000000e-01 -1.0221954e-01
 endloop
endfacet
facet normal 0.000000e+00 -1.000000e+00 -0.000000e+00
 outer loop
  vertex 8.7754675e-01 -2.6000000e-01 -7.5325110e-02
  vertex 8.7368164e-01 -2.6000000e-01 -7.8497080e-02
  vertex 8.8719250e-01 -2.6000000e-01 -8.8330910e-02
 endloop
endfacet
facet normal 0.000000e+00 -1.000000e+00 -0.000000e+00
 outer loop
  vertex 8.6667260e-01 -2.6000000e-01 -6.3327380e-02
  vertex 8.6313710e-01 -2.6000000e-01 -6.6862915e-02
  vertex 8.7754675e-01 -2.6000000e-01 -7.5325110e-02
 endloop
endfacet
facet normal 0.000000e+00 -1.000000e+00 -0.000000e+00
 outer loop
  vertex 8.5467487e-01 -2.6000000e-01 -5.2453278e-02
  vertex 8.5150290e-01 -2.6000000e-01 -5.6318330e-02
  vertex 8.6667260e-01 -2.6000000e-01 -6.3327380e-02
 endloop
endfacet
facet normal 0.000000e+00 -1.000000e+00 -0.000000e+00
 outer loop
  vertex 8.4166907e-01 -2.6000000e-01 -4.2807514e-02
  vertex 8.3889124e-01 -2.6000000e-01 -4.6964863e-02
  vertex 8.5467487e-01 -2.6000000e-01 -5.2453278e-02
 endloop
endfacet
facet normal 0.000000e+00 -1.000000e+00 -0.000000e+00
 outer loop
  vertex 8.2778046e-01 -2.6000000e-01 -3.4482994e-02
  vertex 8.2542346e-01 -2.6000000e-01 -3.8892597e-02
  vertex 8.4166907e-01 -2.6000000e-01 -4.2807514e-02
 endloop
endfacet
facet normal 0.000000e+00 -1.000000e+00 -0.000000e+00
 outer loop
  vertex 8.1314276e-01 -2.6000000e-01 -2.7559875e-02
  vertex 8.1122940e-01 -2.6000000e-01 -3.2179276e-02
  vertex 8.2778046e-01 -2.6000000e-01 -3.4482994e-02
 endloop
endfacet
facet normal 0.000000e+00 -1.000000e+00 -0.000000e+00
 outer loop
  vertex 7.9789700e-01 -2.6000000e-01 -2.2104845e-02
  vertex 7.9644556e-01 -2.6000000e-01 -2.6889545e-02
  vertex 8.1314276e-01 -2.6000000e-01 -2.7559875e-02
 endloop
endfacet
facet normal 0.000000e+00 -1.000000e+00 -0.000000e+00
 outer loop
  vertex 7.8218990e-01 -2.6000000e-01 -1.8170430e-02
  vertex 7.8121450e-01 -2.6000000e-01 -2.3074354e-02
  vertex 7.9789700e-01 -2.6000000e-01 -2.2104845e-02
 endloop
endfacet
facet normal 0.000000e+00 -1.000000e+00 0.000000e+00
 outer loop
  vertex 7.6617285e-01 -2.6000000e-01 -3.4420547e-01
  vertex 7.8121450e-01 -2.6000000e-01 -3.3692566e-01
  vertex 7.6568274e-01 -2.6000000e-01 -3.3922955e-01
 endloop
endfacet
facet normal 0.000000e+00 -1.000000e+00 0.000000e+00
 outer loop
  vertex 7.9789700e-01 -2.6000000e-01 -3.3789514e-01
  vertex 8.1122940e-01 -2.6000000e-01 -3.2782070e-01
  vertex 7.9644556e-01 -2.6000000e-01 -3.3311044e-01
 endloop
endfacet
facet normal 0.000000e+00 -1.000000e+00 0.000000e+00
 outer loop
  vertex 7.5000000e-01 -2.6000000e-01 -2.0000000e-02
  vertex 7.5000000e-01 -2.6000000e-01 -1.5000000e-02
  vertex -7.5000000e-01 -2.6000000e-01 -2.0000000e-02
 endloop
endfacet
facet normal 0.000000e+00 -1.000000e+00 0.000000e+00
 outer loop
  vertex -8.3889124e-01 -2.6000000e-01 -4.6964863e-02
  vertex -8.2542346e-01 -2.6000000e-01 -3.8892597e-02
  vertex -8.2778046e-01 -2.6000000e-01 -3.4482994e-02
 endloop
endfacet
facet normal 0.000000e+00 -1.000000e+00 -0.000000e+00
 outer loop
  vertex 7.5000000e-01 -2.6000000e-01 -3.4000000e-01
  vertex -7.5000000e-01 -2.6000000e-01 -3.4500000e-01
  vertex 7.5000000e-01 -2.6000000e-01 -3.4500000e-01
 endloop
endfacet
facet normal 0.000000e+00 -1.000000e+00 0.000000e+00
 outer loop
  vertex 7.5000000e-01 -2.6000000e-01 -2.0000000e-02
  vertex 7.6617285e-01 -2.6000000e-01 -1.5794519e-02
  vertex 7.5000000e-01 -2.6000000e-01 -1.5000000e-02
 endloop
endfacet
facet normal 0.000000e+00 -1.000000e+00 0.000000e+00
 outer loop
  vertex 7.5000000e-01 -2.6000000e-01 -2.0000000e-02
  vertex 7.6568274e-01 -2.6000000e-01 -2.0770443e-02
  vertex 7.6617285e-01 -2.6000000e-01 -1.5794519e-02
 endloop
endfacet
facet normal 0.000000e+00 -1.000000e+00 -0.000000e+00
 outer loop
  vertex 7.6617285e-01 -2.6000000e-01 -1.5794519e-02
  vertex 7.6568274e-01 -2.6000000e-01 -2.0770443e-02
  vertex 7.8218990e-01 -2.6000000e-01 -1.8170430e-02
 endloop
endfacet
facet normal 0.000000e+00 -1.000000e+00 0.000000e+00
 outer loop
  vertex 7.8218990e-01 -2.6000000e-01 -1.8170430e-02
  vertex 7.6568274e-01 -2.6000000e-01 -2.0770443e-02
  vertex 7.8121450e-01 -2.6000000e-01 -2.3074354e-02
 endloop
endfacet
facet normal 0.000000e+00 -1.000000e+00 0.000000e+00
 outer loop
  vertex 7.9789700e-01 -2.6000000e-01 -2.2104845e-02
  vertex 7.8121450e-01 -2.6000000e-01 -2.3074354e-02
  vertex 7.9644556e-01 -2.6000000e-01 -2.6889545e-02
 endloop
endfacet
facet normal -0.000000e+00 -1.000000e+00 0.000000e+00
 outer loop
  vertex 8.1314276e-01 -2.6000000e-01 -2.7559875e-02
  vertex 7.9644556e-01 -2.6000000e-01 -2.6889545e-02
  vertex 8.1122940e-01 -2.6000000e-01 -3.2179276e-02
 endloop
endfacet
facet normal -0.000000e+00 -1.000000e+00 0.000000e+00
 outer loop
  vertex 8.2778046e-01 -2.6000000e-01 -3.4482994e-02
  vertex 8.1122940e-01 -2.6000000e-01 -3.2179276e-02
  vertex 8.2542346e-01 -2.6000000e-01 -3.8892597e-02
 endloop
endfacet
facet normal -0.000000e+00 -1.000000e+00 0.000000e+00
 outer loop
  vertex 8.4166907e-01 -2.6000000e-01 -4.2807514e-02
  vertex 8.2542346e-01 -2.6000000e-01 -3.8892597e-02
  vertex 8.3889124e-01 -2.6000000e-01 -4.6964863e-02
 endloop
endfacet
facet normal -0.000000e+00 -1.000000e+00 0.000000e+00
 outer loop
  vertex 8.5467487e-01 -2.6000000e-01 -5.2453278e-02
  vertex 8.3889124e-01 -2.6000000e-01 -4.6964863e-02
  vertex 8.5150290e-01 -2.6000000e-01 -5.6318330e-02
 endloop
endfacet
facet normal -0.000000e+00 -1.000000e+00 0.000000e+00
 outer loop
  vertex 8.6667260e-01 -2.6000000e-01 -6.3327380e-02
  vertex 8.5150290e-01 -2.6000000e-01 -5.6318330e-02
  vertex 8.6313710e-01 -2.6000000e-01 -6.6862915e-02
 endloop
endfacet
facet normal -0.000000e+00 -1.000000e+00 0.000000e+00
 outer loop
  vertex 8.7754675e-01 -2.6000000e-01 -7.5325110e-02
  vertex 8.6313710e-01 -2.6000000e-01 -6.6862915e-02
  vertex 8.7368164e-01 -2.6000000e-01 -7.8497080e-02
 endloop
endfacet
facet normal -0.000000e+00 -1.000000e+00 0.000000e+00
 outer loop
  vertex 8.8719250e-01 -2.6000000e-01 -8.8330910e-02
  vertex 8.7368164e-01 -2.6000000e-01 -7.8497080e-02
  vertex 8.8303510e-01 -2.6000000e-01 -9.1108765e-02
 endloop
endfacet
facet normal -0.000000e+00 -1.000000e+00 0.000000e+00
 outer loop
  vertex 8.9551697e-01 -2.6000000e-01 -1.0221954e-01
  vertex 8.8303510e-01 -2.6000000e-01 -9.1108765e-02
  vertex 8.9110736e-01 -2.6000000e-01 -1.0457652e-01
 endloop
endfacet
facet normal -0.000000e+00 -1.000000e+00 0.000000e+00
 outer loop
  vertex 9.0244010e-01 -2.6000000e-01 -1.1685723e-01
  vertex 8.9110736e-01 -2.6000000e-01 -1.0457652e-01
  vertex 8.9782074e-01 -2.6000000e-01 -1.1877065e-01
 endloop
endfacet
facet normal 0.000000e+00 -1.000000e+00 0.000000e+00
 outer loop
  vertex 9.0311050e-01 -2.6000000e-01 -1.3355446e-01
  vertex 9.0692560e-01 -2.6000000e-01 -1.4878555e-01
  vertex 9.1182960e-01 -2.6000000e-01 -1.4781010e-01
 endloop
endfacet
facet normal -0.000000e+00 -1.000000e+00 0.000000e+00
 outer loop
  vertex 9.0789514e-01 -2.6000000e-01 -1.3210303e-01
  vertex 8.9782074e-01 -2.6000000e-01 -1.1877065e-01
  vertex 9.0311050e-01 -2.6000000e-01 -1.3355446e-01
 endloop
endfacet
facet normal 0.000000e+00 -1.000000e+00 0.000000e+00
 outer loop
  vertex 9.0692560e-01 -2.6000000e-01 -1.4878555e-01
  vertex 9.0922955e-01 -2.6000000e-01 -1.6431725e-01
  vertex 9.1420550e-01 -2.6000000e-01 -1.6382716e-01
 endloop
endfacet
facet normal 0.000000e+00 -1.000000e+00 0.000000e+00
 outer loop
  vertex 9.0922955e-01 -2.6000000e-01 -1.6431725e-01
  vertex 9.1000000e-01 -2.6000000e-01 -1.8000000e-01
  vertex 9.1500000e-01 -2.6000000e-01 -1.8000000e-01
 endloop
endfacet
facet normal 0.000000e+00 -1.000000e+00 -0.000000e+00
 outer loop
  vertex 9.1000000e-01 -2.6000000e-01 -1.8000000e-01
  vertex 9.0922955e-01 -2.6000000e-01 -1.9568275e-01
  vertex 9.1420550e-01 -2.6000000e-01 -1.9617284e-01
 endloop
endfacet
facet normal 0.000000e+00 -1.000000e+00 -0.000000e+00
 outer loop
  vertex 9.0922955e-01 -2.6000000e-01 -1.9568275e-01
  vertex 9.0692560e-01 -2.6000000e-01 -2.1121445e-01
  vertex 9.1182960e-01 -2.6000000e-01 -2.1218990e-01
 endloop
endfacet
facet normal 0.000000e+00 -1.000000e+00 -0.000000e+00
 outer loop
  vertex 9.0692560e-01 -2.6000000e-01 -2.1121445e-01
  vertex 9.0311050e-01 -2.6000000e-01 -2.2644556e-01
  vertex 9.0789514e-01 -2.6000000e-01 -2.2789697e-01
 endloop
endfacet
facet normal 0.000000e+00 -1.000000e+00 0.000000e+00
 outer loop
  vertex 8.9782074e-01 -2.6000000e-01 -2.4122935e-01
  vertex 9.0244010e-01 -2.6000000e-01 -2.4314276e-01
  vertex 9.0311050e-01 -2.6000000e-01 -2.2644556e-01
 endloop
endfacet
facet normal 0.000000e+00 -1.000000e+00 0.000000e+00
 outer loop
  vertex 8.9110736e-01 -2.6000000e-01 -2.5542350e-01
  vertex 8.9551697e-01 -2.6000000e-01 -2.5778046e-01
  vertex 8.9782074e-01 -2.6000000e-01 -2.4122935e-01
 endloop
endfacet
facet normal 0.000000e+00 -1.000000e+00 0.000000e+00
 outer loop
  vertex 8.8303510e-01 -2.6000000e-01 -2.6889124e-01
  vertex 8.8719250e-01 -2.6000000e-01 -2.7166910e-01
  vertex 8.9110736e-01 -2.6000000e-01 -2.5542350e-01
 endloop
endfacet
facet normal 0.000000e+00 -1.000000e+00 0.000000e+00
 outer loop
  vertex 8.7368164e-01 -2.6000000e-01 -2.8150293e-01
  vertex 8.7754675e-01 -2.6000000e-01 -2.8467490e-01
  vertex 8.8303510e-01 -2.6000000e-01 -2.6889124e-01
 endloop
endfacet
facet normal 0.000000e+00 -1.000000e+00 0.000000e+00
 outer loop
  vertex 8.5467487e-01 -2.6000000e-01 -3.0754672e-01
  vertex 8.6313710e-01 -2.6000000e-01 -2.9313710e-01
  vertex 8.5150290e-01 -2.6000000e-01 -3.0368167e-01
 endloop
endfacet
facet normal 0.000000e+00 -1.000000e+00 0.000000e+00
 outer loop
  vertex 8.6313710e-01 -2.6000000e-01 -2.9313710e-01
  vertex 8.6667260e-01 -2.6000000e-01 -2.9667260e-01
  vertex 8.7368164e-01 -2.6000000e-01 -2.8150293e-01
 endloop
endfacet
facet normal 0.000000e+00 -1.000000e+00 0.000000e+00
 outer loop
  vertex 8.4166907e-01 -2.6000000e-01 -3.1719250e-01
  vertex 8.5150290e-01 -2.6000000e-01 -3.0368167e-01
  vertex 8.3889124e-01 -2.6000000e-01 -3.1303513e-01
 endloop
endfacet
facet normal 0.000000e+00 -1.000000e+00 0.000000e+00
 outer loop
  vertex 8.2778046e-01 -2.6000000e-01 -3.2551700e-01
  vertex 8.3889124e-01 -2.6000000e-01 -3.1303513e-01
  vertex 8.2542346e-01 -2.6000000e-01 -3.2110740e-01
 endloop
endfacet
facet normal 0.000000e+00 -1.000000e+00 0.000000e+00
 outer loop
  vertex 7.8121450e-01 -2.6000000e-01 -3.3692566e-01
  vertex 7.8218990e-01 -2.6000000e-01 -3.4182956e-01
  vertex 7.9644556e-01 -2.6000000e-01 -3.3311044e-01
 endloop
endfacet
facet normal -0.000000e+00 -1.000000e+00 0.000000e+00
 outer loop
  vertex 7.5000000e-01 -2.6000000e-01 -1.5000000e-02
  vertex -7.5000000e-01 -2.6000000e-01 -1.5000000e-02
  vertex -7.5000000e-01 -2.6000000e-01 -2.0000000e-02
 endloop
endfacet
facet normal 0.000000e+00 -1.000000e+00 0.000000e+00
 outer loop
  vertex -7.5000000e-01 -2.6000000e-01 -2.0000000e-02
  vertex -7.5000000e-01 -2.6000000e-01 -1.5000000e-02
  vertex -7.6617285e-01 -2.6000000e-01 -1.5794519e-02
 endloop
endfacet
facet normal 0.000000e+00 -1.000000e+00 0.000000e+00
 outer loop
  vertex -7.6617285e-01 -2.6000000e-01 -3.4420547e-01
  vertex -7.5000000e-01 -2.6000000e-01 -3.4000000e-01
  vertex -7.6568274e-01 -2.6000000e-01 -3.3922955e-01
 endloop
endfacet
facet normal 0.000000e+00 -1.000000e+00 0.000000e+00
 outer loop
  vertex -7.8218990e-01 -2.6000000e-01 -3.4182956e-01
  vertex -7.6617285e-01 -2.6000000e-01 -3.4420547e-01
  vertex -7.6568274e-01 -2.6000000e-01 -3.3922955e-01
 endloop
endfacet
facet normal 0.000000e+00 -1.000000e+00 -0.000000e+00
 outer loop
  vertex -7.8121450e-01 -2.6000000e-01 -3.3692566e-01
  vertex -7.8218990e-01 -2.6000000e-01 -3.4182956e-01
  vertex -7.6568274e-01 -2.6000000e-01 -3.3922955e-01
 endloop
endfacet
facet normal 0.000000e+00 -1.000000e+00 -0.000000e+00
 outer loop
  vertex -7.9644556e-01 -2.6000000e-01 -3.3311044e-01
  vertex -7.9789700e-01 -2.6000000e-01 -3.3789514e-01
  vertex -7.8121450e-01 -2.6000000e-01 -3.3692566e-01
 endloop
endfacet
facet normal 0.000000e+00 -1.000000e+00 -0.000000e+00
 outer loop
  vertex -8.1122940e-01 -2.6000000e-01 -3.2782070e-01
  vertex -8.1314276e-01 -2.6000000e-01 -3.3244010e-01
  vertex -7.9644556e-01 -2.6000000e-01 -3.3311044e-01
 endloop
endfacet
facet normal 0.000000e+00 -1.000000e+00 -0.000000e+00
 outer loop
  vertex -8.2542346e-01 -2.6000000e-01 -3.2110740e-01
  vertex -8.2778046e-01 -2.6000000e-01 -3.2551700e-01
  vertex -8.1122940e-01 -2.6000000e-01 -3.2782070e-01
 endloop
endfacet
facet normal 0.000000e+00 -1.000000e+00 -0.000000e+00
 outer loop
  vertex -8.3889124e-01 -2.6000000e-01 -3.1303513e-01
  vertex -8.4166907e-01 -2.6000000e-01 -3.1719250e-01
  vertex -8.2542346e-01 -2.6000000e-01 -3.2110740e-01
 endloop
endfacet
facet normal 0.000000e+00 -1.000000e+00 -0.000000e+00
 outer loop
  vertex -8.5150290e-01 -2.6000000e-01 -3.0368167e-01
  vertex -8.5467487e-01 -2.6000000e-01 -3.0754672e-01
  vertex -8.3889124e-01 -2.6000000e-01 -3.1303513e-01
 endloop
endfacet
facet normal 0.000000e+00 -1.000000e+00 -0.000000e+00
 outer loop
  vertex -8.6313710e-01 -2.6000000e-01 -2.9313710e-01
  vertex -8.6667260e-01 -2.6000000e-01 -2.9667260e-01
  vertex -8.5150290e-01 -2.6000000e-01 -3.0368167e-01
 endloop
endfacet
facet normal 0.000000e+00 -1.000000e+00 0.000000e+00
 outer loop
  vertex -8.8719250e-01 -2.6000000e-01 -2.7166910e-01
  vertex -8.7368164e-01 -2.6000000e-01 -2.8150293e-01
  vertex -8.8303510e-01 -2.6000000e-01 -2.6889124e-01
 endloop
endfacet
facet normal 0.000000e+00 -1.000000e+00 -0.000000e+00
 outer loop
  vertex -8.7368164e-01 -2.6000000e-01 -2.8150293e-01
  vertex -8.7754675e-01 -2.6000000e-01 -2.8467490e-01
  vertex -8.6313710e-01 -2.6000000e-01 -2.9313710e-01
 endloop
endfacet
facet normal 0.000000e+00 -1.000000e+00 0.000000e+00
 outer loop
  vertex -8.9551697e-01 -2.6000000e-01 -2.5778046e-01
  vertex -8.8303510e-01 -2.6000000e-01 -2.6889124e-01
  vertex -8.9110736e-01 -2.6000000e-01 -2.5542350e-01
 endloop
endfacet
facet normal 0.000000e+00 -1.000000e+00 0.000000e+00
 outer loop
  vertex -9.0244010e-01 -2.6000000e-01 -2.4314276e-01
  vertex -8.9110736e-01 -2.6000000e-01 -2.5542350e-01
  vertex -8.9782074e-01 -2.6000000e-01 -2.4122935e-01
 endloop
endfacet
facet normal 0.000000e+00 -1.000000e+00 0.000000e+00
 outer loop
  vertex -9.0789514e-01 -2.6000000e-01 -2.2789697e-01
  vertex -8.9782074e-01 -2.6000000e-01 -2.4122935e-01
  vertex -9.0311050e-01 -2.6000000e-01 -2.2644556e-01
 endloop
endfacet
facet normal -0.000000e+00 -1.000000e+00 -0.000000e+00
 outer loop
  vertex -9.1000000e-01 -2.6000000e-01 -1.8000000e-01
  vertex -9.1500000e-01 -2.6000000e-01 -1.8000000e-01
  vertex -9.0922955e-01 -2.6000000e-01 -1.9568275e-01
 endloop
endfacet
facet normal -0.000000e+00 -1.000000e+00 0.000000e+00
 outer loop
  vertex -9.0922955e-01 -2.6000000e-01 -1.6431725e-01
  vertex -9.1420550e-01 -2.6000000e-01 -1.6382716e-01
  vertex -9.1000000e-01 -2.6000000e-01 -1.8000000e-01
 endloop
endfacet
facet normal -0.000000e+00 -1.000000e+00 0.000000e+00
 outer loop
  vertex -9.0692560e-01 -2.6000000e-01 -1.4878555e-01
  vertex -9.1182960e-01 -2.6000000e-01 -1.4781010e-01
  vertex -9.0922955e-01 -2.6000000e-01 -1.6431725e-01
 endloop
endfacet
facet normal -0.000000e+00 -1.000000e+00 0.000000e+00
 outer loop
  vertex -9.0311050e-01 -2.6000000e-01 -1.3355446e-01
  vertex -9.0789514e-01 -2.6000000e-01 -1.3210303e-01
  vertex -9.0692560e-01 -2.6000000e-01 -1.4878555e-01
 endloop
endfacet
facet normal -0.000000e+00 -1.000000e+00 0.000000e+00
 outer loop
  vertex -8.9782074e-01 -2.6000000e-01 -1.1877065e-01
  vertex -9.0244010e-01 -2.6000000e-01 -1.1685723e-01
  vertex -9.0311050e-01 -2.6000000e-01 -1.3355446e-01
 endloop
endfacet
facet normal 0.000000e+00 -1.000000e+00 -0.000000e+00
 outer loop
  vertex -8.9551697e-01 -2.6000000e-01 -1.0221954e-01
  vertex -8.9782074e-01 -2.6000000e-01 -1.1877065e-01
  vertex -8.9110736e-01 -2.6000000e-01 -1.0457652e-01
 endloop
endfacet
facet normal 0.000000e+00 -1.000000e+00 -0.000000e+00
 outer loop
  vertex -8.8719250e-01 -2.6000000e-01 -8.8330910e-02
  vertex -8.9110736e-01 -2.6000000e-01 -1.0457652e-01
  vertex -8.8303510e-01 -2.6000000e-01 -9.1108765e-02
 endloop
endfacet
facet normal 0.000000e+00 -1.000000e+00 -0.000000e+00
 outer loop
  vertex -8.7754675e-01 -2.6000000e-01 -7.5325110e-02
  vertex -8.8303510e-01 -2.6000000e-01 -9.1108765e-02
  vertex -8.7368164e-01 -2.6000000e-01 -7.8497080e-02
 endloop
endfacet
facet normal 0.000000e+00 -1.000000e+00 -0.000000e+00
 outer loop
  vertex -8.6667260e-01 -2.6000000e-01 -6.3327380e-02
  vertex -8.7368164e-01 -2.6000000e-01 -7.8497080e-02
  vertex -8.6313710e-01 -2.6000000e-01 -6.6862915e-02
 endloop
endfacet
facet normal 0.000000e+00 -1.000000e+00 0.000000e+00
 outer loop
  vertex -8.5150290e-01 -2.6000000e-01 -5.6318330e-02
  vertex -8.3889124e-01 -2.6000000e-01 -4.6964863e-02
  vertex -8.4166907e-01 -2.6000000e-01 -4.2807514e-02
 endloop
endfacet
facet normal 0.000000e+00 -1.000000e+00 -0.000000e+00
 outer loop
  vertex -8.5467487e-01 -2.6000000e-01 -5.2453278e-02
  vertex -8.6313710e-01 -2.6000000e-01 -6.6862915e-02
  vertex -8.5150290e-01 -2.6000000e-01 -5.6318330e-02
 endloop
endfacet
facet normal 0.000000e+00 -1.000000e+00 0.000000e+00
 outer loop
  vertex -8.2542346e-01 -2.6000000e-01 -3.8892597e-02
  vertex -8.1314276e-01 -2.6000000e-01 -2.7559875e-02
  vertex -8.2778046e-01 -2.6000000e-01 -3.4482994e-02
 endloop
endfacet
facet normal -0.000000e+00 -1.000000e+00 0.000000e+00
 outer loop
  vertex -7.9644556e-01 -2.6000000e-01 -2.6889545e-02
  vertex -7.9789700e-01 -2.6000000e-01 -2.2104845e-02
  vertex -8.1122940e-01 -2.6000000e-01 -3.2179276e-02
 endloop
endfacet
facet normal 0.000000e+00 -1.000000e+00 0.000000e+00
 outer loop
  vertex -7.6617285e-01 -2.6000000e-01 -1.5794519e-02
  vertex -7.8218990e-01 -2.6000000e-01 -1.8170430e-02
  vertex -7.8121450e-01 -2.6000000e-01 -2.3074354e-02
 endloop
endfacet
facet normal 0.000000e+00 -1.000000e+00 0.000000e+00
 outer loop
  vertex -9.1420550e-01 -2.6000000e-01 -1.9617284e-01
  vertex -9.0692560e-01 -2.6000000e-01 -2.1121445e-01
  vertex -9.0922955e-01 -2.6000000e-01 -1.9568275e-01
 endloop
endfacet
facet normal 0.000000e+00 -1.000000e+00 0.000000e+00
 outer loop
  vertex 8.1122940e-01 -2.6000000e-01 -3.2782070e-01
  vertex 8.1314276e-01 -2.6000000e-01 -3.3244010e-01
  vertex 8.2542346e-01 -2.6000000e-01 -3.2110740e-01
 endloop
endfacet
facet normal 0.000000e+00 -1.000000e+00 0.000000e+00
 outer loop
  vertex -9.1182960e-01 -2.6000000e-01 -2.1218990e-01
  vertex -9.0311050e-01 -2.6000000e-01 -2.2644556e-01
  vertex -9.0692560e-01 -2.6000000e-01 -2.1121445e-01
 endloop
endfacet
facet normal 0.000000e+00 0.000000e+00 -1.000000e+00
 outer loop
  vertex 7.5000000e-01 -2.6000000e-01 -2.0000000e-02
  vertex -7.5000000e-01 -2.6000000e-01 -2.0000000e-02
  vertex 7.5000000e-01 -7.0000000e-02 -2.0000000e-02
 endloop
endfacet
facet normal 0.000000e+00 0.000000e+00 -1.000000e+00
 outer loop
  vertex -7.5000000e-01 -2.6000000e-01 -2.0000000e-02
  vertex -7.5000000e-01 -7.0000000e-02 -2.0000000e-02
  vertex 7.5000000e-01 -7.0000000e-02 -2.0000000e-02
 endloop
endfacet
facet normal 4.906764e-02 0.000000e+00 -9.987955e-01
 outer loop
  vertex -7.5000000e-01 -2.6000000e-01 -2.0000000e-02
  vertex -7.6568274e-01 -2.6000000e-01 -2.0770443e-02
  vertex -7.5000000e-01 -7.0000000e-02 -2.0000000e-02
 endloop
endfacet
facet normal 1.467300e-01 0.000000e+00 -9.891766e-01
 outer loop
  vertex -7.6568274e-01 -2.6000000e-01 -2.0770443e-02
  vertex -7.8121450e-01 -2.6000000e-01 -2.3074354e-02
  vertex -7.6568274e-01 -7.0000000e-02 -2.0770443e-02
 endloop
endfacet
facet normal 1.467300e-01 0.000000e+00 -9.891766e-01
 outer loop
  vertex -7.8121450e-01 -2.6000000e-01 -2.3074354e-02
  vertex -7.8121450e-01 -7.0000000e-02 -2.3074354e-02
  vertex -7.6568274e-01 -7.0000000e-02 -2.0770443e-02
 endloop
endfacet
facet normal 2.429807e-01 0.000000e+00 -9.700311e-01
 outer loop
  vertex -7.9644556e-01 -2.6000000e-01 -2.6889545e-02
  vertex -7.9644556e-01 -7.0000000e-02 -2.6889545e-02
  vertex -7.8121450e-01 -7.0000000e-02 -2.3074354e-02
 endloop
endfacet
facet normal 3.368892e-01 0.000000e+00 -9.415443e-01
 outer loop
  vertex -8.1122940e-01 -2.6000000e-01 -3.2179276e-02
  vertex -7.9644556e-01 -7.0000000e-02 -2.6889545e-02
  vertex -7.9644556e-01 -2.6000000e-01 -2.6889545e-02
 endloop
endfacet
facet normal 4.275567e-01 0.000000e+00 -9.039885e-01
 outer loop
  vertex -8.2542346e-01 -2.6000000e-01 -3.8892597e-02
  vertex -8.1122940e-01 -7.0000000e-02 -3.2179276e-02
  vertex -8.1122940e-01 -2.6000000e-01 -3.2179276e-02
 endloop
endfacet
facet normal 5.141022e-01 0.000000e+00 -8.577289e-01
 outer loop
  vertex -8.3889124e-01 -2.6000000e-01 -4.6964863e-02
  vertex -8.2542346e-01 -7.0000000e-02 -3.8892597e-02
  vertex -8.2542346e-01 -2.6000000e-01 -3.8892597e-02
 endloop
endfacet
facet normal 5.141022e-01 0.000000e+00 -8.577289e-01
 outer loop
  vertex -8.3889124e-01 -7.0000000e-02 -4.6964863e-02
  vertex -8.2542346e-01 -7.0000000e-02 -3.8892597e-02
  vertex -8.3889124e-01 -2.6000000e-01 -4.6964863e-02
 endloop
endfacet
facet normal 5.957002e-01 0.000000e+00 -8.032068e-01
 outer loop
  vertex -8.5150290e-01 -7.0000000e-02 -5.6318330e-02
  vertex -8.3889124e-01 -7.0000000e-02 -4.6964863e-02
  vertex -8.5150290e-01 -2.6000000e-01 -5.6318330e-02
 endloop
endfacet
facet normal 6.715576e-01 0.000000e+00 -7.409524e-01
 outer loop
  vertex -8.5150290e-01 -7.0000000e-02 -5.6318330e-02
  vertex -8.5150290e-01 -2.6000000e-01 -5.6318330e-02
  vertex -8.6313710e-01 -2.6000000e-01 -6.6862915e-02
 endloop
endfacet
facet normal 7.409528e-01 0.000000e+00 -6.715571e-01
 outer loop
  vertex -8.6313710e-01 -7.0000000e-02 -6.6862915e-02
  vertex -8.6313710e-01 -2.6000000e-01 -6.6862915e-02
  vertex -8.7368164e-01 -2.6000000e-01 -7.8497080e-02
 endloop
endfacet
facet normal 7.409528e-01 0.000000e+00 -6.715571e-01
 outer loop
  vertex -8.6313710e-01 -7.0000000e-02 -6.6862915e-02
  vertex -8.7368164e-01 -2.6000000e-01 -7.8497080e-02
  vertex -8.7368164e-01 -7.0000000e-02 -7.8497080e-02
 endloop
endfacet
facet normal 8.032076e-01 0.000000e+00 -5.956992e-01
 outer loop
  vertex -8.7368164e-01 -7.0000000e-02 -7.8497080e-02
  vertex -8.8303510e-01 -2.6000000e-01 -9.1108765e-02
  vertex -8.8303510e-01 -7.0000000e-02 -9.1108765e-02
 endloop
endfacet
facet normal 8.577287e-01 0.000000e+00 -5.141027e-01
 outer loop
  vertex -8.8303510e-01 -2.6000000e-01 -9.1108765e-02
  vertex -8.9110736e-01 -2.6000000e-01 -1.0457652e-01
  vertex -8.8303510e-01 -7.0000000e-02 -9.1108765e-02
 endloop
endfacet
facet normal 9.039879e-01 0.000000e+00 -4.275580e-01
 outer loop
  vertex -8.9110736e-01 -2.6000000e-01 -1.0457652e-01
  vertex -8.9782074e-01 -2.6000000e-01 -1.1877065e-01
  vertex -8.9110736e-01 -7.0000000e-02 -1.0457652e-01
 endloop
endfacet
facet normal 9.039879e-01 0.000000e+00 -4.275580e-01
 outer loop
  vertex -8.9782074e-01 -2.6000000e-01 -1.1877065e-01
  vertex -8.9782074e-01 -7.0000000e-02 -1.1877065e-01
  vertex -8.9110736e-01 -7.0000000e-02 -1.0457652e-01
 endloop
endfacet
facet normal 9.415435e-01 0.000000e+00 -3.368914e-01
 outer loop
  vertex -9.0311050e-01 -2.6000000e-01 -1.3355446e-01
  vertex -9.0311050e-01 -7.0000000e-02 -1.3355446e-01
  vertex -8.9782074e-01 -7.0000000e-02 -1.1877065e-01
 endloop
endfacet
facet normal 9.700326e-01 0.000000e+00 -2.429748e-01
 outer loop
  vertex -9.0692560e-01 -2.6000000e-01 -1.4878555e-01
  vertex -9.0311050e-01 -7.0000000e-02 -1.3355446e-01
  vertex -9.0311050e-01 -2.6000000e-01 -1.3355446e-01
 endloop
endfacet
facet normal 9.891761e-01 0.000000e+00 -1.467330e-01
 outer loop
  vertex -9.0922955e-01 -2.6000000e-01 -1.6431725e-01
  vertex -9.0692560e-01 -7.0000000e-02 -1.4878555e-01
  vertex -9.0692560e-01 -2.6000000e-01 -1.4878555e-01
 endloop
endfacet
facet normal 9.891761e-01 0.000000e+00 -1.467330e-01
 outer loop
  vertex -9.0922955e-01 -7.0000000e-02 -1.6431725e-01
  vertex -9.0692560e-01 -7.0000000e-02 -1.4878555e-01
  vertex -9.0922955e-01 -2.6000000e-01 -1.6431725e-01
 endloop
endfacet
facet normal 9.987954e-01 0.000000e+00 -4.906805e-02
 outer loop
  vertex -9.1000000e-01 -7.0000000e-02 -1.8000000e-01
  vertex -9.0922955e-01 -7.0000000e-02 -1.6431725e-01
  vertex -9.1000000e-01 -2.6000000e-01 -1.8000000e-01
 endloop
endfacet
facet normal 9.987954e-01 0.000000e+00 4.906805e-02
 outer loop
  vertex -9.1000000e-01 -7.0000000e-02 -1.8000000e-01
  vertex -9.1000000e-01 -2.6000000e-01 -1.8000000e-01
  vertex -9.0922955e-01 -2.6000000e-01 -1.9568275e-01
 endloop
endfacet
facet normal 9.891761e-01 0.000000e+00 1.467330e-01
 outer loop
  vertex -9.0922955e-01 -7.0000000e-02 -1.9568275e-01
  vertex -9.0922955e-01 -2.6000000e-01 -1.9568275e-01
  vertex -9.0692560e-01 -2.6000000e-01 -2.1121445e-01
 endloop
endfacet
facet normal 9.891761e-01 0.000000e+00 1.467330e-01
 outer loop
  vertex -9.0922955e-01 -7.0000000e-02 -1.9568275e-01
  vertex -9.0692560e-01 -2.6000000e-01 -2.1121445e-01
  vertex -9.0692560e-01 -7.0000000e-02 -2.1121445e-01
 endloop
endfacet
facet normal 9.700327e-01 0.000000e+00 2.429745e-01
 outer loop
  vertex -9.0692560e-01 -7.0000000e-02 -2.1121445e-01
  vertex -9.0311050e-01 -2.6000000e-01 -2.2644556e-01
  vertex -9.0311050e-01 -7.0000000e-02 -2.2644556e-01
 endloop
endfacet
facet normal 9.415434e-01 -0.000000e+00 3.368918e-01
 outer loop
  vertex -9.0311050e-01 -2.6000000e-01 -2.2644556e-01
  vertex -8.9782074e-01 -2.6000000e-01 -2.4122935e-01
  vertex -9.0311050e-01 -7.0000000e-02 -2.2644556e-01
 endloop
endfacet
facet normal 9.039881e-01 -0.000000e+00 4.275575e-01
 outer loop
  vertex -8.9782074e-01 -2.6000000e-01 -2.4122935e-01
  vertex -8.9110736e-01 -2.6000000e-01 -2.5542350e-01
  vertex -8.9782074e-01 -7.0000000e-02 -2.4122935e-01
 endloop
endfacet
facet normal 9.039881e-01 -0.000000e+00 4.275575e-01
 outer loop
  vertex -8.9110736e-01 -2.6000000e-01 -2.5542350e-01
  vertex -8.9110736e-01 -7.0000000e-02 -2.5542350e-01
  vertex -8.9782074e-01 -7.0000000e-02 -2.4122935e-01
 endloop
endfacet
facet normal 8.577284e-01 -0.000000e+00 5.141031e-01
 outer loop
  vertex -8.8303510e-01 -2.6000000e-01 -2.6889124e-01
  vertex -8.8303510e-01 -7.0000000e-02 -2.6889124e-01
  vertex -8.9110736e-01 -7.0000000e-02 -2.5542350e-01
 endloop
endfacet
facet normal 8.032077e-01 0.000000e+00 5.956990e-01
 outer loop
  vertex -8.7368164e-01 -2.6000000e-01 -2.8150293e-01
  vertex -8.8303510e-01 -7.0000000e-02 -2.6889124e-01
  vertex -8.8303510e-01 -2.6000000e-01 -2.6889124e-01
 endloop
endfacet
facet normal 7.409529e-01 0.000000e+00 6.715570e-01
 outer loop
  vertex -8.6313710e-01 -2.6000000e-01 -2.9313710e-01
  vertex -8.7368164e-01 -7.0000000e-02 -2.8150293e-01
  vertex -8.7368164e-01 -2.6000000e-01 -2.8150293e-01
 endloop
endfacet
facet normal 7.409529e-01 0.000000e+00 6.715570e-01
 outer loop
  vertex -8.6313710e-01 -7.0000000e-02 -2.9313710e-01
  vertex -8.7368164e-01 -7.0000000e-02 -2.8150293e-01
  vertex -8.6313710e-01 -2.6000000e-01 -2.9313710e-01
 endloop
endfacet
facet normal 4.906808e-02 0.000000e+00 9.987954e-01
 outer loop
  vertex -7.6568274e-01 -7.0000000e-02 -3.3922955e-01
  vertex -7.5000000e-01 -2.6000000e-01 -3.4000000e-01
  vertex -7.5000000e-01 -7.0000000e-02 -3.4000000e-01
 endloop
endfacet
facet normal 4.906808e-02 -0.000000e+00 9.987954e-01
 outer loop
  vertex -7.6568274e-01 -2.6000000e-01 -3.3922955e-01
  vertex -7.5000000e-01 -2.6000000e-01 -3.4000000e-01
  vertex -7.6568274e-01 -7.0000000e-02 -3.3922955e-01
 endloop
endfacet
facet normal 1.467287e-01 -0.000000e+00 9.891768e-01
 outer loop
  vertex -7.6568274e-01 -2.6000000e-01 -3.3922955e-01
  vertex -7.6568274e-01 -7.0000000e-02 -3.3922955e-01
  vertex -7.8121450e-01 -7.0000000e-02 -3.3692566e-01
 endloop
endfacet
facet normal 1.467287e-01 0.000000e+00 9.891768e-01
 outer loop
  vertex -7.6568274e-01 -2.6000000e-01 -3.3922955e-01
  vertex -7.8121450e-01 -7.0000000e-02 -3.3692566e-01
  vertex -7.8121450e-01 -2.6000000e-01 -3.3692566e-01
 endloop
endfacet
facet normal 2.429825e-01 0.000000e+00 9.700307e-01
 outer loop
  vertex -7.8121450e-01 -7.0000000e-02 -3.3692566e-01
  vertex -7.9644556e-01 -7.0000000e-02 -3.3311044e-01
  vertex -7.8121450e-01 -2.6000000e-01 -3.3692566e-01
 endloop
endfacet
facet normal 2.429825e-01 0.000000e+00 9.700307e-01
 outer loop
  vertex -7.9644556e-01 -7.0000000e-02 -3.3311044e-01
  vertex -7.9644556e-01 -2.6000000e-01 -3.3311044e-01
  vertex -7.8121450e-01 -2.6000000e-01 -3.3692566e-01
 endloop
endfacet
facet normal 3.368897e-01 0.000000e+00 9.415441e-01
 outer loop
  vertex -8.1122940e-01 -7.0000000e-02 -3.2782070e-01
  vertex -7.9644556e-01 -2.6000000e-01 -3.3311044e-01
  vertex -7.9644556e-01 -7.0000000e-02 -3.3311044e-01
 endloop
endfacet
facet normal 3.368897e-01 -0.000000e+00 9.415441e-01
 outer loop
  vertex -8.1122940e-01 -2.6000000e-01 -3.2782070e-01
  vertex -7.9644556e-01 -2.6000000e-01 -3.3311044e-01
  vertex -8.1122940e-01 -7.0000000e-02 -3.2782070e-01
 endloop
endfacet
facet normal 4.275556e-01 -0.000000e+00 9.039891e-01
 outer loop
  vertex -8.1122940e-01 -2.6000000e-01 -3.2782070e-01
  vertex -8.1122940e-01 -7.0000000e-02 -3.2782070e-01
  vertex -8.2542346e-01 -7.0000000e-02 -3.2110740e-01
 endloop
endfacet
facet normal 4.275556e-01 0.000000e+00 9.039891e-01
 outer loop
  vertex -8.1122940e-01 -2.6000000e-01 -3.2782070e-01
  vertex -8.2542346e-01 -7.0000000e-02 -3.2110740e-01
  vertex -8.2542346e-01 -2.6000000e-01 -3.2110740e-01
 endloop
endfacet
facet normal 5.141024e-01 0.000000e+00 8.577288e-01
 outer loop
  vertex -8.2542346e-01 -7.0000000e-02 -3.2110740e-01
  vertex -8.3889124e-01 -7.0000000e-02 -3.1303513e-01
  vertex -8.2542346e-01 -2.6000000e-01 -3.2110740e-01
 endloop
endfacet
facet normal 5.141024e-01 0.000000e+00 8.577288e-01
 outer loop
  vertex -8.3889124e-01 -7.0000000e-02 -3.1303513e-01
  vertex -8.3889124e-01 -2.6000000e-01 -3.1303513e-01
  vertex -8.2542346e-01 -2.6000000e-01 -3.2110740e-01
 endloop
endfacet
facet normal 5.956999e-01 0.000000e+00 8.032071e-01
 outer loop
  vertex -8.5150290e-01 -7.0000000e-02 -3.0368167e-01
  vertex -8.3889124e-01 -2.6000000e-01 -3.1303513e-01
  vertex -8.3889124e-01 -7.0000000e-02 -3.1303513e-01
 endloop
endfacet
facet normal 5.956999e-01 -0.000000e+00 8.032071e-01
 outer loop
  vertex -8.5150290e-01 -2.6000000e-01 -3.0368167e-01
  vertex -8.3889124e-01 -2.6000000e-01 -3.1303513e-01
  vertex -8.5150290e-01 -7.0000000e-02 -3.0368167e-01
 endloop
endfacet
facet normal 6.715571e-01 -0.000000e+00 7.409528e-01
 outer loop
  vertex -8.5150290e-01 -2.6000000e-01 -3.0368167e-01
  vertex -8.5150290e-01 -7.0000000e-02 -3.0368167e-01
  vertex -8.6313710e-01 -7.0000000e-02 -2.9313710e-01
 endloop
endfacet
facet normal 6.715571e-01 0.000000e+00 7.409528e-01
 outer loop
  vertex -8.5150290e-01 -2.6000000e-01 -3.0368167e-01
  vertex -8.6313710e-01 -7.0000000e-02 -2.9313710e-01
  vertex -8.6313710e-01 -2.6000000e-01 -2.9313710e-01
 endloop
endfacet
facet normal 8.032077e-01 -0.000000e+00 5.956990e-01
 outer loop
  vertex -8.7368164e-01 -2.6000000e-01 -2.8150293e-01
  vertex -8.7368164e-01 -7.0000000e-02 -2.8150293e-01
  vertex -8.8303510e-01 -7.0000000e-02 -2.6889124e-01
 endloop
endfacet
facet normal 8.577284e-01 -0.000000e+00 5.141031e-01
 outer loop
  vertex -8.9110736e-01 -2.6000000e-01 -2.5542350e-01
  vertex -8.8303510e-01 -2.6000000e-01 -2.6889124e-01
  vertex -8.9110736e-01 -7.0000000e-02 -2.5542350e-01
 endloop
endfacet
facet normal 9.415434e-01 0.000000e+00 3.368918e-01
 outer loop
  vertex -9.0311050e-01 -7.0000000e-02 -2.2644556e-01
  vertex -8.9782074e-01 -2.6000000e-01 -2.4122935e-01
  vertex -8.9782074e-01 -7.0000000e-02 -2.4122935e-01
 endloop
endfacet
facet normal 9.700327e-01 0.000000e+00 2.429745e-01
 outer loop
  vertex -9.0692560e-01 -7.0000000e-02 -2.1121445e-01
  vertex -9.0692560e-01 -2.6000000e-01 -2.1121445e-01
  vertex -9.0311050e-01 -2.6000000e-01 -2.2644556e-01
 endloop
endfacet
facet normal 9.987954e-01 0.000000e+00 4.906805e-02
 outer loop
  vertex -9.0922955e-01 -7.0000000e-02 -1.9568275e-01
  vertex -9.1000000e-01 -7.0000000e-02 -1.8000000e-01
  vertex -9.0922955e-01 -2.6000000e-01 -1.9568275e-01
 endloop
endfacet
facet normal 9.987954e-01 0.000000e+00 -4.906805e-02
 outer loop
  vertex -9.1000000e-01 -2.6000000e-01 -1.8000000e-01
  vertex -9.0922955e-01 -7.0000000e-02 -1.6431725e-01
  vertex -9.0922955e-01 -2.6000000e-01 -1.6431725e-01
 endloop
endfacet
facet normal 9.700326e-01 0.000000e+00 -2.429748e-01
 outer loop
  vertex -9.0692560e-01 -2.6000000e-01 -1.4878555e-01
  vertex -9.0692560e-01 -7.0000000e-02 -1.4878555e-01
  vertex -9.0311050e-01 -7.0000000e-02 -1.3355446e-01
 endloop
endfacet
facet normal 9.415435e-01 0.000000e+00 -3.368914e-01
 outer loop
  vertex -8.9782074e-01 -2.6000000e-01 -1.1877065e-01
  vertex -9.0311050e-01 -2.6000000e-01 -1.3355446e-01
  vertex -8.9782074e-01 -7.0000000e-02 -1.1877065e-01
 endloop
endfacet
facet normal 8.577287e-01 0.000000e+00 -5.141027e-01
 outer loop
  vertex -8.8303510e-01 -7.0000000e-02 -9.1108765e-02
  vertex -8.9110736e-01 -2.6000000e-01 -1.0457652e-01
  vertex -8.9110736e-01 -7.0000000e-02 -1.0457652e-01
 endloop
endfacet
facet normal 8.032076e-01 0.000000e+00 -5.956992e-01
 outer loop
  vertex -8.7368164e-01 -7.0000000e-02 -7.8497080e-02
  vertex -8.7368164e-01 -2.6000000e-01 -7.8497080e-02
  vertex -8.8303510e-01 -2.6000000e-01 -9.1108765e-02
 endloop
endfacet
facet normal 6.715576e-01 0.000000e+00 -7.409524e-01
 outer loop
  vertex -8.6313710e-01 -7.0000000e-02 -6.6862915e-02
  vertex -8.5150290e-01 -7.0000000e-02 -5.6318330e-02
  vertex -8.6313710e-01 -2.6000000e-01 -6.6862915e-02
 endloop
endfacet
facet normal 5.957002e-01 0.000000e+00 -8.032068e-01
 outer loop
  vertex -8.5150290e-01 -2.6000000e-01 -5.6318330e-02
  vertex -8.3889124e-01 -7.0000000e-02 -4.6964863e-02
  vertex -8.3889124e-01 -2.6000000e-01 -4.6964863e-02
 endloop
endfacet
facet normal 4.275567e-01 0.000000e+00 -9.039885e-01
 outer loop
  vertex -8.2542346e-01 -2.6000000e-01 -3.8892597e-02
  vertex -8.2542346e-01 -7.0000000e-02 -3.8892597e-02
  vertex -8.1122940e-01 -7.0000000e-02 -3.2179276e-02
 endloop
endfacet
facet normal 3.368892e-01 0.000000e+00 -9.415443e-01
 outer loop
  vertex -8.1122940e-01 -2.6000000e-01 -3.2179276e-02
  vertex -8.1122940e-01 -7.0000000e-02 -3.2179276e-02
  vertex -7.9644556e-01 -7.0000000e-02 -2.6889545e-02
 endloop
endfacet
facet normal 4.906764e-02 0.000000e+00 -9.987955e-01
 outer loop
  vertex -7.6568274e-01 -7.0000000e-02 -2.0770443e-02
  vertex -7.5000000e-01 -7.0000000e-02 -2.0000000e-02
  vertex -7.6568274e-01 -2.6000000e-01 -2.0770443e-02
 endloop
endfacet
facet normal 2.429807e-01 0.000000e+00 -9.700311e-01
 outer loop
  vertex -7.8121450e-01 -7.0000000e-02 -2.3074354e-02
  vertex -7.8121450e-01 -2.6000000e-01 -2.3074354e-02
  vertex -7.9644556e-01 -2.6000000e-01 -2.6889545e-02
 endloop
endfacet
facet normal 0.000000e+00 0.000000e+00 1.000000e+00
 outer loop
  vertex -7.5000000e-01 -2.6000000e-01 -3.4000000e-01
  vertex 7.5000000e-01 -2.6000000e-01 -3.4000000e-01
  vertex -7.5000000e-01 -7.0000000e-02 -3.4000000e-01
 endloop
endfacet
facet normal 0.000000e+00 -0.000000e+00 1.000000e+00
 outer loop
  vertex 7.5000000e-01 -2.6000000e-01 -3.4000000e-01
  vertex 7.5000000e-01 -7.0000000e-02 -3.4000000e-01
  vertex -7.5000000e-01 -7.0000000e-02 -3.4000000e-01
 endloop
endfacet
facet normal -4.906808e-02 0.000000e+00 9.987954e-01
 outer loop
  vertex 7.5000000e-01 -2.6000000e-01 -3.4000000e-01
  vertex 7.6568274e-01 -2.6000000e-01 -3.3922955e-01
  vertex 7.5000000e-01 -7.0000000e-02 -3.4000000e-01
 endloop
endfacet
facet normal -1.467287e-01 0.000000e+00 9.891768e-01
 outer loop
  vertex 7.6568274e-01 -2.6000000e-01 -3.3922955e-01
  vertex 7.8121450e-01 -2.6000000e-01 -3.3692566e-01
  vertex 7.6568274e-01 -7.0000000e-02 -3.3922955e-01
 endloop
endfacet
facet normal -1.467287e-01 0.000000e+00 9.891768e-01
 outer loop
  vertex 7.8121450e-01 -2.6000000e-01 -3.3692566e-01
  vertex 7.8121450e-01 -7.0000000e-02 -3.3692566e-01
  vertex 7.6568274e-01 -7.0000000e-02 -3.3922955e-01
 endloop
endfacet
facet normal -2.429825e-01 0.000000e+00 9.700307e-01
 outer loop
  vertex 7.9644556e-01 -2.6000000e-01 -3.3311044e-01
  vertex 7.9644556e-01 -7.0000000e-02 -3.3311044e-01
  vertex 7.8121450e-01 -7.0000000e-02 -3.3692566e-01
 endloop
endfacet
facet normal -3.368897e-01 0.000000e+00 9.415441e-01
 outer loop
  vertex 8.1122940e-01 -2.6000000e-01 -3.2782070e-01
  vertex 7.9644556e-01 -7.0000000e-02 -3.3311044e-01
  vertex 7.9644556e-01 -2.6000000e-01 -3.3311044e-01
 endloop
endfacet
facet normal -4.275556e-01 0.000000e+00 9.039891e-01
 outer loop
  vertex 8.2542346e-01 -2.6000000e-01 -3.2110740e-01
  vertex 8.1122940e-01 -7.0000000e-02 -3.2782070e-01
  vertex 8.1122940e-01 -2.6000000e-01 -3.2782070e-01
 endloop
endfacet
facet normal -5.141024e-01 0.000000e+00 8.577288e-01
 outer loop
  vertex 8.3889124e-01 -2.6000000e-01 -3.1303513e-01
  vertex 8.2542346e-01 -7.0000000e-02 -3.2110740e-01
  vertex 8.2542346e-01 -2.6000000e-01 -3.2110740e-01
 endloop
endfacet
facet normal -5.141024e-01 0.000000e+00 8.577288e-01
 outer loop
  vertex 8.3889124e-01 -7.0000000e-02 -3.1303513e-01
  vertex 8.2542346e-01 -7.0000000e-02 -3.2110740e-01
  vertex 8.3889124e-01 -2.6000000e-01 -3.1303513e-01
 endloop
endfacet
facet normal -5.956999e-01 0.000000e+00 8.032071e-01
 outer loop
  vertex 8.5150290e-01 -7.0000000e-02 -3.0368167e-01
  vertex 8.3889124e-01 -7.0000000e-02 -3.1303513e-01
  vertex 8.5150290e-01 -2.6000000e-01 -3.0368167e-01
 endloop
endfacet
facet normal -6.715571e-01 0.000000e+00 7.409528e-01
 outer loop
  vertex 8.5150290e-01 -7.0000000e-02 -3.0368167e-01
  vertex 8.5150290e-01 -2.6000000e-01 -3.0368167e-01
  vertex 8.6313710e-01 -2.6000000e-01 -2.9313710e-01
 endloop
endfacet
facet normal -7.409529e-01 0.000000e+00 6.715570e-01
 outer loop
  vertex 8.6313710e-01 -7.0000000e-02 -2.9313710e-01
  vertex 8.6313710e-01 -2.6000000e-01 -2.9313710e-01
  vertex 8.7368164e-01 -2.6000000e-01 -2.8150293e-01
 endloop
endfacet
facet normal -7.409529e-01 0.000000e+00 6.715570e-01
 outer loop
  vertex 8.6313710e-01 -7.0000000e-02 -2.9313710e-01
  vertex 8.7368164e-01 -2.6000000e-01 -2.8150293e-01
  vertex 8.7368164e-01 -7.0000000e-02 -2.8150293e-01
 endloop
endfacet
facet normal -8.032077e-01 0.000000e+00 5.956990e-01
 outer loop
  vertex 8.7368164e-01 -7.0000000e-02 -2.8150293e-01
  vertex 8.8303510e-01 -2.6000000e-01 -2.6889124e-01
  vertex 8.8303510e-01 -7.0000000e-02 -2.6889124e-01
 endloop
endfacet
facet normal -8.577284e-01 0.000000e+00 5.141031e-01
 outer loop
  vertex 8.8303510e-01 -2.6000000e-01 -2.6889124e-01
  vertex 8.9110736e-01 -2.6000000e-01 -2.5542350e-01
  vertex 8.8303510e-01 -7.0000000e-02 -2.6889124e-01
 endloop
endfacet
facet normal -9.039881e-01 0.000000e+00 4.275575e-01
 outer loop
  vertex 8.9110736e-01 -2.6000000e-01 -2.5542350e-01
  vertex 8.9782074e-01 -2.6000000e-01 -2.4122935e-01
  vertex 8.9110736e-01 -7.0000000e-02 -2.5542350e-01
 endloop
endfacet
facet normal -9.039881e-01 0.000000e+00 4.275575e-01
 outer loop
  vertex 8.9782074e-01 -2.6000000e-01 -2.4122935e-01
  vertex 8.9782074e-01 -7.0000000e-02 -2.4122935e-01
  vertex 8.9110736e-01 -7.0000000e-02 -2.5542350e-01
 endloop
endfacet
facet normal -9.415434e-01 0.000000e+00 3.368918e-01
 outer loop
  vertex 9.0311050e-01 -2.6000000e-01 -2.2644556e-01
  vertex 9.0311050e-01 -7.0000000e-02 -2.2644556e-01
  vertex 8.9782074e-01 -7.0000000e-02 -2.4122935e-01
 endloop
endfacet
facet normal -9.700327e-01 0.000000e+00 2.429745e-01
 outer loop
  vertex 9.0692560e-01 -2.6000000e-01 -2.1121445e-01
  vertex 9.0311050e-01 -7.0000000e-02 -2.2644556e-01
  vertex 9.0311050e-01 -2.6000000e-01 -2.2644556e-01
 endloop
endfacet
facet normal -9.891761e-01 0.000000e+00 1.467330e-01
 outer loop
  vertex 9.0922955e-01 -2.6000000e-01 -1.9568275e-01
  vertex 9.0692560e-01 -7.0000000e-02 -2.1121445e-01
  vertex 9.0692560e-01 -2.6000000e-01 -2.1121445e-01
 endloop
endfacet
facet normal -9.891761e-01 0.000000e+00 1.467330e-01
 outer loop
  vertex 9.0922955e-01 -7.0000000e-02 -1.9568275e-01
  vertex 9.0692560e-01 -7.0000000e-02 -2.1121445e-01
  vertex 9.0922955e-01 -2.6000000e-01 -1.9568275e-01
 endloop
endfacet
facet normal -9.987954e-01 0.000000e+00 4.906805e-02
 outer loop
  vertex 9.1000000e-01 -7.0000000e-02 -1.8000000e-01
  vertex 9.0922955e-01 -7.0000000e-02 -1.9568275e-01
  vertex 9.1000000e-01 -2.6000000e-01 -1.8000000e-01
 endloop
endfacet
facet normal -9.987954e-01 -0.000000e+00 -4.906805e-02
 outer loop
  vertex 9.1000000e-01 -7.0000000e-02 -1.8000000e-01
  vertex 9.1000000e-01 -2.6000000e-01 -1.8000000e-01
  vertex 9.0922955e-01 -2.6000000e-01 -1.6431725e-01
 endloop
endfacet
facet normal -9.891761e-01 -0.000000e+00 -1.467330e-01
 outer loop
  vertex 9.0922955e-01 -7.0000000e-02 -1.6431725e-01
  vertex 9.0922955e-01 -2.6000000e-01 -1.6431725e-01
  vertex 9.0692560e-01 -2.6000000e-01 -1.4878555e-01
 endloop
endfacet
facet normal -9.891761e-01 0.000000e+00 -1.467330e-01
 outer loop
  vertex 9.0922955e-01 -7.0000000e-02 -1.6431725e-01
  vertex 9.0692560e-01 -2.6000000e-01 -1.4878555e-01
  vertex 9.0692560e-01 -7.0000000e-02 -1.4878555e-01
 endloop
endfacet
facet normal -9.700326e-01 0.000000e+00 -2.429748e-01
 outer loop
  vertex 9.0692560e-01 -7.0000000e-02 -1.4878555e-01
  vertex 9.0311050e-01 -2.6000000e-01 -1.3355446e-01
  vertex 9.0311050e-01 -7.0000000e-02 -1.3355446e-01
 endloop
endfacet
facet normal -9.415435e-01 0.000000e+00 -3.368914e-01
 outer loop
  vertex 9.0311050e-01 -2.6000000e-01 -1.3355446e-01
  vertex 8.9782074e-01 -2.6000000e-01 -1.1877065e-01
  vertex 9.0311050e-01 -7.0000000e-02 -1.3355446e-01
 endloop
endfacet
facet normal -9.039879e-01 0.000000e+00 -4.275580e-01
 outer loop
  vertex 8.9782074e-01 -2.6000000e-01 -1.1877065e-01
  vertex 8.9110736e-01 -2.6000000e-01 -1.0457652e-01
  vertex 8.9782074e-01 -7.0000000e-02 -1.1877065e-01
 endloop
endfacet
facet normal -9.039879e-01 0.000000e+00 -4.275580e-01
 outer loop
  vertex 8.9110736e-01 -2.6000000e-01 -1.0457652e-01
  vertex 8.9110736e-01 -7.0000000e-02 -1.0457652e-01
  vertex 8.9782074e-01 -7.0000000e-02 -1.1877065e-01
 endloop
endfacet
facet normal -8.577287e-01 0.000000e+00 -5.141027e-01
 outer loop
  vertex 8.8303510e-01 -2.6000000e-01 -9.1108765e-02
  vertex 8.8303510e-01 -7.0000000e-02 -9.1108765e-02
  vertex 8.9110736e-01 -7.0000000e-02 -1.0457652e-01
 endloop
endfacet
facet normal -8.032076e-01 0.000000e+00 -5.956992e-01
 outer loop
  vertex 8.7368164e-01 -2.6000000e-01 -7.8497080e-02
  vertex 8.8303510e-01 -7.0000000e-02 -9.1108765e-02
  vertex 8.8303510e-01 -2.6000000e-01 -9.1108765e-02
 endloop
endfacet
facet normal -7.409528e-01 0.000000e+00 -6.715571e-01
 outer loop
  vertex 8.6313710e-01 -2.6000000e-01 -6.6862915e-02
  vertex 8.7368164e-01 -7.0000000e-02 -7.8497080e-02
  vertex 8.7368164e-01 -2.6000000e-01 -7.8497080e-02
 endloop
endfacet
facet normal -7.409528e-01 -0.000000e+00 -6.715571e-01
 outer loop
  vertex 8.6313710e-01 -7.0000000e-02 -6.6862915e-02
  vertex 8.7368164e-01 -7.0000000e-02 -7.8497080e-02
  vertex 8.6313710e-01 -2.6000000e-01 -6.6862915e-02
 endloop
endfacet
facet normal -4.906764e-02 0.000000e+00 -9.987955e-01
 outer loop
  vertex 7.6568274e-01 -7.0000000e-02 -2.0770443e-02
  vertex 7.5000000e-01 -2.6000000e-01 -2.0000000e-02
  vertex 7.5000000e-01 -7.0000000e-02 -2.0000000e-02
 endloop
endfacet
facet normal -4.906764e-02 0.000000e+00 -9.987955e-01
 outer loop
  vertex 7.6568274e-01 -2.6000000e-01 -2.0770443e-02
  vertex 7.5000000e-01 -2.6000000e-01 -2.0000000e-02
  vertex 7.6568274e-01 -7.0000000e-02 -2.0770443e-02
 endloop
endfacet
facet normal -1.467300e-01 0.000000e+00 -9.891766e-01
 outer loop
  vertex 7.6568274e-01 -2.6000000e-01 -2.0770443e-02
  vertex 7.6568274e-01 -7.0000000e-02 -2.0770443e-02
  vertex 7.8121450e-01 -7.0000000e-02 -2.3074354e-02
 endloop
endfacet
facet normal -1.467300e-01 0.000000e+00 -9.891766e-01
 outer loop
  vertex 7.6568274e-01 -2.6000000e-01 -2.0770443e-02
  vertex 7.8121450e-01 -7.0000000e-02 -2.3074354e-02
  vertex 7.8121450e-01 -2.6000000e-01 -2.3074354e-02
 endloop
endfacet
facet normal -2.429807e-01 -0.000000e+00 -9.700311e-01
 outer loop
  vertex 7.8121450e-01 -7.0000000e-02 -2.3074354e-02
  vertex 7.9644556e-01 -7.0000000e-02 -2.6889545e-02
  vertex 7.8121450e-01 -2.6000000e-01 -2.3074354e-02
 endloop
endfacet
facet normal -2.429807e-01 -0.000000e+00 -9.700311e-01
 outer loop
  vertex 7.9644556e-01 -7.0000000e-02 -2.6889545e-02
  vertex 7.9644556e-01 -2.6000000e-01 -2.6889545e-02
  vertex 7.8121450e-01 -2.6000000e-01 -2.3074354e-02
 endloop
endfacet
facet normal -3.368892e-01 0.000000e+00 -9.415443e-01
 outer loop
  vertex 8.1122940e-01 -7.0000000e-02 -3.2179276e-02
  vertex 7.9644556e-01 -2.6000000e-01 -2.6889545e-02
  vertex 7.9644556e-01 -7.0000000e-02 -2.6889545e-02
 endloop
endfacet
facet normal -3.368892e-01 0.000000e+00 -9.415443e-01
 outer loop
  vertex 8.1122940e-01 -2.6000000e-01 -3.2179276e-02
  vertex 7.9644556e-01 -2.6000000e-01 -2.6889545e-02
  vertex 8.1122940e-01 -7.0000000e-02 -3.2179276e-02
 endloop
endfacet
facet normal -4.275567e-01 0.000000e+00 -9.039885e-01
 outer loop
  vertex 8.1122940e-01 -2.6000000e-01 -3.2179276e-02
  vertex 8.1122940e-01 -7.0000000e-02 -3.2179276e-02
  vertex 8.2542346e-01 -7.0000000e-02 -3.8892597e-02
 endloop
endfacet
facet normal -4.275567e-01 0.000000e+00 -9.039885e-01
 outer loop
  vertex 8.1122940e-01 -2.6000000e-01 -3.2179276e-02
  vertex 8.2542346e-01 -7.0000000e-02 -3.8892597e-02
  vertex 8.2542346e-01 -2.6000000e-01 -3.8892597e-02
 endloop
endfacet
facet normal -5.141022e-01 -0.000000e+00 -8.577289e-01
 outer loop
  vertex 8.2542346e-01 -7.0000000e-02 -3.8892597e-02
  vertex 8.3889124e-01 -7.0000000e-02 -4.6964863e-02
  vertex 8.2542346e-01 -2.6000000e-01 -3.8892597e-02
 endloop
endfacet
facet normal -5.141022e-01 -0.000000e+00 -8.577289e-01
 outer loop
  vertex 8.3889124e-01 -7.0000000e-02 -4.6964863e-02
  vertex 8.3889124e-01 -2.6000000e-01 -4.6964863e-02
  vertex 8.2542346e-01 -2.6000000e-01 -3.8892597e-02
 endloop
endfacet
facet normal -5.957002e-01 0.000000e+00 -8.032068e-01
 outer loop
  vertex 8.5150290e-01 -7.0000000e-02 -5.6318330e-02
  vertex 8.3889124e-01 -2.6000000e-01 -4.6964863e-02
  vertex 8.3889124e-01 -7.0000000e-02 -4.6964863e-02
 endloop
endfacet
facet normal -5.957002e-01 0.000000e+00 -8.032068e-01
 outer loop
  vertex 8.5150290e-01 -2.6000000e-01 -5.6318330e-02
  vertex 8.3889124e-01 -2.6000000e-01 -4.6964863e-02
  vertex 8.5150290e-01 -7.0000000e-02 -5.6318330e-02
 endloop
endfacet
facet normal -6.715576e-01 0.000000e+00 -7.409524e-01
 outer loop
  vertex 8.5150290e-01 -2.6000000e-01 -5.6318330e-02
  vertex 8.5150290e-01 -7.0000000e-02 -5.6318330e-02
  vertex 8.6313710e-01 -7.0000000e-02 -6.6862915e-02
 endloop
endfacet
facet normal -6.715576e-01 0.000000e+00 -7.409524e-01
 outer loop
  vertex 8.5150290e-01 -2.6000000e-01 -5.6318330e-02
  vertex 8.6313710e-01 -7.0000000e-02 -6.6862915e-02
  vertex 8.6313710e-01 -2.6000000e-01 -6.6862915e-02
 endloop
endfacet
facet normal -8.032076e-01 0.000000e+00 -5.956992e-01
 outer loop
  vertex 8.7368164e-01 -2.6000000e-01 -7.8497080e-02
  vertex 8.7368164e-01 -7.0000000e-02 -7.8497080e-02
  vertex 8.8303510e-01 -7.0000000e-02 -9.1108765e-02
 endloop
endfacet
facet normal -8.577287e-01 0.000000e+00 -5.141027e-01
 outer loop
  vertex 8.9110736e-01 -2.6000000e-01 -1.0457652e-01
  vertex 8.8303510e-01 -2.6000000e-01 -9.1108765e-02
  vertex 8.9110736e-01 -7.0000000e-02 -1.0457652e-01
 endloop
endfacet
facet normal -9.415435e-01 0.000000e+00 -3.368914e-01
 outer loop
  vertex 9.0311050e-01 -7.0000000e-02 -1.3355446e-01
  vertex 8.9782074e-01 -2.6000000e-01 -1.1877065e-01
  vertex 8.9782074e-01 -7.0000000e-02 -1.1877065e-01
 endloop
endfacet
facet normal -9.700326e-01 -0.000000e+00 -2.429748e-01
 outer loop
  vertex 9.0692560e-01 -7.0000000e-02 -1.4878555e-01
  vertex 9.0692560e-01 -2.6000000e-01 -1.4878555e-01
  vertex 9.0311050e-01 -2.6000000e-01 -1.3355446e-01
 endloop
endfacet
facet normal -9.987954e-01 -0.000000e+00 -4.906805e-02
 outer loop
  vertex 9.0922955e-01 -7.0000000e-02 -1.6431725e-01
  vertex 9.1000000e-01 -7.0000000e-02 -1.8000000e-01
  vertex 9.0922955e-01 -2.6000000e-01 -1.6431725e-01
 endloop
endfacet
facet normal -9.987954e-01 0.000000e+00 4.906805e-02
 outer loop
  vertex 9.1000000e-01 -2.6000000e-01 -1.8000000e-01
  vertex 9.0922955e-01 -7.0000000e-02 -1.9568275e-01
  vertex 9.0922955e-01 -2.6000000e-01 -1.9568275e-01
 endloop
endfacet
facet normal -9.700327e-01 0.000000e+00 2.429745e-01
 outer loop
  vertex 9.0692560e-01 -2.6000000e-01 -2.1121445e-01
  vertex 9.0692560e-01 -7.0000000e-02 -2.1121445e-01
  vertex 9.0311050e-01 -7.0000000e-02 -2.2644556e-01
 endloop
endfacet
facet normal -9.415434e-01 0.000000e+00 3.368918e-01
 outer loop
  vertex 8.9782074e-01 -2.6000000e-01 -2.4122935e-01
  vertex 9.0311050e-01 -2.6000000e-01 -2.2644556e-01
  vertex 8.9782074e-01 -7.0000000e-02 -2.4122935e-01
 endloop
endfacet
facet normal -8.577284e-01 0.000000e+00 5.141031e-01
 outer loop
  vertex 8.8303510e-01 -7.0000000e-02 -2.6889124e-01
  vertex 8.9110736e-01 -2.6000000e-01 -2.5542350e-01
  vertex 8.9110736e-01 -7.0000000e-02 -2.5542350e-01
 endloop
endfacet
facet normal -8.032077e-01 0.000000e+00 5.956990e-01
 outer loop
  vertex 8.7368164e-01 -7.0000000e-02 -2.8150293e-01
  vertex 8.7368164e-01 -2.6000000e-01 -2.8150293e-01
  vertex 8.8303510e-01 -2.6000000e-01 -2.6889124e-01
 endloop
endfacet
facet normal -6.715571e-01 0.000000e+00 7.409528e-01
 outer loop
  vertex 8.6313710e-01 -7.0000000e-02 -2.9313710e-01
  vertex 8.5150290e-01 -7.0000000e-02 -3.0368167e-01
  vertex 8.6313710e-01 -2.6000000e-01 -2.9313710e-01
 endloop
endfacet
facet normal -5.956999e-01 0.000000e+00 8.032071e-01
 outer loop
  vertex 8.5150290e-01 -2.6000000e-01 -3.0368167e-01
  vertex 8.3889124e-01 -7.0000000e-02 -3.1303513e-01
  vertex 8.3889124e-01 -2.6000000e-01 -3.1303513e-01
 endloop
endfacet
facet normal -4.275556e-01 0.000000e+00 9.039891e-01
 outer loop
  vertex 8.2542346e-01 -2.6000000e-01 -3.2110740e-01
  vertex 8.2542346e-01 -7.0000000e-02 -3.2110740e-01
  vertex 8.1122940e-01 -7.0000000e-02 -3.2782070e-01
 endloop
endfacet
facet normal -3.368897e-01 0.000000e+00 9.415441e-01
 outer loop
  vertex 8.1122940e-01 -2.6000000e-01 -3.2782070e-01
  vertex 8.1122940e-01 -7.0000000e-02 -3.2782070e-01
  vertex 7.9644556e-01 -7.0000000e-02 -3.3311044e-01
 endloop
endfacet
facet normal -4.906808e-02 0.000000e+00 9.987954e-01
 outer loop
  vertex 7.6568274e-01 -7.0000000e-02 -3.3922955e-01
  vertex 7.5000000e-01 -7.0000000e-02 -3.4000000e-01
  vertex 7.6568274e-01 -2.6000000e-01 -3.3922955e-01
 endloop
endfacet
facet normal -2.429825e-01 0.000000e+00 9.700307e-01
 outer loop
  vertex 7.8121450e-01 -7.0000000e-02 -3.3692566e-01
  vertex 7.8121450e-01 -2.6000000e-01 -3.3692566e-01
  vertex 7.9644556e-01 -2.6000000e-01 -3.3311044e-01
 endloop
endfacet
endsolid rig_belts
